ply
format ascii 1.0
element vertex 4096
property float x
property float y
property float z
property uchar red
property uchar green
property uchar blue
end_header
275.71694946 236.34864807 402.66253662 255 64 64
284.02105713 245.43023682 407.81967163 255 64 64
285.62994385 236.68293762 398.68145752 255 64 64
294.00155640 243.04060364 401.77398682 255 64 64
94.10546112 202.46250916 530.51611328 255 64 64
91.06301880 213.53463745 536.06414795 255 64 64
86.44272614 198.09567261 522.98760986 255 64 64
84.10427094 209.58158875 527.66125488 255 64 64
99.23001862 184.24691772 517.15032959 255 64 64
91.38326263 192.57659912 521.95025635 255 64 64
97.01379395 174.63827515 507.74206543 255 64 64
88.99716187 183.62622070 511.09729004 255 64 64
103.90257263 168.29705811 496.92211914 255 64 64
95.88594055 176.61642456 500.97372437 255 64 64
104.18800354 161.24087524 485.28375244 255 64 64
95.78371429 169.75839233 487.87789917 255 64 64
143.88610840 147.10801697 450.18154907 255 64 64
135.19952393 146.27444458 454.30038452 255 64 64
154.99743652 147.40229797 437.97039795 255 64 64
143.54200745 144.43716431 439.14916992 255 64 64
122.92594910 158.73684692 483.45208740 255 64 64
116.57373810 165.12663269 491.77362061 255 64 64
137.39987183 154.97082520 471.83984375 255 64 64
131.02098083 160.82485962 479.74975586 255 64 64
83.65507507 204.69984436 511.25701904 255 64 64
82.52478027 215.62825012 516.94079590 255 64 64
81.31083679 203.76554871 500.21972656 255 64 64
80.47148132 215.37779236 505.75796509 255 64 64
240.42712402 326.91882324 417.70883179 255 64 64
239.36215210 333.59173584 427.59185791 255 64 64
252.30560303 325.34860229 419.56341553 255 64 64
247.01982117 331.15283203 424.17581177 255 64 64
117.86464691 155.08666992 471.81179810 255 64 64
108.56091309 161.86845398 474.80361938 255 64 64
124.06278229 150.47399902 459.13568115 255 64 64
113.77902222 156.37594604 460.47613525 255 64 64
130.70198059 147.50225830 451.66879272 255 64 64
120.42694092 152.98715210 451.47387695 255 64 64
138.16000366 146.51788330 439.53903198 255 64 64
126.65446472 150.40313721 437.66201782 255 64 64
89.33786774 182.94680786 494.39154053 255 64 64
84.54988861 192.75579834 499.83978271 255 64 64
90.62470245 179.68058777 480.93902588 255 64 64
85.39788055 189.60282898 485.59414673 255 64 64
276.40631104 265.02096558 414.60443115 255 64 64
274.13812256 279.00924683 419.61605835 255 64 64
285.62072754 260.16549683 412.89538574 255 64 64
281.77767944 270.71658325 417.28372192 255 64 64
99.66418457 195.94017029 520.92456055 255 64 64
93.72902679 205.71867371 527.12817383 255 64 64
106.94252014 194.17829895 513.10833740 255 64 64
102.22096252 205.21559143 519.11047363 255 64 64
264.68395996 301.69876099 417.66433716 255 64 64
262.82843018 314.99664307 420.69943237 255 64 64
273.74334717 296.96060181 419.29525757 255 64 64
269.89294434 307.20272827 420.22656250 255 64 64
256.09689331 236.03001404 404.24569702 255 64 64
260.37417603 240.94212341 409.10882568 255 64 64
270.92010498 236.68934631 398.53527832 255 64 64
271.09783936 237.19242859 403.64120483 255 64 64
269.53320312 241.27125549 417.50256348 255 64 64
270.32443237 254.59310913 424.98126221 255 64 64
281.22668457 240.90374756 410.42349243 255 64 64
277.82543945 247.85540771 418.57406616 255 64 64
102.11676788 167.99505615 478.29278564 255 64 64
95.24241638 176.96994019 482.61633301 255 64 64
105.74069214 164.61668396 464.52883911 255 64 64
98.40354919 173.04057312 467.92517090 255 64 64
95.63977814 237.59620667 532.88189697 255 64 64
100.03792572 245.98524475 534.40808105 255 64 64
97.13826752 251.11405945 525.80664062 255 64 64
102.95745850 259.00656128 528.16143799 255 64 64
85.61903381 224.55986023 519.00451660 255 64 64
86.99433899 235.35758972 524.13549805 255 64 64
84.15280914 231.52568054 509.77484131 255 64 64
87.00468445 242.90270996 514.96246338 255 64 64
115.58889008 173.27667236 496.83926392 255 64 64
110.23194885 181.24320984 505.16732788 255 64 64
124.42547607 173.93220520 485.09637451 255 64 64
120.79283905 182.69364929 493.65090942 255 64 64
102.85655975 215.96894836 529.03100586 255 64 64
99.58380890 226.37031555 533.60662842 255 64 64
106.67539978 223.83094788 522.11090088 255 64 64
104.92550659 236.08348083 527.35406494 255 64 64
90.88726044 182.01245117 467.04852295 255 64 64
85.62123871 191.45991516 472.10403442 255 64 64
93.99013519 176.25424194 454.30596924 255 64 64
88.68055725 185.83238220 458.91809082 255 64 64
103.15325928 165.37055969 451.82232666 255 64 64
96.03281403 173.70297241 454.71942139 255 64 64
108.66860962 161.26098633 440.81771851 255 64 64
101.37284088 169.41915894 442.94845581 255 64 64
83.89785767 200.04370117 481.90020752 255 64 64
81.26538849 210.46902466 487.57382202 255 64 64
85.60794067 194.58168030 469.00033569 255 64 64
82.28782654 205.51007080 474.68341064 255 64 64
166.68104553 152.29212952 423.43945312 255 64 64
168.36125183 153.28521729 432.49273682 255 64 64
175.22471619 161.17050171 416.44641113 255 64 64
177.62796021 161.55413818 425.57592773 255 64 64
144.98779297 159.55307007 468.27465820 255 64 64
139.42764282 168.83285522 476.16061401 255 64 64
156.34741211 164.56863403 459.02972412 255 64 64
151.56704712 173.16021729 467.29461670 255 64 64
151.11567688 146.70941162 433.01409912 255 64 64
140.69361877 148.41519165 431.18905640 255 64 64
160.47386169 153.47323608 422.95355225 255 64 64
148.03839111 153.63929749 419.32965088 255 64 64
226.54730225 332.63998413 445.46960449 255 64 64
223.50540161 332.55731201 457.20379639 255 64 64
237.30732727 332.68161011 444.22006226 255 64 64
231.06210327 333.34664917 451.28686523 255 64 64
131.26473999 149.50823975 431.85055542 255 64 64
121.57553864 154.94305420 430.16818237 255 64 64
139.46975708 152.05413818 423.15771484 255 64 64
129.57365417 157.00001526 420.55300903 255 64 64
114.56621552 200.24121094 509.08453369 255 64 64
108.89730072 211.47885132 514.19268799 255 64 64
122.73094177 207.49124146 503.93695068 255 64 64
118.44931030 219.84829712 509.93035889 255 64 64
215.04705811 329.36163330 425.85931396 255 64 64
211.72257996 332.92785645 435.90896606 255 64 64
226.28892517 331.14053345 427.65936279 255 64 64
219.37251282 333.06085205 432.36099243 255 64 64
82.77059174 224.24484253 502.24731445 255 64 64
83.77838898 234.60919189 508.80764771 255 64 64
82.39981842 224.57588196 491.29498291 255 64 64
83.74163818 235.82225037 498.39691162 255 64 64
130.98217773 172.75274658 483.55178833 255 64 64
126.36257935 182.35702515 491.40725708 255 64 64
141.96720886 179.99407959 476.93606567 255 64 64
138.37702942 188.99943542 485.68225098 255 64 64
89.71921539 186.72953796 451.39886475 255 64 64
85.95263672 196.29678345 455.88278198 255 64 64
92.99087524 181.31979370 440.12936401 255 64 64
88.63954926 190.97196960 444.10064697 255 64 64
91.34993744 248.50654602 511.28381348 255 64 64
95.34844971 258.19573975 516.01879883 255 64 64
92.95664215 259.62222290 503.89059448 255 64 64
98.04515839 268.09838867 508.79507446 255 64 64
248.56079102 252.99482727 405.58883667 255 64 64
247.31506348 267.86947632 406.10723877 255 64 64
260.36578369 251.79130554 407.89355469 255 64 64
255.77746582 260.48388672 407.85543823 255 64 64
185.31919861 169.17727661 425.36856079 255 64 64
187.96037292 173.53134155 436.17065430 255 64 64
191.96542358 177.07713318 419.08767700 255 64 64
194.43809509 180.76856995 430.53002930 255 64 64
160.86883545 159.24394226 445.62030029 255 64 64
158.28918457 166.86203003 455.36395264 255 64 64
171.00451660 166.76837158 436.53869629 255 64 64
168.83102417 173.25833130 446.70922852 255 64 64
260.61981201 277.11456299 433.03753662 255 64 64
256.33111572 290.93948364 435.59487915 255 64 64
269.02218628 277.00973511 429.14846802 255 64 64
262.84558105 284.74951172 432.35369873 255 64 64
203.04809570 331.70401001 444.77316284 255 64 64
198.76972961 332.72323608 455.62860107 255 64 64
214.29235840 333.09774780 444.66778564 255 64 64
206.86230469 333.45361328 450.42184448 255 64 64
241.34399414 294.03237915 413.15594482 255 64 64
238.61080933 307.22357178 413.95303345 255 64 64
251.39193726 293.93972778 413.37277222 255 64 64
245.55451965 301.60003662 413.57791138 255 64 64
90.22756195 251.12875366 493.19641113 255 64 64
92.92590332 260.36062622 500.28527832 255 64 64
87.58747101 257.09387207 482.86911011 255 64 64
90.53082275 265.56347656 490.06250000 255 64 64
106.61213684 168.84934998 428.30297852 255 64 64
100.26918030 177.14257812 429.10006714 255 64 64
113.83956909 167.60144043 418.88900757 255 64 64
107.34742737 175.30882263 418.91052246 255 64 64
127.87159729 158.17381287 418.09088135 255 64 64
120.04552460 164.39154053 415.82864380 255 64 64
135.91000366 161.19447327 410.56561279 255 64 64
128.15036011 166.97445679 407.84222412 255 64 64
253.89500427 237.42100525 427.89279175 255 64 64
253.36743164 247.02854919 438.39651489 255 64 64
264.32141113 241.97760010 420.07870483 255 64 64
259.37472534 244.12521362 430.48770142 255 64 64
155.97831726 177.66682434 464.38775635 255 64 64
153.31263733 186.40431213 474.16842651 255 64 64
169.01921082 181.64791870 459.74459839 255 64 64
165.90463257 189.35311890 470.29840088 255 64 64
144.62277222 187.77839661 485.39050293 255 64 64
140.71981812 199.43420410 491.68228149 255 64 64
156.05426025 193.86328125 482.64642334 255 64 64
151.92724609 205.60620117 490.24926758 255 64 64
231.13319397 217.30851746 429.85290527 255 64 64
232.58090210 219.57972717 442.07275391 255 64 64
239.66596985 221.49891663 424.18615723 255 64 64
239.06791687 221.79051208 436.06625366 255 64 64
157.13449097 156.51104736 415.47293091 255 64 64
147.39520264 159.41735840 410.42034912 255 64 64
165.71954346 163.88629150 409.96408081 255 64 64
155.63179016 166.31130981 404.12527466 255 64 64
127.17834473 319.03497314 465.81076050 255 64 64
129.03277588 314.85543823 477.47088623 255 64 64
139.14340210 325.44137573 465.15917969 255 64 64
136.88102722 322.43023682 473.51116943 255 64 64
82.80198669 217.39016724 475.66909790 255 64 64
81.51079559 227.89605713 481.86764526 255 64 64
82.20240021 214.23664856 464.47937012 255 64 64
80.83362579 225.79226685 470.74172974 255 64 64
111.79396820 232.85917664 521.94207764 255 64 64
104.84448242 242.09756470 526.96716309 255 64 64
117.02840424 240.01612854 511.26416016 255 64 64
111.38888550 250.75288391 517.05938721 255 64 64
189.26269531 331.95495605 465.38464355 255 64 64
183.14596558 329.14459229 473.36535645 255 64 64
199.39129639 331.08190918 468.55749512 255 64 64
192.68415833 330.58160400 472.58486938 255 64 64
177.06144714 177.83020020 449.14849854 255 64 64
175.83206177 185.84901428 459.07727051 255 64 64
187.35501099 183.29005432 442.62231445 255 64 64
185.46409607 190.36584473 453.68576050 255 64 64
179.80685425 167.29180908 412.67910767 255 64 64
184.97378540 167.01739502 418.26742554 255 64 64
182.79812622 177.46014404 405.75573730 255 64 64
189.68881226 176.52128601 412.36984253 255 64 64
157.85601807 329.84887695 469.01229858 255 64 64
152.80180359 324.91961670 477.38284302 255 64 64
168.89549255 329.87066650 473.76980591 255 64 64
162.85688782 327.97729492 478.26214600 255 64 64
99.67694092 276.03048706 498.37915039 255 64 64
104.69577026 279.13037109 505.61938477 255 64 64
105.21450806 288.16357422 488.91534424 255 64 64
110.17562866 287.99938965 495.37265015 255 64 64
217.63250732 309.25460815 413.81707764 255 64 64
213.82347107 319.33367920 419.43917847 255 64 64
228.46862793 311.85748291 413.58923340 255 64 64
221.16871643 316.37103271 416.31301880 255 64 64
91.68431091 271.00921631 471.38287354 255 64 64
95.06541443 278.58810425 479.95922852 255 64 64
92.65671539 280.41531372 459.96011353 255 64 64
94.86831665 285.73358154 468.71719360 255 64 64
237.66557312 236.20716858 413.33752441 255 64 64
238.40344238 237.69952393 418.56869507 255 64 64
249.23983765 236.83178711 409.64691162 255 64 64
246.72320557 236.42440796 414.62435913 255 64 64
176.52630615 328.91687012 448.59078979 255 64 64
171.45901489 329.67910767 458.72317505 255 64 64
186.52244568 330.69012451 449.90567017 255 64 64
179.27153015 330.84506226 455.16445923 255 64 64
242.85180664 300.97332764 437.44384766 255 64 64
237.51446533 313.14312744 441.13067627 255 64 64
251.48162842 302.78161621 433.73364258 255 64 64
244.38269043 308.53411865 437.01394653 255 64 64
152.34979248 327.36657715 444.94705200 255 64 64
148.56143188 328.20532227 456.89248657 255 64 64
163.40364075 330.08221436 445.44622803 255 64 64
156.50260925 329.90252686 452.30535889 255 64 64
189.98362732 196.47583008 459.73117065 255 64 64
188.12211609 204.30952454 469.44869995 255 64 64
199.55958557 201.54803467 453.99856567 255 64 64
196.46542358 208.39950562 465.16433716 255 64 64
195.08343506 185.92376709 402.55471802 255 64 64
192.36563110 185.91520691 402.54785156 255 64 64
195.31829834 185.91819763 402.57409668 255 64 64
195.05334473 185.92539978 402.54415894 255 64 64
210.37551880 210.67747498 395.68841553 255 64 64
208.17401123 210.67204285 395.67990112 255 64 64
210.49734497 210.71249390 395.71533203 255 64 64
210.50810242 210.71263123 395.67349243 255 64 64
187.00407410 176.91696167 403.57455444 255 64 64
184.06452942 176.90153503 403.57000732 255 64 64
187.28422546 176.90834045 403.57647705 255 64 64
186.94346619 176.91229248 403.54949951 255 64 64
206.48587036 197.54541016 402.38491821 255 64 64
204.23657227 197.53067017 402.39285278 255 64 64
206.62518311 197.56451416 402.38897705 255 64 64
206.57601929 197.55853271 402.36468506 255 64 64
187.48928833 187.94444275 395.82888794 255 64 64
184.59915161 187.93927002 395.79931641 255 64 64
187.78648376 187.95570374 395.84936523 255 64 64
187.51904297 187.96334839 395.80334473 255 64 64
217.07008362 252.27359009 387.29678345 255 64 64
213.57553101 252.28134155 387.25970459 255 64 64
217.35467529 252.26718140 387.36340332 255 64 64
217.20835876 252.30128479 387.30444336 255 64 64
171.50625610 167.11889648 404.15621948 255 64 64
167.54867554 167.09475708 404.12823486 255 64 64
172.03042603 167.07608032 404.20108032 255 64 64
171.35734558 167.08407593 404.15856934 255 64 64
201.84535217 210.68768311 388.74145508 255 64 64
198.96154785 210.67996216 388.70971680 255 64 64
202.05874634 210.70739746 388.76229858 255 64 64
201.89619446 210.71090698 388.70272827 255 64 64
199.57298279 220.92495728 378.74047852 255 64 64
196.50242615 220.90791321 378.72033691 255 64 64
199.85156250 220.91329956 378.77725220 255 64 64
199.65847778 220.91320801 378.72659302 255 64 64
188.01809692 200.52813721 388.50155640 255 64 64
185.08061218 200.52122498 388.46749878 255 64 64
188.31788635 200.52279663 388.52447510 255 64 64
188.07600403 200.53239441 388.47048950 255 64 64
175.31367493 176.17784119 397.84854126 255 64 64
171.76893616 176.15270996 397.81521606 255 64 64
175.74414062 176.16696167 397.86465454 255 64 64
175.25180054 176.16885376 397.81939697 255 64 64
211.92292786 268.36550903 387.51535034 255 64 64
207.54295349 268.39617920 387.43963623 255 64 64
212.29898071 268.29757690 387.58923340 255 64 64
211.84243774 268.36886597 387.50354004 255 64 64
157.16860962 162.40232849 404.55096436 255 64 64
153.21598816 162.38476562 404.52951050 255 64 64
157.72160339 162.34103394 404.59082031 255 64 64
157.00863647 162.35919189 404.55090332 255 64 64
201.88850403 245.66780090 377.37667847 255 64 64
198.34916687 245.65939331 377.33984375 255 64 64
202.23020935 245.63465881 377.44268799 255 64 64
201.99194336 245.65217590 377.37884521 255 64 64
198.18885803 201.47955322 393.72662354 255 64 64
195.35833740 201.46994019 393.70886230 255 64 64
198.41722107 201.49386597 393.73553467 255 64 64
198.22529602 201.49685669 393.69216919 255 64 64
177.75971985 186.24781799 391.76199341 255 64 64
174.22236633 186.21940613 391.71633911 255 64 64
178.17938232 186.25117493 391.75845337 255 64 64
177.74893188 186.24597168 391.70343018 255 64 64
161.30763245 172.27851868 396.55572510 255 64 64
157.55047607 172.25038147 396.52563477 255 64 64
161.79426575 172.24966431 396.55142212 255 64 64
161.24436951 172.25454712 396.51187134 255 64 64
201.21070862 261.54653931 378.64379883 255 64 64
196.84332275 261.55108643 378.56665039 255 64 64
201.64518738 261.49328613 378.71334839 255 64 64
201.19618225 261.53265381 378.62573242 255 64 64
194.02920532 232.82592773 372.75677490 255 64 64
190.43991089 232.80908203 372.70565796 255 64 64
194.39999390 232.82073975 372.80285645 255 64 64
194.14205933 232.82148743 372.73388672 255 64 64
207.06724548 279.58334351 389.50469971 255 64 64
202.37757874 279.60623169 389.43057251 255 64 64
207.49093628 279.50976562 389.58834839 255 64 64
206.95965576 279.57879639 389.50524902 255 64 64
182.84359741 230.71920776 372.98977661 255 64 64
178.75743103 230.69953918 372.94604492 255 64 64
183.28602600 230.67660522 373.01422119 255 64 64
182.79110718 230.68511963 372.95425415 255 64 64
204.65505981 231.07485962 373.48242188 255 64 64
201.60540771 231.06886292 373.45416260 255 64 64
204.92358398 231.12294006 373.58422852 255 64 64
204.95230103 231.11306763 373.52117920 255 64 64
189.34809875 247.78295898 370.86904907 255 64 64
185.16658020 247.77308655 370.80828857 255 64 64
189.81469727 247.73628235 370.91558838 255 64 64
189.37460327 247.75022888 370.84143066 255 64 64
163.98986816 192.53112793 384.20898438 255 64 64
159.94850159 192.51013184 384.15093994 255 64 64
164.53558350 192.50585938 384.20925903 255 64 64
163.95083618 192.51550293 384.15087891 255 64 64
168.20643616 182.67062378 390.90670776 255 64 64
164.38562012 182.63165283 390.85327148 255 64 64
168.67866516 182.66099548 390.88919067 255 64 64
168.15640259 182.65176392 390.83337402 255 64 64
140.89404297 160.76159668 406.81433105 255 64 64
136.83692932 160.76913452 406.76296997 255 64 64
141.49165344 160.69607544 406.84741211 255 64 64
140.70748901 160.73522949 406.78771973 255 64 64
187.81365967 218.50808716 378.43670654 255 64 64
184.26832581 218.48728943 378.41668701 255 64 64
188.20133972 218.46697998 378.46466064 255 64 64
187.84446716 218.47090149 378.41845703 255 64 64
194.10145569 277.86053467 379.64913940 255 64 64
189.34756470 277.87255859 379.57379150 255 64 64
194.62951660 277.78421021 379.73483276 255 64 64
194.12414551 277.83502197 379.64660645 255 64 64
178.59904480 241.19691467 368.47436523 255 64 64
173.99682617 241.18649292 368.43328857 255 64 64
179.15034485 241.12699890 368.49353027 255 64 64
178.49079895 241.14544678 368.43338013 255 64 64
175.13235474 203.36705017 382.39541626 255 64 64
171.25173950 203.34364319 382.34188843 255 64 64
175.59037781 203.34947205 382.38903809 255 64 64
175.09291077 203.35185242 382.32705688 255 64 64
152.30104065 177.08410645 392.73095703 255 64 64
148.38746643 177.07167053 392.67770386 255 64 64
152.83708191 177.06222534 392.73199463 255 64 64
152.23367310 177.07772827 392.67599487 255 64 64
153.34773254 187.90742493 385.37768555 255 64 64
149.11921692 187.88595581 385.31524658 255 64 64
153.93554688 187.87643433 385.35516357 255 64 64
153.28593445 187.88665771 385.29867554 255 64 64
213.01861572 237.66583252 399.87405396 255 64 64
210.51110840 237.65232849 399.87677002 255 64 64
213.18765259 237.66200256 399.92935181 255 64 64
213.14939880 237.67239380 399.90295410 255 64 64
186.28521729 270.40011597 372.96936035 255 64 64
181.20591736 270.38458252 372.92312622 255 64 64
186.88270569 270.30642700 372.99023438 255 64 64
186.18803406 270.32650757 372.92160034 255 64 64
203.06762695 223.26704407 400.60659790 255 64 64
200.59660339 223.25331116 400.60668945 255 64 64
203.24438477 223.26284790 400.65542603 255 64 64
203.14848328 223.26730347 400.62725830 255 64 64
171.68859863 248.37760925 365.91705322 255 64 64
166.83250427 248.35760498 365.86737061 255 64 64
172.28744507 248.30113220 365.91403198 255 64 64
171.59489441 248.30735779 365.85125732 255 64 64
171.10646057 217.20471191 375.84671021 255 64 64
166.95768738 217.18559265 375.81250000 255 64 64
171.60772705 217.14927673 375.83602905 255 64 64
171.04246521 217.15946960 375.78643799 255 64 64
175.21479797 226.54289246 444.97998047 255 64 64
171.78303528 226.54943848 444.97354126 255 64 64
175.67955017 226.49305725 444.95767212 255 64 64
175.20463562 226.53419495 444.94860840 255 64 64
139.52560425 170.51544189 398.53665161 255 64 64
135.32580566 170.51126099 398.48089600 255 64 64
140.18186951 170.46508789 398.55740356 255 64 64
139.46501160 170.49258423 398.50036621 255 64 64
203.10017395 233.78924561 389.33532715 255 64 64
200.23658752 233.76744080 389.32345581 255 64 64
203.34332275 233.77259827 389.37564087 255 64 64
203.22987366 233.77516174 389.33270264 255 64 64
191.77194214 292.28594971 384.06445312 255 64 64
186.30848694 292.26980591 384.03369141 255 64 64
192.37062073 292.20611572 384.11294556 255 64 64
191.63546753 292.24536133 384.05145264 255 64 64
170.88696289 284.89807129 373.92681885 255 64 64
165.42158508 284.88739014 373.89147949 255 64 64
171.62944031 284.79345703 373.98669434 255 64 64
170.79832458 284.81954956 373.92468262 255 64 64
171.52093506 261.93783569 366.78759766 255 64 64
166.45358276 261.91961670 366.73666382 255 64 64
172.14849854 261.85659790 366.77764893 255 64 64
171.41020203 261.86941528 366.70898438 255 64 64
208.87893677 225.41683960 411.82788086 255 64 64
206.53981018 225.39581299 411.83096313 255 64 64
209.00672913 225.40167236 411.87371826 255 64 64
208.95516968 225.40257263 411.85391235 255 64 64
126.24192810 168.68643188 404.70278931 255 64 64
122.27629089 168.68850708 404.66674805 255 64 64
126.85491943 168.62362671 404.69448853 255 64 64
126.16165161 168.65480042 404.64892578 255 64 64
167.02223206 236.32870483 368.70632935 255 64 64
162.47161865 236.29296875 368.68640137 255 64 64
167.59497070 236.26037598 368.68554688 255 64 64
166.93304443 236.25779724 368.64697266 255 64 64
163.04762268 225.53547668 445.88803101 255 64 64
160.04492188 225.54800415 445.90759277 255 64 64
163.47631836 225.50230408 445.88784790 255 64 64
163.04476929 225.54301453 445.89749146 255 64 64
157.48532104 213.19667053 376.40112305 255 64 64
153.05952454 213.18270874 376.34875488 255 64 64
158.06860352 213.15203857 376.37060547 255 64 64
157.40559387 213.16618347 376.31433105 255 64 64
201.41836548 289.82693481 392.20465088 255 64 64
196.69473267 289.81817627 392.14889526 255 64 64
201.84375000 289.75006104 392.30291748 255 64 64
201.30670166 289.80841064 392.22537231 255 64 64
204.37037659 213.64703369 415.94454956 255 64 64
201.99557495 213.62899780 415.94601440 255 64 64
204.53845215 213.61509705 416.00357056 255 64 64
204.42343140 213.61805725 415.98071289 255 64 64
159.05300903 244.46366882 365.61315918 255 64 64
154.04057312 244.42835999 365.58493042 255 64 64
159.72598267 244.39981079 365.59802246 255 64 64
158.96629333 244.39212036 365.56250000 255 64 64
128.32191467 181.62402344 394.13607788 255 64 64
124.37380981 181.62332153 394.10620117 255 64 64
128.90412903 181.58026123 394.06835938 255 64 64
128.27680969 181.60801697 394.02975464 255 64 64
168.06674194 237.33398438 447.00497437 255 64 64
164.80267334 237.31884766 447.03076172 255 64 64
168.51422119 237.31047058 446.96994019 255 64 64
168.05691528 237.33451843 446.98468018 255 64 64
115.69913483 174.74151611 407.17236328 255 64 64
112.21889496 174.75650024 407.15136719 255 64 64
116.17678070 174.71255493 407.10720825 255 64 64
115.60762024 174.74812317 407.06478882 255 64 64
162.79801941 273.73352051 367.03619385 255 64 64
157.00170898 273.72821045 367.02099609 255 64 64
163.61141968 273.64279175 367.01461792 255 64 64
162.58810425 273.65557861 366.96618652 255 64 64
145.67202759 214.37658691 375.24603271 255 64 64
140.99453735 214.35191345 375.18869019 255 64 64
146.33010864 214.34381104 375.18679810 255 64 64
145.59463501 214.34574890 375.13793945 255 64 64
153.47206116 232.34346008 436.08929443 255 64 64
149.96974182 232.33868408 436.10510254 255 64 64
154.03582764 232.35009766 436.04901123 255 64 64
153.57464600 232.37763977 436.06289673 255 64 64
131.54849243 195.66032410 384.34039307 255 64 64
127.26077271 195.64782715 384.29498291 255 64 64
132.17193604 195.63482666 384.27203369 255 64 64
131.50192261 195.65063477 384.22357178 255 64 64
174.26504517 298.77313232 384.00241089 255 64 64
168.40879822 298.70581055 383.98864746 255 64 64
175.01914978 298.67718506 384.04568481 255 64 64
174.13511658 298.66455078 384.00231934 255 64 64
154.84153748 226.17988586 371.33471680 255 64 64
150.15408325 226.15245056 371.31423950 255 64 64
155.48352051 226.11676025 371.28250122 255 64 64
154.75680542 226.12155151 371.24856567 255 64 64
173.71064758 309.21551514 395.73617554 255 64 64
167.88728333 309.14587402 395.78628540 255 64 64
174.38816833 309.16064453 395.75384521 255 64 64
173.54704285 309.17404175 395.75274658 255 64 64
107.02155304 173.65686035 417.00891113 255 64 64
104.10938263 173.69082642 417.00415039 255 64 64
107.43367004 173.62217712 416.99780273 255 64 64
106.97042847 173.67196655 416.95269775 255 64 64
158.99548340 312.88793945 395.40866089 255 64 64
153.43843079 312.79171753 395.50036621 255 64 64
159.70555115 312.83142090 395.42135620 255 64 64
158.94039917 312.81365967 395.44714355 255 64 64
117.92723846 190.55612183 394.14587402 255 64 64
114.38981628 190.55416870 394.13796997 255 64 64
118.46347046 190.52894592 394.09677124 255 64 64
117.94784546 190.54809570 394.06723022 255 64 64
271.21627808 265.46173096 425.08148193 255 64 64
267.04788208 278.20642090 427.05459595 255 64 64
280.99041748 270.48925781 417.17822266 255 64 64
276.56506348 282.55450439 420.82052612 255 64 64
270.45620728 241.77824402 403.13919067 255 64 64
272.32424927 256.52221680 403.83856201 255 64 64
285.06079102 252.60647583 403.68801880 255 64 64
285.56823730 267.62048340 406.77563477 255 64 64
251.13659668 258.06033325 441.82601929 255 64 64
245.14971924 266.52777100 447.60818481 255 64 64
260.12780762 264.52362061 434.92227173 255 64 64
253.88720703 273.04550171 440.70010376 255 64 64
255.46614075 296.60974121 432.86834717 255 64 64
248.58416748 307.59912109 435.08538818 255 64 64
266.10052490 299.09680176 424.59393311 255 64 64
259.35577393 309.20416260 427.58706665 255 64 64
238.87916565 231.86309814 433.79064941 255 64 64
239.99421692 237.00932312 442.70236206 255 64 64
247.18980408 237.40950012 424.79400635 255 64 64
247.68853760 241.94593811 434.73367310 255 64 64
229.35601807 222.42187500 450.49850464 255 64 64
225.33354187 227.35469055 458.85595703 255 64 64
239.11383057 227.46711731 444.07604980 255 64 64
234.85180664 231.65565491 453.00302124 255 64 64
237.33998108 246.12194824 453.47235107 255 64 64
230.80863953 252.92443848 459.29696655 255 64 64
245.22593689 251.98469543 447.66949463 255 64 64
238.29821777 258.78063965 453.49630737 255 64 64
221.80435181 211.67724609 433.88757324 255 64 64
224.60723877 214.96469116 442.41162109 255 64 64
228.97708130 217.43380737 425.65097046 255 64 64
231.83439636 219.36174011 435.06796265 255 64 64
241.52795410 280.23483276 449.02218628 255 64 64
234.40859985 288.70443726 452.75173950 255 64 64
249.43460083 286.73541260 441.85928345 255 64 64
242.10943604 295.50122070 445.77722168 255 64 64
257.27700806 273.81863403 410.64834595 255 64 64
259.96203613 287.83520508 412.12466431 255 64 64
272.53930664 281.34088135 415.39770508 255 64 64
273.52316284 295.54040527 417.88479614 255 64 64
228.84422302 264.75119019 459.93234253 255 64 64
220.44212341 271.52645874 463.42697144 255 64 64
236.62782288 272.11120605 455.37304688 255 64 64
228.18869019 279.22402954 458.86520386 255 64 64
219.56661987 234.48793030 461.79660034 255 64 64
210.23893738 240.11764526 463.66381836 255 64 64
229.27761841 240.64033508 459.58609009 255 64 64
220.00436401 246.30924988 462.14505005 255 64 64
239.84994507 241.64540100 408.53369141 255 64 64
244.69998169 253.34040833 405.70031738 255 64 64
252.15582275 249.21992493 408.10015869 255 64 64
257.18988037 261.16973877 405.97570801 255 64 64
223.51069641 222.19076538 417.90112305 255 64 64
229.80682373 226.06948853 423.38601685 255 64 64
230.32296753 229.81210327 410.77087402 255 64 64
237.19406128 231.89602661 417.60278320 255 64 64
246.16676331 322.72448730 428.88943481 255 64 64
240.46081543 331.00244141 437.00189209 255 64 64
257.73980713 321.17358398 421.88876343 255 64 64
252.67633057 327.74630737 429.06039429 255 64 64
229.05383301 311.80233765 449.54080200 255 64 64
220.44702148 319.10681152 454.58795166 255 64 64
240.14776611 316.98776245 442.43341064 255 64 64
231.93295288 324.07666016 447.77239990 255 64 64
222.87693787 292.35775757 457.61077881 255 64 64
214.43345642 299.58602905 460.30883789 255 64 64
230.67469788 299.59008789 451.83337402 255 64 64
222.32377625 307.11126709 454.81442261 255 64 64
203.39616394 219.49241638 465.55444336 255 64 64
195.42091370 224.01252747 472.03570557 255 64 64
213.53182983 226.62960815 462.11236572 255 64 64
206.31228638 229.60630798 469.27746582 255 64 64
209.24420166 274.94021606 464.37298584 255 64 64
199.85336304 280.80078125 465.14611816 255 64 64
216.27862549 283.74523926 462.91000366 255 64 64
206.97055054 290.19818115 464.03323364 255 64 64
195.35557556 195.34561157 448.56076050 255 64 64
192.79484558 200.84901428 457.77084351 255 64 64
202.95623779 204.95370483 442.10565186 255 64 64
200.52032471 207.85295105 452.41119385 255 64 64
187.62588501 178.64050293 437.88500977 255 64 64
186.08723450 185.20886230 446.32629395 255 64 64
196.69659424 188.20448303 431.12933350 255 64 64
194.58898926 192.33911133 441.06463623 255 64 64
201.42984009 190.92568970 423.07131958 255 64 64
203.09562683 196.65122986 429.88687134 255 64 64
207.83677673 201.63739014 413.46270752 255 64 64
210.23730469 204.10270691 421.89746094 255 64 64
242.94628906 295.61990356 411.05401611 255 64 64
245.84799194 309.15734863 413.19918823 255 64 64
257.69515991 301.71350098 414.73672485 255 64 64
258.95449829 315.28579712 417.14434814 255 64 64
205.86474609 217.82418823 446.97964478 255 64 64
204.66067505 220.43650818 457.37231445 255 64 64
215.98245239 225.92793274 444.07766724 255 64 64
216.43182373 225.23081970 454.69683838 255 64 64
188.64347839 203.04101562 467.12033081 255 64 64
182.22102356 208.19378662 476.64617920 255 64 64
197.89494324 212.09469604 463.72290039 255 64 64
192.36105347 214.59010315 473.56454468 255 64 64
211.88539124 252.01191711 456.18539429 255 64 64
202.26803589 257.72222900 457.61160278 255 64 64
221.01052856 258.72839355 458.21810913 255 64 64
211.11007690 264.48657227 459.89099121 255 64 64
193.08517456 175.70259094 416.32656860 255 64 64
196.78424072 183.30325317 417.92291260 255 64 64
199.94210815 189.05274963 408.63442993 255 64 64
203.85678101 192.95434570 413.04891968 255 64 64
174.77064514 225.60067749 478.03237915 255 64 64
162.53771973 231.63873291 478.85125732 255 64 64
185.35276794 228.48907471 472.61718750 255 64 64
173.84069824 234.16888428 474.15692139 255 64 64
231.24066162 266.95843506 403.08895874 255 64 64
235.58763123 279.12820435 405.85482788 255 64 64
243.73411560 271.32391357 407.41702271 255 64 64
247.17837524 283.67010498 410.00482178 255 64 64
223.02612305 336.54071045 444.46969604 255 64 64
218.80982971 335.67852783 457.08374023 255 64 64
234.95306396 335.87890625 444.03439331 255 64 64
231.04385376 334.17202759 455.62484741 255 64 64
222.52195740 244.27160645 401.40029907 255 64 64
226.85368347 256.23666382 400.44287109 255 64 64
232.61624146 250.42399597 405.24407959 255 64 64
237.39007568 261.42208862 404.40689087 255 64 64
204.44316101 219.32907104 428.35586548 255 64 64
206.58670044 221.54721069 437.66610718 255 64 64
214.33218384 227.64108276 423.70397949 255 64 64
218.31327820 226.24044800 433.36053467 255 64 64
167.09375000 212.51843262 484.87841797 255 64 64
156.68150330 219.33724976 490.60723877 255 64 64
179.61851501 215.84942627 481.59573364 255 64 64
169.68319702 222.31108093 487.93325806 255 64 64
170.03384399 186.77255249 461.56683350 255 64 64
163.87545776 193.15579224 471.96600342 255 64 64
182.32774353 195.77001953 459.58609009 255 64 64
175.68751526 199.28750610 470.20086670 255 64 64
202.05026245 307.05847168 460.05160522 255 64 64
192.97302246 312.20904541 462.88388062 255 64 64
211.97576904 314.85348511 458.84561157 255 64 64
202.96713257 320.22186279 462.23541260 255 64 64
191.14581299 229.32318115 457.96032715 255 64 64
181.76585388 232.82951355 464.86624146 255 64 64
204.03210449 233.08866882 456.86703491 255 64 64
196.14395142 234.55979919 463.96463013 255 64 64
191.26559448 286.63195801 465.41546631 255 64 64
181.64390564 291.90014648 465.72634888 255 64 64
198.14103699 295.62097168 464.81716919 255 64 64
188.54765320 301.58609009 465.54409790 255 64 64
205.49342346 223.50073242 412.31457520 255 64 64
210.10282898 227.21286011 418.42993164 255 64 64
213.73654175 233.55255127 406.59774780 255 64 64
220.18731689 233.39901733 414.15264893 255 64 64
222.59436035 323.34161377 420.07025146 255 64 64
224.16078186 331.69580078 428.09997559 255 64 64
236.17156982 328.16226196 422.38531494 255 64 64
236.14978027 335.94805908 430.71771240 255 64 64
195.18353271 189.50355530 404.82809448 255 64 64
199.76135254 199.01419067 401.13992310 255 64 64
203.57038879 203.80978394 401.14648438 255 64 64
208.47706604 209.53968811 401.21289062 255 64 64
154.52325439 198.44595337 481.11511230 255 64 64
146.26271057 204.98818970 491.21157837 255 64 64
168.26542664 203.58656311 479.23617554 255 64 64
160.05715942 208.74313354 488.96896362 255 64 64
187.46308899 261.69894409 460.60366821 255 64 64
176.98332214 267.21325684 460.99145508 255 64 64
195.58642578 268.89126587 464.03369141 255 64 64
184.66674805 275.16781616 464.28204346 255 64 64
193.42384338 243.92124939 448.99960327 255 64 64
184.87799072 249.15023804 454.00863647 255 64 64
204.29779053 247.65296936 452.16836548 255 64 64
195.75848389 252.08488464 457.81985474 255 64 64
218.42489624 302.27865601 410.68197632 255 64 64
222.07713318 312.80197144 415.93927002 255 64 64
231.33349609 307.11563110 413.04019165 255 64 64
233.98242188 317.78704834 418.17663574 255 64 64
198.77696228 255.90589905 442.00070190 255 64 64
193.11894226 262.51129150 446.09939575 255 64 64
206.71737671 260.62527466 443.87188721 255 64 64
200.65426636 267.32647705 448.86566162 255 64 64
216.44905090 283.54867554 400.62976074 255 64 64
219.96626282 294.33334351 405.53643799 255 64 64
228.08743286 286.21871948 405.13464355 255 64 64
230.71987915 297.29956055 409.65255737 255 64 64
143.05258179 229.57853699 494.64724731 255 64 64
131.87155151 236.59989929 498.75195312 255 64 64
153.34178162 233.45346069 489.11471558 255 64 64
142.50048828 240.66972351 493.80688477 255 64 64
211.06216431 265.10836792 390.40698242 255 64 64
214.21784973 276.38522339 394.53619385 255 64 64
221.07586670 266.39981079 396.99060059 255 64 64
223.73936462 277.52423096 400.70709229 255 64 64
193.49079895 332.73178101 451.80575562 255 64 64
191.76269531 331.65988159 464.21072388 255 64 64
205.99282837 333.75524902 457.38320923 255 64 64
203.80015564 331.64764404 469.05206299 255 64 64
150.57701111 242.51435852 477.65017700 255 64 64
139.70523071 248.77238464 480.67626953 255 64 64
160.04408264 243.33540344 465.48855591 255 64 64
148.27503967 249.38000488 468.21032715 255 64 64
179.41162109 313.64099121 462.80764771 255 64 64
170.08175659 317.34222412 467.35714722 255 64 64
190.11134338 319.60443115 465.80871582 255 64 64
180.49400330 323.15759277 470.69250488 255 64 64
203.96676636 242.02435303 384.73590088 255 64 64
206.50993347 254.39883423 383.32873535 255 64 64
212.46469116 246.50198364 390.26489258 255 64 64
214.96049500 257.54580688 389.69647217 255 64 64
195.74241638 211.57379150 390.73040771 255 64 64
197.00529480 221.88368225 385.08108521 255 64 64
203.09834290 221.46118164 390.61932373 255 64 64
204.77146912 229.42880249 387.26315308 255 64 64
135.69638062 212.83612061 498.11752319 255 64 64
126.22495270 220.05348206 506.81362915 255 64 64
148.94200134 217.90911865 494.43341064 255 64 64
139.54679871 224.88909912 502.96185303 255 64 64
193.11241150 272.45639038 439.55920410 255 64 64
186.82716370 279.16412354 442.70401001 255 64 64
200.52359009 276.63568115 441.76699829 255 64 64
193.28010559 283.89004517 445.35388184 255 64 64
161.04153442 266.49673462 463.06845093 255 64 64
150.90151978 272.53805542 465.33340454 255 64 64
168.95362854 275.60662842 468.04086304 255 64 64
158.47604370 283.04614258 469.80993652 255 64 64
163.95549011 290.85150146 466.77294922 255 64 64
154.73233032 296.98648071 468.42864990 255 64 64
171.26976013 301.31820679 468.80990601 255 64 64
161.89524841 308.35916138 470.60827637 255 64 64
166.59339905 226.53990173 453.48950195 255 64 64
162.50450134 229.64985657 463.38122559 255 64 64
178.04774475 231.08288574 450.62997437 255 64 64
175.46264648 231.33551025 460.66546631 255 64 64
195.38934326 324.89334106 430.70956421 255 64 64
196.88496399 329.98187256 441.04992676 255 64 64
207.73115540 329.60617065 433.95834351 255 64 64
208.46672058 333.91394043 444.52087402 255 64 64
161.92791748 246.79463196 457.21551514 255 64 64
152.07754517 252.84902954 461.28369141 255 64 64
171.45814514 252.11454773 455.66024780 255 64 64
160.90650940 258.87237549 459.42028809 255 64 64
174.55340576 177.45358276 398.35610962 255 64 64
173.52926636 188.37762451 390.26324463 255 64 64
184.35858154 186.93153381 396.23379517 255 64 64
184.12554932 196.31802368 390.12442017 255 64 64
196.70312500 311.54318237 417.39315796 255 64 64
199.39274597 319.72747803 425.05697632 255 64 64
208.52116394 316.37799072 419.46047974 255 64 64
210.60440063 324.27484131 427.15695190 255 64 64
124.23168945 244.75291443 505.20855713 255 64 64
113.29239655 251.91365051 510.41687012 255 64 64
133.12597656 250.18254089 496.92147827 255 64 64
121.94059753 257.75924683 501.85427856 255 64 64
194.44470215 297.50454712 402.32958984 255 64 64
196.71618652 305.46237183 410.17416382 255 64 64
205.76837158 299.56396484 406.63516235 255 64 64
207.49322510 307.63504028 414.24890137 255 64 64
161.26721191 234.84835815 445.41378784 255 64 64
159.58320618 237.93435669 454.14257812 255 64 64
172.62464905 238.76879883 445.92123413 255 64 64
171.50006104 240.63058472 455.27285767 255 64 64
192.50260925 281.91748047 383.84951782 255 64 64
194.27919006 290.48944092 391.61132812 255 64 64
203.03845215 281.12365723 390.81097412 255 64 64
204.28146362 290.13119507 398.17425537 255 64 64
146.50227356 301.50115967 462.43142700 255 64 64
137.93682861 305.66082764 467.82159424 255 64 64
156.73812866 312.18347168 465.30972290 255 64 64
147.78285217 316.06436157 470.17828369 255 64 64
175.71513367 207.09614563 383.39871216 255 64 64
175.51382446 218.66484070 376.65612793 255 64 64
184.67919922 213.78865051 382.53451538 255 64 64
185.15130615 223.88076782 377.49444580 255 64 64
137.02867126 254.84963989 480.79061890 255 64 64
126.94744873 261.20132446 485.79418945 255 64 64
142.20974731 257.16305542 466.72177124 255 64 64
130.89805603 263.14666748 470.73117065 255 64 64
184.97491455 258.76757812 373.10678101 255 64 64
186.94639587 270.24481201 376.11273193 255 64 64
195.22328186 260.63616943 378.39620972 255 64 64
196.68569946 271.58200073 381.64447021 255 64 64
170.49880981 327.39892578 438.77136230 255 64 64
172.02983093 329.90072632 450.54913330 255 64 64
182.50523376 329.92523193 444.27258301 255 64 64
183.31457520 331.72631836 455.98065186 255 64 64
179.49383545 232.49847412 372.57864380 255 64 64
180.56750488 244.13249207 369.16052246 255 64 64
188.11917114 237.53581238 373.80969238 255 64 64
189.09973145 248.19635010 371.59161377 255 64 64
157.06098938 331.30102539 453.73205566 255 64 64
157.30630493 330.16009521 466.22848511 255 64 64
169.08102417 332.71994019 460.18606567 255 64 64
168.39610291 330.57366943 472.00302124 255 64 64
120.06765747 264.66735840 502.62564087 255 64 64
111.27354431 270.87200928 511.58963013 255 64 64
122.40502167 272.01428223 490.44497681 255 64 64
114.21199036 277.71261597 498.87322998 255 64 64
135.83522034 270.59106445 456.55194092 255 64 64
126.59246826 275.93984985 462.49743652 255 64 64
145.06272888 280.79425049 457.99545288 255 64 64
135.38005066 287.62612915 462.97180176 255 64 64
174.66337585 317.98522949 423.71380615 255 64 64
176.55863953 322.60006714 434.23712158 255 64 64
186.04205322 320.86322021 428.06945801 255 64 64
187.54081726 325.23852539 438.52310181 255 64 64
152.12872314 172.93237305 396.87408447 255 64 64
149.84417725 184.30505371 389.60882568 255 64 64
160.55261230 180.89456177 392.65505981 255 64 64
158.84028625 191.19573975 386.48526001 255 64 64
122.98377991 280.19750977 471.42153931 255 64 64
116.79653931 284.78732300 480.25921631 255 64 64
127.36886597 291.67147827 462.18533325 255 64 64
122.25638580 295.65582275 470.90975952 255 64 64
173.83253479 311.06948853 405.47982788 255 64 64
175.04777527 315.60266113 416.19479370 255 64 64
184.92645264 311.03356934 411.20861816 255 64 64
185.63554382 315.80847168 421.67098999 255 64 64
172.47886658 298.64981079 386.06549072 255 64 64
173.33053589 304.47335815 395.91149902 255 64 64
183.53958130 297.94976807 392.18521118 255 64 64
183.72312927 304.09780884 401.72415161 255 64 64
156.10736084 206.98944092 380.21688843 255 64 64
155.90646362 219.44668579 373.86630249 255 64 64
165.14166260 213.04818726 377.93994141 255 64 64
165.37298584 224.20962524 372.84542847 255 64 64
166.90972900 278.49227905 372.85797119 255 64 64
168.55508423 287.80471802 379.25863647 255 64 64
178.07659912 280.14089966 376.87280273 255 64 64
179.04356384 289.33139038 383.28656006 255 64 64
148.78410339 323.90515137 430.33114624 255 64 64
150.73382568 325.83633423 441.92596436 255 64 64
159.77294922 326.04214478 435.31732178 255 64 64
161.09924316 327.43487549 447.03408813 255 64 64
121.37435913 317.49139404 456.21502686 255 64 64
125.78340149 316.74929810 466.63381958 255 64 64
132.84939575 323.54852295 459.25939941 255 64 64
136.65081787 321.39355469 469.73046875 255 64 64
157.38929749 235.65362549 368.85754395 255 64 64
158.95843506 248.05859375 365.94030762 255 64 64
167.06163025 239.66737366 368.31585693 255 64 64
168.82731628 250.99214172 366.46090698 255 64 64
160.43064880 258.06631470 366.94949341 255 64 64
162.71520996 269.35186768 368.99664307 255 64 64
170.95941162 261.17190552 368.32369995 255 64 64
173.02291870 271.59506226 370.81298828 255 64 64
149.89671326 319.61193848 410.47824097 255 64 64
151.18734741 322.15130615 422.16452026 255 64 64
160.87493896 320.43856812 415.68435669 255 64 64
161.47497559 322.97412109 427.39242554 255 64 64
131.96954346 322.18191528 444.50018311 255 64 64
135.11000061 323.37503052 455.69647217 255 64 64
143.15057373 326.52752686 448.77420044 255 64 64
145.72097778 326.68487549 460.23834229 255 64 64
148.05480957 308.65371704 391.35327148 255 64 64
149.49734497 313.66275024 401.83740234 255 64 64
159.65779114 310.11560059 395.98989868 255 64 64
160.30284119 315.24658203 406.60031128 255 64 64
105.82022858 299.36035156 465.28875732 255 64 64
111.11455536 300.28967285 474.63168335 255 64 64
114.54029846 308.58184814 462.56646729 255 64 64
119.78236389 307.88439941 472.07925415 255 64 64
136.65190125 185.82954407 390.89810181 255 64 64
134.43159485 197.97753906 384.54968262 255 64 64
144.59666443 192.84001160 386.04696655 255 64 64
142.85113525 203.82939148 380.35409546 255 64 64
95.99163818 278.49227905 486.50308228 255 64 64
100.90266418 282.05413818 495.45401001 255 64 64
100.12081909 289.08856201 477.57992554 255 64 64
105.49137878 290.89617920 486.69201660 255 64 64
145.47760010 289.26062012 376.50665283 255 64 64
147.51933289 297.38610840 383.90258789 255 64 64
157.06643677 292.26275635 378.59332275 255 64 64
158.54899597 300.17703247 386.19613647 255 64 64
127.74671936 315.62771606 423.18063354 255 64 64
130.44070435 317.46936035 434.17001343 255 64 64
138.25805664 320.00518799 426.11593628 255 64 64
140.27201843 321.07101440 437.50604248 255 64 64
135.86573792 216.07974243 378.15774536 255 64 64
135.47833252 228.88543701 372.77630615 255 64 64
144.49131775 221.88150024 374.26049805 255 64 64
144.46490479 233.43711853 369.77197266 255 64 64
111.50439453 309.85098267 439.88024902 255 64 64
115.19800568 312.15841675 450.24023438 255 64 64
121.49414062 316.97198486 441.43084717 255 64 64
124.60845184 318.22750854 452.43331909 255 64 64
121.19033813 178.28115845 401.12741089 255 64 64
117.77112579 189.78884888 395.57174683 255 64 64
127.83165741 184.93899536 394.61947632 255 64 64
125.07995605 195.51893616 389.28378296 255 64 64
126.75961304 309.95117188 404.36096191 255 64 64
129.06213379 314.05422974 414.60552979 255 64 64
137.31396484 314.35476685 406.60031128 255 64 64
139.04971313 317.99719238 417.36755371 255 64 64
85.49444580 252.80683899 481.82073975 255 64 64
88.56738281 260.10260010 489.47149658 255 64 64
87.34670258 263.43795776 471.91427612 255 64 64
90.99131775 270.30252075 480.66265869 255 64 64
138.15788269 266.07858276 368.82635498 255 64 64
140.60577393 277.02441406 371.42999268 255 64 64
148.87829590 270.18380737 367.75964355 255 64 64
151.25650024 280.26940918 370.99917603 255 64 64
98.48526001 296.04458618 452.34585571 255 64 64
102.98468018 299.24053955 461.38388062 255 64 64
106.37013245 305.37335205 450.39450073 255 64 64
110.76828003 307.49838257 460.41256714 255 64 64
135.25863647 244.26316833 369.52151489 255 64 64
136.96496582 256.72039795 367.28378296 255 64 64
144.83949280 248.90196228 366.51171875 255 64 64
146.75054932 260.27682495 365.34167480 255 64 64
89.79676819 275.70898438 465.62850952 255 64 64
93.62214661 281.09262085 473.62115479 255 64 64
94.03539276 286.26171875 458.29299927 255 64 64
98.24624634 290.61523438 467.38983154 255 64 64
124.53739929 295.32263184 386.93145752 255 64 64
126.64146423 302.99514771 394.34262085 255 64 64
135.11489868 300.49499512 387.20230103 255 64 64
136.84246826 307.90182495 395.14923096 255 64 64
82.63188171 235.40045166 466.87313843 255 64 64
83.74564362 243.98767090 473.70718384 255 64 64
83.46021271 244.49075317 456.63308716 255 64 64
84.69967651 253.19557190 464.37097168 255 64 64
107.62892151 302.18936157 420.48950195 255 64 64
110.19877625 306.46118164 430.22879028 255 64 64
116.48728943 309.35336304 420.74755859 255 64 64
118.69453430 312.82482910 431.39285278 255 64 64
83.26161957 217.86938477 455.42614746 255 64 64
82.80073547 227.56076050 460.89361572 255 64 64
84.18423462 225.75752258 445.43475342 255 64 64
83.48378754 235.48374939 451.26373291 255 64 64
121.31773376 275.67849731 377.24359131 255 64 64
123.38450623 286.02758789 381.00363159 255 64 64
131.50784302 281.36047363 374.81646729 255 64 64
133.53923035 291.02575684 379.31042480 255 64 64
117.46459198 203.90997314 389.91806030 255 64 64
115.37113953 216.33236694 385.05279541 255 64 64
124.71081543 210.26272583 383.94915771 255 64 64
122.88632202 221.53958130 379.53033447 255 64 64
86.23981476 261.24813843 452.21609497 255 64 64
88.29405975 268.81829834 459.18518066 255 64 64
88.66221619 270.92660522 443.68347168 255 64 64
90.91954803 278.32470703 451.85037231 255 64 64
93.44901276 285.14556885 435.42840576 255 64 64
95.90343475 290.88418579 443.26208496 255 64 64
98.67037964 294.43624878 431.03732300 255 64 64
101.09649658 299.59118652 440.05139160 255 64 64
106.81700134 291.53100586 401.43341064 255 64 64
108.26702881 298.99011230 408.60937500 255 64 64
115.11306763 298.88122559 399.54629517 255 64 64
116.37403870 305.80020142 407.88088989 255 64 64
104.75090790 188.58668518 407.84005737 255 64 64
101.18687439 199.83740234 404.32449341 255 64 64
109.34070587 194.89697266 400.66870117 255 64 64
106.44472504 205.02175903 397.20376587 255 64 64
117.31649780 230.85420227 381.46914673 255 64 64
117.16206360 243.63812256 377.72000122 255 64 64
125.42446136 236.72021484 375.73052979 255 64 64
125.38512421 248.45005798 372.78662109 255 64 64
88.43562317 205.79162598 433.82876587 255 64 64
86.07593536 216.37593079 435.82067871 255 64 64
90.17952728 212.83476257 424.89907837 255 64 64
87.79560852 222.83540344 426.64068604 255 64 64
84.41668701 242.71253967 442.99093628 255 64 64
84.76705170 251.66564941 448.51174927 255 64 64
86.21173859 250.97418213 433.72750854 255 64 64
86.43769073 260.06884766 439.94522095 255 64 64
116.01715088 253.45364380 378.34857178 255 64 64
117.27838898 265.61471558 377.44775391 255 64 64
124.70863342 259.30441284 373.06048584 255 64 64
126.12803650 270.57037354 373.21185303 255 64 64
95.68449402 281.58264160 416.09353638 255 64 64
96.79853058 288.85443115 422.68148804 255 64 64
101.07471466 290.43774414 411.44635010 255 64 64
102.22897339 297.24346924 419.38674927 255 64 64
89.86101532 260.86267090 428.08908081 255 64 64
90.33197784 269.31051636 433.62515259 255 64 64
92.90740967 269.60723877 419.99078369 255 64 64
93.27097321 277.83294678 426.62881470 255 64 64
86.31440735 225.92004395 433.16671753 255 64 64
85.13681030 235.72032166 436.72747803 255 64 64
88.26275635 233.56970215 424.34320068 255 64 64
86.90131378 243.09556580 428.18597412 255 64 64
106.02821350 272.95620728 391.01788330 255 64 64
107.01966858 283.59713745 394.10061646 255 64 64
113.82705688 280.30642700 386.12753296 255 64 64
114.85826111 290.38546753 390.36996460 255 64 64
95.11614227 204.31504822 416.06140137 255 64 64
92.13032532 215.29571533 415.47503662 255 64 64
98.23807526 211.30590820 407.93017578 255 64 64
95.54790497 221.26081848 407.28796387 255 64 64
104.22169495 215.27828979 396.41510010 255 64 64
102.20555878 227.52645874 393.42330933 255 64 64
110.38497925 221.78231812 389.35073853 255 64 64
108.51802826 233.00036621 386.80484009 255 64 64
95.60887909 264.68911743 406.28454590 255 64 64
95.63555908 274.48068237 409.70593262 255 64 64
100.18506622 272.81085205 399.25228882 255 64 64
100.21446991 282.17337036 403.87802124 255 64 64
100.31138611 224.10072327 400.85571289 255 64 64
98.61729431 236.30097961 399.00509644 255 64 64
105.99336243 230.73251343 392.83419800 255 64 64
104.30445099 242.04856873 391.40606689 255 64 64
102.77506256 253.19012451 391.70266724 255 64 64
102.88694763 265.10726929 391.57867432 255 64 64
109.54773712 259.88208008 384.65423584 255 64 64
109.79696655 271.14807129 385.50427246 255 64 64
90.28896332 242.79421997 417.92782593 255 64 64
89.42191315 252.96472168 420.78732300 255 64 64
93.56062317 250.72508240 409.25891113 255 64 64
92.49340820 260.45132446 412.94873047 255 64 64
93.16153717 225.76568604 413.25906372 255 64 64
91.26463318 237.08174133 413.83074951 255 64 64
97.03155518 232.93405151 404.55316162 255 64 64
95.04931641 243.52923584 405.50195312 255 64 64
140.75465393 160.70178223 406.77426147 255 64 64
140.75497437 160.70132446 406.77420044 255 64 64
140.76065063 160.70092773 406.77557373 255 64 64
140.76417542 160.69699097 406.77008057 255 64 64
146.15472412 316.68835449 406.64135742 255 64 64
146.15931702 316.68750000 406.63998413 255 64 64
146.13908386 316.67565918 406.62985229 255 64 64
146.14459229 316.67803955 406.63204956 255 64 64
213.09738159 237.65078735 399.91503906 255 64 64
213.09497070 237.64624023 399.91625977 255 64 64
213.09135437 237.64657593 399.92370605 255 64 64
213.09484863 237.64295959 399.91958618 255 64 64
85.12949371 241.29092407 428.71145630 255 64 64
85.13462067 241.29153442 428.70721436 255 64 64
85.11758423 241.28324890 428.70776367 255 64 64
85.12287140 241.28697205 428.70358276 255 64 64
139.83538818 243.73254395 367.18756104 255 64 64
139.83166504 243.73374939 367.18286133 255 64 64
139.83224487 243.72621155 367.18087769 255 64 64
139.83239746 243.72627258 367.17630005 255 64 64
157.42791748 241.41648865 450.74841309 255 64 64
157.42559814 241.41610718 450.74954224 255 64 64
157.41783142 241.41697693 450.74703979 255 64 64
157.42175293 241.42170715 450.74179077 255 64 64
191.76069641 292.22735596 384.09066772 255 64 64
191.75299072 292.22515869 384.08303833 255 64 64
191.75033569 292.22521973 384.09103394 255 64 64
191.74726868 292.22363281 384.08459473 255 64 64
109.14053345 204.26644897 393.18911743 255 64 64
109.14173126 204.26873779 393.18002319 255 64 64
109.14288330 204.26525879 393.18853760 255 64 64
109.14564514 204.26791382 393.18084717 255 64 64
105.97370911 281.47518921 391.67349243 255 64 64
105.97937775 281.47677612 391.66229248 255 64 64
105.97429657 281.46768188 391.66741943 255 64 64
105.98012543 281.46923828 391.66189575 255 64 64
187.54789734 187.92475891 395.84640503 255 64 64
187.54342651 187.92420959 395.83786011 255 64 64
187.53866577 187.92556763 395.85467529 255 64 64
187.54270935 187.92372131 395.84002686 255 64 64
150.77807617 286.00653076 372.62753296 255 64 64
150.76850891 286.01016235 372.61788940 255 64 64
150.77346802 286.00585938 372.62786865 255 64 64
150.76751709 286.01010132 372.62023926 255 64 64
149.54612732 199.15049744 380.42272949 255 64 64
149.54312134 199.15078735 380.41275024 255 64 64
149.54997253 199.15263367 380.42520142 255 64 64
149.55151367 199.15559387 380.41229248 255 64 64
182.81706238 230.68295288 372.99014282 255 64 64
182.80523682 230.68307495 372.98092651 255 64 64
182.81425476 230.67967224 372.99645996 255 64 64
182.81123352 230.67913818 372.98449707 255 64 64
87.99739075 201.18554688 429.39031982 255 64 64
87.99941254 201.18666077 429.38784790 255 64 64
87.99227142 201.18695068 429.38339233 255 64 64
87.99521637 201.18775940 429.37863159 255 64 64
92.89115906 280.84875488 428.77059937 255 64 64
92.89630890 280.84906006 428.77288818 255 64 64
92.87331390 280.83959961 428.76254272 255 64 64
92.87896729 280.84658813 428.76379395 255 64 64
105.66339111 240.61492920 388.03799438 255 64 64
105.66764832 240.61589050 388.03384399 255 64 64
105.65585327 240.61277771 388.03253174 255 64 64
105.65933228 240.61305237 388.02859497 255 64 64
106.92778015 173.63337708 416.97698975 255 64 64
106.92684937 173.63458252 416.97610474 255 64 64
106.93415833 173.63357544 416.96893311 255 64 64
106.93430328 173.63330078 416.96350098 255 64 64
201.25421143 261.49591064 378.64190674 255 64 64
201.24383545 261.49206543 378.63424683 255 64 64
201.24273682 261.49200439 378.64251709 255 64 64
201.24224854 261.48883057 378.63333130 255 64 64
112.46514893 306.23034668 411.24401855 255 64 64
112.47047424 306.23416138 411.23635864 255 64 64
112.45745850 306.22244263 411.23779297 255 64 64
112.46365356 306.22796631 411.23294067 255 64 64
171.54296875 261.86013794 366.74401855 255 64 64
171.53390503 261.86053467 366.73449707 255 64 64
171.53559875 261.85983276 366.75125122 255 64 64
171.53334045 261.86013794 366.74142456 255 64 64
204.39317322 213.57293701 415.96682739 255 64 64
204.39627075 213.56491089 415.97344971 255 64 64
204.37991333 213.57505798 415.97567749 255 64 64
204.38793945 213.56890869 415.97381592 255 64 64
119.62829590 263.07519531 374.30783081 255 64 64
119.62882996 263.07742310 374.29803467 255 64 64
119.62387085 263.06701660 374.30718994 255 64 64
119.62664032 263.06872559 374.30157471 255 64 64
171.45513916 167.09599304 404.14422607 255 64 64
171.45039368 167.09645081 404.14245605 255 64 64
171.45545959 167.09234619 404.15679932 255 64 64
171.45860291 167.08978271 404.14660645 255 64 64
201.91606140 210.65295410 388.73559570 255 64 64
201.91513062 210.64704895 388.72732544 255 64 64
201.91201782 210.64718628 388.74258423 255 64 64
201.91972351 210.64263916 388.72879028 255 64 64
173.62768555 309.20162964 395.77139282 255 64 64
173.62486267 309.20098877 395.76480103 255 64 64
173.61811829 309.19134521 395.76251221 255 64 64
173.61979675 309.19155884 395.75997925 255 64 64
128.28295898 181.57489014 394.06939697 255 64 64
128.28436279 181.57583618 394.06414795 255 64 64
128.28198242 181.57373047 394.06472778 255 64 64
128.28732300 181.57363892 394.05694580 255 64 64
92.64089966 220.59805298 407.08630371 255 64 64
92.64248657 220.60031128 407.07717896 255 64 64
92.63732147 220.59561157 407.08270264 255 64 64
92.63939667 220.59761047 407.07553101 255 64 64
129.30494690 216.49850464 378.74847412 255 64 64
129.30561829 216.49890137 378.74627686 255 64 64
129.30178833 216.49203491 378.74578857 255 64 64
129.30371094 216.49084473 378.74060059 255 64 64
132.32177734 299.32833862 385.59606934 255 64 64
132.31871033 299.32955933 385.58474731 255 64 64
132.31866455 299.31985474 385.59729004 255 64 64
132.31790161 299.32269287 385.59045410 255 64 64
96.07234192 262.79043579 406.53265381 255 64 64
96.07769775 262.79119873 406.52539062 255 64 64
96.06385803 262.78326416 406.52502441 255 64 64
96.06722260 262.78613281 406.52008057 255 64 64
152.30697632 177.05360413 392.68353271 255 64 64
152.30545044 177.05465698 392.67919922 255 64 64
152.30404663 177.05139160 392.69042969 255 64 64
152.30804443 177.05181885 392.68038940 255 64 64
175.22578430 226.47476196 444.98513794 255 64 64
175.22514343 226.46781921 444.99163818 255 64 64
175.23425293 226.45895386 444.98190308 255 64 64
175.24273682 226.45664978 444.98028564 255 64 64
175.13107300 203.32208252 382.38391113 255 64 64
175.12448120 203.32015991 382.37585449 255 64 64
175.12554932 203.32107544 382.39227295 255 64 64
175.12666321 203.31913757 382.37960815 255 64 64
154.81332397 226.11482239 371.32131958 255 64 64
154.80342102 226.11529541 371.31683350 255 64 64
154.80329895 226.11077881 371.31658936 255 64 64
154.80136108 226.11073303 371.30963135 255 64 64
149.85005188 264.75149536 363.74240112 255 64 64
149.84184265 264.75390625 363.73425293 255 64 64
149.84236145 264.75241089 363.73971558 255 64 64
149.83897400 264.75686646 363.73251343 255 64 64
204.86552429 231.13682556 373.51852417 255 64 64
204.85357666 231.13470459 373.50805664 255 64 64
204.85607910 231.12513733 373.50762939 255 64 64
204.85319519 231.12512207 373.49481201 255 64 64
207.07366943 279.54492188 389.54644775 255 64 64
207.06570435 279.54049683 389.54205322 255 64 64
207.06335449 279.53692627 389.54418945 255 64 64
207.06251526 279.53414917 389.54003906 255 64 64
147.58392334 259.42486572 452.59454346 255 64 64
147.57736206 259.42712402 452.58807373 255 64 64
147.57261658 259.42172241 452.60235596 255 64 64
147.57199097 259.42819214 452.59179688 255 64 64
170.93717957 284.83688354 373.94912720 255 64 64
170.92887878 284.83541870 373.94223022 255 64 64
170.93351746 284.83273315 373.94454956 255 64 64
170.93077087 284.83181763 373.93890381 255 64 64
99.08877563 291.49383545 409.74243164 255 64 64
99.09706116 291.49609375 409.72836304 255 64 64
99.08464050 291.48205566 409.73706055 255 64 64
99.09248352 291.48672485 409.72821045 255 64 64
150.91099548 305.78881836 388.23663330 255 64 64
150.90728760 305.78771973 388.22726440 255 64 64
150.91003418 305.77554321 388.23580933 255 64 64
150.90820312 305.77487183 388.23013306 255 64 64
87.50850677 260.81259155 426.02511597 255 64 64
87.51271820 260.81289673 426.01300049 255 64 64
87.50210571 260.80401611 426.01815796 255 64 64
87.50789642 260.80740356 426.00839233 255 64 64
217.17239380 252.28700256 387.35308838 255 64 64
217.17050171 252.28497314 387.34478760 255 64 64
217.16432190 252.27734375 387.35388184 255 64 64
217.17178345 252.27639771 387.34387207 255 64 64
85.71052551 220.48709106 426.17346191 255 64 64
85.71386719 220.48811340 426.16799927 255 64 64
85.70262909 220.48547363 426.16897583 255 64 64
85.70526886 220.48747253 426.16210938 255 64 64
96.11324310 196.89791870 411.99917603 255 64 64
96.11382294 196.90112305 411.98797607 255 64 64
96.11071777 196.89913940 411.99148560 255 64 64
96.11340332 196.90261841 411.98168945 255 64 64
206.54753113 197.51106262 402.37524414 255 64 64
206.55029297 197.50808716 402.36944580 255 64 64
206.54428101 197.50485229 402.38336182 255 64 64
206.55511475 197.50085449 402.37084961 255 64 64
128.54182434 283.19470215 375.68045044 255 64 64
128.53997803 283.19601440 375.67288208 255 64 64
128.53244019 283.19061279 375.67880249 255 64 64
128.53250122 283.19143677 375.67333984 255 64 64
159.03956604 244.39212036 365.62304688 255 64 64
159.03097534 244.39202881 365.61550903 255 64 64
159.03561401 244.38468933 365.62423706 255 64 64
159.03286743 244.38313293 365.61532593 255 64 64
120.61544800 233.87570190 378.01531982 255 64 64
120.61807251 233.87701416 378.01098633 255 64 64
120.61253357 233.87249756 378.00851440 255 64 64
120.61636353 233.87368774 378.00573730 255 64 64
91.03246307 239.99913025 411.09963989 255 64 64
91.03718567 239.99993896 411.09320068 255 64 64
91.02896118 239.99205017 411.09896851 255 64 64
91.03192139 239.99464417 411.09289551 255 64 64
115.57632446 298.34313965 393.25543213 255 64 64
115.57710266 298.34558105 393.24206543 255 64 64
115.57420349 298.33749390 393.25442505 255 64 64
115.57640839 298.34069824 393.24667358 255 64 64
189.37850952 247.73161316 370.86111450 255 64 64
189.36853027 247.72901917 370.85128784 255 64 64
189.36674500 247.73089600 370.86334229 255 64 64
189.36505127 247.72856140 370.85144043 255 64 64
104.42056274 262.80322266 390.15060425 255 64 64
104.42749023 262.80300903 390.14517212 255 64 64
104.41621399 262.79486084 390.14440918 255 64 64
104.42108917 262.79629517 390.14212036 255 64 64
186.30491638 270.31640625 372.95831299 255 64 64
186.29237366 270.31307983 372.94952393 255 64 64
186.29637146 270.31375122 372.95379639 255 64 64
186.29075623 270.31207275 372.94476318 255 64 64
108.93458557 185.96716309 404.26022339 255 64 64
108.93490601 185.97012329 404.25369263 255 64 64
108.93917847 185.96487427 404.25915527 255 64 64
108.93994141 185.96682739 404.25164795 255 64 64
153.45787048 232.30451965 436.09368896 255 64 64
153.45086670 232.30567932 436.08468628 255 64 64
153.43719482 232.30552673 436.07901001 255 64 64
153.44132996 232.31008911 436.06326294 255 64 64
131.51092529 195.63159180 384.26934814 255 64 64
131.51406860 195.63092041 384.26528931 255 64 64
131.51205444 195.62951660 384.26861572 255 64 64
131.51777649 195.62858582 384.26220703 255 64 64
203.12130737 223.24955750 400.60314941 255 64 64
203.11877441 223.24427795 400.59890747 255 64 64
203.11227417 223.24795532 400.61749268 255 64 64
203.11633301 223.24447632 400.60778809 255 64 64
130.23327637 309.94467163 398.68829346 255 64 64
130.23266602 309.94921875 398.67486572 255 64 64
130.22705078 309.93853760 398.68725586 255 64 64
130.22874451 309.94421387 398.67791748 255 64 64
168.23002625 182.62251282 390.89245605 255 64 64
168.23080444 182.62188721 390.88568115 255 64 64
168.22119141 182.62600708 390.89950562 255 64 64
168.22830200 182.62350464 390.88714600 255 64 64
126.15583801 168.61590576 404.66723633 255 64 64
126.15710449 168.61904907 404.66198730 255 64 64
126.16261292 168.61488342 404.66137695 255 64 64
126.16682434 168.61453247 404.65289307 255 64 64
105.62665558 219.80493164 390.92742920 255 64 64
105.63015747 219.80592346 390.91973877 255 64 64
105.62724304 219.79959106 390.92327881 255 64 64
105.63017273 219.79968262 390.91839600 255 64 64
134.09477234 265.63244629 367.88531494 255 64 64
134.09259033 265.63360596 367.88000488 255 64 64
134.09106445 265.63284302 367.88537598 255 64 64
134.09002686 265.63491821 367.88204956 255 64 64
171.07476807 217.15478516 375.85443115 255 64 64
171.06330872 217.15379333 375.84738159 255 64 64
171.06842041 217.14926147 375.85916138 255 64 64
171.06506348 217.14819336 375.84829712 255 64 64
174.21997070 298.66732788 384.05621338 255 64 64
174.21322632 298.66503906 384.04837036 255 64 64
174.20755005 298.66839600 384.05972290 255 64 64
174.20584106 298.66586304 384.05273438 255 64 64
145.64306641 214.32084656 375.22463989 255 64 64
145.64093018 214.32064819 375.21627808 255 64 64
145.63832092 214.31588745 375.22439575 255 64 64
145.64288330 214.31604004 375.21478271 255 64 64
114.98844910 248.98625183 378.51815796 255 64 64
114.98996735 248.98896790 378.51098633 255 64 64
114.99031067 248.98545837 378.51940918 255 64 64
114.99354553 248.99227905 378.51489258 255 64 64
157.07850647 162.37637329 404.52734375 255 64 64
157.07492065 162.37631226 404.52755737 255 64 64
157.07826233 162.37489319 404.53375244 255 64 64
157.08122253 162.37138367 404.52606201 255 64 64
203.13626099 233.74438477 389.34539795 255 64 64
203.12960815 233.73910522 389.34274292 255 64 64
203.12954712 233.74392700 389.35855103 255 64 64
203.12942505 233.74113464 389.34826660 255 64 64
97.50816345 183.63607788 422.40646362 255 64 64
97.50674438 183.63867188 422.40332031 255 64 64
97.50981140 183.63314819 422.40423584 255 64 64
97.50900269 183.63510132 422.39660645 255 64 64
162.80668640 273.66238403 367.01385498 255 64 64
162.79428101 273.66152954 367.00457764 255 64 64
162.80226135 273.65972900 367.01559448 255 64 64
162.79718018 273.65997314 367.00714111 255 64 64
188.06192017 200.51966858 388.50256348 255 64 64
188.05548096 200.51922607 388.49676514 255 64 64
188.05545044 200.51640320 388.51153564 255 64 64
188.05845642 200.51484680 388.50036621 255 64 64
136.51564026 228.12487793 374.11660767 255 64 64
136.51248169 228.12648010 374.11120605 255 64 64
136.50633240 228.12466431 374.11154175 255 64 64
136.50712585 228.12541199 374.10626221 255 64 64
187.83714294 218.43865967 378.45068359 255 64 64
187.82870483 218.43525696 378.44351196 255 64 64
187.83236694 218.43447876 378.45199585 255 64 64
187.83184814 218.43081665 378.44024658 255 64 64
201.91986084 245.64695740 377.37484741 255 64 64
201.91096497 245.64683533 377.36654663 255 64 64
201.91923523 245.63795471 377.37463379 255 64 64
201.91860962 245.63655090 377.36401367 255 64 64
141.78599548 185.18554688 387.53176880 255 64 64
141.78294373 185.18510437 387.52151489 255 64 64
141.78927612 185.18470764 387.53573608 255 64 64
141.78982544 185.18884277 387.52270508 255 64 64
97.62585449 276.83642578 406.24993896 255 64 64
97.63433838 276.83715820 406.24401855 255 64 64
97.61548615 276.82705688 406.24398804 255 64 64
97.62205505 276.82940674 406.24087524 255 64 64
128.59307861 251.89611816 369.15280151 255 64 64
128.59432983 251.89759827 369.14572144 255 64 64
128.58668518 251.89115906 369.14624023 255 64 64
128.58889771 251.89196777 369.14166260 255 64 64
102.14853668 298.98986816 420.96395874 255 64 64
102.15608978 298.99359131 420.96087646 255 64 64
102.13819885 298.98095703 420.95657349 255 64 64
102.14685822 298.98931885 420.95529175 255 64 64
117.90502930 190.52825928 394.07998657 255 64 64
117.90596008 190.52998352 394.07427979 255 64 64
117.91222382 190.52799988 394.07785034 255 64 64
117.91542053 190.52905273 394.07229614 255 64 64
187.00601196 176.89701843 403.55914307 255 64 64
187.00411987 176.89318848 403.55780029 255 64 64
187.00503540 176.89093018 403.57788086 255 64 64
187.00953674 176.88468933 403.56857300 255 64 64
171.69290161 248.30094910 365.90435791 255 64 64
171.68249512 248.30012512 365.89639282 255 64 64
171.68724060 248.29708862 365.90350342 255 64 64
171.68446350 248.29531860 365.89474487 255 64 64
184.00651550 301.14819336 395.68957520 255 64 64
184.00059509 301.14651489 395.68499756 255 64 64
183.99063110 301.14038086 395.68634033 255 64 64
183.98941040 301.13854980 395.68154907 255 64 64
119.46054077 207.04890442 385.54827881 255 64 64
119.46409607 207.04933167 385.54327393 255 64 64
119.46043396 207.04304504 385.54730225 255 64 64
119.46485138 207.04229736 385.54260254 255 64 64
161.94651794 202.78977966 379.46975708 255 64 64
161.93800354 202.78916931 379.45977783 255 64 64
161.94203186 202.79304504 379.47183228 255 64 64
161.93957520 202.79734802 379.45852661 255 64 64
159.02066040 312.84350586 395.44924927 255 64 64
159.02012634 312.84359741 395.44085693 255 64 64
159.01611328 312.83352661 395.44488525 255 64 64
159.01731873 312.83404541 395.44058228 255 64 64
110.86372375 270.95788574 382.45819092 255 64 64
110.86799622 270.95864868 382.44964600 255 64 64
110.86505890 270.94808960 382.45486450 255 64 64
110.86782837 270.94934082 382.45117188 255 64 64
139.46080017 170.46719360 398.51223755 255 64 64
139.46076965 170.46832275 398.50717163 255 64 64
139.46020508 170.46893311 398.51724243 255 64 64
139.46427917 170.46879578 398.50756836 255 64 64
208.91885376 225.37240601 411.83966064 255 64 64
208.92092896 225.36709595 411.84414673 255 64 64
208.90475464 225.37503052 411.84689331 255 64 64
208.91204834 225.37123108 411.84439087 255 64 64
104.79788971 292.58856201 398.37277222 255 64 64
104.80217743 292.59112549 398.35888672 255 64 64
104.80105591 292.57867432 398.36834717 255 64 64
104.80612183 292.58093262 398.35925293 255 64 64
194.13429260 277.83090210 379.66357422 255 64 64
194.12663269 277.82821655 379.65591431 255 64 64
194.12582397 277.82394409 379.65625000 255 64 64
194.12437439 277.82156372 379.64852905 255 64 64
99.58784485 207.13854980 400.96163940 255 64 64
99.58832550 207.14134216 400.95272827 255 64 64
99.58837891 207.13577271 400.96563721 255 64 64
99.59079742 207.13780212 400.95669556 255 64 64
153.19963074 296.16448975 379.48199463 255 64 64
153.19000244 296.16638184 379.47149658 255 64 64
153.19607544 296.16223145 379.48339844 255 64 64
153.19227600 296.16442871 379.47573853 255 64 64
100.30561829 231.49501038 394.59301758 255 64 64
100.31054688 231.49560547 394.58831787 255 64 64
100.30501556 231.49017334 394.58758545 255 64 64
100.31016541 231.49066162 394.58432007 255 64 64
115.59898376 174.70812988 407.09576416 255 64 64
115.60115814 174.70971680 407.08978271 255 64 64
115.60449219 174.71237183 407.08923340 255 64 64
115.60769653 174.71267700 407.08111572 255 64 64
211.95056152 268.31686401 387.55413818 255 64 64
211.94630432 268.31311035 387.54837036 255 64 64
211.94506836 268.31008911 387.55523682 255 64 64
211.94776917 268.30676270 387.54901123 255 64 64
163.03718567 225.48608398 445.89102173 255 64 64
163.03681946 225.48487854 445.89505005 255 64 64
163.03727722 225.48164368 445.88436890 255 64 64
163.04408264 225.48422241 445.88009644 255 64 64
153.35426331 187.86134338 385.35415649 255 64 64
153.35293579 187.86054993 385.34814453 255 64 64
153.35217285 187.85891724 385.35888672 255 64 64
153.35681152 187.85781860 385.35009766 255 64 64
119.75101471 287.17288208 382.91604614 255 64 64
119.75286865 287.17367554 382.90835571 255 64 64
119.75035095 287.16851807 382.91824341 255 64 64
119.75163269 287.17044067 382.91470337 255 64 64
199.62475586 220.89122009 378.74719238 255 64 64
199.61854553 220.88949585 378.74087524 255 64 64
199.62362671 220.88290405 378.75231934 255 64 64
199.62631226 220.87995911 378.74124146 255 64 64
201.40266418 289.78659058 392.24774170 255 64 64
201.40213013 289.78234863 392.24581909 255 64 64
201.39270020 289.77770996 392.24581909 255 64 64
201.39576721 289.77499390 392.24298096 255 64 64
168.05895996 237.30303955 447.02560425 255 64 64
168.05776978 237.30021667 447.02609253 255 64 64
168.05561829 237.30252075 447.02221680 255 64 64
168.06410217 237.30398560 447.01647949 255 64 64
167.00711060 236.25859070 368.69250488 255 64 64
166.99932861 236.25717163 368.68829346 255 64 64
167.00265503 236.25454712 368.69818115 255 64 64
167.00149536 236.25190735 368.69134521 255 64 64
157.46907043 213.15682983 376.38955688 255 64 64
157.46029663 213.15756226 376.38287354 255 64 64
157.46430969 213.15139771 376.39498901 255 64 64
157.46377563 213.15170288 376.38461304 255 64 64
84.65979767 252.08564758 433.24819946 255 64 64
84.66523743 252.08744812 433.24557495 255 64 64
84.64957428 252.07812500 433.24313354 255 64 64
84.65597534 252.08323669 433.23989868 255 64 64
175.31207275 176.14236450 397.84832764 255 64 64
175.30955505 176.14324951 397.84365845 255 64 64
175.30702209 176.14553833 397.85928345 255 64 64
175.31236267 176.14401245 397.84649658 255 64 64
131.40867615 315.34277344 408.97103882 255 64 64
131.41506958 315.34454346 408.96453857 255 64 64
131.40069580 315.33203125 408.96224976 255 64 64
131.40780640 315.33639526 408.95901489 255 64 64
142.11813354 292.09930420 377.19030762 255 64 64
142.11332703 292.10040283 377.18557739 255 64 64
142.10926819 292.09985352 377.19195557 255 64 64
142.10855103 292.10324097 377.19012451 255 64 64
164.01509094 192.48913574 384.19680786 255 64 64
164.00926208 192.48977661 384.19097900 255 64 64
164.00837708 192.48966980 384.20034790 255 64 64
164.01040649 192.48939514 384.18878174 255 64 64
95.17279816 245.91624451 402.16659546 255 64 64
95.17797852 245.91587830 402.16302490 255 64 64
95.16619110 245.90653992 402.15951538 255 64 64
95.17075348 245.90721130 402.15631104 255 64 64
142.67697144 310.43920898 394.71975708 255 64 64
142.67681885 310.43869019 394.71063232 255 64 64
142.66900635 310.43087769 394.72344971 255 64 64
142.67172241 310.43164062 394.71728516 255 64 64
94.62883759 274.89978027 417.12500000 255 64 64
94.63338470 274.90136719 417.12030029 255 64 64
94.61811829 274.89102173 417.11926270 255 64 64
94.62103271 274.89550781 417.11419678 255 64 64
98.88088989 255.89978027 397.27005005 255 64 64
98.88883209 255.89962769 397.26287842 255 64 64
98.87586212 255.88945007 397.26330566 255 64 64
98.88306427 255.88973999 397.25964355 255 64 64
130.43678284 239.07943726 371.47601318 255 64 64
130.43771362 239.08067322 371.47436523 255 64 64
130.43058777 239.07679749 371.46990967 255 64 64
130.43075562 239.07810974 371.46734619 255 64 64
141.95886230 279.81356812 369.35888672 255 64 64
141.95259094 279.81671143 369.34863281 255 64 64
141.95788574 279.80798340 369.35919189 255 64 64
141.95600891 279.81076050 369.35174561 255 64 64
198.21954346 201.44078064 393.73742676 255 64 64
198.21765137 201.43524170 393.73178101 255 64 64
198.20996094 201.43914795 393.74502563 255 64 64
198.21646118 201.43385315 393.73400879 255 64 64
210.47087097 210.66798401 395.68203735 255 64 64
210.47442627 210.66378784 395.67401123 255 64 64
210.46614075 210.66105652 395.68814087 255 64 64
210.47842407 210.65704346 395.67626953 255 64 64
194.09552002 232.81352234 372.73880005 255 64 64
194.08802795 232.81291199 372.72640991 255 64 64
194.08995056 232.80584717 372.74157715 255 64 64
194.09046936 232.80540466 372.72671509 255 64 64
161.30937195 172.24720764 396.51647949 255 64 64
161.30577087 172.24937439 396.51119995 255 64 64
161.30555725 172.24859619 396.51983643 255 64 64
161.31086731 172.24751282 396.50894165 255 64 64
91.38188171 211.51715088 412.97607422 255 64 64
91.38372803 211.51893616 412.96643066 255 64 64
91.37995911 211.51351929 412.97229004 255 64 64
91.38249207 211.51535034 412.96343994 255 64 64
145.45980835 252.70378113 365.14630127 255 64 64
145.45143127 252.70686340 365.13876343 255 64 64
145.45399475 252.70133972 365.14575195 255 64 64
145.44892883 252.70382690 365.14041138 255 64 64
86.10492706 251.21832275 421.40515137 255 64 64
86.11225891 251.21865845 421.39428711 255 64 64
86.09908295 251.20800781 421.40246582 255 64 64
86.10647583 251.20928955 421.39349365 255 64 64
93.77552795 231.51240540 402.90957642 255 64 64
93.77774048 231.51387024 402.90228271 255 64 64
93.77297211 231.50541687 402.90954590 255 64 64
93.77598572 231.50630188 402.90380859 255 64 64
118.24372101 224.03854370 381.03182983 255 64 64
118.24403381 224.03953552 381.02493286 255 64 64
118.24368286 224.03210449 381.02905273 255 64 64
118.24549866 224.03158569 381.02258301 255 64 64
195.12104797 185.89947510 402.57391357 255 64 64
195.11669922 185.89871216 402.57040405 255 64 64
195.11500549 185.89941406 402.59201050 255 64 64
195.11901855 185.89558411 402.58074951 255 64 64
122.79113770 272.84085083 374.73721313 255 64 64
122.78858948 272.84378052 374.72570801 255 64 64
122.78945160 272.83309937 374.73400879 255 64 64
122.78962708 272.83502197 374.72695923 255 64 64
178.57757568 241.12791443 368.46429443 255 64 64
178.56852722 241.12504578 368.45989990 255 64 64
178.57643127 241.12258911 368.46887207 255 64 64
178.57351685 241.12037659 368.46264648 255 64 64
177.81304932 186.21406555 391.75729370 255 64 64
177.81083679 186.21406555 391.74841309 255 64 64
177.80421448 186.21614075 391.76876831 255 64 64
177.81077576 186.21484375 391.75515747 255 64 64
164.73475647 302.02633667 386.02517700 255 64 64
164.72500610 302.02841187 386.01666260 255 64 64
164.72930908 302.02066040 386.02130127 255 64 64
164.72329712 302.02215576 386.01519775 255 64 64
148.27337646 165.94711304 400.85046387 255 64 64
148.27308655 165.94758606 400.84692383 255 64 64
148.27099609 165.94587708 400.84805298 255 64 64
148.27682495 165.94366455 400.83929443 255 64 64
180.63348389 259.34008789 370.42724609 255 64 64
180.62112427 259.33874512 370.42053223 255 64 64
180.62390137 259.34057617 370.42889404 255 64 64
180.61953735 259.33874512 370.41937256 255 64 64
102.05249023 186.80569458 411.61926270 255 64 64
102.05290985 186.80899048 411.61206055 255 64 64
102.05180359 186.80883789 411.61215210 255 64 64
102.05253601 186.81166077 411.60397339 255 64 64
83.90534973 233.44589233 434.96139526 255 64 64
83.90966797 233.44635010 434.96160889 255 64 64
83.89090729 233.44313049 434.95532227 255 64 64
83.89746857 233.44689941 434.95437622 255 64 64
167.23667908 292.85858154 378.79159546 255 64 64
167.22927856 292.85751343 378.78314209 255 64 64
167.23364258 292.85559082 378.79290771 255 64 64
167.23059082 292.85504150 378.78674316 255 64 64
107.67490387 194.53503418 399.11459351 255 64 64
107.67445374 194.53860474 399.10614014 255 64 64
107.67361450 194.53471375 399.11401367 255 64 64
107.67680359 194.53669739 399.10617065 255 64 64
113.25986481 214.90994263 386.19421387 255 64 64
113.26110840 214.91104126 386.19036865 255 64 64
113.26365662 214.90304565 386.19580078 255 64 64
113.26598358 214.90264893 386.19177246 255 64 64
105.59379578 253.01731873 388.39733887 255 64 64
105.60050201 253.01770020 388.39288330 255 64 64
105.58644104 253.01293945 388.39401245 255 64 64
105.59107971 253.01367188 388.39123535 255 64 64
148.12438965 238.12495422 442.15118408 255 64 64
148.11743164 238.12617493 442.14343262 255 64 64
148.10656738 238.12831116 442.14019775 255 64 64
148.10949707 238.13143921 442.12774658 255 64 64
87.38132477 210.85485840 421.89987183 255 64 64
87.38236237 210.85647583 421.89324951 255 64 64
87.37529755 210.85360718 421.89303589 255 64 64
87.37706757 210.85610962 421.88607788 255 64 64
88.19215393 232.45764160 416.61822510 255 64 64
88.19580078 232.45895386 416.60864258 255 64 64
88.18521881 232.45082092 416.61407471 255 64 64
88.18939972 232.45396423 416.60577393 255 64 64
134.90493774 204.00183105 380.72583008 255 64 64
134.90415955 204.00190735 380.71777344 255 64 64
134.89910889 203.99884033 380.72189331 255 64 64
134.90238953 203.99884033 380.71334839 255 64 64
160.87413025 237.08822632 440.53576660 255 64 64
160.87280273 237.08462524 440.53005981 255 64 64
160.86132812 237.09237671 440.52813721 255 64 64
160.86990356 237.09353638 440.51599121 255 64 64
180.05703735 283.70635986 377.01345825 255 64 64
180.04772949 283.70397949 377.00747681 255 64 64
180.05087280 283.70208740 377.01284790 255 64 64
180.04768372 283.70034790 377.00653076 255 64 64
209.01850891 245.04670715 383.87454224 255 64 64
209.00909424 245.04405212 383.86520386 255 64 64
209.01119995 245.04150391 383.88259888 255 64 64
209.00990295 245.04016113 383.87054443 255 64 64
160.32353210 286.61529541 372.77517700 255 64 64
160.31405640 286.61621094 372.76446533 255 64 64
160.32141113 286.61590576 372.77777100 255 64 64
160.31747437 286.61721802 372.76937866 255 64 64
215.06767273 245.72415161 395.18496704 255 64 64
215.06614685 245.71890259 395.18258667 255 64 64
215.06153870 245.71759033 395.18969727 255 64 64
215.06681824 245.71321106 395.18414307 255 64 64
90.33244324 258.13946533 416.41424561 255 64 64
90.33725739 258.14132690 416.40658569 255 64 64
90.32132721 258.13171387 416.40765381 255 64 64
90.32654572 258.13577271 416.40100098 255 64 64
185.22821045 210.02445984 381.91055298 255 64 64
185.21939087 210.02307129 381.90319824 255 64 64
185.21917725 210.01989746 381.91647339 255 64 64
185.22024536 210.01847839 381.90359497 255 64 64
170.01107788 225.72952271 372.03250122 255 64 64
170.00212097 225.72854614 372.02563477 255 64 64
170.00784302 225.72338867 372.03781128 255 64 64
170.00495911 225.72198486 372.02841187 255 64 64
164.32406616 253.84161377 365.04583740 255 64 64
164.31463623 253.84167480 365.03610229 255 64 64
164.32083130 253.83956909 365.05105591 255 64 64
164.31744385 253.83979797 365.04168701 255 64 64
181.32481384 293.17691040 382.05484009 255 64 64
181.31695557 293.17483521 382.04577637 255 64 64
181.32106018 293.16888428 382.05377197 255 64 64
181.31753540 293.16772461 382.04693604 255 64 64
146.73388672 237.66374207 367.60656738 255 64 64
146.72923279 237.66471863 367.60168457 255 64 64
146.72912598 237.65750122 367.60391235 255 64 64
146.72859192 237.65794373 367.59762573 255 64 64
111.69242859 288.40356445 389.87567139 255 64 64
111.69633484 288.40390015 389.86584473 255 64 64
111.69561768 288.39428711 389.87112427 255 64 64
111.69877625 288.39553833 389.86721802 255 64 64
105.00188446 299.13827515 412.28396606 255 64 64
105.00755310 299.13973999 412.27954102 255 64 64
104.99320984 299.12744141 412.27847290 255 64 64
104.99786377 299.13397217 412.27563477 255 64 64
89.32788849 249.71336365 413.01068115 255 64 64
89.33251953 249.71530151 412.99948120 255 64 64
89.32520294 249.70555115 413.00350952 255 64 64
89.33030701 249.70765686 412.99472046 255 64 64
101.25674438 284.43798828 400.35662842 255 64 64
101.26330566 284.43963623 400.34579468 255 64 64
101.25361633 284.42767334 400.35339355 255 64 64
101.25946045 284.42974854 400.34582520 255 64 64
119.75958252 310.32037354 407.67996216 255 64 64
119.76398468 310.32464600 407.67019653 255 64 64
119.75653076 310.31185913 407.67373657 255 64 64
119.76184845 310.31710815 407.66937256 255 64 64
162.05694580 264.79876709 365.18719482 255 64 64
162.04579163 264.79949951 365.17855835 255 64 64
162.05000305 264.80206299 365.18835449 255 64 64
162.04545593 264.80404663 365.18023682 255 64 64
189.55335999 256.73135376 371.81643677 255 64 64
189.54504395 256.72882080 371.80767822 255 64 64
189.54510498 256.72885132 371.81832886 255 64 64
189.54513550 256.72668457 371.80877686 255 64 64
180.67414856 195.43945312 387.63964844 255 64 64
180.67027283 195.43676758 387.63507080 255 64 64
180.67228699 195.43678284 387.64718628 255 64 64
180.67514038 195.43328857 387.63732910 255 64 64
149.88671875 314.21197510 398.88732910 255 64 64
149.88700867 314.21276855 398.87924194 255 64 64
149.88017273 314.19989014 398.87945557 255 64 64
149.88291931 314.20248413 398.87530518 255 64 64
208.68222046 260.38803101 383.45233154 255 64 64
208.67575073 260.38467407 383.44662476 255 64 64
208.67832947 260.38442993 383.45440674 255 64 64
208.67912292 260.38180542 383.44647217 255 64 64
130.58029175 173.42010498 398.61853027 255 64 64
130.57989502 173.42344666 398.61059570 255 64 64
130.58439636 173.42268372 398.62130737 255 64 64
130.58718872 173.42478943 398.61077881 255 64 64
171.52920532 272.59188843 368.30865479 255 64 64
171.51869202 272.59121704 368.29980469 255 64 64
171.52392578 272.59039307 368.30429077 255 64 64
171.51957703 272.58972168 368.29479980 255 64 64
193.90646362 267.06970215 376.11004639 255 64 64
193.89521790 267.06738281 376.10284424 255 64 64
193.89912415 267.06610107 376.10452271 255 64 64
193.89624023 267.06365967 376.09555054 255 64 64
93.61930847 197.68431091 420.41333008 255 64 64
93.62118530 197.68562317 420.40878296 255 64 64
93.61442566 197.68782043 420.40646362 255 64 64
93.61649323 197.68933105 420.39999390 255 64 64
106.56039429 230.52589417 388.48464966 255 64 64
106.56265259 230.52754211 388.47659302 255 64 64
106.56184387 230.51934814 388.48278809 255 64 64
106.56480408 230.52062988 388.47702026 255 64 64
101.00801849 268.55059814 395.84606934 255 64 64
101.01547241 268.55087280 395.84002686 255 64 64
101.00540161 268.54275513 395.84613037 255 64 64
101.01103973 268.54443359 395.84179688 255 64 64
100.52379608 248.15730286 393.56643677 255 64 64
100.52763367 248.15806580 393.55953979 255 64 64
100.51827240 248.14755249 393.55838013 255 64 64
100.52136230 248.14848328 393.55355835 255 64 64
120.92082977 254.51943970 373.34353638 255 64 64
120.92108154 254.52378845 373.33489990 255 64 64
120.91656494 254.51962280 373.34280396 255 64 64
120.92021179 254.52606201 373.33715820 255 64 64
125.97258759 301.83630371 390.94924927 255 64 64
125.97456360 301.83801270 390.93890381 255 64 64
125.97416687 301.82919312 390.95046997 255 64 64
125.97668457 301.83099365 390.94601440 255 64 64
203.02774048 217.28443909 394.30661011 255 64 64
203.02404785 217.27915955 394.29913330 255 64 64
203.02023315 217.28311157 394.31134033 255 64 64
203.02520752 217.27894592 394.29901123 255 64 64
155.38932800 236.76937866 367.57809448 255 64 64
155.38172913 236.76869202 367.57318115 255 64 64
155.38458252 236.76486206 367.57763672 255 64 64
155.38237000 236.76318359 367.57086182 255 64 64
168.78630066 209.00672913 377.60607910 255 64 64
168.78085327 209.00430298 377.59622192 255 64 64
168.77803040 209.00579834 377.60961914 255 64 64
168.78073120 209.00329590 377.59588623 255 64 64
171.94154358 190.60438538 387.26126099 255 64 64
171.93350220 190.60269165 387.25448608 255 64 64
171.93917847 190.60516357 387.26281738 255 64 64
171.93858337 190.60668945 387.25134277 255 64 64
125.80061340 294.09283447 383.95709229 255 64 64
125.79724121 294.09323120 383.94595337 255 64 64
125.79969788 294.08554077 383.95767212 255 64 64
125.79910278 294.08770752 383.95144653 255 64 64
118.17735291 278.15866089 379.51290894 255 64 64
118.17709351 278.16113281 379.50286865 255 64 64
118.17453003 278.15368652 379.50909424 255 64 64
118.17703247 278.15481567 379.50314331 255 64 64
151.30461121 207.02920532 377.84085083 255 64 64
151.29898071 207.03002930 377.83602905 255 64 64
151.30334473 207.02850342 377.84426880 255 64 64
151.30447388 207.02825928 377.83560181 255 64 64
150.06402588 278.15896606 367.60461426 255 64 64
150.05636597 278.16104126 367.59463501 255 64 64
150.06156921 278.15420532 367.61013794 255 64 64
150.05786133 278.15625000 367.60324097 255 64 64
153.82781982 253.82412720 452.91094971 255 64 64
153.82290649 253.82490540 452.90734863 255 64 64
153.82127380 253.81835938 452.91372681 255 64 64
153.82289124 253.82412720 452.90600586 255 64 64
115.36093140 240.05744934 380.08917236 255 64 64
115.36428833 240.05825806 380.08520508 255 64 64
115.35629272 240.05393982 380.08636475 255 64 64
115.35890198 240.05381775 380.08328247 255 64 64
178.82289124 220.20877075 375.24588013 255 64 64
178.81092834 220.20967102 375.23785400 255 64 64
178.81933594 220.20626831 375.25344849 255 64 64
178.81593323 220.20510864 375.24240112 255 64 64
122.18373108 308.17077637 399.94335938 255 64 64
122.18445587 308.17480469 399.93215942 255 64 64
122.18426514 308.16461182 399.94113159 255 64 64
122.18710327 308.16833496 399.93487549 255 64 64
93.20853424 190.58578491 424.67654419 255 64 64
93.20753479 190.58708191 424.67126465 255 64 64
93.20621490 190.58804321 424.66757202 255 64 64
93.20554352 190.58972168 424.65975952 255 64 64
112.07141113 301.06912231 400.20547485 255 64 64
112.07592773 301.07165527 400.19338989 255 64 64
112.07125854 301.05764771 400.20660400 255 64 64
112.07705688 301.06100464 400.19955444 255 64 64
200.63929749 272.97967529 380.69583130 255 64 64
200.63137817 272.97763062 380.69042969 255 64 64
200.63482666 272.97467041 380.68994141 255 64 64
200.63221741 272.97213745 380.68368530 255 64 64
99.27400970 239.51205444 395.17340088 255 64 64
99.27619934 239.51300049 395.16473389 255 64 64
99.27576447 239.50537109 395.16943359 255 64 64
99.27852631 239.50708008 395.16375732 255 64 64
178.54011536 266.98553467 368.85784912 255 64 64
178.53012085 266.98233032 368.85070801 255 64 64
178.53292847 266.98382568 368.85174561 255 64 64
178.53063965 266.98086548 368.84368896 255 64 64
110.96112823 224.46017456 385.50292969 255 64 64
110.96321106 224.46286011 385.49554443 255 64 64
110.96073914 224.45971680 385.49588013 255 64 64
110.96356201 224.46205139 385.49072266 255 64 64
85.15493774 227.98750305 429.07931519 255 64 64
85.15880585 227.98777771 429.07513428 255 64 64
85.14476013 227.98150635 429.07397461 255 64 64
85.15048981 227.98425293 429.06869507 255 64 64
177.40878296 234.20397949 445.32873535 255 64 64
177.41683960 234.19876099 445.32974243 255 64 64
177.41200256 234.19239807 445.33132935 255 64 64
177.42823792 234.19209290 445.32760620 255 64 64
160.14785767 232.41035461 448.77947998 255 64 64
160.14552307 232.41001892 448.78231812 255 64 64
160.14085388 232.41046143 448.77713013 255 64 64
160.14619446 232.41334534 448.77246094 255 64 64
201.13711548 233.51416016 380.21203613 255 64 64
201.13088989 233.51321411 380.20300293 255 64 64
201.13610840 233.50730896 380.22299194 255 64 64
201.13729858 233.50582886 380.20910645 255 64 64
90.67742157 273.31414795 427.13305664 255 64 64
90.68318176 273.31518555 427.12844849 255 64 64
90.66703796 273.30496216 427.13040161 255 64 64
90.67345428 273.30993652 427.12619019 255 64 64
102.08647919 180.51678467 416.59533691 255 64 64
102.08567047 180.51879883 416.58908081 255 64 64
102.08990479 180.51896667 416.58663940 255 64 64
102.09071350 180.52038574 416.57809448 255 64 64
179.64244080 302.31939697 389.07916260 255 64 64
179.63838196 302.31814575 389.07070923 255 64 64
179.63079834 302.31167603 389.07562256 255 64 64
179.63055420 302.30953979 389.06890869 255 64 64
143.35061646 298.45465088 381.91992188 255 64 64
143.34547424 298.45617676 381.90927124 255 64 64
143.35202026 298.44885254 381.92663574 255 64 64
143.34967041 298.45065308 381.92007446 255 64 64
113.09776306 261.94329834 378.79541016 255 64 64
113.10008240 261.94430542 378.78826904 255 64 64
113.09275818 261.93579102 378.79309082 255 64 64
113.09587097 261.93777466 378.78890991 255 64 64
92.61479950 265.80349731 416.62872314 255 64 64
92.61930847 265.80368042 416.62039185 255 64 64
92.60410309 265.79550171 416.62051392 255 64 64
92.60873413 265.79928589 416.61425781 255 64 64
141.87838745 207.73364258 377.75762939 255 64 64
141.87408447 207.73492432 377.75021362 255 64 64
141.87335205 207.72929382 377.75552368 255 64 64
141.87515259 207.72991943 377.74615479 255 64 64
125.98960876 260.09747314 370.49246216 255 64 64
125.98703003 260.10095215 370.48284912 255 64 64
125.98851013 260.09478760 370.49060059 255 64 64
125.98803711 260.09753418 370.48373413 255 64 64
199.75323486 194.89889526 399.09045410 255 64 64
199.75402832 194.89476013 399.08529663 255 64 64
199.74830627 194.89654541 399.10345459 255 64 64
199.75653076 194.89033508 399.09088135 255 64 64
134.55017090 188.48663330 387.33718872 255 64 64
134.55117798 188.48782349 387.33016968 255 64 64
134.55210876 188.48410034 387.33795166 255 64 64
134.55656433 188.48457336 387.33032227 255 64 64
143.70593262 272.49658203 366.89663696 255 64 64
143.69754028 272.50018311 366.88821411 255 64 64
143.70321655 272.49191284 366.89843750 255 64 64
143.69866943 272.49462891 366.89141846 255 64 64
136.50704956 258.17321777 366.85144043 255 64 64
136.50286865 258.17431641 366.84393311 255 64 64
136.50161743 258.16400146 366.84790039 255 64 64
136.50090027 258.16506958 366.84249878 255 64 64
123.42842102 241.41770935 374.30691528 255 64 64
123.42782593 241.42127991 374.30072021 255 64 64
123.42379761 241.41520691 374.30633545 255 64 64
123.42629242 241.41716003 374.30218506 255 64 64
135.22761536 287.27536011 375.30511475 255 64 64
135.22233582 287.27694702 375.29824829 255 64 64
135.22244263 287.27520752 375.30142212 255 64 64
135.22003174 287.27627563 375.29757690 255 64 64
133.65765381 166.87023926 403.21258545 255 64 64
133.65597534 166.87390137 403.20898438 255 64 64
133.65977478 166.87370300 403.21087646 255 64 64
133.66258240 166.87484741 403.20257568 255 64 64
199.25148010 227.07667542 388.52697754 255 64 64
199.24055481 227.07537842 388.52389526 255 64 64
199.24656677 227.07312012 388.53982544 255 64 64
199.24272156 227.07316589 388.53140259 255 64 64
121.15106201 199.70092773 387.35787964 255 64 64
121.15113831 199.70315552 387.34762573 255 64 64
121.14829254 199.69210815 387.35577393 255 64 64
121.15105438 199.69305420 387.34625244 255 64 64
195.32244873 211.80732727 384.85882568 255 64 64
195.30770874 211.80282593 384.85562134 255 64 64
195.31497192 211.80355835 384.85760498 255 64 64
195.30973816 211.80366516 384.84820557 255 64 64
194.48986816 294.26165771 391.03717041 255 64 64
194.48582458 294.25860596 391.03341675 255 64 64
194.47885132 294.25427246 391.03323364 255 64 64
194.47981262 294.25259399 391.02966309 255 64 64
194.82148743 285.37020874 382.28466797 255 64 64
194.81333923 285.36651611 382.27807617 255 64 64
194.80854797 285.36575317 382.28637695 255 64 64
194.80612183 285.36367798 382.28027344 255 64 64
110.98544312 235.20034790 384.10211182 255 64 64
110.99058533 235.20066833 384.09851074 255 64 64
110.98016357 235.20072937 384.09967041 255 64 64
110.98420715 235.20202637 384.09594727 255 64 64
151.90625000 219.45654297 373.75421143 255 64 64
151.90069580 219.45606995 373.75207520 255 64 64
151.89762878 219.45533752 373.75292969 255 64 64
151.89727783 219.45503235 373.74813843 255 64 64
215.19027710 261.04602051 387.40979004 255 64 64
215.19123840 261.04437256 387.40155029 255 64 64
215.18896484 261.03643799 387.41500854 255 64 64
215.19718933 261.03405762 387.40667725 255 64 64
161.76808167 185.33110046 387.82354736 255 64 64
161.76522827 185.33190918 387.81893921 255 64 64
161.76156616 185.33456421 387.83181763 255 64 64
161.76660156 185.33422852 387.82250977 255 64 64
191.82978821 195.81890869 393.20361328 255 64 64
191.81498718 195.81433105 393.20095825 255 64 64
191.81599426 195.81655884 393.20288086 255 64 64
191.81161499 195.81774902 393.19235229 255 64 64
143.86474609 194.43290710 382.37207031 255 64 64
143.86044312 194.43603516 382.36141968 255 64 64
143.86781311 194.43539429 382.37448120 255 64 64
143.86698914 194.44033813 382.36053467 255 64 64
176.28053284 210.08256531 379.13220215 255 64 64
176.27307129 210.08245850 379.12322998 255 64 64
176.27091980 210.08110046 379.13632202 255 64 64
176.27154541 210.08102417 379.12249756 255 64 64
210.45683289 252.45968628 383.14727783 255 64 64
210.44886780 252.45677185 383.13693237 255 64 64
210.45004272 252.45314026 383.15075684 255 64 64
210.44955444 252.45114136 383.13912964 255 64 64
110.98365784 255.17657471 381.45019531 255 64 64
110.98798370 255.17689514 381.44558716 255 64 64
110.97831726 255.17010498 381.45046997 255 64 64
110.98171997 255.17173767 381.44787598 255 64 64
88.41586304 219.82504272 419.14666748 255 64 64
88.41899109 219.82514954 419.14050293 255 64 64
88.41177368 219.82209778 419.14294434 255 64 64
88.41552734 219.82252502 419.13610840 255 64 64
134.19250488 294.17712402 380.39892578 255 64 64
134.18713379 294.17947388 380.38867188 255 64 64
134.19149780 294.16894531 380.40722656 255 64 64
134.18876648 294.17108154 380.40063477 255 64 64
137.31701660 303.95632935 388.80792236 255 64 64
137.31268311 303.95812988 388.79571533 255 64 64
137.31468201 303.94549561 388.80969238 255 64 64
137.31314087 303.94796753 388.80096436 255 64 64
84.70705414 215.03828430 431.26785278 255 64 64
84.70782471 215.04022217 431.26284790 255 64 64
84.70037842 215.03890991 431.26306152 255 64 64
84.70349884 215.04257202 431.25729370 255 64 64
201.06858826 284.48010254 386.92352295 255 64 64
201.06619263 284.47683716 386.91998291 255 64 64
201.06011963 284.47201538 386.92221069 255 64 64
201.06259155 284.46957397 386.91796875 255 64 64
193.83529663 225.08473206 376.47314453 255 64 64
193.82766724 225.08288574 376.46319580 255 64 64
193.83131409 225.07719421 376.47381592 255 64 64
193.83166504 225.07550049 376.46093750 255 64 64
156.90466309 259.39276123 364.42944336 255 64 64
156.89550781 259.39254761 364.42324829 255 64 64
156.89990234 259.39642334 364.42822266 255 64 64
156.89532471 259.39816284 364.42172241 255 64 64
145.52758789 174.29446411 394.31304932 255 64 64
145.52877808 174.29513550 394.30804443 255 64 64
145.52478027 174.29156494 394.31820679 255 64 64
145.53155518 174.29080200 394.30914307 255 64 64
204.54032898 213.00387573 408.52029419 255 64 64
204.54208374 212.99871826 408.52194214 255 64 64
204.53462219 213.00640869 408.53085327 255 64 64
204.54153442 213.00218201 408.52484131 255 64 64
93.02625275 255.02345276 409.26373291 255 64 64
93.03305817 255.02473450 409.25625610 255 64 64
93.01757812 255.01541138 409.25854492 255 64 64
93.02253723 255.01742554 409.25305176 255 64 64
210.05392456 239.10060120 393.26553345 255 64 64
210.05036926 239.09771729 393.26361084 255 64 64
210.04739380 239.09210205 393.27746582 255 64 64
210.05035400 239.08847046 393.26992798 255 64 64
162.23376465 308.20120239 390.58898926 255 64 64
162.22940063 308.20324707 390.58056641 255 64 64
162.22761536 308.19479370 390.58453369 255 64 64
162.22749329 308.19677734 390.57958984 255 64 64
110.96203613 245.21702576 383.52404785 255 64 64
110.96780396 245.21682739 383.51919556 255 64 64
110.95539856 245.20967102 383.52636719 255 64 64
110.96070862 245.20964050 383.52288818 255 64 64
180.61787415 173.16030884 402.75790405 255 64 64
180.61624146 173.15756226 402.75527954 255 64 64
180.61569214 173.15637207 402.77267456 255 64 64
180.62127686 173.15164185 402.76205444 255 64 64
183.60868835 181.84191895 397.39984131 255 64 64
183.60539246 181.84042358 397.39486694 255 64 64
183.60330200 181.83674622 397.40893555 255 64 64
183.60777283 181.83451843 397.39715576 255 64 64
201.80000305 219.00201416 387.22250366 255 64 64
201.78372192 218.99736023 387.21832275 255 64 64
201.79049683 218.99597168 387.22082520 255 64 64
201.78367615 218.99583435 387.21191406 255 64 64
97.65552521 269.46777344 403.82550049 255 64 64
97.66321564 269.46871948 403.82098389 255 64 64
97.64890289 269.45626831 403.81890869 255 64 64
97.65445709 269.45776367 403.81622314 255 64 64
174.29370117 290.83416748 379.43395996 255 64 64
174.28175354 290.83468628 379.42443848 255 64 64
174.29283142 290.83456421 379.43331909 255 64 64
174.28701782 290.83450317 379.42449951 255 64 64
169.21130371 233.10282898 441.08105469 255 64 64
169.21215820 233.10125732 441.08111572 255 64 64
169.20950317 233.09912109 441.07254028 255 64 64
169.21801758 233.10142517 441.06640625 255 64 64
134.09310913 279.72964478 372.36145020 255 64 64
134.08761597 279.73214722 372.35409546 255 64 64
134.08802795 279.72607422 372.35855103 255 64 64
134.08551025 279.72833252 372.35363770 255 64 64
103.47183228 200.37574768 400.46557617 255 64 64
103.47213745 200.37713623 400.45788574 255 64 64
103.46936798 200.37496948 400.46316528 255 64 64
103.47123718 200.37597656 400.45590210 255 64 64
94.26840973 238.77618408 403.64324951 255 64 64
94.27259827 238.77632141 403.63494873 255 64 64
94.26594543 238.77127075 403.63949585 255 64 64
94.26991272 238.77301025 403.63357544 255 64 64
193.37854004 205.55529785 388.12817383 255 64 64
193.37519836 205.55004883 388.11990356 255 64 64
193.37496948 205.55676270 388.13696289 255 64 64
193.38020325 205.55203247 388.12347412 255 64 64
152.09974670 232.28752136 443.99359131 255 64 64
152.09573364 232.28698730 443.98999023 255 64 64
152.08610535 232.28834534 443.98663330 255 64 64
152.09036255 232.29196167 443.97708130 255 64 64
89.50920868 227.35003662 411.58984375 255 64 64
89.51303101 227.35148621 411.58016968 255 64 64
89.50804138 227.34149170 411.58563232 255 64 64
89.51144409 227.34304810 411.57806396 255 64 64
101.22924805 217.61764526 396.28268433 255 64 64
101.23396301 217.61940002 396.27380371 255 64 64
101.22979736 217.61764526 396.28048706 255 64 64
101.23490143 217.61822510 396.27398682 255 64 64
155.80474854 195.82855225 381.97091675 255 64 64
155.80233765 195.82878113 381.96463013 255 64 64
155.80004883 195.82504272 381.97750854 255 64 64
155.80397034 195.82510376 381.96728516 255 64 64
176.56666565 232.77033997 369.97384644 255 64 64
176.55874634 232.76966858 369.96887207 255 64 64
176.56480408 232.76466370 369.97839355 255 64 64
176.56320190 232.76306152 369.97067261 255 64 64
109.83872223 177.23632812 410.59851074 255 64 64
109.83836365 177.23944092 410.59524536 255 64 64
109.84460449 177.24041748 410.59640503 255 64 64
109.84475708 177.24211121 410.59017944 255 64 64
209.63426208 231.83396912 402.35885620 255 64 64
209.63320923 231.82878113 402.36300659 255 64 64
209.62658691 231.82907104 402.36013794 255 64 64
209.63078308 231.82450867 402.35723877 255 64 64
204.10548401 266.93505859 382.40103149 255 64 64
204.09869385 266.93206787 382.39874268 255 64 64
204.09951782 266.92941284 382.39770508 255 64 64
204.09838867 266.92663574 382.39318848 255 64 64
109.47256470 304.66723633 417.54473877 255 64 64
109.47695160 304.67117310 417.54064941 255 64 64
109.46574402 304.65618896 417.53314209 255 64 64
109.47158813 304.66253662 417.53152466 255 64 64
140.46298218 315.34606934 402.53738403 255 64 64
140.46496582 315.34802246 402.52789307 255 64 64
140.45481873 315.33331299 402.53717041 255 64 64
140.45742798 315.33792114 402.53067017 255 64 64
97.64292145 287.36154175 415.35522461 255 64 64
97.64944458 287.36352539 415.34780884 255 64 64
97.63758850 287.35287476 415.34857178 255 64 64
97.64294434 287.35827637 415.34304810 255 64 64
298.33599854 241.08000183 402.26400757 64 255 128
84.13925171 200.28541565 524.28179932 64 255 128
134.18582153 294.17852783 380.39273071 64 255 128
177.17590332 156.83432007 416.59881592 64 255 128
231.21101379 333.46398926 451.26901245 64 255 128
108.44948578 291.36422729 481.97747803 64 255 128
87.37271881 210.86602783 421.88223267 64 255 128
220.17883301 238.15296936 462.91680908 64 255 128
194.08412170 232.81510925 372.72976685 64 255 128
153.60871887 202.60206604 484.43765259 64 255 128
158.39411926 329.60937500 443.21899414 64 255 128
234.90734863 279.22756958 405.28430176 64 255 128
115.36573029 153.22105408 450.81491089 64 255 128
156.84663391 259.24060059 455.14556885 64 255 128
138.24372864 198.49490356 381.78640747 64 255 128
93.07479095 275.28430176 422.70779419 64 255 128
82.18129730 239.07176208 479.37075806 64 255 128
187.76481628 303.72372437 403.45596313 64 255 128
214.55313110 199.73890686 413.85522461 64 255 128
206.03300476 289.92797852 468.05200195 64 255 128
110.95371246 245.22387695 383.51669312 64 255 128
84.90087891 186.26777649 475.42349243 64 255 128
258.88198853 243.84999084 432.01000977 64 255 128
98.69908142 248.45753479 525.19976807 64 255 128
129.27311707 246.50196838 488.30804443 64 255 128
269.59698486 307.25399780 420.42999268 64 255 128
186.80342102 189.21928406 450.68142700 64 255 128
113.87388611 311.13507080 441.46548462 64 255 128
150.72540283 254.75668335 363.13821411 64 255 128
128.52372742 163.44515991 408.58511353 64 255 128
223.71810913 239.96266174 406.79364014 64 255 128
243.24000549 282.43899536 449.25000000 64 255 128
180.66204834 195.44302368 387.63516235 64 255 128
193.11999512 330.57901001 472.36599731 64 255 128
153.30354309 167.26643372 460.53817749 64 255 128
119.29603577 209.61956787 503.30798340 64 255 128
220.69700623 315.72198486 416.83502197 64 255 128
192.61112976 272.53274536 376.02264404 64 255 128
186.39764404 221.66743469 475.29931641 64 255 128
121.28675079 172.49656677 485.18695068 64 255 128
143.75202942 298.35845947 463.21502686 64 255 128
207.46189880 263.70022583 436.35665894 64 255 128
152.83955383 318.11264038 404.67282104 64 255 128
281.76599121 270.76797485 418.92199707 64 255 128
83.22977448 243.73924255 441.93139648 64 255 128
146.10766602 141.93074036 433.35827637 64 255 128
167.84156799 225.87237549 442.75573730 64 255 128
99.95206451 176.08462524 428.16030884 64 255 128
109.89734650 302.33221436 405.45269775 64 255 128
191.01461792 323.45724487 435.50250244 64 255 128
86.89933014 272.98147583 460.96914673 64 255 128
107.66904449 194.54426575 399.09970093 64 255 128
160.68190002 223.51654053 372.30493164 64 255 128
125.54228210 271.09661865 461.23559570 64 255 128
236.83345032 218.65301514 437.25109863 64 255 128
81.88558960 213.16772461 455.42779541 64 255 128
167.22616577 292.86447144 378.78155518 64 255 128
93.40529633 174.70574951 504.30041504 64 255 128
153.50679016 233.32498169 472.16592407 64 255 128
94.54258728 266.25979614 495.32998657 64 255 128
155.95915222 172.65782166 395.84317017 64 255 128
203.30056763 214.66795349 442.49108887 64 255 128
91.02117920 240.00227356 411.08853149 64 255 128
246.66799927 330.98999023 423.76199341 64 255 128
184.61975098 284.30178833 440.38763428 64 255 128
78.18608856 210.41520691 495.65072632 64 255 128
105.37023926 274.78060913 389.93664551 64 255 128
267.09301758 235.93200684 403.78399658 64 255 128
187.13916016 257.25698853 455.93670654 64 255 128
173.37052917 303.94097900 462.11917114 64 255 128
196.62641907 178.08891296 425.39184570 64 255 128
210.89610291 283.96597290 396.28900146 64 255 128
206.61885071 213.19236755 389.94732666 64 255 128
131.75434875 225.25582886 376.10952759 64 255 128
159.28425598 326.19229126 471.88021851 64 255 128
225.20999146 306.64300537 456.53701782 64 255 128
221.64399719 267.45599365 463.61300659 64 255 128
243.24800110 253.67001343 452.67098999 64 255 128
127.16271210 266.65527344 371.11611938 64 255 128
255.20399475 260.16101074 408.48699951 64 255 128
103.01936340 221.59414673 521.50231934 64 255 128
210.44422913 252.45753479 383.13751221 64 255 128
132.59034729 318.18243408 422.35070801 64 255 128
133.90568542 323.59793091 461.52102661 64 255 128
105.61971283 219.81187439 390.91265869 64 255 128
97.53173065 172.13299561 456.03143311 64 255 128
244.24600220 308.42199707 437.40798950 64 255 128
133.96998596 152.58935547 470.94628906 64 255 128
84.57523346 235.52696228 505.37484741 64 255 128
176.96260071 251.28623962 366.67739868 64 255 128
211.08049011 225.24868774 422.14501953 64 255 128
94.71890259 291.41876221 442.96041870 64 255 128
172.35099792 169.88810730 441.59805298 64 255 128
262.77200317 284.62500000 432.64199829 64 255 128
97.69622803 163.22622681 480.00115967 64 255 128
88.09055328 192.26802063 443.27755737 64 255 128
114.97309875 240.77935791 507.41421509 64 255 128
245.10400391 301.24801636 413.78500366 64 255 128
171.64378357 279.04449463 461.82440186 64 255 128
206.88999939 333.34698486 450.75299072 64 255 128
138.11813354 223.64550781 489.61587524 64 255 128
167.76409912 188.01077271 465.65512085 64 255 128
119.98659515 299.41244507 462.72454834 64 255 128
150.05326843 278.16204834 367.59481812 64 255 128
119.49341583 268.17828369 485.26751709 64 255 128
174.62577820 317.47305298 417.51046753 64 255 128
186.99575806 176.89794922 403.56253052 64 255 128
150.32647705 153.90585327 413.33255005 64 255 128
141.04660034 182.64491272 478.53921509 64 255 128
124.37080383 149.51449585 428.77017212 64 255 128
191.21456909 234.78849792 450.63775635 64 255 128
245.06600952 235.90199280 415.27798462 64 255 128
148.10803223 238.12792969 442.13357544 64 255 128
138.77156067 252.19694519 464.04916382 64 255 128
128.27503967 181.58341980 394.05410767 64 255 128
226.20945740 262.13433838 395.53741455 64 255 128
231.82551575 219.12655640 414.78329468 64 255 128
205.24800110 312.30999756 466.40802002 64 255 128
277.67300415 247.23799133 420.25100708 64 255 128
130.22740173 309.95376587 398.68313599 64 255 128
101.58819580 194.42427063 510.78945923 64 255 128
196.40130615 206.89630127 461.71078491 64 255 128
218.98100281 332.72000122 432.38897705 64 255 128
171.51800537 272.59533691 368.29476929 64 255 128
180.55187988 330.03878784 453.35595703 64 255 128
145.72322083 278.23516846 454.49676514 64 255 128
161.92803955 202.80010986 379.45977783 64 255 128
206.69345093 234.04360962 395.09347534 64 255 128
108.27371216 261.61166382 511.32608032 64 255 128
148.58561707 146.80413818 456.51205444 64 255 128
199.74507141 194.89773560 399.08941650 64 255 128
208.35955811 302.99060059 409.36874390 64 255 128
191.74533081 292.22930908 384.07794189 64 255 128
217.83099365 329.14099121 468.34298706 64 255 128
134.06639099 200.10081482 490.30453491 64 255 128
181.69250488 214.43878174 378.84552002 64 255 128
255.74600220 266.13000488 439.57400513 64 255 128
172.70492554 205.10147095 477.15185547 64 255 128
254.35798645 281.31900024 411.23699951 64 255 128
98.87365723 255.90124512 397.25869751 64 255 128
205.61019897 285.81335449 446.17443848 64 255 128
166.22848511 147.62292480 434.51712036 64 255 128
86.18920135 264.20635986 439.52761841 64 255 128
223.76196289 219.25541687 453.00640869 64 255 128
129.60902405 245.03706360 370.08129883 64 255 128
102.84181213 301.91098022 426.44046021 64 255 128
168.45623779 310.54989624 394.02255249 64 255 128
77.80623627 205.33660889 475.60852051 64 255 128
82.51596069 253.14759827 460.89941406 64 255 128
97.96179199 292.62374878 464.32971191 64 255 128
205.62802124 195.52923584 433.83731079 64 255 128
81.57717133 192.71934509 504.81478882 64 255 128
113.82003784 151.12322998 471.59829712 64 255 128
109.83327484 177.24966431 410.58496094 64 255 128
169.90240479 225.18690491 463.55822754 64 255 128
238.78100586 234.39900208 453.76797485 64 255 128
86.70171356 256.51174927 421.16934204 64 255 128
170.91874695 245.25085449 453.63778687 64 255 128
93.01258850 279.36660767 480.82672119 64 255 128
119.45037079 207.05378723 385.53778076 64 255 128
94.18115997 192.76364136 419.47030640 64 255 128
113.68070984 186.90229797 496.25952148 64 255 128
84.20857239 222.97163391 436.98583984 64 255 128
80.69163513 232.44697571 457.78808594 64 255 128
225.18540955 295.67654419 407.48306274 64 255 128
227.56401062 287.61898804 459.11700439 64 255 128
205.72274780 248.35556030 450.86956787 64 255 128
84.39450073 218.16722107 513.54254150 64 255 128
153.33630371 323.85314941 423.38668823 64 255 128
204.21553040 225.90966797 465.05227661 64 255 128
131.21611023 143.78355408 446.15063477 64 255 128
85.78942871 261.03509521 478.10458374 64 255 128
117.18405151 293.98092651 389.07757568 64 255 128
108.12786865 159.69728088 432.87109375 64 255 128
99.14099884 286.36679077 405.69985962 64 255 128
196.48406982 312.60986328 420.44607544 64 255 128
191.94474792 276.49340820 457.37716675 64 255 128
161.73774719 219.42590332 483.31259155 64 255 128
272.89398193 287.02801514 417.09399414 64 255 128
289.63198853 256.06097412 409.03500366 64 255 128
150.90519714 305.78732300 388.22839355 64 255 128
240.57820129 251.43795776 405.25689697 64 255 128
191.25521851 297.39303589 457.50585938 64 255 128
131.77119446 321.48065186 440.34060669 64 255 128
92.63475037 220.60827637 407.07150269 64 255 128
195.26097107 252.68861389 372.19155884 64 255 128
146.71632385 237.66513062 367.60235596 64 255 128
153.34371948 187.86788940 385.34585571 64 255 128
242.45100403 235.14599609 432.86801147 64 255 128
254.03698730 316.66699219 416.22097778 64 255 128
222.84690857 207.64221191 435.75134277 64 255 128
89.23442078 217.47805786 531.60479736 64 255 128
108.51031494 276.82028198 497.39462280 64 255 128
123.65682220 228.03089905 499.08163452 64 255 128
284.57299805 233.64900208 410.02899170 64 255 128
145.63026428 214.32708740 375.21426392 64 255 128
176.55827332 232.77110291 369.97103882 64 255 128
204.53102112 213.00372314 408.52590942 64 255 128
131.63845825 288.05844116 454.93652344 64 255 128
79.12742615 222.47723389 471.97775269 64 255 128
83.36311340 195.09469604 459.87136841 64 255 128
269.76000977 261.81399536 427.21701050 64 255 128
88.25273895 250.42968750 494.94665527 64 255 128
171.44741821 167.10200500 404.14474487 64 255 128
169.05773926 323.08770752 432.70336914 64 255 128
155.42379761 310.64910889 463.62313843 64 255 128
237.28799438 317.80999756 416.08801270 64 255 128
160.79565430 291.71966553 463.58761597 64 255 128
235.94599915 337.05401611 435.02398682 64 255 128
206.80131531 271.31610107 386.13641357 64 255 128
118.16443634 278.16821289 379.49990845 64 255 128
106.64350891 168.77806091 492.95648193 64 255 128
88.87755585 231.55043030 522.80450439 64 255 128
206.03999329 323.95291138 428.46093750 64 255 128
185.10530090 166.96380615 429.92956543 64 255 128
182.96092224 197.29518127 466.50460815 64 255 128
99.26725769 239.52095032 395.15841675 64 255 128
177.30853271 321.20648193 470.12896729 64 255 128
113.08658600 261.94543457 378.78747559 64 255 128
231.57699585 317.82699585 446.28201294 64 255 128
273.36801147 258.15399170 408.59600830 64 255 128
92.59920502 254.22254944 510.45727539 64 255 128
117.52220154 310.74658203 421.74093628 64 255 128
88.42139435 175.80337524 488.75115967 64 255 128
106.49778748 304.76962280 454.75561523 64 255 128
168.21643066 182.62977600 390.88232422 64 255 128
237.23500061 297.71102905 450.32098389 64 255 128
139.45327759 170.47529602 398.50143433 64 255 128
130.52308655 259.90545654 475.42178345 64 255 128
79.75106812 226.64253235 492.53875732 64 255 128
201.87599182 184.72091675 411.46383667 64 255 128
116.60768127 255.03771973 499.20623779 64 255 128
205.20100403 264.08999634 463.98199463 64 255 128
204.20930481 212.50759888 425.99224854 64 255 128
238.20599365 268.05697632 457.75900269 64 255 128
160.44871521 155.72166443 447.21688843 64 255 128
97.16407013 204.85057068 405.33639526 64 255 128
157.06529236 236.90045166 455.55606079 64 255 128
162.69361877 240.08555603 366.16943359 64 255 128
120.07947540 313.96090698 456.45629883 64 255 128
134.69767761 168.46965027 475.39505005 64 255 128
141.44093323 241.18669128 479.85125732 64 255 128
257.14001465 300.07400513 433.71200562 64 255 128
165.81039429 333.41281128 457.91339111 64 255 128
87.16612244 228.38835144 421.35192871 64 255 128
180.04608154 283.71054077 377.00256348 64 255 128
117.19178772 280.34844971 470.65411377 64 255 128
172.40927124 261.72711182 458.16744995 64 255 128
155.73684692 189.62368774 475.20108032 64 255 128
165.05018616 175.17889404 454.50164795 64 255 128
115.49433136 162.09124756 419.20327759 64 255 128
264.05902100 235.90399170 419.73999023 64 255 128
140.09854126 264.21426392 454.09033203 64 255 128
116.46395111 231.09184265 380.65475464 64 255 128
135.42657471 152.59075928 417.64465332 64 255 128
180.54852295 222.93222046 451.95526123 64 255 128
84.77081299 207.69993591 437.42529297 64 255 128
148.91572571 292.33361816 376.42404175 64 255 128
127.74392700 186.18522644 487.52188110 64 255 128
107.16283417 208.39241028 513.78399658 64 255 128
224.35800171 252.09999084 458.78198242 64 255 128
197.46789551 273.60113525 440.26702881 64 255 128
144.20178223 327.67306519 448.80014038 64 255 128
97.64502716 269.47259521 403.81631470 64 255 128
205.24209595 223.76167297 378.15625000 64 255 128
188.02572632 179.59439087 437.78622437 64 255 128
193.36790466 205.56175232 388.12243652 64 255 128
190.25439453 167.99749756 415.78912354 64 255 128
212.90083313 224.12193298 438.73086548 64 255 128
105.17286682 160.50752258 463.77062988 64 255 128
179.62533569 302.32376099 389.06329346 64 255 128
123.25259399 145.49714661 461.39941406 64 255 128
162.83528137 149.24848938 419.89996338 64 255 128
255.70800781 245.13800049 406.31900024 64 255 128
260.97399902 295.16400146 413.56500244 64 255 128
200.20213318 201.14625549 448.32766724 64 255 128
220.44200134 322.03900146 455.69400024 64 255 128
190.78298950 312.87701416 463.83999634 64 255 128
82.01114655 190.17672729 489.41152954 64 255 128
199.34155273 297.96649170 397.43676758 64 255 128
88.20075226 188.08274841 517.28369141 64 255 128
157.52676392 274.97045898 462.74679565 64 255 128
134.07684326 279.73629761 372.35299683 64 255 128
214.52764893 230.93995667 409.24804688 64 255 128
92.60834503 172.85910034 470.33532715 64 255 128
96.24880219 288.77578735 427.49801636 64 255 128
88.49299622 278.42999268 447.33978271 64 255 128
131.79750061 307.14337158 463.90072632 64 255 128
111.48360443 157.63012695 484.40740967 64 255 128
242.28100586 267.15698242 406.68801880 64 255 128
228.39100647 327.28399658 422.99301147 64 255 128
265.03198242 271.72100830 411.29498291 64 255 128
106.03280640 238.20651245 518.34564209 64 255 128
193.47900391 333.60900879 455.74301147 64 255 128
223.94239807 277.57650757 400.90026855 64 255 128
240.30700684 321.64599609 434.04702759 64 255 128
114.79884338 225.61712646 509.70166016 64 255 128
197.15446472 258.38351440 442.11328125 64 255 128
252.59899902 252.57098389 441.90698242 64 255 128
190.09542847 226.49804688 462.57751465 64 255 128
105.30282593 162.49052429 448.38067627 64 255 128
146.70620728 328.89312744 464.40631104 64 255 128
215.05789185 245.72293091 395.18121338 64 255 128
122.79472351 194.14970398 389.32507324 64 255 128
202.56031799 238.44781494 459.58416748 64 255 128
139.87382507 264.75924683 365.81307983 64 255 128
150.99816895 177.49737549 469.62185669 64 255 128
147.82254028 248.84193420 455.26733398 64 255 128
211.12109375 224.34475708 452.42855835 64 255 128
212.19499207 277.88299561 466.18499756 64 255 128
165.76121521 259.06005859 365.65161133 64 255 128
175.49191284 157.44944763 432.39718628 64 255 128
183.46394348 286.19326782 462.21383667 64 255 128
143.40144348 319.38061523 414.23706055 64 255 128
143.76191711 325.42965698 432.56167603 64 255 128
247.37899780 293.03601074 441.95898438 64 255 128
156.17897034 143.12606812 442.50030518 64 255 128
205.19999695 324.86700439 474.06701660 64 255 128
272.68600464 277.43899536 426.51501465 64 255 128
230.96890259 248.07890320 398.18743896 64 255 128
157.07032776 162.38079834 404.52252197 64 255 128
279.67300415 245.31300354 405.54699707 64 255 128
102.95558929 302.20449829 442.02410889 64 255 128
129.35224915 213.68762207 495.86560059 64 255 128
85.11453247 241.29458618 428.70324707 64 255 128
213.58299255 300.30099487 464.39199829 64 255 128
204.24429321 241.53703308 375.43023682 64 255 128
95.34517670 179.33454895 440.42016602 64 255 128
121.90943146 173.56965637 403.05630493 64 255 128
177.41209412 234.20239258 445.32839966 64 255 128
142.96218872 180.69990540 390.16046143 64 255 128
223.72109985 211.35913086 421.96801758 64 255 128
232.05000305 304.67599487 410.99798584 64 255 128
203.11517334 223.24679565 400.60473633 64 255 128
89.56480408 184.47172546 453.94711304 64 255 128
211.28291321 205.31610107 399.78710938 64 255 128
93.01526642 255.02946472 409.24896240 64 255 128
185.73231506 312.33627319 413.94714355 64 255 128
188.61457825 208.71940613 472.48013306 64 255 128
106.54251862 287.91424561 394.45922852 64 255 128
160.86257935 237.09226990 440.52169800 64 255 128
196.40136719 189.47828674 441.67376709 64 255 128
100.22036743 295.25674438 415.32189941 64 255 128
143.90588379 160.77038574 466.86001587 64 255 128
187.53356934 187.93185425 395.84237671 64 255 128
137.31207275 303.96011353 388.79925537 64 255 128
230.13088989 228.13302612 461.38519287 64 255 128
122.12287903 198.89515686 496.34521484 64 255 128
165.88999939 317.70562744 406.15054321 64 255 128
232.23338318 229.57766724 406.55520630 64 255 128
252.75199890 279.91101074 440.79901123 64 255 128
124.21733856 160.85749817 480.06927490 64 255 128
142.51615906 209.68904114 488.91046143 64 255 128
269.08200073 295.35202026 426.23699951 64 255 128
110.64064789 300.06890869 473.01959229 64 255 128
97.64533997 210.05744934 523.74487305 64 255 128
238.67790222 228.60339355 421.38125610 64 255 128
100.82642365 272.02026367 506.46279907 64 255 128
173.99252319 221.40563965 476.34689331 64 255 128
207.29853821 314.93600464 419.05657959 64 255 128
236.40013123 221.96388245 451.48995972 64 255 128
105.37869263 207.53573608 394.66897583 64 255 128
219.63400269 335.14498901 446.19699097 64 255 128
163.32958984 281.65649414 371.68759155 64 255 128
186.49327087 261.90869141 371.67144775 64 255 128
82.09822083 204.96293640 508.19641113 64 255 128
251.21598816 314.52999878 428.40100098 64 255 128
247.32699585 266.36898804 449.11001587 64 255 128
150.03858948 223.49836731 483.83828735 64 255 128
140.74987793 160.71257019 406.76473999 64 255 128
142.73684692 315.41186523 465.71737671 64 255 128
119.75318146 310.32916260 407.67041016 64 255 128
199.03288269 281.10293579 382.99307251 64 255 128
221.07731628 220.31170654 430.54733276 64 255 128
133.81611633 211.12095642 378.80004883 64 255 128
179.96055603 325.00942993 440.14727783 64 255 128
243.50700378 287.45300293 410.96600342 64 255 128
92.54464722 188.73362732 432.02655029 64 255 128
121.37910461 218.64820862 381.06655884 64 255 128
116.64229584 186.10722351 397.53698730 64 255 128
198.10000610 330.13998413 442.46600342 64 255 128
102.04476166 186.82229614 411.60147095 64 255 128
214.87440491 293.49844360 402.75399780 64 255 128
102.97807312 184.49800110 503.33441162 64 255 128
202.50399780 332.74200439 464.56500244 64 255 128
176.26452637 311.64270020 404.92700195 64 255 128
135.80207825 145.38883972 461.01443481 64 255 128
182.85282898 245.26695251 451.98330688 64 255 128
123.89611816 316.12585449 431.13284302 64 255 128
201.23764038 261.50460815 378.63198853 64 255 128
89.43164825 275.77145386 434.61544800 64 255 128
99.26280975 259.46368408 519.32049561 64 255 128
158.02458191 268.40908813 365.38327026 64 255 128
197.56694031 219.55152893 470.73095703 64 255 128
199.51799011 300.29299927 468.83599854 64 255 128
84.12255096 254.78822327 448.72387695 64 255 128
236.42572021 239.85589600 405.81213379 64 255 128
177.36700439 181.75559998 451.40332031 64 255 128
148.10264587 240.18772888 463.13211060 64 255 128
83.25501251 239.94068909 491.60113525 64 255 128
120.90590668 254.53639221 373.33587646 64 255 128
139.02079773 252.44119263 366.15939331 64 255 128
144.19549561 195.39187622 483.69409180 64 255 128
121.44812775 241.08416748 497.42486572 64 255 128
194.71080017 217.64978027 380.40655518 64 255 128
143.84530640 141.41433716 445.26470947 64 255 128
261.24600220 255.51899719 433.61499023 64 255 128
205.14016724 188.72622681 423.75378418 64 255 128
80.89133453 242.00686646 467.68124390 64 255 128
91.00366211 284.01660156 459.02700806 64 255 128
231.66300964 242.36599731 459.60000610 64 255 128
194.32118225 289.82479858 448.35839844 64 255 128
176.88462830 332.07464600 467.04608154 64 255 128
93.81182861 167.01333618 495.14364624 64 255 128
76.53475189 213.86717224 483.84387207 64 255 128
164.72302246 302.03030396 386.01303101 64 255 128
182.44183350 319.07040405 427.55813599 64 255 128
147.71630859 286.46871948 462.94168091 64 255 128
140.45471191 315.35067749 402.52813721 64 255 128
277.44998169 230.75898743 401.06298828 64 255 128
235.34785461 215.52699280 425.70373535 64 255 128
99.19065094 234.35005188 527.93914795 64 255 128
240.91378784 229.05192566 442.67407227 64 255 128
217.35281372 272.24990845 393.79351807 64 255 128
187.44111633 241.99319458 369.89028931 64 255 128
118.45121002 303.83456421 397.35897827 64 255 128
149.15040588 226.26492310 371.62872314 64 255 128
84.64538574 252.09320068 433.23953247 64 255 128
113.38313293 278.32537842 485.68481445 64 255 128
184.72634888 225.19914246 375.14050293 64 255 128
121.84490204 285.75451660 459.94622803 64 255 128
243.05500793 240.88800049 445.03500366 64 255 128
192.70445251 247.94941711 445.75732422 64 255 128
202.47244263 217.05607605 456.00631714 64 255 128
93.76755524 231.51974487 402.89862061 64 255 128
199.23686218 227.08277893 388.53292847 64 255 128
89.58705139 242.05476379 517.89550781 64 255 128
88.40670776 271.26736450 473.38079834 64 255 128
218.63499451 333.41299438 457.60000610 64 255 128
175.29995728 176.15130615 397.84240723 64 255 128
134.16600037 276.72851562 454.05792236 64 255 128
166.45100403 314.16510010 467.02725220 64 255 128
208.50199890 330.86599731 437.12197876 64 255 128
157.45234680 213.16229248 376.38204956 64 255 128
118.78512573 149.84846497 440.29495239 64 255 128
164.00155640 192.49653625 384.18655396 64 255 128
112.30796814 267.08734131 502.07852173 64 255 128
133.99295044 144.60745239 432.45486450 64 255 128
133.13523865 233.99720764 490.07495117 64 255 128
230.96282959 213.36125183 446.00775146 64 255 128
268.55200195 247.69499207 405.93698120 64 255 128
82.13102722 231.63166809 446.36520386 64 255 128
255.59800720 305.14498901 415.69400024 64 255 128
143.42500305 146.80262756 423.24407959 64 255 128
84.77822876 181.74742126 497.77008057 64 255 128
83.79016113 203.89778137 449.15335083 64 255 128
134.54367065 188.49494934 387.32589722 64 255 128
234.12565613 267.98580933 401.72183228 64 255 128
128.22180176 320.03369141 451.17199707 64 255 128
164.65878296 227.71806335 475.49002075 64 255 128
198.05770874 305.11190796 411.30700684 64 255 128
251.11898804 237.10200500 424.72601318 64 255 128
92.60147095 265.81069946 416.61761475 64 255 128
171.05476379 217.15768433 375.84735107 64 255 128
149.53479004 199.16050720 380.41043091 64 255 128
163.50114441 199.26258850 476.70861816 64 255 128
94.01033020 284.22665405 470.60470581 64 255 128
83.46066284 249.81120300 481.98779297 64 255 128
109.42665100 248.42941284 513.35125732 64 255 128
208.49995422 260.61315918 450.67260742 64 255 128
229.60301208 274.93301392 461.35397339 64 255 128
100.88265228 169.73692322 439.64559937 64 255 128
113.72080994 199.91192627 503.35644531 64 255 128
106.17519379 169.82231140 421.31741333 64 255 128
102.61538696 283.97552490 487.65567017 64 255 128
104.41036987 262.80718994 390.14254761 64 255 128
131.40141296 315.34820557 408.96347046 64 255 128
180.21948242 272.20925903 460.22842407 64 255 128
278.39999390 258.28601074 419.53900146 64 255 128
207.99835205 271.94586182 446.63473511 64 255 128
273.54400635 235.08599854 414.05499268 64 255 128
215.73799133 313.26602173 460.56500244 64 255 128
222.94903564 252.54109192 391.55773926 64 255 128
165.20492554 230.01968384 451.91821289 64 255 128
89.74241638 270.01779175 486.01950073 64 255 128
98.75748444 296.93585205 453.26260376 64 255 128
175.11338806 203.32630920 382.37915039 64 255 128
211.80758667 198.66288757 424.49716187 64 255 128
122.48783112 256.44564819 490.17443848 64 255 128
124.66859436 155.49282837 419.50149536 64 255 128
106.55374146 230.53587341 388.47274780 64 255 128
265.62197876 271.65200806 432.53799438 64 255 128
80.29747772 199.30160522 495.10263062 64 255 128
196.23733521 267.52911377 453.73580933 64 255 128
191.01293945 196.97073364 457.20046997 64 255 128
216.81631470 306.64077759 412.98138428 64 255 128
85.87981415 267.49996948 449.99707031 64 255 128
215.18554688 261.04394531 387.40582275 64 255 128
164.49151611 320.05041504 418.77636719 64 255 128
215.21299744 257.25900269 461.32098389 64 255 128
201.77899170 279.16000366 468.73501587 64 255 128
79.13054657 212.16491699 467.27801514 64 255 128
87.98550415 201.20239258 429.37576294 64 255 128
88.26138306 266.52395630 427.19464111 64 255 128
86.85944366 185.81304932 464.71722412 64 255 128
152.15136719 269.03289795 454.69271851 64 255 128
154.14169312 156.26679993 455.94088745 64 255 128
81.28627777 241.89553833 452.71047974 64 255 128
124.39698792 236.57865906 375.45648193 64 255 128
207.27630615 193.31553650 407.72387695 64 255 128
188.96372986 329.51342773 446.58398438 64 255 128
157.23086548 228.20828247 443.96530151 64 255 128
160.19239807 249.04411316 453.96163940 64 255 128
207.56137085 241.07420349 387.05001831 64 255 128
122.11455536 269.90313721 475.20553589 64 255 128
109.45954895 304.67697144 417.53610229 64 255 128
132.40965271 260.22387695 460.56896973 64 255 128
160.80781555 230.77487183 463.53793335 64 255 128
82.23200989 221.20019531 448.33639526 64 255 128
181.31147766 293.17584229 382.04223633 64 255 128
220.88748169 226.15863037 418.23068237 64 255 128
172.74795532 293.25131226 463.74752808 64 255 128
138.06269836 249.65036011 474.29891968 64 255 128
215.51600647 323.98599243 424.95199585 64 255 128
168.89570618 328.78067017 447.27578735 64 255 128
96.29788208 278.67388916 413.05883789 64 255 128
86.55255127 181.31636047 509.32699585 64 255 128
164.27806091 165.81686401 446.90118408 64 255 128
80.94645691 219.03108215 501.01889038 64 255 128
80.74553680 195.91911316 472.13421631 64 255 128
135.95158386 233.94323730 371.51593018 64 255 128
285.95700073 246.99099731 413.84698486 64 255 128
197.09199524 320.16799927 467.85101318 64 255 128
289.67098999 235.30400085 401.07699585 64 255 128
156.36920166 142.78686523 431.38333130 64 255 128
234.94699097 293.12701416 409.13299561 64 255 128
126.90055084 316.64324951 465.07589722 64 255 128
84.79949951 210.67968750 523.55963135 64 255 128
221.51583862 219.07275391 441.38656616 64 255 128
236.68701172 308.76498413 446.22201538 64 255 128
171.58026123 196.39649963 470.45086670 64 255 128
268.91400146 247.86199951 425.72702026 64 255 128
235.14799500 255.33700562 458.88900757 64 255 128
153.85678101 331.66418457 457.23150635 64 255 128
131.68733215 178.69082642 481.46063232 64 255 128
95.15921021 245.91847229 402.15396118 64 255 128
84.65992737 260.89666748 467.68923950 64 255 128
94.65416718 200.33747864 521.78387451 64 255 128
195.10690308 185.90412903 402.57806396 64 255 128
96.46573639 262.27081299 505.42819214 64 255 128
204.84089661 276.31604004 435.35113525 64 255 128
259.66198730 308.62100220 424.46600342 64 255 128
176.64634705 189.28550720 460.94342041 64 255 128
264.20199585 282.22598267 413.91400146 64 255 128
129.43025208 298.47250366 458.77114868 64 255 128
126.27388763 287.40994263 379.18612671 64 255 128
213.14147949 229.01290894 462.17791748 64 255 128
96.62494659 224.72851562 530.37426758 64 255 128
128.36955261 202.64547729 383.13528442 64 255 128
81.44936371 231.78150940 468.11758423 64 255 128
180.42514038 211.37654114 478.23852539 64 255 128
81.40298462 222.98506165 461.48794556 64 255 128
148.26747131 165.94941711 400.83834839 64 255 128
154.92851257 300.05307007 462.80072021 64 255 128
112.96881104 306.65582275 464.87069702 64 255 128
99.00396729 213.56646729 399.82089233 64 255 128
286.56701660 266.29800415 411.14498901 64 255 128
79.74023438 229.38775635 481.00421143 64 255 128
161.17999268 180.68656921 464.19589233 64 255 128
107.94238281 178.20799255 496.52288818 64 255 128
196.64234924 319.48068237 428.47033691 64 255 128
125.96961975 301.83941650 390.94396973 64 255 128
177.79750061 186.22282410 391.75183105 64 255 128
167.04956055 159.55142212 409.40380859 64 255 128
113.25321198 214.91589355 386.18591309 64 255 128
253.34399414 271.63500977 408.71200562 64 255 128
79.12390900 200.79631042 485.14038086 64 255 128
110.73653412 156.05831909 442.30139160 64 255 128
171.62986755 150.50131226 424.66326904 64 255 128
111.64897156 153.05459595 461.93014526 64 255 128
195.97984314 290.26278687 465.05999756 64 255 128
89.03844452 260.28649902 487.97851562 64 255 128
280.43197632 280.64199829 419.93499756 64 255 128
98.53893280 275.49716187 497.32870483 64 255 128
250.95999146 241.82798767 437.77499390 64 255 128
87.49450684 247.32951355 417.33282471 64 255 128
108.93010712 185.97604370 404.24520874 64 255 128
99.35449982 287.22833252 478.65609741 64 255 128
110.85708618 270.96044922 382.45211792 64 255 128
105.58203125 253.02133179 388.38833618 64 255 128
189.29003906 297.50851440 395.35015869 64 255 128
110.91178131 307.42410278 429.18414307 64 255 128
93.77214050 201.36483765 414.32733154 64 255 128
152.51339722 212.60247803 485.66500854 64 255 128
143.34956360 298.45870972 381.91595459 64 255 128
83.88832092 233.45838928 434.94879150 64 255 128
198.09165955 183.95043945 433.45831299 64 255 128
162.97274780 264.07678223 461.42910767 64 255 128
122.93785858 316.62780762 442.03579712 64 255 128
180.59786987 167.58003235 408.16052246 64 255 128
143.51152039 151.13520813 463.93548584 64 255 128
197.85453796 282.80621338 437.02786255 64 255 128
245.61900330 336.25900269 437.06701660 64 255 128
110.74605560 282.65972900 386.65875244 64 255 128
98.93264771 225.26785278 397.26193237 64 255 128
232.73699951 326.77600098 442.25500488 64 255 128
159.01289368 312.84680176 395.43817139 64 255 128
176.58348083 261.11947632 367.33355713 64 255 128
102.55854797 160.72442627 488.23196411 64 255 128
201.12875366 233.51724243 380.20916748 64 255 128
245.47100830 323.20401001 416.77700806 64 255 128
182.00561523 296.81607056 462.47921753 64 255 128
257.17098999 235.00500488 412.80801392 64 255 128
289.22000122 246.76100159 403.82098389 64 255 128
97.49939728 183.65028381 422.39147949 64 255 128
116.40207672 289.53018188 467.37200928 64 255 128
153.42414856 319.91192627 466.78372192 64 255 128
143.95910645 170.24026489 469.45965576 64 255 128
216.29100037 286.45898438 463.87197876 64 255 128
180.95414734 225.61286926 464.62252808 64 255 128
156.25953674 326.78219604 432.79718018 64 255 128
188.37899780 333.73300171 464.04400635 64 255 128
197.45658875 226.82962036 457.18646240 64 255 128
169.78425598 327.05880737 471.81323242 64 255 128
234.85237122 257.38122559 400.89987183 64 255 128
142.27532959 232.64358521 484.55853271 64 255 128
236.25099182 283.32702637 455.93899536 64 255 128
113.50961304 201.48435974 391.12716675 64 255 128
201.38754272 289.78204346 392.23968506 64 255 128
110.08996582 217.69235229 513.37109375 64 255 128
216.52999878 250.39198303 453.33901978 64 255 128
166.51518250 249.02728271 364.86087036 64 255 128
117.00789642 179.38342285 490.57125854 64 255 128
153.58193970 244.44918823 365.47528076 64 255 128
277.07400513 267.39401245 409.66201782 64 255 128
122.84738159 152.41499329 475.47436523 64 255 128
91.37708282 211.52629089 412.96078491 64 255 128
167.98684692 156.72296143 438.51327515 64 255 128
131.72401428 258.55902100 368.61398315 64 255 128
142.49389648 285.85513306 372.54513550 64 255 128
206.63948059 205.32373047 413.69097900 64 255 128
179.70062256 176.37721252 441.41903687 64 255 128
255.66000366 290.24099731 435.87600708 64 255 128
115.66378021 153.08441162 431.74731445 64 255 128
119.97203064 245.10633850 375.39410400 64 255 128
82.82943726 250.66363525 471.30740356 64 255 128
153.44146729 232.30474854 436.08364868 64 255 128
168.04939270 237.30216980 447.01748657 64 255 128
105.70842743 156.45629883 476.83535767 64 255 128
180.65713501 273.68704224 371.60925293 64 255 128
121.40660095 218.98838806 503.00872803 64 255 128
211.42100525 320.66198730 464.74002075 64 255 128
84.69609833 215.05673218 431.25332642 64 255 128
124.72703552 313.49270630 415.48886108 64 255 128
256.03900146 324.22000122 421.63598633 64 255 128
81.70819855 197.84667969 514.49157715 64 255 128
84.30294800 227.48411560 511.86322021 64 255 128
227.31106567 285.01937866 404.59948730 64 255 128
95.11514282 185.35223389 509.90481567 64 255 128
142.66992188 310.44525146 394.71392822 64 255 128
234.81201172 234.79301453 416.06900024 64 255 128
245.49800110 313.65698242 413.48599243 64 255 128
273.01300049 276.46301270 413.08401489 64 255 128
155.39060974 299.83987427 382.48745728 64 255 128
140.70115662 287.33828735 456.50717163 64 255 128
162.96359253 207.33209229 481.92877197 64 255 128
122.58226013 308.82839966 467.51589966 64 255 128
184.48580933 204.56550598 384.59979248 64 255 128
170.16769409 222.06092834 451.45852661 64 255 128
240.40634155 226.29071045 431.53903198 64 255 128
202.84381104 207.21681213 435.67486572 64 255 128
203.33853149 205.25978088 393.84207153 64 255 128
81.03510284 204.36582947 462.39379883 64 255 128
251.49899292 294.40600586 413.57800293 64 255 128
188.01100159 322.72000122 471.19500732 64 255 128
169.99555969 225.73402405 372.02340698 64 255 128
244.96899414 242.32099915 408.48699951 64 255 128
130.57090759 173.43237305 398.60595703 64 255 128
98.45654297 165.61404419 470.71179199 64 255 128
208.90815735 225.37597656 411.84671021 64 255 128
238.25700378 245.82299805 453.31298828 64 255 128
136.87445068 189.07229614 483.96765137 64 255 128
237.70600891 329.16799927 422.05398560 64 255 128
141.35966492 321.93548584 423.72912598 64 255 128
158.06234741 291.02603149 375.44021606 64 255 128
101.65290070 277.78292847 397.87188721 64 255 128
145.91241455 241.74404907 471.90249634 64 255 128
191.80897522 195.81762695 393.19747925 64 255 128
194.25593567 177.46517944 409.33584595 64 255 128
129.87171936 255.36271667 483.34225464 64 255 128
91.83477020 172.42698669 479.58804321 64 255 128
246.17799377 278.27798462 408.38000488 64 255 128
99.84806061 194.79295349 407.56283569 64 255 128
110.11998749 296.15039062 396.80187988 64 255 128
152.55381775 147.26124573 422.10061646 64 255 128
117.69880676 169.03398132 409.97518921 64 255 128
263.04000854 255.43698120 408.60198975 64 255 128
165.17070007 255.61425781 457.96539307 64 255 128
146.95593262 306.94671631 464.29043579 64 255 128
204.41247559 251.70198059 442.03704834 64 255 128
269.49200439 297.13198853 416.21099854 64 255 128
220.01600647 294.99499512 460.67398071 64 255 128
159.13288879 231.88951111 368.51242065 64 255 128
147.56675720 259.41964722 452.58990479 64 255 128
228.72000122 262.21200562 461.40997314 64 255 128
87.31125641 237.32794189 419.64633179 64 255 128
164.07894897 303.03863525 462.30947876 64 255 128
113.73551941 166.64628601 487.72454834 64 255 128
129.98109436 222.98263550 495.17523193 64 255 128
229.18499756 335.64401245 442.73599243 64 255 128
84.90721893 261.34808350 456.65560913 64 255 128
143.23040771 189.71911621 384.78649902 64 255 128
179.20762634 306.24700928 397.46862793 64 255 128
163.22630310 283.04077148 463.06582642 64 255 128
88.40941620 219.83140564 419.13360596 64 255 128
227.69700623 298.20999146 454.90301514 64 255 128
141.15557861 222.89254761 374.53860474 64 255 128
158.20755005 164.32145691 453.29385376 64 255 128
104.82453156 167.49057007 429.93099976 64 255 128
137.62840271 142.33326721 452.20175171 64 255 128
149.82626343 264.76733398 363.73162842 64 255 128
188.63037109 282.03659058 379.12762451 64 255 128
88.99720764 245.53729248 509.73547363 64 255 128
91.66295624 257.04928589 499.84002686 64 255 128
231.21279907 211.43547058 432.39117432 64 255 128
192.27323914 280.70666504 445.63433838 64 255 128
134.71678162 271.29278564 369.31661987 64 255 128
122.77477264 146.77398682 452.58474731 64 255 128
207.05609131 279.54037476 389.53601074 64 255 128
205.47991943 213.50888062 398.81057739 64 255 128
220.77799988 278.57501221 464.28900146 64 255 128
242.17500305 274.65298462 453.22100830 64 255 128
213.79333496 245.28393555 458.82205200 64 255 128
184.03373718 161.58792114 419.62966919 64 255 128
84.90294647 182.89498901 484.97695923 64 255 128
106.26676178 301.13247681 463.74417114 64 255 128
171.47399902 242.43577576 367.79467773 64 255 128
139.82113647 243.73664856 367.17965698 64 255 128
189.83303833 315.63986206 423.79733276 64 255 128
93.23108673 289.46948242 452.38024902 64 255 128
182.84617615 306.53002930 462.17126465 64 255 128
86.44419098 221.66542053 521.35766602 64 255 128
187.93257141 226.71507263 451.50668335 64 255 128
170.50079346 215.65490723 481.77441406 64 255 128
89.50752258 227.35679626 411.57696533 64 255 128
222.63121033 229.67713928 410.39135742 64 255 128
250.68399048 253.05798340 406.32000732 64 255 128
230.47601318 312.94198608 413.80102539 64 255 128
186.44808960 266.41116333 458.89602661 64 255 128
168.11082458 271.04617310 460.27270508 64 255 128
216.63009644 300.32315063 406.98809814 64 255 128
166.83004761 174.19084167 396.55490112 64 255 128
170.64497375 181.60021973 456.84851074 64 255 128
209.62037659 192.53788757 416.06613159 64 255 128
92.60617065 175.94805908 462.12463379 64 255 128
258.38400269 275.01602173 436.43502808 64 255 128
242.84901428 302.12500000 443.16299438 64 255 128
100.99943542 268.55496216 395.83813477 64 255 128
270.76599121 285.82998657 426.91998291 64 255 128
171.92532349 190.60647583 387.24917603 64 255 128
168.86968994 154.03953552 415.81137085 64 255 128
159.20982361 153.97074890 413.67193604 64 255 128
212.09899902 332.84399414 463.12500000 64 255 128
231.72099304 334.17901611 426.84799194 64 255 128
206.85336304 219.94210815 431.37603760 64 255 128
178.20074463 167.09002686 435.06185913 64 255 128
128.35789490 205.14927673 494.86114502 64 255 128
168.76785278 209.01339722 377.59634399 64 255 128
106.60367584 228.39144897 517.69055176 64 255 128
193.82112122 225.08595276 376.46386719 64 255 128
91.53774261 282.34954834 439.62072754 64 255 128
94.35684967 276.42031860 489.34210205 64 255 128
206.33015442 218.52009583 418.53466797 64 255 128
205.47729492 297.68502808 403.62149048 64 255 128
143.31451416 322.90670776 469.92407227 64 255 128
100.51132965 248.15908813 393.55410767 64 255 128
114.23432922 289.53332520 475.46115112 64 255 128
135.76884460 321.73910522 430.00521851 64 255 128
238.87200928 334.17498779 442.45098877 64 255 128
121.02391052 187.92437744 492.26708984 64 255 128
213.08396912 237.65283203 399.91619873 64 255 128
176.60775757 254.63226318 455.98825073 64 255 128
180.83854675 314.86328125 467.35217285 64 255 128
211.67098999 268.94302368 466.47097778 64 255 128
117.11601257 269.57455444 376.87469482 64 255 128
199.23310852 271.62841797 463.84378052 64 255 128
103.38765717 295.86724854 472.32376099 64 255 128
86.80596161 199.62756348 439.33660889 64 255 128
158.68708801 332.62405396 464.55075073 64 255 128
136.14059448 324.45483398 449.19668579 64 255 128
82.02291107 227.99089050 502.59536743 64 255 128
147.89855957 187.25840759 478.04498291 64 255 128
101.49749756 295.34085083 406.97628784 64 255 128
244.35787964 258.72485352 405.57388306 64 255 128
151.29261780 207.03549194 377.83068848 64 255 128
151.69989014 195.14959717 480.33535767 64 255 128
98.32109070 295.05932617 436.11776733 64 255 128
147.56062317 328.51422119 439.78533936 64 255 128
93.21703339 240.18830872 527.53979492 64 255 128
250.78298950 272.45501709 444.02398682 64 255 128
262.88500977 263.78900146 408.69998169 64 255 128
143.69285583 272.49978638 366.88601685 64 255 128
135.77569580 160.51037598 472.92681885 64 255 128
237.73799133 315.33300781 441.20498657 64 255 128
117.04325104 265.24075317 492.58258057 64 255 128
110.63102722 233.97001648 512.88464355 64 255 128
170.92709351 284.83944702 373.93612671 64 255 128
225.87600708 324.91497803 450.11999512 64 255 128
261.64498901 264.27798462 434.04400635 64 255 128
88.82427216 206.05931091 529.15667725 64 255 128
183.76499939 329.41799927 473.60198975 64 255 128
164.88117981 325.92559814 438.91213989 64 255 128
195.27966309 174.93031311 417.75558472 64 255 128
200.62678528 272.97811890 380.68362427 64 255 128
91.77131653 184.65342712 445.73251343 64 255 128
88.80834198 174.11494446 497.39694214 64 255 128
107.35108948 193.04388428 505.08905029 64 255 128
155.99505615 237.11044312 446.43865967 64 255 128
252.58499146 306.67001343 431.74600220 64 255 128
203.43003845 252.46191406 378.35525513 64 255 128
245.89698792 324.01699829 428.46398926 64 255 128
201.39779663 267.84515381 448.09332275 64 255 128
92.86766052 280.85989380 428.76458740 64 255 128
241.39801025 235.56600952 424.71398926 64 255 128
127.72533417 281.21264648 456.47222900 64 255 128
281.40701294 256.44497681 408.83401489 64 255 128
198.09799194 243.10212708 454.30935669 64 255 128
226.87300110 313.21902466 451.90798950 64 255 128
97.63108063 287.37170410 415.34783936 64 255 128
155.09631348 229.48411560 479.34628296 64 255 128
200.50581360 181.87496948 419.17337036 64 255 128
204.84019470 231.13716125 373.50006104 64 255 128
153.89837646 322.43676758 415.19149780 64 255 128
154.16799927 180.92337036 389.66427612 64 255 128
199.98132324 210.02104187 451.73941040 64 255 128
140.74645996 272.07608032 452.33905029 64 255 128
262.92602539 292.74697876 430.97100830 64 255 128
125.79351807 294.09637451 383.94943237 64 255 128
131.61286926 148.94648743 424.87634277 64 255 128
201.78211975 218.99981689 387.21655273 64 255 128
126.52128601 276.65612793 374.06616211 64 255 128
117.77297974 276.82843018 477.86654663 64 255 128
218.06553650 224.86715698 450.26449585 64 255 128
123.64376068 226.17443848 378.47048950 64 255 128
148.21794128 235.31433105 477.96057129 64 255 128
274.61001587 270.22799683 423.23498535 64 255 128
105.65198517 240.62509155 388.02523804 64 255 128
211.93099976 333.77398682 443.92401123 64 255 128
113.14688873 309.45156860 456.02917480 64 255 128
155.14846802 147.05194092 449.60086060 64 255 128
135.96911621 319.08422852 468.58679199 64 255 128
139.65405273 326.63458252 456.40951538 64 255 128
127.72105408 145.22467041 438.92178345 64 255 128
177.74220276 238.05979919 452.71444702 64 255 128
89.25570679 277.94396973 468.80728149 64 255 128
203.75842285 199.92555237 440.50662231 64 255 128
80.86664581 194.53002930 480.19839478 64 255 128
104.34844208 304.53051758 434.31488037 64 255 128
110.95392609 224.47096252 385.49078369 64 255 128
201.15863037 325.57897949 434.48068237 64 255 128
271.73999023 240.50000000 419.77398682 64 255 128
133.65338135 166.88064575 403.19869995 64 255 128
139.17898560 255.69003296 457.15747070 64 255 128
115.88034821 178.89082336 402.78173828 64 255 128
240.56201172 290.03598022 448.82397461 64 255 128
101.25649261 174.18511963 498.48803711 64 255 128
162.55690002 167.20455933 400.81539917 64 255 128
204.14964294 204.61444092 427.63385010 64 255 128
176.08322144 225.69998169 457.87008667 64 255 128
221.94929504 247.53578186 398.34548950 64 255 128
164.28198242 192.77714539 471.31350708 64 255 128
195.02224731 262.75384521 373.35186768 64 255 128
113.97250366 212.29092407 508.86624146 64 255 128
145.51936340 174.30004883 394.30258179 64 255 128
92.28134918 249.61856079 518.20324707 64 255 128
226.74900818 335.63800049 432.97698975 64 255 128
202.75502014 278.67794800 446.99206543 64 255 128
102.15011597 202.19644165 514.75592041 64 255 128
127.97357178 168.64172363 479.67285156 64 255 128
173.31773376 331.92822266 455.84701538 64 255 128
82.14938354 212.53848267 505.69247437 64 255 128
136.81666565 142.97300720 440.42181396 64 255 128
118.42906189 155.83300781 424.56268311 64 255 128
174.20703125 298.67190552 384.04977417 64 255 128
144.66691589 217.45669556 488.78182983 64 255 128
295.64398193 249.69198608 407.51699829 64 255 128
249.48699951 258.52398682 446.18899536 64 255 128
102.07917023 180.53256226 416.57546997 64 255 128
136.07954407 215.72238159 492.50042725 64 255 128
85.02886200 195.59840393 449.93197632 64 255 128
195.93113708 301.49362183 404.03262329 64 255 128
95.22272491 176.93693542 450.07418823 64 255 128
155.24822998 282.87042236 463.30624390 64 255 128
229.97393799 235.87835693 463.41833496 64 255 128
226.18278503 270.40188599 397.97256470 64 255 128
105.19315338 162.42939758 439.79394531 64 255 128
181.37063599 159.70918274 426.92288208 64 255 128
137.33438110 175.91589355 476.65191650 64 255 128
176.33210754 321.91259766 431.24765015 64 255 128
127.71178436 147.40658569 467.70422363 64 255 128
157.79550171 173.66758728 461.16442871 64 255 128
242.83300781 330.12597656 432.42498779 64 255 128
121.75449371 248.47647095 494.53921509 64 255 128
157.95471191 251.65126038 364.13446045 64 255 128
281.08700562 238.84298706 414.82998657 64 255 128
135.21391296 287.28268433 375.29342651 64 255 128
102.58529663 266.60131836 513.56701660 64 255 128
238.87300110 307.51602173 413.69699097 64 255 128
141.86785889 207.73989868 377.74426270 64 255 128
86.30863953 243.77903748 498.58059692 64 255 128
117.43025208 231.85467529 505.69741821 64 255 128
184.88667297 254.25714111 370.67977905 64 255 128
112.58621216 259.12289429 504.52517700 64 255 128
85.13845062 227.99650574 429.06457520 64 255 128
222.58099365 322.28402710 421.33599854 64 255 128
221.53521729 227.48271179 458.91845703 64 255 128
135.56602478 207.76420593 491.65765381 64 255 128
126.79162598 233.48323059 494.39785767 64 255 128
145.76707458 202.86747742 486.61001587 64 255 128
275.84201050 291.06799316 423.10601807 64 255 128
143.14173889 151.82353210 416.36126709 64 255 128
187.76611328 252.44665527 449.58477783 64 255 128
259.03500366 316.17999268 422.21298218 64 255 128
92.57173920 168.62699890 487.55755615 64 255 128
199.43894958 215.12541199 462.74172974 64 255 128
134.16081238 255.61836243 469.16983032 64 255 128
101.49034119 241.19006348 524.56732178 64 255 128
231.64199829 304.53399658 452.62200928 64 255 128
88.67028809 194.33419800 522.10430908 64 255 128
104.66161346 247.46537781 519.41229248 64 255 128
212.09895325 236.23754883 458.89929199 64 255 128
126.50188446 193.99804688 492.19387817 64 255 128
125.48535919 264.27822876 479.48959351 64 255 128
198.30599976 308.92398071 465.69699097 64 255 128
189.19664001 201.54081726 465.23373413 64 255 128
223.13795471 212.59375000 445.29537964 64 255 128
207.68563843 221.20365906 442.13986206 64 255 128
224.32200623 304.60400391 411.12301636 64 255 128
124.86604309 266.77462769 467.34222412 64 255 128
162.29664612 148.29046631 441.19543457 64 255 128
175.22723389 226.46676636 444.97506714 64 255 128
86.96231842 233.78680420 515.49139404 64 255 128
210.47096252 309.19348145 414.72692871 64 255 128
161.87117004 323.04489136 428.86145020 64 255 128
218.80723572 283.20672607 400.41464233 64 255 128
275.92199707 238.81700134 403.81301880 64 255 128
240.82200623 260.14398193 456.01699829 64 255 128
139.34648132 307.30130005 463.05053711 64 255 128
152.69970703 331.22753906 447.97100830 64 255 128
106.91239929 160.84278870 456.20874023 64 255 128
125.40467072 292.32238770 457.27694702 64 255 128
156.88970947 259.40435791 364.42004395 64 255 128
245.54899597 247.45999146 448.06701660 64 255 128
151.88717651 219.45846558 373.74676514 64 255 128
161.75701904 185.33998108 387.81549072 64 255 128
224.33113098 219.34606934 416.32882690 64 255 128
236.17201233 238.92100525 448.20401001 64 255 128
226.56649780 223.08741760 409.12402344 64 255 128
98.13199615 167.74949646 462.29821777 64 255 128
110.97376251 235.21125793 384.09262085 64 255 128
196.85807800 245.44398499 373.69900513 64 255 128
163.42138672 241.79528809 450.98983765 64 255 128
100.92324829 169.10789490 449.82159424 64 255 128
170.86627197 174.57704163 447.47763062 64 255 128
94.06838989 287.97250366 434.85974121 64 255 128
225.35600281 329.91702271 458.22598267 64 255 128
125.23719788 315.64541626 423.68557739 64 255 128
150.76248169 286.01144409 372.61437988 64 255 128
131.50515747 195.63684082 384.25744629 64 255 128
209.61940002 231.83071899 402.35583496 64 255 128
77.84980774 217.49468994 490.44848633 64 255 128
206.00051880 291.59292603 397.91741943 64 255 128
136.55834961 297.25039673 460.91500854 64 255 128
150.02368164 293.75466919 463.57006836 64 255 128
208.67155457 260.39154053 383.44573975 64 255 128
78.43294525 220.22111511 479.24981689 64 255 128
175.23623657 326.11373901 445.58459473 64 255 128
80.72967529 233.52648926 488.46557617 64 255 128
88.50949860 178.66105652 476.96350098 64 255 128
157.37429810 276.36334229 368.64697266 64 255 128
277.30300903 231.00500488 408.60900879 64 255 128
153.42326355 243.52655029 454.22265625 64 255 128
113.65747833 251.43328857 505.08416748 64 255 128
228.72006226 243.88081360 404.59631348 64 255 128
107.82158661 155.09555054 469.44747925 64 255 128
194.16844177 212.74720764 469.90298462 64 255 128
123.36916351 160.56150818 414.06481934 64 255 128
194.03395081 257.30355835 448.67828369 64 255 128
289.43099976 240.08799744 407.25601196 64 255 128
191.31863403 306.28234863 410.37387085 64 255 128
238.67292786 222.14768982 444.32366943 64 255 128
194.47338867 294.25991821 391.03207397 64 255 128
115.34917450 240.06530762 380.07888794 64 255 128
132.57498169 269.75616455 455.72909546 64 255 128
201.50979614 309.63604736 415.99047852 64 255 128
163.09451294 331.80395508 450.42791748 64 255 128
222.28399658 335.21597290 439.21701050 64 255 128
259.87500000 238.81199646 425.19598389 64 255 128
273.60202026 254.08900452 423.41900635 64 255 128
212.21659851 224.60789490 430.24536133 64 255 128
119.74252319 287.17633057 382.91659546 64 255 128
86.32913208 259.25363159 431.81890869 64 255 128
110.97097778 255.18063354 381.44436646 64 255 128
165.91033936 332.31918335 467.51388550 64 255 128
170.47372437 225.85534668 471.14541626 64 255 128
178.80992126 220.20803833 375.24282837 64 255 128
85.70053864 220.49818420 426.15731812 64 255 128
135.28198242 317.11254883 415.35372925 64 255 128
242.87399292 335.97799683 427.76800537 64 255 128
193.92741394 193.26693726 447.66079712 64 255 128
119.61637115 263.07769775 374.29922485 64 255 128
184.09617615 172.46780396 434.86529541 64 255 128
118.57386780 148.02291870 466.74188232 64 255 128
167.99844360 222.95355225 480.34408569 64 255 128
221.93499756 328.71197510 426.36099243 64 255 128
171.69479370 320.49194336 423.65942383 64 255 128
184.85923767 279.37246704 459.78161621 64 255 128
87.44370270 270.88415527 442.41650391 64 255 128
206.25399780 302.21499634 466.45901489 64 255 128
206.84599304 331.21401978 470.64300537 64 255 128
81.56610107 191.12672424 496.80010986 64 255 128
175.96316528 286.09579468 462.45880127 64 255 128
223.60430908 207.35646057 428.33621216 64 255 128
134.86308289 244.28666687 484.11401367 64 255 128
186.90994263 234.69833374 371.81597900 64 255 128
200.83299255 333.37200928 456.23800659 64 255 128
251.53100586 302.01901245 438.08401489 64 255 128
238.43400574 236.23699951 441.66601562 64 255 128
76.67144012 212.53788757 476.50497437 64 255 128
138.52247620 324.47723389 438.67163086 64 255 128
81.89684296 245.29362488 461.07333374 64 255 128
174.28468323 290.83975220 379.42675781 64 255 128
250.76600647 238.21200562 410.40399170 64 255 128
103.46424103 200.38438416 400.44961548 64 255 128
121.52616882 276.98855591 463.27514648 64 255 128
264.49398804 234.80599976 412.46099854 64 255 128
213.74499512 318.19201660 420.82000732 64 255 128
149.87895203 314.21258545 398.87554932 64 255 128
195.30313110 211.81098938 384.85223389 64 255 128
91.27488708 195.25514221 425.80401611 64 255 128
164.25889587 146.09150696 427.58422852 64 255 128
92.81002808 231.96166992 530.67834473 64 255 128
220.94500732 302.31799316 460.63299561 64 255 128
266.81100464 254.28102112 428.55700684 64 255 128
182.92353821 191.62966919 458.16467285 64 255 128
110.85324097 171.12052917 414.50543213 64 255 128
122.27017975 187.71359253 392.87875366 64 255 128
111.14202118 160.27252197 426.14959717 64 255 128
170.55149841 313.89498901 400.49032593 64 255 128
160.68791199 186.36546326 468.92581177 64 255 128
132.31777954 299.33078003 385.58715820 64 255 128
180.60688782 173.16062927 402.75808716 64 255 128
192.05705261 171.58808899 423.46209717 64 255 128
264.19601440 300.78598022 426.28500366 64 255 128
206.87699890 258.81698608 458.27902222 64 255 128
96.07971191 194.48655701 515.54205322 64 255 128
82.52587891 205.70680237 515.50134277 64 255 128
183.59632874 181.84487915 397.39501953 64 255 128
191.59654236 223.89802551 469.92126465 64 255 128
94.26048279 238.78294373 403.63327026 64 255 128
210.87109375 269.75570679 439.73104858 64 255 128
162.22334290 308.20556641 390.57498169 64 255 128
171.65394592 315.42999268 410.54785156 64 255 128
155.79519653 195.83491516 381.96520996 64 255 128
96.05876923 262.79742432 406.52087402 64 255 128
83.26563263 212.56373596 448.21661377 64 255 128
129.15476990 155.96435547 475.79406738 64 255 128
83.87148285 251.07261658 442.45516968 64 255 128
283.05798340 262.97100830 416.59399414 64 255 128
263.90200806 301.70800781 416.01898193 64 255 128
217.16398621 252.28321838 387.34671021 64 255 128
263.39199829 310.01498413 418.02099609 64 255 128
118.09734344 161.36628723 483.83163452 64 255 128
249.33599854 265.65200806 408.73300171 64 255 128
115.76500702 194.23599243 499.35671997 64 255 128
214.57099915 334.14599609 451.21600342 64 255 128
169.20687866 233.09947205 441.08026123 64 255 128
134.47314453 159.38970947 410.20932007 64 255 128
129.23197937 143.52972412 453.13262939 64 255 128
116.51380920 301.23254395 469.22528076 64 255 128
242.71299744 294.54602051 411.76998901 64 255 128
80.35747528 202.18759155 501.74331665 64 255 128
187.81811523 240.90225220 448.63601685 64 255 128
152.71987915 327.42013550 468.71701050 64 255 128
78.70803833 223.49920654 486.09762573 64 255 128
229.15299988 321.19900513 418.69000244 64 255 128
183.34701538 184.01629639 447.10614014 64 255 128
108.86624908 201.54891968 508.27593994 64 255 128
116.97423553 150.28775024 457.18859863 64 255 128
114.09244537 284.58816528 480.49914551 64 255 128
227.75199890 246.19099426 454.99398804 64 255 128
266.51098633 288.98599243 413.58502197 64 255 128
205.60752869 219.70509338 448.18829346 64 255 128
178.46701050 202.18347168 474.07440186 64 255 128
113.31002045 153.85705566 478.23855591 64 255 128
178.60723877 223.44364929 471.84216309 64 255 128
112.31656647 273.13671875 492.60699463 64 255 128
97.61618805 276.84243774 406.24053955 64 255 128
151.03034973 274.35113525 459.45169067 64 255 128
232.80543518 287.16973877 407.65991211 64 255 128
153.57508850 234.06219482 465.13229370 64 255 128
172.37901306 306.07595825 390.24368286 64 255 128
117.83232880 312.78182983 433.46701050 64 255 128
83.55619049 235.73811340 498.26519775 64 255 128
222.56800842 245.21099854 462.83798218 64 255 128
178.57019043 241.12934875 368.45843506 64 255 128
200.26873779 267.24716187 438.51116943 64 255 128
115.99581909 195.02243042 392.75396729 64 255 128
250.23100281 237.99499512 431.72698975 64 255 128
187.82202148 218.44282532 378.44479370 64 255 128
96.57941437 180.62393188 432.51098633 64 255 128
202.23501587 259.79879761 437.94375610 64 255 128
217.19200134 324.39700317 462.95199585 64 255 128
282.58300781 235.75599670 401.10299683 64 255 128
112.45557404 306.23852539 411.23715210 64 255 128
152.19818115 158.22772217 407.82464600 64 255 128
83.14273071 217.05877686 440.87063599 64 255 128
218.98132324 264.85482788 391.82720947 64 255 128
191.55955505 176.99552917 432.20184326 64 255 128
109.09274292 308.99411011 446.38119507 64 255 128
260.01098633 277.09100342 410.94100952 64 255 128
210.63150024 204.99595642 406.84829712 64 255 128
190.20497131 187.46252441 444.67623901 64 255 128
149.58892822 141.67436218 439.53170776 64 255 128
114.97807312 248.99920654 378.51260376 64 255 128
256.41699219 248.40701294 436.79699707 64 255 128
129.29096985 216.50144958 378.74133301 64 255 128
89.40518951 194.36785889 434.85150146 64 255 128
171.15481567 196.87927246 384.17031860 64 255 128
266.80200195 279.22897339 429.91598511 64 255 128
159.06230164 316.85043335 401.81890869 64 255 128
211.56597900 274.17709351 390.47622681 64 255 128
191.78367615 306.48040771 460.31088257 64 255 128
195.34437561 282.39480591 462.86785889 64 255 128
207.51268005 223.28837585 457.58831787 64 255 128
146.68589783 245.85003662 364.79656982 64 255 128
94.62602234 213.93193054 406.70434570 64 255 128
231.34327698 214.36729431 419.95269775 64 255 128
86.97982025 208.05554199 428.59356689 64 255 128
230.16380310 277.62683105 402.35870361 64 255 128
128.57804871 251.90138245 369.14636230 64 255 128
150.72735596 270.95431519 366.96575928 64 255 128
193.05770874 286.58374023 440.68045044 64 255 128
89.75789642 250.88957214 504.96084595 64 255 128
163.82759094 320.07180786 469.41390991 64 255 128
206.00886536 232.42408752 460.70288086 64 255 128
256.36898804 289.43899536 413.55599976 64 255 128
167.16770935 267.22091675 366.66543579 64 255 128
98.34602356 289.73693848 470.73001099 64 255 128
174.62297058 277.97659302 371.73175049 64 255 128
199.88000488 329.28402710 473.44198608 64 255 128
184.46479797 203.34788513 471.03292847 64 255 128
118.80266571 313.63720703 449.58605957 64 255 128
171.34951782 151.57637024 431.89685059 64 255 128
235.61679077 228.38923645 413.81320190 64 255 128
240.45599365 274.39999390 408.15298462 64 255 128
111.06945801 208.98211670 389.20230103 64 255 128
164.15867615 218.03031921 374.94100952 64 255 128
91.76292419 247.32589722 408.08163452 64 255 128
105.96851349 281.47875977 391.66293335 64 255 128
276.99499512 251.59001160 406.55599976 64 255 128
187.44754028 285.93771362 447.48400879 64 255 128
213.57899475 307.06500244 463.05999756 64 255 128
143.72845459 178.18652344 473.91635132 64 255 128
90.53652954 203.75340271 423.39840698 64 255 128
125.41967773 318.21282959 457.84185791 64 255 128
146.88659668 323.75122070 420.12918091 64 255 128
208.30004883 246.61892700 377.81750488 64 255 128
238.23033142 221.69403076 426.46237183 64 255 128
77.65487671 206.53256226 488.62472534 64 255 128
146.14176941 316.69216919 406.63513184 64 255 128
180.58361816 332.55938721 461.65747070 64 255 128
177.13978577 154.56858826 423.78567505 64 255 128
206.54219055 197.50781250 402.37576294 64 255 128
109.23938751 285.02618408 486.26370239 64 255 128
201.41549683 318.15805054 424.50646973 64 255 128
100.30081177 231.50093079 394.58123779 64 255 128
205.26699829 319.04299927 467.58599854 64 255 128
213.15899658 328.34500122 429.65701294 64 255 128
103.82302856 302.11691284 448.83508301 64 255 128
148.11148071 325.20697021 427.35156250 64 255 128
127.30421448 239.95413208 492.13235474 64 255 128
147.05857849 142.36245728 451.52828979 64 255 128
86.25234222 266.72259521 463.58966064 64 255 128
179.20051575 261.85702515 458.50521851 64 255 128
135.66136169 176.26542664 394.86962891 64 255 128
209.76998901 284.24798584 466.17700195 64 255 128
85.04380798 252.20474243 426.32406616 64 255 128
150.01666260 158.55886841 460.88983154 64 255 128
205.88200378 274.30001831 466.32098389 64 255 128
102.68232727 159.84417725 471.76141357 64 255 128
218.18339539 223.31050110 435.38656616 64 255 128
230.75477600 237.76081848 407.70529175 64 255 128
233.60400391 292.81298828 453.31799316 64 255 128
176.26332092 210.08912659 379.12240601 64 255 128
100.81644440 226.72634888 525.37457275 64 255 128
96.82804871 216.01499939 526.95520020 64 255 128
124.70198822 210.16241455 382.27441406 64 255 128
141.94917297 279.81738281 369.34976196 64 255 128
89.95087433 225.08296204 529.11828613 64 255 128
171.18544006 254.84872437 366.11489868 64 255 128
191.78800964 309.99801636 416.60702515 64 255 128
214.78700256 312.33901978 416.62899780 64 255 128
142.09970093 292.11398315 377.18783569 64 255 128
149.05982971 144.71714783 427.41146851 64 255 128
121.24053955 234.23962402 500.47433472 64 255 128
176.94569397 194.41374207 466.63452148 64 255 128
236.14865112 245.74099731 401.82336426 64 255 128
147.26260376 329.33792114 456.86160278 64 255 128
182.88394165 315.65939331 419.24182129 64 255 128
257.64099121 252.16400146 406.18301392 64 255 128
200.31498718 223.16223145 393.84054565 64 255 128
202.07453918 189.48040771 433.93582153 64 255 128
153.81831360 253.82182312 452.90533447 64 255 128
211.96719360 246.02633667 388.71682739 64 255 128
123.04658508 261.82644653 486.12182617 64 255 128
86.06914520 189.28427124 457.78363037 64 255 128
104.64640045 255.58818054 518.03863525 64 255 128
82.58465576 249.53773499 452.77416992 64 255 128
139.31156921 156.11605835 468.79861450 64 255 128
212.09700012 255.57801819 455.49600220 64 255 128
209.84899902 333.57901001 456.80499268 64 255 128
104.98605347 299.14736938 412.27758789 64 255 128
239.47782898 228.23368835 450.95599365 64 255 128
126.15281677 168.62397766 404.65133667 64 255 128
101.09408569 297.42861938 459.64120483 64 255 128
246.42700195 275.82897949 448.14300537 64 255 128
133.45079041 254.19241333 477.83853149 64 255 128
242.38400269 315.48602295 435.74899292 64 255 128
86.59562683 252.39982605 488.68023682 64 255 128
199.35870361 233.93388367 455.13638306 64 255 128
154.95759583 182.72254944 470.84799194 64 255 128
95.07656860 270.85998535 412.67910767 64 255 128
229.68060303 210.22019958 440.11941528 64 255 128
188.05116272 200.52247620 388.49960327 64 255 128
197.01152039 224.78149414 463.25811768 64 255 128
124.24565125 212.26220703 499.71740723 64 255 128
223.85800171 334.39199829 451.32800293 64 255 128
140.02108765 144.54356384 429.46099854 64 255 128
221.30000305 259.41000366 463.05902100 64 255 128
212.54100037 325.55801392 470.29400635 64 255 128
105.63859558 214.46807861 517.12066650 64 255 128
214.79257202 227.89198303 416.81646729 64 255 128
198.49829102 283.78280640 448.97155762 64 255 128
100.39611816 165.96531677 495.24737549 64 255 128
80.86747742 236.75123596 463.54464722 64 255 128
186.28982544 270.31961060 372.94332886 64 255 128
183.98568726 301.14263916 395.68014526 64 255 128
229.55735779 210.38729858 425.14453125 64 255 128
200.74333191 262.24212646 452.76486206 64 255 128
211.72000122 262.71099854 463.83398438 64 255 128
228.36782837 255.64918518 396.31927490 64 255 128
283.89901733 255.79699707 414.97998047 64 255 128
183.34970093 232.69256592 448.24563599 64 255 128
102.81845856 279.57388306 494.31216431 64 255 128
197.56564331 288.95043945 386.71536255 64 255 128
117.78685760 309.07620239 414.37792969 64 255 128
161.48171997 320.65301514 412.42065430 64 255 128
222.38542175 288.95922852 404.09457397 64 255 128
197.24740601 202.16911316 454.27850342 64 255 128
185.43275452 295.74621582 386.85296631 64 255 128
125.97787476 177.33935547 484.41073608 64 255 128
223.41053772 217.56712341 424.25155640 64 255 128
200.69859314 184.43438721 426.29495239 64 255 128
256.96499634 258.66400146 437.59799194 64 255 128
125.65311432 313.19894409 405.96527100 64 255 128
84.43845367 258.25906372 442.00344849 64 255 128
232.17150879 222.48838806 456.47076416 64 255 128
228.15100098 268.68099976 463.00100708 64 255 128
205.24809265 187.47872925 416.65069580 64 255 128
95.26134491 283.26013184 422.91760254 64 255 128
160.55003357 143.39985657 437.05984497 64 255 128
83.43311310 188.60531616 512.69488525 64 255 128
208.58908081 256.52435303 441.85556030 64 255 128
168.24621582 287.28170776 462.00387573 64 255 128
82.20417023 229.36697388 440.06683350 64 255 128
250.39500427 287.49200439 440.00302124 64 255 128
109.83067322 240.55638123 512.78912354 64 255 128
204.57794189 206.78387451 419.93972778 64 255 128
111.68663788 288.40872192 389.86688232 64 255 128
160.03541565 315.91305542 465.34909058 64 255 128
199.16470337 267.60632324 377.01373291 64 255 128
98.44759369 179.68875122 503.49981689 64 255 128
119.40626526 291.74325562 461.66824341 64 255 128
123.02856445 179.60055542 397.71768188 64 255 128
184.37110901 278.53753662 375.19757080 64 255 128
176.02767944 161.04154968 411.61654663 64 255 128
218.49223328 224.83903503 424.01016235 64 255 128
108.60939026 262.98492432 383.56762695 64 255 128
250.18400574 308.18798828 413.50701904 64 255 128
185.97177124 214.09732056 476.60610962 64 255 128
208.03298950 295.89001465 466.11700439 64 255 128
236.64199829 299.11102295 411.27899170 64 255 128
204.77278137 220.32283020 406.30703735 64 255 128
80.30430603 204.06446838 469.57983398 64 255 128
99.22444916 296.19372559 429.63192749 64 255 128
210.04266357 239.10026550 393.26586914 64 255 128
144.24143982 245.51197815 461.85995483 64 255 128
141.85304260 145.14031982 458.40698242 64 255 128
134.89250183 204.00906372 380.71215820 64 255 128
266.92501831 241.73001099 424.05999756 64 255 128
262.90802002 240.48799133 405.97097778 64 255 128
84.07573700 191.25256348 467.07266235 64 255 128
182.62068176 225.99578857 458.36108398 64 255 128
183.03771973 164.07485962 413.14709473 64 255 128
134.60908508 307.37625122 393.65612793 64 255 128
235.40400696 234.26200867 459.37100220 64 255 128
239.24000549 282.22998047 408.74902344 64 255 128
84.73121643 254.64588928 477.60662842 64 255 128
143.44837952 291.51800537 460.77587891 64 255 128
90.22043610 284.19006348 449.85662842 64 255 128
134.22174072 313.98394775 464.83340454 64 255 128
196.36599731 333.12500000 462.38299561 64 255 128
172.32669067 309.59173584 465.58172607 64 255 128
194.11860657 277.82962036 379.65231323 64 255 128
96.06598663 255.90055847 403.43264771 64 255 128
112.87660217 172.57757568 490.35379028 64 255 128
173.83940125 324.78970337 437.88348389 64 255 128
152.08714294 232.29028320 443.98400879 64 255 128
191.55435181 217.67594910 474.81195068 64 255 128
270.31698608 230.34300232 404.47000122 64 255 128
165.02227783 296.56222534 462.17309570 64 255 128
192.18994141 326.86984253 441.62768555 64 255 128
107.28327179 271.34295654 506.86883545 64 255 128
98.72978973 175.41847229 436.46569824 64 255 128
126.64230347 303.29306030 463.52658081 64 255 128
241.66099548 295.74499512 445.96298218 64 255 128
210.46966553 210.66360474 395.67901611 64 255 128
100.78758240 206.81130981 519.10913086 64 255 128
138.95385742 214.81756592 376.93264771 64 255 128
193.83200073 332.12100220 449.19500732 64 255 128
81.73034668 244.52122498 473.65466309 64 255 128
180.62565613 186.63624573 454.71279907 64 255 128
238.24580383 261.71524048 403.31723022 64 255 128
269.35501099 268.21801758 428.54199219 64 255 128
276.41799927 284.42800903 424.13101196 64 255 128
210.06961060 200.84230042 418.42337036 64 255 128
203.01741028 217.28475952 394.30203247 64 255 128
110.55881500 255.05516052 509.40609741 64 255 128
215.95976257 277.93496704 396.63851929 64 255 128
115.06293488 305.47830200 402.89877319 64 255 128
202.35615540 301.74237061 408.03134155 64 255 128
235.21153259 220.40760803 420.76196289 64 255 128
149.03019714 279.79855347 462.36795044 64 255 128
276.37698364 264.29699707 421.47299194 64 255 128
160.31335449 225.86363220 480.39309692 64 255 128
194.05264282 239.65818787 373.72317505 64 255 128
269.04898071 265.58200073 408.51699829 64 255 128
138.24813843 281.19802856 453.14535522 64 255 128
281.88800049 262.85897827 408.43798828 64 255 128
132.96873474 194.11453247 488.09240723 64 255 128
172.11633301 161.18028259 436.38586426 64 255 128
144.24995422 223.50946045 486.48962402 64 255 128
235.07901001 276.21002197 458.31600952 64 255 128
222.00900269 313.79699707 456.01098633 64 255 128
283.41201782 271.70300293 412.42797852 64 255 128
142.38601685 257.86499023 364.96383667 64 255 128
89.63990784 278.58862305 455.99844360 64 255 128
170.58491516 333.43276978 463.27416992 64 255 128
183.90634155 190.90866089 391.54376221 64 255 128
210.35539246 265.14828491 444.95056152 64 255 128
194.23551941 191.60815430 397.90786743 64 255 128
89.81257629 178.60743713 470.64581299 64 255 128
216.71315002 242.17866516 401.24551392 64 255 128
97.53253937 187.82067871 417.29290771 64 255 128
104.47711945 190.29330444 405.62899780 64 255 128
133.61088562 314.40649414 402.06991577 64 255 128
200.86599731 332.81900024 448.77200317 64 255 128
192.59851074 183.88699341 439.07278442 64 255 128
81.61779022 237.92083740 446.91082764 64 255 128
81.35691071 233.53260803 474.32153320 64 255 128
104.79698181 292.59426880 398.36267090 64 255 128
118.61779022 311.27664185 462.99459839 64 255 128
154.33631897 289.23461914 462.35906982 64 255 128
230.43099976 297.57501221 409.17001343 64 255 128
112.46810913 277.14672852 382.71276855 64 255 128
90.72583771 181.80046082 460.68380737 64 255 128
176.68145752 244.73953247 451.14065552 64 255 128
162.17872620 209.02458191 376.93209839 64 255 128
204.09257507 266.93173218 382.39163208 64 255 128
110.69600677 157.27072144 449.53637695 64 255 128
240.54495239 244.55604553 405.11123657 64 255 128
203.12168884 233.74920654 389.34417725 64 255 128
137.90342712 230.14189148 488.21670532 64 255 128
187.39207458 288.05438232 381.76309204 64 255 128
81.30651855 225.03424072 453.29647827 64 255 128
178.52720642 266.99066162 368.84530640 64 255 128
179.39212036 218.58840942 478.27032471 64 255 128
120.51721954 273.31002808 470.20730591 64 255 128
186.53472900 333.59924316 457.83294678 64 255 128
87.28369904 239.93629456 512.00286865 64 255 128
92.09286499 260.55718994 494.35342407 64 255 128
252.57998657 295.27200317 438.07000732 64 255 128
133.25788879 323.32546997 454.71350098 64 255 128
169.58036804 226.93992615 455.65753174 64 255 128
166.99708557 236.26155090 368.68838501 64 255 128
162.79411316 273.66891479 367.00231934 64 255 128
189.66658020 183.12030029 400.63735962 64 255 128
99.15676880 293.76855469 421.39166260 64 255 128
87.08077240 177.87133789 504.08255005 64 255 128
91.10260773 187.78915405 440.07958984 64 255 128
201.02415466 247.10140991 443.83453369 64 255 128
233.46400452 248.21600342 456.57101440 64 255 128
148.87355042 309.94201660 393.80328369 64 255 128
158.02374268 145.09143066 425.73931885 64 255 128
128.96936035 261.88055420 465.24905396 64 255 128
155.37528992 236.77340698 367.56954956 64 255 128
115.56925201 298.34890747 393.24746704 64 255 128
198.20915222 201.44236755 393.73367310 64 255 128
185.19895935 224.48672485 469.68579102 64 255 128
239.50700378 233.66500854 447.26101685 64 255 128
160.13755798 232.40776062 448.77523804 64 255 128
253.16798401 320.29101562 425.53900146 64 255 128
118.23277283 224.05119324 381.01962280 64 255 128
231.60452271 263.47970581 399.18957520 64 255 128
232.79106140 223.64041138 409.71273804 64 255 128
199.78965759 237.16522217 374.34790039 64 255 128
81.67277527 219.49926758 456.26712036 64 255 128
151.90222168 239.31315613 458.55697632 64 255 128
87.55544281 267.66806030 480.60485840 64 255 128
163.03305054 225.48197937 445.88940430 64 255 128
106.29582214 212.97393799 391.66589355 64 255 128
89.99599457 237.63566589 522.23913574 64 255 128
156.66159058 264.65332031 458.28320312 64 255 128
154.06880188 218.76858521 483.75277710 64 255 128
125.97796631 260.10223389 370.48300171 64 255 128
98.97241974 297.75781250 447.02990723 64 255 128
164.01370239 160.16902161 444.35485840 64 255 128
202.45539856 191.32539368 404.20648193 64 255 128
117.99037170 244.39382935 501.28979492 64 255 128
162.53822327 228.06355286 440.13189697 64 255 128
103.72939301 292.75830078 477.66336060 64 255 128
247.15599060 280.96801758 444.69299316 64 255 128
140.89324951 199.38751221 487.60418701 64 255 128
130.63897705 155.90350342 415.59481812 64 255 128
125.96416473 220.00808716 498.65039062 64 255 128
186.40332031 195.96192932 461.45251465 64 255 128
85.55216217 181.17601013 491.61981201 64 255 128
200.82519531 208.18043518 445.72869873 64 255 128
96.82711792 259.89398193 513.63708496 64 255 128
146.29306030 268.93099976 453.31237793 64 255 128
239.45100403 323.78399658 417.98599243 64 255 128
114.59608459 295.04129028 472.87356567 64 255 128
138.91279602 155.79171753 412.49713135 64 255 128
148.75018311 313.94515991 465.28460693 64 255 128
130.41885376 239.08522034 371.47167969 64 255 128
122.18050385 308.18130493 399.93695068 64 255 128
185.21261597 210.02693176 381.90692139 64 255 128
235.57899475 228.24099731 458.18798828 64 255 128
113.25572205 205.67889404 507.19107056 64 255 128
86.15352631 246.14462280 423.31024170 64 255 128
89.92984009 273.28555298 479.06124878 64 255 128
290.99099731 246.36599731 409.73599243 64 255 128
249.26100159 287.58300781 413.07501221 64 255 128
102.69628143 174.84225464 421.11697388 64 255 128
82.97212219 220.56991577 506.66128540 64 255 128
121.13863373 199.70797729 387.34088135 64 255 128
162.46931458 177.16198730 393.46276855 64 255 128
218.60800171 271.98098755 466.40200806 64 255 128
148.79730225 167.26379395 464.68099976 64 255 128
250.44000244 246.89599609 442.67898560 64 255 128
148.56460571 152.33911133 460.66284180 64 255 128
129.50689697 266.07141113 459.05703735 64 255 128
185.55157471 323.61862183 436.31829834 64 255 128
258.83901978 268.95898438 408.77200317 64 255 128
258.38699341 281.57400513 435.61102295 64 255 128
143.51115417 201.34162903 380.05874634 64 255 128
263.84899902 249.10398865 429.86898804 64 255 128
155.37812805 281.66241455 370.90426636 64 255 128
80.61499786 197.92398071 507.86322021 64 255 128
261.96398926 246.50700378 406.19097900 64 255 128
156.16250610 308.79293823 391.14553833 64 255 128
199.75814819 224.32920837 382.86599731 64 255 128
189.36206055 247.73326111 370.84994507 64 255 128
177.54249573 278.61975098 460.29617310 64 255 128
90.31742096 258.14526367 416.40554810 64 255 128
91.88781738 234.46180725 408.76235962 64 255 128
162.73335266 297.61749268 382.01107788 64 255 128
150.68859863 141.74157715 445.55801392 64 255 128
240.67999268 237.38600159 411.33200073 64 255 128
238.49099731 331.02099609 437.26300049 64 255 128
107.31330872 307.43331909 438.78952026 64 255 128
181.87274170 328.18045044 447.56048584 64 255 128
187.41099548 315.95501709 467.99902344 64 255 128
221.44799805 289.01498413 461.94900513 64 255 128
185.11488342 308.49740601 405.91500854 64 255 128
211.94018555 268.31512451 387.54339600 64 255 128
194.80419922 285.36831665 382.27502441 64 255 128
149.72592163 320.61117554 410.04617310 64 255 128
100.84571075 262.45495605 395.74835205 64 255 128
118.74222565 283.56158447 464.37716675 64 255 128
180.00781250 250.69839478 452.37396240 64 255 128
157.27873230 207.64633179 483.39047241 64 255 128
101.24972534 284.44210815 400.34954834 64 255 128
234.01054382 273.50225830 404.30316162 64 255 128
222.45521545 258.69735718 391.29037476 64 255 128
141.49670410 231.51104736 371.15963745 64 255 128
95.13695526 255.20443726 518.08709717 64 255 128
106.50959015 183.40744019 409.25219727 64 255 128
102.77167511 164.56771851 458.58151245 64 255 128
189.75143433 171.96017456 429.31884766 64 255 128
244.90100098 261.41900635 451.55200195 64 255 128
111.31076813 155.77742004 436.16580200 64 255 128
94.30563354 169.80361938 500.86355591 64 255 128
85.88874054 269.62686157 456.00851440 64 255 128
81.80498505 207.18426514 455.90020752 64 255 128
253.09899902 235.65800476 417.20300293 64 255 128
138.44213867 325.18539429 465.33956909 64 255 128
169.48004150 209.83842468 480.13037109 64 255 128
202.37612915 220.68045044 466.48638916 64 255 128
205.84878540 244.83955383 455.65655518 64 255 128
188.91583252 171.11581421 410.80300903 64 255 128
120.27803040 204.28817749 500.61987305 64 255 128
198.77360535 179.81121826 413.28460693 64 255 128
206.87135315 193.42977905 428.29824829 64 255 128
151.15396118 231.57742310 369.42449951 64 255 128
149.09619141 300.41256714 382.93020630 64 255 128
191.28153992 261.78912354 456.34396362 64 255 128
185.42088318 326.46691895 442.65731812 64 255 128
101.87819672 159.36958313 481.87124634 64 255 128
226.12200928 280.73001099 462.66201782 64 255 128
223.41543579 233.39697266 461.87881470 64 255 128
195.35736084 297.22146606 465.09548950 64 255 128
269.83197021 240.77899170 405.98101807 64 255 128
140.24613953 165.76734924 470.64392090 64 255 128
178.40647888 291.79589844 462.34429932 64 255 128
270.31002808 301.45700073 421.71002197 64 255 128
93.65563202 285.71276855 464.73190308 64 255 128
136.57359314 149.04318237 465.71612549 64 255 128
116.59725952 260.75506592 497.38928223 64 255 128
234.96199036 217.03417969 442.67272949 64 255 128
146.83082581 185.47309875 386.89712524 64 255 128
165.04197693 313.67092896 397.82855225 64 255 128
230.40499878 329.16098022 447.20501709 64 255 128
161.41668701 310.14697266 465.05123901 64 255 128
102.13724518 299.00097656 420.95925903 64 255 128
248.90400696 326.58898926 420.26202393 64 255 128
246.41108704 247.72532654 406.53063965 64 255 128
96.98423004 163.87492371 490.81045532 64 255 128
189.51388550 229.02433777 374.02484131 64 255 128
97.94313812 270.06033325 501.59210205 64 255 128
87.92394257 189.57395935 451.37725830 64 255 128
115.59561920 174.71823120 407.07543945 64 255 128
188.88053894 285.12515259 459.47647095 64 255 128
79.95888519 217.96939087 468.16131592 64 255 128
128.52819824 283.20056152 375.67346191 64 255 128
117.42783356 273.10562134 482.60433960 64 255 128
232.31349182 217.68669128 451.14477539 64 255 128
180.35432434 246.76649475 369.32998657 64 255 128
205.01574707 219.29646301 382.13998413 64 255 128
157.41720581 241.41589355 450.74114990 64 255 128
149.50773621 230.05126953 480.96264648 64 255 128
185.58381653 300.13244629 457.29858398 64 255 128
175.52232361 266.80609131 458.52926636 64 255 128
197.11053467 257.17651367 375.67010498 64 255 128
80.00407410 199.92031860 476.46838379 64 255 128
198.20709229 244.80648804 448.34738159 64 255 128
161.77189636 168.65390015 451.48297119 64 255 128
83.45787811 255.17422485 467.28347778 64 255 128
221.52105713 301.52307129 408.42855835 64 255 128
133.98823547 293.28128052 455.93609619 64 255 128
142.10200500 188.34640503 481.56951904 64 255 128
165.42344666 228.44528198 460.86026001 64 255 128
109.03803253 163.57569885 489.46917725 64 255 128
145.44229126 252.70921326 365.13876343 64 255 128
206.17799377 332.01300049 442.39801025 64 255 128
111.61846924 155.83082581 455.22241211 64 255 128
186.17892456 291.42724609 461.09310913 64 255 128
87.49610138 260.81857300 426.01354980 64 255 128
218.93934631 223.42285156 444.89584351 64 255 128
177.20901489 178.39187622 446.40484619 64 255 128
226.80029297 231.95915222 405.99145508 64 255 128
213.44299316 294.35101318 464.45199585 64 255 128
221.82264709 268.70901489 395.31066895 64 255 128
94.57038879 288.60934448 459.61672974 64 255 128
206.28866577 202.52265930 398.09451294 64 255 128
134.62603760 183.35418701 390.20919800 64 255 128
131.97003174 241.01376343 487.95281982 64 255 128
153.34756470 238.27641296 439.94195557 64 255 128
159.71104431 202.59338379 480.89471436 64 255 128
156.29904175 150.08866882 418.50119019 64 255 128
148.05616760 149.57666016 418.58987427 64 255 128
200.95870972 194.79611206 439.49194336 64 255 128
278.51800537 276.10900879 423.08801270 64 255 128
163.93547058 214.00456238 484.29513550 64 255 128
213.30389404 289.36868286 399.13467407 64 255 128
222.15513611 218.24496460 447.33795166 64 255 128
246.33399963 315.55899048 431.43200684 64 255 128
159.00775146 319.79809570 406.96377563 64 255 128
205.01226807 240.61914062 381.50039673 64 255 128
94.89901733 186.09774780 427.33996582 64 255 128
285.90899658 231.79798889 404.67199707 64 255 128
134.08177185 265.63912964 367.88378906 64 255 128
88.11324310 270.13510132 433.93203735 64 255 128
93.30305481 178.68472290 455.36105347 64 255 128
88.18459320 232.46200562 416.60333252 64 255 128
82.40281677 235.64266968 440.19766235 64 255 128
256.16299438 299.80001831 413.47598267 64 255 128
112.06764984 301.07485962 400.19943237 64 255 128
198.25315857 228.27044678 374.13494873 64 255 128
83.27290344 187.33215332 506.15841675 64 255 128
110.45067596 223.52500916 513.25421143 64 255 128
170.70890808 256.35055542 456.42645264 64 255 128
134.78987122 220.33055115 376.33187866 64 255 128
150.57531738 327.22952271 433.99246216 64 255 128
172.64883423 315.86044312 466.92675781 64 255 128
119.25978851 149.72654724 446.12310791 64 255 128
199.64648438 273.83532715 434.73678589 64 255 128
103.68356323 230.70108032 522.26971436 64 255 128
240.63299561 307.33099365 441.94400024 64 255 128
215.35815430 226.39343262 457.54495239 64 255 128
253.21800232 259.85800171 441.97601318 64 255 128
208.22157288 198.90354919 429.90402222 64 255 128
145.09188843 304.93338013 387.93453979 64 255 128
237.43200684 337.11401367 429.31399536 64 255 128
82.86915588 223.70733643 443.07769775 64 255 128
219.21371460 237.71166992 405.91659546 64 255 128
163.39996338 177.34085083 459.96582031 64 255 128
234.76800537 333.73599243 446.74899292 64 255 128
285.37600708 242.34999084 403.85101318 64 255 128
136.49595642 228.13128662 374.10507202 64 255 128
95.47553253 226.11212158 402.03201294 64 255 128
281.97799683 250.42098999 418.15600586 64 255 128
257.83700562 239.59899902 408.52200317 64 255 128
182.80532837 230.68637085 372.98251343 64 255 128
160.98583984 233.01792908 457.41351318 64 255 128
101.22497559 217.62562561 396.26986694 64 255 128
85.22463226 245.29998779 491.80023193 64 255 128
137.78514099 147.84594727 423.56936646 64 255 128
79.62791443 213.44216919 500.34625244 64 255 128
131.31234741 321.63369751 446.58651733 64 255 128
278.41400146 274.23901367 413.59100342 64 255 128
144.74676514 157.54327393 409.34246826 64 255 128
218.98500061 307.68298340 460.95599365 64 255 128
203.51570129 268.94396973 434.62057495 64 255 128
137.93002319 192.26791382 384.47756958 64 255 128
120.48256683 313.38165283 426.15399170 64 255 128
230.23876953 292.37158203 408.11672974 64 255 128
93.62458801 245.41670227 525.28527832 64 255 128
84.71335602 246.54803467 431.94549561 64 255 128
109.95280457 306.34136963 459.71102905 64 255 128
106.58517456 247.41798401 387.79977417 64 255 128
104.39118958 277.08798218 501.31845093 64 255 128
170.53381348 178.14984131 394.48175049 64 255 128
123.94187927 304.93432617 395.61029053 64 255 128
284.34301758 248.58200073 406.13699341 64 255 128
178.08354187 171.76728821 438.34512329 64 255 128
268.17398071 252.99501038 408.91500854 64 255 128
83.71585083 211.28042603 515.47418213 64 255 128
222.06799316 330.17098999 462.86700439 64 255 128
81.07575226 207.74816895 502.77346802 64 255 128
243.61199951 237.85600281 439.94799805 64 255 128
224.22100830 311.94799805 414.45199585 64 255 128
188.55340576 167.06663513 423.82397461 64 255 128
222.57963562 212.21791077 439.17843628 64 255 128
288.71200562 261.08300781 411.82897949 64 255 128
233.62300110 270.98400879 460.64300537 64 255 128
234.53800964 265.10000610 460.91799927 64 255 128
131.24644470 232.04545593 374.32736206 64 255 128
127.46672058 186.64503479 390.76287842 64 255 128
195.94123840 324.24969482 436.67657471 64 255 128
94.61272430 274.90975952 417.11450195 64 255 128
120.46506500 149.36334229 434.84936523 64 255 128
161.58216858 157.84523010 409.48202515 64 255 128
206.79113770 219.78530884 424.52404785 64 255 128
110.89535522 293.98657227 477.73150635 64 255 128
175.24137878 223.17051697 449.43020630 64 255 128
164.01612854 274.40249634 462.36135864 64 255 128
173.16746521 152.47312927 419.53826904 64 255 128
205.87680054 284.30612183 392.48919678 64 255 128
121.80721283 181.64434814 488.79772949 64 255 128
190.48388672 213.91433716 381.47735596 64 255 128
231.82600403 311.93099976 449.52700806 64 255 128
128.31210327 151.51420593 472.38610840 64 255 128
95.32731628 167.47549438 477.15377808 64 255 128
113.50393677 246.19024658 508.21328735 64 255 128
160.31358337 286.62384033 372.76388550 64 255 128
115.26902771 254.53033447 377.20288086 64 255 128
151.55216980 173.02153015 466.14999390 64 255 128
193.35528564 240.16741943 449.91561890 64 255 128
163.73562622 153.54026794 442.63818359 64 255 128
166.51969910 199.04022217 381.78744507 64 255 128
103.29190063 234.54438782 390.65405273 64 255 128
212.70051575 199.84498596 407.77505493 64 255 128
224.87100220 292.69900513 459.01000977 64 255 128
103.83550262 268.39801025 390.61962891 64 255 128
196.87187195 252.56138611 441.37011719 64 255 128
106.96656036 304.02410889 423.12042236 64 255 128
273.12402344 292.49700928 418.30999756 64 255 128
211.54069519 299.19476318 406.46820068 64 255 128
224.72900391 273.60098267 463.77999878 64 255 128
114.05676270 220.03550720 510.03204346 64 255 128
236.13578796 216.90971375 431.85458374 64 255 128
153.19796753 330.97824097 463.94799805 64 255 128
142.66029358 166.36166382 401.12228394 64 255 128
158.74511719 150.40562439 446.85513306 64 255 128
169.02824402 318.40151978 416.31988525 64 255 128
232.71369934 241.28419495 401.77511597 64 255 128
89.32398224 261.81744385 420.72689819 64 255 128
83.26251984 187.95654297 483.34130859 64 255 128
129.97247314 152.55468750 420.06619263 64 255 128
131.72056580 162.32138062 476.31857300 64 255 128
158.42810059 218.67488098 374.19152832 64 255 128
194.72811890 278.30194092 438.65518188 64 255 128
154.79188538 226.11694336 371.31088257 64 255 128
87.03700256 183.48420715 471.05142212 64 255 128
173.61308289 309.20101929 395.76138306 64 255 128
96.10520172 196.91130066 411.97790527 64 255 128
196.56999207 303.68798828 464.98800659 64 255 128
90.53384399 171.51562500 491.88861084 64 255 128
134.12788391 249.83767700 481.29479980 64 255 128
119.60806274 226.78895569 504.78457642 64 255 128
152.09611511 169.26518250 398.34399414 64 255 128
119.11488342 164.69500732 413.16909790 64 255 128
180.92808533 226.14572144 447.80163574 64 255 128
248.64498901 317.99099731 416.18402100 64 255 128
166.94413757 322.06936646 427.11560059 64 255 128
155.69149780 178.07241821 466.80969238 64 255 128
126.89739227 251.56971741 488.04071045 64 255 128
80.15106964 197.35102844 489.39181519 64 255 128
89.47547150 199.45629883 525.56994629 64 255 128
99.01213074 280.05581665 489.03952026 64 255 128
158.61134338 305.00079346 387.43536377 64 255 128
115.45993805 270.96624756 487.88104248 64 255 128
86.82798767 226.92245483 519.64514160 64 255 128
109.78778076 278.85641479 489.82623291 64 255 128
124.24323273 146.63809204 447.18246460 64 255 128
170.12844849 298.57644653 463.54486084 64 255 128
151.65802002 214.31114197 375.87103271 64 255 128
178.77131653 315.15393066 415.09515381 64 255 128
237.44100952 287.80697632 452.81600952 64 255 128
137.65161133 238.95332336 369.18014526 64 255 128
122.13056183 148.50852966 470.97311401 64 255 128
85.55503845 233.40838623 427.94799805 64 255 128
127.63043976 191.81326294 387.96804810 64 255 128
128.05804443 319.09078979 436.72229004 64 255 128
138.35366821 246.34805298 478.69503784 64 255 128
132.94912720 185.27243042 483.93032837 64 255 128
92.03894043 227.21606445 406.26754761 64 255 128
204.38307190 213.57234192 415.97814941 64 255 128
81.86853790 236.66883850 454.33911133 64 255 128
157.68887329 331.57644653 451.88540649 64 255 128
155.21498108 329.44873047 438.25885010 64 255 128
247.39299011 310.46798706 433.24099731 64 255 128
128.32070923 318.12792969 427.74148560 64 255 128
193.35856628 200.67993164 391.05288696 64 255 128
121.46298218 192.84513855 494.80902100 64 255 128
247.04299927 335.60198975 431.32000732 64 255 128
82.98995209 242.32118225 483.77487183 64 255 128
282.32501221 276.97500610 416.31698608 64 255 128
133.07858276 226.42471313 492.32189941 64 255 128
198.53402710 209.42555237 456.98962402 64 255 128
194.64843750 230.95462036 452.79473877 64 255 128
144.31101990 313.94354248 398.78836060 64 255 128
221.23519897 294.40774536 403.86862183 64 255 128
132.84452820 282.06332397 454.50769043 64 255 128
137.07118225 317.12957764 410.19848633 64 255 128
199.36599731 294.66500854 468.73599243 64 255 128
235.22799683 322.55102539 439.82397461 64 255 128
87.35475922 178.73480225 482.37054443 64 255 128
259.21197510 284.46099854 413.76300049 64 255 128
232.03300476 281.69302368 459.01300049 64 255 128
185.31143188 172.55775452 406.53820801 64 255 128
180.82627869 308.96163940 402.32772827 64 255 128
137.32971191 298.41207886 383.57479858 64 255 128
94.37585449 208.89950562 408.90502930 64 255 128
160.14962769 333.07000732 457.30700684 64 255 128
95.70152283 164.95095825 484.83001709 64 255 128
258.41598511 304.20700073 427.42098999 64 255 128
121.30963135 167.44885254 483.02774048 64 255 128
166.49913025 172.10304260 449.50772095 64 255 128
201.05798340 284.48052979 386.91976929 64 255 128
209.10900879 193.52868652 423.32476807 64 255 128
88.24031067 242.43959045 415.10586548 64 255 128
107.12343597 221.01396179 516.70880127 64 255 128
148.38322449 207.61372375 486.86776733 64 255 128
238.65600586 288.15298462 408.63400269 64 255 128
96.23365021 217.59106445 402.90957642 64 255 128
164.62377930 163.81640625 404.52362061 64 255 128
101.07568359 252.69865417 522.77398682 64 255 128
82.13922882 197.48664856 464.65365601 64 255 128
99.58539581 207.14671326 400.95117188 64 255 128
211.23258972 250.55000305 448.81796265 64 255 128
213.80111694 304.16876221 410.53387451 64 255 128
162.04122925 264.80880737 365.17575073 64 255 128
138.84686279 325.16091919 444.54415894 64 255 128
129.29676819 320.63076782 461.56268311 64 255 128
256.88699341 237.14999390 421.00201416 64 255 128
146.83995056 319.23727417 467.93380737 64 255 128
224.75926208 223.59643555 457.69967651 64 255 128
192.24421692 226.42077637 455.18179321 64 255 128
112.18077087 192.77247620 396.65435791 64 255 128
90.58367920 266.91842651 422.04940796 64 255 128
239.00000000 230.50700378 429.26599121 64 255 128
138.45101929 236.26620483 485.76800537 64 255 128
202.96359253 281.27120972 438.54882812 64 255 128
91.75205231 266.73648071 490.66473389 64 255 128
150.48957825 194.20274353 382.32571411 64 255 128
84.85068512 222.41671753 431.56649780 64 255 128
114.69541931 235.36645508 508.72109985 64 255 128
126.15335083 275.70648193 458.72671509 64 255 128
207.43002319 275.81262207 442.24029541 64 255 128
149.28057861 237.55194092 471.00726318 64 255 128
95.10695648 263.32489014 499.81176758 64 255 128
92.67331696 282.17190552 475.43057251 64 255 128
102.46035767 226.39070129 393.23507690 64 255 128
90.68697357 182.99822998 512.37786865 64 255 128
205.10397339 189.18588257 410.47399902 64 255 128
201.90890503 210.65228271 388.72982788 64 255 128
247.80699158 253.61799622 447.61199951 64 255 128
198.97576904 216.12464905 383.33401489 64 255 128
186.62294006 182.55035400 442.10684204 64 255 128
207.96073914 228.05778503 405.39004517 64 255 128
268.89398193 233.12500000 409.86999512 64 255 128
93.24731445 189.90542603 515.20269775 64 255 128
107.94624329 188.68251038 501.93692017 64 255 128
157.83125305 269.59567261 462.07904053 64 255 128
205.66210938 257.12332153 380.38095093 64 255 128
175.56713867 326.18524170 472.65222168 64 255 128
217.21600342 333.73098755 437.35699463 64 255 128
163.03947449 238.50344849 446.12936401 64 255 128
178.51911926 199.54875183 385.00039673 64 255 128
171.57989502 237.88011169 451.10302734 64 255 128
226.34620667 215.12081909 450.88861084 64 255 128
161.30175781 172.25119019 396.50814819 64 255 128
107.29294586 200.90820312 396.62939453 64 255 128
159.02767944 244.39521790 365.61254883 64 255 128
176.63793945 215.46170044 376.68432617 64 255 128
111.99874878 177.12316895 493.12695312 64 255 128
145.13623047 283.57312012 459.15310669 64 255 128
206.82987976 306.80792236 413.25146484 64 255 128
187.41714478 319.11325073 427.59118652 64 255 128
220.86698914 248.20399475 457.67599487 64 255 128
170.50746155 200.03807068 474.38882446 64 255 128
105.12316895 295.97961426 403.03021240 64 255 128
142.37203979 245.75137329 472.66571045 64 255 128
236.75698853 233.46699524 422.97399902 64 255 128
158.49771118 303.92218018 464.16372681 64 255 128
89.34478760 255.41636658 492.18344116 64 255 128
164.31224060 253.84956360 365.03555298 64 255 128
254.38299561 241.54501343 433.70501709 64 255 128
271.75701904 282.31900024 414.88201904 64 255 128
174.58851624 174.35415649 443.64865112 64 255 128
212.20411682 279.13992310 393.30645752 64 255 128
115.57974243 283.29403687 475.58074951 64 255 128
126.26422882 264.74566650 474.30804443 64 255 128
211.19500732 314.52102661 463.03701782 64 255 128
123.75968933 317.18133545 452.36282349 64 255 128
192.29515076 207.85101318 468.73300171 64 255 128
170.01913452 204.51016235 380.07598877 64 255 128
180.61784363 259.34991455 370.41986084 64 255 128
91.18309784 178.82699585 508.62216187 64 255 128
143.85409546 194.44537354 382.36105347 64 255 128
135.41166687 264.04714966 456.00485229 64 255 128
116.36326599 289.13708496 386.50317383 64 255 128
107.36917877 270.69674683 386.51275635 64 255 128
257.54898071 319.92797852 418.76501465 64 255 128
117.58554840 307.23046875 467.50506592 64 255 128
92.39538574 283.01489258 433.84661865 64 255 128
103.08415222 258.11907959 392.47375488 64 255 128
143.53414917 250.42536926 457.50033569 64 255 128
197.69160461 277.24252319 463.18417358 64 255 128
225.56999207 256.70999146 461.46398926 64 255 128
84.69389343 260.03875732 448.69869995 64 255 128
187.35266113 331.74707031 451.32989502 64 255 128
87.24890137 219.27066040 526.02508545 64 255 128
133.57029724 248.13955688 368.09927368 64 255 128
103.53707886 164.99276733 452.77536011 64 255 128
202.61050415 230.32968140 393.28720093 64 255 128
210.52299500 321.01602173 423.92901611 64 255 128
267.83300781 276.20199585 410.98800659 64 255 128
99.86437988 298.17807007 440.34350586 64 255 128
172.73374939 185.66021729 390.07925415 64 255 128
155.94885254 198.11691284 480.13937378 64 255 128
90.66351318 273.32495117 427.12600708 64 255 128
98.02469635 262.91134644 401.53860474 64 255 128
209.00538635 245.04710388 383.86718750 64 255 128
240.21699524 280.89999390 453.30102539 64 255 128
168.92846680 265.83218384 459.71768188 64 255 128
175.52532959 209.35107422 478.43933105 64 255 128
95.15390778 170.76681519 465.48709106 64 255 128
83.80782318 193.63313293 520.14178467 64 255 128
122.56186676 316.03302002 436.79135132 64 255 128
236.00100708 313.39199829 413.51300049 64 255 128
108.34244537 157.18421936 461.13168335 64 255 128
203.08013916 276.12036133 384.26205444 64 255 128
119.50035858 157.04455566 481.11688232 64 255 128
293.38397217 239.81599426 403.78201294 64 255 128
223.95899963 284.69223022 401.19323730 64 255 128
100.97387695 213.47137451 521.49792480 64 255 128
106.91974640 173.64485168 416.95947266 64 255 128
239.84399414 235.81500244 417.23400879 64 255 128
208.54484558 327.77996826 431.92694092 64 255 128
106.74251556 244.02011108 516.01959229 64 255 128
122.78148651 272.84616089 374.72387695 64 255 128
123.69813538 247.52574158 372.37524414 64 255 128
199.61729431 220.88975525 378.74414062 64 255 128
189.54261780 256.73672485 371.80746460 64 255 128
222.56774902 217.13748169 434.68032837 64 255 128
148.88290405 180.60284424 390.14477539 64 255 128
86.02947235 264.50161743 474.15063477 64 255 128
258.63998413 311.81298828 416.70199585 64 255 128
113.00749969 166.90188599 416.75024414 64 255 128
169.61477661 279.08633423 370.42291260 64 255 128
195.73300171 326.07998657 471.73699951 64 255 128
103.25218964 297.93978882 466.61462402 64 255 128
154.13796997 151.44030762 453.87698364 64 255 128
215.86599731 281.61801147 466.17800903 64 255 128
164.69046021 228.65890503 466.56753540 64 255 128
165.63066101 224.93898010 450.46313477 64 255 128
232.60531616 253.22911072 399.13381958 64 255 128
193.89311218 267.07263184 376.09759521 64 255 128
200.88044739 299.13452148 402.64968872 64 255 128
171.68186951 248.30220032 365.89114380 64 255 128
158.88017273 214.48773193 483.98110962 64 255 128
175.68331909 224.85061646 463.06896973 64 255 128
99.08145142 291.50067139 409.73016357 64 255 128
210.03056335 240.79937744 458.72311401 64 255 128
101.92308044 171.59007263 431.33874512 64 255 128
172.42413330 178.26153564 450.87185669 64 255 128
250.92599487 243.91999817 408.02499390 64 255 128
215.38880920 205.58515930 404.88668823 64 255 128
285.57699585 253.77301025 406.68298340 64 255 128
87.51674652 271.07379150 466.16436768 64 255 128
267.00799561 258.81799316 408.55099487 64 255 128
206.53819275 202.71034241 422.42987061 64 255 128
273.10498047 259.32400513 424.09802246 64 255 128
134.36581421 221.31791687 492.48846436 64 255 128
276.69998169 241.18299866 418.34500122 64 255 128
80.29161835 211.84565735 460.28781128 64 255 128
224.09564209 224.21022034 414.43606567 64 255 128
145.67210388 182.61830139 476.32287598 64 255 128
81.43634796 231.26004028 494.23931885 64 255 128
121.95147705 268.27996826 480.75308228 64 255 128
221.33099365 326.63101196 458.27697754 64 255 128
243.82600403 327.57897949 419.78100586 64 255 128
168.71864319 192.35313416 468.79327393 64 255 128
151.13093567 184.06695557 474.07870483 64 255 128
254.75901794 285.10098267 436.77099609 64 255 128
123.05773163 152.78620911 424.93380737 64 255 128
95.72669983 272.94564819 493.70947266 64 255 128
172.30642700 251.32012939 456.69628906 64 255 128
89.32205963 249.72006226 412.99594116 64 255 128
78.36897278 203.94596863 480.62271118 64 255 128
222.96517944 211.19525146 431.96166992 64 255 128
93.19510651 190.60247803 424.65832520 64 255 128
248.31199646 272.84802246 408.48300171 64 255 128
120.60371399 233.88330078 378.00598145 64 255 128
223.49899292 317.77899170 453.05499268 64 255 128
201.08973694 273.46957397 446.57608032 64 255 128
133.92750549 322.17752075 435.70840454 64 255 128
178.08618164 317.96542358 421.84054565 64 255 128
201.81704712 229.14645386 458.51721191 64 255 128
152.29594421 177.06091309 392.67456055 64 255 128
82.65833282 188.27964783 501.00051880 64 255 128
289.81597900 251.18499756 411.19799805 64 255 128
191.05621338 268.84500122 457.48876953 64 255 128
83.22874451 190.29017639 472.15158081 64 255 128
156.36566162 294.19512939 462.40563965 64 255 128
251.40602112 263.40899658 445.26498413 64 255 128
188.00117493 287.96817017 442.42468262 64 255 128
223.90921021 214.23362732 416.74096680 64 255 128
192.99720764 195.65965271 452.53063965 64 255 128
183.20240784 238.25517273 371.80950928 64 255 128
246.56399536 235.74400330 422.71102905 64 255 128
171.29438782 331.73220825 468.29348755 64 255 128
169.67616272 165.52980042 441.05078125 64 255 128
245.69499207 298.07598877 441.74002075 64 255 128
114.72164154 281.80883789 383.42028809 64 255 128
122.94577789 271.34674072 465.47561646 64 255 128
118.62147522 313.77127075 440.89660645 64 255 128
207.25900269 333.13500977 461.42001343 64 255 128
199.52421570 286.81192017 465.73098755 64 255 128
201.91195679 245.64570618 377.36663818 64 255 128
99.83571625 221.72688293 526.16223145 64 255 128
200.30015564 249.97717285 374.94488525 64 255 128
173.24430847 223.43196106 467.35888672 64 255 128
234.97399902 314.00000000 445.84597778 64 255 128
83.22753143 249.34906006 447.35479736 64 255 128
208.30456543 228.60734558 464.68270874 64 255 128
111.94187164 271.50482178 497.42272949 64 255 128
159.90728760 321.02392578 420.50527954 64 255 128
204.99903870 215.09620667 421.70303345 64 255 128
207.26643372 265.50549316 449.88800049 64 255 128
196.84843445 211.90686035 465.46981812 64 255 128
88.45655060 265.10330200 484.97717285 64 255 128
82.48541260 202.22831726 457.90457153 64 255 128
205.47700500 269.20001221 466.43099976 64 255 128
90.53262329 281.70138550 464.84094238 64 255 128
96.91793823 282.47067261 481.90597534 64 255 128
200.90899658 314.93698120 466.95101929 64 255 128
109.24516296 272.92904663 502.45159912 64 255 128
201.71705627 207.08728027 440.61853027 64 255 128
178.27656555 313.70037842 409.88357544 64 255 128
160.41748047 195.33937073 476.14227295 64 255 128
80.43235016 196.95458984 502.23852539 64 255 128
197.81971741 194.42524719 443.48825073 64 255 128
195.80999756 313.59402466 464.15499878 64 255 128
174.34407043 329.39483643 451.55545044 64 255 128
155.08769226 141.97477722 436.28161621 64 255 128
109.13404846 204.27610779 393.17422485 64 255 128
168.20036316 331.66711426 452.30432129 64 255 128
239.60200500 232.97000122 437.94998169 64 255 128
153.18821716 296.16918945 379.47122192 64 255 128
173.64328003 271.47830200 459.30212402 64 255 128
86.10090637 251.22177124 421.39550781 64 255 128
202.10324097 213.74066162 449.17745972 64 255 128
203.66691589 211.23382568 430.80044556 64 255 128
140.45991516 174.27734375 395.20846558 64 255 128
81.74526978 239.63253784 472.37658691 64 255 128
171.52720642 261.86764526 366.73590088 64 255 128
180.13891602 157.72871399 421.08953857 64 255 128
93.93027496 207.23692322 525.75329590 64 255 128
93.61091614 197.69863892 420.39398193 64 255 128
206.23377991 320.48709106 424.47271729 64 255 128
241.66600037 265.09500122 455.35800171 64 255 128
245.03900146 285.55300903 445.07501221 64 255 128
199.15089417 267.75952148 460.83413696 64 255 128
227.73608398 208.43350220 434.49758911 64 255 128
234.05499268 336.53500366 439.69198608 64 255 128
196.53744507 183.23937988 406.63681030 64 255 128
191.61898804 321.22299194 467.97601318 64 255 128
110.81587219 263.20001221 506.96127319 64 255 128
90.34346771 212.80503845 529.95959473 64 255 128
123.41577911 241.42677307 374.29873657 64 255 128
211.77600098 331.24899292 469.51898193 64 255 128
123.95858765 296.96493530 458.87411499 64 255 128
117.90428925 190.53654480 394.06753540 64 255 128
108.46936798 173.58366394 493.82473755 64 255 128
89.19152832 215.08682251 417.66580200 64 255 128
216.47801208 264.37197876 463.60998535 64 255 128
136.49082947 258.17678833 366.84185791 64 255 128
141.77136230 185.19050598 387.52056885 64 255 128
189.79107666 292.03497314 446.89523315 64 255 128
123.03433228 147.22828674 440.97048950 64 255 128
139.05538940 143.27737427 435.86022949 64 255 128
149.01925659 243.39207458 457.24041748 64 255 128
244.01800537 290.58502197 444.80197144 64 255 128
175.81443787 180.27809143 394.95150757 64 255 128
159.10932922 160.12179565 450.62930298 64 255 128
119.77010345 255.96788025 494.31231689 64 255 128
126.83821106 310.63458252 465.91357422 64 255 128
237.73699951 251.78302002 456.44097900 64 255 128
147.94032288 300.93157959 462.02069092 64 255 128
154.93237305 314.94195557 399.00927734 64 255 128
193.69992065 181.50103760 433.98306274 64 255 128
233.44500732 323.69100952 419.41897583 64 255 128
169.76760864 325.66287231 440.93386841 64 255 128
