ply
format ascii 1.0
element vertex 4096
property float x
property float y
property float z
property uchar red
property uchar green
property uchar blue
end_header
113.02325439 120.33129883 452.95574951 255 64 64
104.71933746 125.70348358 457.61965942 255 64 64
120.58716583 115.35925293 441.83721924 255 64 64
109.20356750 120.22728729 444.19436646 255 64 64
96.84573364 133.61648560 461.56906128 255 64 64
89.46315002 141.13302612 465.65612793 255 64 64
99.99859619 125.77092743 450.75173950 255 64 64
90.95651245 134.01040649 453.27801514 255 64 64
215.73774719 309.96795654 424.93295288 255 64 64
217.69108582 314.84335327 434.64324951 255 64 64
225.30941772 304.79296875 425.95989990 255 64 64
224.87084961 311.15045166 431.91308594 255 64 64
128.88490295 116.24304962 445.15603638 255 64 64
124.07577515 121.15065765 454.51843262 255 64 64
140.44706726 118.52381897 436.50604248 255 64 64
135.78979492 122.46040344 445.88867188 255 64 64
110.00723267 119.69827271 436.95874023 255 64 64
101.75393677 125.83049011 439.48986816 255 64 64
116.71332550 119.08827209 425.32662964 255 64 64
106.09182739 125.10958099 425.74267578 255 64 64
83.35312653 164.39216614 484.67755127 255 64 64
78.63695526 173.78216553 490.18756104 255 64 64
81.72561646 155.69616699 473.61978149 255 64 64
75.73744202 165.99368286 478.25494385 255 64 64
141.21520996 119.28900146 425.74697876 255 64 64
141.57876587 120.92732239 435.10202026 255 64 64
149.84655762 126.08621216 417.64004517 255 64 64
149.84632874 126.93125916 427.27117920 255 64 64
128.99179077 116.13852692 432.50677490 255 64 64
120.00769043 119.93520355 435.26553345 255 64 64
137.34541321 120.86090851 422.67407227 255 64 64
125.31752014 123.04687500 422.41082764 255 64 64
81.76246643 179.35472107 498.14672852 255 64 64
78.73524475 189.33929443 503.49981689 255 64 64
78.93215942 170.82438660 488.81930542 255 64 64
74.51603699 181.63365173 493.17098999 255 64 64
84.47695923 144.38253784 459.86663818 255 64 64
79.39768982 153.59582520 464.21075439 255 64 64
86.91972351 138.37600708 448.73709106 255 64 64
80.86895752 148.46737671 452.30456543 255 64 64
95.99299622 130.27981567 446.44540405 255 64 64
89.12583923 138.47421265 449.30740356 255 64 64
101.04051208 125.76769257 435.92144775 255 64 64
93.01087952 134.48764038 437.58084106 255 64 64
98.98739624 128.39645386 426.58755493 255 64 64
92.32825470 136.65802002 428.95208740 255 64 64
104.75053406 125.82299042 416.06268311 255 64 64
96.98965454 134.16188049 417.43548584 255 64 64
202.74102783 316.22012329 446.27246094 255 64 64
203.12942505 313.96328735 457.67260742 255 64 64
213.58837891 313.65161133 443.49050903 255 64 64
211.36880493 314.28048706 451.85885620 255 64 64
192.08918762 314.89044189 424.41714478 255 64 64
191.90786743 317.98217773 434.92819214 255 64 64
204.72824097 313.84167480 426.01156616 255 64 64
199.67794800 317.04498291 431.61825562 255 64 64
235.30459595 241.00930786 425.64559937 255 64 64
238.82975769 252.64141846 425.97097778 255 64 64
241.78092957 239.82543945 422.00402832 255 64 64
244.28350830 247.10678101 422.64300537 255 64 64
235.60801697 263.27764893 421.82885742 255 64 64
234.52929688 275.43991089 422.52975464 255 64 64
242.35644531 258.73312378 423.72430420 255 64 64
240.74757385 267.87347412 423.56823730 255 64 64
107.86873627 128.90400696 410.51275635 255 64 64
100.09129333 135.94328308 410.08660889 255 64 64
115.15698242 129.33476257 402.70587158 255 64 64
107.16600037 135.95065308 401.74172974 255 64 64
157.84066772 133.39912415 418.09780884 255 64 64
161.92358398 135.57772827 426.00964355 255 64 64
161.98204041 141.23086548 412.03970337 255 64 64
167.33328247 143.71505737 421.25851440 255 64 64
79.47146606 194.91699219 503.64883423 255 64 64
79.64634705 206.13861084 508.64111328 255 64 64
81.95841217 198.44767761 499.99481201 255 64 64
81.24049377 210.70013428 505.01104736 255 64 64
136.39422607 124.29177094 417.26477051 255 64 64
125.24809265 126.57437897 413.62915039 255 64 64
145.15650940 131.32414246 412.30377197 255 64 64
133.98275757 133.42956543 406.88809204 255 64 64
86.16268158 141.05163574 438.76626587 255 64 64
81.13218689 150.39192200 441.94293213 255 64 64
90.22955322 137.18223572 428.27545166 255 64 64
84.27452087 146.80416870 430.87652588 255 64 64
75.57064819 167.55335999 475.81774902 255 64 64
72.65157318 177.65943909 480.34500122 255 64 64
75.74322510 163.03277588 465.34902954 255 64 64
71.79191589 173.86781311 469.34176636 255 64 64
191.40769958 307.05221558 464.45779419 255 64 64
188.64324951 302.50448608 474.84365845 255 64 64
203.38496399 304.51397705 459.12356567 255 64 64
199.00659180 302.97964478 467.92449951 255 64 64
91.00054932 156.58644104 472.42431641 255 64 64
87.26426697 167.07171631 480.18704224 255 64 64
101.49134827 156.27349854 463.45404053 255 64 64
98.33803558 167.20794678 471.48367310 255 64 64
212.19412231 286.54345703 416.73541260 255 64 64
210.58065796 298.30810547 418.74096680 255 64 64
221.91409302 284.36254883 418.51586914 255 64 64
217.03186035 292.20303345 418.48880005 255 64 64
85.17790222 151.68240356 416.49920654 255 64 64
80.55883026 160.72265625 418.89733887 255 64 64
90.87982178 147.64366150 407.04476929 255 64 64
85.25244904 156.45564270 408.87915039 255 64 64
147.20594788 129.35070801 437.71801758 255 64 64
143.24174500 136.29611206 445.76974487 255 64 64
155.97467041 136.59616089 430.39895630 255 64 64
152.60690308 143.81399536 439.64718628 255 64 64
126.95156860 132.32450867 399.31594849 255 64 64
118.52247620 138.41024780 395.63708496 255 64 64
135.90574646 138.49859619 397.24041748 255 64 64
127.77302551 144.55673218 392.87310791 255 64 64
91.17311859 294.27963257 452.41070557 255 64 64
92.96561432 293.52972412 463.82009888 255 64 64
102.17291260 303.84704590 449.56756592 255 64 64
100.17793274 301.11157227 459.08276367 255 64 64
152.09234619 134.31091309 407.84820557 255 64 64
144.39588928 138.02059937 403.31979370 255 64 64
159.75381470 144.27201843 407.39306641 255 64 64
151.06517029 149.12255859 401.20425415 255 64 64
170.52810669 314.63043213 438.14981079 255 64 64
168.23997498 313.76684570 448.88177490 255 64 64
184.00656128 315.05297852 439.21276855 255 64 64
177.28297424 314.91586304 445.41586304 255 64 64
92.80617523 291.27032471 461.63232422 255 64 64
96.36953735 287.50677490 470.39733887 255 64 64
103.52708435 300.89688110 463.63143921 255 64 64
105.39919281 295.93771362 472.07894897 255 64 64
71.79564667 190.58941650 488.25372314 255 64 64
71.50756073 200.84460449 494.12957764 255 64 64
69.72206879 190.74404907 475.84936523 255 64 64
69.39591217 202.09451294 481.80810547 255 64 64
77.84928894 228.23979187 501.16125488 255 64 64
82.05462646 234.78756714 503.19937134 255 64 64
79.84542084 241.78266907 498.86758423 255 64 64
84.77880859 247.77084351 501.10418701 255 64 64
139.97193909 313.42459106 433.92102051 255 64 64
137.72361755 313.09127808 445.05612183 255 64 64
152.56956482 316.85574341 432.02038574 255 64 64
146.36601257 315.75378418 438.99523926 255 64 64
225.09838867 221.25761414 432.42205811 255 64 64
228.84536743 229.36088562 438.05770874 255 64 64
231.74418640 224.81039429 427.01602173 255 64 64
232.83389282 227.30032349 433.02169800 255 64 64
110.03964233 142.15548706 393.41851807 255 64 64
103.23231506 150.22561646 391.32412720 255 64 64
119.72233582 143.51400757 388.19659424 255 64 64
113.07514954 151.33929443 385.85229492 255 64 64
170.88223267 306.30606079 470.78186035 255 64 64
166.98892212 301.12600708 480.52346802 255 64 64
184.67269897 306.02050781 468.14236450 255 64 64
178.13690186 302.51098633 475.43017578 255 64 64
77.22883606 162.06353760 446.79067993 255 64 64
73.74417114 171.95240784 451.24130249 255 64 64
80.17597961 158.05792236 435.58563232 255 64 64
75.76170349 168.44381714 439.63818359 255 64 64
161.22149658 301.96368408 481.27575684 255 64 64
153.97421265 296.30316162 486.37850952 255 64 64
175.17855835 300.44961548 480.71893311 255 64 64
167.70024109 295.76382446 485.75262451 255 64 64
119.11981964 143.66804504 451.17880249 255 64 64
112.39348602 153.39491272 456.72149658 255 64 64
128.86877441 148.81127930 445.60797119 255 64 64
122.56767273 158.71855164 451.42678833 255 64 64
77.58529663 262.26235962 475.62023926 255 64 64
83.69680786 265.85748291 482.71289062 255 64 64
80.76150513 275.20147705 471.72253418 255 64 64
86.58584595 276.66607666 479.10421753 255 64 64
221.59478760 269.37124634 433.19537354 255 64 64
218.51785278 279.94119263 436.30139160 255 64 64
228.22355652 270.07153320 431.48730469 255 64 64
223.62968445 275.48406982 433.79318237 255 64 64
93.77305603 176.63504028 482.27444458 255 64 64
91.41911316 186.52391052 491.27420044 255 64 64
102.96701050 181.91818237 476.04144287 255 64 64
100.73870850 192.45869446 485.92294312 255 64 64
74.66970825 209.51988220 497.50473022 255 64 64
75.96885681 220.13955688 502.87716675 255 64 64
72.84223175 216.85876465 488.26199341 255 64 64
75.01209259 227.94783020 494.20046997 255 64 64
159.88986206 304.55249023 411.55264282 255 64 64
158.37855530 312.11456299 422.07843018 255 64 64
172.99645996 305.56884766 410.35748291 255 64 64
166.60562134 309.47802734 416.72854614 255 64 64
187.80209351 289.13977051 410.75067139 255 64 64
186.55770874 300.10919189 414.24362183 255 64 64
199.36608887 289.36181641 412.43829346 255 64 64
193.49044800 295.81756592 413.12582397 255 64 64
129.19493103 300.36187744 474.81448364 255 64 64
122.50909424 295.12109375 479.35165405 255 64 64
142.71388245 301.45578003 480.67379761 255 64 64
136.35018921 296.55371094 485.09359741 255 64 64
70.68786621 181.44427490 463.18963623 255 64 64
69.44462585 191.69209290 468.63754272 255 64 64
71.45824432 178.32962036 451.82998657 255 64 64
69.67541504 189.47023010 457.33767700 255 64 64
105.67143250 302.74816895 432.74526978 255 64 64
105.30212402 305.10006714 444.39395142 255 64 64
117.31090546 309.19714355 426.43127441 255 64 64
112.89571381 308.34570312 434.85116577 255 64 64
78.69502258 167.32380676 413.55401611 255 64 64
74.85140991 177.14639282 416.16580200 255 64 64
83.92063904 163.79312134 404.40240479 255 64 64
79.53029633 173.28436279 406.23355103 255 64 64
140.76856995 145.96246338 395.29681396 255 64 64
133.43107605 153.02014160 389.95108032 255 64 64
150.66479492 152.65567017 397.37875366 255 64 64
143.42671204 160.27294922 391.44766235 255 64 64
149.56011963 308.54272461 454.50006104 255 64 64
145.34994507 304.52697754 463.54953003 255 64 64
163.01647949 309.27859497 456.51184082 255 64 64
156.36883545 306.17129517 462.62704468 255 64 64
76.13955688 265.89645386 456.32684326 255 64 64
79.55242920 269.45291138 466.50286865 255 64 64
83.11578369 277.48898315 450.30368042 255 64 64
83.57598114 277.78881836 460.20727539 255 64 64
193.53523254 188.23063660 434.33584595 255 64 64
195.98904419 190.49989319 444.52291870 255 64 64
197.98724365 192.46818542 430.48303223 255 64 64
199.77008057 193.13755798 439.40359497 255 64 64
73.85680389 176.93711853 435.38574219 255 64 64
71.10110474 186.90328979 439.87710571 255 64 64
76.30969238 172.43447876 425.46560669 255 64 64
73.00818634 182.73200989 429.69302368 255 64 64
115.93643951 304.51779175 456.38815308 255 64 64
113.27427673 302.09252930 466.51998901 255 64 64
127.95328522 307.88684082 453.45480347 255 64 64
123.12781525 304.84210205 460.54101562 255 64 64
163.35009766 148.11016846 406.88674927 255 64 64
166.75665283 154.47201538 410.04928589 255 64 64
166.37559509 157.68930054 407.11318970 255 64 64
171.13502502 166.34666443 410.73681641 255 64 64
73.43612671 232.75119019 490.17697144 255 64 64
77.18955231 241.06246948 495.33862305 255 64 64
74.58480072 242.54156494 483.61999512 255 64 64
78.50849915 249.62870789 489.76831055 255 64 64
70.36806488 232.49414062 470.92727661 255 64 64
73.29496002 241.40736389 477.78707886 255 64 64
69.71089172 239.54078674 462.47427368 255 64 64
72.44358063 248.11898804 470.06210327 255 64 64
203.19772339 287.21957397 446.46728516 255 64 64
200.25518799 296.89028931 453.82962036 255 64 64
212.00436401 289.82983398 441.01226807 255 64 64
206.00950623 293.45004272 446.76882935 255 64 64
105.00698853 163.74185181 461.95178223 255 64 64
102.30265808 173.35827637 470.27963257 255 64 64
114.01318359 168.45434570 456.30786133 255 64 64
111.11573792 178.08547974 465.27261353 255 64 64
69.45993805 200.45797729 459.11941528 255 64 64
68.85822296 210.57878113 464.95941162 255 64 64
68.86167145 198.52513123 448.88265991 255 64 64
67.89708710 209.53320312 454.86346436 255 64 64
88.75526428 164.04669189 395.73489380 255 64 64
84.42105865 173.72567749 395.76641846 255 64 64
97.44943237 162.44885254 387.69259644 255 64 64
92.87316132 171.60507202 387.69052124 255 64 64
153.85491943 271.53741455 432.66668701 255 64 64
149.80270386 271.51580811 432.59259033 255 64 64
154.38711548 271.54443359 432.66058350 255 64 64
153.82186890 271.57281494 432.63143921 255 64 64
126.33135986 294.23925781 398.45980835 255 64 64
120.43434143 294.33090210 398.46252441 255 64 64
127.39167023 294.17041016 398.43130493 255 64 64
126.03234863 294.23461914 398.41635132 255 64 64
147.12272644 281.05117798 467.07641602 255 64 64
142.65707397 281.03057861 467.06808472 255 64 64
147.89305115 281.05221558 467.03115845 255 64 64
146.98564148 281.08093262 467.05444336 255 64 64
148.46347046 314.41470337 423.18145752 255 64 64
142.74118042 314.37570190 423.20422363 255 64 64
149.40753174 314.43399048 423.15994263 255 64 64
148.46261597 314.45025635 423.16607666 255 64 64
157.51745605 282.62509155 464.50961304 255 64 64
153.05723572 282.55917358 464.50747681 255 64 64
158.27621460 282.61465454 464.47668457 255 64 64
157.44726562 282.60729980 464.51177979 255 64 64
111.29766846 215.11048889 486.05590820 255 64 64
108.60442352 215.13185120 486.08282471 255 64 64
111.97061157 215.09440613 485.99697876 255 64 64
111.38911438 215.13470459 486.04846191 255 64 64
133.46908569 298.25036621 403.97354126 255 64 64
127.55019379 298.31561279 403.96731567 255 64 64
134.53881836 298.18737793 403.91506958 255 64 64
133.23736572 298.25054932 403.90066528 255 64 64
102.30227661 232.73507690 493.67785645 255 64 64
99.97067261 232.73773193 493.74429321 255 64 64
102.85404968 232.71029663 493.61700439 255 64 64
102.37817383 232.73323059 493.68902588 255 64 64
134.29620361 308.81497192 419.09854126 255 64 64
128.81779480 308.81219482 419.14147949 255 64 64
135.22203064 308.76461792 419.09741211 255 64 64
134.11926270 308.79882812 419.11691284 255 64 64
136.93945312 313.99353027 428.74853516 255 64 64
131.51744080 313.94601440 428.78430176 255 64 64
137.86999512 313.99819946 428.72753906 255 64 64
136.86888123 313.99929810 428.74523926 255 64 64
98.61946106 218.47195435 498.28851318 255 64 64
96.32678223 218.47091675 498.37762451 255 64 64
99.23356628 218.44738770 498.22149658 255 64 64
98.74747467 218.46838379 498.31411743 255 64 64
110.88371277 296.83786011 409.15963745 255 64 64
106.33224487 296.85122681 409.21551514 255 64 64
111.69899750 296.79714966 409.18945312 255 64 64
110.83145142 296.80947876 409.22534180 255 64 64
111.28601074 307.14538574 430.80722046 255 64 64
107.29662323 307.05438232 430.86758423 255 64 64
112.00133514 307.14367676 430.81619263 255 64 64
111.36015320 307.09469604 430.86145020 255 64 64
100.45216370 242.22579956 495.65048218 255 64 64
98.30004883 242.21597290 495.71795654 255 64 64
100.99040222 242.19006348 495.61639404 255 64 64
100.54630280 242.20576477 495.68597412 255 64 64
109.37493134 308.11929321 441.69500732 255 64 64
105.64060974 308.01495361 441.73406982 255 64 64
110.04423523 308.14065552 441.70431519 255 64 64
109.46685791 308.08447266 441.73715210 255 64 64
124.20072937 311.49093628 432.00439453 255 64 64
119.66766357 311.41720581 432.04284668 255 64 64
124.96823883 311.49066162 432.00756836 255 64 64
124.20191956 311.46807861 432.03363037 255 64 64
111.27844238 276.51171875 474.93194580 255 64 64
108.23588562 276.47351074 474.94158936 255 64 64
111.90612793 276.45169067 474.92318726 255 64 64
111.28678894 276.45953369 474.95129395 255 64 64
118.50794983 302.70697021 412.07904053 255 64 64
113.25823975 302.67822266 412.15649414 255 64 64
119.48403931 302.64111328 412.07235718 255 64 64
118.41584778 302.63082886 412.12191772 255 64 64
85.32780457 223.88088989 510.83966064 255 64 64
83.82230377 223.87205505 510.89010620 255 64 64
85.68727875 223.85620117 510.87442017 255 64 64
85.42329407 223.86163330 510.91867065 255 64 64
156.59083557 255.49790955 460.23529053 255 64 64
153.42991638 255.50602722 460.23138428 255 64 64
157.07109070 255.44007874 460.29626465 255 64 64
156.45188904 255.48226929 460.32748413 255 64 64
113.05383301 231.72117615 480.08789062 255 64 64
110.35335541 231.71759033 480.12774658 255 64 64
113.68891144 231.72496033 480.02160645 255 64 64
113.12021637 231.74459839 480.08074951 255 64 64
124.93346405 286.75775146 473.35443115 255 64 64
121.14811707 286.62301636 473.42205811 255 64 64
125.73582458 286.75683594 473.31948853 255 64 64
124.97102356 286.68698120 473.40209961 255 64 64
120.64971924 233.73553467 469.78341675 255 64 64
117.78978729 233.74530029 469.78500366 255 64 64
121.31523132 233.72554016 469.78671265 255 64 64
120.71076202 233.75831604 469.81729126 255 64 64
117.88978577 307.23980713 423.04534912 255 64 64
113.00547791 307.20147705 423.12469482 255 64 64
118.79750061 307.20074463 423.01907349 255 64 64
117.80548096 307.19805908 423.06619263 255 64 64
133.85073853 313.24481201 438.42758179 255 64 64
128.78291321 313.12829590 438.48165894 255 64 64
134.74710083 313.21829224 438.39816284 255 64 64
133.84356689 313.17819214 438.44500732 255 64 64
169.04487610 288.14300537 470.02502441 255 64 64
164.62347412 288.08181763 470.02804565 255 64 64
169.72686768 288.11691284 469.98880005 255 64 64
168.91488647 288.11654663 470.02893066 255 64 64
92.16394043 231.47872925 503.57376099 255 64 64
90.27003479 231.45841980 503.66088867 255 64 64
92.62470245 231.47209167 503.58142090 255 64 64
92.24330902 231.47303772 503.66156006 255 64 64
107.80781555 274.35137939 390.03210449 255 64 64
102.76287842 274.38574219 390.04827881 255 64 64
108.80883026 274.27700806 389.99929810 255 64 64
107.68673706 274.29415894 390.02139282 255 64 64
109.48929596 287.90936279 399.50048828 255 64 64
104.65865326 287.92205811 399.54858398 255 64 64
110.39929199 287.84219360 399.49108887 255 64 64
109.40125275 287.84982300 399.53002930 255 64 64
101.96394348 297.60525513 420.02828979 255 64 64
98.16174316 297.54452515 420.11703491 255 64 64
102.62220764 297.59014893 420.02276611 255 64 64
101.95951843 297.55471802 420.09265137 255 64 64
89.11210632 288.69128418 466.16278076 255 64 64
87.00471497 288.62145996 466.18444824 255 64 64
89.51394653 288.71920776 466.19268799 255 64 64
89.22114563 288.67926025 466.20959473 255 64 64
140.89331055 261.06750488 427.78091431 255 64 64
136.82423401 260.97000122 427.75781250 255 64 64
141.51644897 261.07272339 427.73068237 255 64 64
140.78875732 261.02862549 427.75161743 255 64 64
153.12704468 258.62142944 432.07217407 255 64 64
149.38916016 258.58880615 432.05279541 255 64 64
153.66081238 258.61041260 432.02636719 255 64 64
152.91174316 258.62139893 432.03796387 255 64 64
129.68746948 222.43605042 463.54162598 255 64 64
127.37928772 222.44580078 463.57159424 255 64 64
130.17115784 222.41940308 463.54971313 255 64 64
129.70989990 222.44709778 463.59414673 255 64 64
131.94371033 225.67260742 452.97869873 255 64 64
129.36291504 225.67898560 453.00662231 255 64 64
132.47232056 225.65834045 452.98767090 255 64 64
131.96676636 225.68318176 453.03436279 255 64 64
121.06751251 221.35704041 472.07342529 255 64 64
118.78889465 221.37683105 472.09298706 255 64 64
121.60767365 221.34123230 472.10073853 255 64 64
121.13555145 221.37716675 472.13278198 255 64 64
135.76292419 278.02624512 465.43472290 255 64 64
131.78335571 277.88415527 465.50839233 255 64 64
136.53053284 278.05239868 465.38140869 255 64 64
135.69905090 277.97772217 465.46606445 255 64 64
103.63684845 304.87963867 453.56405640 255 64 64
100.54226685 304.77954102 453.60195923 255 64 64
104.21958160 304.89962769 453.59234619 255 64 64
103.74240875 304.84738159 453.62100220 255 64 64
146.52386475 239.65623474 450.19750977 255 64 64
143.51925659 239.64247131 450.23272705 255 64 64
147.05543518 239.61901855 450.23919678 255 64 64
146.44644165 239.63610840 450.29559326 255 64 64
135.95578003 245.74005127 455.86550903 255 64 64
132.63696289 245.72447205 455.88787842 255 64 64
136.62957764 245.71098328 455.87768555 255 64 64
135.88670349 245.73017883 455.92846680 255 64 64
165.23501587 274.76858521 461.62579346 255 64 64
162.02221680 274.74295044 461.61828613 255 64 64
165.73139954 274.75109863 461.69775391 255 64 64
165.26254272 274.77041626 461.71942139 255 64 64
80.63691711 219.80473328 500.20800781 255 64 64
79.45660400 219.80207825 500.22860718 255 64 64
80.90844727 219.80787659 500.28088379 255 64 64
80.75191498 219.81098938 500.29269409 255 64 64
142.73077393 250.53947449 425.86981201 255 64 64
139.00639343 250.46907043 425.84283447 255 64 64
143.32217407 250.56018066 425.80218506 255 64 64
142.65878296 250.53027344 425.81756592 255 64 64
97.02186584 289.79248047 415.86050415 255 64 64
93.69212341 289.74542236 415.93237305 255 64 64
97.60926819 289.77536011 415.88064575 255 64 64
97.06610870 289.75000000 415.94100952 255 64 64
100.24733734 280.15243530 399.00735474 255 64 64
96.03308105 280.14953613 399.07708740 255 64 64
101.06448364 280.10885620 398.99304199 255 64 64
100.24172974 280.10540771 399.05355835 255 64 64
130.82499695 235.98895264 447.73950195 255 64 64
127.66817474 235.98046875 447.75851440 255 64 64
131.41635132 235.99693298 447.70245361 255 64 64
130.77128601 236.01567078 447.74862671 255 64 64
163.50144958 294.96411133 485.73953247 255 64 64
158.94749451 294.91485596 485.75515747 255 64 64
164.24963379 294.94281006 485.71276855 255 64 64
163.37110901 294.95587158 485.76412964 255 64 64
126.36987305 233.14727783 458.48034668 255 64 64
123.88887787 233.15167236 458.49899292 255 64 64
126.90048981 233.13742065 458.51116943 255 64 64
126.41183472 233.16116333 458.54788208 255 64 64
107.51742554 241.48065186 483.96679688 255 64 64
105.20009613 241.49206543 484.00219727 255 64 64
108.06362915 241.46455383 483.99087524 255 64 64
107.57474518 241.49772644 484.03286743 255 64 64
132.39176941 271.96258545 458.08914185 255 64 64
128.26132202 271.82977295 458.15856934 255 64 64
133.20166016 272.01132202 458.01995850 255 64 64
132.32774353 271.93630981 458.11264038 255 64 64
92.16467285 281.42584229 408.92245483 255 64 64
88.94105530 281.38336182 409.00503540 255 64 64
92.74198914 281.40771484 408.93463135 255 64 64
92.20458984 281.37866211 409.00604248 255 64 64
109.23500061 248.32608032 475.17587280 255 64 64
106.77671814 248.32159424 475.21701050 255 64 64
109.78449249 248.32077026 475.17437744 255 64 64
109.26271057 248.34469604 475.22082520 255 64 64
100.11140442 252.28356934 487.88934326 255 64 64
97.98664093 252.27113342 487.92730713 255 64 64
100.60019684 252.27761841 487.87844849 255 64 64
100.16329956 252.29116821 487.91677856 255 64 64
123.85852051 272.39794922 468.32525635 255 64 64
120.19063568 272.26669312 468.41116333 255 64 64
124.64311218 272.42471313 468.30810547 255 64 64
123.85657501 272.35675049 468.40411377 255 64 64
140.22798157 238.73086548 435.18258667 255 64 64
136.92044067 238.66575623 435.18118286 255 64 64
140.77529907 238.75198364 435.12210083 255 64 64
140.16654968 238.72402954 435.14874268 255 64 64
147.99380493 303.29840088 472.37329102 255 64 64
143.24896240 303.17950439 472.41284180 255 64 64
148.85594177 303.29974365 472.35382080 255 64 64
147.94369507 303.26220703 472.40625000 255 64 64
100.77395630 298.68307495 434.56939697 255 64 64
97.68431854 298.59640503 434.64608765 255 64 64
101.32044983 298.68536377 434.56262207 255 64 64
100.82147217 298.64117432 434.62445068 255 64 64
93.12366486 247.15245056 501.20599365 255 64 64
91.30897522 247.13787842 501.22601318 255 64 64
93.55296326 247.17076111 501.21890259 255 64 64
93.19593048 247.18005371 501.23880005 255 64 64
88.10619354 268.00592041 481.97424316 255 64 64
86.27786255 267.95700073 481.97814941 255 64 64
88.46555328 268.01229858 481.99203491 255 64 64
88.16446686 267.99053955 481.99450684 255 64 64
76.42366028 214.01986694 489.96020508 255 64 64
75.31422424 214.02694702 489.97573853 255 64 64
76.63833618 214.02561951 490.03070068 255 64 64
76.49418640 214.03529358 490.03588867 255 64 64
91.43138123 266.95498657 393.97860718 255 64 64
87.96501160 266.95056152 394.06246948 255 64 64
92.14379120 266.94201660 393.99087524 255 64 64
91.54736328 266.93048096 394.06546021 255 64 64
152.03358459 298.20956421 483.27468872 255 64 64
147.56678772 298.12872314 483.28656006 255 64 64
152.81326294 298.20825195 483.30261230 255 64 64
151.93978882 298.19818115 483.34167480 255 64 64
78.91079712 224.22732544 490.93768311 255 64 64
77.83040619 224.22241211 490.94400024 255 64 64
79.16046143 224.25885010 491.02713013 255 64 64
79.04592896 224.25805664 491.02490234 255 64 64
155.02584839 288.17230225 479.13497925 255 64 64
150.37013245 288.06561279 479.18981934 255 64 64
155.91380310 288.15979004 479.09677124 255 64 64
154.92494202 288.12545776 479.17739868 255 64 64
229.09800720 248.54953003 429.74148560 255 64 64
227.16423035 259.63491821 430.67501831 255 64 64
236.30560303 253.17181396 426.22875977 255 64 64
235.16348267 264.35293579 427.73913574 255 64 64
220.26715088 230.98321533 416.72784424 255 64 64
222.22325134 242.48094177 415.96621704 255 64 64
230.30880737 239.24847412 418.21063232 255 64 64
232.71888733 250.40748596 418.23074341 255 64 64
216.65179443 237.11219788 440.74218750 255 64 64
212.30931091 245.78428650 445.03405762 255 64 64
224.08361816 242.36773682 435.14794922 255 64 64
219.82536316 251.10792542 440.20468140 255 64 64
203.19267273 214.41035461 432.07977295 255 64 64
207.13569641 219.51492310 439.08041382 255 64 64
209.75149536 220.62493896 425.94433594 255 64 64
214.27990723 225.08523560 433.76596069 255 64 64
195.10061646 201.31846619 448.27343750 255 64 64
195.66787720 205.58732605 456.67123413 255 64 64
203.28564453 207.13545227 441.75878906 255 64 64
203.43014526 210.45811462 450.63888550 255 64 64
222.75408936 274.99249268 431.76959229 255 64 64
218.30300903 285.46673584 434.14886475 255 64 64
232.06861877 276.37368774 427.71704102 255 64 64
228.26918030 286.19259644 430.07974243 255 64 64
191.21908569 191.86036682 430.59701538 255 64 64
195.08572388 195.69477844 437.35647583 255 64 64
197.39227295 199.91024780 424.64288330 255 64 64
201.93630981 202.26142883 431.91778564 255 64 64
203.89678955 220.64151001 448.73730469 255 64 64
199.84976196 227.20953369 455.73608398 255 64 64
211.50027466 226.77694702 442.73074341 255 64 64
207.06481934 233.15536499 450.15841675 255 64 64
209.40910339 259.42010498 443.07452393 255 64 64
203.77069092 267.80871582 446.65673828 255 64 64
217.29884338 264.72811890 438.17749023 255 64 64
211.67239380 273.19216919 442.35336304 255 64 64
215.49484253 254.21061707 414.67340088 255 64 64
217.65411377 266.02496338 415.91317749 255 64 64
226.65570068 259.57107544 417.86132812 255 64 64
228.87573242 270.89944458 419.22760010 255 64 64
199.44937134 220.89001465 414.48681641 255 64 64
202.93266296 230.89485168 413.70568848 255 64 64
208.61294556 228.15203857 415.76931763 255 64 64
213.27941895 237.81263733 415.75262451 255 64 64
199.15116882 239.54736328 452.87362671 255 64 64
191.82472229 246.26266479 456.76327515 255 64 64
206.84576416 245.96444702 448.23202515 255 64 64
199.45121765 252.79019165 452.86535645 255 64 64
189.83479309 200.73585510 417.99362183 255 64 64
194.48101807 206.76544189 422.40423584 255 64 64
195.44007874 211.20181274 415.31915283 255 64 64
201.55894470 215.73297119 420.42004395 255 64 64
188.01791382 210.31452942 458.95587158 255 64 64
182.72372437 215.09144592 465.32324219 255 64 64
198.78115845 216.91662598 457.19586182 255 64 64
193.13354492 221.25450134 463.69210815 255 64 64
217.26478577 299.64285278 434.71627808 255 64 64
212.82843018 309.33288574 441.14627075 255 64 64
226.79467773 297.34643555 429.46444702 255 64 64
223.19406128 304.89193726 434.39782715 255 64 64
203.05921936 287.64028931 447.10083008 255 64 64
195.97760010 295.43981934 453.91000366 255 64 64
212.82658386 291.38220215 440.10574341 255 64 64
206.69851685 298.54479980 446.81552124 255 64 64
175.82159424 175.80661011 418.97640991 255 64 64
178.57269287 181.76718140 423.78277588 255 64 64
180.83413696 189.28874207 412.55010986 255 64 64
185.11955261 192.35093689 418.57879639 255 64 64
193.97846985 268.43920898 453.67437744 255 64 64
186.65939331 275.50793457 458.01226807 255 64 64
201.65374756 274.70257568 448.40228271 255 64 64
194.70559692 281.98300171 453.38815308 255 64 64
162.52169800 155.04959106 430.56848145 255 64 64
162.86639404 162.93194580 436.43240356 255 64 64
171.01844788 166.42858887 423.52551270 255 64 64
170.95079041 172.48486328 430.49114990 255 64 64
209.03265381 275.28350830 413.97076416 255 64 64
210.91513062 286.80334473 416.32608032 255 64 64
220.11897278 278.57858276 417.93035889 255 64 64
221.85716248 289.26083374 419.65704346 255 64 64
164.96907043 173.79644775 436.22344971 255 64 64
165.06202698 179.79382324 442.97741699 255 64 64
173.24215698 184.58270264 430.31076050 255 64 64
174.39462280 187.51235962 437.95199585 255 64 64
166.07217407 196.58113098 454.21743774 255 64 64
164.42913818 201.08468628 462.54159546 255 64 64
176.45115662 205.02822876 452.59936523 255 64 64
175.51947021 207.06089783 460.92904663 255 64 64
170.30558777 155.55029297 412.56805420 255 64 64
173.37330627 165.54223633 414.47375488 255 64 64
175.52890015 170.82168579 409.44512939 255 64 64
178.84605408 179.25077820 412.60671997 255 64 64
183.16276550 251.23585510 459.15057373 255 64 64
175.33561707 257.59954834 461.44836426 255 64 64
190.64935303 257.69897461 456.55249023 255 64 64
182.87559509 264.38479614 459.75921631 255 64 64
154.85194397 177.37130737 448.90484619 255 64 64
151.76673889 183.95037842 456.44482422 255 64 64
165.54891968 186.67248535 446.25775146 255 64 64
162.94232178 190.28462219 454.34259033 255 64 64
168.89138794 197.02384949 437.37396240 255 64 64
171.04467773 201.14358521 445.21768188 255 64 64
179.46180725 205.84112549 435.48803711 255 64 64
183.20693970 206.26911926 443.89321899 255 64 64
194.33190918 246.48655701 408.74423218 255 64 64
197.90768433 257.59402466 410.29373169 255 64 64
204.04772949 250.87321472 411.89431763 255 64 64
207.79379272 261.64935303 413.19024658 255 64 64
185.26220703 221.65763855 405.43789673 255 64 64
187.98385620 232.72462463 406.05438232 255 64 64
193.24122620 228.35820007 410.26947021 255 64 64
197.26800537 238.25994873 410.89935303 255 64 64
178.95190430 227.19480896 454.53359985 255 64 64
172.66918945 232.75222778 457.82772827 255 64 64
189.21997070 232.44204712 455.65255737 255 64 64
182.72924805 237.64419556 460.08157349 255 64 64
141.34036255 159.29818726 442.95254517 255 64 64
137.60075378 166.98910522 450.60852051 255 64 64
155.45388794 167.80459595 442.25579834 255 64 64
150.23333740 173.41723633 449.49206543 255 64 64
151.68206787 197.77490234 462.17251587 255 64 64
145.17477417 202.89788818 469.55416870 255 64 64
162.22808838 206.26187134 460.98886108 255 64 64
156.65594482 209.55622864 467.64801025 255 64 64
169.46434021 198.47579956 420.97265625 255 64 64
172.62777710 203.62133789 427.06390381 255 64 64
179.17831421 209.06462097 418.81762695 255 64 64
184.92533875 210.26115417 425.88269043 255 64 64
134.86805725 178.36166382 456.85922241 255 64 64
129.53521729 185.96238708 465.23492432 255 64 64
147.99307251 185.35124207 456.46322632 255 64 64
141.52076721 191.40568542 463.52090454 255 64 64
170.16223145 171.68319702 402.68789673 255 64 64
171.44689941 183.59326172 401.29901123 255 64 64
176.29743958 185.00332642 405.91629028 255 64 64
178.97859192 194.52125549 405.85690308 255 64 64
197.64100647 314.33721924 441.96679688 255 64 64
193.85720825 314.45071411 453.60073853 255 64 64
207.30781555 312.66384888 441.15179443 255 64 64
204.33120728 311.40567017 451.62234497 255 64 64
183.92395020 283.71612549 461.09832764 255 64 64
175.50036621 288.65133667 465.98385620 255 64 64
192.29412842 290.78759766 456.89205933 255 64 64
184.66210938 295.11352539 462.69891357 255 64 64
171.30331421 203.53112793 408.26928711 255 64 64
175.14694214 211.73564148 412.80874634 255 64 64
178.36283875 215.42648315 408.99963379 255 64 64
184.75967407 219.60374451 414.51657104 255 64 64
169.93374634 260.56326294 460.08273315 255 64 64
162.02928162 266.55145264 460.71557617 255 64 64
177.33383179 267.24359131 459.83422852 255 64 64
169.51771545 273.63305664 461.67642212 255 64 64
154.31259155 209.52482605 448.40414429 255 64 64
154.16485596 212.81620789 457.91378784 255 64 64
165.73669434 216.32893372 450.61862183 255 64 64
166.76708984 216.56594849 459.80245972 255 64 64
122.34821320 166.56204224 452.62188721 255 64 64
117.96063232 174.02285767 461.51303101 255 64 64
136.76916504 173.31690979 452.14651489 255 64 64
130.58953857 179.03909302 459.90002441 255 64 64
193.65356445 302.10494995 415.63024902 255 64 64
194.26150513 311.87597656 421.65341187 255 64 64
205.47560120 303.07504272 420.43295288 255 64 64
205.23873901 311.52255249 425.67926025 255 64 64
187.36660767 279.75283813 409.20904541 255 64 64
190.20008850 290.96710205 411.42950439 255 64 64
197.73223877 282.68988037 411.84738159 255 64 64
199.99829102 292.85299683 413.52621460 255 64 64
160.39141846 238.10255432 455.73977661 255 64 64
152.08198547 243.51823425 456.19946289 255 64 64
169.32121277 243.14639282 459.59121704 255 64 64
160.96206665 248.71301270 460.98333740 255 64 64
181.56585693 260.02575684 403.89138794 255 64 64
185.50152588 270.60308838 407.24719238 255 64 64
191.51362610 262.74096680 407.65032959 255 64 64
195.44468689 272.86358643 410.26889038 255 64 64
123.81948853 191.95793152 468.27206421 255 64 64
116.34761810 199.35247803 474.84561157 255 64 64
135.00244141 196.16787720 466.32354736 255 64 64
127.29494476 203.19425964 471.16580200 255 64 64
157.38674927 224.94808960 438.39193726 255 64 64
157.25099182 229.41943359 446.75659180 255 64 64
168.09799194 228.87455750 444.53750610 255 64 64
169.92637634 230.58145142 452.92794800 255 64 64
168.07037354 190.79821777 393.52340698 255 64 64
169.26277161 203.97108459 393.42877197 255 64 64
174.55004883 200.59870911 399.85171509 255 64 64
176.57449341 210.62011719 400.14300537 255 64 64
175.80502319 239.07542419 394.57778931 255 64 64
178.89207458 249.83683777 398.70764160 255 64 64
183.95246887 241.79983521 401.95208740 255 64 64
187.50248718 251.60954285 405.09893799 255 64 64
169.44432068 287.28201294 474.66381836 255 64 64
159.98620605 290.67004395 478.11166382 255 64 64
178.43278503 294.05737305 472.57772827 255 64 64
169.86932373 296.79052734 477.27087402 255 64 64
171.80769348 215.35469055 391.51651001 255 64 64
173.43313599 227.37152100 393.67395020 255 64 64
178.01583862 221.57296753 399.46514893 255 64 64
180.53959656 230.97308350 401.06939697 255 64 64
132.78149414 210.95422363 464.67877197 255 64 64
122.86686707 216.73437500 467.38754272 255 64 64
142.80657959 213.49177551 459.43545532 255 64 64
133.74975586 219.17805481 461.50338745 255 64 64
155.54708862 160.44685364 393.61779785 255 64 64
155.25669861 172.58886719 389.48699951 255 64 64
163.51734924 170.63760376 396.68460083 255 64 64
163.65264893 181.31433105 394.06234741 255 64 64
158.61734009 235.31280518 434.88381958 255 64 64
156.40306091 241.88267517 438.71179199 255 64 64
166.94425964 239.09176636 438.28195190 255 64 64
165.94668579 244.27642822 442.69992065 255 64 64
154.01805115 271.06512451 464.03863525 255 64 64
145.81170654 276.43109131 464.82467651 255 64 64
162.22532654 278.63455200 465.50036621 255 64 64
154.15151978 284.01525879 467.71118164 255 64 64
108.15230560 180.87252808 469.54037476 255 64 64
104.20468140 187.98544312 479.19729614 255 64 64
119.51565552 184.23385620 465.84768677 255 64 64
113.46858215 190.49632263 474.24365234 255 64 64
140.86543274 242.62083435 454.68475342 255 64 64
132.23568726 248.52249146 455.31317139 255 64 64
148.90611267 250.58236694 458.81280518 255 64 64
140.63348389 256.85403442 459.86090088 255 64 64
169.15507507 311.47515869 443.37963867 255 64 64
166.27328491 309.19482422 454.84790039 255 64 64
180.87187195 310.58004761 449.27758789 255 64 64
178.80279541 307.24450684 459.63403320 255 64 64
174.74575806 310.81820679 419.39471436 255 64 64
173.95776367 315.49572754 429.29830933 255 64 64
186.80459595 312.51290894 424.10537720 255 64 64
185.66488647 315.64691162 433.53033447 255 64 64
143.13331604 227.94125366 441.78549194 255 64 64
136.14558411 231.52900696 445.03268433 255 64 64
153.68118286 230.73147583 444.53152466 255 64 64
146.73579407 233.60130310 447.63238525 255 64 64
139.45536804 206.52429199 437.29205322 255 64 64
140.90316772 209.06829834 446.90478516 255 64 64
149.42062378 214.30082703 438.26583862 255 64 64
151.20344543 213.84872437 447.95956421 255 64 64
169.33180237 289.38491821 406.45379639 255 64 64
171.70736694 300.37826538 410.11334229 255 64 64
180.68411255 292.51083374 408.41519165 255 64 64
182.42068481 302.70712280 411.84094238 255 64 64
154.52059937 247.30940247 434.58132935 255 64 64
150.53984070 253.82403564 436.43734741 255 64 64
161.22300720 251.85322571 436.86795044 255 64 64
157.38122559 257.44744873 439.05895996 255 64 64
103.32752991 200.30050659 482.85314941 255 64 64
96.35084534 207.78524780 489.48007202 255 64 64
112.91633606 206.58688354 479.13745117 255 64 64
104.98609924 213.78814697 483.76342773 255 64 64
165.78454590 271.18148804 399.84066772 255 64 64
169.05567932 282.09384155 403.11178589 255 64 64
175.61450195 273.91543579 403.30877686 255 64 64
178.76965332 283.70672607 405.89419556 255 64 64
153.16426086 181.99176025 383.21258545 255 64 64
152.90252686 194.57556152 380.79006958 255 64 64
161.15328979 189.96615601 387.17861938 255 64 64
161.73384094 200.57846069 385.77331543 255 64 64
163.81855774 253.89031982 388.05209351 255 64 64
166.23831177 263.49935913 393.72546387 255 64 64
172.37557983 254.97869873 395.41903687 255 64 64
175.27947998 263.59738159 400.01000977 255 64 64
117.18150330 226.40670776 469.46121216 255 64 64
108.83525085 232.70230103 473.63525391 255 64 64
122.91196442 229.57199097 462.55310059 255 64 64
114.44236755 236.30384827 465.19558716 255 64 64
132.25593567 281.08813477 470.33740234 255 64 64
123.11077118 286.01416016 470.30175781 255 64 64
142.21107483 288.50131226 472.21368408 255 64 64
133.68624878 292.58792114 473.10144043 255 64 64
133.21736145 213.07115173 431.44839478 255 64 64
135.04069519 215.70075989 440.56777954 255 64 64
142.86323547 219.62280273 432.62649536 255 64 64
145.28114319 219.69158936 441.99624634 255 64 64
156.24314880 205.67199707 377.89904785 255 64 64
157.07748413 218.03858948 378.52239990 255 64 64
164.14990234 212.11485291 384.00103760 255 64 64
165.81768799 222.31665039 384.96551514 255 64 64
159.80880737 231.27037048 378.57464600 255 64 64
161.20275879 242.09805298 382.59591675 255 64 64
167.39434814 234.24328613 386.50396729 255 64 64
169.64474487 243.66458130 389.89291382 255 64 64
119.91695404 249.64170837 457.12637329 255 64 64
112.24812317 256.61102295 459.02932739 255 64 64
128.15277100 258.55493164 460.89114380 255 64 64
120.97726440 265.49664307 462.18264771 255 64 64
137.47879028 157.51995850 386.13488770 255 64 64
135.79077148 169.06555176 380.95114136 255 64 64
146.34323120 166.04109192 386.14959717 255 64 64
144.92718506 177.05284119 382.00961304 255 64 64
144.33996582 312.52117920 426.00509644 255 64 64
143.50332642 313.35656738 436.53088379 255 64 64
155.92181396 314.45349121 431.18884277 255 64 64
155.42030334 313.54559326 441.13659668 255 64 64
95.38256836 227.03051758 489.30657959 255 64 64
88.19970703 234.21337891 495.33065796 255 64 64
101.68092346 235.47341919 484.12930298 255 64 64
93.75988770 242.25497437 487.98855591 255 64 64
148.54991150 298.78778076 408.26516724 255 64 64
149.97010803 307.93664551 414.74298096 255 64 64
160.62980652 302.34265137 410.52499390 255 64 64
161.23262024 310.50112915 417.22924805 255 64 64
132.84408569 309.65502930 442.32760620 255 64 64
132.19012451 307.65914917 452.40054321 255 64 64
143.25849915 309.58831787 446.54766846 255 64 64
142.69244385 306.24908447 455.12954712 255 64 64
146.80941772 281.42889404 396.72692871 255 64 64
149.23286438 292.14981079 401.40444946 255 64 64
157.47050476 284.94763184 399.30682373 255 64 64
159.64036560 294.75732422 403.69625854 255 64 64
96.34716034 256.46746826 468.37881470 255 64 64
89.89878845 263.48648071 473.27169800 255 64 64
102.97409058 267.03558350 467.52191162 255 64 64
97.34304047 273.75271606 471.00933838 255 64 64
148.62631226 266.75393677 384.50576782 255 64 64
150.22689819 276.32983398 390.90811157 255 64 64
157.97949219 268.00799561 390.93756104 255 64 64
160.21792603 276.71136475 396.48760986 255 64 64
137.51031494 181.53523254 374.71469116 255 64 64
136.94932556 194.20004272 371.68011475 255 64 64
146.62454224 189.14424133 376.34381104 255 64 64
146.80320740 200.36953735 374.17739868 255 64 64
145.66673279 247.43641663 373.76275635 255 64 64
146.88351440 257.61242676 378.96307373 255 64 64
154.85379028 250.01263428 380.05834961 255 64 64
157.02595520 259.16885376 385.00646973 255 64 64
139.36999512 204.86572266 368.50286865 255 64 64
139.93214417 217.18077087 368.03240967 255 64 64
148.45925903 210.78210449 371.79675293 255 64 64
149.91119385 221.52142334 372.11477661 255 64 64
140.31549072 226.46952820 368.02081299 255 64 64
141.56217957 238.02616882 370.36184692 255 64 64
149.72528076 230.67073059 372.64538574 255 64 64
151.84313965 240.92590332 375.40475464 255 64 64
121.31333160 301.69259644 411.31539917 255 64 64
121.76743317 306.71618652 420.55996704 255 64 64
132.42298889 305.38189697 414.74298096 255 64 64
133.11277771 309.11596680 423.91024780 255 64 64
123.11215210 166.35218811 378.79003906 255 64 64
121.27548218 178.06344604 374.21929932 255 64 64
131.92504883 173.76239014 377.09646606 255 64 64
130.39993286 185.27301025 373.00616455 255 64 64
125.67509460 290.38998413 397.45590210 255 64 64
126.48137665 298.45275879 404.95352173 255 64 64
136.16337585 294.17840576 400.88165283 255 64 64
137.03338623 301.44039917 408.08291626 255 64 64
93.70375061 294.87054443 440.27877808 255 64 64
96.88007355 299.16241455 450.11239624 255 64 64
104.04728699 302.33044434 440.84573364 255 64 64
106.82600403 303.97082520 450.58734131 255 64 64
102.57739258 297.24151611 420.02243042 255 64 64
104.10435486 302.04235840 429.68304443 255 64 64
112.66230774 302.87487793 421.81909180 255 64 64
114.49253845 306.35034180 431.79260254 255 64 64
126.14627075 272.93170166 383.33868408 255 64 64
127.16194153 282.11737061 390.12759399 255 64 64
136.19621277 276.85632324 387.11694336 255 64 64
137.71211243 285.02770996 393.59844971 255 64 64
126.05331421 255.72560120 373.57867432 255 64 64
127.16516876 265.65863037 379.62390137 255 64 64
135.94401550 259.53057861 377.29159546 255 64 64
137.97535706 268.61499023 383.22454834 255 64 64
79.89395142 272.76788330 446.85415649 255 64 64
83.22030640 278.71737671 455.15991211 255 64 64
85.56412506 283.67929077 444.24020386 255 64 64
88.98159790 288.37615967 453.12030029 255 64 64
119.77898407 188.13272095 368.62872314 255 64 64
119.04901123 200.56925964 365.90707397 255 64 64
129.21180725 195.19500732 367.44692993 255 64 64
129.19523621 207.22656250 365.24990845 255 64 64
106.58393097 156.02890015 386.14959717 255 64 64
103.52449799 166.31906128 381.76293945 255 64 64
114.00610352 162.20666504 379.91046143 255 64 64
111.18228912 172.85026550 375.27896118 255 64 64
71.58267212 252.28512573 462.03167725 255 64 64
74.59056091 258.25305176 469.58822632 255 64 64
74.84919739 263.21035767 455.40658569 255 64 64
78.05406189 268.28549194 463.45831299 255 64 64
102.27734375 286.98080444 403.91714478 255 64 64
103.81442261 294.01641846 412.03329468 255 64 64
111.68391418 293.14938354 404.94985962 255 64 64
113.25804138 299.45050049 413.23904419 255 64 64
119.76140594 213.80104065 363.12329102 255 64 64
120.40267181 226.18235779 362.61541748 255 64 64
129.71607971 219.81314087 363.32022095 255 64 64
131.25868225 231.30903625 363.74090576 255 64 64
120.93078613 236.50564575 365.89602661 255 64 64
122.37536621 247.90766907 369.85470581 255 64 64
130.94619751 241.11965942 368.42532349 255 64 64
133.22834778 251.54051208 372.68127441 255 64 64
88.64610291 279.38928223 418.85537720 255 64 64
90.48002625 286.01989746 426.87396240 255 64 64
95.88235474 287.46401978 418.13745117 255 64 64
97.78920746 293.36566162 426.64202881 255 64 64
68.41324615 226.45893860 460.01782227 255 64 64
69.88359833 233.84797668 466.70367432 255 64 64
69.44134521 234.93405151 452.35635376 255 64 64
71.14547729 242.16477966 459.03668213 255 64 64
105.61335754 275.18118286 389.41888428 255 64 64
106.90331268 283.55688477 396.60357666 255 64 64
115.09586334 281.10125732 390.66143799 255 64 64
116.51628113 288.58969116 397.91241455 255 64 64
78.33846283 265.82431030 429.29739380 255 64 64
80.20780945 272.33895874 436.83920288 255 64 64
83.07189178 274.45220947 427.00558472 255 64 64
85.04570007 280.34466553 435.07940674 255 64 64
106.73579407 260.57775879 378.43658447 255 64 64
108.19372559 269.99905396 384.45422363 255 64 64
116.25557709 266.03210449 379.28887939 255 64 64
118.05082703 274.62503052 385.57894897 255 64 64
103.13424683 177.08413696 377.42321777 255 64 64
101.05044556 188.35360718 373.94866943 255 64 64
111.02214050 183.32818604 372.45123291 255 64 64
109.33963013 194.65655518 368.96563721 255 64 64
70.69539642 248.80781555 441.60598755 255 64 64
72.32543945 255.60595703 448.44277954 255 64 64
73.83675385 257.61703491 437.04629517 255 64 64
75.53674316 264.06542969 444.31015015 255 64 64
68.85251617 207.21598816 448.55874634 255 64 64
68.59111786 215.68188477 454.17416382 255 64 64
69.24375916 213.69012451 440.43341064 255 64 64
69.07844543 222.31251526 445.92822266 255 64 64
87.00225830 269.30712891 402.98937988 255 64 64
88.32902527 276.63174438 410.15936279 255 64 64
93.94673157 276.67224121 401.55169678 255 64 64
95.42398834 283.43170166 409.11929321 255 64 64
90.01360321 162.71473694 396.18481445 255 64 64
86.82531738 172.77662659 393.43923950 255 64 64
95.05307007 167.91688538 387.51550293 255 64 64
92.29920959 178.12973022 384.31982422 255 64 64
71.07581329 189.13043213 440.12045288 255 64 64
69.68266296 198.38973999 444.34973145 255 64 64
71.73683929 195.12780762 430.70101929 255 64 64
70.31757355 204.66323853 434.80050659 255 64 64
101.83692932 243.74926758 371.61453247 255 64 64
103.31372070 254.46649170 375.48391724 255 64 64
111.23567200 249.41712952 370.80548096 255 64 64
113.14367676 259.49008179 375.41027832 255 64 64
101.93431854 201.62716675 369.82156372 255 64 64
101.59600830 213.40838623 367.66461182 255 64 64
110.67514038 207.77548218 365.53521729 255 64 64
111.15620422 219.41864014 363.86148071 255 64 64
75.18146515 177.08045959 423.50894165 255 64 64
72.69958496 186.77050781 425.06213379 255 64 64
76.52526093 182.60290527 413.65136719 255 64 64
74.18927002 192.36659241 414.91113281 255 64 64
69.82204437 232.92687988 431.70608521 255 64 64
70.07780457 240.66198730 438.00167847 255 64 64
71.89560699 240.88288879 426.20022583 255 64 64
72.48064423 248.63087463 433.06277466 255 64 64
75.86671448 252.62567139 416.29663086 255 64 64
76.72821045 259.44406128 423.01745605 255 64 64
79.98645020 260.86700439 413.02368164 255 64 64
81.17009735 267.27304077 420.25253296 255 64 64
98.80603027 225.40185547 370.10565186 255 64 64
99.71331787 237.26406860 370.72448730 255 64 64
107.73628235 231.66247559 367.00051880 255 64 64
109.29867554 242.97244263 368.55233765 255 64 64
89.74323273 258.84118652 389.07098389 255 64 64
90.94160461 267.31262207 395.05548096 255 64 64
97.13502502 265.62091064 387.35900879 255 64 64
98.59617615 273.47015381 393.82946777 255 64 64
69.90844727 214.08268738 424.73828125 255 64 64
69.08480072 222.38476562 429.61642456 255 64 64
71.51778412 221.14036560 417.82083130 255 64 64
71.04837799 229.60995483 423.15551758 255 64 64
78.51034546 178.71878052 404.54165649 255 64 64
75.95713806 188.69232178 404.12240601 255 64 64
81.64456940 184.18600464 395.38687134 255 64 64
79.67028809 194.17427063 394.90084839 255 64 64
80.02304077 247.97853088 399.81765747 255 64 64
80.49520874 256.25851440 405.34561157 255 64 64
84.77717590 255.50930786 396.32748413 255 64 64
85.71311951 263.29226685 402.48498535 255 64 64
88.79981995 184.72720337 384.39254761 255 64 64
86.87017822 195.48492432 382.07864380 255 64 64
94.84413147 190.48895264 377.08267212 255 64 64
93.45063782 201.38290405 374.75173950 255 64 64
72.21360779 195.42970276 418.95660400 255 64 64
70.31112671 204.75527954 421.45874023 255 64 64
73.87172699 201.48966980 410.12896729 255 64 64
72.30242920 210.95513916 412.73190308 255 64 64
88.61458588 243.06448364 379.98562622 255 64 64
89.67696381 253.04170227 383.47491455 255 64 64
96.11981964 249.44290161 376.46139526 255 64 64
97.54000854 258.95993042 380.88027954 255 64 64
73.50816345 231.34400940 409.29049683 255 64 64
73.23101044 239.48040771 414.12261963 255 64 64
76.56024170 238.79194641 403.65576172 255 64 64
76.78573608 246.63749695 409.06958008 255 64 64
85.50476074 191.92846680 387.13858032 255 64 64
83.78681946 202.63833618 385.69952393 255 64 64
90.87119293 197.72703552 379.69018555 255 64 64
89.85345459 208.44058228 378.41403198 255 64 64
85.08367157 211.95286560 382.27053833 255 64 64
84.23574829 222.88729858 381.96801758 255 64 64
90.65719604 218.24476624 375.21032715 255 64 64
90.43791199 228.93806458 375.62072754 255 64 64
78.99586487 234.14021301 392.50042725 255 64 64
79.16107941 243.65353394 395.62518311 255 64 64
83.76150513 240.98435974 387.00927734 255 64 64
84.39601135 250.08903503 391.00476074 255 64 64
76.79678345 198.76525879 399.32385254 255 64 64
75.05583191 208.76089478 400.11990356 255 64 64
79.83964539 204.95039368 391.24221802 255 64 64
78.77612305 214.86134338 392.42080688 255 64 64
84.34556580 221.69813538 381.92480469 255 64 64
84.34009552 232.42640686 382.50985718 255 64 64
90.39166260 228.04158020 375.37347412 255 64 64
90.93434143 238.52134705 376.82678223 255 64 64
85.37971497 223.85809326 510.87316895 255 64 64
85.37309265 223.85440063 510.87829590 255 64 64
85.37046814 223.85025024 510.88513184 255 64 64
85.37173462 223.85382080 510.88247681 255 64 64
148.55755615 314.44433594 423.15692139 255 64 64
148.55468750 314.43847656 423.14962769 255 64 64
148.55233765 314.44564819 423.15518188 255 64 64
148.55656433 314.43765259 423.15042114 255 64 64
76.03694916 243.62797546 405.95379639 255 64 64
76.03422546 243.62211609 405.95333862 255 64 64
76.03253937 243.63320923 405.95751953 255 64 64
76.03334045 243.62409973 405.95605469 255 64 64
146.50741577 239.63455200 450.22314453 255 64 64
146.49330139 239.62944031 450.22994995 255 64 64
146.50003052 239.63201904 450.23428345 255 64 64
146.49581909 239.62739563 450.23220825 255 64 64
89.17014313 288.65151978 466.16116333 255 64 64
89.16523743 288.64801025 466.15447998 255 64 64
89.16206360 288.65386963 466.16323853 255 64 64
89.16512299 288.65292358 466.15533447 255 64 64
163.51399231 294.93240356 485.71658325 255 64 64
163.50695801 294.91458130 485.72271729 255 64 64
163.50857544 294.92510986 485.72662354 255 64 64
163.50761414 294.91479492 485.72763062 255 64 64
70.30973053 212.87402344 460.19152832 255 64 64
70.30100250 212.87138367 460.19586182 255 64 64
70.30423737 212.88285828 460.20312500 255 64 64
70.30287170 212.88064575 460.20129395 255 64 64
109.49305725 287.79672241 399.46392822 255 64 64
109.48669434 287.78939819 399.46066284 255 64 64
109.49147034 287.80642700 399.47885132 255 64 64
109.49192047 287.79452515 399.47821045 255 64 64
109.28443146 248.30569458 475.19354248 255 64 64
109.27522278 248.29718018 475.19680786 255 64 64
109.27426147 248.30726624 475.20730591 255 64 64
109.27285004 248.30282593 475.20571899 255 64 64
127.62332153 303.88269043 465.08209229 255 64 64
127.60987854 303.87179565 465.09371948 255 64 64
127.61340332 303.87866211 465.08874512 255 64 64
127.60668182 303.87469482 465.09423828 255 64 64
71.84414673 250.17337036 446.43121338 255 64 64
71.83615875 250.16741943 446.43035889 255 64 64
71.84282684 250.17330933 446.43304443 255 64 64
71.84077454 250.16824341 446.42987061 255 64 64
153.88536072 271.59704590 432.64074707 255 64 64
153.87954712 271.59051514 432.63217163 255 64 64
153.87477112 271.60494995 432.64505005 255 64 64
153.87937927 271.59603882 432.63549805 255 64 64
111.40046692 307.08148193 430.84408569 255 64 64
111.39567566 307.08105469 430.83541870 255 64 64
111.39378357 307.08993530 430.83776855 255 64 64
111.39750671 307.08697510 430.83184814 255 64 64
87.39294434 278.96347046 431.46871948 255 64 64
87.38604736 278.95999146 431.46920776 255 64 64
87.38626099 278.96572876 431.47201538 255 64 64
87.38420105 278.96264648 431.47103882 255 64 64
111.39080048 215.08967590 486.01852417 255 64 64
111.38300323 215.08123779 486.03286743 255 64 64
111.38243866 215.08726501 486.03948975 255 64 64
111.38478088 215.08396912 486.04397583 255 64 64
132.37133789 271.88604736 458.07763672 255 64 64
132.36114502 271.87719727 458.07696533 255 64 64
132.35093689 271.90420532 458.07312012 255 64 64
132.35098267 271.89965820 458.06927490 255 64 64
159.35868835 309.52502441 453.65982056 255 64 64
159.34680176 309.51083374 453.66857910 255 64 64
159.34678650 309.52557373 453.67080688 255 64 64
159.34184265 309.51660156 453.67517090 255 64 64
165.27288818 274.76751709 461.67703247 255 64 64
165.26362610 274.75500488 461.67999268 255 64 64
165.26925659 274.75863647 461.68600464 255 64 64
165.26623535 274.74935913 461.68392944 255 64 64
79.37677002 241.65895081 479.04464722 255 64 64
79.36497498 241.65594482 479.04782104 255 64 64
79.37208557 241.66323853 479.05627441 255 64 64
79.36857605 241.66693115 479.05291748 255 64 64
91.54154968 266.88143921 394.00357056 255 64 64
91.53563690 266.87484741 394.00027466 255 64 64
91.54304504 266.88638306 394.01080322 255 64 64
91.54350281 266.87606812 394.01028442 255 64 64
67.36675262 221.06787109 434.08084106 255 64 64
67.36215210 221.06225586 434.08273315 255 64 64
67.35808563 221.07499695 434.08303833 255 64 64
67.35789490 221.06803894 434.08181763 255 64 64
129.74621582 222.44912720 463.53973389 255 64 64
129.74064636 222.44198608 463.55487061 255 64 64
129.74389648 222.44587708 463.54666138 255 64 64
129.74731445 222.44149780 463.55285645 255 64 64
111.39353943 276.44891357 474.88992310 255 64 64
111.38243103 276.44155884 474.88522339 255 64 64
111.38288116 276.45529175 474.88403320 255 64 64
111.37879181 276.45150757 474.87683105 255 64 64
133.49229431 298.25250244 403.87228394 255 64 64
133.48603821 298.24609375 403.86822510 255 64 64
133.49324036 298.25872803 403.87551880 255 64 64
133.49426270 298.24887085 403.87249756 255 64 64
93.19515991 247.14468384 501.22424316 255 64 64
93.18521118 247.13914490 501.23095703 255 64 64
93.18826294 247.14195251 501.23385620 255 64 64
93.18553925 247.14482117 501.23367310 255 64 64
138.50619507 287.26687622 483.10494995 255 64 64
138.49618530 287.24987793 483.11273193 255 64 64
138.49853516 287.26391602 483.11169434 255 64 64
138.49577332 287.25448608 483.11248779 255 64 64
88.15447235 267.98834229 481.95428467 255 64 64
88.14781189 267.98458862 481.95220947 255 64 64
88.14537048 267.99017334 481.95938110 255 64 64
88.14492798 267.99114990 481.95291138 255 64 64
142.65534973 250.53787231 425.79852295 255 64 64
142.63928223 250.53134155 425.79574585 255 64 64
142.62963867 250.55308533 425.80767822 255 64 64
142.62641907 250.54638672 425.79919434 255 64 64
76.50284576 214.03250122 490.01446533 255 64 64
76.49314117 214.03149414 490.02075195 255 64 64
76.49893188 214.04083252 490.02069092 255 64 64
76.49862671 214.04313660 490.01849365 255 64 64
103.69676208 304.86361694 453.60848999 255 64 64
103.69196320 304.85928345 453.60992432 255 64 64
103.68873596 304.86453247 453.60699463 255 64 64
103.69078064 304.86203003 453.60556030 255 64 64
122.85816193 243.49226379 455.72106934 255 64 64
122.84915161 243.48303223 455.72930908 255 64 64
122.84768677 243.50131226 455.72784424 255 64 64
122.84968567 243.49740601 455.72891235 255 64 64
79.71986389 270.15716553 454.96957397 255 64 64
79.71037292 270.15194702 454.96551514 255 64 64
79.71887207 270.15649414 454.97146606 255 64 64
79.71662903 270.15258789 454.96466064 255 64 64
131.36915588 228.42507935 438.52362061 255 64 64
131.35783386 228.41783142 438.52804565 255 64 64
131.35594177 228.42814636 438.51971436 255 64 64
131.35395813 228.42156982 438.51553345 255 64 64
106.34841919 297.37878418 475.81903076 255 64 64
106.33781433 297.37170410 475.82830811 255 64 64
106.33993530 297.37185669 475.82546997 255 64 64
106.33723450 297.37219238 475.82858276 255 64 64
148.00996399 303.28082275 472.32916260 255 64 64
147.99952698 303.26696777 472.33325195 255 64 64
148.00009155 303.28112793 472.33374023 255 64 64
147.99630737 303.27294922 472.33306885 255 64 64
80.21821594 263.07574463 413.89828491 255 64 64
80.21456909 263.06951904 413.89733887 255 64 64
80.21540070 263.07928467 413.89785767 255 64 64
80.21513367 263.07153320 413.89776611 255 64 64
156.56115723 255.49812317 460.26565552 255 64 64
156.54910278 255.49183655 460.26889038 255 64 64
156.55731201 255.48910522 460.27114868 255 64 64
156.55374146 255.48457336 460.26748657 255 64 64
133.92979431 313.21325684 438.40182495 255 64 64
133.92414856 313.20758057 438.40200806 255 64 64
133.91706848 313.21716309 438.40054321 255 64 64
133.91789246 313.21102905 438.40026855 255 64 64
71.45935822 239.94819641 426.46157837 255 64 64
71.45415497 239.94175720 426.45889282 255 64 64
71.45294189 239.95404053 426.46490479 255 64 64
71.45240784 239.94619751 426.46096802 255 64 64
92.21630859 281.32730103 408.92663574 255 64 64
92.21104431 281.32128906 408.91964722 255 64 64
92.21755981 281.33544922 408.94049072 255 64 64
92.21721649 281.32543945 408.93563843 255 64 64
147.17092896 281.07815552 467.03161621 255 64 64
147.15383911 281.06985474 467.02291870 255 64 64
147.15597534 281.07916260 467.02392578 255 64 64
147.14839172 281.07263184 467.01281738 255 64 64
102.40075684 232.70411682 493.66360474 255 64 64
102.39329529 232.69392395 493.66937256 255 64 64
102.39939880 232.70713806 493.68017578 255 64 64
102.39906311 232.70286560 493.67935181 255 64 64
107.33242798 261.75177002 462.82150269 255 64 64
107.32421875 261.74423218 462.82388306 255 64 64
107.31549072 261.76391602 462.81878662 255 64 64
107.31706238 261.76040649 462.81723022 255 64 64
73.99727631 254.23582458 466.78152466 255 64 64
73.98818970 254.23271179 466.77609253 255 64 64
73.99166107 254.24290466 466.78717041 255 64 64
73.99110413 254.24159241 466.77761841 255 64 64
69.60942078 230.29658508 454.81704712 255 64 64
69.60260010 230.29339600 454.81204224 255 64 64
69.60032654 230.30775452 454.82641602 255 64 64
69.60047913 230.30360413 454.81802368 255 64 64
94.39938354 292.83886719 444.49893188 255 64 64
94.38980865 292.83590698 444.50000000 255 64 64
94.39761353 292.83682251 444.49874878 255 64 64
94.39408875 292.83560181 444.49707031 255 64 64
75.33662415 256.92425537 430.44891357 255 64 64
75.32855225 256.92037964 430.44927979 255 64 64
75.33624268 256.92523193 430.44915771 255 64 64
75.33383179 256.91970825 430.44656372 255 64 64
118.49394989 302.61035156 412.06359863 255 64 64
118.48659515 302.60382080 412.05953979 255 64 64
118.48888397 302.61734009 412.07015991 255 64 64
118.48854065 302.60693359 412.06982422 255 64 64
113.13511658 231.69677734 480.06350708 255 64 64
113.12408447 231.68841553 480.06838989 255 64 64
113.12358856 231.70062256 480.08758545 255 64 64
113.12191772 231.69792175 480.08572388 255 64 64
120.90574646 304.33892822 445.47961426 255 64 64
120.89143372 304.33523560 445.48226929 255 64 64
120.89155579 304.33578491 445.47830200 255 64 64
120.88433075 304.33435059 445.47744751 255 64 64
101.99015808 297.52871704 420.05227661 255 64 64
101.98643494 297.52359009 420.04623413 255 64 64
101.99389648 297.53533936 420.06066895 255 64 64
101.99645996 297.52679443 420.05841064 255 64 64
75.41680908 225.21646118 477.11889648 255 64 64
75.40666199 225.21319580 477.12252808 255 64 64
75.41141510 225.22470093 477.12854004 255 64 64
75.40937805 225.22517395 477.12603760 255 64 64
82.67610168 233.51367188 497.19873047 255 64 64
82.66526794 233.51133728 497.20501709 255 64 64
82.67362976 233.52029419 497.20660400 255 64 64
82.67091370 233.52484131 497.20468140 255 64 64
125.02519226 286.66006470 473.38479614 255 64 64
125.01512909 286.65188599 473.39245605 255 64 64
125.00362396 286.67340088 473.36788940 255 64 64
125.00427246 286.66958618 473.37265015 255 64 64
107.85945892 274.26977539 389.95117188 255 64 64
107.85040283 274.26296997 389.94882202 255 64 64
107.86489868 274.27841187 389.95257568 255 64 64
107.86421204 274.26669312 389.95175171 255 64 64
123.43618774 257.97012329 464.34869385 255 64 64
123.42797089 257.96212769 464.36044312 255 64 64
123.42888641 257.98226929 464.34963989 255 64 64
123.42989349 257.98022461 464.35583496 255 64 64
169.03359985 288.11877441 470.00872803 255 64 64
169.02279663 288.10519409 470.00750732 255 64 64
169.03567505 288.11230469 470.02142334 255 64 64
169.02973938 288.10324097 470.01721191 255 64 64
163.70104980 305.42828369 469.33425903 255 64 64
163.69198608 305.41091919 469.34432983 255 64 64
163.69146729 305.42858887 469.34390259 255 64 64
163.68942261 305.41830444 469.34878540 255 64 64
81.42594910 254.46725464 395.29711914 255 64 64
81.42181396 254.46078491 395.29666138 255 64 64
81.42480469 254.47303772 395.30154419 255 64 64
81.42524719 254.46366882 395.30172729 255 64 64
141.30764771 256.56637573 455.61743164 255 64 64
141.29544067 256.55905151 455.62463379 255 64 64
141.30010986 256.56347656 455.61923218 255 64 64
141.29545593 256.55844116 455.61907959 255 64 64
134.24487305 308.81494141 419.08605957 255 64 64
134.23513794 308.81246948 419.07974243 255 64 64
134.24192810 308.81732178 419.07757568 255 64 64
134.23843384 308.81164551 419.07449341 255 64 64
100.18983459 252.26640320 487.90069580 255 64 64
100.18223572 252.25703430 487.90542603 255 64 64
100.18431091 252.26196289 487.92092896 255 64 64
100.18395996 252.25854492 487.91955566 255 64 64
149.33486938 312.81393433 440.82901001 255 64 64
149.32386780 312.80648804 440.83282471 255 64 64
149.32186890 312.81225586 440.83489990 255 64 64
149.31671143 312.80706787 440.83703613 255 64 64
98.76354980 218.44226074 498.28973389 255 64 64
98.75779724 218.43502808 498.30065918 255 64 64
98.75745392 218.44415283 498.30859375 255 64 64
98.75943756 218.44334412 498.31088257 255 64 64
84.90767670 254.12469482 488.73522949 255 64 64
84.89551544 254.12144470 488.74157715 255 64 64
84.90217590 254.12707520 488.74234009 255 64 64
84.89823914 254.13110352 488.74194336 255 64 64
139.02304077 310.56091309 452.37686157 255 64 64
139.01106262 310.55169678 452.38656616 255 64 64
139.01271057 310.55493164 452.38064575 255 64 64
139.00744629 310.55096436 452.38629150 255 64 64
95.17398071 275.77496338 471.48489380 255 64 64
95.16220856 275.77099609 471.48788452 255 64 64
95.16355896 275.77584839 471.48797607 255 64 64
95.15924072 275.77767944 471.48568726 255 64 64
142.07118225 250.45700073 442.09683228 255 64 64
142.05928040 250.44824219 442.10461426 255 64 64
142.05946350 250.45712280 442.10250854 255 64 64
142.05677795 250.44940186 442.10244751 255 64 64
85.05731201 279.61035156 445.90878296 255 64 64
85.04817200 279.60601807 445.91024780 255 64 64
85.05271912 279.61428833 445.90936279 255 64 64
85.04979706 279.61117554 445.90667725 255 64 64
68.64115906 233.33955383 440.89169312 255 64 64
68.63281250 233.33322144 440.88946533 255 64 64
68.63935852 233.34437561 440.89379883 255 64 64
68.63707733 233.33802795 440.88916016 255 64 64
133.12554932 299.60217285 479.18508911 255 64 64
133.11541748 299.58963013 479.19201660 255 64 64
133.11917114 299.59884644 479.19967651 255 64 64
133.11619568 299.59292603 479.19989014 255 64 64
140.17115784 238.70361328 435.15432739 255 64 64
140.16091919 238.69415283 435.16088867 255 64 64
140.16201782 238.71395874 435.16906738 255 64 64
140.16348267 238.70632935 435.16818237 255 64 64
147.71319580 269.88296509 459.17797852 255 64 64
147.70233154 269.87420654 459.18283081 255 64 64
147.70249939 269.87930298 459.18002319 255 64 64
147.69755554 269.87432861 459.17852783 255 64 64
78.36607361 267.53738403 441.67449951 255 64 64
78.35863495 267.53118896 441.67382812 255 64 64
78.36161041 267.53674316 441.67654419 255 64 64
78.36032104 267.53207397 441.67279053 255 64 64
123.84622192 272.33242798 468.37588501 255 64 64
123.83625793 272.32464600 468.38314819 255 64 64
123.83193207 272.34671021 468.36923218 255 64 64
123.83124542 272.34341431 468.37152100 255 64 64
71.14062500 229.38385010 418.38516235 255 64 64
71.13586426 229.37680054 418.38436890 255 64 64
71.13253784 229.38697815 418.39086914 255 64 64
71.13282776 229.37768555 418.38793945 255 64 64
100.82600403 298.61032104 434.61111450 255 64 64
100.82072449 298.60473633 434.61016846 255 64 64
100.82356262 298.61071777 434.61312866 255 64 64
100.82344055 298.60501099 434.61071777 255 64 64
153.02783203 258.63473511 432.01379395 255 64 64
153.01347351 258.62640381 432.01635742 255 64 64
153.01879883 258.63418579 432.03231812 255 64 64
153.01417542 258.62582397 432.03009033 255 64 64
120.71942139 233.73165894 469.80285645 255 64 64
120.71170044 233.72232056 469.81243896 255 64 64
120.71180725 233.72972107 469.82815552 255 64 64
120.71323395 233.72415161 469.83007812 255 64 64
115.03235626 299.16305542 466.46371460 255 64 64
115.01828003 299.15484619 466.47210693 255 64 64
115.02192688 299.15985107 466.46878052 255 64 64
115.01628876 299.15838623 466.47158813 255 64 64
85.46467590 273.92977905 419.91943359 255 64 64
85.46012878 273.92547607 419.91610718 255 64 64
85.46174622 273.93341064 419.92419434 255 64 64
85.46170807 273.92700195 419.92050171 255 64 64
155.01332092 288.09741211 479.15029907 255 64 64
155.00201416 288.08059692 479.15533447 255 64 64
155.00675964 288.10104370 479.15466309 255 64 64
155.00294495 288.09082031 479.15472412 255 64 64
69.48769379 215.04992676 447.75509644 255 64 64
69.47977448 215.04565430 447.75967407 255 64 64
69.47923279 215.05809021 447.76110840 255 64 64
69.47734070 215.05360413 447.75930786 255 64 64
98.79355621 260.38085938 471.78024292 255 64 64
98.78584290 260.37390137 471.78616333 255 64 64
98.77824402 260.38882446 471.78396606 255 64 64
98.77793121 260.38699341 471.78518677 255 64 64
81.52449036 272.44598389 466.95654297 255 64 64
81.51475525 272.44323730 466.95755005 255 64 64
81.51934814 272.44702148 466.95993042 255 64 64
81.51731873 272.44763184 466.95571899 255 64 64
80.73126221 219.78649902 500.25750732 255 64 64
80.72177124 219.78596497 500.26293945 255 64 64
80.72417450 219.79035950 500.26416016 255 64 64
80.72339630 219.79464722 500.26171875 255 64 64
113.43772888 247.24336243 462.62887573 255 64 64
113.43043518 247.23597717 462.63763428 255 64 64
113.42519379 247.25366211 462.63244629 255 64 64
113.42803192 247.25015259 462.63507080 255 64 64
121.15138245 221.36245728 472.12091064 255 64 64
121.14559174 221.35374451 472.13369751 255 64 64
121.14871216 221.35859680 472.12841797 255 64 64
121.15046692 221.35328674 472.13122559 255 64 64
135.99200439 245.70220947 455.90057373 255 64 64
135.97746277 245.69451904 455.90515137 255 64 64
135.98847961 245.69839478 455.91387939 255 64 64
135.98216248 245.69262695 455.91119385 255 64 64
100.29031372 280.05993652 398.98556519 255 64 64
100.28560638 280.05078125 398.98266602 255 64 64
100.30006409 280.06500244 398.99749756 255 64 64
100.29969788 280.05245972 398.99697876 255 64 64
96.95936584 299.47744751 461.95864868 255 64 64
96.95195770 299.47305298 461.96511841 255 64 64
96.95274353 299.47384644 461.96212769 255 64 64
96.95257568 299.47290039 461.96508789 255 64 64
93.73185730 286.39184570 424.48779297 255 64 64
93.72624207 286.38839722 424.48458862 255 64 64
93.73303223 286.39077759 424.49136353 255 64 64
93.73193359 286.38595581 424.48843384 255 64 64
130.79368591 235.99069214 447.76409912 255 64 64
130.78076172 235.98336792 447.76797485 255 64 64
130.78080750 235.99438477 447.77404785 255 64 64
130.77903748 235.98806763 447.76986694 255 64 64
101.14094543 286.75250244 474.69857788 255 64 64
101.12742615 286.74658203 474.70877075 255 64 64
101.13346863 286.75195312 474.70480347 255 64 64
101.12798309 286.75363159 474.70819092 255 64 64
84.97354126 280.92868042 457.57577515 255 64 64
84.96575928 280.92535400 457.57196045 255 64 64
84.96662903 280.93164062 457.57772827 255 64 64
84.96571350 280.92968750 457.57156372 255 64 64
124.28276062 311.47311401 432.01702881 255 64 64
124.27781677 311.46960449 432.01425171 255 64 64
124.27464294 311.47158813 432.01242065 255 64 64
124.27617645 311.46792603 432.01126099 255 64 64
92.19666290 231.42340088 503.62457275 255 64 64
92.19355011 231.41452026 503.64102173 255 64 64
92.19979095 231.41819763 503.63595581 255 64 64
92.20434570 231.41734314 503.64556885 255 64 64
73.22341919 227.68588257 465.61892700 255 64 64
73.21520996 227.68392944 465.61849976 255 64 64
73.21536255 227.69248962 465.63265991 255 64 64
73.21501160 227.69309998 465.62677002 255 64 64
72.35956573 242.95343018 464.68719482 255 64 64
72.34855652 242.95031738 464.68881226 255 64 64
72.35507202 242.95957947 464.69522095 255 64 64
72.35321045 242.95843506 464.69058228 255 64 64
107.59605408 241.46325684 484.00335693 255 64 64
107.58851624 241.45422363 484.00897217 255 64 64
107.58838654 241.45870972 484.02145386 255 64 64
107.58704376 241.45376587 484.01992798 255 64 64
126.40656281 233.15771484 458.50988770 255 64 64
126.39706421 233.15159607 458.51766968 255 64 64
126.40215302 233.15704346 458.51669312 255 64 64
126.40119934 233.15246582 458.51660156 255 64 64
152.05009460 298.16717529 483.26272583 255 64 64
152.03970337 298.15170288 483.26821899 255 64 64
152.04437256 298.16207886 483.27252197 255 64 64
152.04064941 298.15466309 483.27233887 255 64 64
71.64008331 247.61163330 435.27459717 255 64 64
71.63333893 247.60620117 435.27499390 255 64 64
71.63870239 247.61648560 435.27435303 255 64 64
71.63689423 247.61041260 435.27194214 255 64 64
109.45985413 308.10928345 441.70449829 255 64 64
109.45637512 308.10638428 441.70172119 255 64 64
109.45282745 308.11575317 441.70422363 255 64 64
109.45686340 308.11270142 441.70077515 255 64 64
74.89634705 248.49299622 415.85406494 255 64 64
74.89086151 248.48638916 415.84863281 255 64 64
74.89282990 248.49443054 415.86267090 255 64 64
74.89202881 248.48556519 415.85723877 255 64 64
117.97782898 299.04034424 454.66961670 255 64 64
117.96328735 299.03393555 454.68225098 255 64 64
117.96671295 299.03720093 454.67184448 255 64 64
117.95887756 299.03616333 454.67874146 255 64 64
95.92800903 263.51992798 488.19815063 255 64 64
95.91603088 263.51385498 488.20291138 255 64 64
95.91752625 263.51638794 488.20922852 255 64 64
95.91335297 263.51757812 488.20727539 255 64 64
78.87021637 267.26879883 430.33169556 255 64 64
78.86368561 267.26336670 430.32617188 255 64 64
78.86814880 267.26840210 430.33709717 255 64 64
78.86693573 267.26126099 430.33123779 255 64 64
140.81428528 261.04550171 427.69616699 255 64 64
140.80116272 261.03900146 427.68988037 255 64 64
140.79292297 261.06210327 427.70654297 255 64 64
140.79035950 261.05529785 427.69625854 255 64 64
157.56378174 282.62069702 464.46032715 255 64 64
157.55047607 282.61175537 464.45306396 255 64 64
157.55348206 282.62484741 464.46032715 255 64 64
157.54895020 282.61840820 464.45004272 255 64 64
131.97012329 225.68753052 452.99731445 255 64 64
131.96247864 225.68107605 453.00671387 255 64 64
131.96540833 225.68832397 453.00787354 255 64 64
131.96693420 225.68356323 453.00811768 255 64 64
139.68707275 305.39413452 465.76852417 255 64 64
139.67340088 305.38055420 465.78103638 255 64 64
139.67581177 305.39147949 465.77560425 255 64 64
139.66899109 305.38580322 465.78250122 255 64 64
84.96281433 266.76293945 402.34164429 255 64 64
84.95787048 266.75750732 402.33599854 255 64 64
84.95960999 266.77099609 402.34991455 255 64 64
84.95919037 266.76242065 402.34597778 255 64 64
149.92834473 306.49533081 462.47485352 255 64 64
149.91494751 306.48144531 462.48419189 255 64 64
149.91967773 306.49404907 462.48492432 255 64 64
149.91255188 306.48657227 462.48959351 255 64 64
69.23055267 240.60018921 449.94482422 255 64 64
69.22188568 240.59561157 449.94293213 255 64 64
69.22486115 240.60409546 449.94915771 255 64 64
69.22313690 240.60014343 449.94403076 255 64 64
128.19223022 290.69070435 482.45962524 255 64 64
128.17947388 290.67794800 482.47131348 255 64 64
128.18243408 290.68917847 482.46508789 255 64 64
128.17787170 290.68475342 482.47018433 255 64 64
79.02656555 224.22035217 490.98379517 255 64 64
79.01620483 224.22074890 490.98876953 255 64 64
79.02183533 224.23278809 490.99169922 255 64 64
79.02035522 224.23698425 490.98803711 255 64 64
144.24844360 293.77294922 488.77783203 255 64 64
144.23921204 293.75656128 488.78491211 255 64 64
144.24522400 293.76782227 488.78488159 255 64 64
144.24375916 293.75924683 488.78637695 255 64 64
136.96975708 314.00534058 428.72720337 255 64 64
136.96484375 314.00152588 428.72528076 255 64 64
136.96321106 314.00500488 428.71975708 255 64 64
136.96520996 313.99911499 428.71948242 255 64 64
117.89242554 307.18591309 423.02011108 255 64 64
117.88627625 307.18139648 423.01913452 255 64 64
117.88835907 307.18576050 423.01803589 255 64 64
117.88829041 307.17858887 423.02056885 255 64 64
135.77909851 277.96862793 465.46524048 255 64 64
135.76742554 277.95971680 465.46981812 255 64 64
135.75897217 277.98413086 465.46075439 255 64 64
135.75785828 277.97940063 465.46197510 255 64 64
83.32884216 240.99453735 490.49703979 255 64 64
83.31771851 240.99215698 490.50006104 255 64 64
83.31985474 241.00025940 490.50909424 255 64 64
83.31683350 241.00398254 490.50445557 255 64 64
110.86800385 296.78802490 409.19467163 255 64 64
110.86211395 296.78250122 409.19082642 255 64 64
110.87049103 296.79364014 409.19659424 255 64 64
110.87115479 296.78442383 409.19586182 255 64 64
78.24160767 257.71459961 475.03314209 255 64 64
78.23036194 257.71414185 475.03332520 255 64 64
78.23963928 257.71890259 475.03945923 255 64 64
78.23664856 257.72122192 475.03479004 255 64 64
126.29293823 294.24133301 398.39288330 255 64 64
126.28504944 294.23791504 398.38327026 255 64 64
126.29865265 294.25445557 398.39111328 255 64 64
126.30009460 294.24661255 398.38394165 255 64 64
100.57132721 242.15737915 495.65017700 255 64 64
100.56507111 242.14822388 495.65481567 255 64 64
100.57135010 242.15660095 495.66763306 255 64 64
100.57093811 242.15380859 495.66592407 255 64 64
97.07505798 289.71444702 415.90039062 255 64 64
97.07006836 289.70989990 415.89260864 255 64 64
97.07711029 289.71719360 415.90335083 255 64 64
97.07865906 289.70925903 415.89901733 255 64 64
73.34619904 255.51309204 454.40148926 255 64 64
73.33718109 255.50730896 454.39968872 255 64 64
73.34394836 255.51356506 454.40505981 255 64 64
73.34062195 255.50921631 454.39920044 255 64 64
100.57023621 301.79309082 444.98770142 255 64 64
100.56654358 301.78869629 444.98324585 255 64 64
100.56465912 301.79449463 444.98724365 255 64 64
100.56742096 301.79013062 444.98358154 255 64 64
115.13420868 221.68489075 480.15466309 255 64 64
115.12445068 221.67660522 480.16418457 255 64 64
115.12181091 221.68566895 480.17254639 255 64 64
115.12228394 221.68261719 480.17422485 255 64 64
134.86933899 260.52932739 461.41888428 255 64 64
134.85421753 260.52206421 461.41989136 255 64 64
134.85876465 260.52658081 461.42242432 255 64 64
134.85191345 260.52160645 461.41891479 255 64 64
86.51036072 273.75997925 409.01785278 255 64 64
86.50463867 273.75454712 409.01181030 255 64 64
86.51232147 273.76422119 409.02212524 255 64 64
86.51187134 273.75592041 409.01785278 255 64 64
148.95895386 310.37054443 449.96151733 255 64 64
148.94754028 310.35934448 449.96820068 255 64 64
148.95141602 310.36874390 449.96810913 255 64 64
148.94563293 310.36145020 449.97125244 255 64 64
139.89511108 281.90713501 472.94799805 255 64 64
139.88079834 281.89904785 472.94097900 255 64 64
139.88337708 281.90493774 472.94168091 255 64 64
139.87731934 281.89947510 472.93246460 255 64 64
148.63206482 248.04435730 453.82730103 255 64 64
148.62442017 248.03363037 453.84133911 255 64 64
148.62731934 248.04069519 453.83352661 255 64 64
148.62614441 248.03202820 453.83889771 255 64 64
77.17276764 263.14871216 460.65454102 255 64 64
77.16194153 263.14508057 460.65234375 255 64 64
77.16889954 263.15011597 460.66433716 255 64 64
77.16764069 263.14843750 460.65762329 255 64 64
79.93906403 234.21618652 484.72006226 255 64 64
79.92803192 234.21400452 484.72640991 255 64 64
79.93466187 234.22897339 484.73162842 255 64 64
79.93266296 234.23222351 484.73056030 255 64 64
140.43577576 306.06573486 412.63882446 255 64 64
140.42713928 306.06088257 412.63156128 255 64 64
140.43104553 306.07244873 412.63751221 255 64 64
140.43275452 306.06530762 412.63323975 255 64 64
74.64392090 215.48765564 481.01541138 255 64 64
74.63523865 215.48701477 481.01867676 255 64 64
74.64009094 215.49725342 481.02935791 255 64 64
74.63941956 215.49891663 481.02526855 255 64 64
156.92507935 268.82406616 459.54742432 255 64 64
156.91473389 268.81008911 459.55175781 255 64 64
156.91770935 268.81646729 459.55639648 255 64 64
156.91409302 268.80636597 459.55502319 255 64 64
85.49015808 280.86859131 469.39971924 255 64 64
85.48533630 280.86502075 469.39505005 255 64 64
85.48431396 280.87094116 469.40313721 255 64 64
85.48666382 280.86975098 469.39575195 255 64 64
69.61341095 229.35050964 430.81927490 255 64 64
69.60784149 229.34519958 430.82003784 255 64 64
69.60581207 229.35646057 430.82312012 255 64 64
69.60456085 229.34934998 430.82055664 255 64 64
87.17811584 274.64501953 475.78601074 255 64 64
87.16928101 274.63955688 475.78756714 255 64 64
87.16780090 274.64199829 475.79364014 255 64 64
87.16717529 274.64190674 475.79003906 255 64 64
107.08522797 221.62695312 490.59902954 255 64 64
107.07655334 221.61811829 490.60845947 255 64 64
107.07827759 221.62565613 490.62036133 255 64 64
107.07875061 221.62246704 490.62155151 255 64 64
67.90293884 222.63287354 443.03317261 255 64 64
67.89493561 222.62802124 443.03222656 255 64 64
67.89288330 222.64161682 443.04052734 255 64 64
67.89148712 222.63560486 443.03582764 255 64 64
75.48403931 237.09385681 470.79641724 255 64 64
75.47395325 237.09063721 470.79995728 255 64 64
75.47799683 237.09823608 470.80877686 255 64 64
75.47669220 237.09867859 470.80651855 255 64 64
76.24962616 263.33724976 450.24145508 255 64 64
76.24089813 263.33206177 450.23666382 255 64 64
76.24981689 263.33862305 450.24484253 255 64 64
76.24722290 263.33453369 450.23803711 255 64 64
73.71831512 248.53938293 425.16317749 255 64 64
73.71290588 248.53540039 425.16119385 255 64 64
73.71280670 248.54039001 425.16625977 255 64 64
73.71177673 248.53448486 425.16357422 255 64 64
130.76745605 307.55151367 457.52041626 255 64 64
130.75476074 307.54290771 457.52587891 255 64 64
130.75680542 307.54714966 457.52368164 255 64 64
130.75105286 307.54324341 457.52499390 255 64 64
129.58750916 250.51969910 459.93646240 255 64 64
129.57717896 250.50941467 459.93963623 255 64 64
129.57765198 250.51489258 459.94647217 255 64 64
129.57464600 250.50816345 459.94427490 255 64 64
81.72146606 273.61071777 435.96490479 255 64 64
81.71552277 273.60635376 435.96585083 255 64 64
81.72040558 273.60992432 435.96997070 255 64 64
81.72015381 273.60534668 435.96829224 255 64 64
125.99024963 310.85101318 442.22265625 255 64 64
125.98058319 310.84762573 442.22470093 255 64 64
125.97927094 310.84835815 442.22238159 255 64 64
125.97576904 310.84530640 442.22290039 255 64 64
89.13253784 283.40975952 438.91113281 255 64 64
89.12465668 283.40496826 438.91192627 255 64 64
89.12974548 283.40988159 438.91171265 255 64 64
89.12749481 283.40631104 438.91030884 255 64 64
126.05669403 297.88882446 474.25903320 255 64 64
126.04374695 297.87902832 474.26654053 255 64 64
126.04679108 297.89007568 474.26544189 255 64 64
126.04140472 297.88720703 474.26660156 255 64 64
144.78117371 257.49649048 434.67779541 255 64 64
144.76522827 257.48907471 434.68075562 255 64 64
144.76890564 257.50271606 434.69088745 255 64 64
144.76268005 257.49591064 434.68884277 255 64 64
103.69256592 253.26376343 480.04235840 255 64 64
103.68113708 253.25607300 480.04486084 255 64 64
103.68574524 253.26367188 480.06024170 255 64 64
103.68180847 253.26069641 480.05667114 255 64 64
93.58682251 294.52072144 455.79626465 255 64 64
93.57803345 294.51718140 455.80007935 255 64 64
93.58150482 294.51956177 455.79776001 255 64 64
93.57962036 294.51788330 455.79840088 255 64 64
90.05041504 287.87625122 449.89270020 255 64 64
90.04578400 287.87145996 449.89074707 255 64 64
90.04530334 287.87899780 449.89434814 255 64 64
90.04675293 287.87445068 449.89154053 255 64 64
70.50263214 247.53283691 455.10684204 255 64 64
70.49424744 247.52735901 455.10494995 255 64 64
70.49591827 247.53550720 455.10928345 255 64 64
70.49520874 247.53204346 455.10311890 255 64 64
93.41316223 221.75781250 503.98348999 255 64 64
93.40649414 221.75581360 503.98947144 255 64 64
93.39785767 221.75775146 503.99023438 255 64 64
93.39818573 221.76336670 503.98883057 255 64 64
119.07818604 280.64068604 473.04541016 255 64 64
119.07035828 280.63208008 473.05273438 255 64 64
119.05867004 280.65133667 473.03823853 255 64 64
119.06075287 280.64794922 473.04174805 255 64 64
118.27732849 241.23060608 466.86999512 255 64 64
118.27062225 241.22114563 466.88204956 255 64 64
118.26877594 241.23242188 466.88195801 255 64 64
118.27108765 241.23001099 466.88696289 255 64 64
109.07080841 303.81286621 423.43820190 255 64 64
109.06792450 303.80834961 423.43176270 255 64 64
109.06893921 303.81674194 423.43478394 255 64 64
109.07115173 303.80895996 423.43185425 255 64 64
97.07240295 292.42156982 430.32199097 255 64 64
97.06604004 292.41851807 430.31842041 255 64 64
97.06990051 292.42077637 430.32348633 255 64 64
97.06837463 292.41699219 430.32019043 255 64 64
109.67108917 254.01524353 459.42266846 255 64 64
109.66431427 254.00885010 459.42736816 255 64 64
109.65471649 254.02874756 459.42181396 255 64 64
109.65727234 254.02600098 459.42156982 255 64 64
78.58126831 263.83547974 469.31072998 255 64 64
78.57012939 263.83255005 469.31042480 255 64 64
78.57685852 263.83648682 469.31494141 255 64 64
78.57479858 263.83654785 469.31036377 255 64 64
105.59092712 272.85281372 470.03805542 255 64 64
105.58535004 272.84509277 470.04370117 255 64 64
105.57453918 272.86416626 470.03271484 255 64 64
105.57719421 272.86102295 470.03479004 255 64 64
111.07469940 290.52841187 476.57489014 255 64 64
111.05917358 290.51977539 476.58874512 255 64 64
111.06779480 290.52606201 476.57803345 255 64 64
111.06079102 290.52578735 476.58499146 255 64 64
113.05418396 263.53436279 468.62295532 255 64 64
113.04405212 263.52618408 468.62094116 255 64 64
113.04678345 263.54675293 468.62435913 255 64 64
113.04276276 263.54055786 468.61917114 255 64 64
81.59974670 264.90625000 477.57028198 255 64 64
81.59078979 264.90386963 477.56533813 255 64 64
81.59121704 264.91018677 477.57437134 255 64 64
81.59098816 264.91143799 477.56546021 255 64 64
163.87986755 290.12612915 478.99252319 255 64 64
163.86747742 290.10952759 478.99758911 255 64 64
163.87542725 290.12179565 478.99972534 255 64 64
163.86920166 290.11254883 478.99935913 255 64 64
109.14451599 303.82119751 463.04223633 255 64 64
109.13604736 303.81604004 463.05209351 255 64 64
109.13353729 303.81488037 463.04605103 255 64 64
109.13209534 303.81616211 463.05166626 255 64 64
141.62327576 313.12548828 443.71014404 255 64 64
141.61311340 313.11718750 443.71405029 255 64 64
141.61376953 313.11822510 443.71380615 255 64 64
141.60856628 313.11254883 443.71688843 255 64 64
133.20494080 283.53186035 477.42001343 255 64 64
133.19400024 283.51947021 477.41973877 255 64 64
133.19720459 283.53771973 477.42321777 255 64 64
133.19071960 283.53283691 477.41857910 255 64 64
80.60157776 260.77352905 405.87301636 255 64 64
80.59815216 260.76788330 405.87335205 255 64 64
80.59791565 260.78222656 405.87783813 255 64 64
80.59843445 260.77328491 405.87936401 255 64 64
166.78721619 302.27294922 476.23699951 255 64 64
166.78256226 302.25454712 476.24255371 255 64 64
166.78378296 302.26837158 476.25106812 255 64 64
166.78430176 302.25775146 476.25354004 255 64 64
149.90368652 247.29861450 445.76998901 255 64 64
149.89424133 247.28834534 445.77911377 255 64 64
149.89720154 247.29533386 445.77725220 255 64 64
149.89624023 247.28703308 445.77853394 255 64 64
116.27024841 286.18652344 395.16482544 255 64 64
116.25961304 286.18090820 395.16113281 255 64 64
116.27261353 286.19616699 395.17129517 255 64 64
116.27058411 286.18643188 395.16864014 255 64 64
133.20262146 303.44979858 410.01815796 255 64 64
133.19252014 303.44552612 410.01217651 255 64 64
133.20407104 303.45660400 410.01721191 255 64 64
133.20204163 303.44924927 410.01251221 255 64 64
98.28450012 226.43458557 499.60873413 255 64 64
98.28123474 226.42475891 499.62518311 255 64 64
98.28624725 226.42875671 499.62295532 255 64 64
98.28984070 226.42755127 499.63183594 255 64 64
142.13961792 246.90020752 449.28439331 255 64 64
142.12733459 246.89120483 449.29473877 255 64 64
142.13085938 246.89691162 449.29031372 255 64 64
142.12742615 246.88967896 449.29269409 255 64 64
85.91302490 248.94404602 494.75488281 255 64 64
85.90081024 248.94175720 494.76141357 255 64 64
85.90915680 248.94400024 494.76507568 255 64 64
85.90568542 248.94857788 494.76510620 255 64 64
115.47313690 257.18457031 464.37127686 255 64 64
115.46702576 257.17669678 464.38113403 255 64 64
115.46100616 257.19628906 464.37136841 255 64 64
115.46310425 257.19317627 464.37683105 255 64 64
155.70726013 247.21347046 457.47369385 255 64 64
155.69912720 247.20425415 457.48379517 255 64 64
155.70101929 247.20500183 457.47894287 255 64 64
155.70089722 247.19755554 457.48175049 255 64 64
142.13287354 314.72943115 434.76995850 255 64 64
142.12457275 314.72354126 434.76870728 255 64 64
142.11831665 314.72930908 434.77178955 255 64 64
142.11834717 314.72332764 434.77127075 255 64 64
125.38571930 306.88211060 451.56027222 255 64 64
125.37426758 306.87417603 451.56900024 255 64 64
125.37277222 306.87609863 451.56555176 255 64 64
125.36727142 306.87304688 451.56842041 255 64 64
70.63824463 243.48600769 442.25341797 255 64 64
70.62894440 243.48144531 442.25164795 255 64 64
70.63886261 243.49006653 442.25885010 255 64 64
70.63552856 243.48461914 442.25430298 255 64 64
77.59512329 251.15505981 407.99026489 255 64 64
77.59214783 251.14831543 407.99234009 255 64 64
77.59075928 251.16027832 407.99160767 255 64 64
77.59053040 251.15122986 407.99288940 255 64 64
87.06738281 237.43872070 503.57809448 255 64 64
87.05960083 237.43479919 503.58441162 255 64 64
87.05966187 237.43470764 503.58850098 255 64 64
87.05895233 237.43849182 503.58734131 255 64 64
113.30258179 305.03253174 452.48352051 255 64 64
113.29343414 305.02682495 452.48919678 255 64 64
113.29163361 305.02999878 452.48193359 255 64 64
113.28879547 305.02856445 452.48480225 255 64 64
107.44915771 229.14891052 488.19708252 255 64 64
107.44301605 229.13912964 488.20401001 255 64 64
107.44257355 229.15142822 488.21948242 255 64 64
107.44441223 229.14746094 488.21923828 255 64 64
78.45921326 247.37504578 399.43087769 255 64 64
78.45272827 247.36956787 399.43420410 255 64 64
78.45019531 247.37963867 399.43408203 255 64 64
78.44709778 247.37088013 399.43609619 255 64 64
103.48892212 288.08044434 404.58166504 255 64 64
103.48500824 288.07119751 404.58111572 255 64 64
103.48912811 288.08432007 404.59277344 255 64 64
103.49002075 288.07165527 404.59420776 255 64 64
71.48764801 216.66578674 467.01226807 255 64 64
71.47837067 216.66336060 467.01507568 255 64 64
71.48139191 216.67031860 467.02545166 255 64 64
71.47975922 216.66934204 467.02206421 255 64 64
121.21163177 251.19824219 460.98937988 255 64 64
121.20167542 251.19082642 460.99569702 255 64 64
121.19712830 251.20697021 460.99368286 255 64 64
121.19786072 251.20465088 460.99426270 255 64 64
107.76665497 251.42257690 466.60244751 255 64 64
107.75541687 251.41415405 466.60409546 255 64 64
107.75530243 251.43231201 466.61309814 255 64 64
107.75224304 251.42628479 466.60931396 255 64 64
137.29852295 255.78335571 432.38977051 255 64 64
137.28320312 255.77680969 432.38696289 255 64 64
137.27973938 255.79743958 432.40023804 255 64 64
137.27471924 255.79153442 432.39245605 255 64 64
157.04878235 312.15161133 442.12948608 255 64 64
157.04013062 312.14022827 442.13650513 255 64 64
157.03942871 312.14660645 442.13916016 255 64 64
157.03604126 312.13894653 442.14361572 255 64 64
165.94503784 282.16610718 463.75531006 255 64 64
165.93429565 282.15182495 463.75418091 255 64 64
165.94682312 282.16561890 463.76959229 255 64 64
165.94148254 282.15597534 463.76388550 255 64 64
72.88860321 254.02169800 439.40209961 255 64 64
72.88345337 254.01464844 439.39367676 255 64 64
72.88347626 254.02542114 439.40515137 255 64 64
72.88478851 254.01654053 439.39755249 255 64 64
91.84654236 284.08172607 416.18624878 255 64 64
91.84127808 284.07678223 416.17874146 255 64 64
91.84901428 284.08743286 416.19668579 255 64 64
91.84909058 284.07949829 416.19143677 255 64 64
127.94282532 310.51910400 425.34585571 255 64 64
127.93749237 310.51519775 425.34164429 255 64 64
127.93476868 310.52124023 425.33926392 255 64 64
127.93593597 310.51513672 425.33740234 255 64 64
153.06665039 315.62286377 429.17681885 255 64 64
153.06378174 315.61370850 429.17526245 255 64 64
153.05976868 315.61810303 429.18133545 255 64 64
153.06152344 315.60992432 429.18148804 255 64 64
72.80366516 235.42135620 463.76760864 255 64 64
72.79413605 235.41905212 463.76605225 255 64 64
72.79621124 235.42558289 463.78036499 255 64 64
72.79438019 235.42483521 463.77374268 255 64 64
96.27040863 264.27709961 480.63977051 255 64 64
96.26639557 264.26794434 480.63861084 255 64 64
96.26583862 264.27981567 480.65145874 255 64 64
96.26737976 264.27462769 480.64733887 255 64 64
144.91381836 262.52468872 458.57965088 255 64 64
144.90280151 262.51293945 458.58520508 255 64 64
144.90734863 262.52365112 458.58703613 255 64 64
144.90382385 262.51495361 458.58444214 255 64 64
145.15431213 310.52163696 417.64663696 255 64 64
145.14982605 310.51641846 417.63830566 255 64 64
145.15402222 310.52371216 417.64761353 255 64 64
145.15657043 310.51544189 417.64282227 255 64 64
153.99177551 284.90344238 472.36645508 255 64 64
153.97912598 284.88958740 472.36358643 255 64 64
153.98550415 284.90237427 472.37149048 255 64 64
153.97978210 284.89340210 472.36602783 255 64 64
110.06040192 300.68173218 415.62982178 255 64 64
110.05567169 300.67492676 415.62344360 255 64 64
110.05899048 300.68475342 415.63540649 255 64 64
110.06024933 300.67504883 415.63269043 255 64 64
142.70034790 274.55480957 462.23065186 255 64 64
142.68377686 274.54577637 462.22250366 255 64 64
142.68354797 274.56179810 462.22732544 255 64 64
142.67720032 274.55450439 462.21591187 255 64 64
125.49169922 302.21911621 409.40460205 255 64 64
125.48277283 302.21316528 409.40124512 255 64 64
125.48844910 302.22613525 409.41040039 255 64 64
125.48626709 302.21682739 409.40884399 255 64 64
90.12630463 257.64483643 492.81448364 255 64 64
90.11448669 257.63989258 492.81896973 255 64 64
90.11811829 257.64358521 492.82659912 255 64 64
90.11456299 257.64511108 492.82461548 255 64 64
93.22679901 293.71997070 469.87203979 255 64 64
93.21867371 293.71679688 469.87084961 255 64 64
93.21958923 293.71835327 469.87820435 255 64 64
93.22033691 293.71954346 469.87176514 255 64 64
75.48925781 260.59225464 441.81430054 255 64 64
75.48197937 260.58657837 441.81268311 255 64 64
75.48504639 260.59521484 441.81796265 255 64 64
75.48294067 260.58923340 441.81277466 255 64 64
139.21701050 303.32986450 472.90859985 255 64 64
139.20535278 303.31655884 472.91476440 255 64 64
139.20632935 303.32543945 472.91540527 255 64 64
139.20060730 303.31933594 472.91729736 255 64 64
117.15250397 227.30853271 475.64572144 255 64 64
117.14347839 227.29841614 475.65249634 255 64 64
117.14373779 227.30973816 475.66351318 255 64 64
117.14428711 227.30479431 475.66305542 255 64 64
149.45600891 265.90197754 430.95593262 255 64 64
149.44299316 265.89483643 430.95205688 255 64 64
149.44812012 265.90792847 430.97378540 255 64 64
149.44548035 265.89932251 430.96621704 255 64 64
121.88873291 292.29092407 469.85235596 255 64 64
121.87583923 292.28024292 469.85742188 255 64 64
121.87962341 292.29931641 469.85568237 255 64 64
121.87341309 292.29559326 469.85522461 255 64 64
75.39331818 254.53372192 421.26495361 255 64 64
75.38900757 254.52816772 421.25976562 255 64 64
75.39132690 254.53688049 421.26571655 255 64 64
75.39047241 254.52961731 421.26101685 255 64 64
101.39112854 264.89865112 465.78350830 255 64 64
101.38586426 264.89105225 465.78509521 255 64 64
101.37310791 264.91400146 465.78091431 255 64 64
101.37644958 264.91058350 465.77801514 255 64 64
111.07785034 280.27896118 392.66738892 255 64 64
111.06916046 280.27056885 392.66372681 255 64 64
111.08179474 280.28543091 392.67489624 255 64 64
111.07963562 280.27426147 392.67187500 255 64 64
89.12953186 280.03808594 424.45309448 255 64 64
89.12397766 280.03475952 424.44912720 255 64 64
89.12863159 280.04064941 424.45959473 255 64 64
89.12783813 280.03656006 424.45507812 255 64 64
83.80456543 273.27969360 426.99722290 255 64 64
83.79891968 273.27560425 426.99551392 255 64 64
83.80484009 273.27929688 426.99938965 255 64 64
83.80375671 273.27487183 426.99645996 255 64 64
132.88897705 310.72140503 448.44299316 255 64 64
132.87554932 310.71496582 448.44833374 255 64 64
132.87570190 310.71545410 448.44900513 255 64 64
132.86927795 310.71340942 448.45108032 255 64 64
155.15768433 303.49322510 471.04537964 255 64 64
155.14732361 303.47711182 471.04724121 255 64 64
155.14801025 303.49169922 471.05191040 255 64 64
155.14482117 303.48272705 471.05029297 255 64 64
81.46007538 273.94171143 448.68786621 255 64 64
81.45114136 273.93716431 448.68902588 255 64 64
81.46113586 273.93945312 448.68368530 255 64 64
81.45928955 273.93646240 448.68154907 255 64 64
148.93365479 252.10723877 437.19702148 255 64 64
148.92036438 252.09852600 437.20571899 255 64 64
148.92375183 252.10614014 437.20901489 255 64 64
148.92039490 252.09803772 437.21136475 255 64 64
70.12223053 238.79728699 436.37127686 255 64 64
70.11477661 238.79060364 436.37374878 255 64 64
70.11882019 238.80087280 436.37222290 255 64 64
70.11592102 238.79473877 436.37100220 255 64 64
142.04389954 245.52021790 436.80050659 255 64 64
142.03288269 245.51133728 436.81048584 255 64 64
142.03868103 245.52395630 436.81250000 255 64 64
142.03720093 245.51582336 436.81369019 255 64 64
120.13301086 266.15832520 468.59539795 255 64 64
120.12348175 266.15026855 468.60836792 255 64 64
120.12128448 266.17074585 468.59158325 255 64 64
120.12126160 266.16766357 468.59970093 255 64 64
77.50237274 255.85516357 413.44720459 255 64 64
77.49858093 255.84902954 413.44488525 255 64 64
77.49911499 255.85357666 413.44967651 255 64 64
77.49961853 255.84570312 413.44787598 255 64 64
94.44281006 290.31332397 437.77145386 255 64 64
94.43621826 290.30935669 437.76971436 255 64 64
94.43803406 290.31213379 437.77203369 255 64 64
94.43649292 290.30923462 437.76913452 255 64 64
81.38071442 253.20695496 482.56582642 255 64 64
81.36846924 253.20477295 482.56860352 255 64 64
81.37115479 253.21163940 482.57452393 255 64 64
81.36822510 253.21377563 482.57034302 255 64 64
122.96742249 237.07640076 463.43630981 255 64 64
122.95857239 237.06883240 463.44421387 255 64 64
122.95701599 237.07446289 463.44836426 255 64 64
122.95695496 237.06919861 463.45001221 255 64 64
129.91638184 272.98605347 464.71197510 255 64 64
129.90390015 272.97784424 464.71728516 255 64 64
129.89967346 273.00128174 464.70553589 255 64 64
129.89839172 272.99734497 464.70645142 255 64 64
163.07788086 266.03848267 461.76541138 255 64 64
163.07112122 266.02359009 461.77331543 255 64 64
163.07310486 266.02468872 461.77114868 255 64 64
163.07218933 266.01318359 461.77255249 255 64 64
126.83879089 281.29995728 469.09173584 255 64 64
126.82955170 281.29129028 469.09762573 255 64 64
126.82230377 281.30767822 469.08618164 255 64 64
126.82223511 281.30398560 469.08709717 255 64 64
123.91154480 297.95159912 403.92599487 255 64 64
123.90284729 297.94674683 403.92095947 255 64 64
123.91177368 297.96051025 403.92587280 255 64 64
123.91313934 297.95202637 403.92285156 255 64 64
97.79560852 256.16003418 493.27026367 255 64 64
97.79074097 256.15084839 493.27465820 255 64 64
97.79521942 256.14978027 493.29171753 255 64 64
97.79678345 256.14645386 493.29101562 255 64 64
142.47729492 307.01892090 459.52392578 255 64 64
142.46360779 307.00793457 459.53689575 255 64 64
142.46951294 307.01995850 459.52871704 255 64 64
142.46189880 307.01489258 459.53656006 255 64 64
142.75610352 297.99884033 483.39331055 255 64 64
142.74736023 297.98312378 483.39724731 255 64 64
142.75006104 297.99169922 483.40188599 255 64 64
142.74818420 297.98345947 483.40097046 255 64 64
86.91759491 230.26029968 508.05764771 255 64 64
86.91195679 230.25756836 508.06054688 255 64 64
86.90444183 230.26057434 508.06503296 255 64 64
86.90565491 230.26651001 508.06204224 255 64 64
94.66305542 276.65072632 401.35504150 255 64 64
94.65587616 276.64230347 401.35241699 255 64 64
94.66651917 276.65390015 401.36749268 255 64 64
94.66436768 276.64260864 401.36746216 255 64 64
83.36473083 260.75708008 397.66943359 255 64 64
83.36088562 260.75103760 397.66506958 255 64 64
83.36254883 260.76663208 397.67977905 255 64 64
83.36395264 260.75726318 397.67761230 255 64 64
98.59570312 300.48406982 451.78045654 255 64 64
98.58912659 300.48101807 451.77947998 255 64 64
98.58648682 300.48321533 451.77859497 255 64 64
98.58657837 300.48135376 451.77688599 255 64 64
157.90948486 299.95278931 479.97766113 255 64 64
157.90118408 299.93572998 479.98663330 255 64 64
157.90272522 299.95056152 479.98458862 255 64 64
157.89971924 299.94134521 479.98834229 255 64 64
136.97152710 266.83389282 456.90097046 255 64 64
136.95520020 266.82647705 456.89746094 255 64 64
136.95742798 266.83447266 456.89462280 255 64 64
136.95008850 266.82751465 456.88772583 255 64 64
105.05538940 295.18194580 412.61080933 255 64 64
105.05311584 295.17510986 412.60601807 255 64 64
105.06219482 295.18576050 412.61633301 255 64 64
105.06443787 295.17578125 412.61474609 255 64 64
115.72876740 294.96856689 471.86444092 255 64 64
115.71292877 294.96078491 471.87448120 255 64 64
115.72151947 294.96868896 471.86779785 255 64 64
115.71418762 294.96820068 471.87231445 255 64 64
136.09458923 240.32217407 448.37026978 255 64 64
136.07621765 240.31510925 448.37225342 255 64 64
136.08213806 240.32395935 448.38211060 255 64 64
136.07565308 240.31820679 448.37692261 255 64 64
94.42289734 240.51545715 502.41870117 255 64 64
94.41291809 240.50906372 502.42532349 255 64 64
94.41644287 240.51052856 502.43002319 255 64 64
94.41442108 240.51318359 502.42965698 255 64 64
102.15507507 301.29391479 466.01208496 255 64 64
102.14808655 301.28924561 466.01553345 255 64 64
102.14253235 301.29061890 466.01293945 255 64 64
102.14364624 301.28982544 466.01312256 255 64 64
94.78295898 265.97747803 474.22949219 255 64 64
94.77066040 265.97286987 474.23773193 255 64 64
94.77485657 265.97250366 474.23577881 255 64 64
94.76994324 265.97473145 474.23730469 255 64 64
82.11927795 224.63177490 504.84582520 255 64 64
82.10948944 224.62921143 504.85208130 255 64 64
82.11360931 224.63102722 504.84881592 255 64 64
82.11219788 224.63482666 504.84759521 255 64 64
148.44673157 259.95349121 427.16546631 255 64 64
148.43185425 259.94668579 427.16021729 255 64 64
148.42893982 259.96640015 427.17932129 255 64 64
148.42596436 259.95950317 427.17034912 255 64 64
128.19259644 239.99774170 452.59762573 255 64 64
128.17875671 239.98953247 452.60018921 255 64 64
128.17692566 239.99943542 452.60549927 255 64 64
128.17361450 239.99304199 452.60098267 255 64 64
225.01200867 311.26300049 431.49798584 64 255 128
95.02659607 129.80813599 452.28433228 64 255 128
85.48974609 280.87393188 469.39367676 64 255 128
142.56478882 218.87889099 365.66610718 64 255 128
198.87199402 215.36099243 462.84698486 64 255 128
86.57253265 200.58277893 509.70989990 64 255 128
166.16477966 143.34277344 401.43869019 64 255 128
70.88387299 206.93476868 417.21276855 64 255 128
141.65193176 300.22866821 404.41583252 64 255 128
163.50384521 294.92422485 485.72399902 64 255 128
130.88311768 190.21679688 461.30041504 64 255 128
244.04800415 246.91499329 422.29800415 64 255 128
100.28384399 152.16543579 387.93383789 64 255 128
92.92255402 259.77551270 386.01498413 64 255 128
182.44400024 253.95599365 407.98699951 64 255 128
142.06051636 250.45475769 442.09667969 64 255 128
171.53483582 197.76412964 417.78958130 64 255 128
194.78100586 267.56701660 457.45098877 64 255 128
73.21742249 227.69424438 465.61834717 64 255 128
72.32152557 175.63381958 463.56173706 64 255 128
125.37390137 306.87890625 451.56423950 64 255 128
177.80084229 314.97817993 439.80273438 64 255 128
95.57732391 202.72879028 373.83172607 64 255 128
136.92887878 118.04003906 432.06985474 64 255 128
142.77006531 174.22111511 376.71899414 64 255 128
93.73139191 286.39306641 424.48107910 64 255 128
123.39645386 211.07936096 420.80264282 64 255 128
117.04835510 235.84661865 473.02944946 64 255 128
144.03083801 263.08459473 378.66320801 64 255 128
208.66900635 222.23100281 419.62100220 64 255 128
73.71093750 248.54473877 425.16055298 64 255 128
89.18107605 243.74822998 503.12698364 64 255 128
156.88311768 168.56369019 436.27114868 64 255 128
79.40054321 158.69963074 424.41314697 64 255 128
193.22029114 295.16458130 412.67523193 64 255 128
123.04306030 154.22822571 443.33941650 64 255 128
159.08428955 213.38748169 447.07147217 64 255 128
123.83611298 272.33825684 468.37420654 64 255 128
200.78971863 305.96194458 472.56210327 64 255 128
103.29467773 126.80652618 416.25344849 64 255 128
108.30487823 235.48461914 364.04418945 64 255 128
223.87799072 275.40902710 433.99301147 64 255 128
104.62406921 184.20188904 479.85601807 64 255 128
79.83283997 179.88415527 396.31781006 64 255 128
131.04092407 137.72908020 393.75405884 64 255 128
216.72599792 243.54299927 445.59799194 64 255 128
197.83399963 189.37699890 439.93099976 64 255 128
172.12496948 222.63632202 388.47039795 64 255 128
79.47938538 227.75267029 390.31774902 64 255 128
160.33753967 274.32006836 459.67459106 64 255 128
166.52590942 281.92431641 396.95770264 64 255 128
117.82802582 281.09490967 390.89532471 64 255 128
173.38957214 244.31993103 463.13619995 64 255 128
132.66925049 222.23550415 449.61526489 64 255 128
99.84369659 157.94633484 463.85009766 64 255 128
106.44219971 213.17100525 490.87542725 64 255 128
211.93000793 252.72399902 414.25897217 64 255 128
133.93664551 296.34350586 483.59823608 64 255 128
155.45101929 308.71713257 456.08749390 64 255 128
110.66600037 175.85223389 372.87127686 64 255 128
168.92098999 172.06686401 394.21145630 64 255 128
73.34034729 255.51736450 454.39196777 64 255 128
70.11254883 203.63764954 448.36407471 64 255 128
73.13495636 200.83430481 479.38287354 64 255 128
117.89198303 307.18237305 423.02029419 64 255 128
80.88771820 175.84219360 493.38391113 64 255 128
105.69402313 300.98321533 470.77340698 64 255 128
147.38613892 315.14013672 428.60983276 64 255 128
206.41799927 293.47500610 447.11801147 64 255 128
160.42103577 199.65104675 380.37615967 64 255 128
151.41049194 140.51806641 425.69815063 64 255 128
169.86018372 306.79153442 410.23522949 64 255 128
99.86595154 258.98873901 479.06549072 64 255 128
123.80599213 198.89044189 367.01098633 64 255 128
153.87654114 271.59255981 432.63442993 64 255 128
199.79711914 317.30706787 430.51171875 64 255 128
232.47499084 226.04200745 432.86499023 64 255 128
100.56594086 301.79791260 444.98043823 64 255 128
117.86433411 256.56219482 375.52008057 64 255 128
83.70474243 268.47091675 408.85833740 64 255 128
175.54289246 173.79722595 422.55111694 64 255 128
73.33556366 185.23828125 430.65924072 64 255 128
154.28866577 236.40205383 430.18829346 64 255 128
154.73011780 240.33671570 376.51242065 64 255 128
112.60680389 117.93941498 438.59011841 64 255 128
67.93785095 228.41061401 439.44488525 64 255 128
80.88688660 150.12924194 448.21841431 64 255 128
182.29115295 288.67044067 463.27157593 64 255 128
79.02726746 224.23254395 490.98580933 64 255 128
184.71600342 217.61199951 413.49398804 64 255 128
122.88780212 210.44448853 471.89791870 64 255 128
152.61766052 187.53649902 452.77029419 64 255 128
179.17700195 206.70899963 442.31701660 64 255 128
216.51199341 291.67898560 418.55999756 64 255 128
147.15603638 124.97619629 408.22747803 64 255 128
109.66436005 254.02554321 459.41824341 64 255 128
123.00219727 157.82771301 380.41326904 64 255 128
114.32112122 174.94824219 458.84448242 64 255 128
212.22062683 315.14971924 452.78356934 64 255 128
85.05162811 279.61596680 445.90341187 64 255 128
148.91165161 153.01843262 388.13531494 64 255 128
135.93586731 172.35853577 445.48760986 64 255 128
78.96241760 202.36216736 390.93386841 64 255 128
207.75599670 213.99400330 441.64498901 64 255 128
89.55371857 144.74577332 408.88812256 64 255 128
166.56800842 259.46240234 387.21441650 64 255 128
196.07800293 237.40800476 457.49600220 64 255 128
79.46813965 248.78445435 479.24859619 64 255 128
141.68917847 283.06478882 389.15634155 64 255 128
139.87068176 200.76429749 436.00570679 64 255 128
196.46200562 270.87399292 411.74099731 64 255 128
90.23019409 137.86846924 430.75009155 64 255 128
193.46099854 196.87699890 418.70300293 64 255 128
72.68916321 229.43296814 411.78976440 64 255 128
82.47297668 159.95843506 477.61596680 64 255 128
132.53666687 238.48007202 367.55224609 64 255 128
125.05647278 123.32223511 409.88549805 64 255 128
106.80764771 291.76766968 406.67059326 64 255 128
177.48400879 221.70298767 465.63299561 64 255 128
78.44543457 247.38677979 399.43728638 64 255 128
129.16642761 245.21377563 457.92599487 64 255 128
196.80400085 237.96600342 410.58599854 64 255 128
146.48324585 207.57196045 459.91107178 64 255 128
146.75148010 283.17449951 472.54559326 64 255 128
90.99353790 240.80064392 376.18170166 64 255 128
241.20800781 267.88101196 423.54800415 64 255 128
104.85652161 240.97665405 489.40405273 64 255 128
175.65826416 305.02117920 472.30764771 64 255 128
85.37828064 223.85667419 510.87271118 64 255 128
110.44874573 134.32855225 397.93655396 64 255 128
166.11758423 153.80139160 419.95141602 64 255 128
138.37434387 222.01681519 430.77938843 64 255 128
105.89280701 279.30422974 474.55834961 64 255 128
72.90029144 168.32064819 443.52429199 64 255 128
120.73584747 219.50128174 361.94360352 64 255 128
78.86624146 267.26721191 430.32495117 64 255 128
141.90402222 266.19247437 459.58148193 64 255 128
124.27001190 133.87176514 441.79141235 64 255 128
93.31588745 171.12860107 382.59216309 64 255 128
168.55572510 187.42149353 439.39993286 64 255 128
210.46499634 264.50000000 445.90399170 64 255 128
224.65200806 238.55799866 418.59899902 64 255 128
93.85036469 221.77027893 373.93676758 64 255 128
140.13993835 156.69889832 433.77267456 64 255 128
98.10788727 193.92306519 496.19430542 64 255 128
139.67033386 305.39422607 465.77606201 64 255 128
231.31201172 255.43000793 434.02600098 64 255 128
172.10171509 189.82785034 395.51077271 64 255 128
191.96939087 313.47360229 455.10403442 64 255 128
77.30189514 174.90042114 414.56991577 64 255 128
121.87492371 292.29693604 469.85397339 64 255 128
97.18061829 274.60815430 396.60577393 64 255 128
87.67417145 143.90599060 464.63681030 64 255 128
237.18800354 286.12100220 424.75100708 64 255 128
180.48100281 236.35107422 401.04516602 64 255 128
86.11431885 160.35021973 397.05157471 64 255 128
215.07699585 270.94799805 416.32598877 64 255 128
107.82747650 143.07597351 452.61587524 64 255 128
145.35437012 255.17883301 426.02017212 64 255 128
192.98699951 199.76300049 454.48800659 64 255 128
156.54472351 255.48840332 460.26589966 64 255 128
170.91583252 203.41978455 462.11541748 64 255 128
141.52479553 191.12971497 372.92855835 64 255 128
182.51042175 183.39012146 410.41857910 64 255 128
179.58200073 277.12500000 408.62899780 64 255 128
184.18215942 313.59548950 421.25161743 64 255 128
87.43013000 188.15246582 381.91528320 64 255 128
177.83290100 262.39074707 462.73413086 64 255 128
170.10169983 234.16708374 446.95007324 64 255 128
78.57962799 263.84222412 469.31072998 64 255 128
117.15077972 190.15559387 470.65835571 64 255 128
174.40014648 159.32283020 405.62945557 64 255 128
163.03111267 250.66587830 437.74053955 64 255 128
98.29196930 226.42565918 499.61447144 64 255 128
77.50096893 192.86886597 495.63415527 64 255 128
123.91535950 297.95263672 403.92373657 64 255 128
171.28300476 207.32646179 397.31420898 64 255 128
121.73809814 218.66981506 435.67980957 64 255 128
159.12553406 223.30116272 373.39880371 64 255 128
164.60932922 314.66036987 424.16293335 64 255 128
178.98706055 293.14953613 405.69592285 64 255 128
170.36511230 241.94206238 386.06903076 64 255 128
90.11228943 257.64978027 492.82022095 64 255 128
133.91915894 313.21115112 438.40731812 64 255 128
127.17242432 269.86645508 381.44314575 64 255 128
150.28401184 138.37963867 396.46038818 64 255 128
74.89717102 194.40689087 405.71356201 64 255 128
92.74452972 294.22802734 461.39147949 64 255 128
204.55000305 306.05700684 418.73400879 64 255 128
69.72433472 209.26087952 465.14871216 64 255 128
163.01271057 286.89688110 470.62127686 64 255 128
136.82072449 139.99206543 432.95291138 64 255 128
69.48521423 192.48229980 460.89620972 64 255 128
134.24404907 308.81423950 419.07736206 64 255 128
205.38999939 203.34599304 429.10900879 64 255 128
107.50118256 191.63864136 370.05862427 64 255 128
68.19299316 213.35708618 432.56103516 64 255 128
198.66999817 283.93301392 458.25399780 64 255 128
94.56345367 171.03280640 479.83520508 64 255 128
109.55340576 267.94244385 384.76345825 64 255 128
218.32600403 290.88101196 435.29901123 64 255 128
127.18035126 180.20127869 371.91168213 64 255 128
158.72859192 296.05923462 402.10330200 64 255 128
158.36413574 179.14741516 383.57952881 64 255 128
174.70455933 310.02938843 456.97540283 64 255 128
206.61300659 229.05699158 447.61700439 64 255 128
69.95292664 184.14451599 446.81512451 64 255 128
114.76306915 310.49722290 439.73193359 64 255 128
69.22167206 240.60638428 449.93869019 64 255 128
76.96327209 157.52845764 462.51651001 64 255 128
161.26522827 312.53497314 439.38668823 64 255 128
128.06108093 226.86601257 463.93896484 64 255 128
159.85334778 133.16065979 413.74288940 64 255 128
184.98500061 189.95300293 430.30999756 64 255 128
226.43600464 258.01599121 418.04800415 64 255 128
73.50920868 182.94772339 477.81912231 64 255 128
111.05281830 126.58856964 451.90966797 64 255 128
115.12809753 221.68338013 480.16220093 64 255 128
111.03785706 200.24018860 483.00256348 64 255 128
154.37954712 273.61459351 387.03662109 64 255 128
103.69234467 300.16229248 425.35827637 64 255 128
78.88965607 210.47448730 500.06823730 64 255 128
154.24954224 307.79403687 412.75915527 64 255 128
148.63354492 291.94042969 487.43576050 64 255 128
155.14611816 303.48593140 471.05261230 64 255 128
216.86000061 225.03100586 435.33200073 64 255 128
74.66002655 213.14779663 401.46166992 64 255 128
106.16612244 212.29211426 366.70812988 64 255 128
158.70867920 243.46466064 451.14477539 64 255 128
134.30429077 233.17352295 439.87173462 64 255 128
200.62300110 251.98098755 454.68301392 64 255 128
117.30896759 144.17169189 387.77529907 64 255 128
100.26214600 125.39459991 433.06271362 64 255 128
121.44351959 115.56699371 425.99743652 64 255 128
95.08674622 211.38172913 501.71441650 64 255 128
183.10299683 206.29499817 427.50399780 64 255 128
103.84882355 248.82238770 372.78479004 64 255 128
145.96247864 205.17221069 370.89016724 64 255 128
133.70631409 206.71934509 464.86889648 64 255 128
101.38368225 264.90832520 465.77844238 64 255 128
72.35464478 242.96366882 464.68676758 64 255 128
69.56226349 219.52597046 451.70529175 64 255 128
88.14544678 267.99209595 481.95605469 64 255 128
147.29464722 126.10454559 425.21023560 64 255 128
240.25698853 231.88499451 421.56698608 64 255 128
112.55889130 303.58078003 457.68579102 64 255 128
72.88237000 254.02360535 439.39382935 64 255 128
92.21736145 281.32711792 408.93460083 64 255 128
153.55036926 155.18899536 428.60925293 64 255 128
135.50187683 207.84805298 448.05252075 64 255 128
123.06943512 168.48152161 448.32357788 64 255 128
197.84100342 255.98498535 411.13598633 64 255 128
112.50622559 159.46635437 452.07092285 64 255 128
108.78473663 162.46546936 378.56472778 64 255 128
123.42626190 257.97970581 464.34924316 64 255 128
109.27108002 248.30929565 475.20245361 64 255 128
170.47259521 197.13134766 431.30349731 64 255 128
213.99499512 305.59600830 442.14300537 64 255 128
164.40869141 157.72531128 393.59088135 64 255 128
84.93099976 213.22389221 382.29266357 64 255 128
228.94599915 239.84600830 435.91897583 64 255 128
137.94253540 160.93066406 380.37304688 64 255 128
141.13267517 250.04106140 373.00866699 64 255 128
77.90981293 234.49577332 478.57409668 64 255 128
146.76296997 232.07124329 440.60781860 64 255 128
86.59334564 185.14411926 503.51608276 64 255 128
227.54100037 298.71899414 425.13400269 64 255 128
210.73500061 237.92199707 415.45297241 64 255 128
204.43501282 200.82400513 446.07998657 64 255 128
205.08999634 282.02700806 413.72601318 64 255 128
94.66213989 179.48550415 491.43530273 64 255 128
199.31500244 211.05200195 418.81399536 64 255 128
210.09300232 279.92098999 445.01400757 64 255 128
70.20959473 199.50553894 430.54412842 64 255 128
133.19161987 283.53393555 477.42129517 64 255 128
206.04699707 303.44598389 457.29199219 64 255 128
83.31890106 241.00100708 490.50283813 64 255 128
104.22193146 171.39585876 466.90875244 64 255 128
139.01324463 310.55584717 452.38305664 64 255 128
185.58700562 210.39100647 463.75000000 64 255 128
77.49594116 255.86146545 413.44308472 64 255 128
166.59518433 212.57078552 380.83331299 64 255 128
187.39700317 250.42399597 463.03497314 64 255 128
118.61023712 244.93876648 367.97579956 64 255 128
193.40565491 317.51522827 442.31213379 64 255 128
79.71742249 270.15960693 454.96090698 64 255 128
228.84700012 271.70800781 418.48599243 64 255 128
174.95703125 265.63290405 398.59854126 64 255 128
126.00490570 115.84725952 441.42562866 64 255 128
74.64408112 215.49382019 481.01693726 64 255 128
94.44040680 290.31533813 437.76345825 64 255 128
155.30644226 165.30793762 385.37338257 64 255 128
137.07435608 119.31134796 418.31082153 64 255 128
142.84965515 193.63822937 459.81005859 64 255 128
132.98477173 292.29251099 395.43814087 64 255 128
71.05992126 235.29595947 424.20016479 64 255 128
83.35868835 260.76370239 397.67974854 64 255 128
132.86560059 209.19313049 364.18496704 64 255 128
221.67300415 224.90000916 422.35400391 64 255 128
98.85499573 135.52317810 405.12802124 64 255 128
190.16679382 297.22772217 475.06439209 64 255 128
183.52699280 232.37199402 460.04598999 64 255 128
178.91600037 220.49200439 401.52297974 64 255 128
213.05200195 317.13800049 435.28198242 64 255 128
165.65455627 226.08467102 457.51168823 64 255 128
154.86685181 254.67324829 378.50692749 64 255 128
83.60251617 249.79078674 387.08767700 64 255 128
135.76467896 277.97146606 465.46331787 64 255 128
151.71026611 221.68537903 435.38940430 64 255 128
73.82257843 242.51560974 413.18634033 64 255 128
131.15159607 149.31524658 385.72915649 64 255 128
84.19273376 158.63310242 410.12011719 64 255 128
185.74899292 274.82400513 463.50100708 64 255 128
77.16741943 157.21594238 437.32348633 64 255 128
72.56474304 186.80041504 416.34469604 64 255 128
145.25900269 230.78491211 368.92306519 64 255 128
125.65950775 233.69660950 450.24935913 64 255 128
139.80534363 251.56533813 455.68307495 64 255 128
193.44267273 307.13107300 417.65176392 64 255 128
125.41836548 179.84033203 454.60159302 64 255 128
128.46064758 207.80206299 433.61505127 64 255 128
148.98966980 174.83311462 444.16921997 64 255 128
141.25065613 182.33268738 452.60806274 64 255 128
167.40113831 169.50581360 429.86392212 64 255 128
147.19583130 212.05424500 445.08871460 64 255 128
196.76699829 225.28999329 411.93499756 64 255 128
95.44078827 287.62316895 473.44171143 64 255 128
113.04010010 263.53854370 468.62442017 64 255 128
88.26820374 137.04690552 444.44619751 64 255 128
83.47212982 146.80657959 424.32434082 64 255 128
134.45585632 128.57344055 402.90966797 64 255 128
92.16266632 136.43170166 417.96478271 64 255 128
174.79100037 208.75700378 415.11700439 64 255 128
95.15699005 145.37744141 397.46640015 64 255 128
171.38296509 201.39401245 450.32989502 64 255 128
159.68438721 181.25427246 445.32995605 64 255 128
85.45854950 273.93338013 419.91436768 64 255 128
111.06077576 290.53265381 476.57626343 64 255 128
128.87661743 168.84268188 375.75363159 64 255 128
220.81500244 255.54600525 440.60501099 64 255 128
121.15192413 231.73486328 362.56951904 64 255 128
171.55418396 279.52694702 462.57824707 64 255 128
156.63980103 202.43202209 457.93087769 64 255 128
75.18553925 169.47567749 473.85540771 64 255 128
74.98429108 168.20686340 430.92361450 64 255 128
186.36955261 309.32614136 464.33871460 64 255 128
187.95300293 196.49299622 441.20599365 64 255 128
109.18804932 120.93537140 425.82446289 64 255 128
130.45239258 258.35128784 376.51205444 64 255 128
176.22219849 292.70233154 472.93112183 64 255 128
191.18000793 281.87799072 411.30899048 64 255 128
83.02246094 231.30633545 501.45285034 64 255 128
176.41246033 253.95286560 394.80364990 64 255 128
196.17900085 296.83102417 465.02301025 64 255 128
127.60865784 303.87957764 465.08871460 64 255 128
106.40478516 282.79458618 397.25427246 64 255 128
182.46563721 303.45083618 413.75515747 64 255 128
185.76901245 265.75500488 409.29800415 64 255 128
76.11933899 233.94384766 400.27285767 64 255 128
96.90921021 180.88349915 376.32235718 64 255 128
117.57633972 244.49137878 459.11602783 64 255 128
194.08999634 226.41600037 463.62200928 64 255 128
107.44678497 229.14738464 488.20971680 64 255 128
122.15147400 131.48162842 399.59362793 64 255 128
151.74729919 244.64010620 437.96383667 64 255 128
149.32334900 312.81216431 440.83618164 64 255 128
215.87500000 305.27899170 422.67001343 64 255 128
147.00494385 262.00228882 435.39282227 64 255 128
165.69931030 307.00244141 463.67700195 64 255 128
149.36961365 277.96899414 462.36413574 64 255 128
97.44509888 139.19377136 459.39270020 64 255 128
177.30931091 172.76477051 404.18090820 64 255 128
107.06468201 223.76147461 364.09201050 64 255 128
206.09700012 216.57400513 453.13500977 64 255 128
165.10330200 231.65017700 379.58551025 64 255 128
179.04899597 192.69799805 409.63000488 64 255 128
113.79692078 126.32368469 408.19799805 64 255 128
136.98872375 210.90299988 426.94232178 64 255 128
87.38545990 278.97259521 431.46371460 64 255 128
145.80914307 301.53268433 477.67395020 64 255 128
205.32000732 294.60299683 416.21398926 64 255 128
232.59899902 267.64999390 432.91101074 64 255 128
131.94734192 161.83105469 440.28009033 64 255 128
147.84165955 290.72821045 396.23471069 64 255 128
84.97070312 280.93450928 457.57241821 64 255 128
85.83174896 200.51025391 381.53506470 64 255 128
205.29499817 217.04100037 430.73999023 64 255 128
151.17398071 185.85087585 377.78710938 64 255 128
110.06693268 300.67687988 415.63015747 64 255 128
187.16600037 228.06500244 406.19998169 64 255 128
124.70852661 197.98542786 468.37203979 64 255 128
85.78601074 167.80300903 486.30969238 64 255 128
93.70127106 293.42993164 449.86535645 64 255 128
130.88179016 225.12806702 363.90777588 64 255 128
146.15029907 165.72421265 436.68536377 64 255 128
237.25900269 256.47000122 421.41000366 64 255 128
124.27899933 311.47457886 432.01226807 64 255 128
85.11176300 171.21035767 391.16070557 64 255 128
69.98377228 220.32618713 423.55111694 64 255 128
86.59368896 226.98695374 381.16821289 64 255 128
81.08709717 238.85995483 388.65060425 64 255 128
136.07836914 240.32164001 448.36825562 64 255 128
118.39576721 144.36636353 445.04919434 64 255 128
75.64688110 205.52770996 489.46295166 64 255 128
91.41841125 157.40490723 471.14804077 64 255 128
80.10955048 168.75643921 401.59423828 64 255 128
137.28765869 255.78558350 432.38681030 64 255 128
132.99586487 129.83006287 435.88049316 64 255 128
69.60420227 230.30404663 454.81164551 64 255 128
163.37528992 190.75512695 385.55593872 64 255 128
164.89523315 269.96743774 390.84301758 64 255 128
78.35961151 267.54025269 441.66723633 64 255 128
105.18702698 258.81500244 379.82571411 64 255 128
118.40654755 208.89404297 363.94213867 64 255 128
148.62356567 248.04199219 453.83123779 64 255 128
132.45736694 221.26551819 437.51358032 64 255 128
155.00004578 288.09884644 479.14904785 64 255 128
227.05000305 285.86999512 430.43099976 64 255 128
116.59956360 291.06250000 398.58657837 64 255 128
136.75759888 199.11878967 366.80572510 64 255 128
206.81098938 239.55200195 451.36999512 64 255 128
95.16207123 275.78469849 471.47891235 64 255 128
80.59799194 190.86366272 390.50863647 64 255 128
119.34487152 187.69328308 369.50646973 64 255 128
161.67753601 192.69607544 449.98602295 64 255 128
83.30881500 258.25823975 483.76412964 64 255 128
201.97799683 205.81401062 456.81802368 64 255 128
100.17855072 252.26518250 487.91253662 64 255 128
160.37188721 144.47935486 421.17565918 64 255 128
73.99202728 254.24159241 466.77871704 64 255 128
71.69750214 218.44010925 412.59527588 64 255 128
221.48300171 281.81298828 418.81701660 64 255 128
70.11252594 238.80531311 436.36450195 64 255 128
128.84080505 279.35101318 386.90411377 64 255 128
173.44943237 297.58004761 483.02331543 64 255 128
139.40643311 273.73132324 383.53881836 64 255 128
101.93418884 302.57113647 460.38238525 64 255 128
198.18400574 190.76499939 429.03302002 64 255 128
103.88721466 122.66878510 443.42553711 64 255 128
220.81300354 234.41000366 440.91998291 64 255 128
84.01990509 146.06564331 438.34405518 64 255 128
75.18331909 183.48782349 405.76593018 64 255 128
211.30000305 252.73800659 448.10000610 64 255 128
71.50584412 192.34603882 439.58468628 64 255 128
100.47802734 293.75494385 417.11074829 64 255 128
145.15217590 310.52172852 417.64483643 64 255 128
127.74282837 219.35798645 427.86990356 64 255 128
116.54553986 120.63730621 417.05984497 64 255 128
220.48600769 314.30899048 442.66799927 64 255 128
202.91900635 270.60299683 450.72497559 64 255 128
78.14232635 215.08705139 390.74169922 64 255 128
139.51704407 144.41523743 390.27426147 64 255 128
175.31854248 186.19247437 432.25521851 64 255 128
97.65305328 247.20011902 497.44732666 64 255 128
171.67831421 162.49934387 418.60626221 64 255 128
131.58660889 264.96923828 464.26071167 64 255 128
156.30976868 212.85620117 373.76849365 64 255 128
238.33499146 238.16999817 430.06198120 64 255 128
168.38168335 213.39210510 458.46325684 64 255 128
97.40633392 231.01361084 369.71456909 64 255 128
234.07099915 245.23500061 418.74798584 64 255 128
218.74200439 268.26599121 440.22698975 64 255 128
120.39189911 124.98131561 446.17880249 64 255 128
88.51074219 211.15184021 510.43563843 64 255 128
184.43663025 316.68612671 431.90252686 64 255 128
160.25549316 134.22059631 402.55703735 64 255 128
204.84223938 311.31533813 463.28433228 64 255 128
130.73574829 190.33688354 368.42031860 64 255 128
175.03955078 181.47218323 399.20022583 64 255 128
108.05741882 201.99684143 368.34515381 64 255 128
179.48300171 207.58700562 454.44900513 64 255 128
152.85124207 265.11630249 461.26156616 64 255 128
137.89431763 214.91537476 456.55154419 64 255 128
148.90170288 211.69712830 436.09628296 64 255 128
112.74627686 152.34127808 383.08905029 64 255 128
71.20116425 193.67044067 471.66467285 64 255 128
130.15484619 248.58119202 371.37738037 64 255 128
119.06187439 280.64282227 473.04425049 64 255 128
205.73231506 317.77282715 444.51019287 64 255 128
183.34999084 193.45399475 419.26501465 64 255 128
128.85671997 145.18574524 437.75463867 64 255 128
81.75644684 151.76295471 469.91436768 64 255 128
169.37573242 296.52658081 404.34045410 64 255 128
75.24054718 163.33038330 453.85620117 64 255 128
208.85600281 312.90499878 425.45101929 64 255 128
108.71449280 180.42332458 470.28884888 64 255 128
124.23719788 304.94696045 414.91580200 64 255 128
108.88866425 307.56811523 448.01162720 64 255 128
187.82299805 241.91999817 406.85498047 64 255 128
167.45480347 257.54019165 460.75784302 64 255 128
171.06404114 312.17611694 446.90542603 64 255 128
121.14651489 221.35914612 472.11911011 64 255 128
84.28523254 141.73724365 454.93054199 64 255 128
103.40650177 255.20750427 469.68624878 64 255 128
156.51396179 148.13574219 393.08386230 64 255 128
170.89465332 198.35592651 390.98919678 64 255 128
95.45068359 190.97457886 374.91870117 64 255 128
189.23500061 206.79199219 419.11700439 64 255 128
160.54365540 229.34326172 439.42651367 64 255 128
120.20771027 184.12286377 461.89559937 64 255 128
155.66142273 282.07928467 393.19174194 64 255 128
235.19999695 276.62899780 428.35699463 64 255 128
129.94694519 216.69921875 463.31411743 64 255 128
117.95222473 167.07736206 375.75344849 64 255 128
208.32400513 263.61401367 413.65298462 64 255 128
104.99957275 193.58186340 487.64688110 64 255 128
175.03291321 314.94390869 426.75289917 64 255 128
100.77998352 203.91419983 495.21859741 64 255 128
133.20451355 303.44781494 410.01446533 64 255 128
98.27764130 236.87982178 497.83532715 64 255 128
143.64274597 147.53631592 429.89395142 64 255 128
136.96542358 314.00741577 428.72537231 64 255 128
104.27532196 143.64277649 391.67443848 64 255 128
166.75230408 143.88533020 411.77981567 64 255 128
133.55033875 302.17565918 474.96972656 64 255 128
221.79399109 300.32699585 433.68301392 64 255 128
117.61467743 199.45722961 475.99157715 64 255 128
108.52322388 166.18331909 458.77780151 64 255 128
187.94999695 218.68099976 469.11801147 64 255 128
75.30017853 188.30711365 486.74218750 64 255 128
70.79352570 196.25219727 419.54589844 64 255 128
236.94000244 248.33500671 429.61801147 64 255 128
92.40194702 160.61254883 388.99630737 64 255 128
111.39711761 307.08789062 430.83514404 64 255 128
166.78239441 302.26760864 476.24584961 64 255 128
115.01707458 299.16323853 466.46533203 64 255 128
74.77318573 223.15074158 401.86621094 64 255 128
170.11306763 200.54623413 408.34652710 64 255 128
201.83099365 246.59700012 411.26800537 64 255 128
95.05851746 128.81587219 442.23284912 64 255 128
231.56300354 226.22799683 422.06100464 64 255 128
76.37951660 174.85665894 482.88375854 64 255 128
122.95746613 237.07182312 463.44036865 64 255 128
222.93399048 248.87100220 416.27899170 64 255 128
140.16717529 238.71032715 435.15393066 64 255 128
202.13200378 226.58399963 457.78201294 64 255 128
68.34431458 215.84272766 442.28320312 64 255 128
110.68874359 239.92977905 480.45602417 64 255 128
170.58432007 270.01492310 461.17364502 64 255 128
91.53465271 266.88629150 394.00582886 64 255 128
79.20047760 263.34860229 419.55795288 64 255 128
156.07038879 264.53472900 383.82629395 64 255 128
200.27999878 293.28399658 455.72399902 64 255 128
95.14448547 252.94506836 379.32653809 64 255 128
84.66168213 180.43869019 387.31503296 64 255 128
153.68714905 249.98242188 429.39074707 64 255 128
118.25888824 300.62344360 449.18325806 64 255 128
94.77177429 265.98501587 474.22592163 64 255 128
75.41163635 225.22895813 477.11648560 64 255 128
96.41713715 131.25238037 425.02914429 64 255 128
100.82476044 298.60934448 434.60592651 64 255 128
80.62680817 165.07969666 416.56054688 64 255 128
105.05054474 153.15669250 457.16351318 64 255 128
92.17000580 194.79850769 503.59512329 64 255 128
143.50575256 240.98225403 371.03811646 64 255 128
154.88807678 314.39328003 422.45196533 64 255 128
72.01460266 172.49116516 452.29528809 64 255 128
203.80101013 195.64299011 435.74499512 64 255 128
160.88520813 310.43362427 448.96527100 64 255 128
150.95552063 195.18647766 374.78094482 64 255 128
131.95391846 255.79550171 460.89770508 64 255 128
113.20634460 209.74369812 483.12683105 64 255 128
160.61750793 237.60452271 443.81793213 64 255 128
126.99119568 117.98352051 418.49594116 64 255 128
186.50401306 289.92449951 409.99176025 64 255 128
173.49223328 275.09805298 400.17016602 64 255 128
180.76223755 313.09646606 449.64077759 64 255 128
175.72300720 193.21000671 427.46200562 64 255 128
75.33200836 256.92886353 430.44454956 64 255 128
143.13470459 286.35137939 481.94961548 64 255 128
138.05299377 181.72364807 374.24816895 64 255 128
80.72969818 219.79478455 500.25790405 64 255 128
95.91580963 263.52142334 488.20437622 64 255 128
162.53517151 161.76596069 427.44680786 64 255 128
145.92927551 231.37698364 431.83886719 64 255 128
81.52481079 272.45437622 466.95535278 64 255 128
193.57000732 215.21499634 411.26000977 64 255 128
174.09999084 231.89300537 460.09698486 64 255 128
186.46800232 205.81599426 448.35498047 64 255 128
174.69200134 213.89498901 407.22799683 64 255 128
89.30214691 274.20178223 403.54177856 64 255 128
111.45848083 191.36549377 477.38201904 64 255 128
71.10713959 219.55935669 461.40341187 64 255 128
176.71577454 168.18461609 413.63327026 64 255 128
192.74299622 256.93399048 458.89999390 64 255 128
69.39991760 202.85618591 458.20397949 64 255 128
85.90852356 248.95158386 494.76290894 64 255 128
174.91284180 234.11421204 389.50390625 64 255 128
101.17697906 269.18609619 389.18164062 64 255 128
203.68200684 284.42999268 450.11801147 64 255 128
238.83099365 261.33401489 430.04400635 64 255 128
145.76721191 166.77572632 381.63998413 64 255 128
100.04374695 162.05007935 382.28259277 64 255 128
228.47799683 287.45300293 421.38699341 64 255 128
181.49546814 300.98010254 480.54199219 64 255 128
226.70700073 248.54199219 438.24600220 64 255 128
153.07360840 125.71078491 415.36352539 64 255 128
126.82342529 281.30413818 469.09182739 64 255 128
80.13717651 149.66059875 458.60699463 64 255 128
203.81100464 231.10699463 413.51501465 64 255 128
176.06799316 211.74499512 466.34701538 64 255 128
70.26300812 181.95909119 457.07730103 64 255 128
164.06864929 177.67088318 438.52835083 64 255 128
76.53614044 242.48765564 473.08193970 64 255 128
190.41510010 306.85116577 473.27966309 64 255 128
190.04699707 282.99298096 461.36502075 64 255 128
132.35920715 271.89520264 458.06927490 64 255 128
72.14172363 175.54002380 437.80969238 64 255 128
162.31585693 249.20857239 380.90023804 64 255 128
216.33100891 282.50698853 438.51400757 64 255 128
124.39248657 288.50451660 393.99240112 64 255 128
125.97870636 310.84991455 442.22293091 64 255 128
198.84700012 288.61401367 411.42498779 64 255 128
225.53199768 262.55999756 437.05200195 64 255 128
217.67700195 232.37399292 418.85800171 64 255 128
163.32518005 310.98309326 415.49249268 64 255 128
213.75100708 221.44799805 427.19598389 64 255 128
69.24188995 192.90435791 451.64587402 64 255 128
96.41257477 211.72938538 373.27551270 64 255 128
150.81719971 195.59823608 458.57119751 64 255 128
162.75334167 246.34913635 459.61270142 64 255 128
207.17799377 222.52101135 438.48101807 64 255 128
157.89884949 299.95169067 479.98236084 64 255 128
114.99859619 296.73831177 406.27514648 64 255 128
75.33802032 175.96856689 426.07763672 64 255 128
118.56133270 271.75241089 384.52947998 64 255 128
102.98143768 133.29617310 455.02758789 64 255 128
76.24343872 263.34088135 450.23480225 64 255 128
100.83937836 172.84107971 377.40243530 64 255 128
178.85231018 243.70425415 394.77297974 64 255 128
146.84312439 258.33343506 459.77978516 64 255 128
89.79262543 152.36909485 399.14880371 64 255 128
102.01760864 292.88061523 476.57989502 64 255 128
143.68959045 247.90927124 430.13586426 64 255 128
112.81104279 136.14727783 449.34902954 64 255 128
94.93258667 150.57093811 464.91918945 64 255 128
81.19246674 194.57537842 503.67431641 64 255 128
112.97219849 246.87033081 467.43536377 64 255 128
105.32827759 129.51628113 407.83419800 64 255 128
69.21427917 206.66575623 438.56784058 64 255 128
194.80299377 246.14199829 459.09100342 64 255 128
182.02243042 184.54475403 421.00036621 64 255 128
126.02752686 288.99447632 478.37191772 64 255 128
149.91551208 306.48867798 462.48596191 64 255 128
174.87800598 205.85000610 424.00100708 64 255 128
74.71042633 165.88967896 464.98538208 64 255 128
188.63200378 200.15100098 430.92999268 64 255 128
151.13798523 302.00622559 406.13186646 64 255 128
113.27199554 271.69299316 472.52511597 64 255 128
142.03379822 226.74914551 438.02276611 64 255 128
173.66493225 311.19619751 417.93978882 64 255 128
100.87573242 174.71733093 474.40979004 64 255 128
92.21068573 231.41882324 503.63403320 64 255 128
128.45352173 114.63601685 431.39804077 64 255 128
127.88722229 124.54274750 440.66778564 64 255 128
83.27545929 152.62252808 416.72970581 64 255 128
87.16879272 274.65176392 475.78302002 64 255 128
120.74865723 137.68630981 393.42938232 64 255 128
187.12699890 265.41000366 462.00900269 64 255 128
157.55229187 282.61099243 464.45989990 64 255 128
194.04399109 207.77400208 463.45202637 64 255 128
98.31533051 241.03465271 370.87402344 64 255 128
170.49436951 179.18698120 434.12524414 64 255 128
174.36058044 285.89147949 402.28967285 64 255 128
81.71826935 273.61441040 435.95956421 64 255 128
131.88087463 153.21194458 436.82583618 64 255 128
102.99881744 221.40348816 494.22238159 64 255 128
170.62933350 151.43054199 402.79623413 64 255 128
138.58659363 123.42188263 409.94848633 64 255 128
151.88508606 131.12583923 402.29913330 64 255 128
98.34444427 164.76380920 469.36209106 64 255 128
97.04376221 297.60375977 468.26797485 64 255 128
166.50906372 222.32040405 380.25131226 64 255 128
165.75190735 180.46336365 389.72482300 64 255 128
141.98345947 135.08480835 397.23510742 64 255 128
129.18493652 227.72753906 443.78842163 64 255 128
150.26991272 247.95231628 374.89483643 64 255 128
89.12852478 283.41204834 438.90484619 64 255 128
197.29901123 193.61999512 450.06900024 64 255 128
177.05085754 251.45515442 463.19067383 64 255 128
145.75640869 121.08773041 416.61651611 64 255 128
117.47447968 263.94714355 380.05715942 64 255 128
69.60578918 229.35787964 430.81253052 64 255 128
98.26635742 288.18484497 410.82656860 64 255 128
80.22852325 183.61523438 497.34707642 64 255 128
168.20288086 314.23358154 432.94866943 64 255 128
153.02021790 258.63110352 432.01818848 64 255 128
151.78790283 209.24296570 453.13073730 64 255 128
136.88394165 215.27070618 442.57736206 64 255 128
134.15289307 217.21536255 361.83694458 64 255 128
77.16976166 263.15557861 460.65194702 64 255 128
203.11500549 262.05700684 451.92300415 64 255 128
173.98600769 205.23500061 435.58200073 64 255 128
70.90029907 183.61978149 466.63140869 64 255 128
184.64300537 240.15100098 463.59899902 64 255 128
153.55334473 230.08724976 373.86804199 64 255 128
144.75482178 136.42317200 428.42626953 64 255 128
121.86459351 212.27497864 429.33425903 64 255 128
72.92199707 200.51927185 411.83544922 64 255 128
157.97148132 314.67828369 431.14190674 64 255 128
206.10700989 204.19000244 437.61300659 64 255 128
158.79867554 242.83120728 435.59332275 64 255 128
161.09001160 172.78698730 387.81387329 64 255 128
148.95042419 310.36486816 449.96905518 64 255 128
70.47454834 211.40170288 454.29922485 64 255 128
70.49388885 247.53935242 455.09979248 64 255 128
76.50021362 214.03851318 490.00915527 64 255 128
80.59423065 260.78033447 405.87542725 64 255 128
104.14809418 183.90211487 372.42071533 64 255 128
99.99256134 187.16494751 490.05258179 64 255 128
161.51989746 304.92562866 407.96255493 64 255 128
194.16075134 315.29797363 423.83297729 64 255 128
113.12886810 231.69869995 480.07434082 64 255 128
81.46607971 232.77673340 491.65075684 64 255 128
75.83790588 205.32167053 398.43084717 64 255 128
112.46379089 149.64022827 450.31631470 64 255 128
133.62252808 181.71986389 453.69024658 64 255 128
140.85917664 201.99075317 462.12252808 64 255 128
105.96248627 305.10815430 437.17962646 64 255 128
119.76814270 175.41450500 371.38821411 64 255 128
168.31217957 239.69920349 456.76181030 64 255 128
89.99135590 135.47583008 456.14724731 64 255 128
170.40185547 200.91029358 440.99951172 64 255 128
200.29499817 201.64201355 422.58599854 64 255 128
222.05700684 266.19000244 416.32101440 64 255 128
179.90501404 176.01271057 413.72360229 64 255 128
81.59048462 264.90872192 477.56619263 64 255 128
139.68690491 291.42581177 487.87664795 64 255 128
89.12832642 288.16485596 456.03918457 64 255 128
95.01176453 202.89398193 501.74401855 64 255 128
163.06602478 266.02572632 461.76577759 64 255 128
168.67131042 290.59515381 476.31600952 64 255 128
205.07901001 271.34698486 413.75799561 64 255 128
195.35499573 276.27398682 458.67098999 64 255 128
214.25700378 297.86599731 438.99499512 64 255 128
101.04999542 218.69981384 368.34548950 64 255 128
139.77633667 127.24156952 431.75448608 64 255 128
78.23929596 257.72372437 475.03530884 64 255 128
145.04527283 213.54878235 453.37713623 64 255 128
69.06311798 212.06060791 424.02050781 64 255 128
201.90995789 315.91857910 451.15588379 64 255 128
72.06545258 209.75689697 475.45727539 64 255 128
141.61309814 313.12066650 443.71759033 64 255 128
190.22000122 189.92799377 422.33499146 64 255 128
70.67403412 202.00657654 469.08389282 64 255 128
126.04444885 297.89178467 474.26443481 64 255 128
177.91041565 307.97167969 464.80618286 64 255 128
207.78100586 301.36801147 449.20901489 64 255 128
107.85770416 274.27337646 389.95312500 64 255 128
93.28411865 187.30450439 499.26290894 64 255 128
199.06599426 300.24700928 416.65200806 64 255 128
118.83918762 309.70504761 447.35928345 64 255 128
173.01293945 214.64295959 389.77877808 64 255 128
119.73587036 300.91674805 459.68975830 64 255 128
150.74327087 222.28544617 370.45870972 64 255 128
140.80316162 261.04382324 427.68804932 64 255 128
130.24002075 229.14375305 456.39852905 64 255 128
239.28399658 229.69900513 430.09201050 64 255 128
155.26203918 134.50086975 421.42913818 64 255 128
76.89524078 158.89059448 447.05233765 64 255 128
152.19920349 172.53276062 381.59140015 64 255 128
72.66378784 210.89230347 409.25234985 64 255 128
80.99285889 204.18362427 504.94378662 64 255 128
98.35130310 282.25231934 403.42999268 64 255 128
190.30499268 257.90499878 408.68197632 64 255 128
190.47200012 188.60499573 436.51501465 64 255 128
159.44216919 223.27362061 445.21328735 64 255 128
172.53440857 286.58770752 466.28533936 64 255 128
224.13499451 223.89799500 430.02600098 64 255 128
189.16799927 206.95100403 455.92199707 64 255 128
152.46499634 162.35191345 433.08758545 64 255 128
147.70606995 213.39913940 369.63562012 64 255 128
81.82971191 214.42907715 507.28439331 64 255 128
89.16400146 288.65744019 466.15783691 64 255 128
126.99425507 142.91612244 389.25100708 64 255 128
166.80546570 205.41625977 383.34365845 64 255 128
93.40223694 221.76387024 503.98153687 64 255 128
171.30700684 165.51696777 397.35827637 64 255 128
149.89315796 247.29806519 445.77395630 64 255 128
188.89300537 273.34402466 410.51199341 64 255 128
83.50891876 248.72557068 487.01025391 64 255 128
97.06890869 292.42306519 430.31463623 64 255 128
189.90699768 249.47099304 408.62597656 64 255 128
212.81900024 228.76599121 442.53601074 64 255 128
148.92213440 252.10624695 437.20391846 64 255 128
133.49288940 298.25094604 403.87329102 64 255 128
146.96221924 159.39982605 383.86593628 64 255 128
110.17832947 219.46867371 487.57577515 64 255 128
113.89694214 250.45054626 372.09829712 64 255 128
136.06887817 230.65228271 366.81045532 64 255 128
132.65359497 197.67176819 464.65707397 64 255 128
100.64365387 146.44355774 458.61047363 64 255 128
156.37605286 156.57667542 389.71722412 64 255 128
125.92655182 213.41316223 362.53515625 64 255 128
142.45768738 129.25778198 403.28030396 64 255 128
229.80400085 279.60699463 421.09799194 64 255 128
220.59400940 307.41699219 437.09298706 64 255 128
115.01482391 166.78321838 454.08712769 64 255 128
101.63746643 125.58050537 450.98587036 64 255 128
115.46509552 257.18978882 464.37316895 64 255 128
133.57385254 222.05642700 458.48486328 64 255 128
170.70597839 250.39682007 388.90917969 64 255 128
119.41704559 160.48704529 446.99536133 64 255 128
77.66178131 176.04191589 404.88000488 64 255 128
67.35872650 221.07496643 434.08139038 64 255 128
185.40293884 315.62496948 443.56942749 64 255 128
71.83734894 250.17735291 446.42309570 64 255 128
115.28416443 119.47892761 448.63900757 64 255 128
106.07704163 245.99700928 482.53106689 64 255 128
118.80754089 115.81789398 434.07797241 64 255 128
130.75599670 307.54449463 457.52404785 64 255 128
80.02243042 152.38980103 429.16702271 64 255 128
201.96438599 312.52331543 422.05065918 64 255 128
140.55549622 294.58129883 397.66549683 64 255 128
232.06500244 263.53500366 418.47000122 64 255 128
86.48585510 257.25708008 390.09118652 64 255 128
138.00929260 259.50732422 458.13629150 64 255 128
156.23855591 128.55171204 408.38870239 64 255 128
89.36086273 206.47775269 377.67495728 64 255 128
71.90661621 191.18284607 425.54214478 64 255 128
129.37258911 209.35842896 426.13406372 64 255 128
177.74580383 226.25642395 395.54421997 64 255 128
201.02999878 244.15199280 454.48300171 64 255 128
212.68099976 278.41101074 416.30899048 64 255 128
131.07852173 211.28976440 439.93630981 64 255 128
86.34574127 243.88986206 382.68527222 64 255 128
158.28245544 140.32769775 398.05804443 64 255 128
130.18391418 175.42259216 449.15383911 64 255 128
148.21342468 145.78544617 391.03332520 64 255 128
106.95395660 202.94676208 488.78955078 64 255 128
78.16772461 167.46414185 480.81008911 64 255 128
205.62901306 207.67900085 449.62701416 64 255 128
73.26068115 219.40322876 472.32034302 64 255 128
192.20800781 290.20800781 463.39199829 64 255 128
213.29699707 308.25601196 449.43801880 64 255 128
201.35200500 233.16600037 453.63500977 64 255 128
140.43351746 306.06643677 412.63946533 64 255 128
77.39965057 190.64334106 399.27087402 64 255 128
202.01200867 301.97702026 465.20999146 64 255 128
105.58101654 272.85702515 470.03756714 64 255 128
91.54891205 164.71553040 476.22113037 64 255 128
120.99903870 228.84159851 469.69412231 64 255 128
71.63506317 247.62017822 435.26745605 64 255 128
91.84960175 284.08010864 416.19122314 64 255 128
121.19966125 251.20451355 460.98733521 64 255 128
100.77960205 139.84086609 397.61944580 64 255 128
107.58863068 242.14674377 367.89120483 64 255 128
68.39747620 232.22543335 447.27346802 64 255 128
178.93177795 258.80499268 402.83218384 64 255 128
201.81300354 219.59799194 417.19799805 64 255 128
194.86978149 311.30999756 462.36788940 64 255 128
142.12117004 314.73095703 434.77667236 64 255 128
118.61606598 214.24087524 476.43081665 64 255 128
232.12100220 291.45498657 427.08798218 64 255 128
107.32324982 261.76132202 462.81652832 64 255 128
215.95700073 313.26998901 428.41601562 64 255 128
98.35695648 131.82014465 411.92761230 64 255 128
136.10708618 264.29275513 378.05368042 64 255 128
193.99888611 318.13742065 433.62377930 64 255 128
162.23725891 289.67477417 400.41674805 64 255 128
211.13200378 308.60900879 460.22201538 64 255 128
148.54081726 243.91941833 428.20059204 64 255 128
216.53500366 244.60600281 416.38601685 64 255 128
96.26377869 298.57772827 456.02215576 64 255 128
102.09329987 197.29850769 370.37387085 64 255 128
127.93875122 310.52178955 425.34390259 64 255 128
216.27900696 258.77099609 416.11901855 64 255 128
139.52642822 165.63363647 439.49505615 64 255 128
242.53399658 275.28598022 425.00000000 64 255 128
233.87600708 235.55099487 419.43698120 64 255 128
72.79512787 235.42863464 463.76684570 64 255 128
211.01300049 300.98199463 418.60699463 64 255 128
181.00500488 210.97900391 418.99298096 64 255 128
76.69542694 221.77642822 394.46472168 64 255 128
170.13378906 151.59208679 410.56207275 64 255 128
172.55499268 195.55799866 404.77099609 64 255 128
186.50401306 224.42599487 464.28201294 64 255 128
122.45700836 251.13427734 372.60079956 64 255 128
184.19499207 205.13400269 436.77499390 64 255 128
88.36791992 172.96156311 491.44821167 64 255 128
141.46353149 152.50512695 385.66790771 64 255 128
137.32388306 187.33564758 457.63333130 64 255 128
144.44927979 216.57568359 430.39559937 64 255 128
203.93000793 211.84199524 424.80200195 64 255 128
211.71699524 287.12298584 443.20700073 64 255 128
149.27790833 180.07994080 450.20770264 64 255 128
236.25099182 273.08700562 421.18200684 64 255 128
112.58225250 228.50613403 361.62930298 64 255 128
165.23701477 190.45343018 444.57379150 64 255 128
183.19050598 246.81584167 402.97399902 64 255 128
164.05787659 229.32214355 448.73263550 64 255 128
113.77881622 197.03903198 368.73114014 64 255 128
189.69105530 301.76525879 413.29708862 64 255 128
70.63235474 243.49098206 442.24783325 64 255 128
75.48258209 260.59579468 441.80831909 64 255 128
187.03599548 197.60900879 414.19299316 64 255 128
142.68505859 274.54736328 462.22879028 64 255 128
241.15901184 254.57298279 427.73800659 64 255 128
70.99939728 199.71569824 440.96081543 64 255 128
113.59119415 214.69042969 363.86569214 64 255 128
142.12840271 246.89605713 449.28787231 64 255 128
76.02911377 243.63858032 405.95510864 64 255 128
85.71768188 234.30186462 382.28173828 64 255 128
228.61700439 304.77899170 430.45101929 64 255 128
122.58041382 237.37928772 455.52670288 64 255 128
117.15309143 227.30162048 475.65127563 64 255 128
137.97117615 168.34330750 378.20858765 64 255 128
172.18011475 259.90872192 393.65783691 64 255 128
177.76911926 268.98950195 407.34646606 64 255 128
107.05889130 120.90663910 434.60330200 64 255 128
230.05799866 251.53700256 418.64599609 64 255 128
133.85894775 288.50085449 484.25457764 64 255 128
101.40750885 263.54605103 384.33728027 64 255 128
172.17835999 192.73460388 437.38412476 64 255 128
92.14010620 133.37681580 437.12210083 64 255 128
142.90603638 207.63731384 440.20581055 64 255 128
72.82510376 242.27639771 421.32546997 64 255 128
162.14865112 241.87820435 380.24118042 64 255 128
242.71299744 239.43800354 424.20001221 64 255 128
192.01100159 231.19999695 457.27600098 64 255 128
77.59954071 158.81642151 469.86016846 64 255 128
156.42419434 294.66494751 486.60830688 64 255 128
91.11779022 252.68095398 498.52029419 64 255 128
146.41584778 256.44387817 376.51361084 64 255 128
148.43656921 296.66110229 400.82232666 64 255 128
78.01417542 166.09907532 423.58248901 64 255 128
123.71269989 149.02877808 384.52609253 64 255 128
153.97900391 284.89541626 472.37356567 64 255 128
177.32183838 301.61309814 407.99157715 64 255 128
188.53778076 293.60159302 468.66571045 64 255 128
150.13995361 147.99006653 426.94619751 64 255 128
74.24234009 195.35505676 484.20056152 64 255 128
84.20545197 237.92471313 498.37304688 64 255 128
129.81195068 136.29524231 437.77716064 64 255 128
170.45800781 223.69599915 466.49301147 64 255 128
139.38500977 240.94969177 441.27319336 64 255 128
227.22099304 231.68798828 418.49700928 64 255 128
207.68499756 219.85000610 446.05700684 64 255 128
131.91093445 120.87987518 413.38870239 64 255 128
164.16455078 138.04493713 407.96133423 64 255 128
121.16437531 174.18309021 452.77319336 64 255 128
132.92288208 116.95359039 423.94503784 64 255 128
103.69409943 304.86648560 453.60345459 64 255 128
145.87393188 276.61587524 386.36233521 64 255 128
183.44796753 311.11975098 457.47357178 64 255 128
74.52057648 182.22280884 422.28970337 64 255 128
152.72920227 201.97697449 373.48498535 64 255 128
81.24640656 207.67597961 386.35556030 64 255 128
140.30921936 210.44262695 365.80340576 64 255 128
158.54533386 208.45437622 451.84481812 64 255 128
142.74635315 297.99386597 483.40280151 64 255 128
151.28311157 179.02500916 378.98107910 64 255 128
190.75299072 220.56800842 407.19799805 64 255 128
206.30400085 210.26899719 433.23001099 64 255 128
88.06512451 151.75173950 406.33016968 64 255 128
204.89900208 254.12300110 413.06600952 64 255 128
81.13807678 240.74923706 483.49328613 64 255 128
102.39961243 232.70173645 493.67227173 64 255 128
129.90312195 272.99572754 464.70745850 64 255 128
168.61482239 250.78538513 463.01144409 64 255 128
88.13922119 140.82820129 422.15417480 64 255 128
75.38710785 254.53883362 421.25949097 64 255 128
165.56234741 150.58274841 397.48895264 64 255 128
81.35128784 165.37023926 409.22225952 64 255 128
222.36099243 295.17001343 420.95300293 64 255 128
164.81893921 165.90924072 391.69689941 64 255 128
141.82235718 119.32364655 426.95993042 64 255 128
156.79457092 190.30769348 380.84524536 64 255 128
98.78325653 260.38610840 471.78134155 64 255 128
101.41844177 205.69352722 370.40707397 64 255 128
89.12672424 280.04315186 424.44790649 64 255 128
118.26689911 241.23362732 466.87612915 64 255 128
77.58518982 251.16645813 407.98712158 64 255 128
83.79858398 273.28033447 426.99267578 64 255 128
225.97200012 292.96899414 430.56198120 64 255 128
81.46083069 273.94909668 448.68029785 64 255 128
120.12062836 266.16604614 468.59906006 64 255 128
115.08473206 183.89851379 466.05450439 64 255 128
147.14604187 238.14283752 433.80841064 64 255 128
83.34098053 221.33609009 384.33023071 64 255 128
110.51717377 123.80954742 414.98681641 64 255 128
126.21163940 162.64552307 443.90911865 64 255 128
74.27162933 208.17344666 482.14855957 64 255 128
88.25432587 179.69985962 499.15145874 64 255 128
210.63800049 286.10400391 415.66101074 64 255 128
179.99197388 280.16738892 462.69479370 64 255 128
195.94499207 204.84399414 417.63897705 64 255 128
122.32925415 238.19358826 365.19848633 64 255 128
200.74699402 265.57998657 413.86999512 64 255 128
96.28554535 176.15664673 484.63973999 64 255 128
111.26001740 297.56637573 475.24688721 64 255 128
182.87860107 283.80847168 405.99682617 64 255 128
97.78610229 256.15451050 493.28503418 64 255 128
101.01261902 212.82061768 495.20605469 64 255 128
151.91241455 228.55790710 432.72567749 64 255 128
139.87783813 281.88964844 472.95257568 64 255 128
214.71099854 235.24099731 444.78198242 64 255 128
110.09461975 175.85006714 464.12023926 64 255 128
96.08049774 247.52030945 374.83038330 64 255 128
132.87730408 310.71588135 448.44824219 64 255 128
223.29100037 228.95100403 437.11999512 64 255 128
76.67567444 161.23835754 430.57498169 64 255 128
126.29576111 294.24096680 398.38735962 64 255 128
90.80816650 287.90927124 444.08956909 64 255 128
149.45040894 265.89550781 430.95544434 64 255 128
91.18244934 196.13723755 377.21188354 64 255 128
194.96800232 244.92399597 410.56698608 64 255 128
135.97778320 245.69667053 455.90509033 64 255 128
222.83000183 303.97799683 425.04000854 64 255 128
108.34169006 168.83428955 375.74618530 64 255 128
142.03570557 245.52342224 436.80673218 64 255 128
181.22799683 229.33801270 402.64999390 64 255 128
124.41323090 225.86895752 360.44979858 64 255 128
131.67143250 157.24020386 381.54779053 64 255 128
107.48638153 235.85778809 485.48748779 64 255 128
217.30999756 261.45498657 442.04901123 64 255 128
142.46397400 307.02261353 459.52993774 64 255 128
128.35252380 205.56842041 467.66891479 64 255 128
111.51921082 141.37400818 390.96057129 64 255 128
193.04600525 232.36599731 408.67599487 64 255 128
128.17796326 239.99241638 452.59619141 64 255 128
86.91044617 230.26208496 508.05883789 64 255 128
81.41891479 254.47494507 395.30633545 64 255 128
130.55574036 218.57028198 443.76797485 64 255 128
179.68167114 290.81423950 467.91134644 64 255 128
87.16550446 276.56967163 413.54067993 64 255 128
116.61007690 206.07836914 478.22180176 64 255 128
125.78276062 192.39309692 464.29272461 64 255 128
74.50901794 201.77035522 405.01660156 64 255 128
221.60099792 281.99499512 433.97598267 64 255 128
123.79938507 260.72589111 377.83908081 64 255 128
199.29299927 276.96899414 413.56597900 64 255 128
179.49064636 179.95556641 425.18273926 64 255 128
164.85633850 219.92320251 454.56997681 64 255 128
90.16201782 231.26132202 376.81375122 64 255 128
98.93527222 280.84436035 474.11886597 64 255 128
211.99899292 273.39898682 443.58200073 64 255 128
123.40179443 141.01396179 441.50469971 64 255 128
71.40412903 177.35781860 446.90023804 64 255 128
231.76799011 246.03900146 433.61999512 64 255 128
77.86478424 196.94880676 395.20187378 64 255 128
78.00057983 241.07318115 396.66790771 64 255 128
221.83999634 241.25300598 441.15100098 64 255 128
93.74501038 137.35183716 411.19348145 64 255 128
187.02542114 307.88085938 417.30892944 64 255 128
86.99982452 283.66146851 451.10165405 64 255 128
114.13852692 181.62986755 371.12084961 64 255 128
105.25210571 286.81927490 477.33572388 64 255 128
104.89160919 160.57746887 460.24557495 64 255 128
71.26943970 183.22717285 440.01119995 64 255 128
156.13052368 193.59846497 454.90148926 64 255 128
161.91069031 208.45747375 377.03323364 64 255 128
199.75799561 198.53300476 454.49899292 64 255 128
136.84759521 255.80769348 374.78152466 64 255 128
147.70129395 269.87969971 459.17517090 64 255 128
179.25425720 268.90798950 461.95117188 64 255 128
103.67832947 253.26338196 480.05249023 64 255 128
135.52468872 175.51080322 375.63583374 64 255 128
111.07580566 280.27642822 392.66781616 64 255 128
131.09422302 132.75866699 398.47006226 64 255 128
134.61782837 205.04962158 433.43225098 64 255 128
190.39300537 199.58799744 424.35501099 64 255 128
138.97866821 208.94221497 461.96017456 64 255 128
205.72898865 317.71099854 434.38299561 64 255 128
80.45841217 246.11700439 392.02600098 64 255 128
117.98960876 132.88517761 446.26220703 64 255 128
113.12210846 283.03005981 474.99252319 64 255 128
136.17732239 279.33920288 386.82360840 64 255 128
130.11489868 167.84866333 443.96789551 64 255 128
73.84053040 176.16349792 474.22607422 64 255 128
214.92999268 225.42900085 421.61398315 64 255 128
84.95991516 266.76635742 402.34555054 64 255 128
117.31244659 151.99859619 446.57608032 64 255 128
182.73286438 306.25445557 472.70617676 64 255 128
82.11470032 224.63757324 504.84484863 64 255 128
141.87963867 177.00898743 448.02133179 64 255 128
152.69169617 267.92913818 437.87554932 64 255 128
146.23892212 157.78344727 432.16796875 64 255 128
75.48432159 181.85391235 484.51205444 64 255 128
93.67623138 152.54928589 393.46881104 64 255 128
156.46075439 148.92126465 425.28903198 64 255 128
67.89189911 222.64027405 443.03488159 64 255 128
185.10958862 296.22555542 409.35424805 64 255 128
173.69699097 204.17800903 456.86401367 64 255 128
160.79098511 275.31991577 391.32543945 64 255 128
86.08264160 192.21972656 507.65908813 64 255 128
155.45358276 252.40748596 437.43579102 64 255 128
192.70571899 315.94686890 448.61715698 64 255 128
90.07569122 214.71678162 377.92187500 64 255 128
146.26893616 304.79241943 409.64807129 64 255 128
103.67843628 124.53732300 424.48504639 64 255 128
97.87144470 296.83383179 441.31396484 64 255 128
71.56749725 243.69438171 429.46990967 64 255 128
89.28473663 252.07522583 382.77258301 64 255 128
91.39044952 182.04858398 380.18862915 64 255 128
69.94633484 241.40354919 457.73037720 64 255 128
106.78223419 150.42930603 385.89517212 64 255 128
93.24824524 142.74838257 403.54202271 64 255 128
116.90405273 159.92512512 378.50183105 64 255 128
109.07328033 303.80993652 423.43170166 64 255 128
72.71420288 189.59077454 477.24884033 64 255 128
142.47790527 206.18003845 434.25912476 64 255 128
74.62187958 164.28265381 438.37643433 64 255 128
87.24047852 144.02148438 415.24697876 64 255 128
234.52999878 232.85899353 433.56399536 64 255 128
107.36548615 156.16719055 382.35943604 64 255 128
78.19990540 229.36993408 482.86676025 64 255 128
91.01268768 281.50106812 472.97918701 64 255 128
118.49761200 302.60922241 412.06896973 64 255 128
172.39160156 208.82203674 386.62402344 64 255 128
131.79406738 284.56433105 390.07937622 64 255 128
165.01695251 206.65382385 459.08651733 64 255 128
130.78065491 235.99034119 447.75921631 64 255 128
74.88813782 248.49703979 415.85205078 64 255 128
71.12748718 229.39012146 418.39212036 64 255 128
203.63600159 240.42900085 412.98199463 64 255 128
172.17799377 202.81100464 429.26400757 64 255 128
98.76522064 218.44122314 498.29129028 64 255 128
88.74140930 151.58836365 469.19708252 64 255 128
165.94097900 282.15948486 463.75973511 64 255 128
98.55114746 270.01733398 469.07385254 64 255 128
155.69500732 247.20933533 457.47689819 64 255 128
113.62747955 243.28549194 474.61148071 64 255 128
70.17388916 201.24858093 423.90255737 64 255 128
162.32618713 139.96507263 416.54669189 64 255 128
216.27398682 275.66799927 439.06997681 64 255 128
147.89968872 308.29910278 456.18594360 64 255 128
167.88815308 309.81375122 454.46533203 64 255 128
200.18400574 277.23397827 454.26498413 64 255 128
196.75085449 300.47076416 473.47439575 64 255 128
136.78414917 207.16407776 440.87167358 64 255 128
188.01184082 302.86444092 479.03164673 64 255 128
107.75498962 251.42922974 466.60943604 64 255 128
222.82800293 274.37799072 418.17797852 64 255 128
178.20100403 238.80799866 463.03399658 64 255 128
208.19200134 247.33599854 413.63201904 64 255 128
77.08199310 201.30554199 494.30996704 64 255 128
171.35700989 208.42900085 408.71499634 64 255 128
166.18019104 198.91470337 450.90124512 64 255 128
153.47242737 209.86787415 445.76382446 64 255 128
186.32014465 279.16311646 407.34667969 64 255 128
158.28999329 234.75267029 376.79757690 64 255 128
134.07841492 213.29168701 461.02560425 64 255 128
190.81201172 239.52600098 461.47702026 64 255 128
202.02999878 220.37600708 460.07098389 64 255 128
91.10129547 204.66378784 506.59854126 64 255 128
124.22722626 164.15426636 377.14886475 64 255 128
114.31764221 221.59841919 361.50497437 64 255 128
142.49221802 279.39859009 466.49618530 64 255 128
96.26215363 264.27447510 480.65072632 64 255 128
72.64080811 192.17317200 412.58843994 64 255 128
158.45118713 246.59315491 439.93997192 64 255 128
73.39705658 223.91046143 408.39270020 64 255 128
149.54287720 265.64245605 381.75372314 64 255 128
169.88946533 232.59449768 384.78640747 64 255 128
162.52375793 169.08677673 433.93054199 64 255 128
141.66966248 171.41683960 443.52301025 64 255 128
228.42698669 278.95901489 430.97698975 64 255 128
116.00844574 235.67076111 363.96826172 64 255 128
76.19953918 251.87770081 473.21340942 64 255 128
168.34436035 287.83947754 399.68502808 64 255 128
166.90785217 238.45019531 450.02352905 64 255 128
129.13638306 231.29753113 363.53002930 64 255 128
73.97409058 234.80160522 408.20602417 64 255 128
105.06264496 295.17779541 412.61434937 64 255 128
111.07409668 186.04968262 472.82220459 64 255 128
118.99842072 287.63427734 472.60260010 64 255 128
144.65162659 188.27027893 456.28405762 64 255 128
145.11814880 197.04580688 371.30822754 64 255 128
142.24951172 224.54589844 368.45587158 64 255 128
98.66471863 258.30548096 381.64993286 64 255 128
120.91439819 127.60662842 404.71139526 64 255 128
111.24516296 208.22657776 365.86672974 64 255 128
181.96299744 215.22100830 466.09100342 64 255 128
127.95932770 203.77432251 365.70730591 64 255 128
119.40647125 294.41735840 464.33816528 64 255 128
86.73715210 217.27082825 511.56460571 64 255 128
145.10853577 183.43728638 375.09332275 64 255 128
173.00143433 176.45082092 428.70223999 64 255 128
125.80502319 244.20910645 369.08935547 64 255 128
176.32273865 219.92819214 394.45520020 64 255 128
137.94667053 300.05065918 479.29519653 64 255 128
218.94900513 249.88800049 443.02301025 64 255 128
150.72120667 252.46569824 458.70019531 64 255 128
138.09381104 148.28842163 432.73431396 64 255 128
75.64733887 230.88191223 473.69189453 64 255 128
192.61900330 209.56500244 414.15701294 64 255 128
237.04199219 225.81900024 425.37899780 64 255 128
88.68220520 221.59915161 378.41024780 64 255 128
157.79849243 175.59060669 441.69937134 64 255 128
156.43472290 288.32208252 397.17315674 64 255 128
88.64956665 138.64788818 438.18115234 64 255 128
128.37922668 295.90960693 480.35589600 64 255 128
154.11633301 313.38986206 437.07748413 64 255 128
242.44999695 260.10000610 422.32800293 64 255 128
145.23307800 270.76272583 383.36755371 64 255 128
102.87596893 198.41078186 492.67230225 64 255 128
193.39700317 220.19799805 464.92800903 64 255 128
135.91838074 243.59526062 369.64169312 64 255 128
170.53681946 159.23799133 398.54919434 64 255 128
133.58567810 120.64792633 436.85858154 64 255 128
81.26099396 225.55731201 497.55319214 64 255 128
132.10626221 215.86936951 425.87667847 64 255 128
77.74820709 171.45118713 420.06356812 64 255 128
206.58999634 207.22000122 443.34701538 64 255 128
152.03657532 298.15985107 483.27362061 64 255 128
220.00599670 315.80599976 436.50299072 64 255 128
197.27000427 260.37200928 456.04800415 64 255 128
80.91053772 151.11088562 440.72579956 64 255 128
222.72300720 289.19799805 418.80899048 64 255 128
123.76700592 192.69992065 367.24441528 64 255 128
175.74987793 307.22512817 413.27526855 64 255 128
160.55540466 217.49636841 375.63964844 64 255 128
109.13576508 303.82226562 463.04425049 64 255 128
92.31994629 285.73132324 433.80123901 64 255 128
237.06401062 270.58999634 428.79199219 64 255 128
173.38900757 195.48800659 411.57800293 64 255 128
104.48633575 229.37524414 365.41995239 64 255 128
199.85604858 314.11257935 456.57278442 64 255 128
108.13323975 192.62821960 482.46356201 64 255 128
120.73264313 189.72657776 466.05755615 64 255 128
177.43524170 189.24220276 404.37698364 64 255 128
192.91099548 265.69198608 411.15600586 64 255 128
163.68930054 305.42648315 469.34628296 64 255 128
122.34646606 215.98486328 424.51760864 64 255 128
167.61984253 159.62908936 422.02066040 64 255 128
71.52101135 250.10997009 460.79742432 64 255 128
117.77779388 201.58712769 366.69781494 64 255 128
178.53199768 229.56399536 463.88900757 64 255 128
125.49478149 302.21759033 409.40545654 64 255 128
146.85453796 200.92086792 461.13345337 64 255 128
134.73707581 215.55497742 450.34530640 64 255 128
160.95004272 185.07069397 384.63607788 64 255 128
150.68156433 259.70346069 380.23550415 64 255 128
170.57633972 156.21369934 415.17919922 64 255 128
104.62502289 135.17407227 400.26855469 64 255 128
88.45312500 263.12597656 485.92462158 64 255 128
113.68865204 142.29862976 448.53073120 64 255 128
190.65699768 212.94300842 466.39099121 64 255 128
176.39891052 315.63830566 433.37701416 64 255 128
120.83560944 204.14125061 473.61782837 64 255 128
197.54800415 202.74400330 459.98699951 64 255 128
98.77452850 258.26199341 486.39535522 64 255 128
115.25296021 252.14732361 460.25524902 64 255 128
81.00376129 171.98469543 396.26443481 64 255 128
166.61311340 275.84045410 394.48889160 64 255 128
150.82902527 236.95504761 372.64691162 64 255 128
187.87300110 194.74600220 427.56100464 64 255 128
203.34100342 211.88000488 457.20199585 64 255 128
109.49526978 287.79461670 399.47097778 64 255 128
175.86900330 193.50199890 420.69500732 64 255 128
177.13229370 166.84873962 405.75875854 64 255 128
198.64900208 195.78100586 423.88299561 64 255 128
227.24800110 245.03399658 418.60198975 64 255 128
199.23973083 317.43060303 445.26644897 64 255 128
94.41316223 240.51904297 502.42407227 64 255 128
215.03079224 317.12231445 441.80203247 64 255 128
83.43604279 193.35327148 385.43188477 64 255 128
159.83091736 256.43075562 382.55413818 64 255 128
169.49752808 166.00427246 424.55490112 64 255 128
103.38446045 187.59477234 485.04507446 64 255 128
149.57814026 283.15057373 391.41339111 64 255 128
186.58000183 235.96000671 405.63800049 64 255 128
98.36619568 224.94082642 369.38116455 64 255 128
119.85348511 116.11714172 440.65597534 64 255 128
91.98999786 165.99136353 385.98178101 64 255 128
215.66400146 255.72898865 444.04901123 64 255 128
115.71689606 294.97210693 471.86569214 64 255 128
105.14765930 256.14379883 463.03869629 64 255 128
121.57752228 182.03118896 369.41717529 64 255 128
151.71141052 169.84005737 438.85949707 64 255 128
171.48995972 203.66767883 417.36611938 64 255 128
102.14772797 237.21264648 367.72503662 64 255 128
126.33316040 173.74496460 373.31930542 64 255 128
97.11052704 169.05288696 473.76538086 64 255 128
112.53279114 129.75129700 403.20175171 64 255 128
77.51442719 208.47865295 393.25436401 64 255 128
136.79219055 133.83540344 433.27114868 64 255 128
237.78100586 279.77899170 423.71099854 64 255 128
218.18199158 299.71701050 420.92401123 64 255 128
112.79241943 188.74415588 368.38150024 64 255 128
80.87005615 184.88478088 391.88665771 64 255 128
217.49200439 316.17501831 447.73300171 64 255 128
177.25799561 207.52400208 462.00601196 64 255 128
146.49319458 239.63601685 450.22314453 64 255 128
78.85673523 154.64385986 451.98052979 64 255 128
132.86070251 183.36596680 370.97741699 64 255 128
205.54701233 224.02900696 453.33499146 64 255 128
210.56599426 294.08200073 442.16098022 64 255 128
71.48074341 216.67088318 467.01168823 64 255 128
186.72799683 212.69300842 416.60299683 64 255 128
163.30223083 308.50692749 457.80014038 64 255 128
79.77062225 268.14093018 462.95083618 64 255 128
159.63580322 161.87844849 388.33322144 64 255 128
202.99099731 197.77700806 428.07098389 64 255 128
188.87100220 230.02700806 463.35299683 64 255 128
94.44996643 144.88793945 462.43658447 64 255 128
164.06758118 299.40802002 481.30523682 64 255 128
120.89934540 277.08465576 387.37521362 64 255 128
90.91355896 247.09812927 378.34317017 64 255 128
77.52278900 164.05775452 475.64999390 64 255 128
206.13198853 305.95300293 467.41299438 64 255 128
173.80076599 160.32444763 411.92239380 64 255 128
139.20327759 303.32183838 472.91708374 64 255 128
205.19499207 256.32000732 451.33599854 64 255 128
135.47189331 226.14297485 437.41873169 64 255 128
81.59601593 268.87197876 423.40817261 64 255 128
92.07263184 271.26132202 477.79940796 64 255 128
156.24110413 247.95431519 378.61938477 64 255 128
225.09400940 268.61199951 436.23199463 64 255 128
188.11300659 202.38499451 442.86297607 64 255 128
182.12907410 188.46211243 416.26446533 64 255 128
140.82469177 254.42424011 428.50357056 64 255 128
82.51336670 147.20074463 464.27743530 64 255 128
238.07699585 240.63999939 419.29800415 64 255 128
143.89006042 224.58439636 432.45986938 64 255 128
157.97828674 163.19769287 431.55557251 64 255 128
206.07400513 218.39300537 424.83898926 64 255 128
100.56782532 242.15760803 495.66204834 64 255 128
76.99069214 261.81857300 427.03784180 64 255 128
170.63619995 270.04330444 394.19210815 64 255 128
109.45868683 308.11386108 441.70092773 64 255 128
110.89550018 254.64880371 375.36581421 64 255 128
204.34199524 225.62300110 416.11001587 64 255 128
76.84374237 263.20764160 436.31860352 64 255 128
143.70942688 141.07987976 392.95837402 64 255 128
132.43772888 221.31956482 431.70025635 64 255 128
156.73452759 311.72802734 417.13339233 64 255 128
83.77185059 278.59335327 464.06521606 64 255 128
87.88323975 136.95274353 450.62332153 64 255 128
171.90000916 218.47799683 463.73800659 64 255 128
139.57559204 289.82131958 393.88858032 64 255 128
70.83768463 214.22373962 418.50936890 64 255 128
163.16824341 299.85198975 405.22845459 64 255 128
115.45121765 303.86926270 417.19100952 64 255 128
200.89801025 192.87200928 445.23999023 64 255 128
182.05395508 295.09005737 475.39370728 64 255 128
83.96685791 145.88961792 430.38793945 64 255 128
122.84867096 243.49804688 455.72003174 64 255 128
125.20955658 305.45858765 458.70257568 64 255 128
142.14183044 253.14363098 436.12927246 64 255 128
79.16171265 199.86399841 501.05242920 64 255 128
183.99000549 220.57199097 404.83401489 64 255 128
136.39456177 307.21322632 459.96667480 64 255 128
168.04154968 312.73318481 419.91531372 64 255 128
124.29647064 216.83076477 470.08261108 64 255 128
210.41400146 220.20300293 432.07699585 64 255 128
97.18137360 131.11488342 417.88888550 64 255 128
133.18043518 305.48043823 466.86105347 64 255 128
177.47799683 206.49301147 448.10699463 64 255 128
73.69800568 172.33320618 468.46313477 64 255 128
179.68099976 217.08399963 408.38000488 64 255 128
184.45700073 259.04800415 463.16702271 64 255 128
100.99678040 190.83346558 372.19326782 64 255 128
163.72839355 199.87779236 455.60253906 64 255 128
79.75586700 255.83145142 402.57220459 64 255 128
82.15989685 158.50942993 416.72476196 64 255 128
233.71400452 260.93399048 433.66699219 64 255 128
142.73588562 217.26734924 442.43527222 64 255 128
127.63768768 217.41108704 436.89770508 64 255 128
128.24310303 219.04319763 361.10836792 64 255 128
69.78540802 209.75196838 443.75711060 64 255 128
79.02788544 233.67387390 390.99588013 64 255 128
96.95259094 299.47900391 461.95779419 64 255 128
140.27958679 312.99017334 423.90975952 64 255 128
70.30358124 212.88389587 460.19290161 64 255 128
84.82566833 155.64569092 473.36096191 64 255 128
87.81860352 165.94512939 390.55209351 64 255 128
82.34850311 276.16864014 455.17025757 64 255 128
122.30501556 300.90914917 465.12634277 64 255 128
180.42900085 190.52499390 423.58300781 64 255 128
133.18222046 274.82522583 384.03637695 64 255 128
116.27143097 286.18621826 395.16549683 64 255 128
75.47915649 237.10137939 470.79898071 64 255 128
199.44979858 318.11267090 436.59979248 64 255 128
107.97779846 217.94741821 364.50872803 64 255 128
88.40841675 165.40954590 481.48837280 64 255 128
190.53900146 272.10299683 461.23599243 64 255 128
124.40473938 231.75006104 465.79650879 64 255 128
169.02760315 288.11016846 470.01480103 64 255 128
87.06154633 237.44540405 503.58218384 64 255 128
198.61698914 294.40499878 414.02398682 64 255 128
103.14365387 166.14031982 464.11444092 64 255 128
216.97500610 237.45199585 415.84899902 64 255 128
207.10299683 273.00097656 447.25100708 64 255 128
158.58216858 156.96363831 426.80975342 64 255 128
147.99755859 303.27490234 472.33526611 64 255 128
113.63959503 117.66750336 431.85919189 64 255 128
126.80332184 126.90523529 405.04110718 64 255 128
154.85592651 277.83355713 460.87759399 64 255 128
94.73538971 132.85206604 458.58065796 64 255 128
148.71617126 131.76509094 426.10281372 64 255 128
73.45865631 179.33294678 433.37969971 64 255 128
83.88030243 165.67588806 395.90274048 64 255 128
158.50862122 269.22396851 386.79287720 64 255 128
182.62399292 246.89300537 464.22698975 64 255 128
156.54577637 243.80593872 445.19192505 64 255 128
75.02214050 180.33673096 414.70889282 64 255 128
177.07316589 274.42785645 461.12429810 64 255 128
192.95999146 288.40197754 411.00000000 64 255 128
83.67881775 207.74746704 510.28781128 64 255 128
211.78099060 239.41198730 448.18801880 64 255 128
126.39561462 233.15815735 458.50936890 64 255 128
106.02951813 138.65669250 395.06066895 64 255 128
76.04045868 222.46116638 482.33920288 64 255 128
96.49314117 290.41952515 421.01660156 64 255 128
71.38339996 223.69013977 415.25286865 64 255 128
120.89190674 304.33465576 445.47320557 64 255 128
97.51599884 158.19078064 386.06069946 64 255 128
88.20032501 262.03784180 393.07711792 64 255 128
122.87861633 148.47068787 441.84698486 64 255 128
120.74105072 311.73483276 439.49121094 64 255 128
207.40699768 249.27799988 450.83499146 64 255 128
189.46748352 316.33865356 426.07876587 64 255 128
91.68532562 132.16630554 448.04956055 64 255 128
118.67575073 179.39424133 458.45043945 64 255 128
77.88584900 182.60449219 492.02893066 64 255 128
82.41143799 269.76312256 474.37393188 64 255 128
84.84167480 278.08529663 438.05136108 64 255 128
104.46103668 227.22137451 492.97967529 64 255 128
136.95158386 266.82476807 456.88977051 64 255 128
88.10757446 176.13946533 385.32708740 64 255 128
83.31890869 144.32518005 449.73892212 64 255 128
135.12336731 269.96362305 381.39978027 64 255 128
157.38015747 186.72926331 450.29476929 64 255 128
84.89799500 254.13322449 488.74060059 64 255 128
150.81445312 208.31394958 373.29342651 64 255 128
127.27838898 157.09080505 441.24069214 64 255 128
145.00326538 251.97422791 455.88104248 64 255 128
102.52733612 167.46276855 378.60415649 64 255 128
138.14405823 233.15100098 436.30877686 64 255 128
186.69099426 193.89698792 436.13299561 64 255 128
172.61724854 302.99139404 476.90548706 64 255 128
210.70399475 299.79397583 443.34500122 64 255 128
158.47308350 260.93508911 460.30108643 64 255 128
198.25500488 230.85899353 411.05499268 64 255 128
153.11613464 260.43377686 436.89389038 64 255 128
170.76414490 306.18170166 468.52853394 64 255 128
167.21182251 174.31738281 434.11364746 64 255 128
165.84280396 186.44381714 388.85217285 64 255 128
127.93101501 253.90466309 373.60015869 64 255 128
76.66704559 219.06469727 487.05029297 64 255 128
73.60507965 256.05148315 460.27066040 64 255 128
135.80538940 153.92068481 383.73443604 64 255 128
151.37788391 127.43486786 421.33731079 64 255 128
195.26199341 190.63999939 444.98199463 64 255 128
71.05442810 187.30122375 471.18594360 64 255 128
131.79379272 312.77838135 432.89929199 64 255 128
120.79718781 118.87153625 446.95031738 64 255 128
105.58936310 127.69545746 454.68795776 64 255 128
137.94067383 194.28433228 369.50677490 64 255 128
190.36898804 196.59399414 446.46499634 64 255 128
91.76387787 213.95587158 506.55889893 64 255 128
183.39100647 208.61299133 458.70397949 64 255 128
214.32099915 310.28698730 455.13900757 64 255 128
83.33174133 162.77813721 401.57476807 64 255 128
122.62522888 218.52529907 429.67855835 64 255 128
216.92700195 309.69198608 445.18200684 64 255 128
70.42927551 224.73014832 456.03521729 64 255 128
154.79606628 218.00781250 371.63632202 64 255 128
142.28411865 161.73643494 435.42358398 64 255 128
96.09078979 197.07543945 373.43109131 64 255 128
74.55377197 200.68811035 486.45358276 64 255 128
140.34399414 210.87858582 444.74923706 64 255 128
152.85740662 289.86105347 484.21261597 64 255 128
109.39613342 132.15556335 451.71389771 64 255 128
212.51100159 246.76300049 447.80700684 64 255 128
107.47409058 267.86627197 467.79772949 64 255 128
121.53307343 309.54693604 426.88485718 64 255 128
109.23632812 155.44772339 454.09826660 64 255 128
167.31855774 200.28593445 384.46664429 64 255 128
149.92013550 285.91870117 476.63082886 64 255 128
79.06193542 219.03454590 494.79421997 64 255 128
102.14787292 301.29641724 466.01293945 64 255 128
135.07296753 250.90330505 458.45776367 64 255 128
72.13539886 190.81198120 433.99172974 64 255 128
210.90899658 232.21200562 415.86898804 64 255 128
165.48773193 232.89958191 441.33004761 64 255 128
74.08689880 165.12211609 448.48309326 64 255 128
217.93901062 253.29499817 416.07498169 64 255 128
74.01461029 258.59378052 448.09671021 64 255 128
91.25753784 283.18890381 428.79519653 64 255 128
94.66405487 276.64700317 401.36111450 64 255 128
197.60200500 229.33100891 455.63400269 64 255 128
174.65631104 280.33511353 403.24084473 64 255 128
163.86727905 290.12350464 478.99209595 64 255 128
99.21572876 125.66333771 444.80496216 64 255 128
172.22473145 201.78675842 396.80126953 64 255 128
142.66899109 142.01956177 429.30645752 64 255 128
70.30083466 196.89579773 466.50549316 64 255 128
136.84553528 197.31863403 462.07257080 64 255 128
221.45399475 309.26300049 426.67199707 64 255 128
132.69689941 142.82351685 390.15991211 64 255 128
189.75999451 187.91000366 427.64401245 64 255 128
100.42395020 252.94232178 376.87829590 64 255 128
199.57701111 209.89300537 461.41299438 64 255 128
236.73500061 251.44699097 418.77899170 64 255 128
77.12901306 228.41268921 395.56661987 64 255 128
146.68530273 132.56031799 400.48428345 64 255 128
69.64865112 191.01725769 466.45025635 64 255 128
113.26288605 119.73545837 421.96127319 64 255 128
115.53252411 135.38220215 395.37100220 64 255 128
97.81072235 147.90792847 393.00537109 64 255 128
174.78799438 193.08599854 433.95599365 64 255 128
119.52198792 123.49088287 411.33883667 64 255 128
84.61948395 143.90724182 443.63983154 64 255 128
108.84652710 121.23307800 445.77212524 64 255 128
162.97891235 254.19360352 462.41812134 64 255 128
73.17929077 169.84933472 457.24197388 64 255 128
80.21156311 263.08035278 413.89276123 64 255 128
169.39567566 194.07353210 441.67712402 64 255 128
97.09942627 264.90615845 387.91079712 64 255 128
197.45999146 250.32699585 411.15399170 64 255 128
242.03201294 253.41900635 421.16998291 64 255 128
160.00006104 291.11886597 483.20205688 64 255 128
148.55061340 314.44812012 423.15405273 64 255 128
243.65499878 231.55599976 426.99899292 64 255 128
73.14508057 234.31465149 414.60351562 64 255 128
99.70278168 296.09896851 425.18682861 64 255 128
93.21800232 293.72500610 469.86621094 64 255 128
156.91241455 268.81280518 459.55084229 64 255 128
211.73155212 316.92001343 447.40295410 64 255 128
178.20361328 233.04290771 394.81781006 64 255 128
68.55567169 224.96856689 448.19219971 64 255 128
91.33119202 147.89723206 402.52761841 64 255 128
187.54420471 314.06051636 450.80236816 64 255 128
161.40365601 229.25218201 375.67584229 64 255 128
177.83862305 178.88520813 403.44995117 64 255 128
229.69799805 230.28900146 435.26901245 64 255 128
73.75537872 187.67604065 409.39062500 64 255 128
171.49583435 261.92202759 462.35568237 64 255 128
70.04444885 195.78355408 446.82785034 64 255 128
207.98001099 225.77999878 442.97900391 64 255 128
124.57012939 307.79888916 421.58581543 64 255 128
105.08419800 176.86946106 373.55932617 64 255 128
172.20935059 211.80899048 398.86523438 64 255 128
124.94847870 263.17868042 466.16818237 64 255 128
165.74783325 184.43859863 441.94204712 64 255 128
163.85148621 148.85379028 420.16574097 64 255 128
174.76130676 240.87991333 390.10623169 64 255 128
166.37620544 264.66271973 389.23031616 64 255 128
172.19651794 184.93096924 435.43289185 64 255 128
137.49494934 225.31668091 364.95510864 64 255 128
85.61257935 153.35028076 411.57998657 64 255 128
160.98283386 282.59609985 395.63644409 64 255 128
198.05599976 216.04100037 415.07299805 64 255 128
137.47232056 205.68011475 430.03659058 64 255 128
117.96317291 299.04522705 454.67187500 64 255 128
129.57009888 250.51388550 459.93707275 64 255 128
191.59799194 203.93299866 414.24899292 64 255 128
157.36059570 217.28808594 442.69619751 64 255 128
112.32009888 239.50514221 365.84582520 64 255 128
166.56935120 252.72685242 385.35137939 64 255 128
111.37328339 276.44766235 474.89190674 64 255 128
212.32000732 294.29199219 415.96902466 64 255 128
93.18445587 247.14843750 501.22784424 64 255 128
85.67552948 243.91104126 497.15725708 64 255 128
125.00759888 286.66510010 473.38549805 64 255 128
181.03900146 261.75698853 408.82098389 64 255 128
71.46413422 229.10133362 460.41049194 64 255 128
180.70887756 250.72773743 400.12872314 64 255 128
166.44766235 236.60675049 381.72085571 64 255 128
74.43322754 229.46250916 403.21697998 64 255 128
81.36970520 253.21334839 482.56835938 64 255 128
100.19142914 124.83052826 438.64340210 64 255 128
169.17744446 216.66181946 384.31961060 64 255 128
135.35629272 188.33038330 371.76458740 64 255 128
165.49861145 311.27053833 446.62161255 64 255 128
171.36813354 201.25971985 422.42108154 64 255 128
82.58033752 230.18177795 386.26110840 64 255 128
129.43969727 301.87481689 471.17864990 64 255 128
144.84948730 238.40849304 439.33212280 64 255 128
151.70156860 159.08909607 386.96975708 64 255 128
101.96500397 273.59887695 392.44692993 64 255 128
69.92907715 235.80857849 454.54656982 64 255 128
131.27088928 162.24066162 379.40823364 64 255 128
95.07347870 176.59355164 379.37384033 64 255 128
87.62880707 286.27993774 461.10211182 64 255 128
69.47747803 215.06141663 447.75381470 64 255 128
184.41751099 241.39888000 401.64840698 64 255 128
104.74150085 175.97561646 470.92242432 64 255 128
124.50011444 186.81938171 461.14562988 64 255 128
170.26286316 180.44717407 393.97595215 64 255 128
100.84721375 248.12651062 491.58276367 64 255 128
78.81220245 171.08647156 410.82537842 64 255 128
209.03100586 305.22201538 452.94400024 64 255 128
117.81047821 193.45780945 367.29467773 64 255 128
181.00566101 315.67007446 427.03088379 64 255 128
147.78283691 153.07635498 429.34133911 64 255 128
73.71734619 207.21087646 405.26837158 64 255 128
148.07478333 249.65647888 427.16006470 64 255 128
68.99496460 206.60157776 424.59521484 64 255 128
79.60974121 189.04132080 498.95083618 64 255 128
179.59078979 187.62152100 428.71676636 64 255 128
101.23251343 192.21025085 492.04306030 64 255 128
172.08155823 308.25186157 463.26107788 64 255 128
171.91049194 292.16619873 402.70587158 64 255 128
94.26037598 237.56410217 372.38674927 64 255 128
188.61900330 244.53599548 461.90301514 64 255 128
97.37402344 198.90242004 498.83666992 64 255 128
197.42100525 188.98400879 434.16400146 64 255 128
160.41497803 301.73416138 475.45672607 64 255 128
152.16494751 143.25959778 393.74295044 64 255 128
196.96099854 293.11999512 461.06600952 64 255 128
105.37438202 181.27545166 475.27661133 64 255 128
86.90089417 156.13360596 403.26409912 64 255 128
79.93445587 234.23246765 484.72308350 64 255 128
95.39958191 156.70460510 467.49160767 64 255 128
131.35491943 228.42645264 438.51516724 64 255 128
73.80632019 249.05731201 468.44943237 64 255 128
148.18693542 190.43640137 374.91900635 64 255 128
155.34149170 310.55844116 447.09020996 64 255 128
204.97399902 279.24099731 448.95800781 64 255 128
84.11560822 187.49249268 386.34936523 64 255 128
148.43374634 259.95233154 427.16180420 64 255 128
203.12400818 202.41999817 452.66601562 64 255 128
195.36946106 309.18835449 467.47729492 64 255 128
208.24717712 314.38284302 456.32208252 64 255 128
154.19148254 180.96945190 448.82192993 64 255 128
207.61099243 214.22000122 447.08898926 64 255 128
92.88056946 182.35626221 496.91879272 64 255 128
108.68880463 122.59652710 420.04214478 64 255 128
145.99375916 121.48149872 422.08447266 64 255 128
91.97155762 140.07255554 461.89633179 64 255 128
91.78520203 171.48715210 484.44268799 64 255 128
145.42811584 286.56896973 393.29022217 64 255 128
126.59770203 154.14297485 381.89276123 64 255 128
106.11054230 303.06683350 429.27087402 64 255 128
113.29238892 305.03140259 452.48150635 64 255 128
119.94818878 138.22474670 444.40026855 64 255 128
203.78999329 296.47698975 453.08700562 64 255 128
183.36900330 220.45500183 466.40200806 64 255 128
196.60000610 281.78900146 411.02297974 64 255 128
168.38745117 302.50210571 406.88745117 64 255 128
234.33599854 283.43099976 428.49002075 64 255 128
99.27494049 129.48834229 455.84960938 64 255 128
114.90557098 267.92056274 382.97314453 64 255 128
124.43334961 207.21183777 363.40441895 64 255 128
217.08500671 284.20300293 416.75799561 64 255 128
94.39730835 292.84124756 444.48785400 64 255 128
113.96772766 171.69754028 373.50930786 64 255 128
75.89775848 216.77983093 396.42852783 64 255 128
168.03919983 193.11108398 389.03341675 64 255 128
96.92975616 186.07539368 494.25524902 64 255 128
109.51401520 247.35438538 370.88812256 64 255 128
136.47084045 137.79229736 394.38912964 64 255 128
75.79730988 188.91281128 404.45129395 64 255 128
77.98834229 185.32539368 399.03466797 64 255 128
141.96846008 210.63400269 430.51470947 64 255 128
206.82301331 217.28999329 437.25399780 64 255 128
103.22682953 142.22837830 456.27191162 64 255 128
143.12521362 211.80712891 458.51568604 64 255 128
197.97821045 308.45068359 418.52447510 64 255 128
210.34399414 270.27499390 413.83297729 64 255 128
174.62898254 167.58729553 418.63101196 64 255 128
157.03854370 312.14929199 442.13821411 64 255 128
172.16398621 208.07200623 466.02401733 64 255 128
134.38485718 157.72369385 437.25930786 64 255 128
226.18399048 253.86801147 437.81701660 64 255 128
118.93661499 227.50082397 360.17590332 64 255 128
107.35222626 149.33392334 454.03723145 64 255 128
209.30899048 306.78701782 421.10400391 64 255 128
86.50955200 273.76385498 409.01773071 64 255 128
101.28091431 213.17144775 369.14053345 64 255 128
176.54017639 284.08612061 463.75302124 64 255 128
204.88299561 315.69000244 427.72900391 64 255 128
75.74555969 192.12413025 490.59188843 64 255 128
113.39964294 260.53881836 378.71481323 64 255 128
129.35194397 198.34700012 366.08200073 64 255 128
217.93598938 229.95700073 440.15698242 64 255 128
96.01828003 130.36761475 430.37402344 64 255 128
161.52340698 241.31358337 447.83102417 64 255 128
166.29624939 247.12812805 384.39068604 64 255 128
202.39500427 289.62100220 450.15200806 64 255 128
132.55096436 186.34706116 457.64541626 64 255 128
77.44381714 209.71980286 494.95614624 64 255 128
129.40660095 265.76287842 378.83319092 64 255 128
204.89700317 290.03900146 413.47799683 64 255 128
153.03875732 294.06515503 400.25454712 64 255 128
128.25473022 227.56118774 448.48114014 64 255 128
169.98100281 229.47000122 462.47000122 64 255 128
117.44577026 274.77236938 471.58813477 64 255 128
83.53321075 144.00413513 460.06161499 64 255 128
232.08000183 258.20300293 418.47802734 64 255 128
107.10337067 305.23077393 458.27539062 64 255 128
190.40800476 191.77400208 440.86700439 64 255 128
137.25801086 216.72253418 427.27548218 64 255 128
191.33900452 262.07501221 458.91699219 64 255 128
79.94273376 172.98095703 488.93124390 64 255 128
103.49263000 288.07427979 404.59051514 64 255 128
245.47599792 235.27799988 422.35800171 64 255 128
82.75823212 188.81181335 503.96789551 64 255 128
210.24600220 227.19999695 418.56198120 64 255 128
179.34700012 213.66900635 414.71401978 64 255 128
177.81999207 206.15899658 432.01800537 64 255 128
196.15499878 220.01298523 412.03399658 64 255 128
77.53143311 156.34695435 457.31655884 64 255 128
113.99028778 277.02182007 389.60745239 64 255 128
173.07167053 203.20936584 390.43579102 64 255 128
200.42500305 266.60601807 453.16201782 64 255 128
134.50065613 166.75486755 441.77920532 64 255 128
100.29929352 280.05606079 398.99288940 64 255 128
162.70576477 145.03976440 397.79699707 64 255 128
167.37438965 226.73800659 382.85565186 64 255 128
218.35200500 223.68901062 430.43301392 64 255 128
90.04952240 287.87701416 449.88940430 64 255 128
195.17494202 301.79260254 415.97619629 64 255 128
98.06404114 293.32675171 473.06961060 64 255 128
190.52439880 317.31317139 437.43469238 64 255 128
81.15003204 215.08242798 385.59957886 64 255 128
125.39416504 120.88150024 443.51510620 64 255 128
115.35995483 193.18949890 474.81127930 64 255 128
198.78399658 224.83299255 461.45700073 64 255 128
133.63642883 124.46310425 408.51699829 64 255 128
89.27038574 225.47569275 507.73031616 64 255 128
120.51560974 303.39901733 453.34326172 64 255 128
112.64182281 146.37756348 386.83618164 64 255 128
170.61439514 293.46084595 480.79791260 64 255 128
181.49005127 316.01260376 437.07467651 64 255 128
137.70571899 273.53173828 461.25830078 64 255 128
143.27140808 231.97476196 435.84902954 64 255 128
156.92697144 302.19262695 406.45584106 64 255 128
162.88407898 314.52203369 429.03112793 64 255 128
137.77255249 206.22619629 367.36093140 64 255 128
158.51249695 237.06214905 435.86193848 64 255 128
141.29620361 256.56124878 455.61535645 64 255 128
83.50777435 163.59317017 481.52606201 64 255 128
182.68899536 272.89398193 408.75000000 64 255 128
228.71099854 273.69100952 432.88000488 64 255 128
190.56098938 201.28999329 419.39498901 64 255 128
72.78051758 221.72744751 467.38491821 64 255 128
181.50477600 187.70941162 409.91061401 64 255 128
176.59660339 256.74481201 462.36975098 64 255 128
119.59982300 209.15805054 475.40820312 64 255 128
106.86166382 251.54307556 471.60205078 64 255 128
93.85700989 267.20870972 484.21823120 64 255 128
161.37588501 264.33584595 385.56066895 64 255 128
78.61374664 154.55303955 466.49197388 64 255 128
153.28933716 151.14968872 390.43481445 64 255 128
234.46400452 267.40399170 421.04299927 64 255 128
112.45680237 272.00054932 386.53930664 64 255 128
137.78083801 192.32124329 459.88018799 64 255 128
69.47383118 187.40461731 462.62905884 64 255 128
123.97423553 114.41027069 434.09133911 64 255 128
180.64314270 310.44326782 418.20114136 64 255 128
71.98638916 190.68908691 419.82400513 64 255 128
225.50000000 234.71800232 438.64501953 64 255 128
142.63838196 250.54455566 425.79794312 64 255 128
104.09488678 305.49841309 447.66183472 64 255 128
179.93434143 177.03958130 407.98733521 64 255 128
128.32299805 258.71670532 463.27233887 64 255 128
124.53937531 281.51855469 389.08773804 64 255 128
150.91052246 301.46231079 478.66049194 64 255 128
81.07949066 209.32931519 505.89001465 64 255 128
68.63389587 233.34504700 440.88751221 64 255 128
165.11775208 246.17057800 437.47274780 64 255 128
227.79800415 224.07600403 424.94799805 64 255 128
127.09204865 219.92515564 467.02966309 64 255 128
135.35310364 250.06866455 372.23046875 64 255 128
107.74822998 263.76446533 382.20849609 64 255 128
203.05200195 299.21200562 457.61001587 64 255 128
165.26466370 274.75637817 461.67807007 64 255 128
107.86907959 197.41316223 485.78002930 64 255 128
208.07200623 277.20498657 414.25100708 64 255 128
173.50700378 204.96800232 440.88101196 64 255 128
187.93299866 200.51200867 436.05801392 64 255 128
191.65199280 238.98500061 408.76000977 64 255 128
195.90299988 252.87800598 458.22097778 64 255 128
232.22200012 284.26400757 423.03100586 64 255 128
197.45761108 313.03042603 421.21798706 64 255 128
97.07833099 289.71392822 415.89682007 64 255 128
168.22357178 309.58111572 415.65472412 64 255 128
196.01799011 287.60400391 460.77099609 64 255 128
80.99632263 148.48857117 453.58682251 64 255 128
171.81893921 282.81173706 398.46609497 64 255 128
108.04510498 208.08802795 488.66003418 64 255 128
194.30700684 259.84500122 411.33599854 64 255 128
157.08531189 224.68728638 438.91412354 64 255 128
185.17300415 188.63398743 424.42398071 64 255 128
143.19351196 284.13973999 476.30068970 64 255 128
202.64401245 227.39500427 450.68600464 64 255 128
113.64009857 179.17158508 463.01528931 64 255 128
161.08404541 195.02832031 381.37765503 64 255 128
150.16720581 309.81979370 416.67950439 64 255 128
205.58700562 265.81500244 449.38598633 64 255 128
140.02772522 309.72592163 418.47546387 64 255 128
203.91300964 260.93399048 413.78399658 64 255 128
156.38261414 307.20837402 461.02508545 64 255 128
83.94564819 275.72750854 471.80099487 64 255 128
202.49900818 197.72000122 449.71798706 64 255 128
80.84132385 154.32173157 422.06671143 64 255 128
159.47962952 251.05517578 459.97491455 64 255 128
98.58965302 300.48849487 451.77270508 64 255 128
159.27095032 247.46162415 433.09402466 64 255 128
172.16635132 228.54463196 387.85473633 64 255 128
131.66781616 140.69636536 436.20034790 64 255 128
178.25956726 296.10263062 478.58950806 64 255 128
213.49699402 310.26101685 425.03298950 64 255 128
141.63331604 214.35853577 448.37942505 64 255 128
223.02700806 254.73200989 416.02001953 64 255 128
99.54636383 152.87730408 462.68847656 64 255 128
178.92196655 264.08575439 403.64379883 64 255 128
159.96440125 152.22679138 392.59378052 64 255 128
146.61216736 209.88237000 438.88113403 64 255 128
94.87682343 186.03666687 376.05972290 64 255 128
219.43299866 277.75201416 416.31500244 64 255 128
179.19400024 235.02899170 459.33898926 64 255 128
87.55773926 159.53323364 475.41345215 64 255 128
134.37612915 237.14776611 444.59680176 64 255 128
144.77020264 257.49630737 434.67871094 64 255 128
71.86082458 204.69831848 474.61019897 64 255 128
155.62158203 198.66999817 376.30017090 64 255 128
151.10993958 167.66255188 382.41021729 64 255 128
77.92867279 178.01202393 489.66839600 64 255 128
76.04618835 163.94818115 470.71420288 64 255 128
181.56254578 288.21621704 407.41244507 64 255 128
69.86889648 227.01229858 426.21636963 64 255 128
202.38900757 238.68901062 453.78598022 64 255 128
215.51100159 265.85800171 416.33901978 64 255 128
117.70133972 164.99490356 450.21286011 64 255 128
90.72765350 288.05935669 471.55007935 64 255 128
72.96429443 170.57460022 436.91641235 64 255 128
71.06732941 197.54623413 436.25650024 64 255 128
239.09600830 246.95500183 419.34399414 64 255 128
147.50444031 304.84515381 467.35092163 64 255 128
160.92948914 173.60304260 437.86740112 64 255 128
71.91094208 251.05261230 451.61419678 64 255 128
153.05978394 315.62478638 429.18276978 64 255 128
123.48538971 209.00935364 426.12704468 64 255 128
121.69143677 268.59558105 381.97732544 64 255 128
129.63876343 282.18215942 474.05023193 64 255 128
150.56634521 216.86712646 435.64492798 64 255 128
238.17999268 243.41299438 429.24200439 64 255 128
121.42008209 197.70954895 471.55426025 64 255 128
113.70610046 306.39468384 425.89541626 64 255 128
190.77032471 312.77120972 420.59298706 64 255 128
170.17216492 231.44184875 455.31262207 64 255 128
214.16200256 289.96597290 439.77902222 64 255 128
136.14944458 153.63412476 434.51666260 64 255 128
128.28817749 129.55828857 439.95706177 64 255 128
136.49838257 301.54815674 406.70581055 64 255 128
165.34887695 293.82449341 401.84140015 64 255 128
108.99766541 180.77868652 371.15847778 64 255 128
130.23606873 117.21469116 438.41879272 64 255 128
172.25230408 169.74156189 422.95541382 64 255 128
125.29160309 211.58917236 434.32962036 64 255 128
107.40690613 146.12673950 388.41961670 64 255 128
195.15078735 305.37649536 475.96603394 64 255 128
78.64427185 175.34368896 399.23809814 64 255 128
171.79548645 196.33602905 425.36776733 64 255 128
69.32665253 239.35888672 444.98669434 64 255 128
95.58857727 128.73965454 437.15679932 64 255 128
119.32191467 310.23550415 431.92871094 64 255 128
101.42398071 180.35084534 480.18658447 64 255 128
174.07958984 173.15190125 399.86785889 64 255 128
113.43029022 247.25228882 462.63018799 64 255 128
82.09098053 178.73541260 497.37710571 64 255 128
113.90057373 308.15655518 448.00103760 64 255 128
208.08500671 286.28900146 446.58499146 64 255 128
93.41502380 230.28930664 372.89355469 64 255 128
174.98315430 248.36238098 391.26614380 64 255 128
114.69062805 130.08506775 448.67971802 64 255 128
144.99479675 250.10496521 447.40185547 64 255 128
82.75088501 219.33961487 507.92300415 64 255 128
211.21299744 259.55200195 414.27600098 64 255 128
106.76142120 124.11881256 451.14523315 64 255 128
101.99599457 297.52233887 420.05764771 64 255 128
134.84786987 260.52206421 461.41314697 64 255 128
93.27380371 271.35128784 396.87792969 64 255 128
128.55104065 198.37263489 466.31756592 64 255 128
147.15373230 281.06280518 467.02792358 64 255 128
141.22062683 134.08866882 430.82794189 64 255 128
80.87561798 272.61865234 443.86062622 64 255 128
232.81300354 224.10299683 427.45199585 64 255 128
139.87287903 268.15100098 380.41317749 64 255 128
74.06762695 185.92720032 481.95843506 64 255 128
117.27006531 117.47324371 423.88183594 64 255 128
218.21499634 302.15298462 436.67401123 64 255 128
182.90600586 253.05101013 463.91000366 64 255 128
71.13323975 177.36204529 453.14837646 64 255 128
101.08885956 276.82699585 471.95581055 64 255 128
168.20252991 150.50379944 415.07595825 64 255 128
138.29171753 222.61557007 439.11120605 64 255 128
234.02899170 238.34500122 432.60198975 64 255 128
114.98312378 214.15493774 481.46334839 64 255 128
144.18913269 128.00675964 428.66186523 64 255 128
144.58197021 264.54400635 431.14703369 64 255 128
168.69795227 312.82913208 442.08413696 64 255 128
165.45164490 313.11489868 437.44900513 64 255 128
70.44578552 190.43058777 444.15951538 64 255 128
84.81356812 271.94906616 413.43972778 64 255 128
208.75199890 258.16699219 448.35800171 64 255 128
117.02180481 154.53192139 381.30807495 64 255 128
110.87326813 296.78643799 409.19577026 64 255 128
189.85499573 204.35200500 451.72198486 64 255 128
126.31849670 267.98916626 466.91656494 64 255 128
111.23879242 205.60549927 485.11337280 64 255 128
177.99862671 303.88751221 477.87661743 64 255 128
174.02600098 227.33900452 464.44699097 64 255 128
126.01360321 307.98825073 446.73361206 64 255 128
194.52099609 192.43499756 422.19097900 64 255 128
180.18228149 298.08688354 406.59329224 64 255 128
127.10918427 239.63168335 366.45434570 64 255 128
68.19574738 218.12052917 430.14001465 64 255 128
97.63909912 209.90451050 497.80636597 64 255 128
75.03207397 238.54280090 405.00201416 64 255 128
113.09960938 292.12045288 402.02694702 64 255 128
127.90528107 213.58917236 466.67834473 64 255 128
144.24122620 293.76431274 488.78552246 64 255 128
131.95787048 225.68890381 452.99725342 64 255 128
145.48417664 178.41052246 377.87490845 64 255 128
153.26554871 245.00015259 429.54318237 64 255 128
82.05804443 176.63853455 393.27542114 64 255 128
88.73029327 196.42150879 507.23010254 64 255 128
72.99337769 194.47467041 478.17443848 64 255 128
166.54391479 175.02461243 391.31506348 64 255 128
117.78620911 170.92538452 453.17224121 64 255 128
137.99310303 214.77508545 365.24850464 64 255 128
106.34075165 297.37655640 475.82119751 64 255 128
83.10137177 244.27751160 386.51748657 64 255 128
206.94500732 299.39898682 416.28302002 64 255 128
69.09011078 204.42164612 429.11383057 64 255 128
142.81452942 236.15310669 370.97772217 64 255 128
105.29710388 278.56878662 394.90579224 64 255 128
107.08381653 221.62692261 490.60671997 64 255 128
107.58528137 241.46087646 484.00997925 64 255 128
203.28399658 194.84899902 440.58999634 64 255 128
88.20359039 253.30696106 494.40426636 64 255 128
84.71788788 147.47731018 417.74560547 64 255 128
148.25428772 243.48152161 374.15106201 64 255 128
151.47157288 124.46606445 410.53759766 64 255 128
137.20927429 296.92935181 400.37695312 64 255 128
209.44699097 233.07499695 447.83999634 64 255 128
163.72047424 241.43580627 452.76522827 64 255 128
122.51025391 169.10305786 374.63870239 64 255 128
76.58503723 171.00813293 424.94018555 64 255 128
155.65383911 206.05990601 374.06695557 64 255 128
223.42900085 229.35099792 420.58102417 64 255 128
152.46907043 260.27087402 461.64785767 64 255 128
103.48435211 255.05006409 474.49902344 64 255 128
137.31695557 237.93399048 369.50921631 64 255 128
222.94700623 261.36401367 416.10800171 64 255 128
88.90435791 279.92456055 416.65710449 64 255 128
69.88507080 188.66667175 448.77047729 64 255 128
133.65882874 170.79373169 375.43090820 64 255 128
157.69049072 202.94329834 377.70785522 64 255 128
101.12720490 286.75979614 474.69650269 64 255 128
69.12034607 199.28726196 454.81539917 64 255 128
150.75373840 127.65709686 406.07815552 64 255 128
136.08941650 149.20983887 386.44769287 64 255 128
193.41099548 253.91998291 410.99398804 64 255 128
185.60800171 206.79100037 422.39599609 64 255 128
134.86747742 176.38224792 448.34692383 64 255 128
174.59971619 313.78466797 442.51190186 64 255 128
131.32518005 226.45321655 460.41696167 64 255 128
128.17683411 290.69149780 482.46325684 64 255 128
79.39263916 153.28137207 435.42538452 64 255 128
187.29299927 191.00601196 417.74600220 64 255 128
207.46801758 316.71475220 449.68432617 64 255 128
146.20037842 248.30476379 438.01852417 64 255 128
124.45753479 187.47633362 369.78411865 64 255 128
171.66522217 184.98577881 394.64843750 64 255 128
102.53168488 243.36317444 369.68276978 64 255 128
86.12122345 176.17018127 496.43081665 64 255 128
71.97914124 182.51315308 471.46783447 64 255 128
75.65173340 246.20251465 410.11926270 64 255 128
99.89551544 183.42948914 486.85867310 64 255 128
161.63002014 278.50482178 461.74789429 64 255 128
104.69680786 160.60566711 380.74777222 64 255 128
102.48549652 284.58657837 401.34231567 64 255 128
87.20063782 140.16995239 461.00427246 64 255 128
201.42700195 282.01998901 453.69299316 64 255 128
176.03660583 313.24600220 422.24160767 64 255 128
131.62254333 306.32427979 415.61804199 64 255 128
138.49452209 287.26467896 483.10607910 64 255 128
97.48028564 166.09228516 381.85980225 64 255 128
133.11544800 299.60104370 479.19894409 64 255 128
118.01873779 221.93058777 476.48052979 64 255 128
181.26699829 223.95199585 463.58901978 64 255 128
178.04251099 310.96151733 454.28372192 64 255 128
93.58089447 294.52310181 455.78872681 64 255 128
120.71078491 233.72828674 469.81787109 64 255 128
126.70114899 133.78257751 396.73776245 64 255 128
159.52998352 314.95303345 424.44204712 64 255 128
179.72999573 193.04299927 416.06799316 64 255 128
199.39199829 272.49801636 454.92102051 64 255 128
72.75241089 219.20198059 407.50729370 64 255 128
90.22244263 225.90895081 376.76028442 64 255 128
71.74017334 249.54710388 440.92236328 64 255 128
240.49099731 265.12200928 427.46499634 64 255 128
127.90048218 129.75828552 401.21197510 64 255 128
170.39903259 314.37783813 437.79223633 64 255 128
75.56265259 179.79757690 409.84924316 64 255 128
193.05999756 227.13699341 409.43597412 64 255 128
167.53755188 243.93644714 459.89819336 64 255 128
147.35989380 227.24711609 430.72482300 64 255 128
87.48930359 266.88394165 398.16430664 64 255 128
187.18299866 235.41900635 460.85101318 64 255 128
206.05500793 244.26800537 452.05599976 64 255 128
122.12022400 284.55572510 391.96942139 64 255 128
168.87907410 147.54299927 407.98794556 64 255 128
79.57073212 223.19223022 388.82086182 64 255 128
144.90452576 262.51980591 458.58209229 64 255 128
174.44479370 166.76385498 401.43356323 64 255 128
123.79058838 120.99498749 413.97766113 64 255 128
143.62028503 162.34164429 381.63604736 64 255 128
102.13479614 223.16020203 366.76269531 64 255 128
92.11045074 276.83786011 474.96978760 64 255 128
125.82180023 254.43208313 462.15695190 64 255 128
126.62482452 273.93859863 383.94049072 64 255 128
71.44864655 239.95228577 426.45913696 64 255 128
72.99404907 250.96467590 431.96951294 64 255 128
156.78056335 129.45249939 413.83529663 64 255 128
119.45590973 213.17788696 362.15380859 64 255 128
189.83444214 295.21563721 412.04464722 64 255 128
113.34691620 163.67660522 377.10891724 64 255 128
210.41500854 305.14599609 447.17300415 64 255 128
117.77680206 130.05963135 401.25924683 64 255 128
75.21604156 161.58299255 443.40802002 64 255 128
114.55017090 226.42687988 480.96301270 64 255 128
214.57800293 268.77401733 442.56298828 64 255 128
110.63210297 228.48405457 484.84967041 64 255 128
121.93099213 297.07351685 469.18136597 64 255 128
79.37011719 241.66520691 479.04895020 64 255 128
154.67211914 265.32940674 435.21679688 64 255 128
74.41641998 217.92111206 401.33398438 64 255 128
174.98263550 270.26696777 399.56628418 64 255 128
111.38966370 215.08680725 486.02706909 64 255 128
69.03996277 194.07499695 456.34359741 64 255 128
159.34655762 309.52224731 453.67092896 64 255 128
204.03799438 206.12600708 425.45501709 64 255 128
82.88020325 253.10182190 390.91247559 64 255 128
82.67207336 233.52690125 497.20260620 64 255 128
89.87719727 256.04226685 386.14135742 64 255 128
205.74499512 200.16899109 435.05297852 64 255 128
148.32928467 212.14646912 450.58410645 64 255 128
81.77901459 272.24087524 431.35586548 64 255 128
75.43114471 173.73968506 478.28805542 64 255 128
134.56123352 267.44232178 460.43658447 64 255 128
137.60597229 243.04261780 452.07867432 64 255 128
187.52400208 194.83900452 421.12100220 64 255 128
143.51803589 153.36602783 431.15817261 64 255 128
144.35763550 122.26300812 412.18515015 64 255 128
148.83802795 227.37649536 369.74694824 64 255 128
127.49370575 140.75885010 438.48477173 64 255 128
129.73745728 222.45179749 463.53588867 64 255 128
157.92094421 140.54756165 421.57781982 64 255 128
113.75112915 195.98634338 478.19113159 64 255 128
