ply
format ascii 1.0
element vertex 4096
property float x
property float y
property float z
property uchar red
property uchar green
property uchar blue
end_header
288.30426025 234.93060303 344.58859253 255 64 64
291.91439819 234.24836731 356.67016602 255 64 64
294.35284424 233.20239258 334.39584351 255 64 64
299.04827881 230.40107727 346.88153076 255 64 64
273.77337646 233.26094055 340.55548096 255 64 64
276.94400024 235.86177063 349.69747925 255 64 64
285.09161377 232.75785828 333.28314209 255 64 64
287.69403076 232.87541199 342.43365479 255 64 64
116.46920776 151.17161560 430.96517944 255 64 64
108.47154236 158.43225098 434.86828613 255 64 64
119.33485413 143.47174072 421.95715332 255 64 64
110.89902496 151.06526184 424.80899048 255 64 64
172.84143066 118.17066956 357.88421631 255 64 64
171.37803650 118.85464478 368.57046509 255 64 64
182.30888367 121.65728760 352.47943115 255 64 64
180.77767944 120.99311829 361.82989502 255 64 64
94.82849884 174.77052307 437.59158325 255 64 64
92.77989197 185.61415100 441.85522461 255 64 64
91.14978790 174.42169189 428.88989258 255 64 64
89.67867279 184.36770630 432.99398804 255 64 64
276.34008789 248.89068604 352.41470337 255 64 64
278.21026611 256.27468872 359.70407104 255 64 64
289.70532227 241.53326416 346.12930298 255 64 64
288.62930298 248.22067261 354.30563354 255 64 64
103.57851410 158.60639954 430.42904663 255 64 64
97.60153961 167.43786621 434.42044067 255 64 64
101.94441986 154.22364807 420.26818848 255 64 64
96.25459290 162.76582336 423.86608887 255 64 64
159.32554626 118.47698212 371.70343018 255 64 64
152.46345520 120.15547943 377.54107666 255 64 64
168.82914734 117.45879364 362.11688232 255 64 64
160.64643860 117.98722839 366.67724609 255 64 64
130.94277954 131.49205017 398.66827393 255 64 64
123.37850952 136.08590698 402.32559204 255 64 64
134.88844299 126.03088379 387.99908447 255 64 64
125.93786621 129.98397827 390.69534302 255 64 64
146.55828857 122.60858917 382.40808105 255 64 64
138.09002686 126.12846375 384.82095337 255 64 64
152.82455444 118.22795105 371.83670044 255 64 64
142.27230835 120.84314728 372.98159790 255 64 64
126.02918243 139.90994263 415.00970459 255 64 64
118.84511566 145.99114990 420.36877441 255 64 64
132.38052368 132.74183655 404.31497192 255 64 64
124.51473236 139.34414673 408.82534790 255 64 64
152.18453979 118.36371613 365.39886475 255 64 64
142.40441895 121.07834625 364.98623657 255 64 64
158.68795776 117.48139191 355.74157715 255 64 64
146.84886169 119.01139832 353.95434570 255 64 64
133.79684448 125.91092682 373.00805664 255 64 64
125.16319275 131.98788452 373.37338257 255 64 64
139.03041077 123.09393311 362.75588989 255 64 64
129.28433228 128.31155396 362.31732178 255 64 64
112.49687958 143.35957336 409.07812500 255 64 64
105.94347382 151.21472168 412.33074951 255 64 64
114.69517517 139.26184082 397.75802612 255 64 64
107.51004028 146.46611023 400.52478027 255 64 64
95.60879517 163.13005066 413.31082153 255 64 64
91.21008301 172.69534302 418.24926758 255 64 64
96.42557526 159.83526611 401.85885620 255 64 64
91.74503326 168.97090149 406.60745239 255 64 64
270.56457520 268.13903809 378.30157471 255 64 64
268.92782593 272.84750366 386.69699097 255 64 64
282.09844971 262.43005371 369.46585083 255 64 64
278.67602539 266.85003662 378.57171631 255 64 64
119.86915588 136.01559448 391.11691284 255 64 64
112.37134552 143.53361511 393.15887451 255 64 64
123.66934204 132.14651489 379.95422363 255 64 64
115.19309998 138.75521851 381.36099243 255 64 64
88.76771545 191.45056152 427.68981934 255 64 64
91.16435242 202.08575439 432.52191162 255 64 64
87.46250916 198.31663513 418.64566040 255 64 64
90.50736237 208.50514221 423.48468018 255 64 64
172.27383423 121.14074707 351.87585449 255 64 64
163.34292603 120.70735931 352.00213623 255 64 64
179.10800171 126.98212433 343.81787109 255 64 64
168.58341980 126.24510193 343.41314697 255 64 64
251.84768677 287.30633545 394.70538330 255 64 64
248.84005737 287.38824463 403.85165405 255 64 64
264.05902100 282.26580811 391.41165161 255 64 64
258.57232666 284.41052246 398.60424805 255 64 64
150.30961609 123.05356598 348.21868896 255 64 64
140.82940674 126.49723816 345.75451660 255 64 64
158.12222290 126.27961731 341.46002197 255 64 64
147.86990356 128.88311768 338.47048950 255 64 64
107.97109985 147.17700195 387.00354004 255 64 64
101.07737732 155.01512146 389.86148071 255 64 64
111.97471619 143.11648560 375.69937134 255 64 64
104.47478485 150.35266113 378.09283447 255 64 64
88.55732727 181.66743469 416.82940674 255 64 64
87.41612244 191.65812683 422.81329346 255 64 64
88.92211151 181.98861694 405.08816528 255 64 64
87.41510773 191.21357727 411.04385376 255 64 64
124.12220764 134.23065186 358.57507324 255 64 64
116.95195770 141.37750244 359.15521240 255 64 64
131.12200928 131.71224976 349.03384399 255 64 64
123.07543945 138.12739563 349.31533813 255 64 64
150.88775635 128.30233765 383.64428711 255 64 64
144.88418579 135.11947632 390.72732544 255 64 64
162.89700317 128.87451172 375.46145630 255 64 64
157.60388184 134.30908203 381.97869873 255 64 64
264.56765747 256.17019653 359.85964966 255 64 64
265.83642578 266.56716919 365.50482178 255 64 64
276.27804565 251.74916077 354.92385864 255 64 64
273.97259521 260.48171997 362.13027954 255 64 64
188.03262329 124.74024963 346.48345947 255 64 64
190.35720825 126.33845520 355.95730591 255 64 64
195.17388916 133.21623230 341.41049194 255 64 64
197.53701782 134.02316284 350.42913818 255 64 64
258.29223633 229.72653198 347.98553467 255 64 64
261.14300537 231.09422302 354.15179443 255 64 64
272.27777100 232.37045288 343.69369507 255 64 64
272.18499756 231.30879211 351.67858887 255 64 64
235.39999390 293.92495728 393.44952393 255 64 64
233.51437378 294.31076050 404.09323120 255 64 64
247.44061279 292.05902100 394.31976318 255 64 64
241.59219360 294.21936035 400.30844116 255 64 64
97.13867188 164.01849365 396.67071533 255 64 64
92.37516785 173.38171387 401.08792114 255 64 64
99.98304749 160.09197998 384.90911865 255 64 64
94.56761169 169.14889526 389.18872070 255 64 64
227.76248169 292.31039429 415.06457520 255 64 64
223.54776001 289.67205811 422.45178223 255 64 64
239.16445923 290.27343750 414.89535522 255 64 64
232.56452942 290.18859863 419.73223877 255 64 64
88.08515167 205.90362549 409.58877563 255 64 64
91.30760956 215.74754333 416.02838135 255 64 64
89.43582153 212.91220093 398.87384033 255 64 64
91.78087616 221.16723633 405.51443481 255 64 64
91.69483185 179.48576355 397.81497192 255 64 64
89.67520905 189.92951965 403.31015015 255 64 64
93.45841217 175.07429504 385.85250854 255 64 64
90.48800659 185.59887695 391.51147461 255 64 64
100.91913605 157.86747742 377.88296509 255 64 64
96.35664368 167.10308838 381.21603394 255 64 64
105.94851685 153.01783752 366.44165039 255 64 64
100.35227966 162.00244141 369.65240479 255 64 64
235.69131470 282.59588623 370.85357666 255 64 64
233.74720764 290.63714600 379.67651367 255 64 64
247.97602844 281.88067627 372.66567993 255 64 64
241.39837646 287.22073364 377.17126465 255 64 64
176.91697693 126.53318024 368.81326294 255 64 64
172.03317261 133.75447083 375.92181396 255 64 64
187.53727722 132.11026001 364.38476562 255 64 64
182.83015442 137.72351074 370.89776611 255 64 64
216.39695740 294.01919556 389.06072998 255 64 64
213.65626526 297.03027344 400.30853271 255 64 64
228.08050537 295.48550415 389.91104126 255 64 64
221.14802551 297.07791138 395.60803223 255 64 64
161.95169067 131.77996826 337.86004639 255 64 64
152.66716003 136.00958252 333.18057251 255 64 64
170.11073303 138.04089355 333.72775269 255 64 64
160.60287476 141.98548889 329.01635742 255 64 64
251.65588379 261.64941406 386.01223755 255 64 64
250.09887695 270.39791870 393.03411865 255 64 64
262.98660278 262.61508179 378.59844971 255 64 64
257.61941528 267.13397217 386.05691528 255 64 64
114.77986145 171.07772827 429.31097412 255 64 64
109.02143860 181.14712524 433.20077515 255 64 64
122.10537720 174.83035278 420.72412109 255 64 64
116.88775635 185.46554565 425.33233643 255 64 64
139.07023621 135.93005371 342.04650879 255 64 64
131.48416138 142.23460388 339.86068726 255 64 64
147.71983337 138.87814331 336.02563477 255 64 64
139.55413818 144.60624695 333.61785889 255 64 64
90.15956116 194.73001099 396.23538208 255 64 64
90.09136200 205.33541870 402.13897705 255 64 64
92.08160400 193.74731445 383.89617920 255 64 64
90.30499268 204.11448669 390.11135864 255 64 64
193.23057556 293.52505493 404.85424805 255 64 64
190.18040466 293.01489258 415.06402588 255 64 64
203.74185181 295.07873535 406.60839844 255 64 64
197.12112427 294.92199707 412.00534058 255 64 64
248.15625000 262.16644287 354.97171021 255 64 64
249.31973267 274.25225830 359.87237549 255 64 64
261.29071045 259.23458862 355.85681152 255 64 64
257.07345581 268.53399658 360.15768433 255 64 64
185.11099243 287.49444580 424.20834351 255 64 64
181.07228088 283.57592773 430.66601562 255 64 64
194.88200378 286.89105225 427.97021484 255 64 64
188.83843994 285.29843140 431.57711792 255 64 64
103.51274109 188.42526245 428.80657959 255 64 64
97.80377197 197.50346375 431.39877319 255 64 64
109.63116455 192.16380310 420.14953613 255 64 64
104.41354370 201.99922180 423.31988525 255 64 64
128.20944214 150.68728638 412.16769409 255 64 64
124.02848053 159.26348877 419.67825317 255 64 64
136.81330872 154.23306274 404.70285034 255 64 64
133.03569031 162.48596191 411.87521362 255 64 64
114.82260132 151.28985596 352.89465332 255 64 64
109.91659546 160.53820801 353.76995850 255 64 64
121.91520691 148.01422119 343.26397705 255 64 64
116.20623779 156.65423584 344.03854370 255 64 64
253.10119629 241.07891846 374.90399170 255 64 64
253.53085327 251.66729736 381.45046997 255 64 64
263.13125610 242.91294861 365.45779419 255 64 64
259.67428589 248.12631226 374.05102539 255 64 64
195.88473511 141.59992981 340.61248779 255 64 64
199.19732666 142.56028748 346.64474487 255 64 64
198.23590088 151.24670410 336.28076172 255 64 64
202.70587158 153.02636719 342.35983276 255 64 64
207.58462524 273.64981079 418.81665039 255 64 64
203.47306824 279.46780396 424.73937988 255 64 64
218.08927917 276.27166748 416.28402710 255 64 64
210.80743408 277.54263306 420.70159912 255 64 64
179.43414307 131.21714783 337.59225464 255 64 64
170.68139648 133.72332764 334.80795288 255 64 64
185.84078979 141.11532593 333.75347900 255 64 64
177.27946472 143.85865784 331.04684448 255 64 64
196.05809021 138.93199158 362.77832031 255 64 64
193.36857605 147.26785278 370.08895874 255 64 64
203.27192688 144.49632263 357.70959473 255 64 64
200.19622803 151.49002075 364.72882080 255 64 64
228.52931213 259.95779419 400.30474854 255 64 64
228.31236267 271.24597168 407.11233521 255 64 64
238.27328491 262.90081787 394.03955078 255 64 64
233.46763611 268.01712036 400.95828247 255 64 64
211.97296143 282.95495605 369.61892700 255 64 64
209.76934814 290.09967041 378.42910767 255 64 64
223.76206970 284.54437256 370.23025513 255 64 64
217.29972839 287.88397217 374.77786255 255 64 64
173.90437317 289.53009033 400.37200928 255 64 64
171.05839539 289.03326416 411.41772461 255 64 64
183.59202576 291.66082764 402.55804443 255 64 64
177.27375793 291.14077759 408.96096802 255 64 64
164.65768433 135.04278564 380.63879395 255 64 64
158.58447266 143.12127686 384.60198975 255 64 64
174.25807190 138.89910889 374.88729858 255 64 64
167.73445129 145.90344238 378.84783936 255 64 64
146.30099487 141.56137085 392.67974854 255 64 64
141.07272339 149.63986206 397.69107056 255 64 64
155.61953735 146.31744385 386.19549561 255 64 64
149.92333984 153.58764648 391.15679932 255 64 64
92.64895630 204.74798584 383.12295532 255 64 64
92.76194000 215.46826172 389.27539062 255 64 64
98.44021606 208.20230103 370.56970215 255 64 64
95.89733887 218.00369263 377.04864502 255 64 64
98.46247864 173.99452209 371.56506348 255 64 64
95.28149414 184.66374207 374.74499512 255 64 64
103.41634369 169.92337036 360.16839600 255 64 64
99.12079620 180.30757141 363.03884888 255 64 64
163.23605347 282.73168945 416.30950928 255 64 64
160.91970825 279.15960693 424.88146973 255 64 64
172.25109863 283.75613403 420.24688721 255 64 64
167.16149902 281.96755981 425.38476562 255 64 64
178.54080200 146.57646179 379.62860107 255 64 64
175.08595276 155.67805481 384.88876343 255 64 64
186.93621826 150.73907471 375.21499634 255 64 64
182.23545837 158.88987732 380.97503662 255 64 64
157.77935791 143.78799438 332.71115112 255 64 64
150.44108582 152.01113892 328.63894653 255 64 64
166.64843750 148.36964417 330.92871094 255 64 64
159.25486755 155.89083862 326.90753174 255 64 64
205.75970459 155.76348877 347.83227539 255 64 64
207.90509033 161.77661133 355.26202393 255 64 64
208.42941284 163.29266357 342.74575806 255 64 64
210.87283325 168.94845581 350.50091553 255 64 64
207.35882568 172.06169128 352.07461548 255 64 64
205.07028198 172.07600403 352.08166504 255 64 64
207.60067749 172.10018921 352.11718750 255 64 64
207.49363708 172.09992981 352.11309814 255 64 64
182.35604858 155.95652771 379.87631226 255 64 64
178.77836609 155.96685791 379.86856079 255 64 64
182.91664124 155.97695923 379.88537598 255 64 64
182.29667664 155.98010254 379.90368652 255 64 64
201.04415894 164.12994385 365.51412964 255 64 64
198.65582275 164.13546753 365.51245117 255 64 64
201.31692505 164.16261292 365.53125000 255 64 64
201.09118652 164.15687561 365.52536011 255 64 64
193.60179138 162.82029724 374.25582886 255 64 64
190.73129272 162.83416748 374.26644897 255 64 64
193.98895264 162.83380127 374.25811768 255 64 64
193.59820557 162.83816528 374.27093506 255 64 64
212.84933472 188.37744141 356.23443604 255 64 64
210.43727112 188.40943909 356.22229004 255 64 64
213.07644653 188.41007996 356.27532959 255 64 64
212.96842957 188.42543030 356.25558472 255 64 64
182.95109558 184.34733582 398.44625854 255 64 64
180.14472961 184.35667419 398.52676392 255 64 64
183.37942505 184.33090210 398.46536255 255 64 64
182.96179199 184.33950806 398.53988647 255 64 64
183.87872314 174.01171875 389.07843018 255 64 64
180.87847900 174.01446533 389.11996460 255 64 64
184.34072876 174.02664185 389.07983398 255 64 64
183.86880493 174.02706909 389.12316895 255 64 64
204.39654541 185.42280579 343.24319458 255 64 64
201.78945923 185.44741821 343.20825195 255 64 64
204.66593933 185.46055603 343.30072021 255 64 64
204.49957275 185.47322083 343.26913452 255 64 64
193.31022644 174.68058777 379.53067017 255 64 64
190.49496460 174.69473267 379.54135132 255 64 64
193.71324158 174.69032288 379.54617310 255 64 64
193.35243225 174.69473267 379.55828857 255 64 64
191.67001343 183.47657776 389.45178223 255 64 64
189.24725342 183.48318481 389.49429321 255 64 64
191.98016357 183.45390320 389.46569824 255 64 64
191.71214294 183.45899963 389.50390625 255 64 64
226.81291199 225.47911072 350.00808716 255 64 64
223.29020691 225.53736877 350.00466919 255 64 64
227.13742065 225.49209595 350.06054688 255 64 64
226.91107178 225.55020142 350.06390381 255 64 64
205.60559082 183.32083130 366.13821411 255 64 64
203.06684875 183.34513855 366.12841797 255 64 64
205.89686584 183.35153198 366.18038940 255 64 64
205.70008850 183.36193848 366.16946411 255 64 64
197.99603271 201.06114197 405.35153198 255 64 64
195.45249939 201.07695007 405.42004395 255 64 64
198.27490234 201.06062317 405.36923218 255 64 64
197.98008728 201.07641602 405.43453979 255 64 64
226.36026001 209.84454346 383.20883179 255 64 64
223.87536621 209.87951660 383.25247192 255 64 64
226.53517151 209.85659790 383.20822144 255 64 64
226.42626953 209.87823486 383.24230957 255 64 64
210.45239258 200.93202209 344.08154297 255 64 64
207.85275269 200.97535706 344.06167603 255 64 64
210.68431091 200.96836853 344.13424683 255 64 64
210.58247375 201.00189209 344.11044312 255 64 64
166.26422119 178.20863342 402.25427246 255 64 64
163.20892334 178.23120117 402.32452393 255 64 64
166.78507996 178.20498657 402.24987793 255 64 64
166.22447205 178.22656250 402.31799316 255 64 64
164.02320862 169.15225220 396.39361572 255 64 64
160.64022827 169.17236328 396.42480469 255 64 64
164.61184692 169.18449402 396.37289429 255 64 64
163.98338318 169.20036316 396.41281128 255 64 64
194.88406372 192.42855835 397.88629150 255 64 64
192.41104126 192.44865417 397.93576050 255 64 64
195.18348694 192.44105530 397.90475464 255 64 64
194.91329956 192.45651245 397.94934082 255 64 64
175.29611206 179.20092773 398.38000488 255 64 64
172.29953003 179.21099854 398.43658447 255 64 64
175.78587341 179.20864868 398.39047241 255 64 64
175.27578735 179.21946716 398.44500732 255 64 64
248.74266052 232.45611572 353.13024902 255 64 64
244.45190430 232.50410461 353.16195679 255 64 64
249.13223267 232.50009155 353.14562988 255 64 64
248.77609253 232.53280640 353.17520142 255 64 64
172.43453979 163.50172424 387.22781372 255 64 64
169.14892578 163.52293396 387.23312378 255 64 64
172.99819946 163.53839111 387.23141479 255 64 64
172.42825317 163.55528259 387.24801636 255 64 64
180.88795471 190.88246155 404.49441528 255 64 64
178.09893799 190.89125061 404.56872559 255 64 64
181.30432129 190.86111450 404.51226807 255 64 64
180.86598206 190.87522888 404.58386230 255 64 64
212.19902039 200.12550354 354.08804321 255 64 64
209.58688354 200.16429138 354.07980347 255 64 64
212.42111206 200.14749146 354.12710571 255 64 64
212.24803162 200.17651367 354.11663818 255 64 64
165.64016724 185.98533630 407.84326172 255 64 64
162.61216736 186.00360107 407.91558838 255 64 64
166.15681458 185.97256470 407.84936523 255 64 64
165.59408569 185.99459839 407.91943359 255 64 64
241.35844421 230.06649780 364.87124634 255 64 64
238.17498779 230.10658264 364.89279175 255 64 64
241.58447266 230.07185364 364.90942383 255 64 64
241.44537354 230.10853577 364.92761230 255 64 64
208.11221313 214.33044434 402.27319336 255 64 64
205.31404114 214.35453796 402.33065796 255 64 64
208.37532043 214.32690430 402.26397705 255 64 64
208.05511475 214.35408020 402.31878662 255 64 64
209.23889160 213.72386169 390.58834839 255 64 64
206.16835022 213.76126099 390.63488770 255 64 64
209.58468628 213.72523499 390.59143066 255 64 64
209.22543335 213.76123047 390.64010620 255 64 64
155.66519165 177.16802979 406.88287354 255 64 64
152.74865723 177.19195557 406.95089722 255 64 64
156.16215515 177.18814087 406.87301636 255 64 64
155.60716248 177.21409607 406.93136597 255 64 64
245.54028320 245.48348999 357.49252319 255 64 64
241.05230713 245.51994324 357.49798584 255 64 64
245.89833069 245.47924805 357.51385498 255 64 64
245.50024414 245.52165222 357.52386475 255 64 64
201.22929382 209.31614685 389.87527466 255 64 64
198.25143433 209.34326172 389.90090942 255 64 64
201.57211304 209.31863403 389.88735962 255 64 64
201.16731262 209.34617615 389.91751099 255 64 64
188.76049805 205.07214355 405.53146362 255 64 64
185.95220947 205.08494568 405.57638550 255 64 64
189.14595032 205.05918884 405.57037354 255 64 64
188.73497009 205.07806396 405.61569214 255 64 64
256.21374512 238.67103577 366.04180908 255 64 64
252.53842163 238.70887756 366.07156372 255 64 64
256.46411133 238.67173767 366.07769775 255 64 64
256.21887207 238.70237732 366.10247803 255 64 64
200.46177673 186.62052917 380.24298096 255 64 64
198.11019897 186.64256287 380.26538086 255 64 64
200.72041321 186.62998962 380.26440430 255 64 64
200.52067566 186.64097595 380.27957153 255 64 64
224.67276001 218.63265991 382.96115112 255 64 64
221.96702576 218.66853333 382.99050903 255 64 64
224.88473511 218.64163208 382.97381592 255 64 64
224.72077942 218.67088318 382.99853516 255 64 64
248.39947510 266.27383423 390.80874634 255 64 64
243.67605591 266.32617188 390.81127930 255 64 64
248.75611877 266.28164673 390.84286499 255 64 64
248.25958252 266.33547974 390.85644531 255 64 64
234.97195435 247.25970459 355.82925415 255 64 64
230.03688049 247.30871582 355.79931641 255 64 64
235.40419006 247.26184082 355.86459351 255 64 64
234.79545593 247.32968140 355.85128784 255 64 64
211.91311646 195.55754089 365.63830566 255 64 64
209.64384460 195.59060669 365.64837646 255 64 64
212.10488892 195.57574463 365.66491699 255 64 64
211.98182678 195.59658813 365.66647339 255 64 64
205.96275330 209.86471558 381.86489868 255 64 64
203.26899719 209.88943481 381.89273071 255 64 64
206.25007629 209.86390686 381.87683105 255 64 64
205.98217773 209.89038086 381.90374756 255 64 64
152.44949341 188.66210938 415.57449341 255 64 64
149.71318054 188.68252563 415.62991333 255 64 64
152.88778687 188.63757324 415.59252930 255 64 64
152.36253357 188.66514587 415.63800049 255 64 64
206.64097595 226.19654846 396.61322021 255 64 64
203.16482544 226.21781921 396.64807129 255 64 64
207.05136108 226.18975830 396.62484741 255 64 64
206.56932068 226.21920776 396.67178345 255 64 64
171.32530212 196.13909912 407.47534180 255 64 64
168.53649902 196.15388489 407.52981567 255 64 64
171.76135254 196.10261536 407.50344849 255 64 64
171.26594543 196.12483215 407.55392456 255 64 64
223.44683838 214.01786804 365.43942261 255 64 64
220.65469360 214.05096436 365.46621704 255 64 64
223.69258118 214.02803040 365.46762085 255 64 64
223.53346252 214.05662537 365.48950195 255 64 64
239.70278931 236.54399109 377.65222168 255 64 64
236.20207214 236.59109497 377.67599487 255 64 64
239.95962524 236.55220032 377.65753174 255 64 64
239.70947266 236.59390259 377.68438721 255 64 64
200.39384460 198.26919556 389.52651978 255 64 64
198.03202820 198.27516174 389.57522583 255 64 64
200.65261841 198.26493835 389.55139160 255 64 64
200.44174194 198.26991272 389.58944702 255 64 64
241.05619812 255.75816345 386.86968994 255 64 64
236.62271118 255.79444885 386.85485840 255 64 64
241.44441223 255.77627563 386.89721680 255 64 64
240.97938538 255.81825256 386.90081787 255 64 64
158.88540649 197.18728638 409.46276855 255 64 64
155.78067017 197.20613098 409.51336670 255 64 64
159.40550232 197.17095947 409.44860840 255 64 64
158.77644348 197.20072937 409.50100708 255 64 64
218.07406616 215.58396912 392.07333374 255 64 64
215.19366455 215.60040283 392.12097168 255 64 64
218.36398315 215.58332825 392.06762695 255 64 64
218.08825684 215.59468079 392.10922241 255 64 64
203.53102112 205.57350159 337.11300659 255 64 64
200.63851929 205.60845947 337.11117554 255 64 64
203.85920715 205.61599731 337.17471313 255 64 64
203.67514038 205.64434814 337.17138672 255 64 64
213.08912659 227.24884033 345.77767944 255 64 64
209.52514648 227.28956604 345.78710938 255 64 64
213.42266846 227.25765991 345.80813599 255 64 64
213.10168457 227.30741882 345.81808472 255 64 64
235.20248413 235.52554321 355.03176880 255 64 64
231.09191895 235.55654907 355.04983521 255 64 64
235.56501770 235.53340149 355.04003906 255 64 64
235.16487122 235.56794739 355.05612183 255 64 64
210.27993774 237.15151978 400.17010498 255 64 64
206.50952148 237.16912842 400.20764160 255 64 64
210.69232178 237.15333557 400.18890381 255 64 64
210.15884399 237.18106079 400.23776245 255 64 64
233.03822327 225.69715881 362.15676880 255 64 64
229.84733582 225.73089600 362.19680786 255 64 64
233.29927063 225.69258118 362.19198608 255 64 64
233.12658691 225.72387695 362.22344971 255 64 64
176.39924622 201.67074585 375.47436523 255 64 64
173.11288452 201.68792725 375.48394775 255 64 64
176.86853027 201.69570923 375.47387695 255 64 64
176.36346436 201.71548462 375.49926758 255 64 64
184.37547302 201.58158875 388.23095703 255 64 64
181.60839844 201.59411621 388.27624512 255 64 64
184.76000977 201.56607056 388.27105713 255 64 64
184.34689331 201.58396912 388.31405640 255 64 64
210.07223511 214.95069885 343.03274536 255 64 64
207.31239319 214.98765564 343.04644775 255 64 64
210.33114624 214.98007202 343.09848022 255 64 64
210.20346069 215.01423645 343.10220337 255 64 64
217.69660950 235.49954224 349.65335083 255 64 64
213.44375610 235.54273987 349.64773560 255 64 64
218.12097168 235.49942017 349.68035889 255 64 64
217.63162231 235.55993652 349.68569946 255 64 64
189.66616821 209.43186951 382.85208130 255 64 64
186.81401062 209.45140076 382.87203979 255 64 64
190.03335571 209.43035889 382.88912964 255 64 64
189.64503479 209.45582581 382.91052246 255 64 64
235.97039795 259.56173706 394.04260254 255 64 64
231.51443481 259.58291626 394.06454468 255 64 64
236.37231445 259.58108521 394.05978394 255 64 64
235.85272217 259.61352539 394.08895874 255 64 64
174.06033325 200.44949341 389.83453369 255 64 64
171.08158875 200.48179626 389.86437988 255 64 64
174.49006653 200.43823242 389.85894775 255 64 64
173.94992065 200.47499084 389.89230347 255 64 64
209.24737549 210.78181458 367.48501587 255 64 64
206.62301636 210.81082153 367.49832153 255 64 64
209.51292419 210.79354858 367.52978516 255 64 64
209.30804443 210.81706238 367.54232788 255 64 64
220.38763428 249.01808167 400.65209961 255 64 64
216.14572144 249.01712036 400.67980957 255 64 64
220.84812927 249.02426147 400.66085815 255 64 64
220.25907898 249.04090881 400.69744873 255 64 64
194.95269775 215.30755615 395.59750366 255 64 64
191.79566956 215.32157898 395.64691162 255 64 64
195.34429932 215.31065369 395.60940552 255 64 64
194.89436340 215.33068848 395.65863037 255 64 64
230.53999329 246.25440979 389.55935669 255 64 64
226.48988342 246.26487732 389.59252930 255 64 64
230.94464111 246.26281738 389.54580688 255 64 64
230.49755859 246.28242493 389.58526611 255 64 64
187.25775146 221.20469666 375.69250488 255 64 64
183.86772156 221.23156738 375.71383667 255 64 64
187.69592285 221.23921204 375.70599365 255 64 64
187.20571899 221.27575684 375.73425293 255 64 64
274.57592773 249.13957214 364.20297241 255 64 64
272.62091064 259.85769653 373.38327026 255 64 64
283.79663086 250.84757996 351.56198120 255 64 64
281.57336426 261.34661865 361.73773193 255 64 64
266.90264893 267.11834717 382.19662476 255 64 64
262.56561279 276.07104492 391.78530884 255 64 64
275.45758057 265.55392456 369.01538086 255 64 64
271.59490967 273.88339233 378.69979858 255 64 64
246.74472046 234.63423157 371.94537354 255 64 64
241.44625854 240.13688660 379.06137085 255 64 64
256.75988770 237.53019714 367.38500977 255 64 64
252.17504883 242.81375122 375.11679077 255 64 64
264.30767822 232.33703613 350.54205322 255 64 64
264.62670898 242.32560730 353.63903809 255 64 64
278.75344849 238.05557251 345.95404053 255 64 64
280.46304321 247.97607422 353.13919067 255 64 64
229.59442139 278.61816406 412.64410400 255 64 64
222.11042786 283.05410767 419.80798340 255 64 64
240.06369019 279.18185425 405.46856689 255 64 64
233.13168335 282.41387939 413.46835327 255 64 64
235.27041626 250.22009277 391.24905396 255 64 64
229.18496704 255.85144043 397.38766479 255 64 64
244.13589478 253.91050720 387.00027466 255 64 64
238.30783081 259.21533203 393.49838257 255 64 64
248.26022339 290.00207520 389.42483521 255 64 64
245.82690430 293.91796875 402.77413940 255 64 64
258.68270874 282.81109619 384.45184326 255 64 64
255.68678284 285.58740234 397.19277954 255 64 64
228.80209351 228.95930481 382.97979736 255 64 64
224.29702759 233.58241272 388.51220703 255 64 64
236.12121582 232.56994629 379.13052368 255 64 64
232.04049683 236.70491028 384.96072388 255 64 64
217.51284790 258.97497559 407.41159058 255 64 64
211.05090332 264.12878418 412.14425659 255 64 64
226.79522705 263.48004150 405.61956787 255 64 64
220.21630859 268.26162720 410.85845947 255 64 64
232.89982605 223.24382019 367.17330933 255 64 64
232.39143372 227.19903564 372.66531372 255 64 64
239.91000366 227.36614990 363.26428223 255 64 64
241.03202820 230.55244446 369.22210693 255 64 64
220.61300659 210.12438965 386.75167847 255 64 64
217.61492920 213.66537476 392.95837402 255 64 64
225.62322998 213.84085083 382.74063110 255 64 64
224.16183472 216.43104553 388.95370483 255 64 64
219.23149109 238.32145691 396.40206909 255 64 64
213.60440063 243.32850647 400.71463013 255 64 64
227.02494812 241.68005371 394.10406494 255 64 64
221.18623352 246.36166382 398.70697021 255 64 64
246.38737488 250.08689880 358.29406738 255 64 64
248.12142944 261.01135254 359.30810547 255 64 64
258.95178223 253.32131958 360.99060059 255 64 64
260.76004028 263.72677612 362.96185303 255 64 64
211.36145020 217.06916809 398.62481689 255 64 64
204.92077637 221.33387756 401.74890137 255 64 64
218.45510864 220.07040405 398.02072144 255 64 64
212.75253296 224.14262390 401.71008301 255 64 64
220.20965576 202.33596802 371.57101440 255 64 64
221.22479248 205.62649536 377.73944092 255 64 64
223.30795288 207.86280823 366.33001709 255 64 64
226.52084351 209.55433655 372.72387695 255 64 64
199.92012024 265.78683472 416.10479736 255 64 64
192.79560852 270.48544312 419.79733276 255 64 64
209.44924927 271.17248535 417.45440674 255 64 64
202.26623535 275.51696777 421.94351196 255 64 64
231.84268188 230.08290100 354.94741821 255 64 64
234.85563660 238.58041382 354.50671387 255 64 64
241.64407349 234.91819763 355.64019775 255 64 64
246.07575989 242.80630493 355.98889160 255 64 64
206.52243042 243.95065308 404.84640503 255 64 64
200.20195007 248.70671082 407.91146851 255 64 64
214.29463196 247.84526062 404.71133423 255 64 64
207.59234619 252.51942444 408.25073242 255 64 64
218.96560669 211.31552124 357.81387329 255 64 64
221.08839417 217.13935852 359.83828735 255 64 64
224.13856506 218.01463318 356.10852051 255 64 64
229.06690979 222.17936707 359.14807129 255 64 64
218.03450012 296.16198730 390.16772461 255 64 64
216.43762207 298.37942505 402.57684326 255 64 64
229.45399475 296.27471924 395.63208008 255 64 64
226.98880005 297.66394043 407.62005615 255 64 64
231.79908752 268.43392944 359.77182007 255 64 64
233.85592651 278.27786255 364.51510620 255 64 64
244.65383911 270.99063110 364.30081177 255 64 64
245.77691650 280.35595703 369.40783691 255 64 64
190.20593262 250.20747375 410.07916260 255 64 64
183.76101685 254.79443359 412.91558838 255 64 64
198.31632996 255.31010437 412.29208374 255 64 64
191.37580872 260.06188965 415.62728882 255 64 64
198.02491760 230.03504944 396.98712158 255 64 64
191.20776367 234.45503235 398.57388306 255 64 64
206.06938171 232.80392456 399.95581055 255 64 64
199.22882080 237.43873596 402.37265015 255 64 64
180.60661316 269.80584717 420.50512695 255 64 64
173.47891235 274.19180298 423.80520630 255 64 64
190.15913391 275.86154175 424.57678223 255 64 64
182.89530945 279.75613403 428.69473267 255 64 64
201.01341248 171.63192749 376.64825439 255 64 64
197.06616211 177.40682983 383.56005859 255 64 64
204.59321594 180.68353271 369.33764648 255 64 64
201.50582886 184.99397278 377.27999878 255 64 64
221.87858582 244.92404175 351.96743774 255 64 64
224.49803162 254.33406067 353.16018677 255 64 64
231.96180725 248.14410400 354.07189941 255 64 64
234.92689514 256.85964966 355.49142456 255 64 64
208.50688171 173.64216614 356.25741577 255 64 64
207.97219849 180.33595276 360.49926758 255 64 64
207.92353821 186.07044983 348.30230713 255 64 64
209.98942566 190.67761230 354.50262451 255 64 64
214.54641724 283.05145264 367.92474365 255 64 64
215.67454529 289.44744873 376.96041870 255 64 64
225.69290161 285.57571411 372.65155029 255 64 64
225.75830078 291.40484619 381.82760620 255 64 64
197.39916992 203.73742676 392.00973511 255 64 64
192.34745789 207.58309937 398.75244141 255 64 64
203.52291870 208.85481262 389.90847778 255 64 64
200.38552856 211.24320984 396.59588623 255 64 64
198.29931641 150.37484741 365.36221313 255 64 64
194.67776489 157.23452759 371.86401367 255 64 64
205.66311646 159.75401306 359.21932983 255 64 64
202.30026245 164.85571289 366.95748901 255 64 64
195.55543518 293.72665405 399.00183105 255 64 64
193.74612427 293.96316528 411.11743164 255 64 64
206.16702271 295.56533813 404.86340332 255 64 64
203.69985962 295.23779297 416.40472412 255 64 64
190.41438293 181.17114258 393.20724487 255 64 64
183.97477722 185.86552429 400.46896362 255 64 64
195.74687195 188.42939758 387.97686768 255 64 64
190.87594604 191.74145508 395.49380493 255 64 64
201.24565125 150.77685547 349.60937500 255 64 64
203.79132080 159.79336548 351.11810303 255 64 64
204.62512207 166.38291931 343.63983154 255 64 64
207.85183716 173.24261475 347.89709473 255 64 64
171.87512207 191.28521729 408.47937012 255 64 64
161.32926941 196.08593750 411.58911133 255 64 64
181.32449341 193.24847412 404.21200562 255 64 64
171.88470459 197.68440247 408.32995605 255 64 64
209.96450806 224.69778442 345.65850830 255 64 64
211.74749756 233.89933777 346.57247925 255 64 64
216.84707642 228.94760132 348.85531616 255 64 64
220.81506348 237.12924194 350.34851074 255 64 64
200.37051392 198.03749084 376.31005859 255 64 64
198.38864136 202.18734741 383.74618530 255 64 64
203.98634338 205.27233887 371.41787720 255 64 64
204.08711243 207.27522278 379.03268433 255 64 64
171.68582153 254.58053589 412.19000244 255 64 64
165.22601318 259.16854858 414.82537842 255 64 64
180.00146484 260.78616333 416.24093628 255 64 64
173.08009338 265.67941284 419.31344604 255 64 64
181.01925659 236.30422974 397.09918213 255 64 64
174.16169739 240.97946167 399.33630371 255 64 64
189.29344177 240.44955444 401.07461548 255 64 64
182.04661560 245.60443115 403.66589355 255 64 64
178.38810730 157.33238220 383.08599854 255 64 64
171.26679993 162.70101929 389.84786987 255 64 64
188.55747986 164.55473328 381.33703613 255 64 64
181.64248657 168.97578430 387.55755615 255 64 64
180.69595337 205.42842102 395.69161987 255 64 64
171.59648132 210.02600098 399.07522583 255 64 64
189.22749329 208.31454468 392.44628906 255 64 64
182.06576538 212.12698364 396.82586670 255 64 64
203.16178894 197.07926941 361.72283936 255 64 64
202.09667969 201.79702759 367.91891479 255 64 64
205.33102417 206.15319824 356.56478882 255 64 64
207.03904724 208.52697754 363.46487427 255 64 64
159.53192139 172.35379028 404.25506592 255 64 64
149.95387268 177.62777710 409.73538208 255 64 64
170.67620850 175.84930420 401.92477417 255 64 64
160.87481689 180.89463806 406.97222900 255 64 64
209.62896729 266.19628906 354.29629517 255 64 64
211.66827393 274.68103027 359.27355957 255 64 64
219.66752625 268.29992676 357.91333008 255 64 64
221.25051880 276.58471680 362.68743896 255 64 64
196.30892944 286.78070068 372.83343506 255 64 64
197.14060974 290.13397217 383.05596924 255 64 64
205.99174500 288.61843872 377.39059448 255 64 64
205.98110962 291.52130127 387.52380371 255 64 64
206.25656128 249.30972290 348.51287842 255 64 64
208.22512817 257.72216797 351.78958130 255 64 64
214.80192566 251.61117554 351.26846313 255 64 64
217.22357178 259.53439331 354.34945679 255 64 64
201.97270203 199.14036560 343.97750854 255 64 64
200.73449707 206.70835876 346.05667114 255 64 64
204.62831116 209.43948364 343.35693359 255 64 64
207.44131470 214.75706482 346.75646973 255 64 64
163.78175354 237.88754272 395.67593384 255 64 64
155.92446899 242.66061401 397.71762085 255 64 64
172.81101990 244.08041382 401.93740845 255 64 64
164.80697632 249.65431213 403.95516968 255 64 64
181.13412476 221.68908691 381.94085693 255 64 64
175.04016113 226.57914734 386.31723022 255 64 64
189.04669189 225.43373108 384.65655518 255 64 64
183.86097717 230.19404602 389.06802368 255 64 64
193.16543579 157.05374146 341.96371460 255 64 64
194.09947205 168.82051086 337.30020142 255 64 64
200.48324585 169.52243042 342.38168335 255 64 64
202.59167480 180.09381104 339.20669556 255 64 64
148.07995605 156.96865845 397.02633667 255 64 64
139.73452759 162.70101929 405.10803223 255 64 64
159.80950928 162.00122070 394.32034302 255 64 64
150.11447144 167.01837158 401.33532715 255 64 64
138.66143799 186.91096497 417.13003540 255 64 64
127.91989899 192.64120483 420.58938599 255 64 64
148.58831787 189.55487061 412.98071289 255 64 64
137.68937683 195.66159058 416.47436523 255 64 64
187.48332214 233.68876648 376.02423096 255 64 64
182.85488892 238.61499023 380.12091064 255 64 64
193.69427490 236.99205017 378.27438354 255 64 64
189.53166199 242.01611328 382.51889038 255 64 64
156.26054382 259.71520996 408.78567505 255 64 64
151.54702759 264.44360352 413.60128784 255 64 64
165.35894775 267.19384766 413.61828613 255 64 64
160.34445190 271.93502808 418.42114258 255 64 64
193.38877869 276.62194824 357.35815430 255 64 64
194.02236938 281.89700317 365.50259399 255 64 64
202.29574585 277.53552246 361.62924194 255 64 64
202.05433655 282.67230225 369.68008423 255 64 64
150.62814331 206.29252625 405.93331909 255 64 64
139.30805969 211.18045044 406.29864502 255 64 64
160.12271118 206.35208130 398.95397949 255 64 64
149.35565186 211.75157166 399.84573364 255 64 64
199.09907532 233.01091003 336.03036499 255 64 64
200.03073120 242.44432068 339.02947998 255 64 64
205.89495850 234.76611328 341.22457886 255 64 64
208.07623291 243.53269958 344.27688599 255 64 64
132.88865662 171.85844421 418.78060913 255 64 64
123.02133179 178.01622009 425.42974854 255 64 64
143.03927612 174.91873169 413.47579956 255 64 64
132.27647400 181.15838623 419.58676147 255 64 64
180.77040100 245.18008423 377.18640137 255 64 64
175.62509155 250.66146851 381.63830566 255 64 64
187.29190063 248.04840088 380.30889893 255 64 64
181.79988098 254.00410461 384.69165039 255 64 64
179.97731018 286.23059082 381.37188721 255 64 64
180.68850708 288.50225830 391.96878052 255 64 64
189.35565186 288.81414795 385.84078979 255 64 64
189.22483826 290.56362915 396.26751709 255 64 64
169.15338135 284.64566040 395.52996826 255 64 64
169.85231018 285.58474731 406.18218994 255 64 64
178.69281006 288.11273193 400.07757568 255 64 64
178.70397949 288.43066406 410.30010986 255 64 64
193.34677124 183.39923096 335.16998291 255 64 64
193.00524902 195.58714294 331.19027710 255 64 64
199.84034729 193.07723999 337.04919434 255 64 64
201.59461975 203.54226685 334.41033936 255 64 64
194.46559143 210.81674194 329.25628662 255 64 64
194.39965820 222.31124878 328.73806763 255 64 64
200.65127563 216.13645935 333.84652710 255 64 64
202.21199036 225.98463440 334.27981567 255 64 64
189.66645813 261.32537842 343.47711182 255 64 64
190.32957458 268.96569824 349.26904297 255 64 64
197.69735718 261.32324219 348.12255859 255 64 64
198.32662964 269.09118652 353.51992798 255 64 64
158.79809570 218.70924377 387.36373901 255 64 64
149.29449463 223.90771484 389.38656616 255 64 64
167.52746582 221.25782776 387.75845337 255 64 64
158.99804688 227.01625061 390.03198242 255 64 64
167.36145020 200.91590881 381.49789429 255 64 64
161.39936829 206.17607117 385.69137573 255 64 64
175.56649780 204.74298096 380.64840698 255 64 64
170.59880066 209.11297607 384.96948242 255 64 64
144.11515808 238.05026245 389.82846069 255 64 64
135.17097473 242.43727112 392.56488037 255 64 64
155.08322144 246.41589355 397.84631348 255 64 64
146.76119995 252.34713745 400.16052246 255 64 64
120.10516357 199.09463501 423.38351440 255 64 64
109.05520630 204.23568726 427.38235474 255 64 64
127.75823975 204.44146729 416.11544800 255 64 64
116.18502808 209.63516235 419.55911255 255 64 64
179.21629333 281.78533936 361.54843140 255 64 64
179.81535339 284.70788574 371.05627441 255 64 64
187.89730835 282.41174316 366.04922485 255 64 64
187.66305542 285.10668945 375.48052979 255 64 64
176.20344543 149.86434937 333.43536377 255 64 64
176.83059692 162.08206177 328.31134033 255 64 64
185.64263916 158.46609497 333.53320312 255 64 64
186.33978271 170.70294189 329.35147095 255 64 64
187.22541809 245.38720703 329.40676880 255 64 64
187.20016479 254.70788574 334.01712036 255 64 64
194.75593567 245.27049255 335.78680420 255 64 64
194.98980713 254.51672363 340.31420898 255 64 64
135.21563721 218.25180054 400.47213745 255 64 64
123.75090027 222.63455200 402.61514282 255 64 64
141.74497986 219.53625488 390.49819946 255 64 64
130.30151367 223.77890015 391.98312378 255 64 64
159.56170654 201.85020447 374.36209106 255 64 64
155.90319824 207.48898315 378.47790527 255 64 64
167.92521667 206.78173828 375.88836670 255 64 64
164.31138611 212.38223267 379.52987671 255 64 64
128.08581543 241.33387756 385.86257935 255 64 64
120.01582336 243.39550781 392.11181641 255 64 64
138.31845093 251.25756836 388.29272461 255 64 64
131.08918762 254.28167725 392.87756348 255 64 64
174.42823792 273.05917358 342.00973511 255 64 64
174.75805664 278.22787476 350.38174438 255 64 64
182.86074829 272.45507812 347.09335327 255 64 64
182.60443115 277.98645020 355.40368652 255 64 64
177.19085693 173.24475098 328.51553345 255 64 64
177.92016602 185.78576660 323.99557495 255 64 64
186.00929260 181.21688843 329.15365601 255 64 64
187.29136658 193.29420471 325.65997314 255 64 64
164.31098938 281.43914795 371.20730591 255 64 64
165.55622864 283.27374268 381.21075439 255 64 64
173.17953491 283.74432373 375.01043701 255 64 64
173.85983276 285.30770874 385.13940430 255 64 64
145.85614014 272.03872681 393.17959595 255 64 64
148.70104980 273.07299805 403.03842163 255 64 64
155.48524475 277.98406982 397.27413940 255 64 64
158.27909851 278.53628540 406.99044800 255 64 64
180.96926880 224.08744812 320.39450073 255 64 64
181.66209412 235.88825989 321.47290039 255 64 64
189.11476135 227.21525574 325.78707886 255 64 64
190.24368286 237.71112061 327.26828003 255 64 64
177.57931519 198.11193848 322.44815063 255 64 64
178.39077759 210.85714722 320.03717041 255 64 64
186.23368835 203.81239319 325.22607422 255 64 64
187.87789917 215.34945679 323.76519775 255 64 64
152.44250488 275.72274780 380.23764038 255 64 64
154.65037537 277.43768311 390.50695801 255 64 64
161.71958923 279.89916992 384.24496460 255 64 64
163.66423035 281.21636963 394.53558350 255 64 64
114.14945984 219.35891724 407.16485596 255 64 64
105.00319672 223.00465393 414.66693115 255 64 64
117.72713470 225.99075317 395.27685547 255 64 64
108.31286621 227.86241150 401.56011963 255 64 64
171.64215088 261.30700684 325.29306030 255 64 64
172.21545410 269.28552246 331.76138306 255 64 64
180.95597839 261.55084229 330.79571533 255 64 64
181.00596619 269.88882446 337.66180420 255 64 64
125.15368652 259.53707886 389.78695679 255 64 64
129.85125732 258.69262695 398.94598389 255 64 64
135.93882751 266.66131592 393.44653320 255 64 64
140.70764160 265.39065552 402.33755493 255 64 64
159.50003052 278.21749878 348.51354980 255 64 64
161.07189941 280.92095947 358.20858765 255 64 64
168.43464661 279.16696167 352.55810547 255 64 64
169.45295715 281.73376465 362.64877319 255 64 64
159.38609314 148.44348145 325.57809448 255 64 64
159.68453979 160.52931213 321.20703125 255 64 64
168.91389465 155.79878235 324.53692627 255 64 64
169.06877136 168.40361023 321.12939453 255 64 64
167.43440247 242.29475403 316.28134155 255 64 64
168.98129272 253.13414001 319.13317871 255 64 64
177.45753479 244.83018494 320.49234009 255 64 64
179.12088013 255.18885803 324.16149902 255 64 64
104.03539276 240.24057007 399.63516235 255 64 64
107.62583923 239.57707214 409.16427612 255 64 64
111.99157715 246.51480103 395.44702148 255 64 64
115.95318604 244.85359192 403.06820679 255 64 64
146.71493530 274.55606079 361.73135376 255 64 64
149.17538452 275.84878540 372.00918579 255 64 64
155.53416443 277.82717896 364.64324951 255 64 64
157.77764893 278.73144531 375.31246948 255 64 64
154.79368591 269.94998169 329.00579834 255 64 64
156.39189148 276.03115845 337.10983276 255 64 64
164.95161438 272.16687012 332.72918701 255 64 64
166.11564636 278.42034912 341.72656250 255 64 64
163.17195129 175.04421997 323.47659302 255 64 64
163.87640381 186.88755798 318.64395142 255 64 64
172.31861877 181.95283508 322.56832886 255 64 64
173.28694153 194.17266846 318.75030518 255 64 64
163.37176514 220.33309937 313.60659790 255 64 64
165.51156616 232.15518188 313.34487915 255 64 64
173.45976257 224.05754089 315.89331055 255 64 64
176.18981934 235.29681396 316.32257080 255 64 64
133.34597778 267.36694336 372.14318848 255 64 64
136.65457153 268.43499756 381.68933105 255 64 64
142.34333801 272.46466064 374.54992676 255 64 64
145.62641907 273.14239502 384.34283447 255 64 64
160.95970154 197.52487183 318.03561401 255 64 64
162.73098755 209.47457886 314.90887451 255 64 64
170.70419312 202.51278687 318.24407959 255 64 64
173.02265930 214.67730713 316.19573975 255 64 64
118.60134888 257.10028076 379.18475342 255 64 64
122.18965912 258.77398682 387.43127441 255 64 64
127.16693115 263.31307983 380.14218140 255 64 64
130.90731812 264.62121582 388.75668335 255 64 64
150.32983398 252.40457153 317.51235962 255 64 64
152.48399353 262.08685303 321.50906372 255 64 64
160.87408447 256.26513672 318.83752441 255 64 64
163.24732971 265.90701294 323.68395996 255 64 64
140.10835266 271.88397217 339.54727173 255 64 64
142.52520752 275.42337036 348.73181152 255 64 64
149.09881592 275.89663696 341.19055176 255 64 64
151.39601135 278.95635986 351.33651733 255 64 64
104.26405334 241.81268311 387.27581787 255 64 64
107.97679138 244.25346375 394.76510620 255 64 64
111.86927795 248.71492004 385.36996460 255 64 64
115.67666626 250.73028564 393.02517700 255 64 64
92.17184448 222.41546631 397.82345581 255 64 64
94.49775696 227.27894592 405.22766113 255 64 64
97.29189301 230.54766846 391.47558594 255 64 64
99.49762726 234.87619019 398.36077881 255 64 64
144.63641357 156.93887329 324.30187988 255 64 64
144.60717773 168.93962097 320.06268311 255 64 64
153.75436401 163.90917969 322.12377930 255 64 64
153.73063660 176.62248230 318.52484131 255 64 64
128.08793640 263.96502686 353.82247925 255 64 64
130.97326660 266.72271729 362.84112549 255 64 64
135.53469849 269.88562012 353.54544067 255 64 64
138.64654541 272.15304565 363.42340088 255 64 64
146.35705566 230.58435059 313.77026367 255 64 64
148.76274109 241.93847656 314.37631226 255 64 64
156.95182800 234.48747253 313.33007812 255 64 64
160.02859497 245.62039185 314.47656250 255 64 64
113.47944641 250.09620667 366.67474365 255 64 64
116.47856140 253.68716431 374.51925659 255 64 64
120.41039276 256.93621826 365.36968994 255 64 64
123.77323914 260.42349243 373.94589233 255 64 64
92.07612610 206.43185425 388.21301270 255 64 64
91.93321991 213.82968140 393.91558838 255 64 64
95.39616394 213.98495483 380.83111572 255 64 64
95.44561768 221.93156433 386.55285645 255 64 64
144.77175903 180.82975769 323.22772217 255 64 64
145.62004089 192.51995850 318.45251465 255 64 64
154.17897034 187.03433228 320.62527466 255 64 64
155.05531311 199.49026489 316.82638550 255 64 64
133.91256714 256.83731079 324.92874146 255 64 64
135.94201660 265.08596802 329.95492554 255 64 64
143.05696106 262.68240356 323.53295898 255 64 64
145.77743530 270.88851929 329.60565186 255 64 64
99.21499634 229.89094543 376.48873901 255 64 64
101.19792938 235.19151306 382.87622070 255 64 64
104.73784637 236.86975098 372.81109619 255 64 64
106.84786987 242.35537720 379.60696411 255 64 64
94.91252899 185.84371948 382.05014038 255 64 64
92.83441925 195.06230164 386.27551270 255 64 64
96.96778107 192.38011169 373.32183838 255 64 64
95.13693237 202.37080383 377.58230591 255 64 64
142.50021362 205.69908142 318.68011475 255 64 64
144.17843628 217.42330933 315.75756836 255 64 64
152.41592407 210.21478271 316.61926270 255 64 64
154.65675354 222.48779297 314.60870361 255 64 64
123.60148621 255.60575867 337.80963135 255 64 64
125.45040894 261.72525024 344.02908325 255 64 64
130.26814270 262.70050049 334.85144043 255 64 64
132.97692871 268.63705444 342.26416016 255 64 64
114.25953674 246.46800232 353.72198486 255 64 64
116.11058807 252.25781250 360.27752686 255 64 64
119.57340240 253.88711548 350.03796387 255 64 64
122.16094971 259.47909546 357.61233521 255 64 64
127.10151672 153.72279358 330.72766113 255 64 64
126.45370483 165.58316040 326.96066284 255 64 64
135.72479248 159.97415161 326.59960938 255 64 64
135.22587585 172.59600830 323.05169678 255 64 64
130.62442017 235.74136353 321.18920898 255 64 64
132.57704163 246.64242554 322.27319336 255 64 64
140.10462952 240.94302368 317.89895630 255 64 64
143.10588074 251.85685730 319.53942871 255 64 64
97.38787079 210.49023438 368.37408447 255 64 64
97.37830353 218.05398560 373.23437500 255 64 64
100.79718018 216.99472046 362.62896729 255 64 64
101.13956451 225.41140747 367.84445190 255 64 64
103.73162842 228.60940552 359.19433594 255 64 64
104.88993073 235.39251709 364.64166260 255 64 64
108.08847046 235.60592651 354.58715820 255 64 64
109.67364502 242.99951172 360.71942139 255 64 64
101.32395172 170.12225342 363.10223389 255 64 64
98.90126038 180.82975769 364.30612183 255 64 64
104.18641663 175.67382812 355.53741455 255 64 64
102.31621552 187.16833496 356.53381348 255 64 64
127.27633667 174.17639160 329.02282715 255 64 64
127.66093445 186.28773499 324.81234741 255 64 64
136.18276978 180.50524902 324.50140381 255 64 64
136.65032959 193.30151367 320.97213745 255 64 64
119.82120514 237.33663940 331.46362305 255 64 64
120.99533081 246.94871521 333.85333252 255 64 64
126.55433655 243.57257080 326.54483032 255 64 64
128.89620972 253.58880615 329.56204224 255 64 64
99.93553162 190.25679016 361.96371460 255 64 64
98.64415741 199.94757080 364.93945312 255 64 64
102.85116577 196.47837830 355.52093506 255 64 64
102.02082825 206.98594666 358.65618896 255 64 64
126.65696716 211.82495117 324.23486328 255 64 64
127.96669006 223.57896423 322.02008057 255 64 64
135.54638672 216.44114685 319.67077637 255 64 64
137.81169128 228.71841431 318.09197998 255 64 64
111.78684998 232.04031372 343.97644043 255 64 64
112.51695251 240.79945374 347.56262207 255 64 64
116.44825745 238.66856384 338.65777588 255 64 64
118.01481628 247.91691589 343.00119019 255 64 64
114.63336182 160.50378418 340.46417236 255 64 64
113.38531494 172.27056885 337.41400146 255 64 64
121.47338104 166.23190308 334.46008301 255 64 64
120.63307190 178.72824097 331.23867798 255 64 64
103.66077423 210.86033630 352.22189331 255 64 64
103.76260376 220.16400146 355.35342407 255 64 64
107.26696777 217.39991760 346.71820068 255 64 64
107.87469482 227.45442200 350.16503906 255 64 64
123.22243500 190.17968750 328.57720947 255 64 64
123.83864594 202.34634399 325.02398682 255 64 64
131.89266968 195.87071228 322.95333862 255 64 64
132.92561340 208.73715210 320.24774170 255 64 64
106.48095703 171.80261230 349.46817017 255 64 64
105.13002014 183.20779419 348.47457886 255 64 64
110.81107330 177.55200195 342.86346436 255 64 64
110.04347992 189.53997803 341.72232056 255 64 64
116.88011932 213.63719177 331.56729126 255 64 64
117.62184143 225.15296936 330.59683228 255 64 64
123.57223511 218.81971741 325.56478882 255 64 64
125.37384033 230.85023499 325.01065063 255 64 64
114.51158142 179.14089966 337.19702148 255 64 64
114.12629700 190.99275208 334.25640869 255 64 64
121.26260376 184.48400879 331.17007446 255 64 64
121.45263672 196.92930603 328.40972900 255 64 64
104.42145538 192.52687073 348.90530396 255 64 64
103.80480957 203.26416016 349.89144897 255 64 64
108.28601074 198.23796082 342.89962769 255 64 64
108.31818390 209.59208679 343.99118042 255 64 64
109.98525238 211.32934570 340.31262207 255 64 64
110.27931213 222.22402954 341.20117188 255 64 64
114.81176758 217.04895020 334.10751343 255 64 64
115.94148254 228.48815918 335.39224243 255 64 64
234.06959534 275.27316284 408.87115479 255 64 64
234.06703186 275.25976562 408.87915039 255 64 64
234.07150269 275.27926636 408.87573242 255 64 64
234.06610107 275.26342773 408.87911987 255 64 64
182.29867554 155.98323059 379.81137085 255 64 64
182.30287170 155.97264099 379.83590698 255 64 64
182.29730225 155.97445679 379.81982422 255 64 64
182.30290222 155.95437622 379.83514404 255 64 64
150.41481018 242.52886963 396.09579468 255 64 64
150.39663696 242.52809143 396.09884644 255 64 64
150.41700745 242.53025818 396.09500122 255 64 64
150.39596558 242.52160645 396.09338379 255 64 64
213.13406372 227.29418945 345.80184937 255 64 64
213.12759399 227.28947449 345.81335449 255 64 64
213.12814331 227.29798889 345.81716919 255 64 64
213.12155151 227.28108215 345.82327271 255 64 64
200.58195496 213.91465759 403.39355469 255 64 64
200.57751465 213.91082764 403.39901733 255 64 64
200.56927490 213.91685486 403.40103149 255 64 64
200.56352234 213.90834045 403.39999390 255 64 64
152.33917236 188.66300964 415.56579590 255 64 64
152.32394409 188.66506958 415.57595825 255 64 64
152.33560181 188.66581726 415.55749512 255 64 64
152.32092285 188.66169739 415.56063843 255 64 64
257.96966553 248.45742798 372.16943359 255 64 64
257.97009277 248.44531250 372.17813110 255 64 64
257.96563721 248.46124268 372.17703247 255 64 64
257.96301270 248.44184875 372.18371582 255 64 64
185.58311462 271.78845215 420.67752075 255 64 64
185.57411194 271.77816772 420.68029785 255 64 64
185.59152222 271.78887939 420.68444824 255 64 64
185.57917786 271.77514648 420.68212891 255 64 64
165.60418701 204.36929321 372.46755981 255 64 64
165.59634399 204.36515808 372.47143555 255 64 64
165.59063721 204.37348938 372.45617676 255 64 64
165.58393860 204.36163330 372.45303345 255 64 64
205.17416382 178.12812805 345.11309814 255 64 64
205.17733765 178.12139893 345.12371826 255 64 64
205.16337585 178.13011169 345.11816406 255 64 64
205.16772461 178.11271667 345.12377930 255 64 64
187.73338318 249.86479187 377.96414185 255 64 64
187.72538757 249.86198425 377.97167969 255 64 64
187.73751831 249.86341858 377.97018433 255 64 64
187.72505188 249.85061646 377.97427368 255 64 64
224.76617432 240.96864319 391.50122070 255 64 64
224.75982666 240.96127319 391.50726318 255 64 64
224.76516724 240.96835327 391.50607300 255 64 64
224.75955200 240.95515442 391.50793457 255 64 64
200.50833130 186.62965393 380.23675537 255 64 64
200.51278687 186.61952209 380.24819946 255 64 64
200.50158691 186.63114929 380.25469971 255 64 64
200.50421143 186.61451721 380.25909424 255 64 64
230.07124329 256.09783936 354.44415283 255 64 64
230.06893921 256.09265137 354.45223999 255 64 64
230.06411743 256.10552979 354.45068359 255 64 64
230.06097412 256.09027100 354.45590210 255 64 64
227.30781555 211.48616028 375.87927246 255 64 64
227.30712891 211.48014832 375.88623047 255 64 64
227.30175781 211.48788452 375.89068604 255 64 64
227.30099487 211.47456360 375.89343262 255 64 64
199.49885559 246.83398438 408.61233521 255 64 64
199.48905945 246.82768250 408.61492920 255 64 64
199.50120544 246.83033752 408.61535645 255 64 64
199.48980713 246.82077026 408.61264038 255 64 64
180.86459351 190.89697266 404.52630615 255 64 64
180.85887146 190.89555359 404.53286743 255 64 64
180.85992432 190.89649963 404.53103638 255 64 64
180.85426331 190.88792419 404.53201294 255 64 64
140.82727051 213.26464844 402.74234009 255 64 64
140.81105042 213.26167297 402.75469971 255 64 64
140.82449341 213.26316833 402.74340820 255 64 64
140.80703735 213.25442505 402.74984741 255 64 64
193.34988403 249.00730896 346.95846558 255 64 64
193.34625244 249.00164795 346.97332764 255 64 64
193.34312439 249.01376343 346.96524048 255 64 64
193.33468628 248.99787903 346.97375488 255 64 64
163.94581604 169.16104126 396.33291626 255 64 64
163.94409180 169.15432739 396.35110474 255 64 64
163.94439697 169.15678406 396.33483887 255 64 64
163.94458008 169.14176941 396.34436035 255 64 64
187.27172852 221.23945618 375.71585083 255 64 64
187.26171875 221.23362732 375.72384644 255 64 64
187.26057434 221.24061584 375.72445679 255 64 64
187.25393677 221.22708130 375.72558594 255 64 64
177.27497864 233.25422668 397.17065430 255 64 64
177.26359558 233.25096130 397.17529297 255 64 64
177.27272034 233.25308228 397.16653442 255 64 64
177.25875854 233.24359131 397.16577148 255 64 64
248.79040527 232.57339478 353.15441895 255 64 64
248.79006958 232.56506348 353.15695190 255 64 64
248.78833008 232.57553101 353.15673828 255 64 64
248.78950500 232.56051636 353.15881348 255 64 64
210.85905457 277.43664551 421.00720215 255 64 64
210.85746765 277.42224121 421.01391602 255 64 64
210.85546875 277.44485474 421.00799561 255 64 64
210.85104370 277.42749023 421.01101685 255 64 64
209.36746216 200.21351624 360.43511963 255 64 64
209.36817932 200.20422363 360.44512939 255 64 64
209.35884094 200.21340942 360.45022583 255 64 64
209.35815430 200.19635010 360.45452881 255 64 64
166.24913025 262.21691895 381.94848633 255 64 64
166.24224854 262.21386719 381.95123291 255 64 64
166.25659180 262.21847534 381.94458008 255 64 64
166.24597168 262.20410156 381.94302368 255 64 64
160.73350525 259.77172852 411.11416626 255 64 64
160.71685791 259.76797485 411.12200928 255 64 64
160.74253845 259.77023315 411.11395264 255 64 64
160.72398376 259.76019287 411.11538696 255 64 64
201.10443115 164.15669250 365.51010132 255 64 64
201.10334778 164.15031433 365.52459717 255 64 64
201.09494019 164.15559387 365.52243042 255 64 64
201.09472656 164.13829041 365.52847290 255 64 64
248.35328674 266.36911011 390.83096313 255 64 64
248.34881592 266.36257935 390.83163452 255 64 64
248.36216736 266.36828613 390.83865356 255 64 64
248.35702515 266.35525513 390.83886719 255 64 64
203.63546753 205.62872314 337.14599609 255 64 64
203.63340759 205.62121582 337.15570068 255 64 64
203.63034058 205.63546753 337.15716553 255 64 64
203.62702942 205.61871338 337.16156006 255 64 64
160.73347473 200.76698303 397.75207520 255 64 64
160.72180176 200.76455688 397.76211548 255 64 64
160.72889709 200.76663208 397.74429321 255 64 64
160.71690369 200.75772095 397.74682617 255 64 64
206.02233887 209.87811279 381.87884521 255 64 64
206.01977539 209.87132263 381.88793945 255 64 64
206.01414490 209.88075256 381.88406372 255 64 64
206.01220703 209.86741638 381.88766479 255 64 64
144.43185425 225.11351013 384.63607788 255 64 64
144.41668701 225.11149597 384.63513184 255 64 64
144.42498779 225.11511230 384.63360596 255 64 64
144.40737915 225.10618591 384.62673950 255 64 64
239.68023682 236.55767822 377.64178467 255 64 64
239.67649841 236.55079651 377.64749146 255 64 64
239.67471313 236.55963135 377.64779663 255 64 64
239.67198181 236.54574585 377.65133667 255 64 64
183.87843323 174.05261230 389.05245972 255 64 64
183.88139343 174.04531860 389.06646729 255 64 64
183.87579346 174.05018616 389.06488037 255 64 64
183.88011169 174.03520203 389.07131958 255 64 64
162.97735596 221.05677795 390.65484619 255 64 64
162.96659851 221.05281067 390.66192627 255 64 64
162.97097778 221.05776978 390.65185547 255 64 64
162.95921326 221.04707336 390.65219116 255 64 64
184.39517212 201.56576538 388.26760864 255 64 64
184.39169312 201.56059265 388.27554321 255 64 64
184.38896179 201.56657410 388.27542114 255 64 64
184.38392639 201.55412292 388.27636719 255 64 64
217.48571777 222.29675293 391.55487061 255 64 64
217.48674011 222.28804016 391.56253052 255 64 64
217.47689819 222.29707336 391.56564331 255 64 64
217.47711182 222.28343201 391.56927490 255 64 64
233.09623718 225.72190857 362.21765137 255 64 64
233.08956909 225.71324158 362.22817993 255 64 64
233.09046936 225.72813416 362.22930908 255 64 64
233.08432007 225.71124268 362.23483276 255 64 64
222.74780273 260.41864014 403.79067993 255 64 64
222.73701477 260.40875244 403.79620361 255 64 64
222.75094604 260.41915894 403.79800415 255 64 64
222.73924255 260.40545654 403.79803467 255 64 64
196.03671265 232.01649475 397.67416382 255 64 64
196.02642822 232.01258850 397.67752075 255 64 64
196.03056335 232.01553345 397.67510986 255 64 64
196.02026367 232.00465393 397.67272949 255 64 64
177.62200928 246.64631653 410.14828491 255 64 64
177.60734558 246.64173889 410.15188599 255 64 64
177.62091064 246.64799500 410.14538574 255 64 64
177.60440063 246.63787842 410.14334106 255 64 64
211.78125000 247.48153687 348.59811401 255 64 64
211.77600098 247.47988892 348.60549927 255 64 64
211.78926086 247.48362732 348.60195923 255 64 64
211.78349304 247.46844482 348.60681152 255 64 64
217.90524292 217.52664185 361.92416382 255 64 64
217.90148926 217.51855469 361.93518066 255 64 64
217.90151978 217.53596497 361.93734741 255 64 64
217.89878845 217.51940918 361.94146729 255 64 64
225.02885437 238.38580322 352.66641235 255 64 64
225.02589417 238.37944031 352.67749023 255 64 64
225.02407837 238.39024353 352.67126465 255 64 64
225.02008057 238.37359619 352.67758179 255 64 64
208.61904907 260.91873169 411.70327759 255 64 64
208.61155701 260.90933228 411.70794678 255 64 64
208.62582397 260.91864014 411.70675659 255 64 64
208.61686707 260.90499878 411.70690918 255 64 64
200.51809692 236.81570435 340.22705078 255 64 64
200.51156616 236.80957031 340.23883057 255 64 64
200.50769043 236.81945801 340.22766113 255 64 64
200.49902344 236.80342102 340.23452759 255 64 64
194.92045593 192.44915771 397.90814209 255 64 64
194.92028809 192.44577026 397.91799927 255 64 64
194.91316223 192.44802856 397.91656494 255 64 64
194.91421509 192.43832397 397.91998291 255 64 64
165.63188171 185.99404907 407.85687256 255 64 64
165.62213135 185.99317932 407.86544800 255 64 64
165.62896729 185.99475098 407.85455322 255 64 64
165.62113953 185.98797607 407.85751343 255 64 64
226.95825195 227.71492004 380.43493652 255 64 64
226.95655823 227.70474243 380.44244385 255 64 64
226.95475769 227.71343994 380.44857788 255 64 64
226.95217896 227.69747925 380.45172119 255 64 64
158.32426453 258.31484985 394.56265259 255 64 64
158.30789185 258.31185913 394.56860352 255 64 64
158.32432556 258.31402588 394.56335449 255 64 64
158.30566406 258.30435181 394.56420898 255 64 64
205.66342163 183.35455322 366.12075806 255 64 64
205.66390991 183.34413147 366.13299561 255 64 64
205.65634155 183.35134888 366.14306641 255 64 64
205.65963745 183.33312988 366.14801025 255 64 64
210.22729492 237.16317749 400.20312500 255 64 64
210.21878052 237.15844727 400.20806885 255 64 64
210.22326660 237.15925598 400.20687866 255 64 64
210.21591187 237.14892578 400.20687866 255 64 64
247.07826233 253.90621948 382.13610840 255 64 64
247.07604980 253.89608765 382.14520264 255 64 64
247.07156372 253.91470337 382.13992310 255 64 64
247.06686401 253.89663696 382.14569092 255 64 64
150.16056824 211.00354004 391.05871582 255 64 64
150.14855957 211.00163269 391.06668091 255 64 64
150.15309143 211.00057983 391.05886841 255 64 64
150.14041138 210.99023438 391.06121826 255 64 64
177.36900330 215.24467468 385.37765503 255 64 64
177.36032104 215.24052429 385.38476562 255 64 64
177.36404419 215.25009155 385.38079834 255 64 64
177.35388184 215.23930359 385.38177490 255 64 64
166.71006775 243.45822144 394.15075684 255 64 64
166.69273376 243.45758057 394.15487671 255 64 64
166.71389771 243.45579529 394.14898682 255 64 64
166.69496155 243.44754028 394.14923096 255 64 64
188.77322388 205.06936646 405.57003784 255 64 64
188.76666260 205.06779480 405.57635498 255 64 64
188.76249695 205.07142639 405.57461548 255 64 64
188.75646973 205.06427002 405.57546997 255 64 64
175.65528870 261.69958496 416.27233887 255 64 64
175.64151001 261.69253540 416.27566528 255 64 64
175.65585327 261.69821167 416.26913452 255 64 64
175.64021301 261.68765259 416.26867676 255 64 64
250.36117554 234.27507019 367.81118774 255 64 64
250.35949707 234.26654053 367.81701660 255 64 64
250.35797119 234.27438354 367.82363892 255 64 64
250.35610962 234.25875854 367.82769775 255 64 64
190.47245789 257.13854980 413.78906250 255 64 64
190.46058655 257.12957764 413.79077148 255 64 64
190.47622681 257.13409424 413.79235840 255 64 64
190.46173096 257.12152100 413.78833008 255 64 64
235.89682007 259.63375854 394.05142212 255 64 64
235.88632202 259.62680054 394.05496216 255 64 64
235.89649963 259.63726807 394.05923462 255 64 64
235.88711548 259.62561035 394.05938721 255 64 64
187.78398132 234.15905762 369.11856079 255 64 64
187.77656555 234.15301514 369.12844849 255 64 64
187.78125000 234.15943909 369.12503052 255 64 64
187.77314758 234.14413452 369.12979126 255 64 64
210.74734497 212.05070496 350.64395142 255 64 64
210.74533081 212.03982544 350.65707397 255 64 64
210.74276733 212.05511475 350.65811157 255 64 64
210.74011230 212.03596497 350.66467285 255 64 64
152.40121460 204.58694458 408.75781250 255 64 64
152.39201355 204.58572388 408.76690674 255 64 64
152.39683533 204.59162903 408.75140381 255 64 64
152.38595581 204.58399963 408.75473022 255 64 64
205.60093689 192.13444519 343.49249268 255 64 64
205.60127258 192.12677002 343.50286865 255 64 64
205.59368896 192.14208984 343.50506592 255 64 64
205.59359741 192.12361145 343.51000977 255 64 64
245.51690674 245.53120422 357.54501343 255 64 64
245.51513672 245.52743530 357.54940796 255 64 64
245.51919556 245.53684998 357.54830933 255 64 64
245.51654053 245.52349854 357.55218506 255 64 64
221.51213074 271.13119507 412.84585571 255 64 64
221.50524902 271.11938477 412.85339355 255 64 64
221.51264954 271.13397217 412.85073853 255 64 64
221.50367737 271.11868286 412.85235596 255 64 64
202.84049988 219.39503479 337.01275635 255 64 64
202.84158325 219.38648987 337.02520752 255 64 64
202.83709717 219.39517212 337.01782227 255 64 64
202.83578491 219.37747192 337.02404785 255 64 64
174.56648254 246.71159363 375.84460449 255 64 64
174.55682373 246.70553589 375.85562134 255 64 64
174.56201172 246.70947266 375.84613037 255 64 64
174.54974365 246.69525146 375.85058594 255 64 64
175.28797913 179.23815918 398.36611938 255 64 64
175.28265381 179.23352051 398.37686157 255 64 64
175.28515625 179.23649597 398.37109375 255 64 64
175.28109741 179.22534180 398.37423706 255 64 64
172.41322327 163.53378296 387.18173218 255 64 64
172.40921021 163.52755737 387.20065308 255 64 64
172.40444946 163.53065491 387.18609619 255 64 64
172.40365601 163.51541138 387.19604492 255 64 64
198.87426758 269.30398560 418.91662598 255 64 64
198.86676025 269.29278564 418.91891479 255 64 64
198.87847900 269.30456543 418.92092896 255 64 64
198.86801147 269.28988647 418.91830444 255 64 64
190.14772034 216.75238037 389.61517334 255 64 64
190.14065552 216.74714661 389.62310791 255 64 64
190.13987732 216.75759888 389.62237549 255 64 64
190.13085938 216.74464417 389.62243652 255 64 64
193.32675171 174.69233704 379.51132202 255 64 64
193.33132935 174.68301392 379.52648926 255 64 64
193.32048035 174.69099426 379.52993774 255 64 64
193.32743835 174.67300415 379.53695679 255 64 64
155.57456970 177.18775940 406.87850952 255 64 64
155.56405640 177.18791199 406.88995361 255 64 64
155.57087708 177.19003296 406.87536621 255 64 64
155.56092834 177.18322754 406.87951660 255 64 64
174.89331055 201.95303345 397.66204834 255 64 64
174.88584900 201.95126343 397.66909790 255 64 64
174.88720703 201.95617676 397.65890503 255 64 64
174.88029480 201.94650269 397.66064453 255 64 64
226.84934998 225.53388977 350.05160522 255 64 64
226.84884644 225.52940369 350.05584717 255 64 64
226.85398865 225.53886414 350.05981445 255 64 64
226.85484314 225.52323914 350.06115723 255 64 64
212.95266724 188.39810181 356.23815918 255 64 64
212.95487976 188.38850403 356.25073242 255 64 64
212.94683838 188.40089417 356.25158691 255 64 64
212.94931030 188.38180542 356.25765991 255 64 64
167.37063599 198.79988098 386.72470093 255 64 64
167.36306763 198.79374695 386.73419189 255 64 64
167.36700439 198.80117798 386.72253418 255 64 64
167.35763550 198.78808594 386.72430420 255 64 64
155.41365051 231.12292480 393.50442505 255 64 64
155.39953613 231.11972046 393.50952148 255 64 64
155.40881348 231.12530518 393.49673462 255 64 64
155.39167786 231.11622620 393.49649048 255 64 64
208.45425415 195.24967957 371.92306519 255 64 64
208.45553589 195.24084473 371.93139648 255 64 64
208.44607544 195.25065613 371.94271851 255 64 64
208.44656372 195.23425293 371.94509888 255 64 64
197.93933105 205.36186218 394.97778320 255 64 64
197.93688965 205.35682678 394.98492432 255 64 64
197.92756653 205.35783386 394.98785400 255 64 64
197.92620850 205.34754944 394.98831177 255 64 64
185.61738586 239.09213257 404.04263306 255 64 64
185.60382080 239.08804321 404.04495239 255 64 64
185.61692810 239.08924866 404.04147339 255 64 64
185.60189819 239.07937622 404.03820801 255 64 64
209.30984497 210.80197144 367.49652100 255 64 64
209.30523682 210.79469299 367.50793457 255 64 64
209.30229187 210.80891418 367.50531006 255 64 64
209.29760742 210.79347229 367.51043701 255 64 64
191.68705750 183.45343018 389.44488525 255 64 64
191.69125366 183.44819641 389.45623779 255 64 64
191.68756104 183.45799255 389.44894409 255 64 64
191.69104004 183.44406128 389.45480347 255 64 64
165.55238342 249.46548462 404.66995239 255 64 64
165.53826904 249.45915222 404.67730713 255 64 64
165.55509949 249.46231079 404.67227173 255 64 64
165.53750610 249.45089722 404.67355347 255 64 64
206.64485168 226.21310425 396.62664795 255 64 64
206.63552856 226.20845032 396.63012695 255 64 64
206.63810730 226.21224976 396.63183594 255 64 64
206.62792969 226.20288086 396.62899780 255 64 64
220.33044434 249.02606201 400.65942383 255 64 64
220.31770325 249.01759338 400.66607666 255 64 64
220.33154297 249.02281189 400.66461182 255 64 64
220.31890869 249.01046753 400.66641235 255 64 64
194.38899231 240.16752625 377.61569214 255 64 64
194.38084412 240.16284180 377.62603760 255 64 64
194.38645935 240.16773987 377.62646484 255 64 64
194.37576294 240.15402222 377.63153076 255 64 64
203.51135254 198.47767639 382.38784790 255 64 64
203.51312256 198.47103882 382.39523315 255 64 64
203.50529480 198.47189331 382.40225220 255 64 64
203.50637817 198.45774841 382.40371704 255 64 64
237.06074524 245.69400024 384.35000610 255 64 64
237.05377197 245.68609619 384.35412598 255 64 64
237.06594849 245.69294739 384.35879517 255 64 64
237.05908203 245.67927551 384.35946655 255 64 64
193.61164856 162.84062195 374.24261475 255 64 64
193.61750793 162.82910156 374.25994873 255 64 64
193.60751343 162.83721924 374.25650024 255 64 64
193.61199951 162.81648254 374.26541138 255 64 64
176.38699341 201.68351746 375.49673462 255 64 64
176.38519287 201.67692566 375.50515747 255 64 64
176.37554932 201.68441772 375.49642944 255 64 64
176.37617493 201.66960144 375.49798584 255 64 64
186.54330444 227.09570312 386.37002563 255 64 64
186.53190613 227.09048462 386.37777710 255 64 64
186.53668213 227.09574890 386.37600708 255 64 64
186.52543640 227.08523560 386.37759399 255 64 64
217.33644104 213.34173584 384.50524902 255 64 64
217.33872986 213.33175659 384.51443481 255 64 64
217.32760620 213.33988953 384.51907349 255 64 64
217.32824707 213.32360840 384.52221680 255 64 64
171.28863525 196.13642883 407.47882080 255 64 64
171.27960205 196.13545227 407.48760986 255 64 64
171.29188538 196.14047241 407.47680664 255 64 64
171.28150940 196.13269043 407.47998047 255 64 64
146.20085144 199.36787415 416.03079224 255 64 64
146.18695068 199.36947632 416.04043579 255 64 64
146.19395447 199.37133789 416.02413940 255 64 64
146.17878723 199.36752319 416.02786255 255 64 64
235.18367004 235.55050659 355.07000732 255 64 64
235.17906189 235.54466248 355.07849121 255 64 64
235.17950439 235.55680847 355.07827759 255 64 64
235.17585754 235.54180908 355.08279419 255 64 64
233.13977051 266.98803711 402.22366333 255 64 64
233.13110352 266.97695923 402.23345947 255 64 64
233.13989258 266.99444580 402.22424316 255 64 64
233.13073730 266.97885132 402.22967529 255 64 64
161.15805054 207.18843079 386.57702637 255 64 64
161.15425110 207.18273926 386.58389282 255 64 64
161.14997864 207.18812561 386.57556152 255 64 64
161.14344788 207.17546082 386.57687378 255 64 64
171.88232422 226.40237427 391.42190552 255 64 64
171.86834717 226.40087891 391.42816162 255 64 64
171.88076782 226.40673828 391.41809082 255 64 64
171.86436462 226.39723206 391.41870117 255 64 64
189.47335815 246.10507202 410.47866821 255 64 64
189.46243286 246.09759521 410.48037720 255 64 64
189.47921753 246.10075378 410.47952271 255 64 64
189.46499634 246.08856201 410.47659302 255 64 64
210.60269165 200.98327637 344.08605957 255 64 64
210.60406494 200.97445679 344.09603882 255 64 64
210.59683228 200.98451233 344.09457397 255 64 64
210.59857178 200.96583557 344.09979248 255 64 64
169.43934631 252.80546570 384.04742432 255 64 64
169.42774963 252.80043030 384.05621338 255 64 64
169.43923950 252.80050659 384.05017090 255 64 64
169.42468262 252.78588867 384.05456543 255 64 64
234.88256836 247.29360962 355.86035156 255 64 64
234.87858582 247.28865051 355.86685181 255 64 64
234.88002014 247.30102539 355.86306763 255 64 64
234.87626648 247.28578186 355.86791992 255 64 64
209.28366089 213.74780273 390.60589600 255 64 64
209.28138733 213.74159241 390.61105347 255 64 64
209.27487183 213.74269104 390.61566162 255 64 64
209.27319336 213.73019409 390.61706543 255 64 64
209.27555847 246.09573364 406.46557617 255 64 64
209.26843262 246.08808899 406.46960449 255 64 64
209.28103638 246.09454346 406.47491455 255 64 64
209.27177429 246.08332825 406.47323608 255 64 64
205.95912170 168.21417236 357.72198486 255 64 64
205.95938110 168.20693970 357.73294067 255 64 64
205.95425415 168.21191406 357.73342896 255 64 64
205.95532227 168.19335938 357.73736572 255 64 64
197.96485901 201.06626892 405.37017822 255 64 64
197.96136475 201.06675720 405.37411499 255 64 64
197.95898438 201.07218933 405.37161255 255 64 64
197.95359802 201.06555176 405.36849976 255 64 64
209.45495605 236.57177734 345.61172485 255 64 64
209.44854736 236.56758118 345.62261963 255 64 64
209.45550537 236.58186340 345.61932373 255 64 64
209.44898987 236.56661987 345.62503052 255 64 64
189.69024658 209.43041992 382.86038208 255 64 64
189.68185425 209.42657471 382.86965942 255 64 64
189.67973328 209.43600464 382.86529541 255 64 64
189.67184448 209.42390442 382.86779785 255 64 64
178.01010132 223.98126221 380.62265015 255 64 64
177.99739075 223.97888184 380.62832642 255 64 64
178.00842285 223.98251343 380.62799072 255 64 64
177.99481201 223.97117615 380.62875366 255 64 64
235.68048096 229.30310059 371.10855103 255 64 64
235.67678833 229.29615784 371.11941528 255 64 64
235.66656494 229.30844116 371.11837769 255 64 64
235.66262817 229.29350281 371.12521362 255 64 64
222.09140015 250.39845276 352.95993042 255 64 64
222.08760071 250.39262390 352.96823120 255 64 64
222.08975220 250.40510559 352.96804810 255 64 64
222.08468628 250.38891602 352.97198486 255 64 64
218.51231384 212.10527039 371.40426636 255 64 64
218.50730896 212.09710693 371.41442871 255 64 64
218.49983215 212.11364746 371.41134644 255 64 64
218.49429321 212.09632874 371.41567993 255 64 64
158.84671021 197.19140625 409.46282959 255 64 64
158.83587646 197.18980408 409.47387695 255 64 64
158.84196472 197.18876648 409.46273804 255 64 64
158.83216858 197.18112183 409.46749878 255 64 64
171.06137085 208.19012451 382.75942993 255 64 64
171.05337524 208.18371582 382.76928711 255 64 64
171.05281067 208.18888855 382.76843262 255 64 64
171.04812622 208.17451477 382.77166748 255 64 64
181.03303528 254.20358276 383.33856201 255 64 64
181.02635193 254.19889832 383.34896851 255 64 64
181.03417969 254.20214844 383.34185791 255 64 64
181.02096558 254.18875122 383.34970093 255 64 64
225.55566406 224.95988464 368.13403320 255 64 64
225.55337524 224.95008850 368.14721680 255 64 64
225.54901123 224.96763611 368.14480591 255 64 64
225.54435730 224.94906616 368.15197754 255 64 64
166.24858093 178.21717834 402.24508667 255 64 64
166.24165344 178.21554565 402.25476074 255 64 64
166.24465942 178.21829224 402.24511719 255 64 64
166.24041748 178.20861816 402.24731445 255 64 64
202.51712036 243.84930420 346.16101074 255 64 64
202.51039124 243.84437561 346.17001343 255 64 64
202.51992798 243.85302734 346.16363525 255 64 64
202.51345825 243.83697510 346.16943359 255 64 64
166.55506897 264.45141602 416.74716187 255 64 64
166.54066467 264.44400024 416.75610352 255 64 64
166.55363464 264.44876099 416.74984741 255 64 64
166.53805542 264.43695068 416.75305176 255 64 64
185.70716858 244.00459290 370.99783325 255 64 64
185.69839478 244.00125122 371.00457764 255 64 64
185.70794678 244.00416565 371.00335693 255 64 64
185.69673157 243.99040222 371.00515747 255 64 64
185.54060364 232.64231873 379.04580688 255 64 64
185.52978516 232.63542175 379.06036377 255 64 64
185.53254700 232.64712524 379.05596924 255 64 64
185.51998901 232.63256836 379.06362915 255 64 64
151.36425781 207.15083313 399.37033081 255 64 64
151.35092163 207.14913940 399.37841797 255 64 64
151.35890198 207.14875793 399.36611938 255 64 64
151.34677124 207.13990784 399.36941528 255 64 64
224.72314453 218.63635254 382.95391846 255 64 64
224.72404480 218.62953186 382.96133423 255 64 64
224.71327209 218.63441467 382.96545410 255 64 64
224.71316528 218.62242126 382.96786499 255 64 64
182.96051025 184.36029053 398.45745850 255 64 64
182.95797729 184.35728455 398.46572876 255 64 64
182.95588684 184.35679626 398.46554565 255 64 64
182.95581055 184.34556580 398.46649170 255 64 64
193.94227600 276.26785278 421.90332031 255 64 64
193.93544006 276.25793457 421.90603638 255 64 64
193.94906616 276.26864624 421.90725708 255 64 64
193.93769836 276.25439453 421.90435791 255 64 64
204.60775757 205.38423157 372.90539551 255 64 64
204.60527039 205.37579346 372.91992188 255 64 64
204.60140991 205.38558960 372.91491699 255 64 64
204.59683228 205.37001038 372.92126465 255 64 64
217.97877502 235.74903870 395.97943115 255 64 64
217.97363281 235.74250793 395.98373413 255 64 64
217.97698975 235.74411011 395.98983765 255 64 64
217.97198486 235.73211670 395.98937988 255 64 64
194.50372314 225.64706421 391.63146973 255 64 64
194.49142456 225.64416504 391.63864136 255 64 64
194.49786377 225.65322876 391.63604736 255 64 64
194.48471069 225.64311218 391.63699341 255 64 64
240.78785706 268.30957031 397.96362305 255 64 64
240.78410339 268.30010986 397.96868896 255 64 64
240.79040527 268.31109619 397.97106934 255 64 64
240.78463745 268.29724121 397.97326660 255 64 64
188.32250977 167.58166504 381.19363403 255 64 64
188.32403564 167.57106018 381.21057129 255 64 64
188.31846619 167.57844543 381.20578003 255 64 64
188.32125854 167.56111145 381.21429443 255 64 64
151.57907104 251.30409241 395.75570679 255 64 64
151.56199646 251.29953003 395.76257324 255 64 64
151.58650208 251.30383301 395.75662231 255 64 64
151.56652832 251.29315186 395.75787354 255 64 64
168.78390503 256.48733521 412.56896973 255 64 64
168.76800537 256.48092651 412.57345581 255 64 64
168.78565979 256.48580933 412.56927490 255 64 64
168.76850891 256.47467041 412.56814575 255 64 64
168.99668884 234.50698853 394.50729370 255 64 64
168.98164368 234.50434875 394.51168823 255 64 64
168.99592590 234.50573730 394.50637817 255 64 64
168.97772217 234.49609375 394.50622559 255 64 64
176.88612366 270.71945190 420.95062256 255 64 64
176.87602234 270.70980835 420.95654297 255 64 64
176.89175415 270.72512817 420.94515991 255 64 64
176.87825012 270.71166992 420.94604492 255 64 64
152.66061401 223.99534607 387.33325195 255 64 64
152.64503479 223.99375916 387.33755493 255 64 64
152.65589905 224.00141907 387.32711792 255 64 64
152.63894653 223.99212646 387.32550049 255 64 64
195.73202515 238.53096008 403.30307007 255 64 64
195.72132874 238.52703857 403.30371094 255 64 64
195.73188782 238.53407288 403.30450439 255 64 64
195.71919250 238.52476501 403.30004883 255 64 64
184.64018250 198.02374268 408.30957031 255 64 64
184.63049316 198.02484131 408.31497192 255 64 64
184.63421631 198.02868652 408.31100464 255 64 64
184.62435913 198.02380371 408.30987549 255 64 64
143.22563171 209.52148438 410.11126709 255 64 64
143.21244812 209.52151489 410.12161255 255 64 64
143.22058105 209.52371216 410.11007690 255 64 64
143.20571899 209.51782227 410.11526489 255 64 64
208.86614990 179.64852905 352.68051147 255 64 64
208.86712646 179.64241028 352.69000244 255 64 64
208.86209106 179.65332031 352.68707275 255 64 64
208.86123657 179.63706970 352.69049072 255 64 64
214.01502991 253.13194275 405.70343018 255 64 64
214.00325012 253.12332153 405.70904541 255 64 64
214.01780701 253.13075256 405.71292114 255 64 64
214.00668335 253.11729431 405.71353149 255 64 64
241.41802979 230.08293152 364.91375732 255 64 64
241.41177368 230.07737732 364.92218018 255 64 64
241.40939331 230.08697510 364.91967773 255 64 64
241.40475464 230.07246399 364.92468262 255 64 64
229.31690979 254.47560120 395.44732666 255 64 64
229.30863953 254.46617126 395.45376587 255 64 64
229.31542969 254.47520447 395.45574951 255 64 64
229.30705261 254.46141052 395.45761108 255 64 64
218.28327942 222.59199524 355.13742065 255 64 64
218.27719116 222.58285522 355.14791870 255 64 64
218.27709961 222.59761047 355.14706421 255 64 64
218.26924133 222.57981873 355.15347290 255 64 64
234.65582275 252.05868530 389.36032104 255 64 64
234.64880371 252.05151367 389.36428833 255 64 64
234.65792847 252.06274414 389.36477661 255 64 64
234.65145874 252.04917908 389.36584473 255 64 64
217.65298462 235.52865601 349.68493652 255 64 64
217.65144348 235.52201843 349.69436646 255 64 64
217.65701294 235.53236389 349.69635010 255 64 64
217.65370178 235.51487732 349.70083618 255 64 64
183.08555603 253.15420532 413.93035889 255 64 64
183.07135010 253.14842224 413.93081665 255 64 64
183.08709717 253.15252686 413.92581177 255 64 64
183.07131958 253.14187622 413.92190552 255 64 64
144.30209351 231.43972778 390.12701416 255 64 64
144.28663635 231.43792725 390.12945557 255 64 64
144.30165100 231.44096375 390.12341309 255 64 64
144.28259277 231.43341064 390.12078857 255 64 64
197.26446533 171.84844971 372.79956055 255 64 64
197.26617432 171.83819580 372.81643677 255 64 64
197.25659180 171.84814453 372.81365967 255 64 64
197.25939941 171.82937622 372.82168579 255 64 64
159.70211792 249.72283936 395.64376831 255 64 64
159.68937683 249.71850586 395.65069580 255 64 64
159.71160889 249.72006226 395.64367676 255 64 64
159.69438171 249.70912170 395.64450073 255 64 64
211.19834900 270.45678711 416.56613159 255 64 64
211.19371033 270.44384766 416.57122803 255 64 64
211.20152283 270.45687866 416.56414795 255 64 64
211.19378662 270.44232178 416.56558228 255 64 64
197.17366028 261.97698975 415.75561523 255 64 64
197.16340637 261.96789551 415.75918579 255 64 64
197.17424011 261.97891235 415.75469971 255 64 64
197.16174316 261.96575928 415.75299072 255 64 64
210.19351196 214.99418640 343.06982422 255 64 64
210.19071960 214.98634338 343.08047485 255 64 64
210.18894958 214.99591064 343.08032227 255 64 64
210.18289185 214.97859192 343.08447266 255 64 64
180.53701782 162.72842407 383.97491455 255 64 64
180.53839111 162.71917725 383.99450684 255 64 64
180.53550720 162.72402954 383.98672485 255 64 64
180.53981018 162.70643616 383.99829102 255 64 64
195.32342529 209.69891357 407.80908203 255 64 64
195.31808472 209.69746399 407.81393433 255 64 64
195.31283569 209.70457458 407.81027222 255 64 64
195.30665588 209.69728088 407.81033325 255 64 64
203.92059326 240.44244385 403.97692871 255 64 64
203.91134644 240.43594360 403.98147583 255 64 64
203.91879272 240.44044495 403.98406982 255 64 64
203.90823364 240.43022156 403.98269653 255 64 64
164.18974304 256.77932739 388.65670776 255 64 64
164.17749023 256.77362061 388.66296387 255 64 64
164.19755554 256.77423096 388.65652466 255 64 64
164.18151855 256.76037598 388.65731812 255 64 64
179.98007202 198.01609802 381.53207397 255 64 64
179.97866821 198.01129150 381.54125977 255 64 64
179.97651672 198.01904297 381.53945923 255 64 64
179.97586060 198.00654602 381.53994751 255 64 64
201.41809082 182.25677490 373.74468994 255 64 64
201.42182922 182.24649048 373.75869751 255 64 64
201.41346741 182.25416565 373.76113892 255 64 64
201.41813660 182.23612976 373.76782227 255 64 64
194.99362183 215.31138611 395.65011597 255 64 64
194.98959351 215.30502319 395.65722656 255 64 64
194.97915649 215.30656433 395.65985107 255 64 64
194.97601318 215.29495239 395.66064453 255 64 64
207.84188843 207.67858887 358.52017212 255 64 64
207.83900452 207.66896057 358.53128052 255 64 64
207.83345032 207.68238831 358.53103638 255 64 64
207.82991028 207.66535950 358.53652954 255 64 64
250.85098267 246.04428101 374.41455078 255 64 64
250.84732056 246.03480530 374.42251587 255 64 64
250.84341431 246.04940796 374.42352295 255 64 64
250.83889771 246.03302002 374.42916870 255 64 64
188.30090332 192.02264404 402.35614014 255 64 64
188.29585266 192.02188110 402.36437988 255 64 64
188.29171753 192.01739502 402.36325073 255 64 64
188.28733826 192.00975037 402.36389160 255 64 64
180.80818176 250.97790527 373.91183472 255 64 64
180.79942322 250.97439575 373.91687012 255 64 64
180.81321716 250.97692871 373.91046143 255 64 64
180.80039978 250.96304321 373.91210938 255 64 64
214.11312866 219.58930969 349.27777100 255 64 64
214.10777283 219.58183289 349.28930664 255 64 64
214.11096191 219.59407043 349.29260254 255 64 64
214.10556030 219.57670593 349.29904175 255 64 64
241.00682068 255.80860901 386.86050415 255 64 64
240.99855042 255.80355835 386.86386108 255 64 64
241.00729370 255.81309509 386.86257935 255 64 64
241.00038147 255.80090332 386.86325073 255 64 64
242.36157227 238.46385193 355.48547363 255 64 64
242.36032104 238.46298218 355.48922729 255 64 64
242.36383057 238.47167969 355.48660278 255 64 64
242.36196899 238.46028137 355.48941040 255 64 64
200.46582031 198.26037598 389.52362061 255 64 64
200.46705627 198.25411987 389.53091431 255 64 64
200.45750427 198.25607300 389.53616333 255 64 64
200.45767212 198.24330139 389.53683472 255 64 64
174.01080322 242.20791626 404.91558838 255 64 64
173.99780273 242.20330811 404.91864014 255 64 64
174.01528931 242.20275879 404.91317749 255 64 64
173.99822998 242.19258118 404.91015625 255 64 64
215.75611877 266.20727539 411.41406250 255 64 64
215.74813843 266.19418335 411.42050171 255 64 64
215.76219177 266.21069336 411.41864014 255 64 64
215.75143433 266.19506836 411.41854858 255 64 64
208.13900757 214.34500122 402.26843262 255 64 64
208.13655090 214.34123230 402.27291870 255 64 64
208.12973022 214.34559631 402.27410889 255 64 64
208.12567139 214.33639526 402.27407837 255 64 64
224.98786926 267.29211426 407.25427246 255 64 64
224.98104858 267.28189087 407.25927734 255 64 64
224.98867798 267.29428101 407.26153564 255 64 64
224.98010254 267.28033447 407.26193237 255 64 64
225.51416016 277.28485107 414.83551025 255 64 64
225.50798035 277.27246094 414.84020996 255 64 64
225.52026367 277.28991699 414.84365845 255 64 64
225.51176453 277.27371216 414.84375000 255 64 64
205.27848816 231.22393799 342.14224243 255 64 64
205.27268982 231.21697998 342.15338135 255 64 64
205.27642822 231.23007202 342.14566040 255 64 64
205.27072144 231.21279907 342.15185547 255 64 64
225.24208069 208.15048218 369.39480591 255 64 64
225.24227905 208.14379883 369.40469360 255 64 64
225.23558044 208.15563965 369.39916992 255 64 64
225.23303223 208.13983154 369.40365601 255 64 64
226.40266418 209.84938049 383.19769287 255 64 64
226.40432739 209.84403992 383.20571899 255 64 64
226.39733887 209.84823608 383.20852661 255 64 64
226.39753723 209.83407593 383.21093750 255 64 64
174.04238892 200.47250366 389.83526611 255 64 64
174.03739929 200.46783447 389.84783936 255 64 64
174.04010010 200.47669983 389.83859253 255 64 64
174.03546143 200.46441650 389.84393311 255 64 64
203.45939636 176.17614746 366.85415649 255 64 64
203.46229553 176.16554260 366.86654663 255 64 64
203.45321655 176.17633057 366.87722778 255 64 64
203.45582581 176.15698242 366.88253784 255 64 64
256.20166016 238.70434570 366.07601929 255 64 64
256.20245361 238.69604492 366.08041382 255 64 64
256.20422363 238.70492554 366.08773804 255 64 64
256.20367432 238.68940735 366.09103394 255 64 64
162.04779053 238.03498840 396.52890015 255 64 64
162.03205872 238.03413391 396.53167725 255 64 64
162.04670715 238.03802490 396.52386475 255 64 64
162.02819824 238.02981567 396.52099609 255 64 64
243.35357666 233.43949890 371.86206055 255 64 64
243.34759521 233.43159485 371.86813354 255 64 64
243.35026550 233.44128418 371.86981201 255 64 64
243.34542847 233.42587280 371.87380981 255 64 64
155.67552185 212.70321655 386.27059937 255 64 64
155.66592407 212.70010376 386.27838135 255 64 64
155.67051697 212.70060730 386.26986694 255 64 64
155.66036987 212.68957520 386.27267456 255 64 64
203.54289246 274.90701294 420.67111206 255 64 64
203.53564453 274.89785767 420.67568970 255 64 64
203.55136108 274.90548706 420.67446899 255 64 64
203.54104614 274.89212036 420.67449951 255 64 64
162.82894897 199.32563782 380.81433105 255 64 64
162.82186890 199.31967163 380.82296753 255 64 64
162.82176208 199.32295227 380.80996704 255 64 64
162.81416321 199.30961609 380.81201172 255 64 64
170.25494385 174.17041016 396.16781616 255 64 64
170.25311279 174.16461182 396.18261719 255 64 64
170.25372314 174.16955566 396.16964722 255 64 64
170.25402832 174.15682983 396.17599487 255 64 64
149.00492859 218.04747009 384.70935059 255 64 64
148.99545288 218.04467773 384.71517944 255 64 64
148.99885559 218.04924011 384.70776367 255 64 64
148.98754883 218.03987122 384.70748901 255 64 64
203.89923096 255.17726135 411.16992188 255 64 64
203.89549255 255.16650391 411.17636108 255 64 64
203.90533447 255.17486572 411.17437744 255 64 64
203.89819336 255.16134644 411.17401123 255 64 64
212.66882324 192.07455444 349.76315308 255 64 64
212.67010498 192.06549072 349.77502441 255 64 64
212.66467285 192.07894897 349.77426147 255 64 64
212.66427612 192.05966187 349.77941895 255 64 64
207.33018494 177.94102478 359.76110840 255 64 64
207.33013916 177.93252563 359.77038574 255 64 64
207.32411194 177.94499207 359.77581787 255 64 64
207.32283020 177.92671204 359.77783203 255 64 64
232.29789734 232.81645203 381.08029175 255 64 64
232.29586792 232.80694580 381.08862305 255 64 64
232.29423523 232.81732178 381.09011841 255 64 64
232.29119873 232.80175781 381.09393311 255 64 64
218.69020081 244.18116760 350.88204956 255 64 64
218.68461609 244.17485046 350.89251709 255 64 64
218.68887329 244.18765259 350.88958740 255 64 64
218.68205261 244.17137146 350.89505005 255 64 64
210.86032104 211.68508911 374.58288574 255 64 64
210.85792542 211.67518616 374.59558105 255 64 64
210.85009766 211.68882751 374.58889771 255 64 64
210.84495544 211.67185974 374.59487915 255 64 64
253.44638062 256.77899170 380.07400513 255 64 64
253.45063782 256.76434326 380.08407593 255 64 64
253.44642639 256.78234863 380.08413696 255 64 64
253.44558716 256.76220703 380.09173584 255 64 64
154.39324951 182.63523865 412.04083252 255 64 64
154.38356018 182.63528442 412.05050659 255 64 64
154.39108276 182.63647461 412.03472900 255 64 64
154.38122559 182.63003540 412.03784180 255 64 64
223.51156616 214.03654480 365.47161865 255 64 64
223.50852966 214.02961731 365.48199463 255 64 64
223.50942993 214.04110718 365.48199463 255 64 64
223.50552368 214.02432251 365.48657227 255 64 64
180.89160156 209.09719849 383.70944214 255 64 64
180.88562012 209.09330750 383.71752930 255 64 64
180.88269043 209.10540771 383.71377563 255 64 64
180.87693787 209.09483337 383.71493530 255 64 64
201.24954224 209.33280945 389.88183594 255 64 64
201.24719238 209.32762146 389.88879395 255 64 64
201.24414062 209.33187866 389.88897705 255 64 64
201.24185181 209.32034302 389.89041138 255 64 64
183.87899780 229.12225342 392.81863403 255 64 64
183.86532593 229.11766052 392.82482910 255 64 64
183.87101746 229.12327576 392.82183838 255 64 64
183.85714722 229.11283875 392.82162476 255 64 64
195.89544678 182.21923828 383.65228271 255 64 64
195.89662170 182.21163940 383.66323853 255 64 64
195.88902283 182.21841431 383.66308594 255 64 64
195.89132690 182.20346069 383.66748047 255 64 64
222.16813660 228.50489807 385.78811646 255 64 64
222.16273499 228.49748230 385.79531860 255 64 64
222.16470337 228.50399780 385.79516602 255 64 64
222.15963745 228.49148560 385.79745483 255 64 64
211.98217773 195.59286499 365.64480591 255 64 64
211.98175049 195.58215332 365.65823364 255 64 64
211.97274780 195.59838867 365.65939331 255 64 64
211.97079468 195.57925415 365.66540527 255 64 64
162.62786865 191.16618347 411.88015747 255 64 64
162.61560059 191.16659546 411.88919067 255 64 64
162.62431335 191.16549683 411.87503052 255 64 64
162.61354065 191.16007996 411.87783813 255 64 64
190.84399414 227.90472412 378.59060669 255 64 64
190.83332825 227.89923096 378.60449219 255 64 64
190.83694458 227.91014099 378.59844971 255 64 64
190.82496643 227.89584351 378.60461426 255 64 64
230.54263306 246.26455688 389.55123901 255 64 64
230.53900146 246.25607300 389.55661011 255 64 64
230.54338074 246.26641846 389.56155396 255 64 64
230.53976440 246.25363159 389.56317139 255 64 64
229.14019775 260.03723145 399.86672974 255 64 64
229.13247681 260.02761841 399.87252808 255 64 64
229.13885498 260.03836060 399.87713623 255 64 64
229.12944031 260.02542114 399.87765503 255 64 64
170.33158875 215.29666138 384.63702393 255 64 64
170.32270813 215.29080200 384.64532471 255 64 64
170.32376099 215.29502869 384.63943481 255 64 64
170.31294250 215.28305054 384.64120483 255 64 64
165.18197632 197.47677612 373.95227051 255 64 64
165.17636108 197.46945190 373.96044922 255 64 64
165.16996765 197.47792053 373.94174194 255 64 64
165.16567993 197.46240234 373.94244385 255 64 64
166.22746277 164.43547058 390.42120361 255 64 64
166.22583008 164.42959595 390.43936157 255 64 64
166.21994019 164.43305969 390.42425537 255 64 64
166.22178650 164.41783142 390.43313599 255 64 64
240.02775574 251.81774902 357.42001343 255 64 64
240.02842712 251.81069946 357.42614746 255 64 64
240.03308105 251.82315063 357.42666626 255 64 64
240.03091431 251.80636597 357.43127441 255 64 64
207.49201965 172.08474731 352.08248901 255 64 64
207.49398804 172.07687378 352.09399414 255 64 64
207.48583984 172.08563232 352.09341431 255 64 64
207.48756409 172.06692505 352.09738159 255 64 64
203.45928955 196.99444580 338.90335083 255 64 64
203.45973206 196.98599243 338.91403198 255 64 64
203.45623779 196.99618530 338.91186523 255 64 64
203.45497131 196.97851562 338.91561890 255 64 64
161.29920959 173.20622253 401.39343262 255 64 64
161.29081726 173.20578003 401.40554810 255 64 64
161.29223633 173.20948792 401.39053345 255 64 64
161.28683472 173.20126343 401.39459229 255 64 64
162.26493835 213.68693542 388.91986084 255 64 64
162.25845337 213.68414307 388.92788696 255 64 64
162.26130676 213.68853760 388.91940308 255 64 64
162.25317383 213.67720032 388.92028809 255 64 64
212.26440430 200.15231323 354.07711792 255 64 64
212.26699829 200.14352417 354.08578491 255 64 64
212.25825500 200.15948486 354.09344482 255 64 64
212.26063538 200.14161682 354.09631348 255 64 64
189.96752930 205.54029846 389.58929443 255 64 64
189.96583557 205.53561401 389.59420776 255 64 64
189.96083069 205.54618835 389.59429932 255 64 64
189.95602417 205.53471375 389.59249878 255 64 64
237.97119141 271.71505737 403.57272339 255 64 64
237.96484375 271.70404053 403.57806396 255 64 64
237.97221375 271.71740723 403.57806396 255 64 64
237.96456909 271.70239258 403.58053589 255 64 64
225.13467407 248.96699524 395.84857178 255 64 64
225.12443542 248.96080017 395.85269165 255 64 64
225.13322449 248.97006226 395.85171509 255 64 64
225.12420654 248.95811462 395.85247803 255 64 64
192.51225281 239.97172546 371.08258057 255 64 64
192.50579834 239.96836853 371.09152222 255 64 64
192.51345825 239.97222900 371.08959961 255 64 64
192.50454712 239.95904541 371.09286499 255 64 64
204.49757385 185.44441223 343.24426270 255 64 64
204.49946594 185.43576050 343.25601196 255 64 64
204.49003601 185.45077515 343.25619507 255 64 64
204.49203491 185.43136597 343.26046753 255 64 64
218.36180115 229.18118286 391.34039307 255 64 64
218.35755920 229.17434692 391.34906006 255 64 64
218.35455322 229.18399048 391.34732056 255 64 64
218.34970093 229.17141724 391.35076904 255 64 64
218.11169434 215.58125305 392.06509399 255 64 64
218.11404419 215.57318115 392.07281494 255 64 64
218.10621643 215.58012390 392.08099365 255 64 64
218.10659790 215.56781006 392.08361816 255 64 64
220.46536255 242.12973022 396.58532715 255 64 64
220.45687866 242.12318420 396.58966064 255 64 64
220.46644592 242.12420654 396.59747314 255 64 64
220.45828247 242.11277771 396.59649658 255 64 64
208.04724121 189.43188477 368.52728271 255 64 64
208.04611206 189.42073059 368.54214478 255 64 64
208.04197693 189.43385315 368.53802490 255 64 64
208.03919983 189.41519165 368.54388428 255 64 64
168.91496277 202.53910828 394.57812500 255 64 64
168.90538025 202.53776550 394.58538818 255 64 64
168.91419983 202.54161072 394.57635498 255 64 64
168.90260315 202.53404236 394.57843018 255 64 64
177.73089600 226.24545288 386.94857788 255 64 64
177.71801758 226.24482727 386.95504761 255 64 64
177.72833252 226.25189209 386.94967651 255 64 64
177.71386719 226.24244690 386.95050049 255 64 64
191.23825073 198.97116089 407.43334961 255 64 64
191.23161316 198.97111511 407.43865967 255 64 64
191.23291016 198.97610474 407.43725586 255 64 64
191.22564697 198.97067261 407.43606567 255 64 64
188.07868958 262.99990845 416.02929688 255 64 64
188.06552124 262.99212646 416.03076172 255 64 64
188.08729553 263.00265503 416.02804565 255 64 64
188.07026672 262.99026489 416.02416992 255 64 64
196.09614563 253.91819763 412.06890869 255 64 64
196.08511353 253.90934753 412.07138062 255 64 64
196.09867859 253.92028809 412.07208252 255 64 64
196.08531189 253.90798950 412.06970215 255 64 64
192.22178650 268.62722778 418.65039062 255 64 64
192.20933533 268.61975098 418.65243530 255 64 64
192.22332764 268.62878418 418.64813232 255 64 64
192.20788574 268.61776733 418.64489746 255 64 64
216.01664734 275.05032349 417.24765015 255 64 64
216.00886536 275.04046631 417.25204468 255 64 64
216.02522278 275.05444336 417.24865723 255 64 64
216.01675415 275.04058838 417.24920654 255 64 64
212.27194214 229.74014282 395.98782349 255 64 64
212.26568604 229.73713684 395.99298096 255 64 64
212.27062988 229.74012756 395.99362183 255 64 64
212.26330566 229.72953796 395.99377441 255 64 64
198.33857727 224.95602417 397.03634644 255 64 64
198.32847595 224.95327759 397.04159546 255 64 64
198.33222961 224.95809937 397.04031372 255 64 64
198.32214355 224.95002747 397.03982544 255 64 64
157.82159424 202.34515381 391.97366333 255 64 64
157.81478882 202.34056091 391.98330688 255 64 64
157.81709290 202.34608459 391.96990967 255 64 64
157.80833435 202.33427429 391.97222900 255 64 64
230.80899048 241.48037720 353.78100586 255 64 64
230.80348206 241.47412109 353.78924561 255 64 64
230.80300903 241.48937988 353.78616333 255 64 64
230.80088806 241.47444153 353.78970337 255 64 64
168.78335571 196.48803711 380.04971313 255 64 64
168.77677917 196.48168945 380.06002808 255 64 64
168.77839661 196.48828125 380.04660034 255 64 64
168.77212524 196.47425842 380.04895020 255 64 64
204.70614624 214.21447754 395.38644409 255 64 64
204.70187378 214.20898438 395.39062500 255 64 64
204.69892883 214.21076965 395.39428711 255 64 64
204.69371033 214.20011902 395.39355469 255 64 64
204.58575439 224.70989990 341.15045166 255 64 64
204.58210754 224.70378113 341.16094971 255 64 64
204.58210754 224.71388245 341.15780640 255 64 64
204.57673645 224.69708252 341.16290283 255 64 64
242.12750244 264.11224365 393.02798462 255 64 64
242.12048340 264.10336304 393.03353882 255 64 64
242.13058472 264.11389160 393.03479004 255 64 64
242.12368774 264.09848022 393.03759766 255 64 64
209.93733215 185.51119995 349.82760620 255 64 64
209.93707275 185.50543213 349.83648682 255 64 64
209.93167114 185.52081299 349.83776855 255 64 64
209.93130493 185.50411987 349.84063721 255 64 64
163.63838196 200.18449402 406.13391113 255 64 64
163.63313293 200.18234253 406.14324951 255 64 64
163.64070129 200.18414307 406.13455200 255 64 64
163.63401794 200.17578125 406.13888550 255 64 64
209.18736267 205.69943237 352.41638184 255 64 64
209.18397522 205.69015503 352.42880249 255 64 64
209.17887878 205.70509338 352.42578125 255 64 64
209.17431641 205.68646240 352.43310547 255 64 64
242.42060852 232.56452942 358.29177856 255 64 64
242.41857910 232.55850220 358.29818726 255 64 64
242.41896057 232.56921387 358.29293823 255 64 64
242.41699219 232.55323792 358.29858398 255 64 64
223.32546997 219.99417114 359.23937988 255 64 64
223.32171631 219.98797607 359.25036621 255 64 64
223.31773376 220.00370789 359.25219727 255 64 64
223.31254578 219.98756409 359.25857544 255 64 64
203.50796509 231.90945435 397.17001343 255 64 64
203.50007629 231.90403748 397.17333984 255 64 64
203.50338745 231.90959167 397.17230225 255 64 64
203.49462891 231.89944458 397.17120361 255 64 64
210.63519287 221.75183105 343.44967651 255 64 64
210.63220215 221.74580383 343.46179199 255 64 64
210.63307190 221.75466919 343.46069336 255 64 64
210.62722778 221.73779297 343.46688843 255 64 64
198.06097412 159.59265137 368.99984741 255 64 64
198.06172180 159.58349609 369.01483154 255 64 64
198.05215454 159.58757019 369.01181030 255 64 64
198.05235291 159.56700134 369.01678467 255 64 64
211.07641602 213.13946533 357.04843140 255 64 64
211.07122803 213.13069153 357.06341553 255 64 64
211.06797791 213.14791870 357.05972290 255 64 64
211.06166077 213.13066101 357.06655884 255 64 64
201.34484863 204.61999512 385.46490479 255 64 64
201.34255981 204.61285400 385.47622681 255 64 64
201.33782959 204.62063599 385.46609497 255 64 64
201.33488464 204.60653687 385.47012329 255 64 64
165.57183838 227.73590088 391.09317017 255 64 64
165.56150818 227.73295593 391.09890747 255 64 64
165.57096863 227.73495483 391.09347534 255 64 64
165.55697632 227.72525024 391.09298706 255 64 64
216.85726929 253.46435547 350.77798462 255 64 64
216.85253906 253.46212769 350.78421021 255 64 64
216.85414124 253.46890259 350.78237915 255 64 64
216.84796143 253.45579529 350.78491211 255 64 64
182.68197632 230.49461365 373.69750977 255 64 64
182.67211914 230.48660278 373.71130371 255 64 64
182.67620850 230.49638367 373.70251465 255 64 64
182.66679382 230.48040771 373.71014404 255 64 64
215.94869995 194.03193665 356.97937012 255 64 64
215.94995117 194.02177429 356.99166870 255 64 64
215.94421387 194.03372192 356.99810791 255 64 64
215.94635010 194.01470947 357.00332642 255 64 64
168.79142761 222.82687378 387.09799194 255 64 64
168.78019714 222.82296753 387.10305786 255 64 64
168.78495789 222.82646179 387.09527588 255 64 64
168.77220154 222.81576538 387.09478760 255 64 64
290.70211792 250.72714233 315.02001953 64 255 128
89.34641266 182.26445007 436.53070068 64 255 128
165.33346558 270.75524902 329.05404663 64 255 128
194.72401428 133.31181335 344.59802246 64 255 128
232.28120422 290.26202393 419.80407715 64 255 128
112.55685425 188.69653320 335.20452881 64 255 128
195.31300354 209.70100403 407.80197144 64 255 128
116.08800507 249.88299561 396.29699707 64 255 128
127.28472137 129.71771240 385.75540161 64 255 128
232.27871704 251.70663452 353.98294067 64 255 128
191.30268860 200.99055481 328.24945068 64 255 128
166.98800659 282.08999634 425.11199951 64 255 128
143.09599304 185.37100220 419.49099731 64 255 128
116.08419800 242.64189148 337.31115723 64 255 128
278.89346313 267.82189941 375.77227783 64 255 128
195.07722473 286.05255127 376.39953613 64 255 128
138.45816040 142.19860840 330.15655518 64 255 128
91.53136444 202.97760010 384.30407715 64 255 128
180.53862000 162.71873474 383.98153687 64 255 128
184.48699951 238.20700073 371.10498047 64 255 128
155.40231323 228.91789246 312.84042358 64 255 128
149.12399292 275.25698853 374.44400024 64 255 128
203.90200806 255.17300415 411.16299438 64 255 128
160.87654114 201.52423096 373.13327026 64 255 128
225.23721313 208.14419556 369.38870239 64 255 128
100.48600769 161.03773499 371.08294678 64 255 128
115.94167328 147.87330627 424.57348633 64 255 128
153.72052002 180.42279053 323.63168335 64 255 128
261.54916382 232.46362305 342.47283936 64 255 128
238.92869568 287.81024170 376.51470947 64 255 128
207.49012756 172.08023071 352.08111572 64 255 128
159.34449768 117.63114929 360.81301880 64 255 128
191.29988098 240.75125122 327.75772095 64 255 128
153.69999695 235.35899353 395.77297974 64 255 128
115.71800232 213.92799377 414.29598999 64 255 128
229.28784180 239.15017700 387.51797485 64 255 128
197.16683960 294.54330444 411.29388428 64 255 128
201.49935913 265.42037964 349.20056152 64 255 128
100.62999725 233.48001099 369.84597778 64 255 128
171.77619934 152.98345947 329.61044312 64 255 128
134.15299988 269.43902588 343.51699829 64 255 128
150.90623474 154.65806580 391.41644287 64 255 128
126.17957306 214.95715332 324.36358643 64 255 128
91.22547150 173.71102905 403.40576172 64 255 128
213.12031555 227.29148865 345.80554199 64 255 128
112.78426361 157.91874695 340.60226440 64 255 128
278.63735962 258.73614502 343.63366699 64 255 128
153.73399353 265.03100586 403.64999390 64 255 128
122.31221008 134.81840515 355.81549072 64 255 128
257.84329224 283.76837158 401.68936157 64 255 128
200.50094604 186.62544250 380.23651123 64 255 128
91.64900208 228.22900391 402.44299316 64 255 128
170.60696411 189.53660583 406.22378540 64 255 128
257.96994019 248.45355225 372.16372681 64 255 128
141.79196167 255.07235718 318.76519775 64 255 128
88.26599884 211.34899902 427.49200439 64 255 128
102.26129913 210.65827942 353.33187866 64 255 128
173.70806885 282.08303833 356.74084473 64 255 128
119.43000031 256.00299072 365.55401611 64 255 128
116.30527496 181.00485229 429.18380737 64 255 128
233.13800049 266.98498535 402.21801758 64 255 128
127.14600372 221.99299622 388.73400879 64 255 128
106.37150574 148.66416931 395.73056030 64 255 128
170.23600769 286.19400024 390.78799438 64 255 128
184.53500366 235.91500854 399.80599976 64 255 128
180.29434204 135.46745300 369.02001953 64 255 128
220.77445984 296.34143066 394.73300171 64 255 128
146.84201050 209.27900696 405.02499390 64 255 128
164.30950928 203.49650574 320.14596558 64 255 128
212.32788086 197.94525146 347.42904663 64 255 128
98.10608673 184.35169983 360.40240479 64 255 128
185.01800537 211.77799988 381.30599976 64 255 128
250.91474915 271.19384766 359.93457031 64 255 128
183.69537354 177.23750305 329.09671021 64 255 128
162.75718689 129.12202454 337.20852661 64 255 128
165.73600769 256.08700562 381.88998413 64 255 128
176.62100220 257.30099487 414.23898315 64 255 128
223.14297485 275.25369263 359.20828247 64 255 128
198.57963562 152.51254272 365.87820435 64 255 128
241.40907288 230.08287048 364.91128540 64 255 128
133.08390808 159.83456421 411.28851318 64 255 128
132.14826965 167.21585083 326.52026367 64 255 128
218.11012268 215.57272339 392.06738281 64 255 128
130.33700562 269.26800537 389.39498901 64 255 128
170.47999573 249.19281006 316.89944458 64 255 128
134.01806641 193.58790588 321.52774048 64 255 128
210.86000061 277.43200684 420.99899292 64 255 128
154.17277527 131.98533630 379.64517212 64 255 128
182.67234802 219.73146057 320.86352539 64 255 128
140.94990540 123.46545410 347.28292847 64 255 128
97.29785156 161.54956055 422.34017944 64 255 128
189.13400269 285.50646973 431.23150635 64 255 128
88.29671478 195.35574341 408.89916992 64 255 128
132.55950928 234.92701721 318.38311768 64 255 128
195.86482239 155.07807922 338.72348022 64 255 128
185.65315247 262.03979492 333.72994995 64 255 128
271.58068848 245.56410217 325.93017578 64 255 128
93.96976471 181.20265198 382.74310303 64 255 128
109.98237610 223.62153625 336.98971558 64 255 128
127.84221649 137.83239746 406.56521606 64 255 128
180.53659058 119.72286987 353.80209351 64 255 128
256.58166504 266.36416626 385.08374023 64 255 128
153.08030701 274.69097900 352.33786011 64 255 128
151.41264343 158.74281311 323.49606323 64 255 128
215.91789246 287.73077393 373.94345093 64 255 128
148.99499512 218.04800415 384.70101929 64 255 128
210.22140503 237.15985107 400.19671631 64 255 128
111.12100983 143.75769043 374.91937256 64 255 128
211.77827454 247.48403931 348.59146118 64 255 128
204.59460449 205.37948608 372.90582275 64 255 128
112.26499939 230.27999878 401.95300293 64 255 128
135.72999573 244.94999695 392.07800293 64 255 128
200.55329895 220.70782471 332.10968018 64 255 128
266.32559204 263.86614990 358.71731567 64 255 128
168.77999878 222.82699585 387.08599854 64 255 128
105.04899597 198.71800232 429.01501465 64 255 128
163.94946289 169.15776062 396.32937622 64 255 128
166.15177917 147.64549255 379.28994751 64 255 128
188.85626221 186.49099731 397.55661011 64 255 128
92.19499969 220.83300781 382.81802368 64 255 128
127.36499023 197.06500244 421.74200439 64 255 128
241.00306702 293.45803833 399.60531616 64 255 128
177.49789429 291.08154297 408.01632690 64 255 128
199.34118652 185.58206177 340.20166016 64 255 128
141.75106812 121.91941071 368.37243652 64 255 128
168.90899658 202.54800415 394.56900024 64 255 128
192.21200562 268.62902832 418.63699341 64 255 128
228.95770264 221.77436829 353.52230835 64 255 128
159.44367981 284.43862915 407.53454590 64 255 128
184.86900330 255.39801025 380.48300171 64 255 128
103.32022095 174.68420410 344.26269531 64 255 128
146.06092834 209.63374329 321.36093140 64 255 128
193.34446716 249.00546265 346.96124268 64 255 128
191.91310120 278.95037842 357.59976196 64 255 128
254.70939636 245.39862061 353.46469116 64 255 128
293.61749268 253.13687134 333.88412476 64 255 128
202.67703247 292.09121704 392.35159302 64 255 128
100.75999451 239.60900879 390.75198364 64 255 128
255.79812622 283.34832764 379.45205688 64 255 128
167.44099426 245.91999817 401.84597778 64 255 128
105.91793060 157.70594788 437.55871582 64 255 128
167.76663208 168.62767029 322.86190796 64 255 128
109.96141815 207.15774536 332.74108887 64 255 128
127.57401276 255.38882446 331.44656372 64 255 128
109.65314484 150.23143005 356.97341919 64 255 128
212.88755798 295.18142700 421.24819946 64 255 128
172.16369629 189.78591919 325.53887939 64 255 128
224.47149658 224.67704773 377.42819214 64 255 128
211.06205750 213.13728333 357.05163574 64 255 128
194.55107117 168.80650330 375.22640991 64 255 128
109.15700531 241.11000061 355.56301880 64 255 128
179.40580750 138.25794983 336.57351685 64 255 128
141.47790527 140.37014771 393.68307495 64 255 128
145.11791992 268.64459229 329.30584717 64 255 128
210.15699768 188.36715698 361.97256470 64 255 128
241.00991821 255.80430603 386.85345459 64 255 128
90.10855103 211.07530212 403.41278076 64 255 128
132.58099365 266.80200195 369.82598877 64 255 128
123.41609955 142.47529602 340.10006714 64 255 128
148.84677124 168.64337158 405.19949341 64 255 128
167.13600159 283.44100952 373.97302246 64 255 128
172.64234924 232.57075500 314.27157593 64 255 128
96.17088318 200.24501038 366.97061157 64 255 128
116.74730682 173.29786682 331.89370728 64 255 128
155.89610291 142.18597412 328.96954346 64 255 128
96.34788513 163.20489502 388.36535645 64 255 128
122.81900024 256.96798706 348.50399780 64 255 128
198.32791138 224.95336914 397.03204346 64 255 128
271.03463745 243.90795898 349.94683838 64 255 128
130.83299255 214.35000610 403.36700439 64 255 128
218.49099731 253.26800537 402.94201660 64 255 128
177.46873474 271.39773560 344.65234375 64 255 128
103.24069214 195.83464050 349.33013916 64 255 128
110.57900238 249.31800842 378.03799438 64 255 128
99.59399414 218.55400085 417.70898438 64 255 128
162.36099243 271.80200195 389.05001831 64 255 128
203.65559387 146.99824524 350.99987793 64 255 128
201.24287415 209.32777405 389.87640381 64 255 128
242.32899475 281.19201660 409.98501587 64 255 128
119.88545227 163.78813171 426.12878418 64 255 128
238.65872192 279.98184204 362.26751709 64 255 128
206.93138123 277.21173096 361.31298828 64 255 128
186.52999878 227.09300232 386.36401367 64 255 128
286.95812988 259.98123169 358.17166138 64 255 128
162.20680237 267.96838379 417.04931641 64 255 128
90.03398895 182.06124878 420.59548950 64 255 128
200.50378418 236.81288147 340.21823120 64 255 128
151.57099915 251.30900574 395.74600220 64 255 128
103.83921814 173.71017456 435.98281860 64 255 128
153.87699890 197.33500671 412.89898682 64 255 128
179.97573853 198.01702881 381.52926636 64 255 128
194.08021545 136.19863892 361.66177368 64 255 128
195.87562561 171.08334351 339.90026855 64 255 128
124.38634491 153.75862122 328.75411987 64 255 128
165.80682373 218.28955078 316.85327148 64 255 128
150.54232788 194.02445984 321.21710205 64 255 128
182.45199585 201.51400757 403.58200073 64 255 128
243.21783447 241.14018250 376.64855957 64 255 128
112.95699310 142.61808777 409.00955200 64 255 128
187.34678650 290.22549438 389.11709595 64 255 128
225.52099609 277.27999878 414.82998657 64 255 128
217.20295715 261.52822876 352.40216064 64 255 128
203.62913513 205.62547302 337.14593506 64 255 128
189.46998596 246.10200500 410.47097778 64 255 128
103.18628693 226.77638245 355.85211182 64 255 128
145.25300598 264.42401123 390.29299927 64 255 128
154.22254944 246.75030518 314.74093628 64 255 128
131.73802185 174.94132996 418.68832397 64 255 128
98.05472565 161.40789795 406.89013672 64 255 128
177.41404724 176.33493042 394.61849976 64 255 128
269.19839478 277.71347046 388.58081055 64 255 128
119.53455353 229.97262573 325.57104492 64 255 128
262.78161621 274.25521851 369.09036255 64 255 128
225.02052307 238.38340759 352.66589355 64 255 128
121.99600220 260.28298950 379.87200928 64 255 128
215.75898743 266.20401001 411.40698242 64 255 128
183.92225647 163.48686218 332.33029175 64 255 128
106.17861938 165.49063110 355.34963989 64 255 128
97.36248016 215.40029907 368.42535400 64 255 128
167.58914185 126.38589478 369.72036743 64 255 128
139.76701355 231.22000122 387.33999634 64 255 128
183.41886902 149.74830627 374.53292847 64 255 128
176.88299561 270.72097778 420.93399048 64 255 128
247.05099487 255.33267212 358.18423462 64 255 128
203.45329285 176.16696167 366.85662842 64 255 128
139.52397156 222.54792786 315.67230225 64 255 128
87.23899078 196.50042725 428.92272949 64 255 128
157.76878357 181.24418640 407.58135986 64 255 128
121.37170410 200.59751892 325.33453369 64 255 128
158.50320435 260.81826782 320.51608276 64 255 128
142.64358521 125.28030396 385.61215210 64 255 128
147.85128784 131.10232544 336.43539429 64 255 128
139.91000366 202.87300110 416.45602417 64 255 128
127.51570129 182.27832031 327.02447510 64 255 128
128.10775757 129.01023865 370.65930176 64 255 128
122.18000031 235.64300537 391.40298462 64 255 128
227.45944214 297.08795166 407.69769287 64 255 128
227.36253357 292.34298706 382.89480591 64 255 128
181.88578796 283.42779541 371.61660767 64 255 128
210.21429443 295.52102661 404.94540405 64 255 128
255.97309875 231.02693176 356.90313721 64 255 128
154.33099365 206.53199768 391.72500610 64 255 128
168.34631348 119.50841522 346.09149170 64 255 128
202.99960327 289.49548340 431.18957520 64 255 128
237.64651489 266.42126465 356.69769287 64 255 128
246.52195740 271.77221680 396.95852661 64 255 128
156.53607178 277.66360474 338.77716064 64 255 128
174.55912781 246.70567322 375.83590698 64 255 128
268.92453003 258.02706909 371.19644165 64 255 128
180.08265686 207.10340881 323.34448242 64 255 128
90.37120056 191.35041809 394.89782715 64 255 128
99.19593048 174.07167053 371.10379028 64 255 128
105.99400330 243.07299805 402.97000122 64 255 128
137.98992920 154.44635010 324.01968384 64 255 128
174.93977356 259.52645874 324.36645508 64 255 128
168.99000549 234.50500488 394.49798584 64 255 128
130.74832153 131.27072144 343.57064819 64 255 128
197.50863647 197.09617615 394.85867310 64 255 128
138.26599121 270.37799072 357.96298218 64 255 128
133.73799133 258.12399292 396.44900513 64 255 128
181.10397339 291.79809570 421.23745728 64 255 128
116.59925079 137.36495972 389.45892334 64 255 128
153.54280090 118.80654144 348.30773926 64 255 128
278.81942749 246.55947876 337.57901001 64 255 128
140.34718323 177.71997070 325.97079468 64 255 128
226.39645386 209.84262085 383.19369507 64 255 128
210.18241882 214.98910522 343.06814575 64 255 128
282.79815674 255.07247925 324.76651001 64 255 128
237.54661560 240.17880249 356.80957031 64 255 128
171.05198669 208.18800354 382.75799561 64 255 128
279.99536133 242.96891785 315.53494263 64 255 128
125.85058594 245.84472656 326.20626831 64 255 128
191.07008362 228.05239868 326.98922729 64 255 128
162.13061523 279.16662598 362.12493896 64 255 128
218.35906982 229.17742920 391.33850098 64 255 128
275.55966187 253.24758911 358.42727661 64 255 128
187.09400940 225.54800415 373.13000488 64 255 128
99.97530365 188.90316772 436.51809692 64 255 128
208.12727356 214.34228516 402.26205444 64 255 128
249.17417908 288.86083984 390.94512939 64 255 128
205.12371826 160.01480103 354.81173706 64 255 128
103.83938599 151.71488953 412.02954102 64 255 128
119.58200073 219.73001099 399.77499390 64 255 128
140.06300354 214.25700378 394.26602173 64 255 128
189.25740051 266.68716431 344.60635376 64 255 128
189.19960022 188.23516846 329.35180664 64 255 128
190.67366028 212.79847717 327.97613525 64 255 128
214.38081360 212.48439026 379.60705566 64 255 128
179.76695251 126.48180389 343.13146973 64 255 128
262.70303345 240.67640686 361.63064575 64 255 128
213.47172546 291.49304199 385.41110229 64 255 128
168.75521851 160.20277405 386.00695801 64 255 128
180.93193054 240.24423218 320.05297852 64 255 128
95.41127777 189.39230347 374.14495850 64 255 128
227.00401306 285.68896484 370.14544678 64 255 128
162.65000916 255.48100281 408.41101074 64 255 128
189.96371460 205.54331970 389.58218384 64 255 128
141.69891357 154.00207520 399.60131836 64 255 128
125.65503693 151.18118286 414.80160522 64 255 128
138.24200439 271.72198486 379.75601196 64 255 128
191.40618896 178.18569946 385.26412964 64 255 128
114.05999756 203.47000122 421.94799805 64 255 128
154.74099731 262.89599609 382.45999146 64 255 128
224.15574646 220.37271118 365.08779907 64 255 128
152.78327942 120.31838226 373.20980835 64 255 128
145.29670715 238.21801758 314.03796387 64 255 128
182.15653992 150.88923645 335.92022705 64 255 128
144.85728455 275.35556030 341.89343262 64 255 128
135.12463379 130.21199036 395.13586426 64 255 128
165.42276001 276.27020264 350.23037720 64 255 128
229.31605530 254.46838379 395.44335938 64 255 128
209.92617798 185.51235962 349.82467651 64 255 128
163.63899231 200.19200134 406.12799072 64 255 128
190.12904358 292.84936523 401.60339355 64 255 128
266.96484375 249.83674622 339.84252930 64 255 128
209.36251831 200.20474243 360.43429565 64 255 128
157.15399170 224.98699951 390.41598511 64 255 128
102.83800507 225.04800415 407.98898315 64 255 128
192.92594910 251.52618408 334.79199219 64 255 128
92.69799805 230.60800171 390.60198975 64 255 128
155.14041138 145.16178894 383.21411133 64 255 128
133.68463135 204.61631775 323.04226685 64 255 128
277.12725830 266.48895264 360.97653198 64 255 128
195.72700500 238.53201294 403.29299927 64 255 128
194.38500977 240.16700745 377.61599731 64 255 128
291.24679565 254.75343323 346.42477417 64 255 128
203.79299927 266.31298828 416.51898193 64 255 128
118.31732178 137.22938538 367.38745117 64 255 128
127.64200592 209.68598938 413.88198853 64 255 128
108.52616882 233.45899963 346.59753418 64 255 128
199.67399597 279.85299683 425.17098999 64 255 128
250.69132996 280.32406616 368.72225952 64 255 128
265.15054321 253.91349792 351.16894531 64 255 128
91.31455994 214.20489502 392.07077026 64 255 128
165.88909912 179.73989868 323.06536865 64 255 128
102.02500153 209.54100037 425.21701050 64 255 128
157.06700134 278.05398560 397.57000732 64 255 128
204.64198303 284.20214844 370.44390869 64 255 128
201.10136414 164.14854431 365.51321411 64 255 128
203.50718689 198.46978760 382.38958740 64 255 128
93.76734924 168.92521667 431.15933228 64 255 128
168.77424622 196.48892212 380.04058838 64 255 128
131.05796814 127.69461060 357.42965698 64 255 128
235.75967407 231.97067261 376.91857910 64 255 128
221.36401367 288.20498657 425.12301636 64 255 128
122.21700287 259.41699219 393.69400024 64 255 128
166.78443909 141.34941101 333.02514648 64 255 128
190.47000122 257.13500977 413.77801514 64 255 128
189.23135376 126.59593201 357.41845703 64 255 128
170.77384949 118.80041504 359.98181152 64 255 128
220.46186829 242.12205505 396.57980347 64 255 128
107.11299896 243.67199707 368.60998535 64 255 128
152.14050293 217.44435120 316.73275757 64 255 128
246.35437012 237.37852478 353.67904663 64 255 128
192.94476318 293.73785400 422.19329834 64 255 128
105.31629944 151.00914001 368.88433838 64 255 128
177.61099243 246.64700317 410.13800049 64 255 128
114.84500122 192.31800842 428.22998047 64 255 128
194.02372742 144.35539246 341.49722290 64 255 128
115.13645935 216.48825073 328.39413452 64 255 128
128.02700806 263.10598755 356.53701782 64 255 128
256.32510376 262.73303223 359.29357910 64 255 128
183.22415161 251.96281433 325.99203491 64 255 128
253.45513916 256.77362061 380.07394409 64 255 128
190.59480286 158.20272827 375.11807251 64 255 128
213.28660583 212.90318298 368.31698608 64 255 128
87.40224457 204.13168335 416.66931152 64 255 128
190.13758850 216.75434875 389.60763550 64 255 128
88.99451447 216.01170349 415.55389404 64 255 128
228.07020569 262.46813965 355.08673096 64 255 128
168.42134094 137.71618652 372.95471191 64 255 128
176.18910217 269.68795776 333.66906738 64 255 128
100.39840698 184.82408142 347.36685181 64 255 128
158.18611145 278.37411499 417.38601685 64 255 128
222.08757019 250.39907837 352.95867920 64 255 128
104.59188080 218.34745789 345.62744141 64 255 128
180.37188721 197.99441528 327.84732056 64 255 128
117.52238464 162.26881409 329.93572998 64 255 128
119.82585144 251.55183411 339.54904175 64 255 128
161.84700012 254.23600769 392.56701660 64 255 128
198.16357422 194.68991089 335.42352295 64 255 128
133.01655579 146.96580505 403.80169678 64 255 128
231.65531921 295.94412231 392.77758789 64 255 128
117.28800201 239.91699219 404.34201050 64 255 128
178.00622559 284.15625000 428.66928101 64 255 128
94.68125916 170.65068054 380.80865479 64 255 128
90.20330048 201.03102112 399.40667725 64 255 128
156.21955872 170.49417114 323.55133057 64 255 128
131.10000610 186.91299438 424.11898804 64 255 128
218.27293396 222.58996582 355.13626099 64 255 128
162.25500488 213.69200134 388.91198730 64 255 128
202.87002563 163.63610840 344.80511475 64 255 128
88.72635651 184.98175049 408.86730957 64 255 128
103.93408966 153.35458374 425.19793701 64 255 128
136.55433655 244.53553772 317.44573975 64 255 128
160.65353394 190.42642212 323.18209839 64 255 128
208.44865417 195.24555969 371.92559814 64 255 128
92.66300201 209.28662109 375.70816040 64 255 128
152.26100159 273.00198364 363.03399658 64 255 128
239.56956482 292.20333862 411.94500732 64 255 128
137.19999695 220.54701233 384.91799927 64 255 128
179.93136597 125.80476379 363.86376953 64 255 128
116.59000397 250.32499695 354.36499023 64 255 128
91.11716461 175.58583069 392.57012939 64 255 128
147.90943909 120.18633270 359.25665283 64 255 128
106.86439514 199.37902832 339.10083008 64 255 128
268.22338867 238.84951782 335.65905762 64 255 128
178.00199890 223.97999573 380.61599731 64 255 128
156.24099731 277.66601562 382.11502075 64 255 128
267.46435547 267.98510742 382.06158447 64 255 128
239.00692749 291.47692871 386.40338135 64 255 128
207.85855103 257.54882812 346.82754517 64 255 128
103.33200073 241.27499390 380.50500488 64 255 128
159.82205200 151.76936340 326.67312622 64 255 128
248.96249390 288.84765625 407.43084717 64 255 128
186.04100037 277.66400146 424.80999756 64 255 128
164.63121033 239.38076782 314.10015869 64 255 128
141.32237244 174.35739136 413.27252197 64 255 128
204.57971191 224.70791626 341.14685059 64 255 128
92.67633057 172.98487854 414.91564941 64 255 128
116.07019806 144.47764587 350.35659790 64 255 128
101.19699860 233.63200378 402.04302979 64 255 128
209.27600098 246.09098816 406.45999146 64 255 128
169.27435303 289.08654785 414.42907715 64 255 128
102.68934631 154.38912964 379.02740479 64 255 128
191.60926819 145.29351807 367.88137817 64 255 128
95.72900391 204.26699829 431.79501343 64 255 128
102.44554901 174.65437317 355.68591309 64 255 128
159.54039001 160.51228333 391.00238037 64 255 128
267.55459595 278.20507812 377.73291016 64 255 128
180.85885620 190.89872742 404.52050781 64 255 128
144.50804138 166.29904175 323.08175659 64 255 128
216.22842407 280.64947510 363.88626099 64 255 128
210.69241333 222.44934082 395.70135498 64 255 128
122.87487030 134.20014954 398.10522461 64 255 128
135.38104248 124.76000977 376.53262329 64 255 128
250.35914612 234.26528931 367.81002808 64 255 128
177.13299561 287.00302124 383.06701660 64 255 128
129.44844055 224.68553162 318.77587891 64 255 128
153.70689392 203.19749451 319.51181030 64 255 128
112.88423920 232.55953979 334.86193848 64 255 128
120.44255066 134.07165527 379.84118652 64 255 128
109.26096344 145.07911682 385.39035034 64 255 128
181.37849426 277.70745850 351.06463623 64 255 128
135.57598877 264.16098022 332.42098999 64 255 128
203.49493408 288.95617676 382.74102783 64 255 128
177.59500122 229.02900696 392.98400879 64 255 128
212.21421814 270.42147827 356.05252075 64 255 128
167.98699951 287.28625488 402.71298218 64 255 128
235.06726074 228.74884033 357.38146973 64 255 128
148.51550293 262.92770386 322.23638916 64 255 128
186.14199829 244.91000366 381.40298462 64 255 128
234.07800293 275.27200317 408.86398315 64 255 128
96.01100159 229.87901306 380.04699707 64 255 128
283.39065552 257.36853027 334.75183105 64 255 128
142.40036011 199.67196655 320.29565430 64 255 128
126.34000397 244.99600220 395.94500732 64 255 128
111.32894135 166.42924500 432.75631714 64 255 128
202.50923157 243.85386658 346.15039062 64 255 128
191.07800293 219.83499146 380.43298340 64 255 128
102.22216034 154.79893494 389.63073730 64 255 128
167.27684021 276.28320312 340.24331665 64 255 128
107.55000305 246.90599060 389.26300049 64 255 128
258.14715576 284.76483154 389.48886108 64 255 128
281.68673706 245.17695618 325.99386597 64 255 128
209.45036316 236.57513428 345.61087036 64 255 128
218.61029053 296.22103882 413.06564331 64 255 128
119.90410614 141.06204224 415.81445312 64 255 128
174.97174072 152.51133728 379.25152588 64 255 128
258.11260986 273.15374756 393.00720215 64 255 128
121.69545746 189.49414062 327.73452759 64 255 128
266.88073730 248.76104736 364.55676270 64 255 128
231.70034790 226.74179077 367.66610718 64 255 128
294.92919922 250.04786682 324.04812622 64 255 128
191.23300171 198.97900391 407.42700195 64 255 128
242.13110352 264.10717773 393.02407837 64 255 128
155.40148926 271.32180786 328.35427856 64 255 128
194.54521179 258.62969971 346.39514160 64 255 128
128.23126221 165.55027771 418.95407104 64 255 128
157.27200317 262.95797729 392.54000854 64 255 128
205.16612244 178.12396240 345.10586548 64 255 128
117.50947571 149.87210083 341.63876343 64 255 128
182.74688721 281.46014404 360.00674438 64 255 128
154.53683472 271.67166138 410.76147461 64 255 128
144.58699036 237.94099426 392.62597656 64 255 128
97.83409882 193.93269348 357.65701294 64 255 128
109.68366241 166.38652039 337.93603516 64 255 128
166.24523926 178.22259521 402.24047852 64 255 128
158.19799805 243.98399353 396.96899414 64 255 128
113.67462158 142.37039185 360.36483765 64 255 128
145.15873718 186.48875427 322.39459229 64 255 128
237.06416321 245.68663025 384.34738159 64 255 128
199.49301147 246.83000183 408.60501099 64 255 128
137.57699585 211.53500366 409.85198975 64 255 128
205.59098816 192.13603210 343.49194336 64 255 128
199.11244202 273.72326660 354.20953369 64 255 128
173.44281006 212.68531799 318.63339233 64 255 128
157.26499939 280.17300415 372.44201660 64 255 128
111.52799988 220.20498657 405.19198608 64 255 128
173.29600525 283.48498535 366.45800781 64 255 128
93.49224854 190.52761841 385.13998413 64 255 128
149.51556396 149.55723572 325.07702637 64 255 128
137.36073303 213.58004761 320.61630249 64 255 128
89.52204132 193.60659790 437.80703735 64 255 128
97.57299805 222.98599243 372.43801880 64 255 128
175.68894958 180.55392456 324.37484741 64 255 128
199.59426880 137.37007141 352.05548096 64 255 128
164.91700745 281.41598511 384.21099854 64 255 128
138.00471497 134.68840027 335.95339966 64 255 128
87.95372772 191.73881531 417.92376709 64 255 128
170.20240784 201.92951965 371.89596558 64 255 128
212.79479980 291.27490234 430.12811279 64 255 128
94.31199646 225.80599976 412.46701050 64 255 128
192.68409729 178.21626282 335.66534424 64 255 128
179.76092529 290.80758667 395.04162598 64 255 128
259.61557007 241.17984009 345.63720703 64 255 128
272.57693481 271.27883911 368.36767578 64 255 128
116.27300262 227.71299744 393.62799072 64 255 128
198.42181396 232.76174927 332.00756836 64 255 128
224.98699951 267.28698730 407.24899292 64 255 128
148.27799988 272.63800049 383.85198975 64 255 128
172.63824463 168.31977844 391.07601929 64 255 128
215.93991089 194.02890015 356.97970581 64 255 128
204.73196411 185.66740417 371.12545776 64 255 128
194.02299500 210.75799561 398.38800049 64 255 128
111.12809753 156.90873718 350.28186035 64 255 128
273.50253296 260.63333130 350.94174194 64 255 128
114.68301392 155.62268066 430.40850830 64 255 128
118.91801453 238.16830444 329.17422485 64 255 128
187.72578430 293.51898193 411.22525024 64 255 128
109.43746948 146.71092224 417.89941406 64 255 128
163.79000854 267.29397583 380.77499390 64 255 128
126.56800079 260.79498291 339.33700562 64 255 128
112.96099854 248.86799622 363.18200684 64 255 128
183.10185242 231.31581116 320.08395386 64 255 128
113.86245728 196.83106995 330.14929199 64 255 128
100.46633911 219.14324951 359.33020020 64 255 128
139.11654663 122.96569061 357.71817017 64 255 128
161.88114929 253.16241455 315.73678589 64 255 128
196.18702698 282.05438232 367.23880005 64 255 128
278.72396851 249.76396179 346.98223877 64 255 128
103.89742279 204.50334167 346.56866455 64 255 128
139.89074707 165.32319641 408.14483643 64 255 128
178.65557861 169.52191162 327.92739868 64 255 128
209.17544556 205.69593811 352.41604614 64 255 128
160.80305481 161.14657593 323.90234375 64 255 128
148.96499634 229.58500671 390.02697754 64 255 128
109.00108337 178.44601440 337.63577271 64 255 128
222.71252441 221.47569275 386.20181274 64 255 128
94.62977600 174.68911743 439.70755005 64 255 128
177.35899353 215.24600220 385.37200928 64 255 128
199.40527344 293.28897095 401.76629639 64 255 128
164.42642212 227.40739441 315.38577271 64 255 128
180.25599670 202.53999329 394.59100342 64 255 128
146.03399658 194.11399841 416.74899292 64 255 128
232.33326721 274.24938965 358.26785278 64 255 128
249.90025330 279.11080933 404.34472656 64 255 128
145.84431458 134.66644287 387.07958984 64 255 128
189.69221497 125.98444366 348.16329956 64 255 128
197.52438354 177.65470886 375.70556641 64 255 128
156.55500793 171.99377441 403.03933716 64 255 128
246.87084961 286.99530029 381.26690674 64 255 128
107.46900177 187.80801392 433.32299805 64 255 128
99.07535553 161.03419495 431.55413818 64 255 128
141.75599670 254.36300659 393.78298950 64 255 128
173.51960754 223.08688354 315.16003418 64 255 128
116.53299713 254.97001648 385.10598755 64 255 128
119.82427979 208.85035706 326.83203125 64 255 128
185.53001404 232.64099121 379.04400635 64 255 128
234.63000488 282.09497070 415.06002808 64 255 128
172.54998779 199.39599609 403.87899780 64 255 128
211.52700806 296.59524536 396.00085449 64 255 128
210.92373657 206.34548950 342.88137817 64 255 128
155.49198914 203.78700256 403.93701172 64 255 128
171.56646729 199.20361328 323.33901978 64 255 128
217.65159607 235.52839661 349.68807983 64 255 128
132.41775513 251.49745178 323.29934692 64 255 128
105.63169098 159.12388611 361.30316162 64 255 128
136.50799561 193.67800903 421.21301270 64 255 128
161.90208435 200.30937195 387.61465454 64 255 128
175.07000732 238.47399902 399.97799683 64 255 128
103.33399963 233.16900635 360.32400513 64 255 128
171.60198975 264.50100708 416.93499756 64 255 128
245.52156067 245.53309631 357.53890991 64 255 128
227.69723511 231.10513306 383.91146851 64 255 128
146.60708618 138.66802979 331.36111450 64 255 128
185.73027039 286.40182495 380.51794434 64 255 128
199.60818481 142.81163025 359.63641357 64 255 128
101.01808167 201.69168091 355.64724731 64 255 128
171.17773438 134.02661133 336.40417480 64 255 128
117.78404999 182.47923279 332.10443115 64 255 128
189.86000061 246.78700256 373.43002319 64 255 128
203.98025513 294.35687256 422.07592773 64 255 128
258.46243286 255.03298950 356.27566528 64 255 128
196.37187195 244.71099854 339.98568726 64 255 128
130.26336670 144.06681824 333.61083984 64 255 128
98.12998962 207.31159973 362.72509766 64 255 128
272.63958740 251.15425110 333.13775635 64 255 128
159.71408081 212.43582153 319.01232910 64 255 128
245.57823181 248.77052307 379.90417480 64 255 128
123.12396240 172.36389160 423.94433594 64 255 128
140.42500305 271.03497314 369.95199585 64 255 128
186.32919312 134.30490112 341.64474487 64 255 128
132.12500000 235.45100403 389.05599976 64 255 128
162.62200928 191.17199707 411.87097168 64 255 128
148.05961609 146.25701904 389.52331543 64 255 128
160.58334351 121.25743103 368.91357422 64 255 128
188.31842041 167.56915283 381.19393921 64 255 128
150.14140320 178.56330872 410.05850220 64 255 128
254.11827087 235.42724609 349.24200439 64 255 128
190.79450989 274.05444336 349.08090210 64 255 128
190.92098999 229.25799561 393.93499756 64 255 128
138.77362061 261.84310913 325.09329224 64 255 128
107.14356232 191.34306335 341.98336792 64 255 128
157.58999634 257.76602173 400.46798706 64 255 128
191.38584900 163.80082703 337.89120483 64 255 128
107.24700165 218.17601013 413.37902832 64 255 128
181.13420105 189.28958130 325.43515015 64 255 128
110.31130219 176.66227722 432.48046875 64 255 128
199.09355164 211.09498596 332.29763794 64 255 128
111.95886993 142.10427856 396.01010132 64 255 128
125.14117432 172.19314575 327.60107422 64 255 128
219.22299194 280.63601685 419.90798950 64 255 128
203.97209167 155.38465881 346.45364380 64 255 128
175.73680115 144.86396790 373.87695312 64 255 128
213.20199585 257.89999390 408.09197998 64 255 128
161.18295288 139.83782959 377.36978149 64 255 128
209.27673340 213.73898315 390.60479736 64 255 128
205.65718079 295.00128174 413.57861328 64 255 128
164.58099365 279.92300415 392.90499878 64 255 128
123.34999847 190.27900696 426.19601440 64 255 128
225.77471924 216.60606384 372.63186646 64 255 128
111.76350403 243.08413696 346.48931885 64 255 128
106.18976593 212.61819458 339.62850952 64 255 128
160.72799683 200.77299500 397.74200439 64 255 128
89.83232117 219.45794678 405.39492798 64 255 128
245.05534363 264.79718018 357.67510986 64 255 128
262.49826050 234.98127747 351.59738159 64 255 128
203.49975586 231.90513611 397.16296387 64 255 128
170.76037598 161.63555908 326.05575562 64 255 128
156.70919800 123.22063446 341.56103516 64 255 128
106.82321167 148.07225037 404.31536865 64 255 128
192.01699829 232.59800720 373.17401123 64 255 128
102.48447418 168.75679016 364.79196167 64 255 128
187.16401672 143.34796143 336.27856445 64 255 128
164.51847839 117.40986633 353.77618408 64 255 128
134.37805176 138.82304382 400.29733276 64 255 128
161.03997803 153.56767273 384.44604492 64 255 128
145.07121277 228.61990356 313.56320190 64 255 128
195.50242615 290.35229492 386.86685181 64 255 128
282.26181030 262.56198120 367.66510010 64 255 128
206.00991821 209.87678528 381.87551880 64 255 128
159.06214905 136.27722168 335.24572754 64 255 128
220.27177429 296.18655396 403.27783203 64 255 128
98.56200409 181.38414001 368.58398438 64 255 128
122.19000244 203.68200684 419.47399902 64 255 128
222.79769897 228.87261963 351.78546143 64 255 128
97.25160980 162.86428833 379.54733276 64 255 128
153.19001770 163.08505249 396.69506836 64 255 128
262.28131104 260.16079712 378.20129395 64 255 128
240.03382874 251.81404114 357.41363525 64 255 128
183.87663269 174.04536438 389.05615234 64 255 128
181.34599304 263.69601440 417.17300415 64 255 128
140.45600891 273.02798462 348.83200073 64 255 128
123.82499695 215.06401062 408.04498291 64 255 128
147.44400024 210.48599243 395.93899536 64 255 128
109.87699890 210.25698853 419.13400269 64 255 128
152.33000183 188.67201233 415.55300903 64 255 128
139.95700073 270.35000610 336.03997803 64 255 128
226.21076965 295.26089478 417.43273926 64 255 128
129.57699585 215.99400330 395.24099731 64 255 128
285.30548096 250.94348145 340.11050415 64 255 128
230.40525818 280.64849854 363.24835205 64 255 128
93.48861694 196.79772949 376.00881958 64 255 128
145.45390320 161.35862732 401.36230469 64 255 128
207.32202148 177.93927002 359.75997925 64 255 128
174.05891418 241.46745300 315.18872070 64 255 128
121.36808014 156.16336060 421.90762329 64 255 128
99.14720154 159.56660461 396.35754395 64 255 128
173.05654907 289.37194824 421.85882568 64 255 128
99.48250580 167.33573914 437.93704224 64 255 128
126.28999329 262.17800903 372.56600952 64 255 128
124.02811432 136.48071289 345.49359131 64 255 128
160.31054688 128.60324097 375.00433350 64 255 128
154.06001282 270.12399292 397.15499878 64 255 128
214.10005188 219.58747864 349.27764893 64 255 128
131.08140564 158.82290649 324.86303711 64 255 128
97.32800293 196.81599426 435.33599854 64 255 128
89.79384613 184.05819702 397.10467529 64 255 128
118.71381378 137.93293762 404.94235229 64 255 128
125.54481506 180.01773071 423.92861938 64 255 128
92.51599884 217.86700439 422.80001831 64 255 128
186.67160034 132.46098328 364.72915649 64 255 128
130.82099915 268.25900269 379.25299072 64 255 128
207.05332947 207.20875549 363.84899902 64 255 128
90.71035004 205.54916382 392.52676392 64 255 128
203.56929016 214.60168457 338.04745483 64 255 128
122.59010315 221.70593262 323.91567993 64 255 128
125.05493927 236.84133911 323.26666260 64 255 128
168.09523010 264.40332031 324.90792847 64 255 128
288.18606567 249.05906677 328.79489136 64 255 128
159.15100098 272.91400146 357.78701782 64 255 128
211.59399414 284.33200073 425.28399658 64 255 128
144.41900635 225.11399841 384.62399292 64 255 128
137.55599976 266.76300049 392.17901611 64 255 128
134.87223816 185.07211304 324.39971924 64 255 128
166.70399475 243.46099854 394.14001465 64 255 128
125.63073730 131.58296204 362.40026855 64 255 128
160.80500793 231.47299194 393.63000488 64 255 128
144.02650452 247.77285767 315.69180298 64 255 128
211.19999695 270.44998169 416.55599976 64 255 128
283.31924438 254.77230835 353.33026123 64 255 128
231.02072144 289.14935303 376.38552856 64 255 128
199.91529846 217.24627686 398.19946289 64 255 128
249.21258545 262.28421021 386.49813843 64 255 128
131.31221008 149.86479187 327.88873291 64 255 128
88.78836823 205.34231567 408.35217285 64 255 128
121.43799591 256.40298462 356.41699219 64 255 128
180.70390320 204.83026123 378.92864990 64 255 128
161.96051025 285.88693237 415.05780029 64 255 128
222.74499512 260.41497803 403.78500366 64 255 128
102.51867676 154.36657715 400.63391113 64 255 128
203.25221252 153.44027710 359.50909424 64 255 128
286.51956177 260.75146484 348.46154785 64 255 128
175.02301025 277.93197632 424.72100830 64 255 128
194.38858032 187.61022949 392.07302856 64 255 128
178.05513000 248.87005615 320.73159790 64 255 128
188.11218262 156.35447693 335.45217896 64 255 128
91.76074982 210.23770142 384.18087769 64 255 128
197.16799927 261.97601318 415.74401855 64 255 128
95.26718903 192.87345886 366.70367432 64 255 128
280.02609253 250.17103577 319.10668945 64 255 128
94.48659515 168.32177734 407.89474487 64 255 128
183.27600098 241.75601196 407.49697876 64 255 128
153.42547607 255.93632507 316.89559937 64 255 128
92.11811829 172.84365845 424.92919922 64 255 128
123.48999786 263.88998413 386.75601196 64 255 128
258.31906128 270.97448730 363.10504150 64 255 128
150.40299988 242.53700256 396.08599854 64 255 128
147.64877319 124.23483276 342.90005493 64 255 128
183.45970154 266.56692505 339.58953857 64 255 128
174.20217896 130.98811340 367.59811401 64 255 128
258.08276367 279.58636475 372.84072876 64 255 128
106.90003967 167.13989258 345.54776001 64 255 128
221.07313538 267.63131714 355.57760620 64 255 128
134.99676514 167.04360962 414.69357300 64 255 128
195.30836487 131.60385132 355.03756714 64 255 128
169.12199402 271.97399902 421.13598633 64 255 128
143.55842590 122.09005737 378.27029419 64 255 128
180.80400085 250.97599792 373.90100098 64 255 128
263.16302490 277.63357544 395.90802002 64 255 128
144.36900330 272.28701782 362.48800659 64 255 128
122.80117035 148.37876892 335.33163452 64 255 128
177.35388184 183.55792236 401.09494019 64 255 128
135.32200623 124.78930664 364.56909180 64 255 128
99.04477692 158.64118958 415.18048096 64 255 128
149.70642090 126.03713226 381.24688721 64 255 128
274.04772949 262.87081909 373.51776123 64 255 128
235.89463806 259.63018799 394.04910278 64 255 128
188.35900879 205.63000488 399.69598389 64 255 128
133.21598816 227.15699768 385.43899536 64 255 128
203.54400635 274.89999390 420.66299438 64 255 128
189.14791870 283.07489014 370.04965210 64 255 128
109.80159760 149.87854004 429.13314819 64 255 128
131.47795105 176.27217102 325.78466797 64 255 128
227.90975952 284.01959229 419.24530029 64 255 128
172.76115417 274.35256958 350.53912354 64 255 128
261.65603638 254.92271423 372.12039185 64 255 128
288.64471436 246.30838013 320.98831177 64 255 128
172.66473389 118.07910919 352.17187500 64 255 128
183.07800293 253.15400696 413.91598511 64 255 128
175.11999512 284.71801758 374.88201904 64 255 128
94.27376556 167.27233887 395.04882812 64 255 128
107.24700165 236.49600220 406.71200562 64 255 128
250.76115417 240.73672485 371.43240356 64 255 128
273.58050537 274.03158569 382.08358765 64 255 128
133.84443665 127.21086884 349.06555176 64 255 128
106.79182434 225.02616882 344.93615723 64 255 128
108.86900330 247.48800659 397.42300415 64 255 128
87.73799896 203.78300476 433.03701782 64 255 128
121.65621948 248.05804443 332.82922363 64 255 128
248.89276123 289.85253906 399.47174072 64 255 128
163.99699402 261.26998901 413.92599487 64 255 128
91.29899597 222.08399963 390.27899170 64 255 128
245.50576782 275.31570435 360.19625854 64 255 128
118.91559601 154.51594543 334.45858765 64 255 128
221.50999451 271.12500000 412.84100342 64 255 128
118.48500061 241.88900757 393.69699097 64 255 128
173.40699768 145.42494202 333.76431274 64 255 128
260.27664185 247.88502502 349.61975098 64 255 128
116.29975891 248.39254761 346.35397339 64 255 128
146.03900146 205.65701294 412.92102051 64 255 128
222.83679199 207.81648254 376.58416748 64 255 128
162.84700012 262.02499390 387.46499634 64 255 128
217.89837646 217.52456665 361.92324829 64 255 128
201.62556458 192.97361755 387.03527832 64 255 128
140.81199646 213.27499390 402.73602295 64 255 128
186.31900024 291.86499023 426.82702637 64 255 128
132.13600159 266.60098267 361.86700439 64 255 128
159.27095032 221.68328857 315.53433228 64 255 128
203.91400146 240.44000244 403.97000122 64 255 128
116.06546021 223.84815979 327.76129150 64 255 128
136.23468018 154.65138245 405.61813354 64 255 128
176.86972046 158.89587402 329.41656494 64 255 128
159.56318665 198.22987366 321.60980225 64 255 128
187.11466980 170.10920715 333.24014282 64 255 128
218.68447876 244.17907715 350.88085938 64 255 128
185.37754822 141.60131836 368.62158203 64 255 128
242.73712158 284.31811523 371.70416260 64 255 128
193.94200134 276.26400757 421.89099121 64 255 128
219.24072266 290.49768066 380.11325073 64 255 128
147.87208557 172.72763062 324.26873779 64 255 128
126.65414429 207.42242432 323.57876587 64 255 128
198.69876099 139.70713806 344.88928223 64 255 128
262.24380493 282.43276978 383.24148560 64 255 128
211.46740723 283.93167114 368.09634399 64 255 128
173.66377258 173.73234558 324.28283691 64 255 128
275.17813110 242.77424622 331.90188599 64 255 128
189.10671997 259.31814575 339.88787842 64 255 128
154.83538818 278.56674194 404.55081177 64 255 128
248.47682190 230.33450317 357.54739380 64 255 128
230.54385376 246.25961304 389.54794312 64 255 128
136.50903320 181.90979004 420.58468628 64 255 128
227.31364441 296.90832520 398.50021362 64 255 128
201.73329163 253.63543701 346.70117188 64 255 128
234.17143250 296.70489502 404.47817993 64 255 128
186.92718506 206.84893799 327.55242920 64 255 128
162.11299133 251.88499451 401.96200562 64 255 128
270.38195801 246.61268616 357.34326172 64 255 128
125.87900543 261.78100586 363.48199463 64 255 128
193.18429565 223.64604187 386.81866455 64 255 128
152.17156982 235.23611450 313.58096313 64 255 128
126.28699493 253.81198120 396.22399902 64 255 128
172.86355591 128.59881592 340.84408569 64 255 128
95.07299805 232.75401306 397.75000000 64 255 128
137.42057800 129.15457153 340.65469360 64 255 128
90.51593018 178.67778015 411.89996338 64 255 128
177.77725220 252.79045105 380.02481079 64 255 128
182.30183411 155.96879578 379.81390381 64 255 128
220.32716370 293.39544678 387.40856934 64 255 128
289.06057739 258.37808228 340.26119995 64 255 128
155.10296631 278.70776367 345.94338989 64 255 128
197.96000671 201.07400513 405.36099243 64 255 128
92.88877106 215.93389893 376.83792114 64 255 128
88.29598236 189.40602112 431.63189697 64 255 128
117.52799988 236.06700134 398.05200195 64 255 128
149.01292419 273.42324829 333.11785889 64 255 128
270.56909180 255.66586304 343.09838867 64 255 128
122.49299622 227.62799072 389.26898193 64 255 128
189.67097473 247.59104919 328.63671875 64 255 128
288.34313965 256.99005127 329.31491089 64 255 128
154.07234192 118.22632599 366.08605957 64 255 128
125.60121918 194.34034729 324.13900757 64 255 128
90.08978271 178.71578979 430.05764771 64 255 128
132.74400330 267.07901001 352.63601685 64 255 128
267.27267456 238.58947754 343.46380615 64 255 128
124.66368866 161.42657471 327.41702271 64 255 128
126.77885437 132.02803040 350.47708130 64 255 128
164.02999878 204.55799866 381.26501465 64 255 128
118.01300049 197.62699890 424.36401367 64 255 128
90.80200195 222.65200806 397.52700806 64 255 128
174.03599548 200.47799683 389.82998657 64 255 128
128.23500061 264.33398438 394.31802368 64 255 128
212.26710510 229.73855591 395.98419189 64 255 128
99.25699615 223.06500244 364.95901489 64 255 128
168.89199829 249.33200073 408.10000610 64 255 128
135.22050476 228.46754456 316.24093628 64 255 128
107.10699463 148.17411804 379.40686035 64 255 128
205.95494080 168.20828247 357.72149658 64 255 128
109.97303772 213.84498596 333.28530884 64 255 128
193.56848145 185.35720825 334.29348755 64 255 128
131.19041443 218.24035645 320.36776733 64 255 128
111.84947968 237.45118713 339.74642944 64 255 128
138.56135559 162.09799194 322.33059692 64 255 128
102.65678406 221.39389038 352.17315674 64 255 128
185.58599854 271.78799438 420.66400146 64 255 128
191.00059509 149.51325989 336.31515503 64 255 128
264.69528198 269.37451172 364.17022705 64 255 128
183.44541931 213.26670837 322.84890747 64 255 128
274.96850586 257.17651367 365.18161011 64 255 128
230.80232239 241.47976685 353.77825928 64 255 128
150.13185120 140.31425476 385.05688477 64 255 128
234.43782043 237.26834106 381.90921021 64 255 128
128.46400452 264.36297607 345.26501465 64 255 128
176.23606873 121.10234833 346.41232300 64 255 128
155.66700745 212.70201111 386.26300049 64 255 128
238.76281738 258.73843384 356.02868652 64 255 128
91.13103485 182.65913391 389.83898926 64 255 128
229.60835266 233.24354553 354.19644165 64 255 128
105.48600006 239.57200623 362.58700562 64 255 128
126.61428833 144.43132019 411.88598633 64 255 128
234.66052246 252.05108643 389.35565186 64 255 128
132.90399170 203.38900757 417.51998901 64 255 128
199.13410950 150.63945007 342.92556763 64 255 128
281.39550781 263.55889893 356.09808350 64 255 128
199.73510742 170.81845093 368.75833130 64 255 128
162.03900146 238.03900146 396.51300049 64 255 128
216.36000061 246.30400085 402.75698853 64 255 128
200.09480286 279.07260132 362.30563354 64 255 128
257.72531128 229.61645508 348.46560669 64 255 128
164.12991333 123.63803101 341.27847290 64 255 128
170.32200623 215.29200745 384.63198853 64 255 128
128.32315063 130.43777466 393.65249634 64 255 128
153.52587891 209.54704285 321.07534790 64 255 128
101.61700439 240.93000793 397.85000610 64 255 128
168.98445129 257.67541504 320.90515137 64 255 128
192.64881897 221.36294556 395.11282349 64 255 128
100.77878571 176.87387085 363.41293335 64 255 128
184.75100708 218.03799438 377.89599609 64 255 128
97.13899994 235.20700073 386.60498047 64 255 128
207.74563599 265.58666992 351.55847168 64 255 128
188.05789185 254.67703247 330.40625000 64 255 128
125.65196991 230.54141235 321.40124512 64 255 128
170.25782776 174.16796875 396.16696167 64 255 128
99.80638123 180.26495361 352.66281128 64 255 128
190.83300781 227.90699768 378.59100342 64 255 128
161.45657349 275.39218140 334.34426880 64 255 128
161.88099670 283.13897705 401.23501587 64 255 128
100.29000092 235.93099976 377.11999512 64 255 128
162.96499634 221.05999756 390.64300537 64 255 128
211.97181702 195.58863831 365.64627075 64 255 128
145.74900818 248.04100037 393.59399414 64 255 128
155.34498596 270.90798950 383.76300049 64 255 128
210.62869263 221.74864197 343.45056152 64 255 128
91.29961395 197.84407043 392.81900024 64 255 128
145.82577515 120.62185669 351.17556763 64 255 128
225.13044739 248.96279907 395.84152222 64 255 128
205.26876831 231.22387695 342.13494873 64 255 128
273.28079224 243.49075317 340.91235352 64 255 128
192.69949341 151.91311646 370.34091187 64 255 128
109.49627686 146.87521362 364.77548218 64 255 128
285.93588257 244.64466858 312.23107910 64 255 128
161.89779663 246.39219666 314.83087158 64 255 128
146.10099792 213.16300964 389.64398193 64 255 128
197.80448914 241.03454590 334.31301880 64 255 128
289.55398560 254.59364319 322.83013916 64 255 128
275.61019897 255.58120728 338.00726318 64 255 128
242.99096680 276.38217163 404.04708862 64 255 128
217.97659302 235.74320984 395.97451782 64 255 128
119.22500610 256.34899902 374.87997437 64 255 128
201.82728577 286.85382080 376.30117798 64 255 128
166.98751831 147.24822998 329.92431641 64 255 128
173.17755127 124.24411774 366.21084595 64 255 128
255.67770386 276.09518433 366.25286865 64 255 128
143.37484741 146.10453796 326.98062134 64 255 128
237.97505188 271.70977783 403.56472778 64 255 128
208.85769653 179.64836121 352.67776489 64 255 128
168.77700806 256.48400879 412.55398560 64 255 128
226.96824646 269.23077393 357.91751099 64 255 128
176.01263428 290.38586426 401.38772583 64 255 128
116.47541046 138.39302063 376.71081543 64 255 128
196.02799988 232.01300049 397.66500854 64 255 128
139.57580566 147.44166565 398.33984375 64 255 128
121.64299774 220.35501099 392.55200195 64 255 128
157.65316772 117.83194733 353.78799438 64 255 128
126.99233246 158.95915222 416.66876221 64 255 128
224.60003662 257.01162720 352.46887207 64 255 128
167.72499084 203.58799744 387.85202026 64 255 128
216.84841919 253.46853638 350.77554321 64 255 128
157.11000061 260.39199829 407.45498657 64 255 128
243.34735107 233.43431091 371.85986328 64 255 128
141.44367981 132.54899597 391.81063843 64 255 128
274.57589722 244.26641846 319.57833862 64 255 128
131.81135559 137.17950439 337.62350464 64 255 128
188.04678345 194.16844177 327.09829712 64 255 128
207.55931091 201.11203003 340.50219727 64 255 128
184.38922119 201.56390381 388.26412964 64 255 128
135.87234497 125.80244446 385.64236450 64 255 128
198.16555786 163.92962646 339.70635986 64 255 128
159.88041687 118.71894073 345.43261719 64 255 128
219.42799377 284.90722656 369.16168213 64 255 128
107.63824463 185.45002747 339.58474731 64 255 128
244.50199890 287.91201782 413.26800537 64 255 128
97.76374054 180.56196594 438.13095093 64 255 128
190.78005981 219.23558044 327.76730347 64 255 128
165.08500671 274.83697510 382.41601562 64 255 128
264.65451050 272.58941650 388.98696899 64 255 128
212.25743103 200.15151978 354.07827759 64 255 128
266.45684814 240.15011597 354.44479370 64 255 128
205.23803711 272.03411865 355.33193970 64 255 128
192.51200867 239.97401428 371.08200073 64 255 128
127.68292236 129.01776123 377.60855103 64 255 128
198.05503845 159.57759094 369.00360107 64 255 128
130.65589905 242.72135925 320.85690308 64 255 128
232.84600830 295.86206055 411.52365112 64 255 128
174.26812744 265.02673340 328.05636597 64 255 128
192.70126343 291.49337769 392.95965576 64 255 128
256.20275879 238.70120239 366.07092285 64 255 128
195.54856873 265.52252197 346.71667480 64 255 128
244.70797729 280.80862427 364.73614502 64 255 128
103.23899841 193.08599854 433.55798340 64 255 128
199.44213867 178.08088684 341.22058105 64 255 128
156.10496521 129.45843506 335.81060791 64 255 128
170.10281372 206.71514893 319.01840210 64 255 128
146.23979187 220.23210144 314.86996460 64 255 128
151.41000366 261.08898926 389.75097656 64 255 128
217.48286438 222.28717041 391.55529785 64 255 128
177.94644165 228.87011719 316.30236816 64 255 128
251.38482666 251.89512634 356.27151489 64 255 128
242.41561890 232.56642151 358.28463745 64 255 128
130.47842407 133.53540039 400.97949219 64 255 128
166.47785950 279.34460449 357.12234497 64 255 128
144.60868835 159.35510254 324.19976807 64 255 128
195.78454590 284.99655151 430.38256836 64 255 128
113.72638702 151.08203125 349.21908569 64 255 128
188.07699585 263.00201416 416.01300049 64 255 128
131.01499939 249.42100525 393.73498535 64 255 128
224.47273254 288.82711792 375.73971558 64 255 128
233.05551147 284.81958008 368.69387817 64 255 128
196.09298706 253.91600037 412.05700684 64 255 128
216.01800537 275.04400635 417.23901367 64 255 128
196.73359680 202.76423645 331.79421997 64 255 128
159.45986938 184.03666687 324.15667725 64 255 128
152.85720825 271.60769653 404.02465820 64 255 128
166.49984741 195.20237732 323.99319458 64 255 128
94.87860107 166.97346497 419.79312134 64 255 128
184.69442749 272.46475220 347.30975342 64 255 128
95.12462616 204.60221863 371.90896606 64 255 128
202.04216003 171.09840393 342.71316528 64 255 128
182.19400024 242.69799805 375.46499634 64 255 128
223.52232361 215.00657654 387.58160400 64 255 128
261.95443726 239.65745544 339.72506714 64 255 128
163.19367981 174.01162720 321.56979370 64 255 128
86.52677917 205.31019592 424.77453613 64 255 128
177.72200012 226.25000000 386.94000244 64 255 128
103.61499786 239.52799988 372.46200562 64 255 128
115.24882507 170.11685181 429.38360596 64 255 128
137.81118774 169.84185791 323.72201538 64 255 128
189.85269165 234.29194641 326.82101440 64 255 128
204.31500244 283.82400513 427.76300049 64 255 128
115.12200165 202.81178284 328.64077759 64 255 128
197.92861938 205.35421753 394.97229004 64 255 128
115.57900238 252.86099243 369.93200684 64 255 128
271.61776733 239.13409424 327.56005859 64 255 128
254.03848267 287.33462524 395.27218628 64 255 128
135.41899109 215.60501099 398.77301025 64 255 128
92.47280121 171.15901184 387.51751709 64 255 128
147.62400818 273.24600220 355.71499634 64 255 128
184.19532776 183.18302917 327.61660767 64 255 128
212.66169739 192.06814575 349.76348877 64 255 128
161.14799500 207.19200134 386.56600952 64 255 128
147.27284241 179.24647522 325.29803467 64 255 128
186.85708618 179.98072815 391.39971924 64 255 128
195.88600159 182.21092224 383.65002441 64 255 128
191.57099915 280.77798462 427.49899292 64 255 128
248.48495483 283.80960083 374.60394287 64 255 128
165.56500244 227.73901367 391.08099365 64 255 128
204.01795959 191.21252441 377.65658569 64 255 128
208.62100220 260.91198730 411.69598389 64 255 128
147.09700012 275.48901367 348.16299438 64 255 128
165.55433655 119.49210358 363.99124146 64 255 128
226.18205261 215.36099243 379.70687866 64 255 128
217.47166443 272.58935547 358.83755493 64 255 128
206.43286133 164.55612183 350.35751343 64 255 128
229.45831299 221.52932739 361.02410889 64 255 128
161.43530273 232.69630432 313.53570557 64 255 128
121.39638519 148.21789551 418.52658081 64 255 128
97.00989532 181.25064087 375.28866577 64 255 128
96.18800354 210.34700012 428.01998901 64 255 128
190.32763672 254.44105530 344.32739258 64 255 128
146.07144165 152.34570312 394.71798706 64 255 128
161.73048401 277.99938965 345.19067383 64 255 128
97.44899750 228.66000366 407.45800781 64 255 128
196.02755737 291.95126343 427.47134399 64 255 128
162.13999939 282.06301880 378.36999512 64 255 128
263.75903320 282.25195312 390.96133423 64 255 128
115.20999908 224.33399963 401.80001831 64 255 128
103.15618896 156.47254944 366.76101685 64 255 128
171.81399536 287.73699951 397.48400879 64 255 128
270.97097778 268.27182007 362.48812866 64 255 128
184.13320923 245.92768860 324.56652832 64 255 128
273.90716553 273.12759399 374.89111328 64 255 128
98.33455658 188.85601807 353.94024658 64 255 128
205.83134460 248.88244629 346.02847290 64 255 128
165.67636108 287.51562500 408.66436768 64 255 128
166.67033386 156.62686157 326.12451172 64 255 128
182.95884705 184.35978699 398.45849609 64 255 128
188.96879578 281.35833740 363.85977173 64 255 128
237.87501526 272.49002075 359.65478516 64 255 128
139.02932739 237.14131165 315.93679810 64 255 128
181.83496094 257.77127075 327.91455078 64 255 128
134.19300842 217.45700073 389.70199585 64 255 128
182.67199707 230.49000549 373.69400024 64 255 128
153.25700378 276.09100342 368.59100342 64 255 128
171.40574646 181.33358765 401.54348755 64 255 128
229.13600159 260.02999878 399.86300659 64 255 128
105.78600311 204.32699585 425.41198730 64 255 128
212.65713501 215.50845337 395.65057373 64 255 128
132.53599548 266.58499146 337.98901367 64 255 128
205.23243713 222.33476257 399.04348755 64 255 128
252.46379089 270.70855713 392.56094360 64 255 128
166.96289062 212.42419434 316.11062622 64 255 128
171.86999512 226.40399170 391.41000366 64 255 128
165.60430908 132.07223511 372.99301147 64 255 128
212.54638672 240.90631104 348.25897217 64 255 128
268.55593872 260.57821655 354.35577393 64 255 128
277.37734985 252.78991699 327.16738892 64 255 128
281.59698486 257.69741821 360.98745728 64 255 128
110.89303589 171.79406738 335.08444214 64 255 128
186.35884094 122.58501434 353.35595703 64 255 128
210.73678589 212.04580688 350.64425659 64 255 128
223.50721741 214.02941895 365.47106934 64 255 128
117.62136078 137.73136902 398.04153442 64 255 128
131.80099487 240.75799561 394.83599854 64 255 128
103.45071411 212.57637024 346.69000244 64 255 128
252.05027771 251.25343323 377.69488525 64 255 128
189.67970276 209.42840576 382.85894775 64 255 128
169.32701111 285.45498657 382.04299927 64 255 128
285.29287720 253.03712463 346.53234863 64 255 128
224.39315796 235.22981262 389.73254395 64 255 128
117.29700470 253.21800232 360.25698853 64 255 128
89.69765472 179.13070679 400.45010376 64 255 128
265.59075928 250.79196167 345.56811523 64 255 128
174.05633545 253.90455627 320.58334351 64 255 128
165.17410278 197.47729492 373.93911743 64 255 128
118.56299591 245.69400024 400.36700439 64 255 128
225.86595154 294.87722778 390.30838013 64 255 128
186.02854919 293.74087524 417.75650024 64 255 128
212.94508362 188.39433289 356.23669434 64 255 128
94.08618927 186.46536255 438.67608643 64 255 128
198.87792969 226.71545410 331.91159058 64 255 128
164.17199707 275.88998413 421.09899902 64 255 128
192.44834900 211.47434998 391.89755249 64 255 128
142.39360046 216.11677551 317.66049194 64 255 128
209.96446228 287.70046997 375.17779541 64 255 128
131.70767212 210.85423279 323.63003540 64 255 128
117.73114777 138.98350525 355.85302734 64 255 128
226.82073975 246.99066162 354.03897095 64 255 128
233.16909790 260.11465454 356.33511353 64 255 128
105.68645477 205.03794861 337.95181274 64 255 128
235.02714539 290.63330078 381.16958618 64 255 128
160.52499390 259.54299927 381.24600220 64 255 128
259.40072632 235.21842957 359.58590698 64 255 128
185.25444031 237.19302368 323.60855103 64 255 128
183.86599731 229.12100220 392.80700684 64 255 128
194.91358948 192.44642639 397.90319824 64 255 128
90.24295807 216.89556885 399.41186523 64 255 128
140.17700195 271.36099243 385.70999146 64 255 128
174.00500488 242.20498657 404.90100098 64 255 128
220.77359009 293.87466431 422.57751465 64 255 128
168.24523926 154.40292358 382.60876465 64 255 128
185.98719788 226.43769836 322.46224976 64 255 128
243.49307251 291.84576416 394.22555542 64 255 128
99.27901459 158.47613525 383.08798218 64 255 128
184.63499451 198.02899170 408.30401611 64 255 128
100.35466766 213.73313904 358.50445557 64 255 128
238.00608826 288.22799683 416.43676758 64 255 128
176.85099792 195.91999817 407.05801392 64 255 128
109.72222900 201.32286072 333.28341675 64 255 128
171.23503113 273.82513428 336.06927490 64 255 128
103.43793488 180.33557129 435.25292969 64 255 128
104.06726837 180.43490601 342.47869873 64 255 128
206.37019348 200.05268860 368.78009033 64 255 128
186.61074829 279.40145874 354.66394043 64 255 128
198.87599182 269.30300903 418.90600586 64 255 128
122.73996735 177.27146912 329.30465698 64 255 128
231.14912415 228.17124939 374.88442993 64 255 128
183.41476440 292.47128296 406.88674927 64 255 128
123.63330841 132.49716187 390.23739624 64 255 128
218.50129700 212.10263062 371.40222168 64 255 128
210.84846497 211.67945862 374.58166504 64 255 128
106.30200195 229.96600342 403.66699219 64 255 128
118.93705750 143.81307983 344.44064331 64 255 128
94.85590363 210.45942688 369.05908203 64 255 128
174.88600159 201.95800781 397.65200806 64 255 128
152.12585449 188.84565735 322.54315186 64 255 128
200.57044983 213.91455078 403.38638306 64 255 128
88.72451782 188.71891785 401.28735352 64 255 128
126.93800354 239.69300842 391.14401245 64 255 128
182.78443909 121.98135376 348.33978271 64 255 128
251.77033997 285.99642944 384.91680908 64 255 128
257.31219482 278.15112305 399.86181641 64 255 128
139.59451294 208.59819031 321.94976807 64 255 128
113.85600281 251.70800781 390.82699585 64 255 128
141.11421204 194.20439148 321.04241943 64 255 128
193.32316589 174.68397522 379.51455688 64 255 128
151.35900879 207.15699768 399.36001587 64 255 128
250.84307861 246.03942871 374.41320801 64 255 128
131.58500671 212.94699097 409.50598145 64 255 128
146.96711731 120.43315125 370.99890137 64 255 128
203.45567322 196.98782349 338.90289307 64 255 128
155.08215332 139.20507812 380.78823853 64 255 128
92.54630280 197.53627014 382.64852905 64 255 128
279.44171143 268.59048462 369.20196533 64 255 128
88.86566925 210.91838074 411.58398438 64 255 128
136.49800110 268.90899658 365.57598877 64 255 128
129.81900024 260.03701782 334.19000244 64 255 128
160.24993896 145.70191956 380.03570557 64 255 128
251.00942993 262.27047729 358.09262085 64 255 128
112.21445465 227.23461914 332.50146484 64 255 128
283.16998291 248.03295898 333.17224121 64 255 128
140.76722717 159.51570129 404.21704102 64 255 128
161.43099976 281.23599243 368.08801270 64 255 128
129.67840576 189.94178772 323.85482788 64 255 128
203.09115601 159.80718994 360.59698486 64 255 128
178.98548889 121.55158234 359.54611206 64 255 128
120.07099915 186.24499512 429.41497803 64 255 128
235.69857788 295.87878418 397.57214355 64 255 128
268.02264404 243.95840454 332.13647461 64 255 128
133.68212891 258.81784058 327.39318848 64 255 128
204.69750977 214.20944214 395.38192749 64 255 128
105.35700226 154.11203003 432.70361328 64 255 128
123.75504303 254.45863342 337.06527710 64 255 128
193.92433167 293.56555176 406.30880737 64 255 128
87.44783020 197.49896240 420.08816528 64 255 128
121.77822113 167.67697144 329.67288208 64 255 128
205.16174316 294.00564575 400.13739014 64 255 128
139.32800293 272.87301636 342.03698730 64 255 128
153.79092407 265.41284180 324.19525146 64 255 128
131.41218567 154.09837341 409.50469971 64 255 128
93.70899963 222.03900146 417.17898560 64 255 128
158.87002563 206.17507935 318.33901978 64 255 128
212.75410461 295.41021729 414.23226929 64 255 128
108.93000031 224.74099731 402.10598755 64 255 128
188.29586792 192.02067566 402.35211182 64 255 128
98.95935822 168.48260498 371.86840820 64 255 128
165.12107849 285.75604248 420.63635254 64 255 128
158.84500122 197.19900513 409.45700073 64 255 128
107.55580902 236.04898071 351.85412598 64 255 128
170.43154907 143.24258423 375.44201660 64 255 128
164.97674561 135.31094360 335.89071655 64 255 128
100.25600433 229.52899170 365.31298828 64 255 128
146.06698608 259.16900635 393.11798096 64 255 128
252.81101990 283.36901855 407.87802124 64 255 128
155.69613647 280.36868286 410.16247559 64 255 128
126.87799072 231.73899841 388.99099731 64 255 128
158.31799316 258.07397461 387.73400879 64 255 128
146.46589661 173.22528076 410.03872681 64 255 128
180.54400635 289.50698853 427.81002808 64 255 128
204.93434143 153.56954956 353.72299194 64 255 128
180.44898987 275.48199463 423.94702148 64 255 128
232.23550415 293.38552856 386.38204956 64 255 128
98.77999878 214.99200439 422.45599365 64 255 128
171.10142517 274.92077637 344.62762451 64 255 128
166.39299011 195.55300903 410.31100464 64 255 128
189.95199585 237.23500061 402.39901733 64 255 128
193.41618347 206.85394287 329.17160034 64 255 128
165.62663269 186.00070190 407.84957886 64 255 128
208.69200134 251.66699219 408.54498291 64 255 128
110.27755737 230.09611511 339.94158936 64 255 128
145.59054565 140.82510376 389.38925171 64 255 128
137.83999634 239.63198853 393.81900024 64 255 128
252.79450989 229.76997375 352.02014160 64 255 128
115.97812653 137.80682373 383.48873901 64 255 128
191.91773987 138.25526428 343.01776123 64 255 128
192.80128479 287.78768921 382.25048828 64 255 128
242.18263245 269.41842651 359.12387085 64 255 128
206.26165771 219.09509277 341.09320068 64 255 128
222.16514587 228.49960327 385.78277588 64 255 128
175.04067993 203.60079956 322.58666992 64 255 128
174.97512817 136.83966064 371.19628906 64 255 128
176.38061523 201.68254089 375.48867798 64 255 128
247.07733154 253.90287781 382.13269043 64 255 128
177.26699829 233.25698853 397.15100098 64 255 128
186.10902405 128.24472046 344.03054810 64 255 128
201.23416138 145.79573059 345.35604858 64 255 128
113.35377502 160.81529236 335.42767334 64 255 128
155.61453247 163.38371277 322.03433228 64 255 128
88.14666748 214.21334839 421.71395874 64 255 128
206.27154541 291.45632935 387.84823608 64 255 128
223.31510925 219.99768066 359.23785400 64 255 128
88.80973053 195.90316772 400.69580078 64 255 128
157.37399292 273.23202515 393.35699463 64 255 128
108.44899750 193.87400818 428.82601929 64 255 128
187.65200806 291.78958130 396.39907837 64 255 128
188.44200134 240.30398560 378.48300171 64 255 128
111.45299530 250.79899597 383.70001221 64 255 128
96.79612732 186.49914551 367.89346313 64 255 128
188.76499939 205.07299805 405.56600952 64 255 128
153.90834045 153.86026001 325.08529663 64 255 128
88.98967743 186.33139038 415.01330566 64 255 128
142.13400269 125.89334106 341.91403198 64 255 128
195.62927246 270.91525269 349.47378540 64 255 128
117.71869659 153.54924011 425.54968262 64 255 128
178.14952087 154.40711975 332.47961426 64 255 128
149.45144653 144.16032410 327.10620117 64 255 128
204.20863342 200.51351929 376.04794312 64 255 128
264.11752319 245.52221680 342.53237915 64 255 128
112.32099915 198.46501160 425.60101318 64 255 128
143.69499207 273.04199219 374.85900879 64 255 128
187.73100281 249.86700439 377.95800781 64 255 128
99.69221497 158.41253662 376.40335083 64 255 128
224.47093201 282.09262085 366.07946777 64 255 128
174.12899780 251.26100159 411.10198975 64 255 128
159.70100403 249.72599792 395.63198853 64 255 128
201.33483887 204.61705017 385.45928955 64 255 128
95.15872955 187.04975891 379.54394531 64 255 128
195.09048462 142.13150024 364.12124634 64 255 128
217.33099365 213.32911682 384.50521851 64 255 128
122.03299713 248.93000793 396.43200684 64 255 128
141.44999695 216.25498962 387.89300537 64 255 128
204.48828125 185.44107056 343.24380493 64 255 128
154.52085876 126.16304779 377.88513184 64 255 128
113.88591003 167.28701782 333.25357056 64 255 128
214.56216431 218.42855835 355.16342163 64 255 128
113.95375824 210.71086121 330.33773804 64 255 128
212.04687500 262.11831665 350.60086060 64 255 128
153.51118469 136.58256531 333.44448853 64 255 128
267.42877197 253.71551514 367.47326660 64 255 128
181.26901245 282.35800171 366.03298950 64 255 128
106.16712952 153.44567871 362.48120117 64 255 128
182.96972656 202.55076599 326.80963135 64 255 128
136.17059326 255.97497559 323.32485962 64 255 128
112.24610138 142.28262329 403.21884155 64 255 128
159.78108215 178.83502197 322.85296631 64 255 128
207.41177368 210.88803101 340.52066040 64 255 128
114.30168915 144.47302246 420.09799194 64 255 128
261.80267334 265.00811768 360.35189819 64 255 128
166.22538757 164.43142700 390.42086792 64 255 128
276.32003784 242.01771545 325.62261963 64 255 128
109.51693726 196.09365845 335.07098389 64 255 128
167.22399902 284.39300537 396.21899414 64 255 128
157.43299866 217.92698669 388.10501099 64 255 128
137.28292847 250.97375488 319.85708618 64 255 128
211.06506348 253.21244812 348.58566284 64 255 128
170.32598877 282.18002319 361.20797729 64 255 128
156.13172913 153.66197205 387.27514648 64 255 128
179.26031494 143.60394287 334.55926514 64 255 128
203.70573425 170.65267944 364.36074829 64 255 128
110.76738739 159.58314514 435.02410889 64 255 128
183.88499451 258.68798828 415.74298096 64 255 128
180.79759216 292.15457153 412.60119629 64 255 128
239.67460632 236.55323792 377.63970947 64 255 128
172.85699463 221.53500366 381.63598633 64 255 128
137.68765259 135.19282532 396.39044189 64 255 128
126.28899384 264.75997925 380.05700684 64 255 128
147.85942078 203.69441223 320.40234375 64 255 128
200.57301331 157.71589661 342.50479126 64 255 128
152.39599609 204.59700012 408.74499512 64 255 128
116.30800629 217.42300415 409.73699951 64 255 128
193.69796753 194.62641907 331.57006836 64 255 128
88.87939453 188.87321472 422.65530396 64 255 128
159.62800598 265.48919678 324.00329590 64 255 128
101.65555573 154.90736389 418.30276489 64 255 128
97.18199921 229.37100220 374.42300415 64 255 128
134.28840637 199.43888855 322.40924072 64 255 128
278.58615112 260.83938599 349.22671509 64 255 128
208.03799438 189.42218018 368.52719116 64 255 128
216.53454590 296.13909912 390.79684448 64 255 128
135.67900085 253.15200806 394.27899170 64 255 128
166.25000000 262.21902466 381.92999268 64 255 128
193.60830688 162.82453918 374.24468994 64 255 128
204.04028320 239.34729004 343.30645752 64 255 128
283.37551880 264.97280884 361.75415039 64 255 128
178.23599243 289.03601074 388.33499146 64 255 128
141.40699768 244.27099609 393.49200439 64 255 128
234.87800598 247.29084778 355.85498047 64 255 128
202.95037842 259.96420288 347.27752686 64 255 128
177.76802063 133.47482300 339.23361206 64 255 128
115.25900269 208.83999634 417.69799805 64 255 128
267.51922607 274.99517822 371.82009888 64 255 128
170.86096191 269.64996338 330.24414062 64 255 128
284.97134399 250.53942871 315.35784912 64 255 128
126.60951996 200.98208618 322.58090210 64 255 128
157.87400818 266.79901123 413.49700928 64 255 128
150.99494934 277.20199585 339.84423828 64 255 128
196.55036926 217.18064880 330.32684326 64 255 128
121.15299988 240.80799866 388.73999023 64 255 128
149.87400818 267.30001831 385.19998169 64 255 128
138.86299133 259.80300903 394.50900269 64 255 128
151.55125427 225.07533264 314.65441895 64 255 128
173.24401855 158.62434387 382.55017090 64 255 128
171.60589600 217.76901245 317.32595825 64 255 128
224.76553345 240.96189880 391.49768066 64 255 128
172.53300476 285.77398682 428.12600708 64 255 128
205.17306519 294.31298828 407.25823975 64 255 128
251.07211304 276.24462891 363.37188721 64 255 128
104.03130341 163.16258240 437.25903320 64 255 128
258.81930542 244.44975281 367.93652344 64 255 128
93.82377625 168.85676575 402.23632812 64 255 128
261.67752075 280.56250000 377.69534302 64 255 128
111.34501648 219.70210266 331.14764404 64 255 128
147.03988647 258.61810303 319.11322021 64 255 128
113.27590179 141.75782776 366.12850952 64 255 128
289.44570923 257.30780029 352.74291992 64 255 128
184.12213135 123.68289185 358.48623657 64 255 128
91.64410400 172.58171082 397.15609741 64 255 128
159.44464111 166.23350525 395.76284790 64 255 128
229.88800049 271.43798828 408.62200928 64 255 128
189.03900146 251.04299927 413.24401855 64 255 128
172.06994629 139.25343323 334.49490356 64 255 128
183.31399536 246.16799927 411.06799316 64 255 128
242.20886230 292.21002197 406.85647583 64 255 128
180.89700317 219.29100037 383.58102417 64 255 128
124.56300354 217.04299927 399.59201050 64 255 128
195.35041809 245.85418701 333.24096680 64 255 128
136.42401123 187.54200745 421.58999634 64 255 128
123.48801422 132.03091431 371.82394409 64 255 128
104.38117218 191.09298706 347.16815186 64 255 128
119.36848450 139.44772339 350.30352783 64 255 128
181.98899841 223.36499023 376.65899658 64 255 128
183.90409851 167.65213013 384.68307495 64 255 128
188.64895630 182.31278992 331.16918945 64 255 128
109.48899841 244.48500061 360.07699585 64 255 128
201.41331482 182.24678040 373.74493408 64 255 128
179.09869385 141.53923035 370.42178345 64 255 128
108.73180389 157.25453186 356.61691284 64 255 128
250.78079224 240.71295166 354.45172119 64 255 128
132.98944092 126.36852264 370.71798706 64 255 128
187.81239319 173.53071594 384.90640259 64 255 128
233.08575439 225.72259521 362.21948242 64 255 128
200.45947266 198.25483704 389.52038574 64 255 128
102.88706970 154.21582031 373.26107788 64 255 128
178.40896606 215.20303345 319.64260864 64 255 128
104.84100342 243.28300476 385.93997192 64 255 128
181.42605591 265.72589111 333.69464111 64 255 128
293.04879761 253.66583252 328.03332520 64 255 128
191.00329590 214.69367981 381.56872559 64 255 128
225.54910278 224.95405579 368.13522339 64 255 128
267.99340820 261.46759033 376.04544067 64 255 128
106.89514160 172.22883606 340.65588379 64 255 128
130.67500305 192.77799988 423.15499878 64 255 128
173.62808228 197.70562744 377.21545410 64 255 128
197.79362488 137.17869568 357.67279053 64 255 128
238.63473511 293.33563232 391.73709106 64 255 128
99.34400177 223.50199890 413.25100708 64 255 128
165.83999634 202.05099487 399.60400391 64 255 128
199.15568542 211.42509460 398.70764160 64 255 128
201.80036926 141.86827087 349.74670410 64 255 128
176.39270020 163.98092651 328.04025269 64 255 128
187.77600098 234.15899658 369.11499023 64 255 128
108.65829468 161.58354187 351.02651978 64 255 128
179.09237671 167.75506592 387.52371216 64 255 128
178.37713623 175.96823120 326.61242676 64 255 128
113.86312103 178.43678284 334.55249023 64 255 128
252.77268982 232.06805420 362.56341553 64 255 128
120.26773834 157.33117676 329.57162476 64 255 128
156.30499268 254.30398560 393.15997314 64 255 128
292.03634644 253.82519531 340.12063599 64 255 128
112.72399902 233.47100830 406.49600220 64 255 128
151.17999268 276.44500732 379.48001099 64 255 128
241.38536072 289.19610596 382.26577759 64 255 128
152.30999756 149.94635010 387.28634644 64 255 128
143.21600342 209.53900146 410.10498047 64 255 128
179.51899719 245.69299316 379.31500244 64 255 128
185.70600891 244.00399780 370.99200439 64 255 128
274.54367065 246.41526794 345.61672974 64 255 128
152.64700317 224.00100708 387.31799316 64 255 128
100.62500000 203.23100281 429.39001465 64 255 128
216.49526978 226.76840210 349.79110718 64 255 128
166.32400513 209.05099487 385.84301758 64 255 128
93.13886261 203.68133545 377.27233887 64 255 128
214.23706055 297.63253784 400.69442749 64 255 128
98.52845001 201.09840393 360.85708618 64 255 128
179.73243713 234.88751221 317.57562256 64 255 128
193.94299316 203.51399231 409.09698486 64 255 128
240.79476929 268.30349731 397.95898438 64 255 128
227.29867554 211.48132324 375.87582397 64 255 128
190.08799744 233.12300110 397.79998779 64 255 128
92.54498291 176.69371033 384.87139893 64 255 128
248.36334229 266.36566162 390.82507324 64 255 128
117.30648041 247.43605042 339.08248901 64 255 128
91.12363434 177.09597778 422.07196045 64 255 128
156.43748474 147.35047913 326.46249390 64 255 128
116.12900543 254.46798706 379.03698730 64 255 128
258.24963379 249.45457458 355.44226074 64 255 128
193.24601746 251.71398926 340.39166260 64 255 128
214.43913269 232.27011108 346.80157471 64 255 128
106.75351715 149.78681946 421.84509277 64 255 128
183.21504211 284.07333374 430.46539307 64 255 128
231.02900696 277.63400269 412.78698730 64 255 128
226.84371948 225.53599548 350.04614258 64 255 128
107.37604523 147.52302551 410.90704346 64 255 128
144.02275085 168.38473511 407.88714600 64 255 128
90.26700592 221.72500610 410.57000732 64 255 128
164.93084717 188.27687073 325.44506836 64 255 128
179.27709961 281.76159668 355.78637695 64 255 128
165.59190369 204.37229919 372.45233154 64 255 128
135.65699768 198.78500366 419.40600586 64 255 128
209.68746948 293.75125122 425.47183228 64 255 128
169.43315125 252.80252075 384.03662109 64 255 128
176.19999695 209.89700317 383.51101685 64 255 128
143.26608276 264.99557495 325.69454956 64 255 128
166.28100586 266.98300171 385.63998413 64 255 128
194.85517883 236.18403625 329.85018921 64 255 128
260.36618042 269.38778687 386.96371460 64 255 128
117.30622864 159.42095947 427.53424072 64 255 128
112.58727264 141.42550659 387.18481445 64 255 128
139.98187256 182.33604431 324.35995483 64 255 128
124.22415161 163.44921875 421.48413086 64 255 128
274.01080322 248.76539612 352.96368408 64 255 128
88.57225037 190.17182922 409.50076294 64 255 128
235.17851257 235.54643250 355.07141113 64 255 128
182.49699402 250.10800171 381.41098022 64 255 128
235.66864014 229.30140686 371.10641479 64 255 128
114.25310516 237.30654907 333.53652954 64 255 128
90.06895447 205.57293701 402.82443237 64 255 128
135.51519775 125.02310944 354.38507080 64 255 128
157.81498718 202.34901428 391.96099854 64 255 128
94.14096832 170.14854431 436.34030151 64 255 128
169.53800964 276.86700439 423.48599243 64 255 128
161.29740906 173.21539307 401.39157104 64 255 128
221.83500671 296.43133545 408.45175171 64 255 128
213.77302551 241.72314453 401.15429688 64 255 128
116.73899841 217.99301147 404.34301758 64 255 128
232.85099792 266.48330688 357.84518433 64 255 128
250.76249695 274.99682617 398.43695068 64 255 128
247.14173889 230.96270752 364.27581787 64 255 128
169.98849487 227.04011536 315.68884277 64 255 128
199.23570251 241.57369995 343.08914185 64 255 128
132.33410645 126.61668396 380.86575317 64 255 128
183.88700867 228.06799316 381.72998047 64 255 128
107.03199768 221.61300659 408.07699585 64 255 128
211.18794250 212.84884644 362.61709595 64 255 128
164.69400024 247.98999023 396.80798340 64 255 128
96.09997559 173.64787292 376.64883423 64 255 128
162.81816101 199.32516479 380.80239868 64 255 128
219.01200867 263.40197754 408.11300659 64 255 128
276.21383667 263.25399780 355.24255371 64 255 128
188.30691528 176.92825317 332.42727661 64 255 128
151.19500732 257.05502319 393.34802246 64 255 128
187.23883057 284.57156372 375.71435547 64 255 128
87.87834167 198.02725220 434.30142212 64 255 128
194.17095947 292.31747437 398.04901123 64 255 128
149.04576111 119.59544373 364.95336914 64 255 128
210.60888672 183.88121033 357.62710571 64 255 128
120.83715820 133.83642578 385.94302368 64 255 128
167.36282349 198.80413818 386.71401978 64 255 128
194.98300171 215.30200195 395.64099121 64 255 128
104.54214478 170.61773682 352.89602661 64 255 128
122.33000183 209.86700439 414.77999878 64 255 128
174.77836609 196.05291748 325.54177856 64 255 128
165.40499878 276.07000732 387.79800415 64 255 128
119.93361664 243.65261841 332.80117798 64 255 128
186.79298401 262.98992920 342.70333862 64 255 128
116.52173615 232.12828064 329.73242188 64 255 128
196.53300476 252.90852356 346.75183105 64 255 128
174.80409241 288.95269775 393.09716797 64 255 128
119.62071228 135.63983154 373.04766846 64 255 128
253.54594421 281.51821899 373.93545532 64 255 128
259.45126343 284.49789429 394.85598755 64 255 128
293.04788208 246.81326294 317.85281372 64 255 128
240.65559387 250.18522644 383.23123169 64 255 128
207.56834412 287.90554810 429.05471802 64 255 128
196.31805420 294.71945190 416.60421753 64 255 128
154.08969116 197.88694763 321.28683472 64 255 128
170.09465027 205.61614990 377.35458374 64 255 128
185.38841248 138.87445068 339.22961426 64 255 128
256.10174561 261.12579346 380.88278198 64 255 128
198.43278503 188.34478760 385.51422119 64 255 128
197.26467896 284.53689575 371.82858276 64 255 128
135.54237366 146.73471069 328.22613525 64 255 128
109.85739136 145.87083435 370.08187866 64 255 128
130.67996216 180.56347656 421.40090942 64 255 128
146.09286499 180.45057678 414.96044922 64 255 128
95.41407013 222.35990906 377.14147949 64 255 128
143.19000244 273.03698730 381.28598022 64 255 128
141.19400024 192.21701050 419.10202026 64 255 128
122.61244202 241.45549011 327.52996826 64 255 128
160.47631836 276.49246216 352.16464233 64 255 128
134.92845154 180.09655762 326.36456299 64 255 128
162.90887451 124.82405090 372.06179810 64 255 128
130.33514404 148.90789795 408.33273315 64 255 128
285.01834106 253.82646179 320.06530762 64 255 128
256.91052246 253.52218628 376.20407104 64 255 128
96.67401123 189.09684753 359.15148926 64 255 128
187.77062988 147.88896179 371.91586304 64 255 128
160.55329895 165.98284912 322.20187378 64 255 128
146.19000244 199.37998962 416.01898193 64 255 128
190.43571472 140.33340454 365.50457764 64 255 128
88.08559418 201.24230957 411.86877441 64 255 128
119.64400482 258.33300781 389.18200684 64 255 128
157.52301025 273.52700806 415.48498535 64 255 128
154.33215332 175.71592712 324.44320679 64 255 128
108.61835480 145.98619080 399.53857422 64 255 128
120.45300293 254.44400024 393.27999878 64 255 128
230.81880188 226.64398193 354.28952026 64 255 128
155.73300171 192.43699646 413.63497925 64 255 128
210.78834534 279.84100342 363.61221313 64 255 128
91.57187653 175.16905212 435.56317139 64 255 128
169.96499634 239.52600098 395.82800293 64 255 128
121.19908905 217.38043213 325.74386597 64 255 128
105.07599640 245.13099670 394.60198975 64 255 128
198.39810181 190.19499207 337.38482666 64 255 128
155.61199951 261.56500244 397.37899780 64 255 128
226.32800293 288.88101196 423.45800781 64 255 128
205.65792847 183.34271240 366.12200928 64 255 128
195.73699951 242.80400085 406.39300537 64 255 128
186.74763489 220.77796936 324.16979980 64 255 128
207.80706787 295.34005737 418.58297729 64 255 128
134.34877014 239.55108643 317.31637573 64 255 128
213.02853394 203.81152344 349.23941040 64 255 128
183.51699829 236.56498718 376.16198730 64 255 128
155.02648926 275.12072754 334.39141846 64 255 128
105.59048462 150.19815063 416.54336548 64 255 128
112.47499847 187.51899719 431.71502686 64 255 128
260.81082153 259.95227051 357.06488037 64 255 128
214.78862000 296.15844727 407.43771362 64 255 128
214.01300049 253.12799072 405.70001221 64 255 128
145.98602295 252.32383728 317.19201660 64 255 128
137.44313049 218.10374451 317.71145630 64 255 128
146.19555664 243.27609253 314.54403687 64 255 128
160.45429993 141.71746826 331.53436279 64 255 128
197.12356567 164.77511597 370.57775879 64 255 128
243.97625732 290.26327515 387.27899170 64 255 128
112.74600220 246.54699707 400.84399414 64 255 128
132.50000000 207.85699463 414.68899536 64 255 128
149.92761230 183.64892578 324.33987427 64 255 128
135.11199951 270.51400757 386.81500244 64 255 128
195.75624084 131.54188538 349.41458130 64 255 128
224.57200623 256.67797852 400.58099365 64 255 128
201.46075439 147.67515564 359.90350342 64 255 128
186.36798096 159.70626831 378.03216553 64 255 128
195.71603394 222.02221680 329.64276123 64 255 128
159.70799255 267.28100586 389.18099976 64 255 128
130.54269409 142.93132019 405.62356567 64 255 128
123.12670898 137.61140442 408.95889282 64 255 128
141.58407593 233.09490967 314.10620117 64 255 128
149.23158264 132.09060669 383.71301270 64 255 128
164.18899536 256.78100586 388.64300537 64 255 128
227.94406128 276.28549194 359.81378174 64 255 128
186.74092102 148.73376465 333.28680420 64 255 128
141.17245483 130.68067932 337.21279907 64 255 128
116.86199951 222.83099365 395.37899780 64 255 128
124.04499817 257.40798950 342.40200806 64 255 128
92.27047729 195.70111084 387.60916138 64 255 128
278.32858276 251.63110352 352.36233521 64 255 128
176.34169006 278.71704102 351.47467041 64 255 128
165.34857178 163.89469910 324.42776489 64 255 128
242.36259460 238.46611023 355.48104858 64 255 128
181.78894043 131.05111694 365.15551758 64 255 128
210.50479126 294.76553345 391.29248047 64 255 128
191.69149780 183.45637512 389.44464111 64 255 128
87.29105377 209.10354614 420.74240112 64 255 128
140.35215759 189.77122498 322.90673828 64 255 128
222.72778320 263.29367065 353.27447510 64 255 128
177.22242737 185.28913879 324.35592651 64 255 128
191.16416931 173.54487610 335.70373535 64 255 128
149.24777222 122.40155792 377.46383667 64 255 128
98.92299652 236.52101135 397.37500000 64 255 128
203.37599182 259.58999634 413.82797241 64 255 128
202.83578491 219.38844299 337.01046753 64 255 128
194.48832703 225.65339661 391.62442017 64 255 128
147.59756470 198.59565735 319.98352051 64 255 128
100.91300201 239.02600098 384.49499512 64 255 128
111.21399689 183.21299744 434.30099487 64 255 128
93.33699799 228.66799927 385.84399414 64 255 128
156.58723450 157.89529419 323.06222534 64 255 128
207.83203125 207.67352295 358.51730347 64 255 128
128.37399292 268.36599731 384.69201660 64 255 128
207.40144348 288.95223999 379.61105347 64 255 128
165.83843994 199.32643127 321.91848755 64 255 128
170.72692871 177.94554138 322.48162842 64 255 128
109.83738708 144.34909058 392.07278442 64 255 128
172.40803528 163.52719116 387.18228149 64 255 128
216.78128052 295.39724731 417.90609741 64 255 128
120.90641022 177.88749695 425.94699097 64 255 128
119.46299744 253.14999390 351.12802124 64 255 128
220.32499695 249.02099609 400.65802002 64 255 128
114.36617279 143.37875366 355.25775146 64 255 128
149.57637024 164.24996948 400.47573853 64 255 128
140.02491760 122.71971893 363.59887695 64 255 128
159.77461243 237.35858154 313.86093140 64 255 128
176.43710327 219.71009827 317.53686523 64 255 128
246.53483582 258.40908813 384.92749023 64 255 128
102.79099274 235.89199829 364.96002197 64 255 128
214.52325439 266.41418457 354.03573608 64 255 128
216.39474487 293.03262329 426.94836426 64 255 128
166.33300781 282.66598511 368.66000366 64 255 128
126.47200012 259.80599976 396.54602051 64 255 128
135.63966370 172.21878052 415.58892822 64 255 128
177.72804260 271.21411133 339.56393433 64 255 128
105.34278870 228.99047852 351.20779419 64 255 128
267.96212769 255.14361572 347.49462891 64 255 128
150.44163513 250.07907104 315.32995605 64 255 128
110.12398529 238.79957581 345.80340576 64 255 128
162.25216675 146.43739319 327.89117432 64 255 128
271.15457153 263.83908081 357.87405396 64 255 128
177.57299805 200.68800354 402.28500366 64 255 128
149.24003601 267.13339233 325.77191162 64 255 128
284.09750366 258.61627197 340.23797607 64 255 128
98.93110657 213.28752136 363.79244995 64 255 128
289.04354858 257.60601807 334.95385742 64 255 128
182.84841919 268.05700684 344.27172852 64 255 128
175.97569275 290.48300171 412.91036987 64 255 128
105.12970734 198.27204895 345.24603271 64 255 128
146.59564209 157.20167542 397.30645752 64 255 128
155.40200806 231.12599182 393.49200439 64 255 128
96.59651184 165.56585693 434.28234863 64 255 128
176.79501343 192.10926819 326.07406616 64 255 128
237.83500671 278.39498901 410.29800415 64 255 128
263.22229004 257.49261475 353.81338501 64 255 128
201.73237610 294.61120605 416.80780029 64 255 128
102.60586548 161.97750854 366.41607666 64 255 128
121.84558105 134.65776062 363.80789185 64 255 128
192.12399292 208.20899963 403.41101074 64 255 128
91.85295105 188.94058228 389.72918701 64 255 128
163.85084534 274.14697266 356.33831787 64 255 128
186.59899902 203.81399536 394.16799927 64 255 128
134.14999390 263.16897583 396.22198486 64 255 128
127.57007599 140.02212524 338.59478760 64 255 128
108.76682281 216.67349243 337.28976440 64 255 128
148.43321228 214.24842834 317.86105347 64 255 128
139.20300293 227.54100037 383.91101074 64 255 128
201.38528442 201.50326538 335.90832520 64 255 128
137.68606567 123.76715088 370.95416260 64 255 128
282.89276123 256.26947021 329.75613403 64 255 128
135.87600708 214.87699890 403.75598145 64 255 128
232.29603577 232.80938721 381.07684326 64 255 128
185.80999756 266.62399292 418.71398926 64 255 128
179.62699890 239.85600281 404.57598877 64 255 128
111.14682770 147.07043457 423.45867920 64 255 128
105.05775452 151.04302979 387.65652466 64 255 128
230.06785583 256.10061646 354.44705200 64 255 128
144.31265259 145.76017761 392.75628662 64 255 128
146.67227173 274.37683105 337.15896606 64 255 128
186.25476074 205.74577332 383.69869995 64 255 128
162.92555237 157.93092346 387.60110474 64 255 128
144.16021729 129.45063782 388.00711060 64 255 128
122.73931122 185.20283508 328.87020874 64 255 128
95.77500153 192.54000854 438.60302734 64 255 128
144.29199219 231.44100952 390.11599731 64 255 128
261.66659546 266.08963013 382.53625488 64 255 128
155.88299561 279.29199219 377.19198608 64 255 128
110.23458099 154.71183777 433.71746826 64 255 128
91.55999756 228.05899048 394.77600098 64 255 128
134.14601135 268.89898682 375.54602051 64 255 128
151.63702393 121.69423676 344.30001831 64 255 128
146.92599487 273.08099365 366.73300171 64 255 128
204.22200012 246.85600281 406.92498779 64 255 128
270.95761108 252.99685669 362.84970093 64 255 128
188.27313232 153.82276917 374.34768677 64 255 128
139.97554016 138.26246643 333.02978516 64 255 128
114.60399628 231.29899597 397.63500977 64 255 128
180.89820862 145.40736389 373.24984741 64 255 128
171.28799438 196.14100647 407.47201538 64 255 128
100.77880096 156.59872437 423.15744019 64 255 128
123.09552765 135.06335449 403.14505005 64 255 128
158.20541382 276.26364136 363.32293701 64 255 128
221.83433533 209.68803406 381.14904785 64 255 128
175.06266785 150.47216797 332.85729980 64 255 128
193.92300415 248.08700562 409.34698486 64 255 128
258.00814819 236.12696838 346.45489502 64 255 128
263.94503784 245.25982666 362.49716187 64 255 128
252.40298462 288.13101196 404.15399170 64 255 128
99.77885437 172.39512634 438.41494751 64 255 128
159.54199219 263.99200439 383.31500244 64 255 128
214.14021301 196.29591370 361.13150024 64 255 128
157.04658508 122.75389862 373.53167725 64 255 128
201.74551392 231.01045227 339.01364136 64 255 128
166.53659058 274.57302856 334.51654053 64 255 128
190.37240601 260.42831421 345.07177734 64 255 128
241.41394043 243.34684753 356.17633057 64 255 128
191.15098572 240.77799988 405.68600464 64 255 128
161.35600281 270.36801147 383.84301758 64 255 128
235.56063843 254.46697998 356.20864868 64 255 128
104.46027374 232.66334534 355.14328003 64 255 128
149.92460632 183.70159912 415.39672852 64 255 128
90.45808411 209.59040833 390.40115356 64 255 128
91.13302612 177.96975708 416.73480225 64 255 128
198.52563477 246.59617615 346.52569580 64 255 128
125.07379150 249.42742920 329.08715820 64 255 128
182.66200256 177.64099121 393.31454468 64 255 128
155.09199524 204.18800354 397.98501587 64 255 128
89.16242218 201.22601318 404.49435425 64 255 128
155.62884521 265.41564941 409.26913452 64 255 128
134.77314758 222.39686584 317.65985107 64 255 128
100.23577118 197.37208557 354.29620361 64 255 128
179.58299255 199.50199890 390.72998047 64 255 128
185.60800171 239.08799744 404.02999878 64 255 128
236.53211975 228.24511719 365.61096191 64 255 128
119.60733032 193.59730530 327.27377319 64 255 128
168.66270447 129.31858826 338.36019897 64 255 128
201.35279846 270.12368774 351.76614380 64 255 128
166.54600525 264.44598389 416.73699951 64 255 128
140.32331848 266.46908569 329.21765137 64 255 128
100.96800232 228.69700623 402.21099854 64 255 128
198.45823669 293.44747925 423.36056519 64 255 128
190.72805786 291.38119507 428.89865112 64 255 128
97.36909485 219.01339722 371.27163696 64 255 128
150.34707642 119.29550171 352.38912964 64 255 128
175.64900208 261.70001221 416.25799561 64 255 128
143.94299316 268.49899292 387.83401489 64 255 128
197.27529907 192.20654297 392.09884644 64 255 128
269.30316162 248.44134521 335.94290161 64 255 128
175.19876099 207.84533691 320.93646240 64 255 128
138.09527588 142.84027100 396.98727417 64 255 128
152.39599609 272.57498169 358.12600708 64 255 128
161.73649597 186.48545837 411.55386353 64 255 128
162.51422119 277.36721802 339.63665771 64 255 128
167.37799072 283.25997925 388.05499268 64 255 128
142.61599731 220.63000488 383.72399902 64 255 128
153.06410217 168.82392883 402.58929443 64 255 128
226.95524597 227.70654297 380.43261719 64 255 128
127.17356110 171.40893555 420.87142944 64 255 128
106.42414093 148.94776917 373.11984253 64 255 128
268.27902222 278.71957397 382.66741943 64 255 128
127.43814087 165.50677490 326.12902832 64 255 128
251.04490662 257.22186279 357.23126221 64 255 128
224.90632629 296.67138672 412.20559692 64 255 128
209.48962402 189.32649231 347.09118652 64 255 128
131.95625305 127.62404633 388.13262939 64 255 128
94.29630280 191.39703369 379.63714600 64 255 128
154.22399902 274.26699829 399.74401855 64 255 128
120.49711609 234.26080322 326.67300415 64 255 128
191.60099792 207.64001465 395.23101807 64 255 128
100.01581573 180.36523438 358.73419189 64 255 128
166.43389893 184.26535034 324.25897217 64 255 128
218.16976929 211.54321289 376.49996948 64 255 128
248.78315735 232.56985474 353.14245605 64 255 128
131.04598999 200.00399780 420.50100708 64 255 128
197.98477173 289.06613159 383.00726318 64 255 128
204.57511902 169.64723206 346.58804321 64 255 128
209.11454773 296.89157104 400.15313721 64 255 128
175.90499878 282.96200562 360.96200562 64 255 128
209.48699951 266.06301880 415.36001587 64 255 128
201.36888123 142.02932739 354.59835815 64 255 128
241.06864929 282.39721680 366.86709595 64 255 128
275.46163940 247.82069397 322.73999023 64 255 128
130.07096863 196.32371521 321.70693970 64 255 128
248.26000977 283.49798584 409.54800415 64 255 128
193.52459717 280.85137939 362.85708618 64 255 128
161.93998718 280.50100708 397.16699219 64 255 128
193.75584412 190.28205872 332.71749878 64 255 128
114.22386932 142.68144226 413.65277100 64 255 128
222.38444519 233.76716614 351.44134521 64 255 128
151.87486267 136.21153259 382.56414795 64 255 128
101.76518250 154.64672852 409.09567261 64 255 128
163.37115479 260.43502808 321.09371948 64 255 128
113.18276978 147.76147461 352.55630493 64 255 128
104.93820953 224.79760742 349.76617432 64 255 128
172.22256470 168.92086792 325.02389526 64 255 128
181.44653320 130.77136230 341.61489868 64 255 128
182.84286499 288.32260132 386.82116699 64 255 128
184.81089783 159.37313843 334.57254028 64 255 128
166.35699463 216.02200317 387.86502075 64 255 128
142.36228943 205.29010010 321.13589478 64 255 128
215.98200989 286.33999634 425.10400391 64 255 128
206.99021912 295.26058960 395.04019165 64 255 128
126.81099701 218.60800171 392.28298950 64 255 128
208.36199951 281.00900269 423.96798706 64 255 128
190.54518127 131.92221069 361.97479248 64 255 128
209.81880188 232.27217102 343.86843872 64 255 128
242.14997864 245.40609741 380.46420288 64 255 128
197.06317139 206.52871704 403.94619751 64 255 128
112.65700531 240.46600342 405.50100708 64 255 128
148.59899902 233.88198853 392.14398193 64 255 128
181.08216858 179.87136841 326.19012451 64 255 128
165.54499817 249.46800232 404.66101074 64 255 128
150.15100098 211.00700378 391.04901123 64 255 128
206.31706238 195.32475281 376.47027588 64 255 128
141.25799561 198.73100281 418.46600342 64 255 128
159.06100464 200.12500000 404.70401001 64 255 128
147.68388367 190.54696655 323.10525513 64 255 128
96.03600311 234.58000183 391.22799683 64 255 128
195.13262939 148.04028320 366.61239624 64 255 128
111.81800079 216.86599731 412.77999878 64 255 128
245.15881348 251.01420593 356.54235840 64 255 128
170.02085876 202.77066040 321.24758911 64 255 128
243.24540710 286.45138550 376.40087891 64 255 128
229.15899658 264.49499512 403.15899658 64 255 128
184.55499268 248.07800293 373.24301147 64 255 128
165.03045654 143.96064758 376.01687622 64 255 128
149.90295410 168.77987671 323.28942871 64 255 128
180.58547974 291.53234863 402.11077881 64 255 128
89.10047150 180.57872009 405.27069092 64 255 128
166.20233154 253.80584717 317.86862183 64 255 128
202.09352112 224.71549988 337.19799805 64 255 128
214.83798218 276.62231445 361.60671997 64 255 128
103.04513550 172.09118652 359.53765869 64 255 128
113.48885345 246.87477112 355.51788330 64 255 128
154.12541199 276.05496216 408.91918945 64 255 128
145.84704590 152.47602844 324.70748901 64 255 128
181.02792358 254.20295715 383.33587646 64 255 128
273.37481689 248.92086792 328.78900146 64 255 128
171.72264099 149.56477356 377.48495483 64 255 128
150.57699585 193.24900818 415.61199951 64 255 128
91.75900269 226.92100525 407.01800537 64 255 128
142.42700195 272.80398560 353.15798950 64 255 128
110.69561768 171.50793457 432.38894653 64 255 128
289.55447388 251.26597595 335.43151855 64 255 128
204.54098511 217.06672668 400.88739014 64 255 128
102.68384552 203.00993347 351.21377563 64 255 128
180.87998962 209.10101318 383.70401001 64 255 128
258.48492432 267.14819336 360.22802734 64 255 128
86.97815704 200.72749329 425.75231934 64 255 128
192.68060303 157.66093445 336.49047852 64 255 128
224.71374512 218.63073730 382.95025635 64 255 128
103.93699646 212.27101135 421.83200073 64 255 128
119.11751556 135.84796143 393.05105591 64 255 128
119.02700043 224.87500000 391.00201416 64 255 128
95.10955048 166.49862671 424.33990479 64 255 128
170.16450500 289.00204468 407.96112061 64 255 128
195.97981262 180.98893738 337.89385986 64 255 128
110.06800079 247.90798950 373.53799438 64 255 128
179.25746155 224.77731323 317.90359497 64 255 128
211.51254272 212.79621887 383.54986572 64 255 128
118.36114502 139.86192322 411.47994995 64 255 128
190.25799561 244.85800171 379.07498169 64 255 128
198.79380798 181.88363647 378.21224976 64 255 128
254.71002197 254.96524048 357.75436401 64 255 128
171.83000183 268.44799805 419.53201294 64 255 128
141.85690308 122.08743286 373.85797119 64 255 128
158.88714600 216.32739258 317.68429565 64 255 128
208.44726562 195.54565430 344.67346191 64 255 128
119.91299438 214.48199463 412.20999146 64 255 128
206.63484192 226.21122742 396.62088013 64 255 128
174.53298950 206.56999207 380.02700806 64 255 128
96.63468933 204.61085510 366.27008057 64 255 128
280.13946533 245.55007935 330.66998291 64 255 128
210.61865234 208.29598999 348.30758667 64 255 128
122.96928406 225.81698608 322.29302979 64 255 128
213.47937012 191.39500427 360.74395752 64 255 128
156.06364441 252.49415588 315.19464111 64 255 128
167.92730713 232.48667908 313.43304443 64 255 128
238.33827209 294.14785767 404.97497559 64 255 128
158.31401062 258.32000732 394.54598999 64 255 128
142.43484497 121.74662018 354.38000488 64 255 128
108.89906311 163.24142456 344.32562256 64 255 128
190.76940918 255.47102356 335.44152832 64 255 128
161.20600891 276.66799927 392.86499023 64 255 128
200.83239746 159.45436096 364.97244263 64 255 128
237.10099792 265.44100952 398.79199219 64 255 128
155.38676453 157.54685974 390.74340820 64 255 128
274.34323120 268.08715820 378.36157227 64 255 128
209.01788330 274.16470337 358.54888916 64 255 128
119.89048004 252.68164062 344.19210815 64 255 128
137.56597900 127.88788605 391.66497803 64 255 128
195.61869812 149.07588196 340.08950806 64 255 128
94.36306763 167.08216858 386.55191040 64 255 128
109.91650391 144.71371460 380.62802124 64 255 128
99.57989502 159.01576233 427.36035156 64 255 128
214.06378174 214.69155884 389.90853882 64 255 128
203.59104919 210.04405212 337.62301636 64 255 128
246.34468079 236.84942627 372.51391602 64 255 128
153.96763611 118.51025391 356.72912598 64 255 128
197.71501160 289.34393311 430.88204956 64 255 128
131.33491516 127.08222961 365.22076416 64 255 128
183.25679016 193.05006409 326.60931396 64 255 128
170.53599548 245.19400024 405.79000854 64 255 128
213.82800293 281.63800049 422.20199585 64 255 128
96.47299957 230.70700073 403.38400269 64 255 128
122.92099762 259.79000854 374.72598267 64 255 128
215.41941833 248.16883850 350.97634888 64 255 128
138.28297424 169.27749634 412.34783936 64 255 128
243.33964539 260.22259521 357.59957886 64 255 128
215.55490112 219.15225220 394.93774414 64 255 128
155.57260132 177.19517517 406.87313843 64 255 128
114.87191772 152.63996887 344.36026001 64 255 128
165.47033691 150.58407593 327.31002808 64 255 128
197.25680542 171.84120178 372.80010986 64 255 128
138.38900757 206.86499023 414.62200928 64 255 128
171.80000305 281.56301880 426.29800415 64 255 128
194.64772034 229.37265015 329.63858032 64 255 128
120.36799622 259.47299194 384.73901367 64 255 128
98.26545715 184.18319702 354.28173828 64 255 128
98.53400421 229.33299255 369.98199463 64 255 128
96.94310760 162.48603821 393.99172974 64 255 128
170.76800537 125.03659821 343.01223755 64 255 128
249.13529968 265.77478027 359.32476807 64 255 128
198.14422607 206.84036255 332.43621826 64 255 128
101.13743591 173.73527527 366.44711304 64 255 128
101.04126740 180.25981140 346.10552979 64 255 128
134.99499512 269.55700684 349.44097900 64 255 128
115.67962646 139.45413208 372.27395630 64 255 128
137.31884766 165.33026123 325.20883179 64 255 128
90.20471191 212.51557922 397.99606323 64 255 128
142.71954346 261.08700562 322.54037476 64 255 128
113.35594940 184.65505981 334.14276123 64 255 128
204.24806213 292.75613403 426.38067627 64 255 128
187.25999451 221.24198914 375.71002197 64 255 128
210.59196472 200.97894287 344.08389282 64 255 128
161.37507629 177.87278748 403.95544434 64 255 128
155.92141724 191.33396912 323.51617432 64 255 128
192.36164856 129.96597290 358.11416626 64 255 128
250.44718933 236.62966919 351.46676636 64 255 128
134.47631836 141.42359924 332.59466553 64 255 128
142.46176147 211.91986084 320.34439087 64 255 128
128.75955200 147.52340698 331.04867554 64 255 128
176.12400818 265.72399902 418.45599365 64 255 128
148.34187317 163.96772766 322.18716431 64 255 128
219.26300049 284.57598877 422.39498901 64 255 128
87.84038544 211.41630554 416.76336670 64 255 128
169.25813293 117.59950256 355.82849121 64 255 128
102.08969879 157.92047119 433.21926880 64 255 128
154.38932800 182.64344788 412.03189087 64 255 128
104.05239105 151.42578125 406.38937378 64 255 128
201.77999878 251.47399902 409.43801880 64 255 128
175.28121948 179.23330688 398.36654663 64 255 128
146.84100342 187.66600037 418.13998413 64 255 128
123.44270325 204.43331909 325.31384277 64 255 128
174.67187500 251.18586731 374.61795044 64 255 128
222.63925171 223.02397156 355.31115723 64 255 128
220.78700256 277.34197998 417.12100220 64 255 128
170.16987610 243.80868530 314.51882935 64 255 128
125.85153961 132.02969360 355.36651611 64 255 128
181.19599915 279.17199707 426.56201172 64 255 128
169.12173462 169.75465393 394.29498291 64 255 128
191.64416504 129.94015503 345.24853516 64 255 128
166.70065308 223.65728760 315.18908691 64 255 128
110.02600098 246.96800232 367.35299683 64 255 128
160.72399902 259.77297974 411.10198975 64 255 128
242.36624146 278.31146240 361.18331909 64 255 128
179.81893921 272.76651001 347.89297485 64 255 128
162.62400818 242.87599182 396.69299316 64 255 128
158.86483765 283.68170166 412.52127075 64 255 128
266.97164917 272.11846924 367.33273315 64 255 128
121.03399658 216.53799438 403.78399658 64 255 128
185.84387207 277.38931274 350.45471191 64 255 128
103.36100006 237.16400146 404.40402222 64 255 128
117.81000519 231.76799011 392.19000244 64 255 128
196.46890259 159.76655579 339.08993530 64 255 128
144.78201294 211.31100464 399.55599976 64 255 128
105.62176514 169.23030090 435.28298950 64 255 128
90.46203613 186.55735779 393.19985962 64 255 128
118.22100067 241.19400024 399.73599243 64 255 128
159.96806335 228.08317566 313.03247070 64 255 128
225.26988220 220.12730408 377.38708496 64 255 128
168.61900330 286.33499146 425.34701538 64 255 128
140.85247803 228.36813354 315.70843506 64 255 128
105.25400543 216.02000427 416.85299683 64 255 128
234.00717163 240.71565247 384.81396484 64 255 128
200.23562622 284.95547485 429.18862915 64 255 128
132.97300720 220.95500183 386.54199219 64 255 128
224.69142151 297.19677734 403.43637085 64 255 128
110.91999817 213.53100586 416.16201782 64 255 128
107.36363983 194.98721313 339.85949707 64 255 128
261.22467041 252.32159424 353.92526245 64 255 128
185.78509521 163.44953918 381.24401855 64 255 128
142.48199463 262.18399048 393.15301514 64 255 128
96.47278595 185.37322998 374.29681396 64 255 128
176.13781738 118.96553802 357.20666504 64 255 128
183.88212585 171.32191467 330.31887817 64 255 128
150.78030396 140.18925476 329.98937988 64 255 128
160.30152893 133.10929871 375.80438232 64 255 128
199.96313477 290.74850464 387.23248291 64 255 128
209.29537964 210.80043030 367.49417114 64 255 128
205.15101624 211.55378723 387.72308350 64 255 128
177.83239746 243.11549377 318.43423462 64 255 128
172.31201172 286.88800049 385.13201904 64 255 128
138.17399597 270.84698486 353.46200562 64 255 128
285.31283569 244.70446777 318.37570190 64 255 128
175.36087036 237.32861328 316.02429199 64 255 128
181.65899658 268.42599487 418.78100586 64 255 128
94.87976074 178.10044861 379.43136597 64 255 128
118.43430328 188.26237488 330.79034424 64 255 128
203.82327271 165.82292175 362.51788330 64 255 128
184.83731079 137.52383423 366.45428467 64 255 128
131.87208557 171.35148621 327.34826660 64 255 128
213.79693604 258.07940674 349.74377441 64 255 128
130.60299683 253.83201599 394.61300659 64 255 128
136.99067688 124.18878937 381.43060303 64 255 128
207.29499817 270.44100952 418.82299805 64 255 128
106.89985657 161.34585571 357.61804199 64 255 128
118.73427582 143.62367249 419.84881592 64 255 128
118.33322906 212.71374512 327.33633423 64 255 128
196.92616272 291.97875977 394.54364014 64 255 128
106.11583710 236.21690369 356.54800415 64 255 128
