ply
format ascii 1.0
element vertex 4096
property float x
property float y
property float z
property uchar red
property uchar green
property uchar blue
end_header
312.73773193 266.67657471 403.09014893 255 64 64
319.17608643 278.23373413 411.30975342 255 64 64
321.64758301 261.65502930 404.09472656 255 64 64
324.89605713 271.55047607 407.79791260 255 64 64
84.39750671 202.67053223 524.48645020 255 64 64
87.07350922 214.73982239 532.91705322 255 64 64
83.37561798 210.69094849 519.70520020 255 64 64
85.36841583 222.37466431 525.70989990 255 64 64
93.23236847 212.06506348 533.08239746 255 64 64
96.57166290 222.07182312 539.97076416 255 64 64
98.63712311 224.38864136 530.82299805 255 64 64
102.40620422 233.82586670 536.57934570 255 64 64
295.86492920 235.18785095 400.31942749 255 64 64
303.00643921 248.73019409 404.57455444 255 64 64
305.77734375 235.49253845 397.07064819 255 64 64
308.34848022 243.77662659 399.59240723 255 64 64
314.53939819 284.13424683 430.28152466 255 64 64
316.86914062 291.34457397 441.91018677 255 64 64
323.40124512 280.66107178 426.83444214 255 64 64
322.60736084 286.66625977 435.19000244 255 64 64
83.79747772 188.10058594 501.11206055 255 64 64
81.67108917 199.17843628 510.47955322 255 64 64
81.12367249 186.88885498 490.22756958 255 64 64
78.36929321 197.65850830 496.48312378 255 64 64
96.41962433 178.01177979 505.74032593 255 64 64
93.49634552 186.71197510 516.08807373 255 64 64
100.75151062 173.21640015 495.94332886 255 64 64
97.77901459 181.75126648 505.29675293 255 64 64
271.82946777 217.19537354 402.20471191 255 64 64
278.56546021 219.02175903 404.04220581 255 64 64
282.84402466 218.84744263 396.13607788 255 64 64
286.97259521 219.31590271 397.42022705 255 64 64
79.76184082 221.08708191 515.53106689 255 64 64
86.61035919 231.34579468 524.56396484 255 64 64
81.25248718 233.45227051 509.66226196 255 64 64
88.13205719 242.92228699 517.44122314 255 64 64
292.76278687 302.11935425 432.60458374 255 64 64
292.56472778 307.73974609 444.96801758 255 64 64
304.47537231 299.59130859 433.52490234 255 64 64
299.44766235 304.49478149 440.86297607 255 64 64
279.29034424 316.25823975 485.42630005 255 64 64
276.65124512 314.48077393 497.04556274 255 64 64
291.37045288 312.44757080 483.49472046 255 64 64
286.22174072 313.41955566 491.83212280 255 64 64
96.95468903 166.43701172 462.23620605 255 64 64
91.06390381 174.34667969 469.18981934 255 64 64
99.87503815 161.60385132 446.85632324 255 64 64
92.04213715 170.17385864 451.85797119 255 64 64
98.74954987 230.73291016 527.01580811 255 64 64
105.36837006 240.08692932 533.61004639 255 64 64
105.53244019 242.30180359 521.87823486 255 64 64
112.68564606 251.61128235 528.38226318 255 64 64
90.56714630 180.24765015 481.55545044 255 64 64
86.76993561 190.67922974 488.47949219 255 64 64
89.35775757 178.60467529 467.44592285 255 64 64
84.62332916 189.03213501 471.99282837 255 64 64
125.35366821 149.18354797 425.49404907 255 64 64
116.92757416 154.63400269 431.36502075 255 64 64
138.73898315 144.73564148 409.90325928 255 64 64
128.28105164 150.53649902 415.50488281 255 64 64
109.32119751 186.52326965 509.15359497 255 64 64
106.54616547 196.32377625 518.96228027 255 64 64
119.18585968 189.63580322 502.14102173 255 64 64
116.74042511 198.68395996 513.22943115 255 64 64
91.04438019 183.21885681 456.73123169 255 64 64
87.35776520 193.76818848 462.96905518 255 64 64
92.10757446 180.78192139 442.56546021 255 64 64
87.27353668 191.61718750 447.16159058 255 64 64
112.44127655 210.27641296 524.91912842 255 64 64
110.22523499 221.10934448 532.72625732 255 64 64
123.14251709 216.90460205 518.57690430 255 64 64
121.17184448 227.29692078 528.02813721 255 64 64
109.40210724 159.58644104 427.36413574 255 64 64
101.46461487 167.13677979 431.51611328 255 64 64
117.59126282 155.46257019 412.65927124 255 64 64
107.68880463 163.27671814 415.27493286 255 64 64
144.59402466 151.21667480 385.66012573 255 64 64
134.36871338 157.09252930 384.76889038 255 64 64
154.54101562 151.40872192 374.64212036 255 64 64
143.82995605 156.07284546 372.53906250 255 64 64
78.48335266 208.96517944 503.95346069 255 64 64
80.66481781 220.70281982 513.93798828 255 64 64
78.69194794 215.16212463 492.75958252 255 64 64
81.10545349 225.80522156 501.65832520 255 64 64
293.40097046 257.81402588 408.12756348 255 64 64
292.91815186 271.06573486 414.17510986 255 64 64
304.48995972 258.14785767 408.26058960 255 64 64
299.14276123 265.74142456 411.73013306 255 64 64
137.37664795 161.48103333 373.00122070 255 64 64
128.70819092 169.58111572 373.61294556 255 64 64
145.64080811 162.81463623 361.80294800 255 64 64
136.68992615 168.93893433 361.04153442 255 64 64
168.89558411 146.38809204 381.43518066 255 64 64
156.72903442 147.63467407 377.51873779 255 64 64
179.60664368 151.34252930 373.87768555 255 64 64
167.30650330 152.01461792 369.37881470 255 64 64
103.73442841 171.18322754 488.10305786 255 64 64
100.63808441 178.44541931 497.69848633 255 64 64
110.15755463 167.93943787 475.39041138 255 64 64
107.31571960 174.33648682 485.50262451 255 64 64
277.75418091 311.38607788 454.17065430 255 64 64
276.05847168 314.29763794 467.12002563 255 64 64
290.47357178 310.02581787 453.97576904 255 64 64
283.84771729 312.41836548 462.16244507 255 64 64
184.39753723 150.42854309 381.19879150 255 64 64
180.18928528 144.85620117 389.06216431 255 64 64
196.42579651 156.52749634 374.32684326 255 64 64
190.67651367 149.92974854 381.15075684 255 64 64
152.38055420 146.88613892 401.22314453 255 64 64
141.99732971 149.28393555 403.61904907 255 64 64
168.44479370 147.63145447 387.59405518 255 64 64
155.79309082 147.93614197 388.68627930 255 64 64
135.52514648 173.14952087 358.28012085 255 64 64
127.51031494 181.72305298 356.82580566 255 64 64
149.38624573 175.45111084 346.99719238 255 64 64
139.97598267 182.93713379 344.34872437 255 64 64
131.59243774 152.22439575 405.42050171 255 64 64
121.89682007 158.90417480 406.45645142 255 64 64
141.38531494 149.98376465 393.24926758 255 64 64
130.32739258 156.12913513 393.26333618 255 64 64
297.25228882 258.71423340 437.04562378 255 64 64
298.15463257 272.63861084 443.89767456 255 64 64
306.78179932 259.62231445 431.79895020 255 64 64
302.62707520 267.09075928 438.32400513 255 64 64
255.43930054 318.30749512 494.94119263 255 64 64
249.42781067 314.26300049 502.91766357 255 64 64
267.85458374 315.26702881 497.37243652 255 64 64
260.74942017 314.55261230 502.22756958 255 64 64
118.37356567 162.18582153 398.01528931 255 64 64
110.69418335 171.08865356 401.39794922 255 64 64
125.90881348 159.59945679 385.08935547 255 64 64
117.48645020 167.99252319 387.60421753 255 64 64
112.68386841 178.80395508 382.99652100 255 64 64
107.23355865 188.57398987 385.71939087 255 64 64
122.65429688 175.59765625 368.51196289 255 64 64
115.90304565 184.84387207 370.42041016 255 64 64
96.85405731 174.99234009 430.98098755 255 64 64
91.40828705 184.79635620 436.43173218 255 64 64
102.36779022 172.55833435 415.82144165 255 64 64
95.40677643 182.63423157 419.84570312 255 64 64
175.36718750 157.14947510 361.91522217 255 64 64
164.17330933 160.23916626 355.59405518 255 64 64
186.11575317 165.45349121 358.02221680 255 64 64
175.38125610 167.85527039 351.34008789 255 64 64
267.93142700 292.78427124 416.23406982 255 64 64
265.52554321 301.60156250 424.97869873 255 64 64
280.04684448 292.71212769 418.53302002 255 64 64
273.02020264 298.03292847 422.66815186 255 64 64
81.85719299 206.59928894 486.11761475 255 64 64
83.64966583 218.07206726 494.08526611 255 64 64
81.58010864 209.96495056 470.52209473 255 64 64
83.41968536 221.05335999 478.19711304 255 64 64
170.94012451 146.36006165 402.92761230 255 64 64
164.10157776 149.95365906 414.20120239 255 64 64
190.12159729 147.87414551 396.24786377 255 64 64
183.72074890 151.20700073 407.87533569 255 64 64
83.49902344 201.08422852 454.12500000 255 64 64
83.95957184 212.53591919 460.81707764 255 64 64
83.96894836 201.71002197 439.37326050 255 64 64
83.96660614 213.05624390 445.83886719 255 64 64
113.55930328 159.60881042 450.55615234 255 64 64
107.31254578 166.29647827 459.22341919 255 64 64
126.36100769 158.00097656 438.00756836 255 64 64
119.84999847 164.90341187 447.69439697 255 64 64
103.88794708 262.77636719 501.58624268 255 64 64
110.98959351 265.44534302 510.74569702 255 64 64
113.40602875 274.12902832 497.74243164 255 64 64
120.26157379 273.26477051 507.01440430 255 64 64
94.62941742 182.87475586 414.36666870 255 64 64
90.43757629 193.19909668 419.87921143 255 64 64
100.69452667 180.43957520 398.98211670 255 64 64
95.69818115 190.35842896 403.33215332 255 64 64
282.54537964 226.99642944 425.77362061 255 64 64
284.30554199 236.41021729 436.52450562 255 64 64
292.06887817 230.38055420 418.75457764 255 64 64
288.33245850 232.35258484 428.14257812 255 64 64
87.02738953 232.53875732 503.21295166 255 64 64
92.79541779 241.54588318 512.48962402 255 64 64
90.66727448 242.25137329 492.63314819 255 64 64
97.61188507 248.25729370 503.75906372 255 64 64
117.04834747 190.33062744 366.84179688 255 64 64
110.84246826 201.34402466 368.05233765 255 64 64
129.53364563 189.19155884 351.80895996 255 64 64
122.04527283 199.26510620 351.73962402 255 64 64
117.64662933 181.17800903 491.99545288 255 64 64
116.37061310 189.24879456 502.76510620 255 64 64
129.47215271 182.81864929 483.59066772 255 64 64
127.72135925 190.30935669 495.86032104 255 64 64
99.95738220 192.56262207 398.76403809 255 64 64
95.55862427 203.51040649 402.77014160 255 64 64
107.37777710 188.83602905 382.71856689 255 64 64
101.91619110 199.44630432 385.70043945 255 64 64
92.39804840 206.74722290 417.12838745 255 64 64
90.59861755 218.30906677 422.46697998 255 64 64
96.49848938 204.21124268 402.89462280 255 64 64
93.75260925 215.75201416 406.96206665 255 64 64
285.73400879 275.41378784 458.48217773 255 64 64
284.38400269 287.46429443 467.98538208 255 64 64
295.96722412 277.79644775 452.87936401 255 64 64
289.87884521 283.06790161 461.08639526 255 64 64
129.35327148 284.22003174 499.20584106 255 64 64
133.01074219 280.54644775 509.92156982 255 64 64
143.96643066 294.33813477 496.28549194 255 64 64
145.26458740 287.73336792 505.81292725 255 64 64
251.35475159 318.49444580 458.16326904 255 64 64
248.39456177 320.22766113 471.00247192 255 64 64
264.22808838 318.35659790 458.85791016 255 64 64
256.61813354 319.52203369 466.16659546 255 64 64
269.22940063 233.66784668 403.40710449 255 64 64
263.29290771 244.34960938 404.99487305 255 64 64
279.68792725 234.59077454 402.78381348 255 64 64
272.53527832 239.85061646 404.66561890 255 64 64
229.89204407 320.77645874 486.66421509 255 64 64
224.42356873 316.78631592 495.70416260 255 64 64
242.36027527 319.97665405 490.62896729 255 64 64
234.91027832 318.75775146 495.38949585 255 64 64
149.41088867 153.78131104 423.24066162 255 64 64
141.84048462 160.30871582 433.58609009 255 64 64
168.38609314 154.47740173 413.38742065 255 64 64
160.83445740 160.91575623 424.42660522 255 64 64
120.94936371 233.88766479 518.47137451 255 64 64
116.96142578 242.95338440 525.77459717 255 64 64
130.38511658 240.60258484 508.26425171 255 64 64
125.93574524 248.95346069 517.95104980 255 64 64
114.70468903 216.02648926 358.70901489 255 64 64
110.64585876 229.33444214 361.90359497 255 64 64
128.29859924 219.20463562 344.97772217 255 64 64
122.57157898 231.22821045 346.71356201 255 64 64
158.10592651 183.68089294 340.82580566 255 64 64
148.71441650 193.11224365 336.65856934 255 64 64
172.47444153 188.42001343 339.74298096 255 64 64
162.93995667 197.42947388 334.99096680 255 64 64
131.34423828 198.12057495 345.39447021 255 64 64
125.26989746 210.59884644 345.34613037 255 64 64
146.86706543 199.77059937 336.35333252 255 64 64
139.82284546 211.58790588 335.29074097 255 64 64
269.65722656 257.83590698 412.00457764 255 64 64
265.03881836 270.48995972 412.52844238 255 64 64
280.47082520 257.85687256 413.29910278 255 64 64
273.29696655 265.02267456 413.65093994 255 64 64
98.32861328 205.98358154 389.42163086 255 64 64
94.48803711 218.16184998 393.63983154 255 64 64
105.49705505 203.45230103 374.31365967 255 64 64
100.91320801 215.14775085 377.02230835 255 64 64
84.28597260 217.58340454 450.36630249 255 64 64
84.00003052 228.84526062 456.44577026 255 64 64
85.84414673 217.97247314 434.69024658 255 64 64
85.71949005 228.92025757 439.90808105 255 64 64
119.83281708 173.32168579 465.67816162 255 64 64
116.80699921 180.67822266 476.82046509 255 64 64
132.33804321 174.47013855 456.30307007 255 64 64
129.37667847 181.35382080 468.70162964 255 64 64
267.94171143 234.15499878 454.74078369 255 64 64
264.82916260 243.02151489 464.93212891 255 64 64
276.22695923 237.38670349 449.13009644 255 64 64
270.27023315 240.05274963 458.12081909 255 64 64
211.85139465 165.73153687 382.20458984 255 64 64
208.54052734 165.70486450 382.06549072 255 64 64
212.27139282 165.77770996 382.17785645 255 64 64
212.11274719 165.73248291 382.07653809 255 64 64
222.58737183 187.86970520 380.62066650 255 64 64
219.22200012 187.87203979 380.45404053 255 64 64
223.00723267 187.90542603 380.62054443 255 64 64
222.82368469 187.88952637 380.49200439 255 64 64
218.02836609 177.10707092 390.44720459 255 64 64
215.28527832 177.11201477 390.32434082 255 64 64
218.38444519 177.14581299 390.43176270 255 64 64
218.29083252 177.12904358 390.32827759 255 64 64
202.51225281 152.77758789 397.28408813 255 64 64
198.89221191 152.79089355 397.17419434 255 64 64
203.04061890 152.77471924 397.28598022 255 64 64
202.58889771 152.77735901 397.20913696 255 64 64
241.26261902 205.77218628 402.08044434 255 64 64
238.43939209 205.80856323 401.97152710 255 64 64
241.54693604 205.82653809 402.07684326 255 64 64
241.47897339 205.84472656 401.98498535 255 64 64
223.49851990 213.73338318 379.77807617 255 64 64
219.88279724 213.78520203 379.61886597 255 64 64
223.99771118 213.76348877 379.82861328 255 64 64
223.80888367 213.79940796 379.71472168 255 64 64
229.79925537 191.31500244 398.56079102 255 64 64
227.18345642 191.34109497 398.46945190 255 64 64
230.06849670 191.34913635 398.54345703 255 64 64
229.99920654 191.35580444 398.46264648 255 64 64
182.92338562 141.98210144 394.57113647 255 64 64
177.60227966 141.98263550 394.44354248 255 64 64
183.80728149 141.94323730 394.57312012 255 64 64
182.82051086 141.95033264 394.52764893 255 64 64
213.47564697 171.23582458 399.88830566 255 64 64
210.57653809 171.24124146 399.76669312 255 64 64
213.84783936 171.25820923 399.87179565 255 64 64
213.61352539 171.24589539 399.77371216 255 64 64
239.65890503 200.96084595 432.76242065 255 64 64
237.09687805 200.96173096 432.69461060 255 64 64
239.94763184 200.95924377 432.71923828 255 64 64
239.86824036 200.95425415 432.67138672 255 64 64
236.34434509 213.96012878 392.97692871 255 64 64
232.79806519 213.99212646 392.80429077 255 64 64
236.80218506 213.99395752 393.02246094 255 64 64
236.54992676 214.01512146 392.89157104 255 64 64
234.70130920 203.60968018 451.39852905 255 64 64
232.02558899 203.60507202 451.36264038 255 64 64
235.00599670 203.58935547 451.33407593 255 64 64
234.83518982 203.58288574 451.31677246 255 64 64
253.60258484 227.95414734 451.56634521 255 64 64
250.72764587 227.97486877 451.49884033 255 64 64
253.90646362 227.94406128 451.52304077 255 64 64
253.81915283 227.96641541 451.48114014 255 64 64
234.01290894 195.00723267 413.53796387 255 64 64
231.41247559 195.00288391 413.46664429 255 64 64
234.29750061 195.02520752 413.49600220 255 64 64
234.19386292 195.01161194 413.43981934 255 64 64
271.42755127 231.64810181 449.55984497 255 64 64
268.51278687 231.66549683 449.49566650 255 64 64
271.67041016 231.63006592 449.50479126 255 64 64
271.61730957 231.64465332 449.45941162 255 64 64
264.63305664 245.01432800 463.16729736 255 64 64
261.14581299 245.04028320 463.12924194 255 64 64
265.01104736 245.01159668 463.11322021 255 64 64
264.84259033 245.03939819 463.10156250 255 64 64
269.69955444 223.20947266 428.43084717 255 64 64
266.74963379 223.21124268 428.40240479 255 64 64
269.98529053 223.18501282 428.39447021 255 64 64
269.92626953 223.18247986 428.36962891 255 64 64
233.02156067 205.96752930 381.91885376 255 64 64
229.79345703 206.01635742 381.77508545 255 64 64
233.40530396 206.02119446 381.99792480 255 64 64
233.35682678 206.02383423 381.88494873 255 64 64
261.36566162 224.88764954 439.61108398 255 64 64
258.29986572 224.89944458 439.53591919 255 64 64
261.64712524 224.87431335 439.57626343 255 64 64
261.53213501 224.88415527 439.52478027 255 64 64
169.90563965 141.79370117 404.32650757 255 64 64
164.93009949 141.81359863 404.22726440 255 64 64
170.78274536 141.75521851 404.31152344 255 64 64
169.85758972 141.77815247 404.28259277 255 64 64
244.53039551 209.94140625 417.06060791 255 64 64
241.95796204 209.95042419 416.99688721 255 64 64
244.79718018 209.98684692 417.02337646 255 64 64
244.73361206 209.98457336 416.96783447 255 64 64
227.23312378 220.85392761 462.74508667 255 64 64
224.42468262 220.86297607 462.69320679 255 64 64
227.57929993 220.82437134 462.70153809 255 64 64
227.36726379 220.84095764 462.67584229 255 64 64
204.63232422 162.61759949 407.83142090 255 64 64
201.56629944 162.62515259 407.74481201 255 64 64
205.09114075 162.61201477 407.82031250 255 64 64
204.76202393 162.61109924 407.75195312 255 64 64
239.46708679 220.38397217 457.89089966 255 64 64
236.62495422 220.38185120 457.83374023 255 64 64
239.80119324 220.35746765 457.85299683 255 64 64
239.63632202 220.36523438 457.82022095 255 64 64
250.82952881 237.77409363 465.43225098 255 64 64
247.26846313 237.79496765 465.38162231 255 64 64
251.27017212 237.74372864 465.40045166 255 64 64
250.98100281 237.77070618 465.38177490 255 64 64
245.17988586 215.31690979 442.29669189 255 64 64
242.62985229 215.32156372 442.26495361 255 64 64
245.44973755 215.31309509 442.25576782 255 64 64
245.37774658 215.31217957 442.23233032 255 64 64
253.46917725 249.87280273 468.56219482 255 64 64
249.81445312 249.89624023 468.49502563 255 64 64
253.89369202 249.84628296 468.51519775 255 64 64
253.62635803 249.88211060 468.48370361 255 64 64
230.59080505 194.14561462 426.20117188 255 64 64
228.14859009 194.14598083 426.13537598 255 64 64
230.87849426 194.15890503 426.16345215 255 64 64
230.78665161 194.15190125 426.11001587 255 64 64
214.12850952 182.58984375 413.22702026 255 64 64
211.49644470 182.59230042 413.13836670 255 64 64
214.47006226 182.59790039 413.20397949 255 64 64
214.30752563 182.58914185 413.13211060 255 64 64
229.81477356 197.94448853 441.13949585 255 64 64
227.28613281 197.93687439 441.08941650 255 64 64
230.13345337 197.93084717 441.09735107 255 64 64
230.02879333 197.91989136 441.06079102 255 64 64
189.74566650 151.23747253 405.78918457 255 64 64
185.77032471 151.25834656 405.68768311 255 64 64
190.38587952 151.21691895 405.76925659 255 64 64
189.74974060 151.23510742 405.70632935 255 64 64
228.21127319 209.38796997 426.21850586 255 64 64
225.47052002 209.38699341 426.15814209 255 64 64
228.53369141 209.37568665 426.18368530 255 64 64
228.36509705 209.37593079 426.14437866 255 64 64
201.18232727 200.44453430 456.04583740 255 64 64
198.45578003 200.44201660 456.02880859 255 64 64
201.60337830 200.39230347 455.99072266 255 64 64
201.31436157 200.39611816 455.99206543 255 64 64
237.89091492 245.43873596 471.30233765 255 64 64
234.31672668 245.45492554 471.26177979 255 64 64
238.33787537 245.39947510 471.26834106 255 64 64
237.98484802 245.43490601 471.26370239 255 64 64
154.72212219 138.99839783 409.68484497 255 64 64
150.12539673 139.04037476 409.61279297 255 64 64
155.60202026 138.92390442 409.66921997 255 64 64
154.73493958 138.96618652 409.64712524 255 64 64
224.31645203 234.36114502 391.12551880 255 64 64
220.33590698 234.38407898 391.02630615 255 64 64
224.88267517 234.35763550 391.15713501 255 64 64
224.61021423 234.39350891 391.09631348 255 64 64
197.67944336 189.58425903 449.13922119 255 64 64
194.60487366 189.57168579 449.10046387 255 64 64
198.18177795 189.55628967 449.08758545 255 64 64
197.85789490 189.54968262 449.07720947 255 64 64
184.08163452 184.45259094 455.93630981 255 64 64
180.42924500 184.45065308 455.88705444 255 64 64
184.73893738 184.43309021 455.89123535 255 64 64
184.20806885 184.43611145 455.88235474 255 64 64
256.06085205 230.21429443 410.58535767 255 64 64
252.05966187 230.20838928 410.54095459 255 64 64
256.51815796 230.21670532 410.57922363 255 64 64
256.22973633 230.22024536 410.55078125 255 64 64
223.86408997 235.81437683 459.66705322 255 64 64
220.59605408 235.82951355 459.61190796 255 64 64
224.28031921 235.78318787 459.62182617 255 64 64
223.99951172 235.81756592 459.59777832 255 64 64
243.17013550 262.68066406 477.18914795 255 64 64
239.13116455 262.71185303 477.14038086 255 64 64
243.64607239 262.64944458 477.19219971 255 64 64
243.23550415 262.71139526 477.18295288 255 64 64
254.71185303 227.26390076 425.26599121 255 64 64
251.64927673 227.26727295 425.20715332 255 64 64
255.04452515 227.23880005 425.28170776 255 64 64
254.95605469 227.24276733 425.24102783 255 64 64
193.90643311 178.80735779 437.02539062 255 64 64
190.61071777 178.79875183 436.96374512 255 64 64
194.48530579 178.78042603 436.99414062 255 64 64
194.08012390 178.77255249 436.96472168 255 64 64
206.43905640 218.09973145 460.84786987 255 64 64
203.25843811 218.10607910 460.81170654 255 64 64
206.87437439 218.05676270 460.77331543 255 64 64
206.49615479 218.07267761 460.76223755 255 64 64
237.56446838 244.52424622 404.13543701 255 64 64
233.62121582 244.52981567 404.05496216 255 64 64
238.06912231 244.49238586 404.16537476 255 64 64
237.80799866 244.52186584 404.10836792 255 64 64
202.84124756 174.04855347 420.18695068 255 64 64
200.16047668 174.04211426 420.11679077 255 64 64
203.23213196 174.04562378 420.14584351 255 64 64
203.01284790 174.03155518 420.08886719 255 64 64
228.26498413 205.59245300 411.99990845 255 64 64
225.65841675 205.59127808 411.94338989 255 64 64
228.56695557 205.59510803 411.98034668 255 64 64
228.45314026 205.58657837 411.93200684 255 64 64
218.16671753 218.88102722 447.25582886 255 64 64
215.43835449 218.89128113 447.18478394 255 64 64
218.50889587 218.84275818 447.22515869 255 64 64
218.30747986 218.85615540 447.17791748 255 64 64
165.97419739 189.61927795 471.81542969 255 64 64
162.09005737 189.63003540 471.79769897 255 64 64
166.71154785 189.55693054 471.78683472 255 64 64
166.01564026 189.57896423 471.80722046 255 64 64
176.05926514 150.36273193 410.63436890 255 64 64
171.64270020 150.39608765 410.54693604 255 64 64
176.87431335 150.33004761 410.64019775 255 64 64
176.03979492 150.35931396 410.59573364 255 64 64
184.84162903 196.77999878 469.43441772 255 64 64
181.87866211 196.77217102 469.46646118 255 64 64
185.35653687 196.72946167 469.38705444 255 64 64
184.90411377 196.73219299 469.43084717 255 64 64
212.46752930 238.55694580 445.55169678 255 64 64
208.84793091 238.55548096 445.48876953 255 64 64
212.96508789 238.53073120 445.49813843 255 64 64
212.53395081 238.55216980 445.47338867 255 64 64
206.46037292 184.36029053 426.34533691 255 64 64
203.58207703 184.34263611 426.30169678 255 64 64
206.86364746 184.35116577 426.29580688 255 64 64
206.58334351 184.33241272 426.26751709 255 64 64
193.13499451 162.16107178 414.46624756 255 64 64
189.87324524 162.16766357 414.39788818 255 64 64
193.66220093 162.14514160 414.44787598 255 64 64
193.23101807 162.14837646 414.40081787 255 64 64
132.73010254 187.45376587 495.05004883 255 64 64
129.80690002 187.47891235 495.06433105 255 64 64
133.37355042 187.35604858 495.06350708 255 64 64
132.89132690 187.38713074 495.07995605 255 64 64
223.57116699 220.93920898 432.43777466 255 64 64
220.48162842 220.93397522 432.36279297 255 64 64
224.00268555 220.91223145 432.40469360 255 64 64
223.75936890 220.91760254 432.35705566 255 64 64
215.44198608 198.31010437 421.60949707 255 64 64
212.60462952 198.30447388 421.53726196 255 64 64
215.82977295 198.29357910 421.57897949 255 64 64
215.62550354 198.28636169 421.52746582 255 64 64
219.93792725 207.46362305 400.50762939 255 64 64
216.84568787 207.47712708 400.40170288 255 64 64
220.38125610 207.48362732 400.50805664 255 64 64
220.16943359 207.48970032 400.42825317 255 64 64
232.19099426 222.30366516 407.89297485 255 64 64
228.95152283 222.30798340 407.81314087 255 64 64
232.63059998 222.28828430 407.91583252 255 64 64
232.41877747 222.29867554 407.85464478 255 64 64
205.73263550 207.67404175 447.92437744 255 64 64
202.96676636 207.66909790 447.88589478 255 64 64
206.13653564 207.63833618 447.87490845 255 64 64
205.91783142 207.63693237 447.85501099 255 64 64
149.04690552 143.94462585 418.72012329 255 64 64
144.95613098 143.99250793 418.66281128 255 64 64
149.86656189 143.90452576 418.71615601 255 64 64
149.07518005 143.94590759 418.69232178 255 64 64
208.03642273 197.80764771 438.49072266 255 64 64
205.40100098 197.79177856 438.45901489 255 64 64
208.39463806 197.79383850 438.43908691 255 64 64
208.17219543 197.77793884 438.41967773 255 64 64
200.56570435 229.50323486 462.25759888 255 64 64
197.29321289 229.50364685 462.21984863 255 64 64
201.05270386 229.46163940 462.18896484 255 64 64
200.64143372 229.48316956 462.17791748 255 64 64
196.56684875 214.59600830 470.04733276 255 64 64
193.84161377 214.58406067 470.02636719 255 64 64
196.96913147 214.55868530 469.98904419 255 64 64
196.63842773 214.55586243 469.98928833 255 64 64
310.08627319 263.32089233 426.14788818 255 64 64
309.92163086 276.62884521 433.48861694 255 64 64
321.28259277 267.79867554 416.29699707 255 64 64
319.63629150 279.29489136 424.75567627 255 64 64
305.57244873 286.24798584 448.06338501 255 64 64
302.24194336 296.63562012 458.79788208 255 64 64
317.75540161 287.27896118 439.10546875 255 64 64
313.82019043 295.73999023 449.09698486 255 64 64
297.59893799 238.36785889 405.15368652 255 64 64
300.76702881 253.48052979 404.68069458 255 64 64
313.27175903 245.21403503 405.19104004 255 64 64
315.70657349 259.85327148 408.51922607 255 64 64
288.59237671 246.55935669 438.45880127 255 64 64
286.26440430 256.30010986 447.52920532 255 64 64
299.12353516 253.31060791 431.12020874 255 64 64
295.84576416 263.27633667 441.09063721 255 64 64
281.44561768 297.21539307 475.52893066 255 64 64
273.77911377 304.60534668 486.42047119 255 64 64
294.44653320 299.24642944 468.12258911 255 64 64
287.41522217 305.83245850 478.35317993 255 64 64
284.92642212 268.48773193 455.57650757 255 64 64
279.42791748 277.79254150 463.99536133 255 64 64
296.01452637 274.08819580 448.95886230 255 64 64
290.03320312 283.61798096 457.79489136 255 64 64
268.46459961 226.21362305 425.72961426 255 64 64
271.74121094 232.81604004 434.39221191 255 64 64
279.55886841 232.16622925 419.40762329 255 64 64
282.93743896 238.50848389 430.06243896 255 64 64
288.30017090 311.32025146 452.32553101 255 64 64
286.40972900 313.24801636 467.11007690 255 64 64
302.20532227 306.12820435 453.05035400 255 64 64
299.36145020 307.89129639 467.01925659 255 64 64
268.77896118 276.33529663 471.25619507 255 64 64
260.72106934 284.16937256 477.37579346 255 64 64
279.63854980 282.51171875 468.24328613 255 64 64
271.68847656 290.73370361 475.07305908 255 64 64
268.38433838 235.75375366 448.30889893 255 64 64
265.57415771 242.68547058 457.39804077 255 64 64
278.80770874 242.19239807 443.03713989 255 64 64
275.26272583 248.89324951 453.57946777 255 64 64
266.95660400 249.76997375 462.79342651 255 64 64
260.87451172 257.19152832 469.81771851 255 64 64
277.32525635 256.77938843 459.64398193 255 64 64
270.53533936 264.38964844 467.61749268 255 64 64
285.42944336 271.71160889 414.54443359 255 64 64
290.84240723 284.08206177 419.21441650 255 64 64
302.35913086 274.57922363 418.91030884 255 64 64
306.17129517 286.91918945 424.68536377 255 64 64
245.10214233 214.90666199 447.14111328 255 64 64
245.70303345 218.79498291 455.58807373 255 64 64
255.58848572 220.05593872 441.97540283 255 64 64
256.00289917 223.46379089 452.04898071 255 64 64
263.28485107 231.58380127 406.13906860 255 64 64
269.74664307 243.97769165 405.86911011 255 64 64
279.41708374 236.42604065 405.85021973 255 64 64
285.33044434 249.34962463 406.84939575 255 64 64
241.26860046 206.31115723 429.11746216 255 64 64
245.13348389 209.42486572 437.15661621 255 64 64
250.48901367 211.38894653 421.97247314 255 64 64
254.81445312 213.57275391 431.50460815 255 64 64
254.58769226 292.93582153 481.97256470 255 64 64
245.08602905 299.16558838 487.56948853 255 64 64
266.74310303 297.96191406 483.73565674 255 64 64
257.78518677 304.17291260 490.30877686 255 64 64
241.32133484 226.23413086 460.76443481 255 64 64
236.21893311 231.48654175 465.84222412 255 64 64
251.91285706 232.58927917 461.26791382 255 64 64
246.05224609 237.89324951 467.74142456 255 64 64
250.31176758 262.22692871 474.34356689 255 64 64
242.01480103 268.88442993 478.03149414 255 64 64
260.29302979 269.31158447 474.69161987 255 64 64
251.48043823 276.26086426 479.59948730 255 64 64
275.74908447 293.93530273 421.48260498 255 64 64
279.67956543 302.17367554 430.67489624 255 64 64
292.20590210 293.98422241 427.05258179 255 64 64
294.57690430 302.11242676 436.63864136 255 64 64
261.92547607 319.01904297 471.74255371 255 64 64
257.17932129 317.98419189 486.10052490 255 64 64
276.24652100 316.49957275 477.76019287 255 64 64
271.45880127 315.49218750 491.43377686 255 64 64
245.17567444 216.17463684 410.89590454 255 64 64
251.84606934 221.63798523 414.94595337 255 64 64
256.18206787 222.84268188 406.85861206 255 64 64
264.19775391 227.45172119 413.15164185 255 64 64
222.83992004 299.38690186 488.97985840 255 64 64
211.07415771 304.24792480 489.70703125 255 64 64
234.58180237 305.03659058 493.01934814 255 64 64
223.36448669 309.24951172 495.49496460 255 64 64
232.79321289 277.08996582 478.19439697 255 64 64
223.74858093 282.94006348 480.52410889 255 64 64
242.29048157 284.21096802 481.51669312 255 64 64
233.10990906 290.54150391 485.15365601 255 64 64
237.88653564 317.90832520 481.46218872 255 64 64
229.71377563 315.04071045 492.63732910 255 64 64
251.00230408 316.54922485 488.71148682 255 64 64
244.17019653 313.26031494 499.31240845 255 64 64
233.60093689 245.83512878 467.78216553 255 64 64
226.27429199 251.27503967 470.95446777 255 64 64
243.17877197 252.53247070 470.48336792 255 64 64
235.30838013 257.99581909 475.40176392 255 64 64
255.33975220 312.55841064 439.76287842 255 64 64
256.23187256 315.31118774 452.18490601 255 64 64
270.11053467 311.84408569 446.21765137 255 64 64
269.66696167 314.23416138 458.39590454 255 64 64
250.64253235 257.41455078 407.73080444 255 64 64
257.26135254 269.02093506 410.73199463 255 64 64
265.29815674 260.27630615 410.45278931 255 64 64
271.19042969 272.24365234 413.35382080 255 64 64
212.98156738 215.90628052 452.52532959 255 64 64
212.26202393 219.02233887 460.30667114 255 64 64
223.83998108 221.21844482 454.82281494 255 64 64
223.07678223 223.10342407 462.96978760 255 64 64
237.11308289 234.46430969 401.71813965 255 64 64
243.59597778 245.34411621 404.94961548 255 64 64
250.11401367 237.24636841 406.33126831 255 64 64
256.37893677 248.34414673 409.22113037 255 64 64
204.54162598 283.20431519 481.24945068 255 64 64
194.36494446 288.90203857 481.95205688 255 64 64
213.78079224 291.41104126 486.44213867 255 64 64
204.10333252 297.63143921 488.14782715 255 64 64
217.97029114 185.83299255 397.78848267 255 64 64
222.00392151 191.34086609 406.12762451 255 64 64
224.01371765 198.57141113 394.61941528 255 64 64
228.71298218 201.16207886 403.91015625 255 64 64
195.88290405 162.65780640 410.42056274 255 64 64
196.60090637 169.57192993 420.14019775 255 64 64
206.25550842 172.56259155 409.75317383 255 64 64
205.53303528 177.00405884 419.49859619 255 64 64
214.63743591 258.91223145 471.03237915 255 64 64
206.29592896 264.33340454 473.52029419 255 64 64
222.82424927 266.37716675 476.23675537 255 64 64
214.40071106 272.53662109 479.60006714 255 64 64
202.17147827 182.50746155 423.46661377 255 64 64
202.03378296 188.17939758 433.41595459 255 64 64
211.77568054 192.61265564 421.02673340 255 64 64
211.56796265 195.50721741 431.23153687 255 64 64
210.46609497 213.31230164 428.83331299 255 64 64
213.79191589 216.14709473 437.86856079 255 64 64
220.34980774 220.22761536 429.51354980 255 64 64
224.76313782 220.80096436 439.07382202 255 64 64
245.24365234 300.90393066 420.53338623 255 64 64
249.49057007 308.31964111 429.34832764 255 64 64
259.72817993 302.22756958 424.33850098 255 64 64
262.79794312 309.37609863 432.96594238 255 64 64
210.47723389 165.27601624 384.38531494 255 64 64
216.60151672 173.59877014 388.55139160 255 64 64
218.22692871 180.06524658 385.11511230 255 64 64
222.23420715 185.35983276 390.01947021 255 64 64
203.84141541 222.17353821 456.39315796 255 64 64
200.21441650 225.88374329 463.85104370 255 64 64
215.46069336 227.61285400 459.60998535 255 64 64
212.09503174 229.60214233 467.47805786 255 64 64
187.70275879 209.68121338 471.78591919 255 64 64
179.94250488 216.67503357 480.31726074 255 64 64
198.89428711 213.22265625 467.31048584 255 64 64
190.49185181 218.42817688 474.75079346 255 64 64
192.41316223 190.12474060 444.99655151 255 64 64
190.35928345 194.96347046 456.06619263 255 64 64
203.72070312 197.20529175 442.27893066 255 64 64
201.00427246 199.82797241 452.58453369 255 64 64
179.43977356 289.99307251 492.08300781 255 64 64
169.06387329 297.07595825 497.01666260 255 64 64
190.86334229 299.47479248 494.22668457 255 64 64
180.58119202 304.60180664 498.45809937 255 64 64
230.50318909 319.10522461 451.79348755 255 64 64
231.00460815 319.86123657 464.97958374 255 64 64
243.75358582 318.87332153 458.61624146 255 64 64
243.43365479 318.93630981 471.37576294 255 64 64
213.72688293 215.06134033 408.19808960 255 64 64
218.45661926 218.88522339 417.09973145 255 64 64
223.23089600 222.20751953 410.95788574 255 64 64
229.18174744 223.29211426 420.06109619 255 64 64
237.05448914 279.20114136 409.32073975 255 64 64
242.74282837 289.48562622 414.58020020 255 64 64
250.77261353 280.75622559 413.04382324 255 64 64
255.54454041 291.11337280 417.82397461 255 64 64
184.72030640 263.34432983 474.49121094 255 64 64
175.26550293 269.79672241 477.48129272 255 64 64
193.57977295 272.47332764 481.20144653 255 64 64
184.81405640 279.29373169 483.92199707 255 64 64
168.40292358 191.66635132 467.32806396 255 64 64
163.73413086 198.64143372 478.68130493 255 64 64
182.91793823 194.87908936 465.73370361 255 64 64
176.58036804 199.72485352 475.09707642 255 64 64
165.44508362 171.45655823 434.05346680 255 64 64
163.52494812 178.14218140 446.25750732 255 64 64
180.50384521 177.07165527 432.31320190 255 64 64
176.88154602 181.85296631 443.67584229 255 64 64
196.45559692 316.64941406 476.28363037 255 64 64
190.76724243 311.64077759 486.65951538 255 64 64
209.55964661 314.93963623 484.70950317 255 64 64
204.89318848 309.95208740 493.29943848 255 64 64
218.54861450 220.23992920 382.93920898 255 64 64
221.68927002 227.51266479 389.17715454 255 64 64
224.50883484 224.84544373 393.05142212 255 64 64
228.84365845 230.95567322 399.50854492 255 64 64
211.93858337 318.79833984 462.65689087 255 64 64
210.53128052 317.19635010 475.70706177 255 64 64
224.17749023 318.46936035 470.74060059 255 64 64
222.63909912 316.15313721 482.93759155 255 64 64
223.68792725 259.67630005 398.57101440 255 64 64
229.58486938 269.28814697 406.31484985 255 64 64
236.34432983 258.56066895 406.04766846 255 64 64
241.52172852 268.80648804 412.92431641 255 64 64
201.90252686 244.11245728 446.48574829 255 64 64
200.51647949 248.05468750 454.16397095 255 64 64
211.61836243 248.28204346 452.16003418 255 64 64
211.21990967 251.13206482 460.52731323 255 64 64
212.62413025 253.57312012 440.74493408 255 64 64
211.55390930 258.96847534 446.55282593 255 64 64
221.03213501 257.94424438 443.16253662 255 64 64
220.39375305 262.80642700 449.85168457 255 64 64
214.33178711 186.17782593 365.29876709 255 64 64
216.84996033 200.79360962 362.42120361 255 64 64
220.48867798 196.35214233 374.83560181 255 64 64
222.37541199 207.07345581 374.84381104 255 64 64
225.22544861 310.22161865 429.41744995 255 64 64
228.62393188 315.60290527 439.91757202 255 64 64
238.43496704 311.52532959 433.88470459 255 64 64
240.99964905 316.55975342 444.19497681 255 64 64
168.45449829 236.78698730 484.19619751 255 64 64
158.80516052 244.58824158 488.82281494 255 64 64
177.77099609 238.63623047 472.48611450 255 64 64
167.24745178 245.78239441 476.76644897 255 64 64
212.28076172 269.86706543 447.09655762 255 64 64
209.82653809 275.28234863 452.67358398 255 64 64
221.18360901 274.06356812 450.10363770 255 64 64
218.27615356 279.29489136 456.14822388 255 64 64
151.99649048 209.19721985 490.33691406 255 64 64
145.21301270 218.45748901 499.66983032 255 64 64
165.36070251 214.26211548 485.74310303 255 64 64
157.26763916 222.78408813 493.65335083 255 64 64
183.74528503 248.02774048 461.25885010 255 64 64
178.24679565 253.24615479 469.23471069 255 64 64
194.15165710 253.16412354 466.17724609 255 64 64
189.15707397 257.53994751 473.32577515 255 64 64
219.08053589 241.94123840 375.52230835 255 64 64
221.52462769 251.20150757 384.10992432 255 64 64
226.23356628 239.40791321 387.41229248 255 64 64
228.18095398 249.32443237 395.11160278 255 64 64
157.26998901 269.41000366 478.49847412 255 64 64
149.54724121 277.41400146 486.73217773 255 64 64
167.96697998 280.60623169 485.37747192 255 64 64
161.50050354 287.76412964 491.44433594 255 64 64
142.72920227 178.86099243 461.78735352 255 64 64
140.78268433 186.26263428 474.67346191 255 64 64
157.58639526 182.27996826 456.36636353 255 64 64
153.54104614 187.80073547 468.39462280 255 64 64
144.17297363 274.25927734 496.68676758 255 64 64
139.32427979 282.55859375 507.55722046 255 64 64
153.22711182 287.96569824 496.27310181 255 64 64
150.19882202 294.37591553 505.85446167 255 64 64
135.29473877 225.92123413 506.79724121 255 64 64
127.23332214 235.88462830 515.57702637 255 64 64
146.74877930 234.51586914 498.48416138 255 64 64
138.33462524 244.01519775 506.33581543 255 64 64
134.41581726 191.36166382 489.18142700 255 64 64
131.32263184 200.07348633 501.91751099 255 64 64
149.41482544 196.09317017 482.94375610 255 64 64
144.55265808 202.91589355 494.53607178 255 64 64
215.78706360 294.87045288 411.24850464 255 64 64
220.40780640 303.14398193 419.55484009 255 64 64
228.93330383 295.60522461 415.36184692 255 64 64
232.97396851 304.17175293 422.92990112 255 64 64
214.90081787 214.92189026 356.73400879 255 64 64
216.56871033 229.35955811 359.00103760 255 64 64
221.10003662 219.15240479 367.97888184 255 64 64
222.17385864 231.03887939 371.47460938 255 64 64
131.65251160 251.99105835 503.85815430 255 64 64
126.22520447 260.84350586 514.33483887 255 64 64
138.19047546 263.86230469 492.03146362 255 64 64
133.75253296 271.41159058 502.47064209 255 64 64
204.53605652 315.32577515 438.92849731 255 64 64
206.19573975 319.04534912 450.30520630 255 64 64
216.71812439 316.80645752 444.26058960 255 64 64
218.01101685 320.12817383 455.10760498 255 64 64
179.21850586 225.79583740 441.11187744 255 64 64
179.79748535 227.70309448 448.14556885 255 64 64
191.34161377 227.53833008 442.20803833 255 64 64
191.37911987 227.46263123 449.06591797 255 64 64
150.27615356 253.77409363 481.61572266 255 64 64
141.12254333 260.51947021 490.07675171 255 64 64
159.20419312 259.37396240 471.49996948 255 64 64
150.12673950 264.39901733 478.37896729 255 64 64
208.34381104 279.53671265 393.63500977 255 64 64
212.23155212 286.42974854 404.30859375 255 64 64
219.98359680 275.57531738 402.89996338 255 64 64
223.42543030 283.43048096 412.36648560 255 64 64
184.10623169 317.75003052 446.92636108 255 64 64
185.94844055 318.33694458 459.80307007 255 64 64
195.81983948 318.81390381 454.20144653 255 64 64
197.87358093 318.68893433 466.58593750 255 64 64
156.34068298 310.12200928 473.61407471 255 64 64
161.36924744 306.99658203 486.13217163 255 64 64
170.09747314 311.14154053 481.72119141 255 64 64
174.18034363 307.00946045 493.33694458 255 64 64
169.79220581 316.85626221 459.10958862 255 64 64
172.97094727 314.87927246 471.95584106 255 64 64
182.24879456 317.31857300 467.83312988 255 64 64
185.42578125 314.44274902 479.92233276 255 64 64
192.18421936 182.56137085 350.19546509 255 64 64
194.50439453 197.29434204 345.36141968 255 64 64
202.90859985 192.43101501 356.47210693 255 64 64
205.49905396 203.84226990 354.34951782 255 64 64
171.12873840 233.36448669 431.89953613 255 64 64
172.64399719 235.32563782 439.52618408 255 64 64
181.96266174 235.75308228 435.00854492 255 64 64
182.98414612 235.75323486 441.92501831 255 64 64
196.28683472 305.34069824 419.14703369 255 64 64
199.03022766 311.36889648 429.65652466 255 64 64
208.38072205 306.39306641 424.20959473 255 64 64
211.07373047 312.59118652 434.06283569 255 64 64
207.34829712 267.14474487 364.90969849 255 64 64
209.26901245 274.98233032 375.64419556 255 64 64
214.80575562 261.80386353 376.83013916 255 64 64
216.09878540 270.99499512 387.14746094 255 64 64
197.80795288 213.49218750 343.42547607 255 64 64
200.42594910 228.58142090 343.61648560 255 64 64
208.26763916 219.01177979 352.22167969 255 64 64
210.45848083 231.39747620 354.31347656 255 64 64
131.94548035 295.12036133 484.37667847 255 64 64
139.22290039 295.13516235 495.40179443 255 64 64
146.17454529 302.13439941 487.62515259 255 64 64
152.57540894 300.55761719 498.55184937 255 64 64
202.62118530 244.83757019 344.22937012 255 64 64
204.58908081 258.31896973 350.66186523 255 64 64
211.22709656 244.80973816 355.64474487 255 64 64
212.37393188 257.03839111 362.50030518 255 64 64
191.07339478 298.66970825 391.84204102 255 64 64
193.02078247 302.43850708 404.41638184 255 64 64
202.09706116 294.28628540 401.18432617 255 64 64
204.20059204 298.75701904 413.07196045 255 64 64
173.91189575 313.16070557 419.66793823 255 64 64
175.95692444 315.86541748 432.41339111 255 64 64
185.21542358 312.82128906 427.17037964 255 64 64
187.68986511 315.49438477 439.69082642 255 64 64
111.59680939 273.74423218 490.20916748 255 64 64
118.55548859 276.01126099 500.38116455 255 64 64
122.28208923 285.85101318 484.40011597 255 64 64
129.06732178 286.18487549 494.38928223 255 64 64
192.35574341 291.12979126 360.84558105 255 64 64
194.48213196 296.18179321 373.86291504 255 64 64
201.77937317 286.00982666 372.06289673 255 64 64
203.36505127 291.75323486 384.76617432 255 64 64
156.48130798 315.76229858 431.78701782 255 64 64
159.89033508 316.04238892 444.61218262 255 64 64
168.18730164 316.44403076 439.75820923 255 64 64
171.88694763 315.92636108 452.51773071 255 64 64
168.29481506 188.24971008 342.23834229 255 64 64
169.35450745 202.19049072 336.45156860 255 64 64
181.70268250 196.92871094 344.43563843 255 64 64
183.70193481 208.76478577 340.83529663 255 64 64
140.32214355 308.50363159 445.63406372 255 64 64
145.53234863 308.56411743 457.71386719 255 64 64
153.07931519 311.61791992 452.64663696 255 64 64
158.07389832 310.46594238 465.00772095 255 64 64
126.32510376 297.09222412 461.25531006 255 64 64
132.76814270 297.43542480 471.75543213 255 64 64
139.33775330 303.22192383 465.70614624 255 64 64
145.26985168 302.30871582 476.68908691 255 64 64
170.02159119 314.76269531 388.60058594 255 64 64
171.46125793 316.16485596 402.15698242 255 64 64
181.00239563 310.77182007 398.21710205 255 64 64
182.39146423 312.36953735 411.59539795 255 64 64
184.36265564 274.01934814 340.88128662 255 64 64
187.01954651 285.82730103 349.47827148 255 64 64
195.95782471 272.75457764 351.33923340 255 64 64
197.49270630 283.72930908 360.47760010 255 64 64
96.72672272 250.77464294 483.03134155 255 64 64
102.30608368 255.07781982 492.94085693 255 64 64
101.37472534 263.58923340 472.47030640 255 64 64
107.42166901 266.57403564 482.42196655 255 64 64
172.72396851 220.17663574 333.92730713 255 64 64
175.28953552 234.82055664 331.80737305 255 64 64
186.63926697 226.21186829 338.39572144 255 64 64
189.06858826 238.67431641 338.57501221 255 64 64
179.82957458 247.67265320 334.47576904 255 64 64
182.84864807 261.79156494 336.72344971 255 64 64
193.01536560 250.43244934 342.46920776 255 64 64
195.31988525 262.74371338 346.66339111 255 64 64
109.05030060 273.67098999 471.16012573 255 64 64
115.30232239 276.19760132 480.72741699 255 64 64
118.06329346 286.43521118 467.40130615 255 64 64
124.45008850 287.65924072 477.47250366 255 64 64
149.22908020 316.69900513 400.85620117 255 64 64
151.74571228 317.30508423 414.37744141 255 64 64
160.76748657 316.22665405 408.53909302 255 64 64
163.40716553 316.26138306 422.20800781 255 64 64
164.94155884 306.30810547 361.52059937 255 64 64
167.39276123 311.31439209 374.76763916 255 64 64
177.56884766 303.59744263 371.18865967 255 64 64
179.36477661 308.70336914 384.45913696 255 64 64
132.82673645 309.09219360 419.99783325 255 64 64
137.16976929 310.02999878 432.13858032 255 64 64
144.74015808 312.64562988 425.38851929 255 64 64
148.98004150 312.51571655 437.93240356 255 64 64
90.87079620 242.39797974 461.75689697 255 64 64
94.33724213 248.95118713 471.34292603 255 64 64
92.63917542 253.81803894 450.18096924 255 64 64
96.75953674 259.54623413 459.98266602 255 64 64
115.47341919 292.12646484 438.20193481 255 64 64
120.77972412 294.43215942 448.64581299 255 64 64
125.83525085 300.09591675 439.36798096 255 64 64
130.96578979 301.37268066 450.62277222 255 64 64
101.43067932 269.70297241 450.03128052 255 64 64
106.41941071 273.85614014 459.57980347 255 64 64
107.91474152 281.56716919 444.60983276 255 64 64
113.22339630 284.79690552 455.01150513 255 64 64
157.77682495 283.71643066 343.59069824 255 64 64
161.43487549 295.40719604 351.98846436 255 64 64
173.29205322 285.96411133 349.55560303 255 64 64
175.79872131 296.57907104 359.30572510 255 64 64
143.63449097 201.22251892 338.19036865 255 64 64
145.58860779 215.37893677 333.83093262 255 64 64
157.17388916 209.87106323 333.99996948 255 64 64
159.97705078 222.65635681 331.38195801 255 64 64
141.82566833 307.40731812 373.67541504 255 64 64
145.04719543 311.67767334 386.66464233 255 64 64
154.73402405 310.05813599 379.41122437 255 64 64
157.87234497 313.67108154 393.22076416 255 64 64
87.45122528 223.86808777 443.76605225 255 64 64
88.61608124 233.07444763 452.82241821 255 64 64
88.30992889 233.46467590 431.44717407 255 64 64
89.92596436 242.16244507 440.67227173 255 64 64
145.25344849 230.04627991 332.03588867 255 64 64
148.57574463 244.33395386 331.00872803 255 64 64
159.79774475 237.32839966 329.52453613 255 64 64
163.56419373 250.01994324 330.53118896 255 64 64
114.39645386 292.83370972 415.97357178 255 64 64
118.54141998 296.57672119 426.61431885 255 64 64
123.55476379 300.83654785 416.11184692 255 64 64
127.93527985 303.73931885 427.75573730 255 64 64
148.48669434 258.72943115 333.46765137 255 64 64
152.36915588 272.63269043 336.15625000 255 64 64
164.28959656 264.30996704 334.58941650 255 64 64
167.76190186 276.69445801 339.46331787 255 64 64
126.73526764 302.63070679 393.18969727 255 64 64
130.45483398 306.39245605 405.26483154 255 64 64
137.45217896 308.73156738 395.51123047 255 64 64
141.43542480 311.56457520 408.59887695 255 64 64
92.42354584 251.70747375 433.76605225 255 64 64
94.85404205 258.94973755 442.59271240 255 64 64
95.29525757 262.13726807 424.14630127 255 64 64
98.15115356 268.96939087 433.69015503 255 64 64
100.00215149 272.04910278 422.39080811 255 64 64
103.51663971 277.55697632 431.62765503 255 64 64
106.01628113 282.26797485 417.73843384 255 64 64
109.96320343 287.39614868 428.22213745 255 64 64
134.68301392 286.66253662 355.41506958 255 64 64
138.49398804 296.64236450 364.07531738 255 64 64
149.27302551 293.40325928 356.20489502 255 64 64
152.92697144 302.42678833 366.88314819 255 64 64
92.24981689 212.59921265 414.04345703 255 64 64
91.22206879 224.11184692 420.45953369 255 64 64
93.88723755 221.74462891 401.93667603 255 64 64
93.40470886 233.03225708 408.14535522 255 64 64
122.74571991 200.33657837 349.75015259 255 64 64
123.74167633 214.31016541 346.33642578 255 64 64
132.85603333 210.38668823 339.67074585 255 64 64
135.17169189 223.35246277 337.35009766 255 64 64
90.92967987 232.45333862 418.57763672 255 64 64
91.18310547 242.35813904 426.08358765 255 64 64
92.80968475 242.36868286 407.93206787 255 64 64
93.53918457 252.06723022 415.66534424 255 64 64
110.12550354 280.55468750 393.55532837 255 64 64
113.06050110 287.58599854 403.22576904 255 64 64
117.86407471 290.24853516 390.88812256 255 64 64
121.38090515 296.87673950 401.94137573 255 64 64
121.02641296 285.32894897 372.35351562 255 64 64
124.38914490 294.33139038 381.28802490 255 64 64
131.79196167 294.82592773 370.34490967 255 64 64
135.74591064 302.92602539 380.95520020 255 64 64
128.59973145 266.35607910 346.85794067 255 64 64
132.24783325 279.17184448 350.52593994 255 64 64
142.45965576 274.86163330 343.10787964 255 64 64
146.45111084 286.42114258 349.08569336 255 64 64
98.37380981 256.78878784 404.95312500 255 64 64
99.81933594 265.50292969 412.94540405 255 64 64
102.95355225 267.55374146 397.71789551 255 64 64
104.92642212 276.26321411 406.92892456 255 64 64
123.68894196 230.36035156 344.27859497 255 64 64
126.14580536 244.40426636 342.89413452 255 64 64
135.73889160 239.97218323 335.87768555 255 64 64
139.21939087 252.75514221 336.36016846 255 64 64
101.48869324 212.52421570 386.75003052 255 64 64
100.32178497 225.50872803 389.29067993 255 64 64
105.14791107 223.38058472 374.94573975 255 64 64
105.11246490 235.83541870 377.58865356 255 64 64
108.34782410 262.17007446 383.56616211 255 64 64
109.70186615 273.15771484 390.21545410 255 64 64
114.70349121 273.77880859 377.03640747 255 64 64
117.01152039 284.06799316 385.15991211 255 64 64
119.82347107 244.67144775 348.97174072 255 64 64
122.46725464 258.49035645 349.00015259 255 64 64
131.20718384 255.12001038 340.66918945 255 64 64
134.80841064 267.70608521 342.69070435 255 64 64
109.44698334 208.82104492 367.12515259 255 64 64
109.40714264 222.56025696 365.99371338 255 64 64
116.07547760 219.30474854 355.27679443 255 64 64
117.30390930 232.04553223 354.69641113 255 64 64
99.46044159 236.17057800 391.74594116 255 64 64
99.29989624 248.14727783 396.80264282 255 64 64
103.41088104 247.57539368 381.81066895 255 64 64
104.19985199 259.03646851 387.53533936 255 64 64
116.04471588 263.45446777 361.19598389 255 64 64
118.48165894 275.92803955 365.04095459 255 64 64
125.74033356 274.25460815 354.41427612 255 64 64
129.15521240 285.68753052 360.25729370 255 64 64
106.91218567 240.22764587 374.49926758 255 64 64
107.45477295 253.10435486 377.48199463 255 64 64
112.61869812 251.87387085 364.49719238 255 64 64
114.52243042 263.74511719 368.73474121 255 64 64
129.98800659 194.89457703 506.29003906 255 64 64
129.97447205 194.91317749 506.28381348 255 64 64
129.99484253 194.89184570 506.30331421 255 64 64
129.98141479 194.91696167 506.29507446 255 64 64
269.75982666 223.17102051 428.43438721 255 64 64
269.76226807 223.17630005 428.42727661 255 64 64
269.76617432 223.17083740 428.42514038 255 64 64
269.76538086 223.17532349 428.42053223 255 64 64
182.84321594 142.00247192 394.47677612 255 64 64
182.84193420 142.00781250 394.46398926 255 64 64
182.85227966 142.00642395 394.46734619 255 64 64
182.84738159 142.00772095 394.45510864 255 64 64
169.90328979 248.64184570 417.34008789 255 64 64
169.89950562 248.65267944 417.31365967 255 64 64
169.89051819 248.65841675 417.33630371 255 64 64
169.89173889 248.67065430 417.31427002 255 64 64
222.86918640 270.73361206 477.34167480 255 64 64
222.85868835 270.74633789 477.33367920 255 64 64
222.86798096 270.72338867 477.35418701 255 64 64
222.85931396 270.74060059 477.34695435 255 64 64
184.15348816 184.41529846 455.90191650 255 64 64
184.14303589 184.42448425 455.89779663 255 64 64
184.16058350 184.42178345 455.91250610 255 64 64
184.15242004 184.43542480 455.90496826 255 64 64
223.66787720 213.73670959 379.76510620 255 64 64
223.66049194 213.74455261 379.74819946 255 64 64
223.66917419 213.73484802 379.75866699 255 64 64
223.66177368 213.74232483 379.74603271 255 64 64
154.49775696 254.56744385 486.57330322 255 64 64
154.48773193 254.57742310 486.56411743 255 64 64
154.50759888 254.56086731 486.59075928 255 64 64
154.49906921 254.57734680 486.58572388 255 64 64
131.31018066 150.96881104 432.55364990 255 64 64
131.29788208 150.97535706 432.53851318 255 64 64
131.32313538 150.97296143 432.54904175 255 64 64
131.30374146 150.97824097 432.53411865 255 64 64
227.26321411 220.77632141 462.73782349 255 64 64
227.26112366 220.79045105 462.72976685 255 64 64
227.26293945 220.78341675 462.73974609 255 64 64
227.26272583 220.79983521 462.73107910 255 64 64
214.21940613 182.55496216 413.22561646 255 64 64
214.20745850 182.56161499 413.21194458 255 64 64
214.22846985 182.56114197 413.23492432 255 64 64
214.21640015 182.56686401 413.22015381 255 64 64
191.86927795 245.12528992 454.59252930 255 64 64
191.86032104 245.13494873 454.58273315 255 64 64
191.88334656 245.12780762 454.60342407 255 64 64
191.87431335 245.14189148 454.59313965 255 64 64
142.92131042 180.79505920 466.68099976 255 64 64
142.91217041 180.80044556 466.66986084 255 64 64
142.94383240 180.78733826 466.68612671 255 64 64
142.93293762 180.80255127 466.67520142 255 64 64
167.05055237 214.38998413 484.73001099 255 64 64
167.03991699 214.39410400 484.71987915 255 64 64
167.06513977 214.38879395 484.73034668 255 64 64
167.05760193 214.40542603 484.72055054 255 64 64
237.65864563 244.46107483 404.17901611 255 64 64
237.65380859 244.46943665 404.16604614 255 64 64
237.67988586 244.46665955 404.18667603 255 64 64
237.67344666 244.47398376 404.17800903 255 64 64
264.66052246 245.00001526 463.19589233 255 64 64
264.66259766 245.01042175 463.18121338 255 64 64
264.66775513 244.98678589 463.20404053 255 64 64
264.66845703 245.00268555 463.19461060 255 64 64
183.60919189 210.89706421 423.42843628 255 64 64
183.59524536 210.90644836 423.41436768 255 64 64
183.61138916 210.90173340 423.41888428 255 64 64
183.60055542 210.91796875 423.40411377 255 64 64
164.87234497 165.19154358 425.98141479 255 64 64
164.86000061 165.20219421 425.96258545 255 64 64
164.88114929 165.20388794 425.97662354 255 64 64
164.86532593 165.21502686 425.95718384 255 64 64
239.73091125 200.93513489 432.73309326 255 64 64
239.72712708 200.94348145 432.72421265 255 64 64
239.73510742 200.94113159 432.74365234 255 64 64
239.73089600 200.94973755 432.73477173 255 64 64
212.05192566 165.73272705 382.17016602 255 64 64
212.05097961 165.73724365 382.15606689 255 64 64
212.06030273 165.73483276 382.16241455 255 64 64
212.05921936 165.73706055 382.15090942 255 64 64
224.80996704 262.71966553 443.26141357 255 64 64
224.80430603 262.73077393 443.24789429 255 64 64
224.81756592 262.72451782 443.27124023 255 64 64
224.81268311 262.73791504 443.25909424 255 64 64
181.83392334 272.30636597 479.62811279 255 64 64
181.82371521 272.31860352 479.61315918 255 64 64
181.84904480 272.30096436 479.63659668 255 64 64
181.84046936 272.31915283 479.62445068 255 64 64
148.42358398 229.45172119 506.90493774 255 64 64
148.41900635 229.45698547 506.90936279 255 64 64
148.44369507 229.44348145 506.90933228 255 64 64
148.43817139 229.46153259 506.91461182 255 64 64
196.58537292 214.52972412 470.02154541 255 64 64
196.58766174 214.53965759 470.01156616 255 64 64
196.59764099 214.53326416 470.02087402 255 64 64
196.59658813 214.54823303 470.01083374 255 64 64
216.85560608 219.55139160 420.02035522 255 64 64
216.84681702 219.55953979 420.01171875 255 64 64
216.86688232 219.55918884 420.03207397 255 64 64
216.85635376 219.56747437 420.02200317 255 64 64
154.67353821 139.03805542 409.62008667 255 64 64
154.66456604 139.04156494 409.60635376 255 64 64
154.68905640 139.03732300 409.61770630 255 64 64
154.67422485 139.03770447 409.60665894 255 64 64
208.03720093 197.76893616 438.45581055 255 64 64
208.03488159 197.77313232 438.44796753 255 64 64
208.04457092 197.77160645 438.46282959 255 64 64
208.03950500 197.77813721 438.45242310 255 64 64
241.36911011 205.78202820 402.04565430 255 64 64
241.36770630 205.78579712 402.03137207 255 64 64
241.37319946 205.78762817 402.04556274 255 64 64
241.36912537 205.79211426 402.03277588 255 64 64
193.11619568 162.12808228 414.45129395 255 64 64
193.10330200 162.13583374 414.43508911 255 64 64
193.12434387 162.13414001 414.45639038 255 64 64
193.10757446 162.14108276 414.43899536 255 64 64
237.87127686 245.37635803 471.34030151 255 64 64
237.86477661 245.39166260 471.32742310 255 64 64
237.86555481 245.37435913 471.34164429 255 64 64
237.86048889 245.39378357 471.33023071 255 64 64
120.68953705 165.72442627 463.08572388 255 64 64
120.67264557 165.73892212 463.07040405 255 64 64
120.69893646 165.72994995 463.08612061 255 64 64
120.67953491 165.74630737 463.07159424 255 64 64
241.99053955 227.72790527 429.69500732 255 64 64
241.99041748 227.73431396 429.68576050 255 64 64
241.99682617 227.73632812 429.69754028 255 64 64
241.99380493 227.74313354 429.68890381 255 64 64
197.45965576 238.45092773 429.26245117 255 64 64
197.44444275 238.45999146 429.24499512 255 64 64
197.46922302 238.45973206 429.26983643 255 64 64
197.45918274 238.47645569 429.25332642 255 64 64
181.16125488 242.52069092 478.13378906 255 64 64
181.15551758 242.53228760 478.12780762 255 64 64
181.17601013 242.51554871 478.13784790 255 64 64
181.16812134 242.53210449 478.13247681 255 64 64
165.95053101 189.57202148 471.81628418 255 64 64
165.94190979 189.58274841 471.81253052 255 64 64
165.95474243 189.58142090 471.82971191 255 64 64
165.94773865 189.59680176 471.82312012 255 64 64
222.73770142 187.85340881 380.57186890 255 64 64
222.73576355 187.86012268 380.55618286 255 64 64
222.73889160 187.86395264 380.57336426 255 64 64
222.73690796 187.86880493 380.55938721 255 64 64
125.36949921 177.14598083 484.19641113 255 64 64
125.35356140 177.16348267 484.18313599 255 64 64
125.37416840 177.14657593 484.20288086 255 64 64
125.35736084 177.16845703 484.19000244 255 64 64
153.06637573 174.83660889 444.76675415 255 64 64
153.05708313 174.84289551 444.74966431 255 64 64
153.08251953 174.83503723 444.76559448 255 64 64
153.07154846 174.84864807 444.74801636 255 64 64
168.27194214 260.49884033 464.18487549 255 64 64
168.26304626 260.51196289 464.17486572 255 64 64
168.27656555 260.49850464 464.17742920 255 64 64
168.26687622 260.51519775 464.16784668 255 64 64
256.07089233 230.14222717 410.61877441 255 64 64
256.07135010 230.14640808 410.60537720 255 64 64
256.07739258 230.14326477 410.61489868 255 64 64
256.07562256 230.14871216 410.60299683 255 64 64
253.71163940 227.91104126 451.56591797 255 64 64
253.70639038 227.92462158 451.55389404 255 64 64
253.71038818 227.91223145 451.56698608 255 64 64
253.70530701 227.92784119 451.55712891 255 64 64
146.05386353 193.81993103 489.72134399 255 64 64
146.04617310 193.82388306 489.71453857 255 64 64
146.07647705 193.81053162 489.71929932 255 64 64
146.06759644 193.82673645 489.71179199 255 64 64
212.47160339 238.49511719 445.53482056 255 64 64
212.46354675 238.50721741 445.52215576 255 64 64
212.48045349 238.50297546 445.54663086 255 64 64
212.47415161 238.51797485 445.53549194 255 64 64
193.97923279 178.74252319 437.00689697 255 64 64
193.97732544 178.74610901 436.99911499 255 64 64
193.98977661 178.75027466 437.02212524 255 64 64
193.98765564 178.75666809 437.01156616 255 64 64
215.18127441 255.12242126 461.45697021 255 64 64
215.17147827 255.13586426 461.44918823 255 64 64
215.18841553 255.12460327 461.46258545 255 64 64
215.17860413 255.14135742 461.45547485 255 64 64
202.57095337 152.77392578 397.25811768 255 64 64
202.56266785 152.78173828 397.24716187 255 64 64
202.58079529 152.77990723 397.26046753 255 64 64
202.57044983 152.78463745 397.24804688 255 64 64
220.00567627 207.44912720 400.47784424 255 64 64
219.99331665 207.45443726 400.46582031 255 64 64
220.01393127 207.45500183 400.48114014 255 64 64
219.99986267 207.46218872 400.46923828 255 64 64
224.43055725 234.34413147 391.16790771 255 64 64
224.42193604 234.35186768 391.15338135 255 64 64
224.43891907 234.34901428 391.16659546 255 64 64
224.42951965 234.35723877 391.15390015 255 64 64
199.75566101 264.12701416 474.68661499 255 64 64
199.74302673 264.14138794 474.67254639 255 64 64
199.76686096 264.12225342 474.68786621 255 64 64
199.75682068 264.14096069 474.67562866 255 64 64
182.38040161 228.67935181 438.40557861 255 64 64
182.36376953 228.68745422 438.39617920 255 64 64
182.39230347 228.69566345 438.41821289 255 64 64
182.37992859 228.71205139 438.40719604 255 64 64
232.24331665 222.25335693 407.89379883 255 64 64
232.23460388 222.25793457 407.88354492 255 64 64
232.25181580 222.25802612 407.90399170 255 64 64
232.24212646 222.26454163 407.89517212 255 64 64
234.70635986 203.55482483 451.36410522 255 64 64
234.70108032 203.56498718 451.35742188 255 64 64
234.70443726 203.55682373 451.37277222 255 64 64
234.70057678 203.56867981 451.36480713 255 64 64
175.99307251 150.36206055 410.60000610 255 64 64
175.98306274 150.37011719 410.58505249 255 64 64
176.00268555 150.37203979 410.60092163 255 64 64
175.98849487 150.37786865 410.58465576 255 64 64
162.72798157 235.23078918 495.15600586 255 64 64
162.72033691 235.23716736 495.15640259 255 64 64
162.74555969 235.22039795 495.16476440 255 64 64
162.73846436 235.23960876 495.16574097 255 64 64
201.23771667 200.40525818 456.01116943 255 64 64
201.23381042 200.41424561 456.00039673 255 64 64
201.25134277 200.40925598 456.01803589 255 64 64
201.24725342 200.42102051 456.00592041 255 64 64
243.17883301 262.59216309 477.20098877 255 64 64
243.17643738 262.60717773 477.18945312 255 64 64
243.17590332 262.58258057 477.20291138 255 64 64
243.17346191 262.60232544 477.19506836 255 64 64
140.15068054 212.96774292 510.78518677 255 64 64
140.14617920 212.97238159 510.79144287 255 64 64
140.17568970 212.95315552 510.79077148 255 64 64
140.16935730 212.97061157 510.79586792 255 64 64
229.88775635 191.30050659 398.55090332 255 64 64
229.87988281 191.30775452 398.53869629 255 64 64
229.89688110 191.30545044 398.55947876 255 64 64
229.88809204 191.31178284 398.54644775 255 64 64
184.84867859 196.72677612 469.43618774 255 64 64
184.84413147 196.73753357 469.42468262 255 64 64
184.86453247 196.73222351 469.43267822 255 64 64
184.85870361 196.74507141 469.41894531 255 64 64
271.47503662 231.62280273 449.52444458 255 64 64
271.47711182 231.63035583 449.51483154 255 64 64
271.47631836 231.61672974 449.52255249 255 64 64
271.47726440 231.62648010 449.51708984 255 64 64
214.21563721 274.42227173 452.13256836 255 64 64
214.20841980 274.43334961 452.12301636 255 64 64
214.22630310 274.42456055 452.13659668 255 64 64
214.21983337 274.43811035 452.12771606 255 64 64
218.19094849 218.83923340 447.19549561 255 64 64
218.18818665 218.84761047 447.18695068 255 64 64
218.19723511 218.84855652 447.20727539 255 64 64
218.19468689 218.85958862 447.19720459 255 64 64
153.68386841 213.31462097 498.89602661 255 64 64
153.67813110 213.31838989 498.89559937 255 64 64
153.70686340 213.30786133 498.89767456 255 64 64
153.70048523 213.32458496 498.89636230 255 64 64
132.44097900 164.66213989 444.16180420 255 64 64
132.42686462 164.67536926 444.14556885 255 64 64
132.44966125 164.67126465 444.16082764 255 64 64
132.43350220 164.68495178 444.14532471 255 64 64
179.59881592 222.83563232 475.12521362 255 64 64
179.59107971 222.84634399 475.11572266 255 64 64
179.60661316 222.83653259 475.12023926 255 64 64
179.59960938 222.85237122 475.11068726 255 64 64
215.50868225 198.25335693 421.58334351 255 64 64
215.50286865 198.25537109 421.57238770 255 64 64
215.51300049 198.25845337 421.59036255 255 64 64
215.50491333 198.26269531 421.57766724 255 64 64
245.22058105 215.29188538 442.29394531 255 64 64
245.21786499 215.29905701 442.28619385 255 64 64
245.22189331 215.29837036 442.29922485 255 64 64
245.21841431 215.30680847 442.29141235 255 64 64
183.29484558 230.74050903 420.83288574 255 64 64
183.28660583 230.74847412 420.81860352 255 64 64
183.30705261 230.75199890 420.83822632 255 64 64
183.30189514 230.76774597 420.82504272 255 64 64
148.97656250 157.66128540 424.96047974 255 64 64
148.96621704 157.66946411 424.94338989 255 64 64
148.99035645 157.66702271 424.95989990 255 64 64
148.97450256 157.67578125 424.94320679 255 64 64
177.43324280 172.99116516 435.50561523 255 64 64
177.41987610 172.99513245 435.48919678 255 64 64
177.43791199 172.98081970 435.49777222 255 64 64
177.42556763 172.99322510 435.48083496 255 64 64
213.56840515 171.21865845 399.83294678 255 64 64
213.56001282 171.22467041 399.82165527 255 64 64
213.58305359 171.22329712 399.84371948 255 64 64
213.57273865 171.22888184 399.83053589 255 64 64
185.73712158 259.40457153 465.39453125 255 64 64
185.72581482 259.41690063 465.38070679 255 64 64
185.74234009 259.41534424 465.39730835 255 64 64
185.73397827 259.43173218 465.38375854 255 64 64
167.29495239 180.16921997 455.11196899 255 64 64
167.28605652 180.17253113 455.10290527 255 64 64
167.30770874 180.16098022 455.11352539 255 64 64
167.29994202 180.17370605 455.10211182 255 64 64
200.61933899 229.43676758 462.23117065 255 64 64
200.61203003 229.44680786 462.22415161 255 64 64
200.62788391 229.43417358 462.23562622 255 64 64
200.62030029 229.44844055 462.22763062 255 64 64
160.25439453 199.07339478 483.29461670 255 64 64
160.24562073 199.07690430 483.28961182 255 64 64
160.27214050 199.06961060 483.29370117 255 64 64
160.26339722 199.08544922 483.28796387 255 64 64
234.08569336 194.98274231 413.47714233 255 64 64
234.08068848 194.98828125 413.46414185 255 64 64
234.08735657 194.98767090 413.48394775 255 64 64
234.08041382 194.99285889 413.47048950 255 64 64
244.55909729 209.94888306 417.03283691 255 64 64
244.55477905 209.95512390 417.02072144 255 64 64
244.56254578 209.95922852 417.03433228 255 64 64
244.55674744 209.96675110 417.02462769 255 64 64
250.82608032 237.72991943 465.47378540 255 64 64
250.81904602 237.74279785 465.46170044 255 64 64
250.82336426 237.72274780 465.47717285 255 64 64
250.81900024 237.74095154 465.46676636 255 64 64
202.89140320 174.00529480 420.16961670 255 64 64
202.88058472 174.01062012 420.15612793 255 64 64
202.90176392 174.01193237 420.17559814 255 64 64
202.88725281 174.01806641 420.16058350 255 64 64
211.33331299 252.77201843 439.07125854 255 64 64
211.32229614 252.78408813 439.05310059 255 64 64
211.34803772 252.78421021 439.08065796 255 64 64
211.34077454 252.79866028 439.06396484 255 64 64
228.26367188 209.35494995 426.17236328 255 64 64
228.26013184 209.36241150 426.15908813 255 64 64
228.27146912 209.36491394 426.18154907 255 64 64
228.26643372 209.37379456 426.16802979 255 64 64
223.92176819 235.73110962 459.66317749 255 64 64
223.91041565 235.74514771 459.64981079 255 64 64
223.92129517 235.73738098 459.66622925 255 64 64
223.91232300 235.75309753 459.65362549 255 64 64
154.58560181 264.26553345 474.67858887 255 64 64
154.57669067 264.27532959 474.65759277 255 64 64
154.58113098 264.27511597 474.67663574 255 64 64
154.57559204 264.29071045 474.66015625 255 64 64
151.39971924 243.06942749 501.13461304 255 64 64
151.39596558 243.07583618 501.13754272 255 64 64
151.41944885 243.06199646 501.14746094 255 64 64
151.41619873 243.08062744 501.15261841 255 64 64
215.98713684 220.94807434 396.50427246 255 64 64
215.97618103 220.95358276 396.49557495 255 64 64
215.99382019 220.95616150 396.51757812 255 64 64
215.97938538 220.96310425 396.50802612 255 64 64
184.69569397 244.51991272 425.94259644 255 64 64
184.68664551 244.53085327 425.92901611 255 64 64
184.70628357 244.53887939 425.95330811 255 64 64
184.70137024 244.55500793 425.94073486 255 64 64
210.70387268 210.34126282 431.83901978 255 64 64
210.69692993 210.34619141 431.82949829 255 64 64
210.70738220 210.34852600 431.84741211 255 64 64
210.69943237 210.35466003 431.83541870 255 64 64
189.73722839 151.20535278 405.75021362 255 64 64
189.72637939 151.21154785 405.73745728 255 64 64
189.74954224 151.20697021 405.74960327 255 64 64
189.73596191 151.21176147 405.73672485 255 64 64
179.15197754 207.80015564 476.48065186 255 64 64
179.13710022 207.80465698 476.47213745 255 64 64
179.16566467 207.78820801 476.48358154 255 64 64
179.15460205 207.80395508 476.47137451 255 64 64
162.96006775 153.78845215 417.66958618 255 64 64
162.94848633 153.79838562 417.65057373 255 64 64
162.96922302 153.79837036 417.66156006 255 64 64
162.95350647 153.80636597 417.64190674 255 64 64
137.68515015 184.89059448 482.67596436 255 64 64
137.67662048 184.89587402 482.66564941 255 64 64
137.71057129 184.87919617 482.67984009 255 64 64
137.69937134 184.89468384 482.67108154 255 64 64
261.39367676 224.83549500 439.60867310 255 64 64
261.38851929 224.84535217 439.59814453 255 64 64
261.39697266 224.83923340 439.61004639 255 64 64
261.39181519 224.85032654 439.60122681 255 64 64
203.13883972 229.00225830 437.96765137 255 64 64
203.13471985 229.00956726 437.95797729 255 64 64
203.14414978 229.01358032 437.97631836 255 64 64
203.14190674 229.02404785 437.96557617 255 64 64
223.63854980 220.90841675 432.38928223 255 64 64
223.63227844 220.91325378 432.38046265 255 64 64
223.64828491 220.91297913 432.40124512 255 64 64
223.64190674 220.91874695 432.39178467 255 64 64
191.23854065 238.59501648 466.90090942 255 64 64
191.23371887 238.60525513 466.89157104 255 64 64
191.24874878 238.59384155 466.90676880 255 64 64
191.24267578 238.60932922 466.89743042 255 64 64
142.69351196 164.86839294 434.88439941 255 64 64
142.68205261 164.87988281 434.86877441 255 64 64
142.69860840 164.88195801 434.87911987 255 64 64
142.68548584 164.89459229 434.86267090 255 64 64
199.33251953 253.77841187 462.27374268 255 64 64
199.32261658 253.78973389 462.26367188 255 64 64
199.34129333 253.78053284 462.27514648 255 64 64
199.33235168 253.79547119 462.26605225 255 64 64
186.79380798 168.75521851 424.53164673 255 64 64
186.78179932 168.76582336 424.51599121 255 64 64
186.80381775 168.76200867 424.53787231 255 64 64
186.78892517 168.77368164 424.52243042 255 64 64
166.53761292 248.98718262 489.47802734 255 64 64
166.52893066 248.99591064 489.46990967 255 64 64
166.55342102 248.97625732 489.49783325 255 64 64
166.54362488 248.99479675 489.49304199 255 64 64
132.74017334 187.43009949 495.02841187 255 64 64
132.73327637 187.44006348 495.02609253 255 64 64
132.75631714 187.43609619 495.03775024 255 64 64
132.74969482 187.45294189 495.03442383 255 64 64
189.38105774 244.53486633 441.30413818 255 64 64
189.36634827 244.54244995 441.29125977 255 64 64
189.39144897 244.54515076 441.31869507 255 64 64
189.38145447 244.56230164 441.30636597 255 64 64
254.74603271 227.24070740 425.25299072 255 64 64
254.74185181 227.24534607 425.24258423 255 64 64
254.74691772 227.24362183 425.25213623 255 64 64
254.74157715 227.24853516 425.24411011 255 64 64
204.69122314 162.58093262 407.81658936 255 64 64
204.67877197 162.58985901 407.80221558 255 64 64
204.70178223 162.58236694 407.83084106 255 64 64
204.68579102 162.58976746 407.81445312 255 64 64
197.75534058 189.52157593 449.14001465 255 64 64
197.75117493 189.52699280 449.13418579 255 64 64
197.75738525 189.52487183 449.15585327 255 64 64
197.75488281 189.53398132 449.14602661 255 64 64
170.77305603 251.43910217 473.62017822 255 64 64
170.76182556 251.45007324 473.61175537 255 64 64
170.77964783 251.44400024 473.62777710 255 64 64
170.77154541 251.46438599 473.62072754 255 64 64
239.52819824 220.30705261 457.87808228 255 64 64
239.52624512 220.31906128 457.87124634 255 64 64
239.52801514 220.31306458 457.87960815 255 64 64
239.52586365 220.32707214 457.87304688 255 64 64
236.47251892 213.92964172 392.93444824 255 64 64
236.46670532 213.93235779 392.91879272 255 64 64
236.47908020 213.93742371 392.93972778 255 64 64
236.47465515 213.94161987 392.92736816 255 64 64
230.66784668 194.12658691 426.16647339 255 64 64
230.65597534 194.13586426 426.15750122 255 64 64
230.66937256 194.13015747 426.17385864 255 64 64
230.65647888 194.13903809 426.16290283 255 64 64
153.29582214 186.93508911 473.92465210 255 64 64
153.28973389 186.93721008 473.91961670 255 64 64
153.31727600 186.92852783 473.92724609 255 64 64
153.30993652 186.94113159 473.92166138 255 64 64
196.88960266 234.21769714 448.22537231 255 64 64
196.87818909 234.22758484 448.21664429 255 64 64
196.89897156 234.22518921 448.23364258 255 64 64
196.89038086 234.23750305 448.22561646 255 64 64
142.50436401 175.65591431 454.70266724 255 64 64
142.49649048 175.66131592 454.68759155 255 64 64
142.52369690 175.65011597 454.70196533 255 64 64
142.51211548 175.66427612 454.68704224 255 64 64
206.44392395 218.04370117 460.84262085 255 64 64
206.43820190 218.05407715 460.83502197 255 64 64
206.44934082 218.04626465 460.84805298 255 64 64
206.44482422 218.05900574 460.84008789 255 64 64
174.17449951 229.12791443 484.87677002 255 64 64
174.16232300 229.13375854 484.86993408 255 64 64
174.19259644 229.12686157 484.88446045 255 64 64
174.18449402 229.14494324 484.87701416 255 64 64
253.49273682 249.82220459 468.57653809 255 64 64
253.49066162 249.83680725 468.56161499 255 64 64
253.49392700 249.81547546 468.58621216 255 64 64
253.49267578 249.83551025 468.57608032 255 64 64
229.89431763 197.87734985 441.14624023 255 64 64
229.88554382 197.88354492 441.13879395 255 64 64
229.89332581 197.87895203 441.15133667 255 64 64
229.88555908 197.88790894 441.14321899 255 64 64
223.47247314 259.99185181 470.82470703 255 64 64
223.45825195 260.00939941 470.81146240 255 64 64
223.46940613 259.99349976 470.82928467 255 64 64
223.45982361 260.01428223 470.81747437 255 64 64
206.47975159 184.31127930 426.33486938 255 64 64
206.47676086 184.31269836 426.32489014 255 64 64
206.48359680 184.31355286 426.34350586 255 64 64
206.47636414 184.31637573 426.33050537 255 64 64
221.67079163 246.12322998 453.14721680 255 64 64
221.66197205 246.13317871 453.14108276 255 64 64
221.68156433 246.12559509 453.15612793 255 64 64
221.67381287 246.13803101 453.14944458 255 64 64
227.76141357 233.21733093 403.09844971 255 64 64
227.75103760 233.22456360 403.08935547 255 64 64
227.77052307 233.22206116 403.10516357 255 64 64
227.75839233 233.23045349 403.09655762 255 64 64
233.14218140 205.97827148 381.93768311 255 64 64
233.12434387 205.98291016 381.92474365 255 64 64
233.12974548 205.97238159 381.92129517 255 64 64
233.11505127 205.98158264 381.91195679 255 64 64
169.84388733 141.82374573 404.25704956 255 64 64
169.83941650 141.82791138 404.24295044 255 64 64
169.85235596 141.82470703 404.24862671 255 64 64
169.84326172 141.82705688 404.23562622 255 64 64
213.24534607 262.36767578 447.16064453 255 64 64
213.23486328 262.37966919 447.14993286 255 64 64
213.26316833 262.37893677 447.17010498 255 64 64
213.25354004 262.39340210 447.16088867 255 64 64
228.31814575 205.54057312 411.98193359 255 64 64
228.30996704 205.54827881 411.97079468 255 64 64
228.32682800 205.54779053 411.98492432 255 64 64
228.31596375 205.55670166 411.97277832 255 64 64
218.20915222 177.10928345 390.40356445 255 64 64
218.20117188 177.11758423 390.38909912 255 64 64
218.21920776 177.11494446 390.40551758 255 64 64
218.21051025 177.12152100 390.39105225 255 64 64
211.74731445 227.89476013 451.55776978 255 64 64
211.74464417 227.90530396 451.54876709 255 64 64
211.75297546 227.90309143 451.56698608 255 64 64
211.74885559 227.91493225 451.55722046 255 64 64
163.34204102 222.05273438 493.03216553 255 64 64
163.33450317 222.05867004 493.03005981 255 64 64
163.36462402 222.04855347 493.03567505 255 64 64
163.35807800 222.06553650 493.03277588 255 64 64
148.97305298 144.00125122 418.68032837 255 64 64
148.96255493 144.00601196 418.66635132 255 64 64
148.98849487 144.00265503 418.67733765 255 64 64
148.97158813 144.00604248 418.66476440 255 64 64
205.78295898 207.62315369 447.88787842 255 64 64
205.78138733 207.62669373 447.87988281 255 64 64
205.78894043 207.62783813 447.90380859 255 64 64
205.78771973 207.63511658 447.89480591 255 64 64
259.80752563 235.49403381 458.10827637 255 64 64
259.80352783 235.50370789 458.09524536 255 64 64
259.81027222 235.48004150 458.11596680 255 64 64
259.80822754 235.49511719 458.10607910 255 64 64
175.75338745 177.32638550 446.05691528 255 64 64
175.74787903 177.33378601 446.05029297 255 64 64
175.76185608 177.33810425 446.07406616 255 64 64
175.75856018 177.35012817 446.06488037 255 64 64
127.14311218 174.01272583 473.41616821 255 64 64
127.12636566 174.02949524 473.40066528 255 64 64
127.15083313 174.01388550 473.42852783 255 64 64
127.13314819 174.03384399 473.41253662 255 64 64
177.80978394 267.18634033 470.37445068 255 64 64
177.79281616 267.20040894 470.35324097 255 64 64
177.81050110 267.19802856 470.37911987 255 64 64
177.79713440 267.21694946 470.36199951 255 64 64
173.26759338 237.97886658 415.80743408 255 64 64
173.26026917 237.99189758 415.78890991 255 64 64
173.27038574 237.99502563 415.80526733 255 64 64
173.26612854 238.01324463 415.78826904 255 64 64
193.01055908 272.05661011 481.04858398 255 64 64
192.99851990 272.07101440 481.03405762 255 64 64
193.01808167 272.04681396 481.05273438 255 64 64
193.00865173 272.06680298 481.04013062 255 64 64
262.30413818 222.32098389 418.52929688 255 64 64
262.30398560 222.32612610 418.51492310 255 64 64
262.30838013 222.32421875 418.52203369 255 64 64
262.30560303 222.32902527 418.51177979 255 64 64
183.23486328 248.52102661 466.68862915 255 64 64
183.22595215 248.53237915 466.67840576 255 64 64
183.24534607 248.52140808 466.69351196 255 64 64
183.23619080 248.53681946 466.68432617 255 64 64
202.98492432 248.69244385 445.21664429 255 64 64
202.97233582 248.70220947 445.20227051 255 64 64
203.00093079 248.69676208 445.22415161 255 64 64
202.99055481 248.70883179 445.21072388 255 64 64
158.27325439 184.12890625 464.62857056 255 64 64
158.26412964 184.13191223 464.61819458 255 64 64
158.29057312 184.11953735 464.62835693 255 64 64
158.28222656 184.13375854 464.61691284 255 64 64
215.72157288 206.11355591 410.22055054 255 64 64
215.71037292 206.11888123 410.21279907 255 64 64
215.73023987 206.12106323 410.22839355 255 64 64
215.71694946 206.12660217 410.21841431 255 64 64
241.25770569 233.00390625 465.58865356 255 64 64
241.25105286 233.01889038 465.57727051 255 64 64
241.25581360 233.00271606 465.59494019 255 64 64
241.25177002 233.02230835 465.58477783 255 64 64
184.90571594 219.76878357 429.15371704 255 64 64
184.89271545 219.77775574 429.14648438 255 64 64
184.91404724 219.77961731 429.15832520 255 64 64
184.90574646 219.79492188 429.14840698 255 64 64
228.72076416 242.66142273 466.65206909 255 64 64
228.71041870 242.67535400 466.64218140 255 64 64
228.71977234 242.65689087 466.65441895 255 64 64
228.71191406 242.67352295 466.64523315 255 64 64
174.60807800 163.19631958 422.25320435 255 64 64
174.59449768 163.20785522 422.23574829 255 64 64
174.61755371 163.20989990 422.25213623 255 64 64
174.59945679 163.22160339 422.23370361 255 64 64
203.51495361 187.15905762 436.07519531 255 64 64
203.50637817 187.16503906 436.06683350 255 64 64
203.52340698 187.16601562 436.08685303 255 64 64
203.51568604 187.17393494 436.07543945 255 64 64
243.87033081 216.58338928 425.23233032 255 64 64
243.86820984 216.58767700 425.22201538 255 64 64
243.87591553 216.59335327 425.24053955 255 64 64
243.87167358 216.59906006 425.23089600 255 64 64
208.26904297 154.25289917 388.49447632 255 64 64
208.26879883 154.26124573 388.48352051 255 64 64
208.27861023 154.25880432 388.48715210 255 64 64
208.27742004 154.26211548 388.47607422 255 64 64
238.91000366 224.58854675 420.12091064 255 64 64
238.90704346 224.59396362 420.11090088 255 64 64
238.91703796 224.59553528 420.13012695 255 64 64
238.91133118 224.60311890 420.12039185 255 64 64
141.45783997 204.12413025 505.21316528 255 64 64
141.45301819 204.13456726 505.21282959 255 64 64
141.46484375 204.12860107 505.22058105 255 64 64
141.46011353 204.14651489 505.22064209 255 64 64
161.69122314 173.03002930 439.10839844 255 64 64
161.68269348 173.03465271 439.09228516 255 64 64
161.70739746 173.02392578 439.10180664 255 64 64
161.69682312 173.03646851 439.08489990 255 64 64
201.22839355 207.98234558 463.22982788 255 64 64
201.22767639 207.99340820 463.21908569 255 64 64
201.23928833 207.98904419 463.23092651 255 64 64
201.23728943 208.00180054 463.21972656 255 64 64
209.91143799 258.07824707 469.96582031 255 64 64
209.89338684 258.09448242 469.95492554 255 64 64
209.91789246 258.07739258 469.96774292 255 64 64
209.90403748 258.09613037 469.95623779 255 64 64
229.11155701 214.81950378 438.78976440 255 64 64
229.11241150 214.82444763 438.78045654 255 64 64
229.11734009 214.82586670 438.79455566 255 64 64
229.11581421 214.83258057 438.78396606 255 64 64
216.42070007 220.77226257 381.75103760 255 64 64
216.40850830 220.77972412 381.73617554 255 64 64
216.42181396 220.77352905 381.74511719 255 64 64
216.40914917 220.78161621 381.73117065 255 64 64
189.58633423 265.18701172 473.70959473 255 64 64
189.57438660 265.19943237 473.69644165 255 64 64
189.59008789 265.18795776 473.71051025 255 64 64
189.57969666 265.20559692 473.69982910 255 64 64
217.23602295 222.74836731 461.95901489 255 64 64
217.23231506 222.75788879 461.95120239 255 64 64
217.23500061 222.74740601 461.96447754 255 64 64
217.23135376 222.75994873 461.95782471 255 64 64
217.14662170 181.17858887 403.51007080 255 64 64
217.13816833 181.18585205 403.49307251 255 64 64
217.16162109 181.18510437 403.51776123 255 64 64
217.14891052 181.19154358 403.50067139 255 64 64
230.02648926 196.40647888 383.67010498 255 64 64
230.02449036 196.41127014 383.65634155 255 64 64
230.03018188 196.41026306 383.67407227 255 64 64
230.02886963 196.41407776 383.66201782 255 64 64
193.24758911 230.63032532 436.00500488 255 64 64
193.23207092 230.63882446 435.99377441 255 64 64
193.25746155 230.64079285 436.01751709 255 64 64
193.24528503 230.65637207 436.00582886 255 64 64
151.34030151 180.10002136 458.45544434 255 64 64
151.32936096 180.10610962 458.44143677 255 64 64
151.35600281 180.09439087 458.45190430 255 64 64
151.34620667 180.10942078 458.43792725 255 64 64
239.25799561 229.48410034 407.27111816 255 64 64
239.25219727 229.49104309 407.25918579 255 64 64
239.27157593 229.49052429 407.27581787 255 64 64
239.26464844 229.49729919 407.26599121 255 64 64
170.05955505 237.93110657 488.76257324 255 64 64
170.05101013 237.93737793 488.76049805 255 64 64
170.07244873 237.92549133 488.76751709 255 64 64
170.06634521 237.94355774 488.76620483 255 64 64
233.66532898 211.40948486 457.52447510 255 64 64
233.66307068 211.42126465 457.51864624 255 64 64
233.66197205 211.41390991 457.53149414 255 64 64
233.65986633 211.42713928 457.52416992 255 64 64
125.42156982 163.24949646 451.18008423 255 64 64
125.40737915 163.26300049 451.16299438 255 64 64
125.43067932 163.25253296 451.18435669 255 64 64
125.41261292 163.26620483 451.16851807 255 64 64
231.37605286 208.64166260 399.71124268 255 64 64
231.36773682 208.64808655 399.69598389 255 64 64
231.38288879 208.64944458 399.71728516 255 64 64
231.37316895 208.65740967 399.70394897 255 64 64
140.38449097 156.12899780 429.76800537 255 64 64
140.37174988 156.13728333 429.75524902 255 64 64
140.39933777 156.13381958 429.76959229 255 64 64
140.38131714 156.14126587 429.75762939 255 64 64
237.39678955 254.67166138 475.56832886 255 64 64
237.39253235 254.68566895 475.55487061 255 64 64
237.39627075 254.66204834 475.57601929 255 64 64
237.39299011 254.68040466 475.56463623 255 64 64
189.83320618 221.49314880 472.16503906 255 64 64
189.82847595 221.50567627 472.15640259 255 64 64
189.84295654 221.49531555 472.16134644 255 64 64
189.83540344 221.51235962 472.15267944 255 64 64
209.31233215 174.13479614 411.63232422 255 64 64
209.30148315 174.13946533 411.61929321 255 64 64
209.32272339 174.13787842 411.64163208 255 64 64
209.31057739 174.14270020 411.62750244 255 64 64
219.54464722 266.72198486 455.24154663 255 64 64
219.53961182 266.72900391 455.23785400 255 64 64
219.54891968 266.72277832 455.25686646 255 64 64
219.54318237 266.73361206 455.25286865 255 64 64
215.50489807 174.75851440 380.33227539 255 64 64
215.50187683 174.76553345 380.31518555 255 64 64
215.50845337 174.76586914 380.32629395 255 64 64
215.50567627 174.77087402 380.31039429 255 64 64
236.07331848 204.25199890 391.35824585 255 64 64
236.06787109 204.26005554 391.34170532 255 64 64
236.07949829 204.26165771 391.36450195 255 64 64
236.07437134 204.26821899 391.35198975 255 64 64
218.93130493 224.00939941 405.30538940 255 64 64
218.92176819 224.01339722 405.30114746 255 64 64
218.94294739 224.01263428 405.30834961 255 64 64
218.93058777 224.01841736 405.30334473 255 64 64
224.83326721 251.37300110 465.18664551 255 64 64
224.81698608 251.39122009 465.17425537 255 64 64
224.83097839 251.37675476 465.19177246 255 64 64
224.81910706 251.39849854 465.17993164 255 64 64
198.05075073 243.77853394 437.22195435 255 64 64
198.03060913 243.78889465 437.20822144 255 64 64
198.05793762 243.79167175 437.23068237 255 64 64
198.04446411 243.80993652 437.21655273 255 64 64
208.11431885 251.92999268 455.83108521 255 64 64
208.10185242 251.94320679 455.82388306 255 64 64
208.12709045 251.93627930 455.84039307 255 64 64
208.11553955 251.95245361 455.83349609 255 64 64
241.76101685 205.60913086 445.26614380 255 64 64
241.75958252 205.62094116 445.25488281 255 64 64
241.76071167 205.61830139 445.27758789 255 64 64
241.75941467 205.63052368 445.26629639 255 64 64
219.90173340 273.92272949 444.49703979 255 64 64
219.89366150 273.93606567 444.48107910 255 64 64
219.91387939 273.92840576 444.50881958 255 64 64
219.90740967 273.94311523 444.49621582 255 64 64
208.74859619 267.03512573 475.89697266 255 64 64
208.73289490 267.04864502 475.88662720 255 64 64
208.76084900 267.03036499 475.90258789 255 64 64
208.74789429 267.04739380 475.89361572 255 64 64
143.98451233 221.85298157 510.50357056 255 64 64
143.98197937 221.85725403 510.50936890 255 64 64
144.01237488 221.84291077 510.51040649 255 64 64
144.00788879 221.85952759 510.51617432 255 64 64
225.23597717 194.03164673 416.78112793 255 64 64
225.23014832 194.03648376 416.76870728 255 64 64
225.24302673 194.03817749 416.78817749 255 64 64
225.23556519 194.04206848 416.77413940 255 64 64
193.78894043 205.49253845 469.45394897 255 64 64
193.78507996 205.50393677 469.44412231 255 64 64
193.80165100 205.49804688 469.44769287 255 64 64
193.79678345 205.51251221 469.43649292 255 64 64
218.38160706 253.90493774 448.87164307 255 64 64
218.37124634 253.91867065 448.86065674 255 64 64
218.39041138 253.91244507 448.88104248 255 64 64
218.38175964 253.92791748 448.87176514 255 64 64
242.30783081 201.30798340 423.63769531 255 64 64
242.30633545 201.31271362 423.62796021 255 64 64
242.31536865 201.31353760 423.64624023 255 64 64
242.31095886 201.31954956 423.63494873 255 64 64
198.05990601 176.60516357 428.78491211 255 64 64
198.05279541 176.61059570 428.77545166 255 64 64
198.06695557 176.61392212 428.79647827 255 64 64
198.05969238 176.62023926 428.78549194 255 64 64
187.77033997 210.86065674 474.58291626 255 64 64
187.76757812 210.87106323 474.57373047 255 64 64
187.78266907 210.86454773 474.57415771 255 64 64
187.77862549 210.87953186 474.56399536 255 64 64
154.53376770 205.47764587 493.90972900 255 64 64
154.52770996 205.48123169 493.90765381 255 64 64
154.55564880 205.47001648 493.91387939 255 64 64
154.54893494 205.48608398 493.91058350 255 64 64
178.14521790 190.67678833 467.10913086 255 64 64
178.14071655 190.68441772 467.10516357 255 64 64
178.15197754 190.68746948 467.12063599 255 64 64
178.14825439 190.70065308 467.11392212 255 64 64
225.87600708 221.81288147 419.47183228 255 64 64
225.86692810 221.81796265 419.45825195 255 64 64
225.88084412 221.82131958 419.47515869 255 64 64
225.87274170 221.82698059 419.46340942 255 64 64
140.36959839 169.50827026 442.61135864 255 64 64
140.35537720 169.52186584 442.59509277 255 64 64
140.37948608 169.51687622 442.61413574 255 64 64
140.36282349 169.53274536 442.59869385 255 64 64
252.38430786 226.41481018 437.88619995 255 64 64
252.37979126 226.42243958 437.87695312 255 64 64
252.38354492 226.41886902 437.88882446 255 64 64
252.37744141 226.42822266 437.88165283 255 64 64
184.79930115 234.65560913 474.88784790 255 64 64
184.79086304 234.66619873 474.88119507 255 64 64
184.80969238 234.65103149 474.88961792 255 64 64
184.80070496 234.66699219 474.88333130 255 64 64
189.50283813 227.41233826 426.93591309 255 64 64
189.48886108 227.42059326 426.91860962 255 64 64
189.50901794 227.41990662 426.93722534 255 64 64
189.49980164 227.43572998 426.92111206 255 64 64
178.93907166 246.06295776 418.94580078 255 64 64
178.93257141 246.07516479 418.92694092 255 64 64
178.94274902 246.08007812 418.95043945 255 64 64
178.93913269 246.09822083 418.93276978 255 64 64
128.43305969 169.36882019 459.80950928 255 64 64
128.41775513 169.38342285 459.79406738 255 64 64
128.44055176 169.37405396 459.81713867 255 64 64
128.42163086 169.39144897 459.80172729 255 64 64
134.48263550 177.64285278 468.30865479 255 64 64
134.47334290 177.64849854 468.29373169 255 64 64
134.50460815 177.63273621 468.30725098 255 64 64
134.49197388 177.64840698 468.29379272 255 64 64
220.33493042 228.37290955 384.96734619 255 64 64
220.32496643 228.37942505 384.94888306 255 64 64
220.33682251 228.37295532 384.96554565 255 64 64
220.32843018 228.38095093 384.94967651 255 64 64
157.18681335 168.04473877 429.95639038 255 64 64
157.17088318 168.05873108 429.93740845 255 64 64
157.19291687 168.06185913 429.95288086 255 64 64
157.17468262 168.07604980 429.93350220 255 64 64
181.80703735 253.66076660 459.31774902 255 64 64
181.80101013 253.66938782 459.31219482 255 64 64
181.81835938 253.65744019 459.31552124 255 64 64
181.81045532 253.67210388 459.31063843 255 64 64
243.01423645 213.08145142 407.19467163 255 64 64
243.00959778 213.08689880 407.18112183 255 64 64
243.02160645 213.09246826 407.19726562 255 64 64
243.01527405 213.09916687 407.18606567 255 64 64
179.15945435 158.74243164 415.79357910 255 64 64
179.14582825 158.75360107 415.77438354 255 64 64
179.16668701 158.75888062 415.78897095 255 64 64
179.14878845 158.76931763 415.76889038 255 64 64
222.73352051 184.01525879 394.11590576 255 64 64
222.72915649 184.02185059 394.10150146 255 64 64
222.74374390 184.02127075 394.12921143 255 64 64
222.73794556 184.02572632 394.11373901 255 64 64
167.36444092 196.71118164 477.21578979 255 64 64
167.35406494 196.71543884 477.20843506 255 64 64
167.37808228 196.70549011 477.21969604 255 64 64
167.36900330 196.71952820 477.20999146 255 64 64
188.64515686 238.82157898 434.34472656 255 64 64
188.63000488 238.82995605 434.33078003 255 64 64
188.65454102 238.83810425 434.35607910 255 64 64
188.64326477 238.85449219 434.34246826 255 64 64
235.26284790 198.90820312 398.56384277 255 64 64
235.25529480 198.91726685 398.55032349 255 64 64
235.26982117 198.91758728 398.57308960 255 64 64
235.26023865 198.92614746 398.56027222 255 64 64
132.50119019 169.30258179 451.79556274 255 64 64
132.48425293 169.31735229 451.77859497 255 64 64
132.50964355 169.31100464 451.79605103 255 64 64
132.48960876 169.32754517 451.77896118 255 64 64
217.13044739 214.35600281 390.63577271 255 64 64
217.11853027 214.36294556 390.62600708 255 64 64
217.14035034 214.36077881 390.64050293 255 64 64
217.12634277 214.36679077 390.62985229 255 64 64
228.93865967 209.86361694 388.71856689 255 64 64
228.92883301 209.87155151 388.70468140 255 64 64
228.94432068 209.86932373 388.72570801 255 64 64
228.93557739 209.87733459 388.71374512 255 64 64
178.24473572 144.70724487 404.04467773 255 64 64
178.23867798 144.71192932 404.03234863 255 64 64
178.25486755 144.70858765 404.04620361 255 64 64
178.24417114 144.71069336 404.03411865 255 64 64
161.37060547 258.15402222 469.26437378 255 64 64
161.36174011 258.16534424 469.25741577 255 64 64
161.37467957 258.15344238 469.25619507 255 64 64
161.36445618 258.17044067 469.24935913 255 64 64
126.10591125 181.05953979 492.14260864 255 64 64
126.09150696 181.07751465 492.13052368 255 64 64
126.10833740 181.06167603 492.14492798 255 64 64
126.09265900 181.08374023 492.13299561 255 64 64
141.11782837 196.72570801 496.48648071 255 64 64
141.11279297 196.73405457 496.48175049 255 64 64
141.13015747 196.73410034 496.48858643 255 64 64
141.12353516 196.75082397 496.48483276 255 64 64
159.65653992 191.50610352 478.06088257 255 64 64
159.65113831 191.51538086 478.05813599 255 64 64
159.66548157 191.52005005 478.07373047 255 64 64
159.66136169 191.53558350 478.06912231 255 64 64
189.43774414 229.44966125 468.29901123 255 64 64
189.43327332 229.46035767 468.29229736 255 64 64
189.44726562 229.45281982 468.30093384 255 64 64
189.44123840 229.46804810 468.29324341 255 64 64
243.02757263 226.32196045 438.35513306 255 64 64
243.01982117 226.32943726 438.34552002 255 64 64
243.02688599 226.32974243 438.36181641 255 64 64
243.01983643 226.33912659 438.35311890 255 64 64
145.74954224 188.30058289 481.64495850 255 64 64
145.74351501 188.30380249 481.64031982 255 64 64
145.76957703 188.29263306 481.64614868 255 64 64
145.76264954 188.30679321 481.64154053 255 64 64
173.00605774 168.84878540 429.22171021 255 64 64
172.99380493 168.85287476 429.20425415 255 64 64
173.01438904 168.84051514 429.21234131 255 64 64
173.00140381 168.85064697 429.19421387 255 64 64
223.51864624 197.13259888 430.10882568 255 64 64
223.51255798 197.13955688 430.10006714 255 64 64
223.52677917 197.13566589 430.11318970 255 64 64
223.51914978 197.14355469 430.10260010 255 64 64
208.62579346 210.76829529 440.39547729 255 64 64
208.62536621 210.77374268 440.38775635 255 64 64
208.63000488 210.77220154 440.39752197 255 64 64
208.62562561 210.77906799 440.38803101 255 64 64
165.96020508 252.66937256 481.73739624 255 64 64
165.94830322 252.68072510 481.72680664 255 64 64
165.96989441 252.66632080 481.75436401 255 64 64
165.95855713 252.68498230 481.74728394 255 64 64
245.64595032 226.01313782 449.52764893 255 64 64
245.63816833 226.02259827 449.51699829 255 64 64
245.64752197 226.01512146 449.53274536 255 64 64
245.64221191 226.02784729 449.52481079 255 64 64
169.81535339 268.17471313 467.62701416 255 64 64
169.80201721 268.18743896 467.60321045 255 64 64
169.81018066 268.18652344 467.62176514 255 64 64
169.80209351 268.20446777 467.60253906 255 64 64
249.72012329 231.30894470 460.00741577 255 64 64
249.70982361 231.32260132 459.99502563 255 64 64
249.72174072 231.30439758 460.00695801 255 64 64
249.71556091 231.32226562 459.99664307 255 64 64
188.24890137 190.00038147 460.82992554 255 64 64
188.23455811 190.01051331 460.82525635 255 64 64
188.25425720 190.00601196 460.84143066 255 64 64
188.24446106 190.02076721 460.83316040 255 64 64
215.81311035 218.32591248 434.24362183 255 64 64
215.80995178 218.33108521 434.23510742 255 64 64
215.82084656 218.33795166 434.24612427 255 64 64
215.81660461 218.34504700 434.23690796 255 64 64
191.02278137 181.47171021 444.41394043 255 64 64
191.01217651 181.47949219 444.40786743 255 64 64
191.02929688 181.48217773 444.43060303 255 64 64
191.02082825 181.49363708 444.42193604 255 64 64
132.57699585 179.67785645 476.48257446 255 64 64
132.56906128 179.68450928 476.47103882 255 64 64
132.60208130 179.66299438 476.48440552 255 64 64
132.59024048 179.67955017 476.47448730 255 64 64
227.77131653 190.07699585 390.55096436 255 64 64
227.76722717 190.08120728 390.53860474 255 64 64
227.77645874 190.08215332 390.55447388 255 64 64
227.77209473 190.08630371 390.54296875 255 64 64
212.97915649 206.68756104 418.09469604 255 64 64
212.96917725 206.69270325 418.08557129 255 64 64
212.98822021 206.69351196 418.09811401 255 64 64
212.97668457 206.70025635 418.08795166 255 64 64
135.29158020 174.29927063 458.67974854 255 64 64
135.28202820 174.30482483 458.66644287 255 64 64
135.31195068 174.28869629 458.68481445 255 64 64
135.29890442 174.30346680 458.67123413 255 64 64
204.17359924 198.30273438 448.49465942 255 64 64
204.17515564 198.30616760 448.48632812 255 64 64
204.18336487 198.30725098 448.50723267 255 64 64
204.18376160 198.31298828 448.49676514 255 64 64
214.04739380 246.52883911 444.09408569 255 64 64
214.03396606 246.54069519 444.08123779 255 64 64
214.05630493 246.53552246 444.10531616 255 64 64
214.04597473 246.54965210 444.09381104 255 64 64
190.66589355 237.84056091 424.52166748 255 64 64
190.65626526 237.84806824 424.50949097 255 64 64
190.67887878 237.85133362 424.52615356 255 64 64
190.67321777 237.86593628 424.51412964 255 64 64
164.31190491 206.60330200 484.02459717 255 64 64
164.30226135 206.60719299 484.01855469 255 64 64
164.32849121 206.59970093 484.02929688 255 64 64
164.32029724 206.61482239 484.02163696 255 64 64
227.13015747 219.75337219 445.10662842 255 64 64
227.12435913 219.76745605 445.09326172 255 64 64
227.13067627 219.76980591 445.10620117 255 64 64
227.12512207 219.78431702 445.09381104 255 64 64
244.85850525 207.36270142 433.47802734 255 64 64
244.85165405 207.36729431 433.46612549 255 64 64
244.86531067 207.36109924 433.48815918 255 64 64
244.86221313 207.36901855 433.47863770 255 64 64
196.88146973 155.25523376 406.47955322 255 64 64
196.87025452 155.26144409 406.46588135 255 64 64
196.89532471 155.25651550 406.49108887 255 64 64
196.88008118 155.26023865 406.47610474 255 64 64
261.27648926 227.66210938 447.33288574 255 64 64
261.27416992 227.66699219 447.32489014 255 64 64
261.27783203 227.65298462 447.33874512 255 64 64
261.27539062 227.66058350 447.33276367 255 64 64
212.51742554 162.53279114 389.73492432 255 64 64
212.51472473 162.53765869 389.72637939 255 64 64
212.51919556 162.53466797 389.73358154 255 64 64
212.51667786 162.53860474 389.72305298 255 64 64
178.08349609 198.77673340 473.59582520 255 64 64
178.07012939 198.78007507 473.58749390 255 64 64
178.09336853 198.76449585 473.59967041 255 64 64
178.08480835 198.77851868 473.58721924 255 64 64
240.64393616 216.74774170 414.11264038 255 64 64
240.64230347 216.75192261 414.09906006 255 64 64
240.64962769 216.75529480 414.12197876 255 64 64
240.64587402 216.76184082 414.10870361 255 64 64
128.98231506 156.57835388 438.01272583 255 64 64
128.96897888 156.58587646 437.99859619 255 64 64
128.99362183 156.58026123 438.01232910 255 64 64
128.97360229 156.58700562 437.99966431 255 64 64
200.81304932 147.97149658 390.88769531 255 64 64
200.81106567 147.97808838 390.87792969 255 64 64
200.82580566 147.98080444 390.88085938 255 64 64
200.82209778 147.98297119 390.87145996 255 64 64
239.26004028 219.15101624 403.20779419 255 64 64
239.25653076 219.15414429 403.19052124 255 64 64
239.26525879 219.15820312 403.21496582 255 64 64
239.26094055 219.16336060 403.20132446 255 64 64
244.39077759 250.84028625 473.81573486 255 64 64
244.38606262 250.85365295 473.80514526 255 64 64
244.38810730 250.83473206 473.81600952 255 64 64
244.38401794 250.85177612 473.80673218 255 64 64
229.16629028 206.72979736 437.72039795 255 64 64
229.15870667 206.73583984 437.71093750 255 64 64
229.16316223 206.73173523 437.73587036 255 64 64
229.16000366 206.74008179 437.72573853 255 64 64
238.58821106 199.46501160 406.32919312 255 64 64
238.58172607 199.46936035 406.31616211 255 64 64
238.59384155 199.47236633 406.33413696 255 64 64
238.58592224 199.47775269 406.32247925 255 64 64
215.91749573 265.35598755 440.10290527 255 64 64
215.90802002 265.36956787 440.08578491 255 64 64
215.93835449 265.36544800 440.11297607 255 64 64
215.93113708 265.37973022 440.09985352 255 64 64
154.69592285 230.74404907 501.97561646 255 64 64
154.69009399 230.74929810 501.97851562 255 64 64
154.72058105 230.73625183 501.97769165 255 64 64
154.71643066 230.75352478 501.98083496 255 64 64
229.08714294 228.61618042 462.50305176 255 64 64
229.08116150 228.63063049 462.49401855 255 64 64
229.08023071 228.62445068 462.50762939 255 64 64
229.07598877 228.64112854 462.49896240 255 64 64
197.37741089 200.53884888 463.06716919 255 64 64
197.37559509 200.54928589 463.05621338 255 64 64
197.39552307 200.54399109 463.07110596 255 64 64
197.39179993 200.55599976 463.05978394 255 64 64
176.57662964 181.74096680 455.53442383 255 64 64
176.56863403 181.74972534 455.52764893 255 64 64
176.58534241 181.75384521 455.54974365 255 64 64
176.58030701 181.76672363 455.53930664 255 64 64
223.55921936 203.01171875 406.09588623 255 64 64
223.55075073 203.01583862 406.08367920 255 64 64
223.56872559 203.01676941 406.09655762 255 64 64
223.55784607 203.02203369 406.08459473 255 64 64
169.78424072 184.12962341 461.57717896 255 64 64
169.77380371 184.13258362 461.56753540 255 64 64
169.79876709 184.12669373 461.57296753 255 64 64
169.78962708 184.13972473 461.56198120 255 64 64
179.28784180 228.94863892 431.05270386 255 64 64
179.27803040 228.95613098 431.04711914 255 64 64
179.30224609 228.96241760 431.06552124 255 64 64
179.29547119 228.97811890 431.05752563 255 64 64
232.46386719 196.92108154 391.24383545 255 64 64
232.45787048 196.92877197 391.22857666 255 64 64
232.46630859 196.93035889 391.25500488 255 64 64
232.46127319 196.93711853 391.24212646 255 64 64
273.05136108 224.91491699 435.46478271 255 64 64
273.05209351 224.91838074 435.46102905 255 64 64
273.05432129 224.90919495 435.45983887 255 64 64
273.05133057 224.91456604 435.45883179 255 64 64
324.79000854 271.82702637 407.30599976 64 255 128
85.98839569 206.36151123 528.22668457 64 255 128
152.03575134 210.07437134 327.72640991 64 255 128
183.16606140 316.97195435 456.93685913 64 255 128
189.58673096 185.60025024 452.95910645 64 255 128
95.26361847 249.65954590 418.18804932 64 255 128
229.55886841 257.99569702 388.36578369 64 255 128
286.83099365 313.78399658 491.48602295 64 255 128
111.94919586 157.99935913 401.78601074 64 255 128
150.17959595 303.47311401 363.58795166 64 255 128
117.29004669 280.16674805 498.67016602 64 255 128
195.58114624 152.28094482 373.38186646 64 255 128
270.76199341 239.93299866 457.69100952 64 255 128
169.89553833 248.67077637 417.31271362 64 255 128
115.04240417 166.21786499 474.82998657 64 255 128
247.06658936 309.22076416 433.41738892 64 255 128
154.38989258 219.80566406 500.90628052 64 255 128
283.83801270 217.83200073 395.13000488 64 255 128
234.08653259 195.00334167 413.46401978 64 255 128
189.15806580 260.67437744 335.01004028 64 255 128
216.02516174 266.64324951 476.41784668 64 255 128
115.28255463 251.55351257 359.46157837 64 255 128
210.25122070 208.48533630 351.74688721 64 255 128
130.94163513 299.55447388 419.91461182 64 255 128
87.02748108 216.00982666 466.44729614 64 255 128
196.12254333 304.58956909 401.82937622 64 255 128
144.66207886 163.04975891 357.20251465 64 255 128
299.44699097 304.44601440 440.67700195 64 255 128
162.95083618 153.80989075 417.64813232 64 255 128
100.05761719 207.54663086 386.33441162 64 255 128
170.65264893 284.41372681 494.94973755 64 255 128
235.26499939 319.44299316 495.70300293 64 255 128
273.00799561 265.01901245 413.69198608 64 255 128
108.43404388 248.04505920 533.35925293 64 255 128
87.60279846 185.45370483 430.63815308 64 255 128
227.26116943 220.80613708 462.72088623 64 255 128
261.31900024 281.42300415 470.92300415 64 255 128
109.66832733 277.67507935 453.07690430 64 255 128
183.57090759 226.37042236 472.79119873 64 255 128
120.87422180 189.83758545 511.07357788 64 255 128
140.96586609 304.24349976 467.42846680 64 255 128
146.38490295 267.67880249 334.31893921 64 255 128
153.30157471 186.93943787 473.92083740 64 255 128
203.56469727 167.03123474 412.61892700 64 255 128
249.22200012 230.08898926 413.32598877 64 255 128
189.82183838 291.12945557 362.25347900 64 255 128
111.45948029 276.26446533 392.38354492 64 255 128
180.67050171 178.12295532 344.69082642 64 255 128
128.97390747 156.59263611 438.00094604 64 255 128
99.47534180 245.29537964 493.16091919 64 255 128
119.32035065 209.70701599 350.95019531 64 255 128
183.59759521 210.91632080 423.40420532 64 255 128
85.22064972 186.93267822 492.24685669 64 255 128
302.41201782 266.80801392 438.21701050 64 255 128
217.20736694 224.70097351 389.02914429 64 255 128
226.40567017 290.12707520 409.91641235 64 255 128
219.83666992 318.70867920 454.47134399 64 255 128
168.26715088 260.51641846 464.16561890 64 255 128
206.86685181 246.55879211 438.21633911 64 255 128
146.37390137 256.08206177 494.53765869 64 255 128
168.39495850 313.92871094 420.63925171 64 255 128
256.69900513 319.41101074 466.13198853 64 255 128
288.55599976 232.63299561 428.16799927 64 255 128
159.64019775 142.93066406 383.97348022 64 255 128
217.81315613 183.59066772 374.67269897 64 255 128
116.73107147 178.45188904 371.83438110 64 255 128
183.39715576 226.50531006 330.91018677 64 255 128
216.15013123 241.64930725 356.49758911 64 255 128
307.24002075 244.03700256 399.79602051 64 255 128
220.79995728 283.59841919 446.86123657 64 255 128
120.66362762 217.46537781 529.72521973 64 255 128
87.40335846 219.45870972 429.92596436 64 255 128
192.08705139 310.63647461 488.53457642 64 255 128
95.09062195 245.71597290 454.90945435 64 255 128
159.26885986 175.45631409 443.93478394 64 255 128
100.43924713 242.56864929 387.13394165 64 255 128
125.07985687 283.38616943 362.79086304 64 255 128
213.84149170 215.62905884 420.54260254 64 255 128
88.59712219 178.81961060 461.73321533 64 255 128
143.81497192 299.03308105 498.79620361 64 255 128
135.21414185 235.08428955 334.12588501 64 255 128
272.98300171 297.89797974 422.47198486 64 255 128
244.38600159 250.85499573 473.79898071 64 255 128
142.46057129 310.14904785 392.74905396 64 255 128
289.85800171 282.48599243 460.57501221 64 255 128
243.27200317 266.11798096 413.02499390 64 255 128
245.22100830 215.31599426 442.28198242 64 255 128
135.92829895 141.44293213 408.44107056 64 255 128
213.13661194 281.53646851 381.79406738 64 255 128
86.40229034 218.59170532 496.68597412 64 255 128
236.61999512 290.11499023 483.67800903 64 255 128
131.12548828 242.39353943 514.78601074 64 255 128
208.10748291 190.42193604 431.79626465 64 255 128
99.16751099 160.70587158 440.53839111 64 255 128
196.54748535 314.48449707 431.34338379 64 255 128
136.02041626 188.03358459 342.21713257 64 255 128
165.47503662 287.82534790 344.98397827 64 255 128
174.76850891 307.47970581 380.13555908 64 255 128
105.52446747 275.94174194 423.92660522 64 255 128
322.31597900 286.65499878 435.40701294 64 255 128
99.08342743 184.39688110 404.58535767 64 255 128
151.63783264 308.20184326 441.68756104 64 255 128
195.65252686 281.94924927 483.28390503 64 255 128
184.84138489 146.65267944 401.65280151 64 255 128
222.69473267 312.91076660 425.22787476 64 255 128
283.92300415 312.42700195 462.04098511 64 255 128
131.38058472 156.09228516 381.52886963 64 255 128
261.54000854 314.98300171 502.06100464 64 255 128
163.47419739 247.68972778 327.45492554 64 255 128
191.87040710 245.14437866 454.58367920 64 255 128
182.25453186 170.62767029 429.39575195 64 255 128
171.42210388 155.77380371 360.76614380 64 255 128
178.08255005 198.77960205 473.57928467 64 255 128
98.77506256 223.69587708 544.76879883 64 255 128
87.09394836 236.56535339 516.91821289 64 255 128
272.64999390 240.05000305 404.75601196 64 255 128
166.01721191 312.76763916 475.92687988 64 255 128
201.22967529 208.00662231 463.20971680 64 255 128
131.79959106 182.83374023 487.34027100 64 255 128
108.30577087 265.69262695 476.77914429 64 255 128
171.25090027 247.31338501 485.73074341 64 255 128
135.30180359 174.30888367 458.66879272 64 255 128
205.10124207 269.94012451 355.51657104 64 255 128
233.13432312 205.99183655 381.91305542 64 255 128
298.93600464 265.74002075 411.96502686 64 255 128
107.65744019 227.40409851 366.92864990 64 255 128
105.05398560 172.10594177 500.32455444 64 255 128
246.50199890 290.97598267 415.82098389 64 255 128
126.16640472 295.91784668 445.51657104 64 255 128
176.40983582 199.91465759 333.05294800 64 255 128
93.42291260 224.73045349 405.52447510 64 255 128
151.08421326 273.06304932 477.35244751 64 255 128
92.03704071 185.57521057 516.77172852 64 255 128
212.51940918 162.54434204 389.72836304 64 255 128
296.36801147 287.57199097 421.73901367 64 255 128
265.63299561 223.25000000 432.38500977 64 255 128
275.09497070 263.28900146 463.41198730 64 255 128
105.97555542 261.15335083 510.43521118 64 255 128
183.56394958 234.19088745 433.78961182 64 255 128
121.41066742 288.75900269 476.53985596 64 255 128
200.22607422 174.41394043 359.12475586 64 255 128
212.44288635 317.44027710 477.13839722 64 255 128
306.52801514 298.63900757 462.59399414 64 255 128
126.15791321 295.19519043 383.82766724 64 255 128
270.07202148 311.37698364 441.13699341 64 255 128
270.20901489 299.92898560 483.21398926 64 255 128
287.94900513 250.96299744 446.40899658 64 255 128
233.50471497 234.34362793 398.49807739 64 255 128
249.72100830 231.33000183 459.98400879 64 255 128
85.72857666 200.64416504 447.79510498 64 255 128
157.04367065 179.04364014 340.40808105 64 255 128
135.17749023 210.86860657 514.09887695 64 255 128
243.02206421 213.10856628 407.18322754 64 255 128
229.88981628 197.89801025 441.13391113 64 255 128
223.36921692 222.69239807 364.35879517 64 255 128
224.81950378 262.73791504 443.25320435 64 255 128
93.28917694 167.62556458 481.76782227 64 255 128
112.10594940 152.80082703 423.85961914 64 255 128
200.95411682 240.31822205 338.63778687 64 255 128
217.14656067 181.19822693 403.49496460 64 255 128
167.05587769 214.40029907 484.71502686 64 255 128
140.51789856 285.43713379 346.90496826 64 255 128
148.42547607 199.44503784 494.06552124 64 255 128
138.93540955 276.33526611 499.57299805 64 255 128
267.19799805 218.93499756 408.63400269 64 255 128
91.75189209 204.14642334 411.97372437 64 255 128
97.56905365 262.62823486 439.17498779 64 255 128
224.82398987 251.39001465 465.16998291 64 255 128
205.12472534 228.57997131 457.05758667 64 255 128
218.47991943 301.85699463 489.76046753 64 255 128
108.05058289 200.10311890 530.23498535 64 255 128
93.56295776 234.71697998 475.36294556 64 255 128
168.16416931 306.65206909 496.11932373 64 255 128
301.07302856 249.13400269 425.06701660 64 255 128
127.88982391 264.14901733 347.81710815 64 255 128
225.87332153 221.83456421 419.46093750 64 255 128
239.81356812 318.92282104 452.85949707 64 255 128
169.95635986 268.59399414 332.06439209 64 255 128
197.34625244 191.35491943 347.28875732 64 255 128
244.03099060 272.01599121 476.69400024 64 255 128
116.38198853 287.55105591 410.43237305 64 255 128
254.90498352 249.30900574 410.60400391 64 255 128
96.30289459 170.11148071 419.08142090 64 255 128
110.69460297 200.18383789 370.46221924 64 255 128
232.42266846 320.80911255 472.88586426 64 255 128
109.51258087 258.96524048 378.88427734 64 255 128
294.70397949 229.66200256 407.22500610 64 255 128
194.57640076 211.15397644 337.75790405 64 255 128
120.98891449 233.81039429 348.84835815 64 255 128
161.58511353 138.86004639 404.01556396 64 255 128
169.78697205 184.14016724 461.56134033 64 255 128
112.54920197 157.38241577 456.67910767 64 255 128
170.68951416 299.32247925 361.08889771 64 255 128
149.32099915 163.32662964 428.87994385 64 255 128
148.33168030 311.22210693 418.32434082 64 255 128
220.00372314 207.46858215 400.46658325 64 255 128
102.26787567 265.39691162 406.96832275 64 255 128
163.63601685 227.52989197 325.60235596 64 255 128
252.06597900 320.94299316 485.25500488 64 255 128
127.05303955 262.08056641 505.26477051 64 255 128
187.42280579 279.30816650 346.19110107 64 255 128
217.73117065 259.14257812 367.63168335 64 255 128
91.81832123 238.35766602 436.70004272 64 255 128
189.58296204 265.19577026 473.68612671 64 255 128
148.69499207 238.57814026 503.83596802 64 255 128
200.49351501 295.91601562 382.51287842 64 255 128
123.04607391 190.70988464 357.58221436 64 255 128
163.56286621 313.68075562 400.53112793 64 255 128
83.84993744 201.34489441 505.29110718 64 255 128
208.62707520 210.78758240 440.37991333 64 255 128
314.98300171 264.51300049 422.54598999 64 255 128
133.08023071 211.03126526 336.99606323 64 255 128
85.05612946 197.78607178 476.02774048 64 255 128
180.51394653 142.76606750 381.70565796 64 255 128
212.67005920 295.35076904 400.07949829 64 255 128
296.91897583 308.24597168 476.43301392 64 255 128
226.96215820 274.45739746 397.36923218 64 255 128
225.83041382 238.30151367 375.28683472 64 255 128
201.79571533 318.78723145 455.29583740 64 255 128
289.25500488 248.37001038 406.16900635 64 255 128
261.69400024 279.58398438 416.23898315 64 255 128
164.31452942 312.56939697 456.81890869 64 255 128
271.31597900 317.73098755 478.57601929 64 255 128
310.35900879 285.87899780 449.91299438 64 255 128
200.81896973 147.98461914 390.88299561 64 255 128
249.27400208 304.63400269 493.06500244 64 255 128
127.03424835 142.15164185 424.95285034 64 255 128
112.11742401 174.55253601 389.39904785 64 255 128
88.30127716 222.37443542 448.18429565 64 255 128
203.13688660 229.02926636 437.95352173 64 255 128
183.98095703 311.02005005 412.63095093 64 255 128
241.99200439 227.75100708 429.68301392 64 255 128
170.04190063 276.05206299 475.69866943 64 255 128
234.87095642 302.89956665 421.96466064 64 255 128
127.04634857 295.13995361 492.97033691 64 255 128
260.34298706 253.21200562 466.15600586 64 255 128
93.06982422 238.51570129 534.13653564 64 255 128
172.90881348 314.41073608 439.16122437 64 255 128
184.17024231 244.67933655 473.39129639 64 255 128
155.91886902 310.15841675 380.76272583 64 255 128
237.02600098 250.72300720 405.07000732 64 255 128
117.96111298 291.84500122 429.69720459 64 255 128
184.95832825 159.49545288 414.30462646 64 255 128
113.70489502 231.58886719 537.87567139 64 255 128
216.36706543 283.03460693 479.49304199 64 255 128
146.26455688 152.56004333 371.92111206 64 255 128
276.33499146 290.78201294 469.45800781 64 255 128
227.12359619 219.78320312 445.08837891 64 255 128
280.20797729 280.25399780 418.72702026 64 255 128
216.02275085 195.26184082 361.72940063 64 255 128
227.77307129 190.09393311 390.54339600 64 255 128
131.37843323 174.50828552 355.42254639 64 255 128
101.96504211 261.10031128 460.70620728 64 255 128
144.81806946 147.24412537 422.56481934 64 255 128
141.15560913 144.76766968 391.82275391 64 255 128
137.17326355 252.85270691 336.72503662 64 255 128
206.65695190 254.31883240 348.74407959 64 255 128
140.36070251 169.53244019 442.59356689 64 255 128
180.61465454 243.71888733 329.82019043 64 255 128
291.20800781 267.70999146 451.76199341 64 255 128
129.52490234 298.98370361 402.36428833 64 255 128
187.06587219 293.18206787 491.88882446 64 255 128
162.73211670 235.23153687 495.15420532 64 255 128
281.77899170 221.38099670 417.23199463 64 255 128
208.85914612 227.80276489 347.29864502 64 255 128
166.04721069 167.23283386 348.73294067 64 255 128
279.44299316 231.02999878 442.36499023 64 255 128
153.02230835 307.31164551 486.81072998 64 255 128
252.34500122 294.33700562 479.27401733 64 255 128
97.63130951 161.60243225 463.74029541 64 255 128
239.27700806 210.88699341 457.66799927 64 255 128
159.83769226 194.50634766 331.78125000 64 255 128
198.06234741 176.62849426 428.77352905 64 255 128
184.68838501 237.19468689 419.12103271 64 255 128
312.18200684 282.22000122 422.71701050 64 255 128
207.68121338 310.17788696 418.72940063 64 255 128
102.40885925 190.34513855 388.89569092 64 255 128
183.10890198 316.75183105 474.44235229 64 255 128
153.93101501 279.71878052 493.84585571 64 255 128
175.75212097 177.34565735 446.04809570 64 255 128
223.91400146 235.75300598 459.65002441 64 255 128
115.50543213 274.15582275 374.79464722 64 255 128
151.34271240 180.10720825 458.44204712 64 255 128
209.07977295 168.30072021 374.33981323 64 255 128
245.51554871 210.20840454 425.79235840 64 255 128
185.98216248 164.93867493 356.22616577 64 255 128
287.52200317 300.74899292 429.80300903 64 255 128
213.23475647 316.32052612 437.44674683 64 255 128
157.57267761 257.45751953 477.28430176 64 255 128
134.92932129 301.52990723 370.24136353 64 255 128
107.51984406 267.46954346 494.48043823 64 255 128
141.25163269 226.25909424 513.34075928 64 255 128
160.26562500 199.08541870 483.28460693 64 255 128
90.00254059 174.32495117 442.66909790 64 255 128
113.25150299 150.10079956 440.23535156 64 255 128
86.76596832 222.62434387 529.02673340 64 255 128
229.30343628 317.54492188 440.60986328 64 255 128
135.52851868 194.81423950 502.20507812 64 255 128
254.36627197 315.92895508 446.24264526 64 255 128
261.28399658 227.66999817 447.32800293 64 255 128
101.42471313 226.50387573 389.60052490 64 255 128
84.84394073 215.07626343 513.92114258 64 255 128
313.44400024 257.15802002 406.71899414 64 255 128
116.68770599 249.14460754 516.99688721 64 255 128
174.18098450 229.14181519 484.86914062 64 255 128
214.37901306 268.89913940 447.77310181 64 255 128
165.83688354 169.03561401 430.54171753 64 255 128
96.82785797 248.25355530 402.03244019 64 255 128
220.18687439 198.34643555 418.03567505 64 255 128
204.17807007 198.32302856 448.48281860 64 255 128
98.48387909 251.19644165 521.01428223 64 255 128
236.70700073 237.65200806 469.32797241 64 255 128
202.94093323 282.79907227 366.69934082 64 255 128
87.58407593 203.60598755 429.82281494 64 255 128
100.58863831 251.90428162 475.20617676 64 255 128
285.62399292 308.14199829 447.08999634 64 255 128
138.12121582 300.73806763 482.96170044 64 255 128
122.19306946 290.89373779 460.88400269 64 255 128
291.50201416 296.89999390 467.23199463 64 255 128
91.35001373 232.90492249 418.89553833 64 255 128
97.64305878 209.00932312 538.60839844 64 255 128
234.91639709 279.37283325 410.46820068 64 255 128
182.72103882 309.34725952 394.63113403 64 255 128
123.90056610 230.93443298 522.50183105 64 255 128
150.60090637 238.27049255 327.71496582 64 255 128
187.76861572 210.88380432 474.55813599 64 255 128
210.50517273 182.01416016 418.72067261 64 255 128
140.36909485 303.21063232 451.94976807 64 255 128
120.52254486 203.61030579 522.15960693 64 255 128
120.50029755 148.95893860 410.83462524 64 255 128
170.51283264 212.87652588 327.83963013 64 255 128
119.17003632 174.68321228 489.95996094 64 255 128
132.52340698 164.47729492 368.56314087 64 255 128
190.50952148 195.53381348 465.02709961 64 255 128
124.62504578 249.25344849 346.39782715 64 255 128
115.98384094 272.18548584 513.79754639 64 255 128
312.42300415 301.40399170 448.96502686 64 255 128
107.35260010 184.74125671 515.73529053 64 255 128
255.83499146 301.16598511 424.75500488 64 255 128
125.41467285 163.27081299 451.16204834 64 255 128
196.88233948 227.84422302 467.50866699 64 255 128
233.69500732 261.30899048 476.80899048 64 255 128
157.33287048 292.90625000 500.89437866 64 255 128
195.39233398 245.26473999 444.26666260 64 255 128
153.23545837 294.15737915 350.76864624 64 255 128
126.75968170 150.56143188 394.88269043 64 255 128
152.54867554 280.37081909 339.34875488 64 255 128
196.92466736 317.01345825 468.12942505 64 255 128
224.09516907 207.15783691 367.39675903 64 255 128
144.18589783 222.37239075 329.17425537 64 255 128
84.38705444 203.29170227 489.91366577 64 255 128
196.88383484 155.26885986 406.47650146 64 255 128
228.26606750 209.38165283 426.16302490 64 255 128
137.55636597 302.20751953 437.35824585 64 255 128
91.03507996 233.36119080 502.97982788 64 255 128
239.74038696 200.95857239 432.72729492 64 255 128
169.58923340 147.20312500 372.65304565 64 255 128
295.51800537 225.44300842 391.18701172 64 255 128
143.86972046 175.36825562 346.38180542 64 255 128
258.54302979 264.53302002 413.46801758 64 255 128
310.17898560 294.39898682 434.54598999 64 255 128
104.13626099 275.78097534 439.56631470 64 255 128
181.85121155 279.46722412 487.99060059 64 255 128
247.52398682 317.53399658 503.98397827 64 255 128
127.13301086 174.02986145 473.40347290 64 255 128
120.31047058 162.41333008 388.56942749 64 255 128
105.51393127 261.62246704 392.61050415 64 255 128
88.32257843 221.52946472 482.48608398 64 255 128
231.37879944 208.66744995 399.70223999 64 255 128
106.24444580 240.22367859 373.21020508 64 255 128
209.14764404 253.99655151 462.57208252 64 255 128
116.25097656 275.79058838 484.98870850 64 255 128
316.35998535 273.74499512 433.17898560 64 255 128
119.81101227 265.86502075 359.52890015 64 255 128
230.47601318 275.07098389 478.78701782 64 255 128
273.20999146 226.50100708 398.16799927 64 255 128
268.14300537 316.94900513 453.88601685 64 255 128
112.30241394 214.26286316 364.85638428 64 255 128
258.84698486 267.61001587 470.92199707 64 255 128
159.66331482 249.71545410 492.93875122 64 255 128
127.96756744 223.99414062 339.51559448 64 255 128
89.76070404 178.64585876 502.87609863 64 255 128
106.12992096 218.48562622 377.92739868 64 255 128
139.88450623 295.87442017 357.07647705 64 255 128
177.89736938 290.98297119 352.49853516 64 255 128
114.56047821 280.62863159 467.09472656 64 255 128
221.78096008 267.30862427 380.61148071 64 255 128
298.42199707 307.48400879 454.20101929 64 255 128
90.01333618 228.64532471 461.01779175 64 255 128
92.27294922 187.78959656 416.53936768 64 255 128
110.72577667 217.64938354 539.36846924 64 255 128
141.09741211 199.94641113 334.51589966 64 255 128
274.37600708 309.19998169 495.52999878 64 255 128
184.29032898 299.64776611 371.72607422 64 255 128
198.69480896 258.14749146 467.84600830 64 255 128
224.42594910 234.36520386 391.15136719 64 255 128
197.20571899 184.06990051 440.78439331 64 255 128
284.84899902 316.12500000 476.68600464 64 255 128
157.33244324 155.69850159 361.60427856 64 255 128
232.24575806 222.27380371 407.88952637 64 255 128
85.43212891 196.46768188 461.25537109 64 255 128
96.22408295 197.11120605 400.02703857 64 255 128
235.56900024 305.20001221 494.14199829 64 255 128
140.52725220 184.11264038 476.80789185 64 255 128
157.94888306 261.39053345 330.06042480 64 255 128
86.89939880 182.79270935 479.04257202 64 255 128
274.74600220 276.54299927 466.65600586 64 255 128
128.27748108 199.15591431 343.91653442 64 255 128
139.79707336 307.73498535 407.43685913 64 255 128
221.36799622 301.59085083 412.29525757 64 255 128
173.29266357 187.32035828 337.42474365 64 255 128
144.18058777 269.60641479 488.31555176 64 255 128
285.71002197 260.73599243 411.45599365 64 255 128
296.86901855 239.02699280 417.02700806 64 255 128
103.58854675 171.59504700 404.86129761 64 255 128
95.34214783 244.96191406 509.14913940 64 255 128
173.31152344 139.71369934 396.85287476 64 255 128
261.61502075 232.64299011 406.91400146 64 255 128
181.83555603 219.21960449 434.01052856 64 255 128
186.46028137 315.85675049 438.98593140 64 255 128
93.26425171 195.12335205 527.42840576 64 255 128
254.74899292 227.25599670 425.24200439 64 255 128
107.57093811 166.27806091 486.16494751 64 255 128
138.65431213 249.88087463 503.43811035 64 255 128
128.16000366 280.33493042 507.00177002 64 255 128
181.80950928 253.67643738 459.29962158 64 255 128
203.87080383 271.87503052 477.98364258 64 255 128
153.66262817 309.58422852 466.23391724 64 255 128
182.78178406 150.44461060 369.17358398 64 255 128
324.33898926 277.26599121 421.07000732 64 255 128
114.02201843 237.99774170 361.63369751 64 255 128
86.83088684 186.16717529 447.63845825 64 255 128
219.48075867 285.20669556 395.93841553 64 255 128
197.46276855 238.47929382 429.23956299 64 255 128
98.76791382 264.81347656 420.54638672 64 255 128
195.64134216 224.16969299 337.47125244 64 255 128
121.10074615 290.24093628 396.44897461 64 255 128
283.93798828 302.00100708 476.63699341 64 255 128
124.23464966 183.69984436 498.44128418 64 255 128
296.40600586 253.76298523 436.88601685 64 255 128
147.56597900 139.26939392 401.99383545 64 255 128
211.63531494 271.73034668 367.81665039 64 255 128
218.20773315 177.12768555 390.39373779 64 255 128
200.96386719 297.31863403 489.58676147 64 255 128
174.76806641 255.21769714 329.29431152 64 255 128
170.76866150 251.45509338 473.61059570 64 255 128
302.03302002 276.18200684 447.17300415 64 255 128
242.93899536 239.24400330 406.19201660 64 255 128
206.24903870 312.80563354 487.39242554 64 255 128
175.99397278 150.37681580 410.58825684 64 255 128
285.10400391 236.47401428 401.90197754 64 255 128
215.61390686 219.28294373 405.33544922 64 255 128
159.50254822 313.10510254 429.73022461 64 255 128
252.38600159 226.43400574 437.87500000 64 255 128
120.68149567 165.74557495 463.06988525 64 255 128
232.24400330 262.55700684 406.73898315 64 255 128
159.96591187 269.85131836 467.45104980 64 255 128
310.96200562 270.53399658 411.93899536 64 255 128
85.76350403 211.56015015 440.72509766 64 255 128
108.66384125 187.92790222 375.20864868 64 255 128
195.36634827 269.49560547 344.60278320 64 255 128
104.00151062 161.29609680 413.74685669 64 255 128
113.99465942 286.61526489 440.86361694 64 255 128
211.71029663 200.96090698 425.47366333 64 255 128
137.45314026 273.97158813 341.87640381 64 255 128
206.12760925 187.17732239 356.10574341 64 255 128
113.67985535 223.87635803 356.02359009 64 255 128
155.24401855 143.76747131 415.63250732 64 255 128
175.53462219 278.82214355 340.41442871 64 255 128
272.60299683 252.00500488 408.93701172 64 255 128
188.39866638 199.47755432 338.56704712 64 255 128
93.86299133 209.55232239 399.72518921 64 255 128
261.87500000 304.82699585 492.36300659 64 255 128
213.27546692 317.40353394 464.35998535 64 255 128
146.15563965 286.82690430 501.68252563 64 255 128
306.14901733 247.31298828 413.68899536 64 255 128
244.08932495 321.38180542 466.74819946 64 255 128
247.70700073 277.48098755 415.99200439 64 255 128
89.25662994 219.86112976 416.59365845 64 255 128
198.57450867 163.67988586 365.48916626 64 255 128
280.52600098 241.55000305 449.98800659 64 255 128
292.18399048 276.96499634 416.59298706 64 255 128
109.14209747 277.70059204 406.59457397 64 255 128
174.60092163 163.22233582 422.23672485 64 255 128
221.67300415 246.14700317 453.14099121 64 255 128
280.74899292 255.10099792 455.91198730 64 255 128
189.50349426 227.44122314 426.91290283 64 255 128
147.88066101 250.18992615 329.81384277 64 255 128
245.64999390 226.03300476 449.51501465 64 255 128
211.85235596 215.90461731 455.63143921 64 255 128
223.87651062 194.64775085 373.87658691 64 255 128
290.63400269 242.95300293 435.19799805 64 255 128
255.01298523 242.05599976 465.81799316 64 255 128
223.65499878 213.75456238 379.74896240 64 255 128
214.90460205 219.90621948 354.98150635 64 255 128
90.95177460 173.11445618 430.14782715 64 255 128
243.87033081 202.57466125 414.20907593 64 255 128
145.53933716 215.55462646 507.90924072 64 255 128
94.20321655 250.34570312 439.06454468 64 255 128
177.94064331 244.41543579 426.93405151 64 255 128
230.66847229 243.66281128 386.84570312 64 255 128
206.59056091 157.24501038 379.52117920 64 255 128
211.75845337 259.09051514 439.16839600 64 255 128
96.06757355 237.65489197 408.34744263 64 255 128
225.39921570 320.33880615 485.73440552 64 255 128
165.95576477 189.59007263 471.81192017 64 255 128
246.66200256 283.95501709 476.42199707 64 255 128
273.36901855 317.60299683 465.15798950 64 255 128
299.06399536 235.43099976 397.20700073 64 255 128
134.59187317 304.88522339 384.53359985 64 255 128
176.47402954 217.96195984 477.69500732 64 255 128
161.38380432 305.48251343 368.79458618 64 255 128
259.61123657 309.69842529 435.62152100 64 255 128
187.84527588 303.60781860 383.27389526 64 255 128
94.01968384 235.86421204 487.68630981 64 255 128
233.68357849 292.67251587 414.69378662 64 255 128
285.17498779 291.94097900 421.41799927 64 255 128
172.15222168 295.82009888 499.66146851 64 255 128
162.77810669 278.73675537 486.13861084 64 255 128
278.46099854 215.75300598 405.64901733 64 255 128
129.13867188 296.23831177 470.65872192 64 255 128
196.88929749 234.24006653 448.22027588 64 255 128
268.98001099 221.21598816 420.25198364 64 255 128
192.74609375 168.20045471 421.37246704 64 255 128
223.68107605 249.95355225 373.27285767 64 255 128
131.78550720 220.60054016 520.33148193 64 255 128
128.67880249 275.60394287 351.50250244 64 255 128
85.52256012 209.11029053 456.54974365 64 255 128
157.63232422 210.84613037 493.62051392 64 255 128
213.36021423 280.81607056 453.41723633 64 255 128
179.76634216 305.69644165 492.39126587 64 255 128
163.35070801 222.05703735 493.02633667 64 255 128
197.77922058 253.41653442 339.44052124 64 255 128
141.68008423 189.49189758 487.76553345 64 255 128
103.00128174 254.89115906 500.48376465 64 255 128
195.42274475 282.45495605 356.52630615 64 255 128
149.52456665 187.09695435 335.89523315 64 255 128
102.37257385 237.87567139 541.74987793 64 255 128
182.38313293 213.14193726 331.16769409 64 255 128
238.22000122 226.48200989 459.86898804 64 255 128
131.01889038 199.76638794 511.91818237 64 255 128
299.42700195 288.68600464 457.39401245 64 255 128
94.53907013 165.23390198 450.67465210 64 255 128
119.17272949 284.97738647 385.74142456 64 255 128
192.69898987 178.68960571 350.81945801 64 255 128
196.05989075 311.07604980 419.18395996 64 255 128
273.12600708 305.99099731 431.04699707 64 255 128
115.25765228 180.51049805 505.32156372 64 255 128
301.83599854 255.56001282 406.20700073 64 255 128
241.46499634 219.21400452 420.04699707 64 255 128
203.10137939 317.87799072 442.14620972 64 255 128
102.09934235 161.19606018 425.57324219 64 255 128
133.51931763 289.92279053 503.13122559 64 255 128
148.54289246 146.71401978 381.96865845 64 255 128
85.75698853 188.96766663 507.29965210 64 255 128
154.22241211 169.92297363 347.76098633 64 255 128
223.38305664 228.22401428 404.90811157 64 255 128
107.87687683 270.15414429 465.56015015 64 255 128
187.63247681 177.10949707 439.42300415 64 255 128
235.62995911 311.72515869 433.35116577 64 255 128
220.95523071 228.32997131 375.55432129 64 255 128
88.20210266 176.24581909 488.89572144 64 255 128
152.37014771 313.38018799 403.72448730 64 255 128
298.87701416 295.46801758 429.81799316 64 255 128
191.24285889 238.61508179 466.88708496 64 255 128
266.78500366 318.54598999 489.14999390 64 255 128
134.38349915 266.21789551 495.44024658 64 255 128
144.74862671 308.98889160 377.04458618 64 255 128
145.13491821 306.68121338 429.96343994 64 255 128
207.41479492 291.06475830 483.62643433 64 255 128
140.38024902 156.14231873 429.75640869 64 255 128
190.60186768 235.60983276 332.51211548 64 255 128
84.10236359 202.61763000 516.94372559 64 255 128
174.91485596 312.28604126 402.63238525 64 255 128
98.90331268 235.77239990 397.24499512 64 255 128
116.04502869 260.72735596 516.35070801 64 255 128
177.80686951 267.20187378 470.35202026 64 255 128
261.22900391 292.08599854 420.46401978 64 255 128
279.61798096 226.50498962 431.92498779 64 255 128
190.26274109 143.18241882 389.52478027 64 255 128
118.34378052 239.20213318 527.89666748 64 255 128
125.13040161 290.39337158 371.98397827 64 255 128
85.78492737 211.37358093 477.88381958 64 255 128
90.89148712 171.78890991 470.62237549 64 255 128
226.12382507 188.45759583 404.55273438 64 255 128
122.85808563 168.40228271 378.96578979 64 255 128
207.19407654 158.79115295 399.29592896 64 255 128
181.51930237 186.16496277 460.81539917 64 255 128
305.76800537 260.50000000 427.73800659 64 255 128
95.40496826 169.21545410 494.21395874 64 255 128
245.64083862 300.48382568 421.77941895 64 255 128
217.12867737 214.37322998 390.62673950 64 255 128
172.85916138 311.98596191 485.70938110 64 255 128
204.68167114 215.69436646 344.79730225 64 255 128
112.69829559 286.04290771 421.19946289 64 255 128
214.38787842 254.27746582 452.08056641 64 255 128
185.80427551 314.12118530 424.36776733 64 255 128
201.53527832 202.64059448 346.11206055 64 255 128
141.46286011 204.13687134 505.21670532 64 255 128
250.83898926 259.81701660 471.74002075 64 255 128
93.86719513 238.85078430 464.03997803 64 255 128
230.66264343 194.14825439 426.15646362 64 255 128
166.33050537 311.04617310 386.51513672 64 255 128
241.76452637 205.64071655 445.25656128 64 255 128
162.82189941 276.67968750 336.35394287 64 255 128
148.25213623 306.26296997 476.50158691 64 255 128
223.63668823 220.93421936 432.38504028 64 255 128
259.81399536 235.50500488 458.09100342 64 255 128
145.43278503 138.16998291 413.46597290 64 255 128
103.43296814 229.90252686 379.02761841 64 255 128
224.57699585 295.12100220 485.76599121 64 255 128
218.22503662 230.78170776 359.10070801 64 255 128
104.87294006 161.55990601 474.50738525 64 255 128
210.29548645 303.01602173 408.32772827 64 255 128
91.35820770 234.06190491 451.20089722 64 255 128
162.57658386 312.63262939 442.34286499 64 255 128
122.87691498 147.42327881 435.26043701 64 255 128
185.14367676 270.41738892 337.70974731 64 255 128
188.73838806 243.24838257 431.75738525 64 255 128
169.46031189 238.71554565 325.42434692 64 255 128
229.16816711 206.74717712 437.71176147 64 255 128
184.40400696 189.29350281 340.34176636 64 255 128
101.38336945 264.11633301 449.94512939 64 255 128
173.26998901 238.01077271 415.77835083 64 255 128
235.26730347 198.93698120 398.55450439 64 255 128
172.16082764 206.45434570 479.39691162 64 255 128
214.44538879 251.93489075 358.69363403 64 255 128
266.38098145 290.83099365 474.01300049 64 255 128
102.36618042 199.19902039 379.47393799 64 255 128
86.41040039 194.63949585 438.48452759 64 255 128
295.77801514 309.00201416 464.68298340 64 255 128
271.19799805 287.36499023 420.23599243 64 255 128
102.58234406 254.34419250 487.75949097 64 255 128
157.21232605 147.24157715 374.10781860 64 255 128
259.11001587 223.84999084 413.95898438 64 255 128
110.40393829 272.19647217 504.16314697 64 255 128
95.60021973 257.09118652 427.74765015 64 255 128
202.89352417 219.36625671 464.59872437 64 255 128
213.57357788 171.23742676 399.82366943 64 255 128
142.92861938 180.80332947 466.67471313 64 255 128
159.38658142 161.91972351 424.10934448 64 255 128
174.11399841 315.66543579 467.11907959 64 255 128
118.15882874 200.46911621 362.26904297 64 255 128
102.38702393 157.14437866 452.58300781 64 255 128
211.75025940 227.92362976 451.54351807 64 255 128
86.25189972 226.00088501 514.79748535 64 255 128
240.93099976 322.55499268 487.07800293 64 255 128
197.74916077 316.31665039 480.34323120 64 255 128
124.87232208 172.10835266 368.41339111 64 255 128
132.77354431 299.98840332 459.03198242 64 255 128
124.16062164 295.28744507 411.49542236 64 255 128
122.86360931 284.28103638 490.31103516 64 255 128
127.74794006 239.25039673 340.84539795 64 255 128
271.48699951 231.63299561 449.51098633 64 255 128
284.98199463 269.98999023 460.16400146 64 255 128
197.35253906 194.65348816 456.86920166 64 255 128
114.50955963 190.58274841 366.32537842 64 255 128
105.50167847 178.91275024 396.81063843 64 255 128
90.17582703 197.76936340 421.14001465 64 255 128
153.61203003 170.82102966 435.78332520 64 255 128
203.91400146 297.85906982 394.43557739 64 255 128
151.98307800 192.49530029 483.75488281 64 255 128
113.79649353 264.61074829 370.17718506 64 255 128
272.06500244 252.57501221 461.41400146 64 255 128
109.76274109 281.97308350 431.87454224 64 255 128
140.59432983 237.84223938 510.22921753 64 255 128
210.72674561 289.71847534 388.15554810 64 255 128
150.58160400 307.19924927 453.03543091 64 255 128
215.81610107 218.34837341 434.23193359 64 255 128
158.32328796 303.51611328 499.14114380 64 255 128
123.72028351 180.59135437 360.47030640 64 255 128
85.38243103 205.52813721 468.68487549 64 255 128
209.83625793 180.83514404 363.58337402 64 255 128
313.84899902 278.45300293 442.20199585 64 255 128
239.26399231 229.50799561 407.26000977 64 255 128
124.07948303 253.52409363 511.22109985 64 255 128
100.15442657 270.29830933 431.14855957 64 255 128
233.12699890 250.99798584 471.47799683 64 255 128
110.39904022 253.40637207 524.18109131 64 255 128
225.51196289 318.79565430 464.17916870 64 255 128
215.72436523 206.13056946 410.21304321 64 255 128
290.50000000 229.84700012 416.74700928 64 255 128
308.36801147 256.83401489 417.23800659 64 255 128
287.32699585 221.10398865 406.59600830 64 255 128
181.83683777 272.31317139 479.61553955 64 255 128
191.60447693 318.65832520 448.79132080 64 255 128
111.55341339 248.84109497 369.00155640 64 255 128
223.46200562 260.00698853 470.80999756 64 255 128
148.39178467 175.84985352 449.07556152 64 255 128
228.31849670 205.56645203 411.96710205 64 255 128
208.88395691 197.77444458 353.81359863 64 255 128
112.38533020 194.52114868 522.62457275 64 255 128
232.32250977 250.86561584 396.15054321 64 255 128
203.83374023 288.25640869 375.93444824 64 255 128
89.48297882 228.44458008 439.12341309 64 255 128
218.25392151 187.77568054 414.85031128 64 255 128
119.47875977 219.47274780 347.34490967 64 255 128
158.27931213 218.55809021 327.22814941 64 255 128
169.62294006 175.48320007 343.38665771 64 255 128
318.14599609 290.83697510 445.36401367 64 255 128
196.58618164 214.55693054 470.00030518 64 255 128
133.37574768 232.72819519 517.94812012 64 255 128
109.61755371 267.85299683 385.28521729 64 255 128
240.50299072 299.13000488 487.48202515 64 255 128
129.49642944 298.83575439 431.10351562 64 255 128
196.63557434 233.73286438 458.46679688 64 255 128
278.73001099 312.97900391 452.91400146 64 255 128
249.11500549 257.83200073 411.67501831 64 255 128
119.11205292 156.39480591 445.98992920 64 255 128
293.11199951 259.96899414 445.38198853 64 255 128
253.06401062 275.59097290 473.59298706 64 255 128
90.12463379 215.60717773 536.60711670 64 255 128
209.14840698 242.58464050 348.09811401 64 255 128
104.41236877 252.17285156 384.83969116 64 255 128
215.49801636 174.77159119 380.32379150 64 255 128
169.73106384 140.79730225 384.84884644 64 255 128
165.32000732 202.99998474 329.46768188 64 255 128
89.04020691 209.48323059 420.36224365 64 255 128
193.00425720 272.06072998 481.03521729 64 255 128
131.61148071 293.11071777 362.62319946 64 255 128
98.81613159 251.66517639 465.01992798 64 255 128
92.22872925 243.70701599 523.87176514 64 255 128
210.93081665 261.12448120 357.47714233 64 255 128
159.45860291 301.10916138 359.56954956 64 255 128
159.89393616 278.17962646 475.85095215 64 255 128
97.41755676 257.46383667 411.30685425 64 255 128
99.56511688 176.20989990 507.82006836 64 255 128
86.24048615 188.30586243 470.39132690 64 255 128
194.18713379 295.00952148 373.88528442 64 255 128
262.66900635 242.44400024 408.80099487 64 255 128
236.47462463 213.95094299 392.92239380 64 255 128
119.43614197 290.14907837 450.56469727 64 255 128
126.89745331 295.72235107 482.75875854 64 255 128
150.55281067 199.75460815 330.51818848 64 255 128
93.10599518 243.81443787 428.19235229 64 255 128
238.22462463 314.47039795 442.67477417 64 255 128
177.82759094 167.95523071 351.00271606 64 255 128
167.40252686 145.07417297 410.13327026 64 255 128
152.90083313 139.83166504 393.31619263 64 255 128
97.02146912 218.34471130 393.78128052 64 255 128
202.89067078 174.02809143 420.15893555 64 255 128
193.24783325 230.65919495 435.99819946 64 255 128
263.60299683 255.82298279 410.84600830 64 255 128
154.71031189 230.74795532 501.97650146 64 255 128
222.70433044 273.88247681 455.73739624 64 255 128
179.14086914 236.31636047 480.33831787 64 255 128
109.08524323 182.78099060 384.61230469 64 255 128
164.99906921 296.11859131 352.93450928 64 255 128
221.65660095 311.46429443 489.65304565 64 255 128
218.19479370 218.86500549 447.18453979 64 255 128
246.29638672 321.72509766 477.04888916 64 255 128
287.88098145 307.14300537 484.20599365 64 255 128
222.14491272 318.80316162 474.90588379 64 255 128
91.76685333 226.69918823 538.27758789 64 255 128
194.96914673 301.80865479 390.66244507 64 255 128
168.12509155 174.20545959 439.92028809 64 255 128
176.79930115 251.89871216 466.37130737 64 255 128
87.05789948 232.20126343 526.58624268 64 255 128
158.27592468 184.13313293 464.61755371 64 255 128
128.54385376 190.52598572 349.11813354 64 255 128
221.03790283 242.63810730 366.20101929 64 255 128
128.29026794 143.64251709 415.07571411 64 255 128
255.31500244 300.49600220 486.42401123 64 255 128
105.53795624 155.68338013 434.78155518 64 255 128
177.34928894 234.03829956 424.15884399 64 255 128
174.72851562 221.88973999 327.44378662 64 255 128
114.20991516 210.80349731 533.18682861 64 255 128
108.91096497 209.30883789 373.79809570 64 255 128
212.46919250 238.52108765 445.52572632 64 255 128
97.15183258 177.99319458 413.07516479 64 255 128
173.91233826 314.48107910 449.33639526 64 255 128
148.36837769 261.40274048 484.15875244 64 255 128
137.57353210 262.59686279 337.91317749 64 255 128
162.54042053 313.61984253 410.59078979 64 255 128
154.96199036 312.25222778 390.51766968 64 255 128
261.72097778 318.71398926 479.92199707 64 255 128
170.05903625 237.93530273 488.75692749 64 255 128
148.61215210 207.75741577 500.03253174 64 255 128
178.54463196 314.71307373 430.04650879 64 255 128
230.02505493 196.42379761 383.66293335 64 255 128
318.47799683 263.75601196 413.53399658 64 255 128
137.55609131 140.25137329 418.96218872 64 255 128
286.76199341 228.98300171 395.98599243 64 255 128
220.49707031 318.25698853 444.46411133 64 255 128
122.05618286 257.56884766 352.33352661 64 255 128
139.01013184 304.50869751 417.27447510 64 255 128
90.15623474 226.31631470 470.67449951 64 255 128
112.57487488 154.04910278 413.30932617 64 255 128
228.71899414 242.67399597 466.63601685 64 255 128
208.03865051 197.78955078 438.44653320 64 255 128
305.56802368 289.33099365 426.54202271 64 255 128
264.67401123 245.01000977 463.18099976 64 255 128
252.87600708 237.61300659 408.53802490 64 255 128
303.01602173 280.60598755 420.30398560 64 255 128
104.40493774 271.56231689 414.28668213 64 255 128
97.45513916 255.30320740 454.25695801 64 255 128
110.62623596 160.78169250 466.68911743 64 255 128
295.72100830 278.57000732 453.99200439 64 255 128
171.08174133 304.73510742 371.21807861 64 255 128
268.89199829 226.55700684 441.61798096 64 255 128
231.57318115 273.08132935 405.15289307 64 255 128
278.73098755 304.50799561 485.16000366 64 255 128
84.27891541 210.33680725 501.98513794 64 255 128
261.69400024 296.87600708 480.13897705 64 255 128
278.83700562 317.17800903 487.51800537 64 255 128
241.10325623 306.45654297 427.24877930 64 255 128
164.80278015 160.13943481 355.13851929 64 255 128
221.38371277 260.84521484 452.12069702 64 255 128
180.47529602 224.89236450 426.39865112 64 255 128
202.31523132 262.41314697 346.52484131 64 255 128
101.26955414 190.99420166 524.38720703 64 255 128
100.31260681 253.61708069 394.77261353 64 255 128
142.31936646 158.40670776 365.46588135 64 255 128
243.16799927 262.60198975 477.18798828 64 255 128
189.90068054 244.95883179 333.06011963 64 255 128
288.02899170 306.20001221 438.14700317 64 255 128
300.68600464 238.20899963 406.10098267 64 255 128
133.17695618 144.46034241 399.73764038 64 255 128
180.46699524 296.99935913 363.00155640 64 255 128
132.43138123 164.68576050 444.14379883 64 255 128
134.66096497 147.25796509 427.65795898 64 255 128
198.63165283 148.06396484 381.38119507 64 255 128
119.72634125 228.80049133 531.22125244 64 255 128
89.73851776 227.25518799 494.88854980 64 255 128
106.52651978 268.72784424 398.93023682 64 255 128
271.49200439 274.03701782 415.87200928 64 255 128
120.60712433 275.77944946 366.42767334 64 255 128
229.53823853 264.27032471 395.76699829 64 255 128
140.41450500 213.58808899 331.32519531 64 255 128
153.33898926 229.35960388 327.23464966 64 255 128
218.17958069 212.29417419 359.41857910 64 255 128
107.14101410 262.44241333 486.06127930 64 255 128
115.99563599 283.95486450 458.33056641 64 255 128
238.27700806 280.41299438 478.51498413 64 255 128
118.87421417 242.40011597 351.97799683 64 255 128
191.35142517 157.26210022 364.57019043 64 255 128
91.05297852 214.67967224 407.15274048 64 255 128
178.17100525 233.56056213 327.68212891 64 255 128
161.36442566 258.17352295 469.24655151 64 255 128
243.77700806 218.68998718 430.77798462 64 255 128
154.49938965 254.56628418 486.56848145 64 255 128
256.11199951 319.70700073 493.52600098 64 255 128
214.47776794 314.27447510 428.20565796 64 255 128
157.27987671 242.59472656 498.44131470 64 255 128
135.20753479 223.38810730 333.42651367 64 255 128
213.90284729 191.60067749 424.30334473 64 255 128
134.49058533 177.65150452 468.29428101 64 255 128
191.65098572 308.45199585 409.06121826 64 255 128
202.70413208 231.06455994 340.65890503 64 255 128
226.82983398 215.59947205 370.84457397 64 255 128
247.91899109 320.02099609 458.45401001 64 255 128
266.18399048 263.53799438 467.05899048 64 255 128
193.78707886 205.51847839 469.43197632 64 255 128
93.09343719 242.32969666 445.10897827 64 255 128
205.78755188 207.64605713 447.88122559 64 255 128
154.18876648 154.22973633 420.63702393 64 255 128
282.21899414 284.11801147 465.42800903 64 255 128
209.31373596 174.15463257 411.62341309 64 255 128
201.03555298 251.56909180 453.69427490 64 255 128
208.27415466 154.26515198 388.48773193 64 255 128
116.19038391 279.37500000 476.18295288 64 255 128
227.75645447 233.24082947 403.08700562 64 255 128
241.37239075 205.80361938 402.03082275 64 255 128
245.62998962 239.41000366 468.43200684 64 255 128
120.01505280 152.13832092 402.08056641 64 255 128
279.40301514 308.28100586 440.28799438 64 255 128
160.02766418 178.81262207 452.64599609 64 255 128
143.65013123 303.84497070 490.87039185 64 255 128
100.02374268 254.41329956 512.53985596 64 255 128
219.91404724 273.93768311 444.48477173 64 255 128
92.70774078 168.67842102 460.79513550 64 255 128
227.24147034 283.19918823 403.45446777 64 255 128
84.11768341 196.31195068 495.89465332 64 255 128
140.83139038 151.42330933 380.59732056 64 255 128
133.22636414 288.33749390 354.94421387 64 255 128
311.39099121 294.67800903 454.90100098 64 255 128
98.28452301 199.71147156 533.63366699 64 255 128
242.19099426 309.32699585 498.68399048 64 255 128
90.13774872 230.16931152 427.60479736 64 255 128
324.03399658 279.83798218 429.75802612 64 255 128
284.36801147 239.10200500 440.41699219 64 255 128
142.68373108 164.89302063 434.85858154 64 255 128
197.75581360 189.54158020 449.13101196 64 255 128
140.84046936 244.79743958 332.44061279 64 255 128
230.25219727 220.16699219 456.15783691 64 255 128
135.80113220 180.49995422 347.27398682 64 255 128
219.16198730 219.97030640 373.93972778 64 255 128
208.50985718 305.29650879 490.91143799 64 255 128
200.74380493 306.61679077 410.43518066 64 255 128
148.98988342 259.21713257 330.76150513 64 255 128
155.35015869 269.53207397 333.15817261 64 255 128
187.58866882 285.94989014 353.03756714 64 255 128
205.08944702 315.11312866 431.28646851 64 255 128
84.78694153 193.24484253 485.71441650 64 255 128
161.42514038 284.11166382 497.14456177 64 255 128
88.60327148 177.68128967 452.64038086 64 255 128
314.21701050 287.67202759 429.49200439 64 255 128
159.60188293 238.95758057 325.91360474 64 255 128
231.28498840 318.84420776 449.47024536 64 255 128
203.03088379 191.07821655 442.15252686 64 255 128
284.60601807 268.63699341 415.44100952 64 255 128
178.94552612 246.09252930 418.91836548 64 255 128
94.97717285 194.40808105 408.65280151 64 255 128
211.86618042 318.60113525 449.63763428 64 255 128
99.71907806 245.87838745 534.26623535 64 255 128
220.21099854 275.51699829 481.15100098 64 255 128
171.78158569 278.18661499 486.86975098 64 255 128
155.13227844 161.43750000 355.07968140 64 255 128
86.91483307 194.59228516 519.50549316 64 255 128
127.16223145 190.39532471 503.81808472 64 255 128
109.45093536 167.11325073 399.74783325 64 255 128
85.28699493 211.71864319 487.15222168 64 255 128
199.75553894 264.13717651 474.66860962 64 255 128
295.31298828 242.40499878 425.47000122 64 255 128
123.26709747 239.27574158 519.33105469 64 255 128
91.24994659 178.32661438 422.77780151 64 255 128
129.59397888 269.94567871 502.30514526 64 255 128
161.62384033 308.74279785 489.62902832 64 255 128
97.59618378 197.51084900 390.91238403 64 255 128
184.03973389 313.68209839 484.67828369 64 255 128
243.02799988 226.34400940 438.34600830 64 255 128
119.36480713 291.96575928 419.78198242 64 255 128
135.24256897 166.93890381 360.31243896 64 255 128
125.35911560 177.16302490 484.18200684 64 255 128
132.75878906 187.44154358 495.02352905 64 255 128
230.59051514 215.12655640 409.21435547 64 255 128
125.62498474 214.73448181 342.95727539 64 255 128
242.30935669 201.33020020 423.62448120 64 255 128
254.94300842 308.23901367 498.75500488 64 255 128
219.93840027 274.64385986 385.06094360 64 255 128
167.36848450 196.72035217 477.20394897 64 255 128
209.31848145 279.91659546 373.28427124 64 255 128
128.12876892 207.71954346 520.36157227 64 255 128
227.56742859 300.05493164 417.41381836 64 255 128
85.23978424 215.81021118 523.54040527 64 255 128
265.87100220 272.28799438 468.53100586 64 255 128
113.61138916 240.29812622 535.21826172 64 255 128
162.25808716 312.65509033 465.25885010 64 255 128
210.70306396 210.36402893 431.82656860 64 255 128
195.98451233 149.13864136 398.30075073 64 255 128
132.49057007 169.32730103 451.78045654 64 255 128
146.78175354 246.91902161 501.46871948 64 255 128
290.51101685 312.62698364 470.64797974 64 255 128
106.39769745 209.00053406 537.64093018 64 255 128
244.14299011 216.37500000 452.94500732 64 255 128
124.84944153 285.56997681 500.63241577 64 255 128
96.48326111 241.71928406 500.71948242 64 255 128
87.98347473 225.27900696 504.29867554 64 255 128
231.96485901 212.93518066 450.70074463 64 255 128
257.82702637 289.26400757 474.13302612 64 255 128
171.32965088 313.28454590 411.56207275 64 255 128
215.57368469 308.85714722 418.02069092 64 255 128
254.06799316 271.42797852 416.28900146 64 255 128
253.23399353 285.56399536 416.76000977 64 255 128
301.81100464 272.86700439 415.98599243 64 255 128
317.92199707 275.19500732 414.18701172 64 255 128
110.60031128 154.71084595 447.46109009 64 255 128
113.78179169 273.53506470 493.55014038 64 255 128
205.16804504 171.47999573 365.75625610 64 255 128
159.66540527 191.52677917 478.06088257 64 255 128
244.35700989 227.65299988 420.04498291 64 255 128
293.07601929 295.39901733 423.32501221 64 255 128
182.85125732 142.00534058 394.47244263 64 255 128
216.92607117 188.26986694 367.49468994 64 255 128
177.61978149 264.56341553 333.56878662 64 255 128
224.85583496 201.10316467 415.29299927 64 255 128
164.99301147 138.90675354 392.05413818 64 255 128
116.24755096 175.87698364 380.21093750 64 255 128
181.43034363 180.96315002 451.88116455 64 255 128
115.39263153 283.69686890 394.86199951 64 255 128
220.22045898 294.66729736 406.57855225 64 255 128
118.29481506 277.71527100 507.65817261 64 255 128
224.17779541 259.33200073 379.24371338 64 255 128
98.23880768 245.14137268 484.48742676 64 255 128
223.64996338 315.87081909 434.12231445 64 255 128
173.46253967 311.34454346 391.90902710 64 255 128
144.01220703 304.31283569 443.33361816 64 255 128
120.78053284 147.37144470 419.42404175 64 255 128
215.24667358 203.11050415 357.44680786 64 255 128
253.71501160 227.93299866 451.55099487 64 255 128
128.42407227 169.39289856 459.79782104 64 255 128
212.97862244 206.70796204 418.08245850 64 255 128
217.22994995 222.76895142 461.95010376 64 255 128
131.04518127 255.91749573 341.98736572 64 255 128
105.54845428 269.63403320 457.22210693 64 255 128
99.13342285 256.92056274 402.68096924 64 255 128
300.07299805 301.81802368 467.12802124 64 255 128
166.88668823 258.74975586 329.36206055 64 255 128
193.11265564 162.14610291 414.44250488 64 255 128
315.12600708 297.67999268 441.39700317 64 255 128
204.68927002 276.58114624 361.19479370 64 255 128
211.77471924 234.96107483 351.24673462 64 255 128
197.19189453 304.67108154 491.91064453 64 255 128
198.04682922 243.81143188 437.20700073 64 255 128
204.98783875 210.29856873 456.60754395 64 255 128
136.33787537 258.11804199 497.32980347 64 255 128
308.75997925 272.34701538 437.61599731 64 255 128
103.14391327 258.57531738 470.45816040 64 255 128
117.01244354 147.07192993 427.78897095 64 255 128
294.04501343 225.23300171 400.07998657 64 255 128
279.52899170 244.69200134 406.24200439 64 255 128
182.91200256 164.68774414 420.90936279 64 255 128
245.85961914 313.65304565 440.94519043 64 255 128
228.22145081 251.77565002 382.64971924 64 255 128
106.57469177 230.62709045 542.70288086 64 255 128
95.19611359 164.23138428 471.51629639 64 255 128
232.79489136 319.97497559 460.43356323 64 255 128
123.86219788 197.25393677 352.20816040 64 255 128
178.14352417 190.69924927 467.09817505 64 255 128
284.18600464 225.44799805 424.16400146 64 255 128
222.73876953 184.03472900 394.10916138 64 255 128
101.31445312 187.95877075 397.10528564 64 255 128
208.53358459 166.73596191 405.64276123 64 255 128
266.29199219 317.74899292 469.62100220 64 255 128
257.84799194 318.16949463 457.95773315 64 255 128
165.96943665 307.84082031 377.12292480 64 255 128
186.00056458 317.06909180 465.15197754 64 255 128
197.37889099 288.82824707 367.75396729 64 255 128
130.54328918 300.85690308 394.12844849 64 255 128
143.99446106 233.03782654 329.33273315 64 255 128
132.47612000 150.92489624 388.13867188 64 255 128
229.59600830 300.77001953 490.32901001 64 255 128
262.31301880 314.95999146 444.88598633 64 255 128
262.35299683 304.94699097 429.47500610 64 255 128
234.70608521 203.58131409 451.35461426 64 255 128
197.96549988 230.01380920 429.84893799 64 255 128
227.67298889 267.04998779 476.47799683 64 255 128
146.80538940 310.78665161 385.17822266 64 255 128
179.67417908 289.17526245 494.01092529 64 255 128
184.80032349 234.66891479 474.87664795 64 255 128
132.58853149 179.68048096 476.47201538 64 255 128
148.43885803 229.45573425 506.90890503 64 255 128
229.08000183 228.64100647 462.48901367 64 255 128
165.95776367 252.67153931 481.73315430 64 255 128
141.44189453 262.23330688 491.53616333 64 255 128
141.12431335 196.73796082 496.48025513 64 255 128
188.24183655 285.68023682 488.86029053 64 255 128
95.94437408 246.55081177 410.39218140 64 255 128
271.43698120 283.66500854 469.25601196 64 255 128
294.73800659 259.46499634 408.58599854 64 255 128
119.27323914 170.96983337 480.35464478 64 255 128
155.79887390 202.20243835 489.18951416 64 255 128
119.97589111 282.33871460 377.79067993 64 255 128
197.38163757 200.56291199 463.05007935 64 255 128
186.62292480 252.42770386 332.88128662 64 255 128
96.28960419 242.44595337 473.83123779 64 255 128
253.21900940 295.65298462 419.22799683 64 255 128
226.66999817 287.05001831 481.32299805 64 255 128
274.11499023 296.62002563 476.77297974 64 255 128
130.34880066 254.72500610 503.22021484 64 255 128
184.92019653 309.18420410 403.25515747 64 255 128
142.51104736 175.66749573 454.68966675 64 255 128
167.92163086 314.31164551 431.70065308 64 255 128
110.82581329 281.88357544 414.15176392 64 255 128
296.85598755 247.11399841 403.34002686 64 255 128
163.45475769 188.03071594 335.29119873 64 255 128
114.30638123 257.84005737 364.79629517 64 255 128
181.34368896 315.97155762 446.67633057 64 255 128
276.65798950 222.46000671 425.37701416 64 255 128
114.22068787 283.99917603 403.14678955 64 255 128
189.83100891 221.51748657 472.14495850 64 255 128
184.34918213 152.83494568 409.36682129 64 255 128
203.04782104 247.26145935 342.66186523 64 255 128
241.23199463 281.78399658 413.46298218 64 255 128
128.86990356 183.20280457 352.86050415 64 255 128
229.11497498 214.84182739 438.77987671 64 255 128
114.44912720 166.15893555 393.06723022 64 255 128
144.99810791 292.72814941 351.30047607 64 255 128
279.50799561 316.12701416 470.32800293 64 255 128
244.56434631 209.97441101 417.01931763 64 255 128
203.42666626 160.56410217 372.67126465 64 255 128
179.15342712 207.80590820 476.46545410 64 255 128
305.49899292 303.46701050 454.72698975 64 255 128
238.03199768 225.06199646 413.98300171 64 255 128
95.96724701 254.76014709 445.85913086 64 255 128
190.14002991 174.08166504 432.10580444 64 255 128
132.47106934 299.92086792 449.51699829 64 255 128
244.86929321 207.38211060 433.46514893 64 255 128
113.00514221 283.98574829 448.89974976 64 255 128
180.32501221 154.94512939 362.75100708 64 255 128
190.25764465 184.74482727 346.03219604 64 255 128
244.09001160 320.69500732 497.33099365 64 255 128
178.02841187 260.03375244 463.60058594 64 255 128
291.27301025 309.28601074 457.61199951 64 255 128
280.65197754 253.02699280 408.65298462 64 255 128
220.97576904 222.85697937 419.67791748 64 255 128
212.04728699 165.74171448 382.16235352 64 255 128
215.98548889 220.96968079 396.49786377 64 255 128
115.36090851 247.01808167 524.99078369 64 255 128
176.58778381 161.29960632 355.56756592 64 255 128
164.31880188 206.61260986 484.01541138 64 255 128
230.02648926 307.33905029 424.29187012 64 255 128
125.99436951 146.82037354 405.15734863 64 255 128
152.60104370 288.20248413 345.25723267 64 255 128
236.07481384 204.27983093 391.35104370 64 255 128
189.43833923 229.47024536 468.28323364 64 255 128
177.42932129 172.99642944 435.48571777 64 255 128
224.70635986 283.31420898 455.99899292 64 255 128
148.78967285 180.33430481 340.29400635 64 255 128
244.68099976 246.86199951 408.00601196 64 255 128
130.70635986 248.10446167 340.01324463 64 255 128
228.93492126 209.88665771 388.71002197 64 255 128
183.43855286 205.51730347 333.08779907 64 255 128
253.49700928 249.84201050 468.56399536 64 255 128
102.62052917 251.51985168 528.97094727 64 255 128
228.26530457 212.87304688 420.00646973 64 255 128
173.50323486 156.23455811 415.59194946 64 255 128
158.47012329 310.24591064 478.23895264 64 255 128
123.11114502 196.39778137 515.32122803 64 255 128
176.35002136 248.17001343 478.74685669 64 255 128
266.53799438 226.34300232 402.51202393 64 255 128
206.47660828 184.32769775 426.32348633 64 255 128
162.92602539 151.85668945 365.88763428 64 255 128
138.84677124 218.59886169 514.12438965 64 255 128
261.40100098 224.85299683 439.59399414 64 255 128
188.51272583 144.24299622 381.44747925 64 255 128
321.14300537 271.01901245 424.76300049 64 255 128
164.31037903 297.01205444 500.99057007 64 255 128
240.76800537 259.09701538 410.37301636 64 255 128
86.53503418 214.74378967 449.77316284 64 255 128
144.04734802 278.41265869 340.27755737 64 255 128
177.70394897 313.21047974 417.28274536 64 255 128
103.64139557 167.87080383 493.64508057 64 255 128
88.98964691 174.16722107 480.70495605 64 255 128
180.87973022 283.84594727 346.36914062 64 255 128
95.30770111 167.21421814 433.16717529 64 255 128
118.96643066 292.93841553 440.16494751 64 255 128
222.73193359 187.87141418 380.56375122 64 255 128
239.26867676 219.17218018 403.19604492 64 255 128
286.73602295 258.39999390 451.96597290 64 255 128
167.20809937 181.98976135 338.69885254 64 255 128
133.64457703 301.85610962 408.81552124 64 255 128
107.68746185 176.68093872 506.37304688 64 255 128
287.80999756 283.20800781 418.61401367 64 255 128
122.50193024 226.71977234 345.63113403 64 255 128
137.21836853 302.66262817 424.81250000 64 255 128
91.14331818 228.91777039 483.08154297 64 255 128
114.33090210 204.12297058 527.53625488 64 255 128
274.00198364 316.87399292 493.71298218 64 255 128
186.15991211 171.49615479 351.84432983 64 255 128
218.38464355 253.92666626 448.86053467 64 255 128
189.12266541 301.38055420 491.82077026 64 255 128
135.96449280 159.18518066 373.32888794 64 255 128
187.64479065 225.01048279 433.06134033 64 255 128
124.02953339 246.58605957 514.96197510 64 255 128
159.99160767 209.37622070 326.70581055 64 255 128
99.60365295 164.91668701 485.72720337 64 255 128
231.07574463 321.73348999 480.59255981 64 255 128
202.98667908 248.70991516 445.19949341 64 255 128
251.06498718 268.02099609 473.67700195 64 255 128
283.14700317 232.78700256 434.98699951 64 255 128
226.75416565 201.86801147 373.45190430 64 255 128
104.50025940 246.34796143 379.44708252 64 255 128
209.90670776 258.09368896 469.94973755 64 255 128
87.09791565 211.59600830 430.11700439 64 255 128
160.45912170 313.28771973 419.37161255 64 255 128
114.27388000 206.73414612 365.86041260 64 255 128
235.30499268 216.25100708 463.35400391 64 255 128
155.41932678 247.50798035 327.57196045 64 255 128
226.09172058 268.40475464 389.88955688 64 255 128
203.89851379 318.28134155 463.35870361 64 255 128
183.37297058 217.92259216 475.23052979 64 255 128
277.63699341 234.36399841 401.17700195 64 255 128
191.06269836 245.04141235 447.49954224 64 255 128
297.50900269 269.84597778 446.92700195 64 255 128
156.21220398 310.43637085 448.18347168 64 255 128
148.51489258 306.82162476 460.53741455 64 255 128
122.35998535 261.99502563 511.88623047 64 255 128
154.59748840 264.28158569 474.64767456 64 255 128
104.73539734 265.01583862 503.71582031 64 255 128
301.13598633 260.12399292 434.47000122 64 255 128
169.81210327 268.19232178 467.59249878 64 255 128
293.15798950 306.91799927 445.68099976 64 255 128
225.24139404 194.04946899 416.77539062 64 255 128
136.31332397 299.01568604 496.42022705 64 255 128
119.48855591 155.64569092 395.02850342 64 255 128
189.02349854 245.42645264 463.67956543 64 255 128
145.49487305 276.99700928 495.75698853 64 255 128
305.92700195 304.22399902 444.88800049 64 255 128
189.72561646 219.49711609 334.63510132 64 255 128
161.02474976 173.48231506 344.03161621 64 255 128
94.38319397 166.89401245 441.01791382 64 255 128
269.36901855 304.34500122 489.48602295 64 255 128
102.48492432 237.35346985 380.97543335 64 255 128
167.29435730 180.17579651 455.10198975 64 255 128
317.82098389 263.46002197 405.86599731 64 255 128
141.84457397 305.27148438 369.82855225 64 255 128
272.61999512 219.86801147 402.78399658 64 255 128
223.81477356 307.88009644 419.29614258 64 255 128
276.14599609 247.23799133 457.66101074 64 255 128
221.68437195 199.97018433 366.39196777 64 255 128
186.18257141 213.37750244 430.90591431 64 255 128
90.84191895 181.36999512 510.14553833 64 255 128
113.66103363 189.24391174 516.55865479 64 255 128
176.87858582 139.99264526 389.77523804 64 255 128
112.77925873 175.31022644 500.02651978 64 255 128
191.13111877 193.30879211 342.21978760 64 255 128
264.68301392 231.97399902 453.32299805 64 255 128
98.23776245 181.57154846 514.68267822 64 255 128
203.77917480 279.11117554 479.95581055 64 255 128
100.55153656 234.16868591 389.66284180 64 255 128
160.58935547 227.85623169 497.30493164 64 255 128
280.46099854 303.85000610 430.48300171 64 255 128
130.16337585 249.19653320 509.35400391 64 255 128
166.52604675 160.94029236 421.43533325 64 255 128
291.05099487 266.21600342 411.19000244 64 255 128
150.03901672 158.21318054 360.71859741 64 255 128
109.75223541 268.08789062 510.72085571 64 255 128
149.40124512 275.41818237 488.21002197 64 255 128
222.79127502 231.24128723 368.23919678 64 255 128
86.73184204 185.87040710 459.33322144 64 255 128
199.39907837 184.51286316 352.33706665 64 255 128
87.53369141 219.30679321 437.73901367 64 255 128
305.20999146 261.94198608 408.70999146 64 255 128
256.10797119 320.25500488 474.97698975 64 255 128
215.92993164 265.37164307 440.08374023 64 255 128
116.13957214 232.64295959 356.49111938 64 255 128
96.60427856 231.82778931 541.48992920 64 255 128
147.35313416 171.32922363 440.31619263 64 255 128
84.54659271 196.35086060 511.15768433 64 255 128
187.66069031 202.19403076 472.13586426 64 255 128
117.83875275 169.11123657 385.82482910 64 255 128
206.81808472 234.56272888 437.59506226 64 255 128
145.75604248 188.30061340 481.63995361 64 255 128
87.53688812 195.97572327 429.26342773 64 255 128
273.05798340 224.92500305 435.44998169 64 255 128
135.17839050 299.92095947 475.83651733 64 255 128
151.38581848 299.63125610 500.07165527 64 255 128
106.45122528 161.42546082 405.96609497 64 255 128
234.84199524 271.49099731 410.67300415 64 255 128
95.25438690 203.30056763 395.34454346 64 255 128
226.62527466 203.02944946 427.68664551 64 255 128
104.23832703 270.75250244 445.37008667 64 255 128
103.69729614 218.14749146 543.21502686 64 255 128
154.67625427 139.03723145 409.61111450 64 255 128
212.90234375 276.14996338 444.40841675 64 255 128
171.28050232 248.13446045 327.40139771 64 255 128
216.67401123 267.75051880 372.55285645 64 255 128
195.22718811 289.08743286 486.53015137 64 255 128
219.34400940 251.83168030 366.33535767 64 255 128
210.90451050 174.75006104 370.69488525 64 255 128
272.35800171 314.64401245 447.55999756 64 255 128
176.10496521 207.65614319 331.66540527 64 255 128
151.77163696 311.30200195 425.49743652 64 255 128
178.87953186 297.75125122 496.48748779 64 255 128
263.83398438 224.21800232 424.90100098 64 255 128
97.51448059 224.99172974 397.50411987 64 255 128
305.44400024 300.82501221 437.87802124 64 255 128
209.71878052 222.62858582 460.42248535 64 255 128
126.81349945 206.56065369 343.74008179 64 255 128
223.76823425 233.76101685 381.56835938 64 255 128
322.58999634 268.95800781 417.10202026 64 255 128
292.29400635 302.56799316 472.12402344 64 255 128
223.45736694 208.90164185 394.29486084 64 255 128
170.65042114 194.69314575 332.97726440 64 255 128
227.49130249 222.94726562 413.36575317 64 255 128
178.58909607 214.62678528 428.18652344 64 255 128
308.79400635 250.21299744 407.27297974 64 255 128
125.79356384 294.74713135 392.46224976 64 255 128
90.41227722 208.25018311 535.06347656 64 255 128
116.26669312 220.94860840 534.64440918 64 255 128
93.84566498 245.67628479 516.70312500 64 255 128
241.25799561 233.02499390 465.57199097 64 255 128
115.47161102 211.53324890 358.47485352 64 255 128
93.01015472 239.73503113 421.76419067 64 255 128
291.52301025 314.05599976 479.34100342 64 255 128
131.33966064 298.99786377 440.27285767 64 255 128
280.35198975 298.62100220 423.47399902 64 255 128
125.16046906 221.22766113 525.13812256 64 255 128
104.20488739 210.45593262 380.61645508 64 255 128
172.40382385 244.05932617 411.56869507 64 255 128
202.57623291 152.79154968 397.25262451 64 255 128
245.38600159 292.33898926 480.97198486 64 255 128
104.91554260 260.49566650 495.21255493 64 255 128
88.64520264 180.07788086 438.01571655 64 255 128
266.51000977 317.69497681 497.25198364 64 255 128
143.12211609 190.94596863 336.56130981 64 255 128
120.11707306 284.25268555 483.28573608 64 255 128
87.24018097 187.29177856 439.29537964 64 255 128
202.96080017 229.63568115 444.03561401 64 255 128
145.34397888 207.40069580 330.24011230 64 255 128
103.11453247 218.95274353 384.83825684 64 255 128
174.26803589 287.59658813 346.66519165 64 255 128
124.59043884 296.15255737 423.46267700 64 255 128
283.67599487 261.73999023 457.78997803 64 255 128
136.19531250 162.95359802 437.95156860 64 255 128
319.83300781 282.67401123 441.40197754 64 255 128
227.06427002 318.80380249 455.34201050 64 255 128
152.74746704 299.20901489 356.55224609 64 255 128
109.21317291 258.19256592 517.38055420 64 255 128
92.70523834 233.99729919 495.60180664 64 255 128
281.33898926 312.84899902 496.28601074 64 255 128
196.20927429 316.21270752 438.87356567 64 255 128
127.72828674 231.98556519 339.49710083 64 255 128
284.63198853 295.63201904 469.50799561 64 255 128
108.24903870 234.77740479 367.06994629 64 255 128
166.60952759 281.99423218 340.63696289 64 255 128
237.86700439 245.39599609 471.32299805 64 255 128
177.74256897 226.01980591 479.46701050 64 255 128
266.12298584 299.21401978 424.71502686 64 255 128
138.58494568 295.33596802 502.65490723 64 255 128
168.77218628 229.53485107 489.42282104 64 255 128
139.89076233 300.22387695 363.12408447 64 255 128
88.54365540 222.61094666 457.00003052 64 255 128
91.72425842 227.59846497 412.18222046 64 255 128
185.73933411 259.42147827 465.36837769 64 255 128
169.04095459 221.27917480 487.14883423 64 255 128
311.06500244 266.28598022 428.45999146 64 255 128
230.00399780 310.56500244 494.50497437 64 255 128
114.96105957 278.96997070 384.33932495 64 255 128
214.82225037 275.59146118 377.91607666 64 255 128
96.34481049 210.77163696 392.78738403 64 255 128
235.10940552 242.03758240 399.51898193 64 255 128
228.64599609 318.23300171 492.86999512 64 255 128
148.00489807 216.13235474 328.21844482 64 255 128
157.17668152 168.07226562 429.93148804 64 255 128
192.16459656 237.02305603 440.05484009 64 255 128
111.19458008 169.99983215 491.48513794 64 255 128
167.21580505 221.16976929 327.26947021 64 255 128
112.32240295 272.28515625 479.76062012 64 255 128
214.52882385 290.13998413 394.98898315 64 255 128
290.69400024 220.16899109 394.36798096 64 255 128
173.00462341 168.85681152 429.19964600 64 255 128
175.68190002 315.74639893 475.89862061 64 255 128
88.75376892 222.95472717 423.51660156 64 255 128
110.30944061 275.83724976 461.52746582 64 255 128
85.97136688 193.85969543 450.53250122 64 255 128
122.35037994 290.35064697 468.21920776 64 255 128
153.25952148 248.75172424 497.93014526 64 255 128
277.38198853 216.60900879 412.77301025 64 255 128
196.81665039 262.24728394 341.13314819 64 255 128
215.28970337 169.34877014 387.99255371 64 255 128
189.19329834 148.07028198 375.16290283 64 255 128
99.91104126 248.14356995 500.66589355 64 255 128
216.41088867 220.78518677 381.73080444 64 255 128
190.67355347 237.86764526 424.50381470 64 255 128
112.13890839 269.83087158 487.38705444 64 255 128
105.22589874 158.33348083 462.32690430 64 255 128
85.40135193 201.77787781 439.25836182 64 255 128
191.20722961 255.44750977 463.40344238 64 255 128
199.54843140 272.99624634 351.40768433 64 255 128
196.78762817 232.03916931 335.99270630 64 255 128
180.12464905 193.71260071 336.45141602 64 255 128
300.13400269 295.28399658 462.59100342 64 255 128
192.59172058 317.36318970 461.41949463 64 255 128
204.11993408 223.75863647 342.95614624 64 255 128
170.66345215 274.74011230 335.86309814 64 255 128
124.72190094 213.94197083 524.81359863 64 255 128
142.29872131 183.57725525 341.05017090 64 255 128
266.71401978 317.78900146 462.40100098 64 255 128
160.27778625 255.16819763 327.30419922 64 255 128
192.42919922 168.64149475 357.43283081 64 255 128
159.23779297 284.98782349 342.04440308 64 255 128
137.20669556 170.50326538 353.79644775 64 255 128
228.73243713 237.17918396 394.64416504 64 255 128
293.59298706 302.76800537 435.14999390 64 255 128
208.99304199 318.34857178 456.15753174 64 255 128
129.91419983 296.60330200 372.28933716 64 255 128
110.59931946 151.37078857 431.93395996 64 255 128
227.68649292 216.54154968 429.95751953 64 255 128
189.92207336 315.84231567 480.24737549 64 255 128
247.10899353 298.13299561 484.83700562 64 255 128
157.53164673 311.61749268 436.53363037 64 255 128
191.01777649 181.49627686 444.40716553 64 255 128
231.10993958 228.45443726 406.63946533 64 255 128
254.33886719 312.36889648 439.29495239 64 255 128
218.92961121 224.03251648 405.29623413 64 255 128
128.11074829 163.74769592 377.33642578 64 255 128
272.36801147 269.36502075 466.02200317 64 255 128
321.48001099 286.22500610 427.79699707 64 255 128
199.36183167 161.27607727 410.82632446 64 255 128
124.36177063 267.66439819 353.07031250 64 255 128
236.46936035 199.14260864 440.26507568 64 255 128
137.39302063 194.93402100 338.35620117 64 255 128
220.72618103 182.09928894 386.01809692 64 255 128
206.51097107 261.55603027 473.82574463 64 255 128
178.25140381 144.71310425 404.03881836 64 255 128
85.40582275 188.20515442 499.43655396 64 255 128
84.59990692 209.47041321 520.23791504 64 255 128
229.89260864 191.31964111 398.54080200 64 255 128
308.35501099 276.61199951 417.78201294 64 255 128
211.99266052 211.89865112 425.45867920 64 255 128
199.32920837 253.79663086 462.25289917 64 255 128
86.75814819 181.54908752 496.97088623 64 255 128
127.95004272 172.44721985 466.34405518 64 255 128
147.45471191 269.13323975 481.88595581 64 255 128
266.66500854 268.82202148 416.04000854 64 255 128
125.66858673 295.30215454 452.67785645 64 255 128
189.28657532 276.75692749 483.93383789 64 255 128
256.08102417 230.15800476 410.60000610 64 255 128
213.25418091 262.38696289 447.15063477 64 255 128
285.54901123 216.08898926 401.78997803 64 255 128
203.51548767 187.17939758 436.06387329 64 255 128
198.16725159 318.55807495 447.08807373 64 255 128
209.28999329 219.20349121 349.57125854 64 255 128
220.33476257 257.42825317 461.73168945 64 255 128
96.30639648 230.95129395 403.31503296 64 255 128
216.06135559 283.66162109 389.38388062 64 255 128
284.22100830 278.05999756 462.36602783 64 255 128
274.18801880 258.61297607 410.90399170 64 255 128
86.27162933 220.23262024 509.08148193 64 255 128
258.15298462 224.83200073 433.31301880 64 255 128
169.85130310 141.82324219 404.24166870 64 255 128
231.71270752 285.00485229 410.48306274 64 255 128
164.50308228 241.78123474 492.97225952 64 255 128
304.28500366 282.81097412 451.80300903 64 255 128
269.89001465 280.56900024 418.86199951 64 255 128
182.38043213 228.71540833 438.40054321 64 255 128
188.24412537 190.02044678 460.82138062 64 255 128
203.38200378 303.16064453 404.70431519 64 255 128
278.49398804 221.54499817 397.84500122 64 255 128
135.83744812 305.57888794 393.05947876 64 255 128
251.63800049 305.32501221 428.58099365 64 255 128
222.77105713 279.12503052 394.65631104 64 255 128
126.09878540 181.07739258 492.12408447 64 255 128
128.74809265 171.44195557 362.39285278 64 255 128
174.68327332 144.75704956 376.97732544 64 255 128
149.76435852 274.41336060 336.59375000 64 255 128
95.70978546 215.44473267 541.03057861 64 255 128
104.43087006 275.90942383 432.40924072 64 255 128
87.49599457 230.70007324 509.62536621 64 255 128
179.44947815 304.02410889 376.25360107 64 255 128
248.37599182 310.95199585 501.74700928 64 255 128
140.83126831 141.23553467 400.89511108 64 255 128
148.89123535 312.20089722 395.26004028 64 255 128
150.37852478 307.00906372 369.77658081 64 255 128
193.98036194 178.76522827 436.99884033 64 255 128
138.16799927 306.40185547 377.98504639 64 255 128
292.09899902 291.16201782 463.28900146 64 255 128
230.55599976 235.94400024 466.26098633 64 255 128
183.23507690 248.53852844 466.67819214 64 255 128
131.88844299 299.27117920 489.75860596 64 255 128
99.41683197 168.68746948 412.83227539 64 255 128
238.36399841 268.44598389 478.66201782 64 255 128
216.53681946 313.76129150 483.79272461 64 255 128
304.98199463 243.67399597 406.66299438 64 255 128
229.38290405 209.81721497 374.35760498 64 255 128
266.53601074 261.40298462 413.82400513 64 255 128
241.02899170 272.67001343 413.77700806 64 255 128
316.98199463 291.13098145 435.32699585 64 255 128
156.09066772 151.18035889 367.88082886 64 255 128
237.39099121 254.68400574 475.55499268 64 255 128
190.96174622 266.60458374 339.01303101 64 255 128
194.31733704 203.44927979 340.02270508 64 255 128
98.58198547 162.68394470 477.52947998 64 255 128
115.85439301 244.49691772 358.00512695 64 255 128
145.63603210 311.33670044 404.11975098 64 255 128
201.24165344 200.42785645 455.99697876 64 255 128
292.21798706 241.97299194 403.56500244 64 255 128
131.30537415 150.97802734 432.53424072 64 255 128
236.37869263 320.89730835 467.11917114 64 255 128
237.16270447 298.39651489 418.36474609 64 255 128
167.46691895 254.91877747 468.20837402 64 255 128
125.60327148 278.27511597 357.21350098 64 255 128
130.76675415 282.16705322 352.69149780 64 255 128
236.94198608 287.29998779 413.42498779 64 255 128
109.24276733 275.18560791 399.19946289 64 255 128
233.41499329 295.63500977 486.27401733 64 255 128
229.43411255 203.93293762 445.70706177 64 255 128
161.16430664 147.60447693 415.09005737 64 255 128
91.03736115 237.18315125 428.91912842 64 255 128
118.99274445 210.79473877 528.27709961 64 255 128
301.24099731 245.22801208 418.04598999 64 255 128
88.38745117 220.65719604 474.38519287 64 255 128
124.55420685 274.62896729 508.05151367 64 255 128
193.07360840 240.03289795 460.49304199 64 255 128
104.46942902 192.43028259 378.42666626 64 255 128
262.40499878 301.41699219 486.42401123 64 255 128
134.40158081 283.06967163 503.75885010 64 255 128
85.38490295 200.12129211 455.26245117 64 255 128
162.96527100 215.75563049 489.74252319 64 255 128
96.08561707 256.93820190 420.78674316 64 255 128
135.36993408 204.59748840 336.45062256 64 255 128
99.74192810 164.21188354 418.39224243 64 255 128
233.27699280 322.73098755 488.99798584 64 255 128
116.40940094 215.61863708 352.89245605 64 255 128
98.10789490 244.65635681 396.23605347 64 255 128
199.84951782 181.56549072 433.68621826 64 255 128
260.69799805 259.81500244 468.72299194 64 255 128
87.81422424 180.35508728 472.56933594 64 255 128
208.10823059 253.48597717 444.23617554 64 255 128
183.30232239 230.76661682 420.81622314 64 255 128
197.66635132 157.79286194 368.97564697 64 255 128
244.72999573 222.27400208 443.89999390 64 255 128
223.52088928 197.15361023 430.09780884 64 255 128
151.61752319 222.71925354 326.99279785 64 255 128
289.55297852 274.39001465 457.70901489 64 255 128
207.71336365 204.90032959 435.22143555 64 255 128
148.97064209 157.68194580 424.94430542 64 255 128
210.44989014 231.50529480 443.73101807 64 255 128
130.79602051 217.41827393 337.32168579 64 255 128
111.94693756 255.42446899 370.90173340 64 255 128
90.12506866 202.05258179 531.50811768 64 255 128
130.72212219 261.99417114 499.09411621 64 255 128
287.31301880 224.13999939 414.46600342 64 255 128
178.06735229 183.12799072 340.96289062 64 255 128
219.26580811 237.24668884 362.17922974 64 255 128
124.37640381 294.51464844 403.42190552 64 255 128
267.62301636 311.03302002 497.00399780 64 255 128
267.23199463 234.63400269 403.74197388 64 255 128
214.87823486 227.14247131 353.91564941 64 255 128
219.96377563 289.83242798 401.31802368 64 255 128
210.30200195 198.27154541 432.31805420 64 255 128
198.43498230 313.61727905 486.41549683 64 255 128
95.21136475 173.86590576 503.06213379 64 255 128
169.49501038 242.52343750 419.70907593 64 255 128
129.56507874 226.93501282 521.38903809 64 255 128
286.74798584 245.02499390 442.54199219 64 255 128
176.03883362 150.28332520 367.76483154 64 255 128
202.98930359 317.61672974 476.34164429 64 255 128
205.97422791 235.70082092 344.72012329 64 255 128
285.60598755 243.19200134 403.58099365 64 255 128
215.50776672 198.27156067 421.57452393 64 255 128
178.30618286 316.31723022 462.13375854 64 255 128
135.84130859 200.36808777 507.41763306 64 255 128
281.74600220 307.91299438 490.09600830 64 255 128
139.91030884 308.60452271 398.91598511 64 255 128
106.14242554 183.37307739 390.78994751 64 255 128
231.66133118 195.26875305 434.45355225 64 255 128
161.48904419 252.34829712 487.09683228 64 255 128
122.08466339 153.16265869 440.81420898 64 255 128
178.48655701 308.15335083 386.12911987 64 255 128
113.13056946 244.12709045 364.38977051 64 255 128
102.92257690 256.16549683 519.95446777 64 255 128
94.50595093 238.56593323 415.21441650 64 255 128
154.52285767 138.46104431 402.81521606 64 255 128
223.48399353 246.16000366 459.58001709 64 255 128
187.52124023 295.53027344 366.74786377 64 255 128
106.06084442 264.53439331 468.89715576 64 255 128
210.14179993 268.55786133 361.72485352 64 255 128
297.47198486 261.35699463 440.51098633 64 255 128
85.62779236 191.19438171 479.26016235 64 255 128
178.43414307 270.94271851 335.35641479 64 255 128
108.28888702 240.17500305 539.41094971 64 255 128
275.79299927 237.58200073 452.52297974 64 255 128
153.69686890 213.31871033 498.89004517 64 255 128
117.69657898 227.57386780 351.91857910 64 255 128
214.18185425 212.02438354 407.52160645 64 255 128
174.29170227 302.61151123 496.83364868 64 255 128
126.81998444 159.73057556 443.58770752 64 255 128
280.18502808 263.90902710 413.85598755 64 255 128
119.83274078 249.04406738 351.67425537 64 255 128
130.30294800 300.28503418 387.01885986 64 255 128
175.41567993 275.71218872 480.36578369 64 255 128
211.89300537 165.17724609 397.22955322 64 255 128
193.87738037 300.83651733 383.47286987 64 255 128
93.27713776 238.75186157 457.26995850 64 255 128
92.57971191 194.31932068 415.08059692 64 255 128
232.47363281 212.10356140 382.14089966 64 255 128
117.62499237 160.99003601 459.41629028 64 255 128
214.21649170 182.57617188 413.21429443 64 255 128
221.88597107 256.16519165 373.01611328 64 255 128
147.75277710 142.59724426 390.01889038 64 255 128
85.85247040 184.71980286 485.88961792 64 255 128
266.27401733 309.19400024 436.17199707 64 255 128
275.74700928 218.93901062 418.75100708 64 255 128
128.47737122 290.66577148 498.37356567 64 255 128
165.81642151 311.33505249 485.01821899 64 255 128
214.66926575 288.26229858 482.32156372 64 255 128
255.36502075 258.44799805 413.74902344 64 255 128
106.92343140 158.01345825 418.80624390 64 255 128
138.54591370 172.42213440 450.27020264 64 255 128
142.10617065 303.22415161 476.23898315 64 255 128
137.69845581 184.89352417 482.66918945 64 255 128
239.52899170 220.33299255 457.86499023 64 255 128
189.73817444 151.21771240 405.74438477 64 255 128
89.08686829 191.24685669 424.85260010 64 255 128
86.70219421 200.33154297 525.62341309 64 255 128
132.43257141 270.40676880 344.63299561 64 255 128
200.61422729 229.45605469 462.22039795 64 255 128
182.25245667 177.09117126 443.18658447 64 255 128
249.62655640 318.39190674 452.34970093 64 255 128
182.04208374 257.12286377 332.07958984 64 255 128
95.33328247 187.16532898 410.58215332 64 255 128
238.58999634 199.48602295 406.31796265 64 255 128
113.79162598 184.31263733 368.35968018 64 255 128
123.28675842 202.75492859 348.56451416 64 255 128
84.50565338 194.61535645 504.11599731 64 255 128
196.06129456 246.15437317 335.87649536 64 255 128
181.44781494 238.96418762 429.80859375 64 255 128
182.27212524 277.78845215 341.89401245 64 255 128
108.40844727 278.54293823 443.98220825 64 255 128
100.37181091 161.20802307 433.93988037 64 255 128
227.99447632 244.84884644 379.88128662 64 255 128
220.32498169 228.38937378 384.94726562 64 255 128
130.54762268 213.88964844 519.88256836 64 255 128
150.25608826 174.95184326 344.32388306 64 255 128
159.76368713 293.36233521 349.55929565 64 255 128
132.27774048 229.25491333 335.39523315 64 255 128
184.70208740 244.54650879 425.92517090 64 255 128
291.30398560 235.49099731 400.10897827 64 255 128
163.46310425 254.51091003 474.16616821 64 255 128
186.79019165 168.78096008 424.51669312 64 255 128
105.52266693 260.05084229 478.81622314 64 255 128
184.84957886 196.74984741 469.41503906 64 255 128
237.70347595 197.27668762 420.80752563 64 255 128
235.54299927 313.09399414 497.08300781 64 255 128
185.80467224 158.82978821 361.35922241 64 255 128
148.97065735 144.00677490 418.66885376 64 255 128
108.16362000 219.95230103 371.78466797 64 255 128
168.40748596 143.79618835 379.01742554 64 255 128
90.55165100 232.34327698 535.27655029 64 255 128
242.92300415 226.58898926 455.40899658 64 255 128
283.68197632 247.79400635 450.11898804 64 255 128
240.65199280 216.76998901 414.10400391 64 255 128
133.51394653 141.69970703 423.93780518 64 255 128
150.12471008 303.65692139 495.00839233 64 255 128
144.85664368 170.27677917 350.32415771 64 255 128
143.16464233 243.21829224 505.24832153 64 255 128
124.45612335 157.42491150 388.48925781 64 255 128
154.73800659 190.57402039 333.67333984 64 255 128
236.31300354 237.88900757 404.24499512 64 255 128
161.63037109 141.54974365 409.98226929 64 255 128
96.93687439 246.83946228 527.21343994 64 255 128
211.46119690 188.63882446 360.24978638 64 255 128
155.07548523 308.70077515 374.18530273 64 255 128
85.33013916 195.89646912 469.71292114 64 255 128
109.97180176 223.32673645 362.39691162 64 255 128
140.16859436 212.96728516 510.78469849 64 255 128
167.40083313 288.60287476 498.51281738 64 255 128
175.17846680 314.00866699 423.19076538 64 255 128
117.66091919 176.70048523 496.03125000 64 255 128
179.29203796 228.97682190 431.04992676 64 255 128
100.72968292 266.20401001 413.28833008 64 255 128
223.55946350 203.02987671 406.08343506 64 255 128
88.50258636 179.03459167 430.64562988 64 255 128
249.53199768 267.51300049 413.45300293 64 255 128
169.47007751 151.24787903 365.88052368 64 255 128
150.55621338 222.79721069 504.96353149 64 255 128
117.86125946 158.43588257 452.06588745 64 255 128
184.55908203 268.26712036 475.74716187 64 255 128
116.85799408 270.65594482 368.01348877 64 255 128
221.11126709 186.21830750 406.87777710 64 255 128
260.88699341 319.51998901 486.82699585 64 255 128
216.54324341 299.46029663 407.50994873 64 255 128
156.25222778 202.48957825 328.56997681 64 255 128
188.27188110 306.35482788 394.14700317 64 255 128
161.60617065 267.74569702 332.48931885 64 255 128
94.95439911 253.41468811 433.08456421 64 255 128
135.15602112 245.48013306 336.07363892 64 255 128
214.72618103 216.85643005 450.40737915 64 255 128
184.90097046 219.79362488 429.14279175 64 255 128
300.80599976 306.40499878 448.35800171 64 255 128
199.10920715 219.84281921 340.87985229 64 255 128
239.44573975 321.65686035 475.56518555 64 255 128
289.94302368 238.49200439 430.33499146 64 255 128
120.32153320 178.99256897 365.85708618 64 255 128
150.12123108 183.82366943 469.03738403 64 255 128
193.06126404 238.74235535 453.07995605 64 255 128
190.79309082 226.28752136 333.51065063 64 255 128
155.41122437 274.34628296 472.04492188 64 255 128
137.98992920 243.67878723 508.77862549 64 255 128
171.03543091 193.31683350 473.10363770 64 255 128
241.26200867 287.03698730 480.55999756 64 255 128
296.05902100 232.97599792 412.50601196 64 255 128
240.15179443 211.31167603 398.64855957 64 255 128
90.08881378 210.28465271 412.61505127 64 255 128
83.94029999 202.10163879 498.80319214 64 255 128
251.66499329 226.05499268 445.81500244 64 255 128
252.06900024 282.14300537 473.57498169 64 255 128
247.82099915 251.63099670 411.00000000 64 255 128
246.22793579 304.98410034 426.68798828 64 255 128
86.56853485 214.39685059 460.04614258 64 255 128
286.81201172 255.15400696 408.61300659 64 255 128
216.25604248 212.71029663 399.68536377 64 255 128
262.31100464 222.81700134 407.43399048 64 255 128
101.59437561 270.88348389 422.79083252 64 255 128
275.47100830 316.03698730 459.36999512 64 255 128
92.36231232 239.41491699 508.06777954 64 255 128
296.91699219 249.33000183 432.37200928 64 255 128
317.91897583 268.91400146 409.10900879 64 255 128
125.24975586 296.39389038 435.22692871 64 255 128
166.53573608 248.98077393 489.47772217 64 255 128
228.82888794 314.44967651 431.58590698 64 255 128
209.08540344 316.32730103 482.03176880 64 255 128
227.98696899 205.32791138 402.35882568 64 255 128
107.83374023 173.05635071 396.04531860 64 255 128
247.08099365 277.63000488 476.27099609 64 255 128
169.71356201 188.02272034 467.09500122 64 255 128
153.07092285 174.84799194 444.74996948 64 255 128
237.66699219 244.48699951 404.16400146 64 255 128
265.59500122 250.11399841 408.96099854 64 255 128
183.08432007 145.77012634 376.56420898 64 255 128
226.33705139 263.49487305 385.73391724 64 255 128
146.06626892 193.82089233 489.71157837 64 255 128
248.08999634 320.88900757 490.17999268 64 255 128
166.83084106 138.86578369 399.37783813 64 255 128
90.04516602 230.35220337 445.26095581 64 255 128
215.17956543 255.14077759 461.44509888 64 255 128
126.27185822 294.34143066 476.51422119 64 255 128
172.05274963 213.93511963 479.19226074 64 255 128
158.41711426 310.57220459 458.49932861 64 255 128
192.97383118 276.56738281 348.12704468 64 255 128
108.31581116 246.89549255 374.28359985 64 255 128
135.01783752 304.39001465 403.09814453 64 255 128
175.04823303 281.82781982 491.37695312 64 255 128
192.73963928 233.96443176 462.87347412 64 255 128
120.80394745 172.92633057 374.99862671 64 255 128
93.80123901 201.61668396 403.80383301 64 255 128
251.98501587 288.05599976 476.17501831 64 255 128
250.50801086 319.77001953 496.40798950 64 255 128
189.32501221 312.04983521 419.82504272 64 255 128
208.81741333 317.32662964 470.98016357 64 255 128
214.22064209 274.43368530 452.11968994 64 255 128
95.34799957 249.11785889 449.48245239 64 255 128
205.96981812 179.38594055 421.97717285 64 255 128
180.15377808 219.17959595 329.59606934 64 255 128
122.71538544 284.67849731 370.45623779 64 255 128
304.70898438 253.69900513 421.27600098 64 255 128
297.36300659 231.16000366 401.48898315 64 255 128
205.68763733 313.16076660 423.95449829 64 255 128
103.54962158 203.88153076 535.11389160 64 255 128
98.95887756 200.74594116 385.55963135 64 255 128
219.54554749 266.73492432 455.23928833 64 255 128
176.37974548 173.67263794 346.56137085 64 255 128
168.30361938 314.19656372 469.37911987 64 255 128
134.38113403 271.93386841 498.95129395 64 255 128
94.66642761 249.60881042 426.08706665 64 255 128
264.87298584 239.58200073 460.06900024 64 255 128
153.62266541 142.90950012 386.19149780 64 255 128
146.89855957 306.89953613 467.87936401 64 255 128
232.46173096 196.94372559 391.23733521 64 255 128
278.07998657 286.13201904 418.81701660 64 255 128
146.48033142 306.47546387 436.28149414 64 255 128
260.31399536 271.45300293 416.28799438 64 255 128
171.78157043 291.99942017 350.76016235 64 255 128
116.56652069 184.97836304 509.63537598 64 255 128
305.86901855 293.33001709 459.38000488 64 255 128
174.91729736 301.67642212 367.33929443 64 255 128
277.41000366 300.60501099 480.26400757 64 255 128
306.59600830 288.39901733 454.20300293 64 255 128
174.04800415 308.25366211 490.89733887 64 255 128
214.04435730 246.55036926 444.08505249 64 255 128
173.34754944 223.13456726 482.73480225 64 255 128
134.20628357 156.28965759 434.22869873 64 255 128
100.54471588 185.54598999 519.04040527 64 255 128
100.78141022 194.93592834 383.87667847 64 255 128
192.18809509 255.06156921 334.95413208 64 255 128
254.24998474 235.46299744 461.03298950 64 255 128
212.69735718 175.11816406 406.43759155 64 255 128
253.06298828 314.71401978 504.16201782 64 255 128
126.64078522 160.06901550 382.48818970 64 255 128
123.49462891 290.62136841 490.33804321 64 255 128
172.19830322 232.22097778 325.58947754 64 255 128
118.21004486 195.88674927 519.06091309 64 255 128
188.90119934 273.08200073 342.27331543 64 255 128
113.60089111 287.46197510 428.14260864 64 255 128
265.99099731 257.50900269 465.59100342 64 255 128
296.24700928 271.10800171 413.86898804 64 255 128
140.14126587 283.52291870 501.71472168 64 255 128
126.63741302 295.38537598 460.07693481 64 255 128
122.79148102 289.93905640 483.18002319 64 255 128
278.74899292 316.92401123 477.46701050 64 255 128
279.23699951 271.66000366 416.12802124 64 255 128
224.59854126 266.80953979 448.48355103 64 255 128
156.60780334 275.20401001 336.14910889 64 255 128
190.66616821 315.08587646 431.75061035 64 255 128
145.04409790 240.41539001 329.73461914 64 255 128
86.87660980 213.05046082 531.85363770 64 255 128
262.23001099 316.85400391 452.09597778 64 255 128
102.77073669 165.89033508 408.20919800 64 255 128
109.43508148 252.97140503 376.12200928 64 255 128
162.49316406 312.34265137 448.60012817 64 255 128
290.10598755 271.70800781 413.85299683 64 255 128
249.37300110 321.36898804 470.22000122 64 255 128
208.26029968 306.91891479 413.12707520 64 255 128
219.50120544 317.64736938 465.72689819 64 255 128
150.37518311 284.00640869 498.25674438 64 255 128
143.54846191 178.88909912 460.73544312 64 255 128
252.24301147 227.53300476 419.61898804 64 255 128
215.85247803 172.26931763 394.06552124 64 255 128
209.87431335 293.59912109 393.46856689 64 255 128
93.99650574 218.87243652 399.25515747 64 255 128
91.86960602 189.82392883 521.31134033 64 255 128
139.92761230 303.51315308 458.13177490 64 255 128
89.68102264 172.85772705 456.41415405 64 255 128
205.00744629 181.57678223 358.31268311 64 255 128
122.32667542 170.28146362 472.19235229 64 255 128
176.57780457 181.76147461 455.52221680 64 255 128
208.11544800 251.94921875 455.82296753 64 255 128
228.07484436 238.83673096 385.17391968 64 255 128
231.57754517 248.88143921 389.24871826 64 255 128
181.16435242 242.53695679 478.12222290 64 255 128
148.59651184 213.64129639 503.05999756 64 255 128
174.39593506 247.48634338 422.55526733 64 255 128
220.77799988 253.31199646 457.68099976 64 255 128
222.85800171 270.73898315 477.33499146 64 255 128
216.85269165 219.57843018 420.01232910 64 255 128
183.47875977 265.04653931 469.74963379 64 255 128
92.24851227 220.42922974 540.27453613 64 255 128
112.40167999 275.35302734 473.26724243 64 255 128
298.30899048 229.88800049 394.72698975 64 255 128
319.93298340 281.49499512 421.35998535 64 255 128
106.66407776 198.03286743 374.75836182 64 255 128
163.89770508 280.97186279 492.52050781 64 255 128
269.34100342 218.35200500 414.86700439 64 255 128
206.69039917 291.71661377 383.63742065 64 255 128
206.19917297 262.26623535 351.77548218 64 255 128
203.85472107 198.16419983 349.55386353 64 255 128
124.04154968 290.32113647 378.11373901 64 255 128
221.39100647 263.89700317 475.01300049 64 255 128
294.83898926 253.87298584 406.18099976 64 255 128
323.88601685 276.21099854 413.51800537 64 255 128
202.49015808 208.57789612 345.48925781 64 255 128
107.27909851 276.94247437 415.46237183 64 255 128
97.60235596 240.83854675 537.66271973 64 255 128
158.89263916 138.92106628 398.41751099 64 255 128
197.67878723 173.21949768 423.14593506 64 255 128
230.93782043 258.26309204 396.86428833 64 255 128
230.26133728 268.06323242 400.82070923 64 255 128
110.58543396 263.09042358 514.15783691 64 255 128
195.02989197 239.02381897 336.58489990 64 255 128
114.79623413 147.31503296 433.74697876 64 255 128
111.95259094 270.10171509 380.01748657 64 255 128
91.80252075 173.32858276 496.87396240 64 255 128
194.11399841 174.26583862 354.70190430 64 255 128
142.03273010 252.22618103 332.93603516 64 255 128
298.72097778 299.61999512 434.24099731 64 255 128
303.28802490 250.30198669 403.55798340 64 255 128
308.14498901 279.91101074 448.13400269 64 255 128
199.77218628 313.05426025 424.48434448 64 255 128
129.67123413 298.48324585 379.98098755 64 255 128
219.16268921 221.36819458 359.53091431 64 255 128
221.30014038 216.40928650 362.93658447 64 255 128
84.51816559 199.67205811 481.90277100 64 255 128
280.29098511 297.56201172 473.25701904 64 255 128
159.79290771 163.81159973 351.68750000 64 255 128
109.75507355 164.19926453 477.14877319 64 255 128
140.12815857 270.34671021 492.79904175 64 255 128
84.98999786 212.02987671 493.35363770 64 255 128
248.36199951 242.06500244 408.22000122 64 255 128
154.87936401 277.53561401 480.23187256 64 255 128
105.30651093 229.52928162 372.20651245 64 255 128
223.08078003 211.59397888 388.15054321 64 255 128
147.06092834 311.61889648 412.16323853 64 255 128
100.05869293 268.91119385 437.13995361 64 255 128
92.96051788 245.77726746 435.17855835 64 255 128
114.09181213 154.34092712 406.17904663 64 255 128
287.54101562 287.27099609 463.98898315 64 255 128
132.32839966 205.47360229 514.39953613 64 255 128
113.68585968 169.30123901 485.96527100 64 255 128
208.21977234 316.77194214 439.55282593 64 255 128
264.21499634 287.27499390 418.39999390 64 255 128
248.81599426 227.63400269 426.23098755 64 255 128
146.31983948 297.08279419 355.39932251 64 255 128
122.76486969 289.90539551 386.62841797 64 255 128
210.43852234 247.63685608 351.30328369 64 255 128
135.10734558 278.05078125 345.71154785 64 255 128
116.07341003 164.48789978 469.05056763 64 255 128
140.97120667 148.33857727 386.84933472 64 255 128
100.06154633 248.70616150 391.16986084 64 255 128
97.56973267 263.16534424 433.06863403 64 255 128
187.34358215 177.89775085 347.60147095 64 255 128
227.19381714 228.35113525 408.40740967 64 255 128
250.82600403 237.75100708 465.45599365 64 255 128
149.39385986 154.61459351 365.62750244 64 255 128
141.76890564 151.22125244 425.96774292 64 255 128
289.89599609 226.84599304 409.75601196 64 255 128
195.94924927 318.08532715 455.87854004 64 255 128
165.74191284 178.02406311 449.48663330 64 255 128
100.80645752 178.65792847 404.05590820 64 255 128
99.10461426 195.47355652 529.07348633 64 255 128
204.68891907 162.59875488 407.81253052 64 255 128
247.80101013 244.98799133 468.87600708 64 255 128
277.86401367 258.74902344 460.62899780 64 255 128
260.87298584 308.38098145 497.09399414 64 255 128
299.41400146 240.50999451 400.70901489 64 255 128
143.75843811 303.92953491 482.07135010 64 255 128
122.55110168 271.50451660 357.40179443 64 255 128
138.23858643 174.49104309 349.30783081 64 255 128
128.57725525 236.59562683 518.72644043 64 255 128
211.33833313 252.79357910 439.05175781 64 255 128
233.66569519 211.43832397 457.51580811 64 255 128
281.00000000 229.13700867 397.60299683 64 255 128
135.94105530 154.37953186 377.85311890 64 255 128
188.63609314 300.50143433 378.03381348 64 255 128
117.54406738 283.84130859 471.34854126 64 255 128
121.98770142 267.97933960 511.58493042 64 255 128
258.67001343 274.50497437 471.80300903 64 255 128
179.15307617 158.76799011 415.77474976 64 255 128
153.34025574 257.58331299 481.35952759 64 255 128
219.65812683 297.51733398 488.04156494 64 255 128
121.50225830 196.53141785 357.80578613 64 255 128
140.82267761 270.46905518 338.30499268 64 255 128
171.27467346 314.65686035 461.60876465 64 255 128
255.74600220 279.04498291 415.97399902 64 255 128
122.74090576 186.09460449 503.75961304 64 255 128
232.98930359 195.33747864 403.79043579 64 255 128
219.36915588 194.55432129 367.17855835 64 255 128
174.34938049 294.97149658 355.50958252 64 255 128
238.91499329 224.61199951 420.11300659 64 255 128
227.76229858 294.92492676 413.77124023 64 255 128
132.36807251 185.36726379 347.64425659 64 255 128
201.93611145 308.72869873 490.67730713 64 255 128
158.94110107 313.04476929 395.26675415 64 255 128
183.96813965 141.34460449 388.54296875 64 255 128
186.73213196 239.96134949 331.22647095 64 255 128
276.81600952 234.14898682 447.76599121 64 255 128
158.81289673 221.80134583 497.69012451 64 255 128
158.43519592 232.71974182 326.51837158 64 255 128
166.75103760 277.98013306 481.91885376 64 255 128
192.14881897 317.34844971 471.31613159 64 255 128
96.88616180 246.08738708 466.22265625 64 255 128
129.68287659 298.55661011 411.89715576 64 255 128
295.17098999 284.54000854 457.53698730 64 255 128
167.14030457 252.41011047 326.40972900 64 255 128
151.41397095 243.07086182 501.14035034 64 255 128
90.64888763 239.25692749 527.53454590 64 255 128
92.99755096 169.50082397 488.66033936 64 255 128
224.99800110 281.66897583 479.45401001 64 255 128
235.64036560 196.81777954 428.90884399 64 255 128
243.87899780 216.60398865 425.22299194 64 255 128
175.67657471 243.37956238 482.24118042 64 255 128
209.50164795 286.00366211 380.55895996 64 255 128
92.52143860 234.14079285 467.55163574 64 255 128
310.54602051 265.20999146 409.37997437 64 255 128
243.95855713 206.68479919 439.25161743 64 255 128
244.77400208 211.10099792 446.44497681 64 255 128
134.46234131 297.79751587 365.11874390 64 255 128
208.74598694 267.04492188 475.88662720 64 255 128
114.24501801 244.30802917 530.84887695 64 255 128
246.02200317 321.87100220 484.15301514 64 255 128
93.61575317 171.72123718 424.92474365 64 255 128
127.42079926 144.89431763 430.26702881 64 255 128
118.73743439 279.09310913 492.91918945 64 255 128
103.02972412 255.51608276 481.83950806 64 255 128
144.00576782 221.85610962 510.50549316 64 255 128
221.01266479 262.38092041 374.68002319 64 255 128
158.44572449 187.44338989 471.45257568 64 255 128
225.33590698 243.71873474 373.24612427 64 255 128
134.02275085 147.42620850 392.73284912 64 255 128
141.14085388 289.28945923 503.44735718 64 255 128
197.97615051 165.44187927 415.46948242 64 255 128
95.79627228 239.81257629 483.48849487 64 255 128
132.50331116 239.55690002 337.15130615 64 255 128
282.24099731 289.85299683 466.76098633 64 255 128
153.60127258 183.26310730 338.03570557 64 255 128
100.96732330 213.49414062 386.02960205 64 255 128
143.21932983 306.44656372 424.14538574 64 255 128
161.69644165 173.04100037 439.08956909 64 255 128
111.44403839 273.30340576 386.89743042 64 255 128
90.46669006 226.72119141 476.68902588 64 255 128
154.54431152 205.47981262 493.90563965 64 255 128
96.90985107 242.15284729 404.53036499 64 255 128
91.51791382 236.05300903 442.22207642 64 255 128
301.40798950 270.66601562 442.61398315 64 255 128
137.85327148 189.26431274 492.03836060 64 255 128
119.41998291 243.72399902 519.64398193 64 255 128
290.70300293 311.98300171 485.94998169 64 255 128
256.76901245 241.99600220 408.75698853 64 255 128
164.86384583 165.21984863 425.96060181 64 255 128
141.98590088 252.46279907 499.44619751 64 255 128
249.70098877 320.36798096 464.02999878 64 255 128
188.64930725 238.85496521 434.33316040 64 255 128
162.77896118 148.51545715 370.81747437 64 255 128
191.76197815 286.98880005 358.60635376 64 255 128
199.80603027 213.10461426 341.97555542 64 255 128
202.38177490 232.19100952 449.66366577 64 255 128
179.59617615 222.85026550 475.10891724 64 255 128
178.61482239 250.86936951 330.19262695 64 255 128
86.18595886 217.40925598 490.80328369 64 255 128
99.57450104 252.80789185 506.79867554 64 255 128
145.31459045 183.60237122 472.10757446 64 255 128
215.54537964 256.87457275 467.97470093 64 255 128
210.01878357 298.31759644 487.66281128 64 255 128
273.17800903 308.87100220 436.86801147 64 255 128
189.38351440 244.56311035 441.29653931 64 255 128
155.83569336 304.85699463 365.07946777 64 255 128
171.93789673 314.03588867 454.65643311 64 255 128
221.90779114 224.70924377 414.19506836 64 255 128
169.23120117 152.50294495 413.97308350 64 255 128
197.61224365 220.49853516 469.35577393 64 255 128
112.44779205 226.00712585 539.31152344 64 255 128
151.43028259 148.38092041 374.84063721 64 255 128
219.30371094 220.40739441 431.74426270 64 255 128
187.19511414 209.63003540 335.46719360 64 255 128
135.52792358 238.66537476 513.81433105 64 255 128
106.55325317 224.79383850 543.30029297 64 255 128
146.85903931 288.74530029 346.71752930 64 255 128
280.57101440 271.11898804 463.79901123 64 255 128
232.21499634 253.60700989 403.49502563 64 255 128
293.72399902 237.70600891 422.41601562 64 255 128
235.86369324 308.35275269 428.54843140 64 255 128
268.36300659 277.50097656 469.25299072 64 255 128
86.46153259 191.35029602 513.47235107 64 255 128
292.48397827 251.94900513 440.78698730 64 255 128
233.27999878 222.50900269 462.25500488 64 255 128
87.49567413 213.92634583 423.85723877 64 255 128
285.26898193 315.71200562 486.22198486 64 255 128
161.97744751 307.08206177 495.30746460 64 255 128
297.89901733 292.50500488 424.80200195 64 255 128
304.54998779 267.24099731 412.13598633 64 255 128
243.15928650 296.05429077 418.23931885 64 255 128
181.22535706 292.94415283 357.17810059 64 255 128
238.06298828 274.24899292 478.66897583 64 255 128
139.14024353 219.24623108 331.64080811 64 255 128
161.64659119 310.74203491 382.35714722 64 255 128
206.44084167 218.06623840 460.83004761 64 255 128
148.19117737 137.94183350 408.23886108 64 255 128
218.19717407 228.93063354 457.38491821 64 255 128
116.16857147 150.87567139 418.71585083 64 255 128
135.31387329 283.37677002 348.90713501 64 255 128
86.11722565 195.31031799 444.76007080 64 255 128
139.92350769 257.97323608 335.27999878 64 255 128
171.92912292 179.50743103 451.79238892 64 255 128
191.47377014 163.58433533 360.19189453 64 255 128
181.18727112 315.06686401 440.69973755 64 255 128
180.36872864 248.98158264 471.72653198 64 255 128
205.03428650 191.62773132 352.65631104 64 255 128
244.79747009 317.81353760 449.56652832 64 255 128
89.20256805 183.95440674 425.16558838 64 255 128
88.97408295 226.52642822 452.25793457 64 255 128
144.76449585 140.85823059 396.50534058 64 255 128
107.04781342 153.28930664 439.94284058 64 255 128
136.78042603 191.77511597 497.41357422 64 255 128
310.27001953 261.17398071 422.58398438 64 255 128
147.11851501 228.24859619 328.52005005 64 255 128
262.31500244 222.33499146 418.51400757 64 255 128
85.13495636 205.15678406 444.11914062 64 255 128
202.16937256 155.34771729 376.03860474 64 255 128
238.71255493 197.90455627 413.80447388 64 255 128
102.03945160 260.05426025 398.64913940 64 255 128
236.29200745 257.17300415 407.29299927 64 255 128
184.15135193 184.43544006 455.89047241 64 255 128
124.84000397 201.33106995 519.17749023 64 255 128
238.54464722 320.55700684 461.83416748 64 255 128
181.81602478 305.32382202 381.69955444 64 255 128
103.42990112 156.91059875 446.79165649 64 255 128
192.70204163 172.55387878 427.06814575 64 255 128
145.28410339 235.78675842 507.75320435 64 255 128
234.52178955 314.35153198 438.45141602 64 255 128
132.65570068 294.59011841 499.41653442 64 255 128
90.00545502 203.87052917 421.32989502 64 255 128
286.47698975 309.47802734 454.44598389 64 255 128
271.94799805 317.83599854 484.29000854 64 255 128
139.11196899 289.36566162 350.93545532 64 255 128
207.63523865 155.86669922 394.11404419 64 255 128
230.70314026 278.68688965 404.64254761 64 255 128
229.15853882 193.40303040 411.22994995 64 255 128
129.98782349 194.90974426 506.28601074 64 255 128
150.32119751 290.86019897 501.27471924 64 255 128
110.40718842 191.25646973 370.47714233 64 255 128
85.69554901 208.40225220 450.70812988 64 255 128
205.38198853 152.37521362 383.71331787 64 255 128
255.04800415 305.35900879 493.79199219 64 255 128
121.79822540 239.19799805 346.87811279 64 255 128
269.77099609 223.18299866 428.41601562 64 255 128
304.87899780 294.59100342 432.36602783 64 255 128
