ply
format ascii 1.0
element vertex 4096
property float x
property float y
property float z
property uchar red
property uchar green
property uchar blue
end_header
304.37762451 231.16113281 386.04156494 255 64 64
312.53082275 239.74966431 395.07965088 255 64 64
313.04425049 231.97267151 381.96615601 255 64 64
322.45379639 238.60807800 387.91662598 255 64 64
145.85983276 151.65142822 495.12451172 255 64 64
136.08003235 158.23242188 499.73153687 255 64 64
148.74633789 143.76557922 483.35369873 255 64 64
137.64749146 149.51965332 486.42993164 255 64 64
168.69685364 125.34144592 423.54898071 255 64 64
156.80065918 129.13293457 421.75039673 255 64 64
176.08227539 125.76673126 413.31326294 255 64 64
164.19319153 128.26107788 410.17715454 255 64 64
132.69473267 182.99755859 527.17742920 255 64 64
124.41850281 193.23991394 531.78106689 255 64 64
133.09103394 172.98706055 517.20361328 255 64 64
124.77458191 183.99127197 521.17730713 255 64 64
161.64541626 139.70112610 476.65997314 255 64 64
152.75048828 143.44677734 484.46182251 255 64 64
172.34915161 133.66490173 463.75823975 255 64 64
162.16593933 135.72152710 470.36526489 255 64 64
148.90927124 138.82916260 470.24914551 255 64 64
138.27178955 146.18383789 472.51635742 255 64 64
152.66970825 133.43234253 457.77447510 255 64 64
141.21832275 139.70693970 458.25714111 255 64 64
118.37619781 212.52084351 542.75610352 255 64 64
117.14026642 224.95648193 547.82641602 255 64 64
112.02470398 212.74679565 535.67828369 255 64 64
111.59143066 224.55781555 540.29785156 255 64 64
196.77589417 130.22824097 418.74359131 255 64 64
187.89160156 125.65359497 422.87814331 255 64 64
206.12390137 137.44213867 409.64282227 255 64 64
196.77116394 131.13914490 411.62963867 255 64 64
127.93367767 167.43730164 502.16735840 255 64 64
120.36014557 177.36262512 506.61862183 255 64 64
128.09338379 160.92137146 489.98016357 255 64 64
120.24776459 170.57460022 493.44985962 255 64 64
151.49424744 132.98284912 445.31558228 255 64 64
139.95768738 139.57684326 445.79290771 255 64 64
158.63154602 129.70919800 433.16830444 255 64 64
147.01454163 135.12258911 432.17724609 255 64 64
130.91075134 152.87207031 479.17831421 255 64 64
122.36244202 162.49926758 482.68322754 255 64 64
133.39385986 146.89321899 466.23873901 255 64 64
124.27060699 156.00463867 468.57336426 255 64 64
168.53617859 130.60458374 453.29061890 255 64 64
155.97988892 133.90809631 454.50497437 255 64 64
177.30216980 128.85137939 439.67318726 255 64 64
163.21034241 129.86698914 438.51977539 255 64 64
186.31111145 129.68574524 442.15237427 255 64 64
181.50016785 131.67553711 453.33874512 255 64 64
197.21595764 132.81948853 429.60314941 255 64 64
192.37159729 132.48663330 439.62075806 255 64 64
298.98699951 234.55227661 399.17456055 255 64 64
303.99462891 247.64093018 406.66055298 255 64 64
311.78582764 234.14207458 387.16717529 255 64 64
312.33441162 243.30081177 397.63903809 255 64 64
116.23019409 196.90127563 526.72607422 255 64 64
112.67174530 209.11923218 531.99743652 255 64 64
112.85274506 191.76203918 514.28570557 255 64 64
109.41614532 204.01312256 519.35009766 255 64 64
134.34872437 144.94665527 452.19021606 255 64 64
125.03145599 154.02969360 454.61151123 255 64 64
139.66271973 139.75805664 439.71908569 255 64 64
130.23190308 148.10998535 441.14874268 255 64 64
144.22895813 165.97665405 509.83047485 255 64 64
137.41255188 175.63226318 518.15051270 255 64 64
151.08795166 158.94258118 499.09600830 255 64 64
144.41824341 169.66760254 506.65060425 255 64 64
111.50508881 185.04415894 499.88204956 255 64 64
106.43477631 196.83624268 504.52877808 255 64 64
111.17621613 179.35751343 487.08325195 255 64 64
105.71670532 191.04548645 491.34320068 255 64 64
184.80604553 134.66508484 465.43438721 255 64 64
179.29092407 142.71655273 476.41729736 255 64 64
198.84344482 137.05946350 455.42626953 255 64 64
194.46519470 144.57385254 467.05746460 255 64 64
145.41114807 136.02285767 431.97854614 255 64 64
135.39355469 143.57510376 432.10571289 255 64 64
152.72914124 132.89974976 421.26239014 255 64 64
142.97180176 139.48666382 420.47567749 255 64 64
117.24008942 165.80560303 469.68911743 255 64 64
111.22929382 176.69387817 473.92556763 255 64 64
119.91838837 159.90481567 456.88085938 255 64 64
113.01916504 170.52812195 460.51144409 255 64 64
263.86624146 340.42092896 453.63134766 255 64 64
261.87939453 337.65625000 467.40612793 255 64 64
275.01892090 337.36584473 452.19815063 255 64 64
270.48272705 338.18151855 461.98684692 255 64 64
206.35194397 136.12011719 434.74429321 255 64 64
207.68229675 140.71249390 446.80136108 255 64 64
215.06802368 142.46093750 424.27954102 255 64 64
217.20037842 146.19091797 436.68203735 255 64 64
294.19705200 299.51217651 410.29321289 255 64 64
292.40362549 313.85479736 414.78057861 255 64 64
305.02856445 292.45916748 413.24951172 255 64 64
300.36770630 304.36364746 416.29098511 255 64 64
183.61528015 131.36135864 403.64938354 255 64 64
171.65521240 135.76329041 397.81723022 255 64 64
193.85646057 139.09667969 398.36495972 255 64 64
182.49497986 142.94259644 391.34033203 255 64 64
110.88266754 230.73518372 536.69018555 255 64 64
112.05324554 243.07144165 542.30346680 255 64 64
109.26448059 238.78959656 528.82891846 255 64 64
111.23653412 250.33561707 534.69653320 255 64 64
280.05453491 321.03100586 430.31024170 255 64 64
278.99694824 327.45922852 443.54794312 255 64 64
291.07647705 316.91949463 427.13568115 255 64 64
286.49853516 323.36636353 437.30825806 255 64 64
150.53884888 137.04908752 410.60128784 255 64 64
141.09855652 144.98461914 409.16455078 255 64 64
159.08598328 137.81567383 401.48925781 255 64 64
149.99349976 144.74563599 399.35040283 255 64 64
304.40905762 258.38577271 408.56777954 255 64 64
302.14480591 274.31832886 411.09759521 255 64 64
315.80364990 250.56144714 398.11129761 255 64 64
310.84277344 264.27944946 404.50656128 255 64 64
107.56610107 217.98796082 520.05877686 255 64 64
108.09386444 230.22012329 526.72198486 255 64 64
104.19944763 220.42967224 507.64028931 255 64 64
105.10902405 232.49620056 514.37866211 255 64 64
280.41415405 225.28875732 402.86456299 255 64 64
284.91192627 226.69918823 413.69842529 255 64 64
295.56787109 229.80455017 391.23336792 255 64 64
296.02569580 226.74650574 403.80151367 255 64 64
204.58609009 139.31668091 406.80084229 255 64 64
195.19311523 137.63209534 402.28417969 255 64 64
211.45692444 150.64266968 401.44189453 255 64 64
203.99223328 148.58721924 395.67596436 255 64 64
115.60654449 257.53775024 539.78802490 255 64 64
120.69223022 265.48510742 545.11505127 255 64 64
116.80018616 268.61795044 530.75927734 255 64 64
121.83264160 273.26358032 536.17974854 255 64 64
256.13409424 333.47891235 429.42575073 255 64 64
256.00396729 337.53540039 443.99551392 255 64 64
269.41571045 332.68173218 429.97302246 255 64 64
263.52981567 336.28643799 438.86087036 255 64 64
129.73350525 151.20693970 433.36511230 255 64 64
121.83110809 160.40116882 434.75274658 255 64 64
136.91546631 147.46630859 421.89834595 255 64 64
128.65106201 155.79931641 422.47415161 255 64 64
106.24652863 245.64361572 520.54412842 255 64 64
109.24659729 256.51296997 527.19134521 255 64 64
106.28911591 254.62727356 510.25796509 255 64 64
109.17680359 263.76470947 517.48486328 255 64 64
240.60073853 337.27514648 451.93551636 255 64 64
237.07246399 338.45812988 465.19213867 255 64 64
252.10980225 337.78530884 454.07586670 255 64 64
244.88761902 339.14886475 461.76473999 255 64 64
158.53346252 158.14883423 491.45870972 255 64 64
153.29872131 171.16177368 499.68051147 255 64 64
171.53930664 159.29870605 483.25109863 255 64 64
166.83216858 171.79113770 491.32855225 255 64 64
260.84066772 315.75885010 407.89132690 255 64 64
259.43527222 325.34582520 417.76223755 255 64 64
274.37442017 314.72430420 411.12710571 255 64 64
267.80453491 321.31558228 415.91705322 255 64 64
145.63491821 321.46527100 496.00387573 255 64 64
146.41390991 316.73800659 506.64016724 255 64 64
154.53753662 326.59487915 494.86169434 255 64 64
152.77502441 323.47412109 502.77532959 255 64 64
229.58822632 333.99481201 477.91986084 255 64 64
224.06349182 330.53988647 485.82464600 255 64 64
239.82971191 332.73669434 480.65139771 255 64 64
233.35391235 331.66372681 485.47625732 255 64 64
214.22845459 144.95104980 407.98730469 255 64 64
221.54408264 149.63690186 415.19409180 255 64 64
215.95976257 158.72938538 400.73318481 255 64 64
224.87480164 162.28665161 408.60717773 255 64 64
132.00230408 202.38935852 531.69561768 255 64 64
127.71395874 214.77293396 540.49829102 255 64 64
140.08097839 205.20251465 522.63385010 255 64 64
137.09628296 218.81640625 531.63647461 255 64 64
142.74630737 183.87652588 517.39678955 255 64 64
138.09950256 196.31689453 526.38281250 255 64 64
151.30644226 184.89389038 506.16305542 255 64 64
148.13484192 198.39422607 515.50158691 255 64 64
116.76537323 284.59741211 504.88052368 255 64 64
121.57070160 288.18545532 514.99395752 255 64 64
122.31598663 294.98440552 497.28701782 255 64 64
124.76537323 295.55502319 506.40789795 255 64 64
103.24400330 198.23771667 486.82757568 255 64 64
101.08090210 210.45095825 493.85635376 255 64 64
103.56873322 192.65399170 472.85168457 255 64 64
100.91172791 205.70477295 480.15667725 255 64 64
187.57716370 339.01507568 472.58145142 255 64 64
182.66526794 336.03036499 484.27890015 255 64 64
198.50004578 340.17929077 473.66091919 255 64 64
191.44355774 338.85626221 480.51132202 255 64 64
180.44912720 148.73651123 473.96517944 255 64 64
172.48757935 160.21154785 480.51895142 255 64 64
193.78384399 153.23188782 465.00518799 255 64 64
186.54391479 163.70849609 472.07711792 255 64 64
124.99736023 165.93606567 415.66845703 255 64 64
119.21251678 177.43475342 415.74890137 255 64 64
132.21569824 163.33346558 405.64349365 255 64 64
125.97184753 174.02774048 405.00436401 255 64 64
280.88937378 240.61076355 400.03530884 255 64 64
279.13381958 257.58911133 400.76049805 255 64 64
296.28012085 240.66696167 399.83834839 255 64 64
289.52404785 250.55796814 401.97720337 255 64 64
140.94255066 152.73394775 407.17843628 255 64 64
132.58114624 162.64743042 405.49679565 255 64 64
151.19378662 151.77807617 398.20541382 255 64 64
143.14468384 160.82325745 395.80096436 255 64 64
113.57521057 175.29998779 450.52368164 255 64 64
108.78290558 187.03054810 454.27792358 255 64 64
118.00966644 169.42286682 437.79821777 255 64 64
112.23665619 180.71336365 440.72433472 255 64 64
207.49435425 150.22033691 453.82543945 255 64 64
204.01574707 160.73005676 463.16162109 255 64 64
218.79431152 155.13212585 443.50497437 255 64 64
215.63275146 164.52983093 454.19924927 255 64 64
161.34455872 331.42672729 475.45901489 255 64 64
158.00526428 329.00631714 488.02005005 255 64 64
170.02641296 334.71707153 474.45755005 255 64 64
164.34567261 332.79470825 482.57583618 255 64 64
104.07347107 241.67675781 500.23254395 255 64 64
106.95642090 253.25117493 507.86523438 255 64 64
104.11960602 248.05073547 487.29058838 255 64 64
106.43590546 258.65036011 495.46035767 255 64 64
224.61045837 183.22630310 463.85437012 255 64 64
222.74479675 193.66030884 474.93902588 255 64 64
234.36779785 187.79266357 457.81619263 255 64 64
231.62384033 197.17379761 470.43640137 255 64 64
231.09022522 332.09240723 425.30224609 255 64 64
227.21592712 334.52484131 436.81277466 255 64 64
243.01747131 332.98632812 428.55404663 255 64 64
235.43426514 334.39144897 434.41076660 255 64 64
160.69003296 151.56278992 391.76144409 255 64 64
151.54312134 161.19473267 387.16668701 255 64 64
172.84648132 153.76551819 387.42932129 255 64 64
165.03398132 162.99760437 382.16616821 255 64 64
268.88684082 283.99908447 402.52575684 255 64 64
268.80404663 299.28573608 403.49536133 255 64 64
281.57159424 283.84823608 405.31420898 255 64 64
276.49499512 293.03613281 405.26333618 255 64 64
227.86734009 157.92495728 435.79129028 255 64 64
228.97093201 168.31637573 444.64718628 255 64 64
231.95147705 166.27215576 426.09072876 255 64 64
234.04568481 176.18328857 436.39462280 255 64 64
183.61970520 334.59918213 449.78713989 255 64 64
178.70820618 335.39215088 461.78979492 255 64 64
193.44062805 337.51260376 449.98709106 255 64 64
186.17793274 336.65405273 457.08447266 255 64 64
199.07035828 151.69906616 396.16665649 255 64 64
190.46052551 158.56280518 387.19009399 255 64 64
210.38925171 159.85462952 396.94268799 255 64 64
202.68322754 167.59378052 387.27999878 255 64 64
134.21771240 310.92529297 471.55831909 255 64 64
135.64498901 313.20788574 485.32836914 255 64 64
141.97488403 318.47412109 465.15213013 255 64 64
138.96261597 317.96246338 475.79196167 255 64 64
112.23667908 189.56903076 432.84393311 255 64 64
108.25235748 201.92422485 435.59439087 255 64 64
115.90433502 185.32444763 421.65634155 255 64 64
111.09901428 196.96511841 423.39401245 255 64 64
198.33255005 230.49627686 494.60955811 255 64 64
195.15643311 230.51013184 494.73724365 255 64 64
198.81646729 230.46533203 494.55661011 255 64 64
198.31724548 230.49951172 494.65252686 255 64 64
210.53450012 238.54791260 480.61389160 255 64 64
207.59112549 238.54782104 480.70913696 255 64 64
210.90266418 238.53788757 480.57434082 255 64 64
210.52206421 238.55702209 480.64535522 255 64 64
242.01397705 278.47225952 455.62188721 255 64 64
237.53334045 278.48413086 455.69064331 255 64 64
242.54924011 278.45474243 455.56518555 255 64 64
242.02665710 278.49316406 455.61114502 255 64 64
186.86470032 228.35864258 495.06707764 255 64 64
183.49639893 228.36651611 495.19134521 255 64 64
187.45404053 228.32409668 495.04052734 255 64 64
186.89654541 228.35688782 495.13214111 255 64 64
144.59112549 240.09309387 518.53778076 255 64 64
141.86631775 240.12344360 518.64239502 255 64 64
145.09857178 240.09294128 518.47283936 255 64 64
144.59942627 240.13777161 518.53491211 255 64 64
157.97160339 232.29342651 506.36486816 255 64 64
154.78198242 232.32476807 506.45297241 255 64 64
158.59143066 232.30725098 506.29144287 255 64 64
157.99301147 232.35707092 506.34948730 255 64 64
227.16165161 269.99258423 455.61825562 255 64 64
223.18566895 270.00195312 455.68981934 255 64 64
227.61930847 269.96752930 455.62301636 255 64 64
227.13043213 270.00933838 455.67474365 255 64 64
163.81900024 242.00360107 500.76373291 255 64 64
160.57373047 242.02774048 500.84967041 255 64 64
164.42915344 241.99948120 500.70816040 255 64 64
163.84822083 242.04324341 500.76583862 255 64 64
196.24658203 241.79611206 482.05859375 255 64 64
193.08970642 241.80036926 482.14163208 255 64 64
196.73870850 241.78361511 482.02932739 255 64 64
196.25502014 241.80961609 482.08935547 255 64 64
175.80831909 236.91052246 489.80917358 255 64 64
172.40856934 236.92814636 489.88497925 255 64 64
176.42820740 236.91236877 489.76153564 255 64 64
175.82928467 236.94857788 489.81069946 255 64 64
121.05385590 282.09796143 529.73291016 255 64 64
119.21799469 282.07196045 529.78601074 255 64 64
121.27263641 282.11279297 529.68408203 255 64 64
121.10154724 282.10317993 529.68658447 255 64 64
211.08686829 267.63818359 453.83700562 255 64 64
207.02163696 267.64926147 453.91195679 255 64 64
211.63032532 267.62316895 453.82846069 255 64 64
211.06387329 267.66821289 453.88003540 255 64 64
202.35015869 252.70803833 449.10165405 255 64 64
198.54898071 252.70921326 449.17846680 255 64 64
202.89509583 252.73490906 449.05722046 255 64 64
202.35342407 252.76228333 449.10977173 255 64 64
121.01522064 273.05328369 538.95294189 255 64 64
119.15111542 273.04446411 539.02111816 255 64 64
121.24253845 273.06121826 538.91662598 255 64 64
121.01540375 273.06829834 538.93328857 255 64 64
241.62451172 290.45623779 456.46435547 255 64 64
236.83213806 290.42465210 456.57427979 255 64 64
242.22033691 290.44720459 456.36871338 255 64 64
241.61611938 290.44967651 456.44311523 255 64 64
222.65695190 290.38616943 460.64294434 255 64 64
217.73048401 290.38009644 460.72207642 255 64 64
223.30464172 290.36270142 460.59487915 255 64 64
222.55947876 290.39819336 460.64138794 255 64 64
131.35432434 287.51907349 523.86724854 255 64 64
129.18608093 287.50061035 523.92163086 255 64 64
131.63972473 287.53012085 523.80340576 255 64 64
131.35653687 287.53366089 523.80981445 255 64 64
138.16690063 253.67446899 522.51776123 255 64 64
135.76361084 253.68870544 522.60345459 255 64 64
138.62780762 253.65550232 522.46612549 255 64 64
138.24725342 253.68698120 522.50811768 255 64 64
219.86141968 257.44976807 442.05850220 255 64 64
216.10647583 257.44146729 442.14151001 255 64 64
220.34597778 257.43920898 442.04357910 255 64 64
219.92893982 257.45968628 442.09594727 255 64 64
199.73245239 270.47180176 460.07901001 255 64 64
195.55700684 270.47000122 460.17932129 255 64 64
200.36047363 270.42474365 460.04757690 255 64 64
199.66468811 270.46420288 460.11968994 255 64 64
219.22450256 313.84561157 461.55422974 255 64 64
213.34428406 313.84478760 461.61709595 255 64 64
219.96385193 313.83886719 461.46487427 255 64 64
219.11380005 313.88803101 461.49499512 255 64 64
189.38299561 243.63458252 470.85766602 255 64 64
186.25529480 243.61843872 470.95117188 255 64 64
189.87719727 243.61627197 470.84881592 255 64 64
189.39598083 243.62983704 470.91589355 255 64 64
235.74890137 319.54748535 468.03210449 255 64 64
230.22042847 319.53112793 468.04833984 255 64 64
236.31037903 319.52850342 468.04116821 255 64 64
235.58723450 319.56472778 468.03588867 255 64 64
207.52813721 299.71319580 466.00170898 255 64 64
202.28356934 299.68948364 466.09014893 255 64 64
208.26333618 299.70968628 465.87673950 255 64 64
207.40211487 299.72979736 465.92449951 255 64 64
154.88151550 254.76686096 504.55175781 255 64 64
152.19607544 254.79324341 504.61816406 255 64 64
155.33552551 254.74290466 504.53500366 255 64 64
154.90054321 254.78613281 504.56530762 255 64 64
246.31875610 308.50073242 457.20425415 255 64 64
241.03376770 308.43280029 457.28787231 255 64 64
246.91276550 308.48373413 457.11380005 255 64 64
246.30865479 308.47073364 457.16213989 255 64 64
213.26283264 283.61184692 460.09710693 255 64 64
208.59213257 283.59408569 460.18191528 255 64 64
213.89320374 283.59063721 460.05557251 255 64 64
213.15161133 283.61788940 460.11734009 255 64 64
221.20982361 272.18478394 428.34451294 255 64 64
217.04402161 272.14157104 428.40240479 255 64 64
221.76606750 272.19265747 428.32907104 255 64 64
221.33479309 272.18960571 428.36206055 255 64 64
180.03443909 249.55667114 485.04898071 255 64 64
177.01095581 249.56184387 485.12066650 255 64 64
180.52406311 249.53027344 485.04553223 255 64 64
180.02546692 249.56240845 485.09344482 255 64 64
187.16175842 267.64343262 458.99578857 255 64 64
183.02270508 267.64968872 459.08346558 255 64 64
187.83485413 267.63958740 458.93887329 255 64 64
187.12332153 267.67739868 458.99902344 255 64 64
197.00137329 241.79513550 445.50942993 255 64 64
193.95184326 241.79150391 445.57733154 255 64 64
197.48799133 241.80191040 445.50747681 255 64 64
197.15867615 241.82238770 445.54946899 255 64 64
200.88745117 314.65136719 474.03588867 255 64 64
195.61920166 314.64056396 474.05133057 255 64 64
201.59564209 314.61148071 473.93609619 255 64 64
200.71942139 314.65249634 473.92822266 255 64 64
198.73402405 236.61460876 458.07400513 255 64 64
196.02407837 236.59463501 458.15805054 255 64 64
199.12483215 236.59904480 458.08377075 255 64 64
198.82461548 236.60232544 458.14163208 255 64 64
152.13232422 265.46411133 484.67526245 255 64 64
149.27281189 265.48498535 484.71359253 255 64 64
152.59912109 265.49169922 484.62319946 255 64 64
152.19978333 265.53002930 484.62548828 255 64 64
165.81916809 255.96282959 490.56109619 255 64 64
162.94667053 255.96862793 490.60769653 255 64 64
166.28337097 255.94360352 490.52026367 255 64 64
165.82298279 255.97363281 490.53924561 255 64 64
131.71737671 256.92752075 532.19189453 255 64 64
129.47326660 256.93151855 532.24493408 255 64 64
132.13287354 256.91369629 532.11962891 255 64 64
131.76174927 256.93771362 532.13500977 255 64 64
200.83456421 284.90667725 464.55725098 255 64 64
195.98080444 284.89279175 464.65591431 255 64 64
201.56748962 284.87719727 464.46475220 255 64 64
200.68984985 284.90466309 464.53335571 255 64 64
185.91450500 238.19262695 443.45138550 255 64 64
182.57960510 238.19226074 443.52029419 255 64 64
186.52026367 238.21681213 443.43801880 255 64 64
186.07612610 238.23924255 443.48110962 255 64 64
232.27578735 308.44869995 463.29748535 255 64 64
227.02543640 308.39810181 463.42068481 255 64 64
232.86010742 308.43649292 463.25039673 255 64 64
232.13841248 308.44363403 463.32620239 255 64 64
233.61503601 332.53619385 485.35089111 255 64 64
227.39994812 332.49911499 485.44772339 255 64 64
234.31336975 332.53894043 485.31161499 255 64 64
233.40261841 332.55725098 485.35653687 255 64 64
111.46436310 268.24230957 520.75787354 255 64 64
109.99197388 268.22888184 520.79943848 255 64 64
111.59915161 268.26977539 520.77252197 255 64 64
111.51766968 268.26364136 520.76269531 255 64 64
178.23544312 296.99493408 477.66702271 255 64 64
173.77284241 296.99389648 477.74221802 255 64 64
178.94874573 296.98706055 477.55041504 255 64 64
178.19174194 297.02755737 477.58758545 255 64 64
166.19194031 313.48376465 491.18218994 255 64 64
162.05075073 313.45867920 491.21697998 255 64 64
166.81153870 313.44628906 491.10235596 255 64 64
166.14126587 313.46749878 491.10742188 255 64 64
184.91662598 278.20434570 468.20092773 255 64 64
180.61796570 278.21755981 468.26882935 255 64 64
185.61404419 278.18991089 468.12344360 255 64 64
184.84332275 278.23574829 468.16348267 255 64 64
157.22991943 304.56265259 495.19036865 255 64 64
153.75114441 304.53399658 495.22656250 255 64 64
157.73965454 304.54400635 495.10180664 255 64 64
157.18927002 304.55679321 495.10592651 255 64 64
168.80191040 253.14752197 475.11654663 255 64 64
165.56747437 253.15565491 475.16412354 255 64 64
169.36024475 253.16149902 475.05886841 255 64 64
168.82513428 253.19465637 475.07928467 255 64 64
157.57232666 322.65289307 500.80001831 255 64 64
153.76486206 322.60491943 500.83660889 255 64 64
158.14636230 322.65777588 500.72113037 255 64 64
157.54452515 322.65603638 500.71878052 255 64 64
145.04145813 289.96127319 499.55236816 255 64 64
142.27380371 289.94787598 499.62292480 255 64 64
145.40939331 289.95697021 499.46533203 255 64 64
145.01361084 289.97277832 499.48904419 255 64 64
167.53799438 336.67901611 492.13000488 255 64 64
163.42427063 336.62060547 492.17889404 255 64 64
168.07579041 336.73101807 492.07321167 255 64 64
167.52499390 336.71685791 492.06988525 255 64 64
122.04808044 291.32843018 509.86746216 255 64 64
120.11905670 291.29180908 509.91992188 255 64 64
122.30368042 291.36932373 509.85079956 255 64 64
122.13998413 291.34875488 509.85269165 255 64 64
245.34973145 340.21548462 449.95330811 255 64 64
239.36813354 340.13159180 450.01788330 255 64 64
245.97227478 340.25732422 449.92761230 255 64 64
245.36555481 340.23776245 449.94476318 255 64 64
249.81196594 340.14053345 467.56109619 255 64 64
243.98355103 340.07403564 467.62396240 255 64 64
250.40568542 340.16387939 467.51296997 255 64 64
249.82025146 340.14294434 467.53207397 255 64 64
235.61558533 334.72021484 433.94311523 255 64 64
229.54527283 334.65179443 434.02307129 255 64 64
236.26104736 334.73297119 433.94317627 255 64 64
235.55638123 334.73754883 433.97341919 255 64 64
184.98219299 316.97000122 481.97619629 255 64 64
179.99626160 316.92895508 482.00430298 255 64 64
185.71174622 316.93066406 481.87042236 255 64 64
184.87094116 316.94564819 481.86791992 255 64 64
138.04560852 281.35916138 514.49548340 255 64 64
135.50228882 281.34307861 514.55340576 255 64 64
138.45492554 281.37057495 514.39782715 255 64 64
138.05264282 281.38140869 514.41516113 255 64 64
156.83792114 281.00851440 472.09780884 255 64 64
153.60963440 281.02258301 472.17108154 255 64 64
157.32635498 281.02999878 472.03210449 255 64 64
156.87600708 281.07116699 472.06451416 255 64 64
228.66891479 326.52795410 421.87783813 255 64 64
222.53901672 326.47842407 421.97048950 255 64 64
229.42459106 326.49328613 421.86044312 255 64 64
228.64161682 326.51745605 421.90731812 255 64 64
237.20866394 339.27935791 467.83181763 255 64 64
231.14404297 339.18371582 467.90136719 255 64 64
237.93698120 339.29910278 467.76928711 255 64 64
237.22695923 339.26290894 467.78997803 255 64 64
156.95272827 330.97555542 484.86419678 255 64 64
153.10977173 330.86816406 484.95117188 255 64 64
157.53153992 331.01663208 484.80139160 255 64 64
157.00947571 330.96142578 484.83120728 255 64 64
142.53294373 270.81387329 512.42889404 255 64 64
139.91668701 270.82369995 512.50048828 255 64 64
142.96891785 270.83706665 512.33892822 255 64 64
142.57217407 270.86700439 512.36236572 255 64 64
206.32403564 334.62884521 461.33264160 255 64 64
200.45809937 334.54269409 461.37719727 255 64 64
207.10485840 334.62081909 461.26074219 255 64 64
206.28880310 334.60339355 461.26144409 255 64 64
217.79812622 337.11395264 470.27105713 255 64 64
211.90364075 337.03604126 470.33135986 255 64 64
218.49276733 337.11715698 470.22994995 255 64 64
217.64407349 337.10882568 470.23941040 255 64 64
118.81849670 281.40594482 516.42980957 255 64 64
117.03809357 281.38375854 516.45831299 255 64 64
119.03506470 281.43194580 516.41796875 255 64 64
118.86582184 281.42388916 516.40100098 255 64 64
183.63825989 335.20678711 489.03201294 255 64 64
178.52772522 335.15924072 489.07913208 255 64 64
184.38357544 335.21188354 488.92218018 255 64 64
183.56507874 335.21932983 488.92510986 255 64 64
299.03485107 262.91519165 419.64910889 255 64 64
296.54565430 277.49441528 421.32778931 255 64 64
311.25738525 265.15341187 409.52999878 255 64 64
308.41110229 279.60958862 413.02673340 255 64 64
295.62411499 236.50839233 397.42953491 255 64 64
297.60620117 251.92990112 398.28869629 255 64 64
312.66397095 247.60014343 396.32934570 255 64 64
314.07617188 263.44281006 399.46252441 255 64 64
282.08593750 255.81442261 432.44912720 255 64 64
276.14373779 265.29968262 440.29354858 255 64 64
293.66387939 259.14718628 423.82983398 255 64 64
287.60815430 268.47393799 431.98538208 255 64 64
290.27105713 296.85202026 429.24319458 255 64 64
283.79061890 308.82394409 433.69717407 255 64 64
301.65502930 296.33004761 419.02331543 255 64 64
296.06774902 307.58267212 423.96231079 255 64 64
265.47906494 246.83799744 442.55426025 255 64 64
260.99313354 253.94068909 451.67987061 255 64 64
274.11608887 251.11955261 433.93496704 255 64 64
269.41607666 257.70764160 443.62368774 255 64 64
273.73635864 280.27975464 438.27584839 255 64 64
265.90258789 289.42666626 443.94592285 255 64 64
284.97244263 284.55865479 431.11398315 255 64 64
277.31848145 293.58251953 437.12716675 255 64 64
263.12814331 231.65220642 423.43353271 255 64 64
264.62109375 238.17523193 432.41717529 255 64 64
273.74020386 236.75799561 416.21014404 255 64 64
276.54211426 242.04953003 426.05267334 255 64 64
255.15505981 221.31253052 450.77606201 255 64 64
253.84933472 226.73182678 462.55157471 255 64 64
263.57385254 228.25552368 441.35470581 255 64 64
262.97467041 231.73471069 453.52532959 255 64 64
250.24446106 211.81338501 431.25784302 255 64 64
252.65185547 217.64436340 440.54672241 255 64 64
256.43032837 219.72407532 422.10855103 255 64 64
260.92333984 222.74307251 432.10012817 255 64 64
260.82751465 264.89965820 453.45199585 255 64 64
252.92985535 272.32177734 458.86419678 255 64 64
270.19091797 270.84124756 447.29333496 255 64 64
262.05783081 277.99600220 453.17990112 255 64 64
249.53228760 235.38928223 464.89984131 255 64 64
242.61415100 241.31370544 472.84008789 255 64 64
259.50494385 242.18261719 458.85708618 255 64 64
252.23898315 247.24642944 466.85177612 255 64 64
279.07299805 266.81198120 406.87869263 255 64 64
281.06964111 282.38488770 406.97363281 255 64 64
294.56829834 275.12603760 409.30856323 255 64 64
295.68148804 290.42687988 410.77844238 255 64 64
280.93606567 324.44271851 427.89636230 255 64 64
277.58819580 331.77728271 440.48342896 255 64 64
293.94250488 319.71072388 423.29571533 255 64 64
291.10388184 325.74871826 435.22027588 255 64 64
266.24328613 315.70867920 451.35336304 255 64 64
258.48754883 323.43243408 460.64932251 255 64 64
278.41629028 318.89447021 442.92098999 255 64 64
271.01074219 325.99243164 451.94723511 255 64 64
257.51397705 295.33676147 451.93777466 255 64 64
249.27795410 303.33145142 457.79830933 255 64 64
267.11395264 300.86920166 445.82641602 255 64 64
258.87796021 308.64736938 452.01110840 255 64 64
264.44805908 233.86322021 405.65075684 255 64 64
266.76483154 247.63800049 402.66369629 255 64 64
276.73522949 242.19622803 407.32467651 255 64 64
280.45693970 256.04672241 405.09060669 255 64 64
248.31854248 217.94720459 414.03225708 255 64 64
252.79144287 226.41864014 415.02114868 255 64 64
257.29748535 228.22860718 408.44262695 255 64 64
265.36785889 233.83363342 410.72225952 255 64 64
244.26797485 277.08862305 458.62374878 255 64 64
235.54220581 283.97839355 461.63327026 255 64 64
253.08837891 283.60574341 456.23913574 255 64 64
243.94856262 290.42926025 460.05310059 255 64 64
266.19122314 293.66119385 403.61126709 255 64 64
269.24807739 307.61578369 408.05694580 255 64 64
281.83160400 297.69995117 409.59838867 255 64 64
284.33419800 311.83435059 413.90567017 255 64 64
233.75056458 189.61390686 450.87069702 255 64 64
231.80157471 196.21737671 460.55706787 255 64 64
237.94694519 203.28636169 440.73245239 255 64 64
237.38412476 205.96998596 451.42434692 255 64 64
230.02709961 223.14173889 466.84347534 255 64 64
227.39788818 227.33071899 479.77124023 255 64 64
240.06922913 231.88465881 461.74243164 255 64 64
238.40979004 232.73936462 473.83734131 255 64 64
238.01998901 189.25013733 426.91506958 255 64 64
239.83529663 197.36784363 432.54672241 255 64 64
237.12860107 205.99661255 413.60400391 255 64 64
241.41577148 209.63194275 421.38812256 255 64 64
222.28558350 197.62573242 467.72125244 255 64 64
218.28823853 203.50521851 479.38323975 255 64 64
231.27987671 209.30735779 463.13598633 255 64 64
227.63862610 212.09613037 474.27032471 255 64 64
228.72579956 164.86154175 441.66699219 255 64 64
226.30287170 173.56362915 449.82730103 255 64 64
235.89828491 179.05982971 433.32452393 255 64 64
233.82449341 184.51815796 442.84527588 255 64 64
240.39721680 254.94889832 454.43386841 255 64 64
231.78265381 261.32049561 457.59600830 255 64 64
250.41007996 260.72073364 453.15475464 255 64 64
241.12356567 266.24414062 456.96755981 255 64 64
214.09925842 217.37701416 488.49700928 255 64 64
205.52491760 222.58927917 499.12030029 255 64 64
225.17445374 225.38587952 485.43304443 255 64 64
217.58909607 228.30668640 494.63912964 255 64 64
241.21229553 311.71221924 463.98950195 255 64 64
232.60955811 317.78924561 469.91278076 255 64 64
250.66087341 318.71939087 460.72799683 255 64 64
241.78131104 324.27944946 467.42373657 255 64 64
229.01356506 219.38691711 446.19076538 255 64 64
230.37785339 224.82986450 456.16577148 255 64 64
236.98545837 231.06388855 437.99261475 255 64 64
241.24661255 231.29345703 449.09384155 255 64 64
251.18212891 336.24661255 438.91180420 255 64 64
249.99307251 338.17727661 453.13140869 255 64 64
265.76052856 335.37713623 441.67056274 255 64 64
263.57324219 336.38592529 455.94219971 255 64 64
231.44018555 164.18013000 419.04815674 255 64 64
235.83264160 174.80342102 420.80548096 255 64 64
233.61511230 183.82730103 411.02392578 255 64 64
238.38139343 191.06484985 415.17266846 255 64 64
252.24490356 260.60360718 396.42013550 255 64 64
254.16275024 274.69543457 396.67477417 255 64 64
263.62530518 264.89077759 401.64837646 255 64 64
265.65621948 278.73181152 401.69171143 255 64 64
196.31175232 195.12489319 482.36437988 255 64 64
187.65579224 201.88688660 492.34884644 255 64 64
211.14886475 202.89273071 482.15853882 255 64 64
202.49171448 207.84739685 490.71630859 255 64 64
203.95390320 170.58248901 464.14389038 255 64 64
196.49394226 177.86264038 474.17568970 255 64 64
217.87063599 181.24600220 460.94979858 255 64 64
210.45089722 186.33050537 470.97448730 255 64 64
224.42265320 288.22415161 463.29287720 255 64 64
215.49340820 294.66912842 466.09658813 255 64 64
232.72372437 296.02246094 462.48770142 255 64 64
223.47508240 302.46978760 466.07571411 255 64 64
229.55981445 213.51808167 430.17303467 255 64 64
231.64364624 220.67047119 436.99655151 255 64 64
233.98538208 228.74143982 419.42434692 255 64 64
240.21029663 229.92620850 428.57125854 255 64 64
243.25769043 235.93582153 394.69378662 255 64 64
244.33807373 249.04812622 391.59790039 255 64 64
252.36437988 242.65995789 399.55715942 255 64 64
255.75485229 254.99385071 396.90429688 255 64 64
217.19041443 233.57989502 467.33798218 255 64 64
214.05667114 237.54646301 479.51336670 255 64 64
226.86669922 238.38665771 461.22662354 255 64 64
224.16653442 238.43870544 472.58099365 255 64 64
247.95654297 319.61785889 410.24548340 255 64 64
250.22315979 327.28131104 420.48077393 255 64 64
263.66079712 320.87716675 415.98776245 255 64 64
265.22589111 328.41992188 426.65835571 255 64 64
179.82791138 175.69302368 477.87844849 255 64 64
172.77136230 183.21214294 489.12399292 255 64 64
194.91583252 184.51342773 475.65914917 255 64 64
186.68692017 189.76119995 485.93939209 255 64 64
216.51197815 264.06979370 456.18530273 255 64 64
207.35560608 270.26867676 459.58758545 255 64 64
225.71093750 270.72354126 455.94100952 255 64 64
215.80928040 276.46636963 459.82418823 255 64 64
195.94740295 231.38128662 497.67941284 255 64 64
183.88085938 238.07112122 501.15209961 255 64 64
208.44927979 235.18565369 490.86108398 255 64 64
197.10200500 240.66897583 494.20614624 255 64 64
226.60173035 214.98500061 412.04248047 255 64 64
227.43559265 225.66743469 412.14892578 255 64 64
229.51603699 231.16598511 405.17282104 255 64 64
235.81666565 236.72605896 407.70443726 255 64 64
169.68966675 205.39091492 498.72991943 255 64 64
159.33135986 213.77833557 506.15200806 255 64 64
184.38008118 210.90130615 496.00073242 255 64 64
174.14955139 218.60140991 502.10855103 255 64 64
214.81141663 317.86526489 471.33648682 255 64 64
204.46731567 322.39376831 475.61657715 255 64 64
224.58886719 324.57092285 470.86068726 255 64 64
214.37016296 328.54296875 475.72631836 255 64 64
227.03788757 176.80030823 406.92718506 255 64 64
228.80624390 189.26907349 400.43493652 255 64 64
232.29962158 194.01051331 406.54864502 255 64 64
235.52091980 203.69923401 402.75390625 255 64 64
239.67144775 300.22326660 395.63861084 255 64 64
242.44793701 311.11154175 402.79574585 255 64 64
253.51602173 300.90231323 401.68371582 255 64 64
255.73324585 312.16912842 408.63973999 255 64 64
213.11737061 249.31785583 446.41082764 255 64 64
209.96588135 255.44812012 453.96069336 255 64 64
222.91020203 254.26986694 443.11380005 255 64 64
218.89984131 258.66647339 451.58877563 255 64 64
238.14479065 279.19201660 387.91885376 255 64 64
239.64099121 291.96832275 391.51989746 255 64 64
248.78286743 279.94793701 395.11383057 255 64 64
249.85644531 292.39065552 398.09024048 255 64 64
218.99212646 254.80694580 435.43261719 255 64 64
216.13755798 262.01138306 440.90515137 255 64 64
227.25888062 259.71755981 433.01525879 255 64 64
223.88497925 266.36834717 439.71572876 255 64 64
218.90428162 336.08367920 446.45339966 255 64 64
218.25363159 337.04513550 460.17138672 255 64 64
232.48283386 337.06127930 453.01666260 255 64 64
231.17932129 337.00537109 466.56903076 255 64 64
158.75405884 191.56170654 500.28674316 255 64 64
150.88714600 199.90419006 510.85559082 255 64 64
172.52410889 196.56814575 494.05471802 255 64 64
163.61853027 203.91571045 503.50448608 255 64 64
197.84017944 294.79214478 469.74389648 255 64 64
188.93934631 301.38140869 474.18249512 255 64 64
205.56750488 304.57550049 468.86581421 255 64 64
196.47500610 311.23101807 473.64453125 255 64 64
195.47419739 272.82156372 465.41989136 255 64 64
185.97476196 279.20028687 469.08126831 255 64 64
203.93969727 281.48641968 465.60873413 255 64 64
194.01675415 287.93313599 469.51113892 255 64 64
221.16291809 199.66049194 394.80389404 255 64 64
221.25607300 212.31852722 387.68225098 255 64 64
227.40615845 213.08038330 395.92535400 255 64 64
230.16313171 223.06011963 390.75094604 255 64 64
229.46516418 255.48361206 378.94119263 255 64 64
230.67419434 268.84671021 379.25238037 255 64 64
237.97976685 258.73922729 386.55368042 255 64 64
239.22486877 271.01159668 387.13702393 255 64 64
144.53919983 218.91253662 519.23828125 255 64 64
135.37454224 228.25819397 527.72033691 255 64 64
155.28315735 227.63963318 512.27166748 255 64 64
145.46667480 236.64930725 519.06323242 255 64 64
217.33119202 272.43118286 434.39868164 255 64 64
212.76248169 279.60250854 439.61569214 255 64 64
223.88024902 277.34445190 431.81149292 255 64 64
218.16165161 284.55834961 437.95596313 255 64 64
220.09762573 327.51641846 418.18399048 255 64 64
221.19573975 331.02636719 430.41613770 255 64 64
233.59854126 327.71664429 424.37341309 255 64 64
234.21696472 330.79360962 436.69073486 255 64 64
223.25830078 225.80465698 382.81082153 255 64 64
223.76986694 238.67562866 377.56069946 255 64 64
230.92616272 234.29145813 387.35812378 255 64 64
233.19987488 245.55119324 383.43884277 255 64 64
192.16299438 248.64826965 459.95135498 255 64 64
186.69757080 254.70283508 466.79144287 255 64 64
200.38008118 253.76856995 453.14205933 255 64 64
193.31050110 258.30090332 460.34173584 255 64 64
196.20352173 229.15489197 457.07196045 255 64 64
196.65127563 232.24014282 466.62817383 255 64 64
204.39279175 236.29545593 452.39440918 255 64 64
205.41217041 235.85714722 462.18957520 255 64 64
219.47477722 315.08743286 398.07366943 255 64 64
220.83937073 321.52294922 408.13150024 255 64 64
232.52261353 314.20684814 404.32461548 255 64 64
233.22082520 320.64471436 414.23101807 255 64 64
175.56204224 306.93203735 481.35171509 255 64 64
167.06105042 312.63641357 487.48437500 255 64 64
184.18489075 318.19473267 482.11181641 255 64 64
175.60935974 323.82281494 488.36630249 255 64 64
169.05084229 245.94631958 502.58172607 255 64 64
158.41336060 253.40864563 506.32916260 255 64 64
173.20079041 247.64938354 487.46307373 255 64 64
162.18948364 255.42520142 490.74707031 255 64 64
211.41888428 164.66752625 393.17962646 255 64 64
210.24684143 177.06057739 385.79064941 255 64 64
220.78199768 175.48008728 394.90560913 255 64 64
220.37445068 187.15859985 389.04980469 255 64 64
217.64173889 296.81860352 382.26177979 255 64 64
218.43818665 306.68951416 389.77142334 255 64 64
229.31552124 294.78622437 390.07189941 255 64 64
229.62405396 304.93157959 396.89776611 255 64 64
138.94601440 252.49537659 523.33148193 255 64 64
129.92922974 261.10757446 531.64318848 255 64 64
143.96426392 262.55081177 513.30084229 255 64 64
134.60914612 271.14172363 519.92681885 255 64 64
194.58576965 331.37179565 427.62487793 255 64 64
195.76580811 333.51422119 440.83181763 255 64 64
207.12609863 331.86428833 433.38604736 255 64 64
207.49748230 333.24722290 446.59298706 255 64 64
165.61543274 274.08737183 473.50729370 255 64 64
155.90068054 280.87304688 478.74322510 255 64 64
171.74096680 284.20553589 470.32354736 255 64 64
162.33380127 291.67022705 475.04992676 255 64 64
178.94953918 332.02630615 446.48889160 255 64 64
180.64064026 334.26275635 459.87091064 255 64 64
191.35974121 334.33935547 451.59942627 255 64 64
192.03709412 335.50607300 465.20858765 255 64 64
211.92137146 274.52627563 369.46295166 255 64 64
212.87574768 286.98083496 372.69253540 255 64 64
222.80076599 276.05764771 376.00491333 255 64 64
223.14450073 288.02484131 379.55273438 255 64 64
207.80564880 190.13975525 384.03863525 255 64 64
206.70643616 202.55645752 377.20330811 255 64 64
216.66369629 199.18728638 385.59307861 255 64 64
216.86125183 211.00659180 380.08566284 255 64 64
184.64506531 235.68443298 450.43063354 255 64 64
185.48817444 239.93611145 458.59564209 255 64 64
192.62081909 242.09803772 446.28305054 255 64 64
193.61808777 244.44213867 454.80059814 255 64 64
142.09277344 281.96374512 497.10684204 255 64 64
135.95303345 288.43472290 507.68753052 255 64 64
146.91642761 296.36196899 490.50189209 255 64 64
141.44331360 303.06127930 500.00369263 255 64 64
196.13371277 325.28085327 403.23388672 255 64 64
196.70524597 328.67782593 414.94079590 255 64 64
208.78036499 324.66452026 409.43634033 255 64 64
208.70259094 327.83377075 421.03912354 255 64 64
207.32957458 247.03703308 368.23028564 255 64 64
208.55368042 260.33862305 366.16241455 255 64 64
217.80557251 252.20672607 372.43286133 255 64 64
219.62265015 264.44125366 371.34289551 255 64 64
205.14192200 217.94958496 376.37875366 255 64 64
204.99316406 230.71644592 370.52529907 255 64 64
214.44883728 225.65797424 378.36026001 255 64 64
215.77911377 237.74934387 373.64779663 255 64 64
185.62643433 160.96711731 384.03982544 255 64 64
184.04803467 174.00845337 377.53097534 255 64 64
196.34628296 169.21969604 383.47976685 255 64 64
195.22311401 181.90374756 377.83572388 255 64 64
192.75627136 312.69793701 381.90451050 255 64 64
193.39294434 320.24072266 391.06326294 255 64 64
206.11627197 312.34539795 387.80053711 255 64 64
206.13740540 320.20285034 397.07049561 255 64 64
190.62864685 291.71398926 369.41680908 255 64 64
192.55693054 303.40197754 374.30969238 255 64 64
203.89653015 294.28521729 372.73959351 255 64 64
205.00321960 305.95666504 378.42742920 255 64 64
169.11354065 324.56457520 415.45422363 255 64 64
171.40145874 327.91598511 427.49237061 255 64 64
180.56256104 328.10052490 418.28393555 255 64 64
182.35597229 330.74627686 430.93252563 255 64 64
144.24937439 317.58135986 456.96194458 255 64 64
148.28456116 321.62954712 467.81234741 255 64 64
155.29971313 324.67456055 457.73858643 255 64 64
158.81912231 327.95382690 469.75778198 255 64 64
185.74052429 191.31802368 376.35510254 255 64 64
184.79486084 204.47290039 370.65304565 255 64 64
195.84965515 198.19120789 376.68750000 255 64 64
195.76136780 211.01722717 371.85379028 255 64 64
154.33795166 320.57904053 435.42788696 255 64 64
157.46340942 324.09252930 447.11114502 255 64 64
165.04995728 326.30474854 437.36267090 255 64 64
167.56440735 328.97238159 449.96392822 255 64 64
186.42784119 266.19918823 364.87191772 255 64 64
188.91390991 279.52441406 365.40173340 255 64 64
199.48100281 270.50881958 366.17718506 255 64 64
202.01260376 283.13372803 367.48382568 255 64 64
169.43412781 317.81912231 393.17135620 255 64 64
171.19798279 323.71398926 403.28356934 255 64 64
181.55627441 322.36892700 394.79086304 255 64 64
182.65054321 327.96685791 406.05297852 255 64 64
183.95951843 216.39630127 370.35137939 255 64 64
184.20588684 230.06225586 365.87255859 255 64 64
195.02761841 222.85545349 370.48507690 255 64 64
196.03021240 236.30136108 366.80239868 255 64 64
123.37544250 297.41958618 469.68579102 255 64 64
127.62002563 303.47769165 478.85162354 255 64 64
132.07873535 308.41314697 466.56311035 255 64 64
136.39428711 314.05603027 477.06338501 255 64 64
183.25624084 242.21041870 365.16601562 255 64 64
185.03723145 255.76280212 362.71606445 255 64 64
195.22932434 247.14114380 365.67413330 255 64 64
197.77571106 260.42617798 363.93542480 255 64 64
110.64760590 274.25537109 491.44738770 255 64 64
114.97381592 281.70822144 499.96023560 255 64 64
115.64634705 286.82467651 482.39514160 255 64 64
120.22453308 293.46127319 491.79757690 255 64 64
166.47605896 297.73071289 378.33187866 255 64 64
168.84027100 308.26879883 384.10961914 255 64 64
178.92056274 303.56936646 377.30267334 255 64 64
181.01150513 314.01519775 384.27758789 255 64 64
163.59043884 168.88845825 380.08508301 255 64 64
162.10075378 182.58279419 373.99499512 255 64 64
174.16433716 176.14257812 377.06488037 255 64 64
173.32247925 189.64053345 371.37704468 255 64 64
149.40545654 310.75192261 413.39108276 255 64 64
152.05358887 316.10968018 424.08770752 255 64 64
159.02969360 318.12786865 413.53927612 255 64 64
161.65830994 322.79125977 425.32189941 255 64 64
164.58386230 274.81729126 371.05822754 255 64 64
167.49047852 287.47534180 373.06045532 255 64 64
177.39686584 280.33181763 369.04772949 255 64 64
180.66429138 292.41018677 371.82952881 255 64 64
101.63674164 245.25012207 483.26818848 255 64 64
104.09027100 254.50114441 491.09722900 255 64 64
103.83296967 255.17781067 473.74389648 255 64 64
106.55858612 264.33181763 481.84741211 255 64 64
134.01882935 302.57034302 433.55224609 255 64 64
136.98342896 308.29721069 443.65737915 255 64 64
142.52101135 310.89031982 432.59402466 255 64 64
145.50926208 315.97009277 443.73309326 255 64 64
119.94593811 288.86889648 448.76675415 255 64 64
122.93299866 295.71133423 457.49960327 255 64 64
127.04153442 298.29025269 445.72528076 255 64 64
130.32197571 304.84167480 455.51098633 255 64 64
108.75244904 268.40783691 464.79098511 255 64 64
111.76198578 276.49240112 472.79513550 255 64 64
113.68878937 279.16006470 458.35314941 255 64 64
116.93373871 287.11215210 467.16171265 255 64 64
160.10444641 195.97427368 373.53839111 255 64 64
159.71583557 210.07556152 368.47515869 255 64 64
170.67190552 202.53935242 371.01000977 255 64 64
171.03767395 216.55783081 366.44247437 255 64 64
147.52685547 299.19760132 395.82952881 255 64 64
149.86386108 307.73645020 403.71301270 255 64 64
157.03517151 307.07754517 393.41976929 255 64 64
159.63302612 315.25201416 402.52883911 255 64 64
144.16656494 160.45132446 391.87240601 255 64 64
141.33447266 173.71032715 385.63095093 255 64 64
152.08374023 166.61236572 384.43374634 255 64 64
150.38674927 180.21916199 377.78768921 255 64 64
160.67051697 249.99925232 368.61386108 255 64 64
163.07376099 263.48538208 367.60195923 255 64 64
172.89439392 255.18905640 366.13311768 255 64 64
176.30377197 268.46697998 365.73706055 255 64 64
101.33019257 225.25279236 468.48135376 255 64 64
101.69086456 235.89263916 475.28118896 255 64 64
102.32501984 233.63548279 458.58795166 255 64 64
102.88420868 244.76036072 465.71432495 255 64 64
158.63812256 224.93870544 369.50317383 255 64 64
159.63798523 238.85545349 366.65869141 255 64 64
170.10429382 230.75903320 367.05499268 255 64 64
172.03080750 244.66159058 364.71087646 255 64 64
104.82313538 200.51461792 459.26678467 255 64 64
103.48310089 212.14581299 464.46664429 255 64 64
105.01468658 207.56526184 448.81326294 255 64 64
103.83775330 219.72171021 453.84924316 255 64 64
144.70660400 277.52398682 384.28173828 255 64 64
147.29557800 289.42016602 388.13946533 255 64 64
155.09150696 284.92370605 379.98687744 255 64 64
158.24182129 296.51705933 384.82650757 255 64 64
129.81802368 290.17965698 414.25170898 255 64 64
132.07754517 297.85491943 422.78109741 255 64 64
136.98104858 299.30526733 411.32321167 255 64 64
139.75636292 306.45764160 421.10418701 255 64 64
106.24213409 253.63813782 451.50006104 255 64 64
108.01662445 262.94830322 458.70922852 255 64 64
109.91385651 262.92761230 444.74514771 255 64 64
112.06571960 272.37734985 452.80136108 255 64 64
116.00360870 275.65454102 432.26724243 255 64 64
118.13240814 283.55459595 440.36126709 255 64 64
121.44952393 284.91561890 428.12673950 255 64 64
124.11007690 292.50808716 437.35174561 255 64 64
139.27917480 186.26899719 381.87847900 255 64 64
138.18238831 200.17153931 377.18908691 255 64 64
148.35214233 192.46788025 376.04840088 255 64 64
148.39724731 206.30891418 371.34243774 255 64 64
111.14446259 185.19010925 439.35778809 255 64 64
108.24317169 197.66360474 440.50531006 255 64 64
111.68213654 191.04356384 428.71636963 255 64 64
109.20257568 204.04229736 429.05883789 255 64 64
141.42674255 255.03407288 379.04693604 255 64 64
143.92996216 268.27886963 379.91619873 255 64 64
152.20500183 261.55740356 374.07516479 255 64 64
155.63568115 274.72885132 375.58526611 255 64 64
125.85559082 169.60769653 408.03802490 255 64 64
122.66149902 182.63011169 403.69290161 255 64 64
129.91265869 175.24349976 398.20675659 255 64 64
127.92686462 188.56637573 393.02288818 255 64 64
128.84382629 274.38549805 400.12646484 255 64 64
130.83657837 285.03955078 405.71847534 255 64 64
136.11628723 283.13128662 395.42495728 255 64 64
138.72833252 293.69067383 402.26739502 255 64 64
104.47711182 227.55076599 443.48822021 255 64 64
104.66668701 238.05574036 448.92764282 255 64 64
106.38357544 235.41529846 435.00735474 255 64 64
106.81884766 246.64428711 440.82531738 255 64 64
136.48361206 209.63313293 378.13311768 255 64 64
137.17906189 223.83853149 375.11294556 255 64 64
146.73542786 215.91482544 372.59906006 255 64 64
148.39103699 230.06106567 369.76699829 255 64 64
117.48575592 266.18496704 415.00881958 255 64 64
119.04923248 275.69387817 421.59338379 255 64 64
122.56745148 275.10150146 409.94677734 255 64 64
124.75185394 284.52285767 417.61495972 255 64 64
134.82682800 233.39001465 378.12838745 255 64 64
136.58830261 247.18373108 377.17239380 255 64 64
145.44064331 239.65042114 372.52099609 255 64 64
148.08700562 253.46305847 372.07470703 255 64 64
107.51089478 208.00769043 433.58538818 255 64 64
106.20545959 219.56318665 436.82324219 255 64 64
108.79015350 214.92111206 424.41717529 255 64 64
107.82357025 227.05389404 427.48229980 255 64 64
109.17861938 246.79808044 426.60836792 255 64 64
110.20575714 256.53884888 432.58013916 255 64 64
112.50790405 255.15710449 420.04748535 255 64 64
113.97658539 265.37344360 426.72430420 255 64 64
116.25203705 183.40142822 419.48095703 255 64 64
113.51814270 196.26766968 417.54931641 255 64 64
118.44353485 189.29745483 409.40292358 255 64 64
116.56272125 202.50677490 406.61340332 255 64 64
125.17950439 252.46461487 390.73202515 255 64 64
127.13144684 265.02328491 393.18908691 255 64 64
133.19311523 259.90802002 384.58044434 255 64 64
135.77558899 272.59918213 387.79818726 255 64 64
122.86038971 195.60519409 391.95877075 255 64 64
121.87362671 209.25694275 388.28912354 255 64 64
129.76301575 201.68104553 383.93096924 255 64 64
129.72634888 215.53153992 380.06259155 255 64 64
109.06195068 225.84487915 418.30465698 255 64 64
108.98342896 237.34594727 421.03735352 255 64 64
111.82978821 233.31430054 410.33245850 255 64 64
112.20908356 245.32406616 413.30648804 255 64 64
114.68812561 248.58912659 405.73089600 255 64 64
116.00242615 259.60989380 409.88082886 255 64 64
119.63925171 256.42053223 399.15109253 255 64 64
121.46164703 267.67318726 404.00253296 255 64 64
111.49640656 206.47216797 414.77874756 255 64 64
110.34653473 219.07815552 414.70953369 255 64 64
114.20161438 213.04489136 405.50872803 255 64 64
113.69145203 226.07675171 405.14636230 255 64 64
117.84671783 205.35305786 398.19375610 255 64 64
117.18009949 218.59312439 395.79168701 255 64 64
123.37248230 211.49043274 389.56143188 255 64 64
123.64575195 224.96000671 387.01919556 255 64 64
118.41336823 222.48281860 393.68063354 255 64 64
118.77092743 235.53359985 392.64019775 255 64 64
124.88700867 229.07919312 386.11715698 255 64 64
126.06497192 242.31216431 385.32720947 255 64 64
120.94850159 273.07415771 538.97351074 255 64 64
120.95066071 273.06649780 538.99108887 255 64 64
120.95070648 273.05673218 538.96130371 255 64 64
120.95606232 273.05886841 538.97344971 255 64 64
228.68447876 326.49414062 421.92288208 255 64 64
228.68795776 326.48312378 421.93386841 255 64 64
228.66746521 326.48382568 421.92303467 255 64 64
228.67373657 326.47463989 421.93267822 255 64 64
122.38471985 282.27798462 424.04754639 255 64 64
122.38373566 282.27185059 424.05871582 255 64 64
122.38112640 282.26916504 424.03939819 255 64 64
122.38071442 282.26434326 424.04824829 255 64 64
210.54893494 238.53485107 480.64385986 255 64 64
210.55613708 238.52719116 480.66213989 255 64 64
210.53334045 238.52482605 480.63873291 255 64 64
210.54867554 238.52006531 480.64956665 255 64 64
167.56498718 336.74407959 492.05252075 255 64 64
167.56517029 336.72985840 492.06848145 255 64 64
167.55319214 336.73391724 492.04476929 255 64 64
167.55679321 336.72851562 492.05764771 255 64 64
233.49067688 332.54699707 485.33972168 255 64 64
233.48815918 332.52789307 485.35424805 255 64 64
233.47427368 332.54022217 485.33700562 255 64 64
233.47535706 332.52981567 485.34634399 255 64 64
152.06510925 265.47064209 484.62326050 255 64 64
152.06076050 265.46286011 484.63031006 255 64 64
152.04988098 265.46820068 484.62307739 255 64 64
152.05101013 265.46392822 484.62442017 255 64 64
168.60528564 322.62707520 405.11346436 255 64 64
168.61093140 322.62551880 405.12365723 255 64 64
168.59036255 322.62905884 405.10760498 255 64 64
168.59603882 322.62780762 405.11541748 255 64 64
242.02841187 278.47677612 455.60736084 255 64 64
242.03143311 278.46401978 455.61746216 255 64 64
242.01078796 278.46142578 455.60784912 255 64 64
242.02259827 278.45178223 455.61328125 255 64 64
191.42666626 296.90005493 471.60037231 255 64 64
191.41870117 296.88391113 471.60833740 255 64 64
191.42019653 296.89190674 471.59753418 255 64 64
191.41523743 296.88204956 471.59948730 255 64 64
133.38775635 311.53356934 464.66430664 255 64 64
133.38432312 311.52786255 464.67736816 255 64 64
133.38235474 311.52471924 464.65545654 255 64 64
133.38137817 311.52337646 464.66439819 255 64 64
107.21981812 264.96667480 470.77621460 255 64 64
107.21567535 264.96273804 470.78063965 255 64 64
107.21315765 264.96069336 470.77429199 255 64 64
107.21357727 264.95767212 470.77478027 255 64 64
192.10038757 336.64862061 450.03671265 255 64 64
192.09713745 336.63848877 450.05520630 255 64 64
192.08341980 336.64532471 450.02548218 255 64 64
192.08317566 336.63928223 450.04171753 255 64 64
185.97425842 238.20252991 443.46795654 255 64 64
185.97546387 238.19348145 443.48403931 255 64 64
185.95204163 238.19592285 443.46405029 255 64 64
185.96237183 238.18865967 443.46987915 255 64 64
134.02816772 305.72729492 511.66461182 255 64 64
134.02543640 305.71795654 511.68252563 255 64 64
134.02215576 305.71725464 511.65795898 255 64 64
134.02455139 305.71884155 511.67037964 255 64 64
144.56085205 240.08532715 518.53387451 255 64 64
144.55471802 240.08074951 518.54931641 255 64 64
144.54916382 240.07324219 518.52978516 255 64 64
144.54917908 240.07485962 518.53857422 255 64 64
210.57818604 289.06311035 438.65774536 255 64 64
210.57626343 289.05154419 438.67019653 255 64 64
210.56642151 289.06130981 438.65499878 255 64 64
210.56919861 289.04974365 438.66204834 255 64 64
175.82952881 236.89405823 489.81835938 255 64 64
175.83131409 236.88761902 489.83294678 255 64 64
175.81463623 236.88586426 489.82089233 255 64 64
175.82402039 236.88314819 489.82723999 255 64 64
245.32141113 340.23330688 449.93362427 255 64 64
245.32739258 340.21838379 449.94638062 255 64 64
245.30816650 340.22558594 449.93133545 255 64 64
245.31512451 340.21441650 449.94210815 255 64 64
153.20291138 321.32806396 436.87475586 255 64 64
153.20292664 321.32385254 436.88421631 255 64 64
153.19738770 321.32305908 436.87091064 255 64 64
153.19937134 321.32080078 436.87756348 255 64 64
113.69589233 279.33065796 501.67068481 255 64 64
113.69181061 279.32498169 501.68234253 255 64 64
113.69212341 279.32861328 501.66311646 255 64 64
113.69329071 279.32986450 501.67071533 255 64 64
219.14984131 313.87799072 461.51745605 255 64 64
219.14851379 313.86193848 461.52142334 255 64 64
219.14218140 313.86422729 461.51257324 255 64 64
219.14340210 313.85198975 461.51293945 255 64 64
219.91595459 257.44259644 442.08181763 255 64 64
219.92010498 257.42736816 442.09823608 255 64 64
219.89830017 257.43286133 442.08425903 255 64 64
219.91145325 257.41995239 442.09246826 255 64 64
172.79118347 269.40158081 459.23574829 255 64 64
172.78678894 269.39129639 459.24295044 255 64 64
172.78001404 269.39566040 459.22967529 255 64 64
172.77908325 269.38897705 459.23049927 255 64 64
161.25395203 295.48175049 488.74209595 255 64 64
161.24617004 295.46929932 488.75335693 255 64 64
161.24545288 295.47399902 488.73614502 255 64 64
161.24050903 295.47033691 488.73986816 255 64 64
142.06735229 303.84490967 411.99969482 255 64 64
142.06967163 303.83914185 412.01333618 255 64 64
142.06462097 303.83831787 411.99218750 255 64 64
142.06683350 303.83340454 412.00421143 255 64 64
142.54507446 270.85437012 512.37664795 255 64 64
142.54272461 270.84347534 512.38964844 255 64 64
142.53372192 270.84451294 512.37695312 255 64 64
142.53488159 270.84332275 512.38323975 255 64 64
195.14242554 331.67456055 420.92199707 255 64 64
195.14189148 331.66726685 420.93856812 255 64 64
195.12394714 331.67587280 420.91531372 255 64 64
195.12622070 331.66952515 420.92953491 255 64 64
117.02294159 286.29266357 453.57388306 255 64 64
117.02291107 286.28732300 453.57720947 255 64 64
117.01941681 286.29095459 453.56295776 255 64 64
117.02308655 286.28680420 453.56375122 255 64 64
198.45259094 332.62408447 477.77929688 255 64 64
198.45169067 332.60546875 477.79650879 255 64 64
198.43534851 332.62036133 477.77124023 255 64 64
198.43559265 332.60876465 477.78335571 255 64 64
166.36294556 331.12588501 460.73123169 255 64 64
166.36227417 331.11489868 460.74142456 255 64 64
166.34942627 331.11584473 460.72839355 255 64 64
166.34924316 331.10961914 460.73635864 255 64 64
246.31838989 308.46267700 457.19094849 255 64 64
246.32118225 308.44677734 457.19967651 255 64 64
246.31228638 308.45111084 457.19610596 255 64 64
246.31947327 308.43829346 457.20123291 255 64 64
145.15318298 320.57949829 491.98788452 255 64 64
145.15072632 320.56903076 492.00436401 255 64 64
145.14416504 320.57086182 491.97967529 255 64 64
145.14599609 320.57000732 491.99035645 255 64 64
199.73892212 270.43872070 460.09341431 255 64 64
199.73556519 270.42886353 460.10153198 255 64 64
199.73205566 270.43264771 460.09115601 255 64 64
199.73437500 270.42587280 460.09304810 255 64 64
119.96834564 297.57608032 482.46215820 255 64 64
119.96669006 297.57199097 482.46865845 255 64 64
119.96430969 297.57312012 482.45175171 255 64 64
119.96728516 297.57254028 482.45495605 255 64 64
216.82878113 334.68341064 446.84133911 255 64 64
216.82304382 334.66973877 446.85571289 255 64 64
216.81251526 334.67913818 446.83248901 255 64 64
216.80873108 334.66931152 446.84454346 255 64 64
132.22940063 301.81323242 434.15026855 255 64 64
132.22956848 301.80892944 434.15921021 255 64 64
132.23031616 301.81146240 434.14450073 255 64 64
132.23162842 301.80743408 434.15173340 255 64 64
189.39004517 243.61988831 470.87658691 255 64 64
189.38720703 243.61552429 470.89474487 255 64 64
189.38137817 243.61804199 470.86804199 255 64 64
189.38513184 243.61560059 470.87673950 255 64 64
173.72909546 330.33795166 430.46368408 255 64 64
173.72622681 330.33566284 430.47354126 255 64 64
173.72267151 330.33306885 430.45162964 255 64 64
173.72201538 330.33190918 430.46093750 255 64 64
222.61520386 290.34344482 460.62969971 255 64 64
222.60578918 290.33035278 460.64352417 255 64 64
222.60322571 290.33166504 460.63085938 255 64 64
222.60069275 290.32067871 460.63793945 255 64 64
168.81846619 253.16871643 475.09445190 255 64 64
168.81053162 253.16201782 475.10537720 255 64 64
168.80104065 253.16600037 475.09249878 255 64 64
168.80133057 253.16227722 475.09625244 255 64 64
254.77191162 333.41461182 477.17626953 255 64 64
254.77282715 333.39254761 477.19958496 255 64 64
254.75732422 333.41241455 477.16641235 255 64 64
254.76272583 333.39770508 477.18502808 255 64 64
131.35284424 287.52542114 523.85974121 255 64 64
131.35235596 287.51620483 523.87255859 255 64 64
131.35179138 287.51412964 523.85260010 255 64 64
131.35566711 287.51382446 523.86187744 255 64 64
154.84535217 254.74407959 504.56042480 255 64 64
154.84353638 254.73815918 504.57516479 255 64 64
154.83947754 254.73321533 504.55285645 255 64 64
154.84272766 254.73248291 504.56106567 255 64 64
217.70956421 337.12033081 470.25604248 255 64 64
217.70397949 337.10513306 470.26913452 255 64 64
217.69436646 337.11181641 470.24902344 255 64 64
217.69212341 337.10241699 470.25787354 255 64 64
111.44387817 268.26525879 520.78967285 255 64 64
111.44319916 268.25628662 520.80126953 255 64 64
111.43217468 268.25817871 520.77648926 255 64 64
111.43792725 268.25625610 520.78228760 255 64 64
184.97094727 316.94168091 481.87200928 255 64 64
184.96667480 316.92535400 481.88275146 255 64 64
184.96049500 316.93264771 481.86071777 255 64 64
184.95860291 316.92388916 481.86648560 255 64 64
131.79229736 256.96826172 532.18469238 255 64 64
131.79138184 256.95864868 532.20263672 255 64 64
131.78099060 256.95770264 532.17413330 255 64 64
131.78308105 256.95993042 532.18408203 255 64 64
156.80570984 281.05343628 472.10403442 255 64 64
156.80067444 281.04568481 472.10656738 255 64 64
156.79635620 281.04699707 472.09735107 255 64 64
156.79673767 281.04205322 472.09518433 255 64 64
198.32106018 230.50448608 494.63735962 255 64 64
198.33068848 230.49604797 494.65533447 255 64 64
198.31513977 230.49134827 494.63119507 255 64 64
198.33076477 230.48706055 494.64025879 255 64 64
145.03601074 289.96829224 499.52520752 255 64 64
145.03210449 289.95962524 499.53457642 255 64 64
145.03140259 289.96279907 499.52239990 255 64 64
145.03050232 289.96173096 499.52645874 255 64 64
221.22634888 272.14813232 428.34616089 255 64 64
221.22897339 272.13854980 428.36267090 255 64 64
221.20892334 272.15148926 428.34600830 255 64 64
221.22033691 272.14144897 428.35406494 255 64 64
150.95970154 327.32815552 472.96044922 255 64 64
150.95849609 327.31921387 472.97195435 255 64 64
150.94886780 327.32492065 472.95318604 255 64 64
150.95188904 327.32122803 472.96353149 255 64 64
157.96128845 232.31643677 506.35894775 255 64 64
157.95809937 232.31176758 506.37579346 255 64 64
157.93656921 232.30490112 506.35699463 255 64 64
157.94108582 232.30784607 506.36584473 255 64 64
202.34405518 252.74095154 449.08847046 255 64 64
202.34751892 252.72795105 449.10220337 255 64 64
202.32572937 252.72865295 449.08895874 255 64 64
202.33576965 252.71856689 449.09579468 255 64 64
237.13729858 339.27658081 467.80978394 255 64 64
237.13598633 339.25946045 467.82086182 255 64 64
237.12113953 339.27026367 467.80926514 255 64 64
237.12400818 339.25915527 467.81658936 255 64 64
166.20549011 313.47286987 491.12240601 255 64 64
166.20104980 313.45861816 491.13125610 255 64 64
166.20603943 313.45993042 491.11361694 255 64 64
166.20443726 313.45330811 491.11798096 255 64 64
235.65653992 319.54800415 468.08093262 255 64 64
235.64974976 319.53341675 468.08856201 255 64 64
235.64785767 319.53314209 468.07073975 255 64 64
235.64445496 319.52362061 468.07635498 255 64 64
111.32717896 269.48809814 448.10296631 255 64 64
111.32170105 269.48263550 448.11056519 255 64 64
111.31786346 269.47973633 448.09457397 255 64 64
111.31626892 269.47515869 448.09838867 255 64 64
107.58509064 263.59927368 489.15414429 255 64 64
107.57971954 263.59371948 489.16479492 255 64 64
107.58286285 263.59402466 489.14694214 255 64 64
107.58342743 263.59298706 489.15441895 255 64 64
181.91778564 338.18850708 472.31811523 255 64 64
181.91665649 338.17684937 472.33044434 255 64 64
181.90513611 338.18585205 472.31237793 255 64 64
181.90582275 338.18041992 472.32147217 255 64 64
174.87368774 283.34887695 471.66107178 255 64 64
174.86503601 283.33914185 471.66870117 255 64 64
174.86863708 283.34375000 471.65725708 255 64 64
174.86389160 283.33840942 471.65823364 255 64 64
113.08994293 282.82412720 474.47686768 255 64 64
113.08587646 282.81832886 474.48922729 255 64 64
113.09037018 282.81747437 474.46707153 255 64 64
113.09130096 282.81546021 474.47555542 255 64 64
185.30969238 328.37548828 402.00387573 255 64 64
185.31556702 328.37322998 402.01483154 255 64 64
185.29107666 328.37475586 401.99398804 255 64 64
185.29838562 328.37283325 402.00415039 255 64 64
200.87527466 314.62384033 473.93969727 255 64 64
200.86840820 314.60848999 473.94985962 255 64 64
200.86386108 314.61395264 473.92843628 255 64 64
200.85940552 314.60321045 473.93496704 255 64 64
212.66467285 330.97375488 427.82568359 255 64 64
212.66375732 330.96408081 427.84014893 255 64 64
212.65061951 330.97094727 427.82107544 255 64 64
212.65245056 330.96185303 427.83410645 255 64 64
131.66403198 306.78695679 491.81469727 255 64 64
131.66114807 306.78088379 491.82556152 255 64 64
131.65521240 306.78491211 491.80276489 255 64 64
131.65644836 306.78485107 491.80911255 255 64 64
182.01800537 255.17445374 455.01287842 255 64 64
182.02151489 255.16607666 455.02758789 255 64 64
182.00666809 255.16842651 455.01162720 255 64 64
182.01509094 255.16217041 455.01797485 255 64 64
198.80331421 236.60343933 458.11169434 255 64 64
198.80856323 236.59466553 458.13604736 255 64 64
198.79853821 236.59848022 458.09933472 255 64 64
198.80940247 236.59088135 458.11312866 255 64 64
207.45103455 299.69552612 465.93164062 255 64 64
207.44459534 299.68127441 465.94250488 255 64 64
207.44329834 299.68569946 465.92703247 255 64 64
207.44119263 299.67556763 465.93380737 255 64 64
227.15036011 269.95535278 455.65151978 255 64 64
227.14660645 269.94702148 455.66421509 255 64 64
227.13267517 269.95144653 455.64508057 255 64 64
227.13813782 269.94454956 455.65136719 255 64 64
122.08586121 291.34942627 509.90203857 255 64 64
122.08451843 291.34094238 509.91082764 255 64 64
122.07979584 291.34722900 509.89010620 255 64 64
122.08293152 291.34588623 509.89352417 255 64 64
183.67448425 335.23547363 488.90881348 255 64 64
183.67784119 335.21804810 488.92523193 255 64 64
183.66532898 335.22750854 488.90350342 255 64 64
183.66828918 335.21804810 488.91693115 255 64 64
128.86349487 302.18887329 451.87326050 255 64 64
128.85934448 302.18438721 451.87957764 255 64 64
128.86296082 302.18283081 451.86795044 255 64 64
128.86203003 302.18112183 451.87176514 255 64 64
155.62112427 315.78030396 411.89721680 255 64 64
155.62351990 315.77563477 411.90899658 255 64 64
155.61593628 315.77801514 411.89440918 255 64 64
155.61880493 315.77621460 411.90267944 255 64 64
235.58091736 334.70181274 433.98062134 255 64 64
235.58325195 334.69131470 433.98916626 255 64 64
235.56352234 334.69052124 433.97280884 255 64 64
235.56921387 334.68255615 433.98159790 255 64 64
165.85935974 255.93505859 490.56173706 255 64 64
165.85775757 255.92628479 490.57604980 255 64 64
165.84919739 255.92408752 490.55865479 255 64 64
165.85247803 255.92149353 490.56591797 255 64 64
147.99877930 307.54873657 504.14419556 255 64 64
147.99787903 307.53366089 504.16656494 255 64 64
147.98814392 307.54171753 504.13729858 255 64 64
147.98878479 307.53826904 504.15225220 255 64 64
216.15518188 323.98956299 412.34878540 255 64 64
216.15296936 323.98156738 412.36172485 255 64 64
216.13462830 323.98220825 412.35061646 255 64 64
216.13598633 323.97485352 412.35995483 255 64 64
145.01066589 317.59057617 449.83294678 255 64 64
145.00750732 317.58618164 449.84045410 255 64 64
145.00958252 317.58306885 449.82540894 255 64 64
145.00903320 317.58105469 449.83087158 255 64 64
130.76950073 293.76440430 416.41339111 255 64 64
130.77136230 293.75836182 416.42178345 255 64 64
130.76684570 293.75933838 416.40539551 255 64 64
130.76795959 293.75399780 416.41177368 255 64 64
143.13131714 311.92501831 425.23480225 255 64 64
143.13246155 311.92166138 425.24945068 255 64 64
143.12582397 311.92028809 425.22613525 255 64 64
143.12731934 311.91900635 425.23776245 255 64 64
157.57254028 322.65270996 500.74133301 255 64 64
157.57208252 322.64056396 500.75735474 255 64 64
157.56648254 322.64770508 500.73196411 255 64 64
157.56832886 322.64459229 500.74356079 255 64 64
146.66580200 279.36059570 487.80029297 255 64 64
146.65998840 279.35253906 487.80651855 255 64 64
146.65924072 279.35421753 487.79663086 255 64 64
146.65666199 279.35180664 487.79769897 255 64 64
200.78128052 284.89297485 464.52011108 255 64 64
200.77655029 284.87768555 464.52761841 255 64 64
200.77131653 284.88415527 464.51712036 255 64 64
200.76991272 284.87313843 464.51846313 255 64 64
177.57359314 333.84469604 444.48626709 255 64 64
177.56886292 333.83859253 444.49703979 255 64 64
177.56181335 333.84020996 444.47705078 255 64 64
177.56111145 333.83691406 444.48553467 255 64 64
206.29127502 334.62362671 461.27908325 255 64 64
206.29440308 334.60684204 461.29074097 255 64 64
206.27093506 334.61624146 461.27029419 255 64 64
206.27569580 334.60430908 461.27883911 255 64 64
123.49054718 291.96575928 441.72253418 255 64 64
123.48813629 291.96096802 441.73342896 255 64 64
123.48524475 291.95773315 441.71417236 255 64 64
123.48462677 291.95556641 441.72213745 255 64 64
200.39538574 334.22656250 434.89434814 255 64 64
200.39404297 334.21752930 434.90710449 255 64 64
200.37791443 334.22299194 434.88684082 255 64 64
200.37858582 334.21624756 434.89916992 255 64 64
178.24432373 297.00134277 477.58581543 255 64 64
178.23599243 296.98883057 477.59375000 255 64 64
178.24209595 296.99053955 477.57812500 255 64 64
178.23515320 296.98376465 477.58197021 255 64 64
122.33943176 298.21981812 468.19085693 255 64 64
122.33335114 298.21606445 468.19982910 255 64 64
122.33992767 298.21401978 468.18380737 255 64 64
122.33891296 298.21374512 468.18756104 255 64 64
118.92951965 293.95391846 496.27856445 255 64 64
118.93109131 293.94732666 496.28350830 255 64 64
118.92475891 293.95095825 496.27288818 255 64 64
118.93109894 293.95004272 496.27386475 255 64 64
180.07882690 249.55651855 485.09921265 255 64 64
180.08001709 249.54666138 485.11627197 255 64 64
180.06892395 249.54998779 485.08932495 255 64 64
180.07376099 249.54556274 485.09814453 255 64 64
161.24606323 263.33132935 469.10266113 255 64 64
161.24235535 263.32101440 469.11529541 255 64 64
161.23620605 263.32608032 469.09970093 255 64 64
161.23689270 263.31951904 469.10623169 255 64 64
156.92228699 330.96133423 484.83148193 255 64 64
156.92385864 330.94915771 484.84466553 255 64 64
156.90238953 330.95584106 484.82067871 255 64 64
156.90623474 330.95135498 484.83120728 255 64 64
107.79315186 265.38952637 502.67803955 255 64 64
107.78940582 265.38571167 502.68682861 255 64 64
107.78850555 265.38510132 502.67184448 255 64 64
107.79049683 265.38571167 502.67648315 255 64 64
158.23422241 325.35980225 451.44232178 255 64 64
158.23101807 325.35372925 451.45492554 255 64 64
158.22332764 325.35113525 451.43588257 255 64 64
158.22190857 325.35025024 451.44546509 255 64 64
165.60003662 323.30511475 422.24340820 255 64 64
165.60464478 323.29803467 422.26535034 255 64 64
165.58274841 323.30163574 422.23770142 255 64 64
165.58851624 323.29818726 422.25631714 255 64 64
228.69657898 336.95397949 452.71072388 255 64 64
228.69767761 336.93786621 452.72412109 255 64 64
228.67974854 336.94741821 452.70599365 255 64 64
228.68354797 336.93508911 452.71694946 255 64 64
196.26625061 241.79031372 482.08959961 255 64 64
196.27108765 241.78390503 482.10418701 255 64 64
196.25271606 241.78082275 482.08636475 255 64 64
196.26472473 241.77754211 482.09259033 255 64 64
211.08786011 267.61614990 453.86535645 255 64 64
211.08262634 267.60696411 453.87548828 255 64 64
211.07580566 267.61105347 453.86148071 255 64 64
211.07843018 267.60336304 453.86608887 255 64 64
116.91812897 276.87341309 434.81558228 255 64 64
116.91410828 276.86633301 434.82806396 255 64 64
116.91100311 276.86123657 434.80593872 255 64 64
116.90953064 276.85556030 434.81439209 255 64 64
139.13714600 318.30883789 474.14340210 255 64 64
139.13375854 318.30407715 474.15017700 255 64 64
139.13116455 318.30499268 474.13085938 255 64 64
139.13374329 318.30541992 474.13449097 255 64 64
187.14990234 267.64968872 458.99636841 255 64 64
187.14990234 267.63732910 459.00448608 255 64 64
187.13659668 267.64324951 458.99420166 255 64 64
187.14216614 267.63507080 458.99456787 255 64 64
121.03476715 282.07406616 529.70379639 255 64 64
121.03903198 282.06527710 529.71673584 255 64 64
121.03065491 282.06503296 529.68975830 255 64 64
121.03896332 282.06411743 529.69891357 255 64 64
139.26589966 294.13381958 511.58361816 255 64 64
139.26069641 294.12341309 511.60324097 255 64 64
139.25918579 294.13122559 511.58047485 255 64 64
139.25772095 294.13156128 511.59338379 255 64 64
249.77142334 340.16107178 467.53457642 255 64 64
249.77432251 340.14025879 467.54690552 255 64 64
249.75685120 340.15380859 467.53469849 255 64 64
249.76277161 340.14163208 467.54489136 255 64 64
163.81840515 242.00593567 500.75790405 255 64 64
163.81761169 242.00091553 500.77026367 255 64 64
163.80204773 241.99369812 500.75579834 255 64 64
163.80627441 241.99560547 500.76281738 255 64 64
232.20808411 308.42349243 463.34930420 255 64 64
232.20016479 308.40795898 463.35806274 255 64 64
232.19186401 308.41305542 463.34201050 255 64 64
232.18838501 308.40304565 463.34640503 255 64 64
164.90971375 332.26675415 473.13180542 255 64 64
164.90646362 332.25628662 473.14895630 255 64 64
164.89286804 332.26031494 473.12301636 255 64 64
164.89404297 332.25650024 473.13732910 255 64 64
112.71833801 280.48419189 489.27490234 255 64 64
112.71674347 280.47784424 489.28366089 255 64 64
112.71604156 280.47756958 489.27069092 255 64 64
112.72023773 280.47698975 489.27578735 255 64 64
206.33779907 325.94497681 470.18685913 255 64 64
206.33737183 325.92584229 470.20303345 255 64 64
206.32055664 325.93957520 470.18301392 255 64 64
206.32139587 325.92816162 470.19433594 255 64 64
179.11994934 335.39221191 460.54769897 255 64 64
179.11158752 335.38403320 460.55822754 255 64 64
179.10758972 335.38778687 460.54141235 255 64 64
179.10368347 335.38580322 460.54986572 255 64 64
118.80903625 281.44674683 516.45196533 255 64 64
118.80615234 281.43716431 516.46691895 255 64 64
118.80258179 281.44012451 516.44403076 255 64 64
118.80410004 281.43920898 516.45208740 255 64 64
186.19039917 334.35498047 435.70046997 255 64 64
186.18716431 334.34844971 435.70971680 255 64 64
186.17565918 334.35113525 435.69107056 255 64 64
186.17594910 334.34683228 435.69848633 255 64 64
218.49542236 324.75231934 469.33193970 255 64 64
218.48977661 324.73284912 469.34924316 255 64 64
218.47854614 324.74609375 469.32723999 255 64 64
218.47647095 324.73318481 469.33911133 255 64 64
143.33935547 314.31604004 437.24639893 255 64 64
143.33868408 314.31198120 437.25811768 255 64 64
143.33578491 314.31222534 437.23901367 255 64 64
143.33526611 314.31008911 437.24780273 255 64 64
246.86990356 323.15997314 465.28033447 255 64 64
246.86776733 323.13800049 465.29794312 255 64 64
246.85487366 323.15704346 465.27761841 255 64 64
246.85632324 323.14184570 465.28900146 255 64 64
138.22865295 253.65689087 522.52764893 255 64 64
138.22366333 253.64779663 522.53991699 255 64 64
138.21737671 253.63810730 522.52746582 255 64 64
138.21832275 253.63887024 522.53405762 255 64 64
241.61972046 290.43338013 456.46072388 255 64 64
241.62104797 290.41757202 456.46987915 255 64 64
241.61071777 290.41687012 456.46948242 255 64 64
241.61778259 290.40542603 456.47427368 255 64 64
197.11926270 241.80926514 445.54562378 255 64 64
197.12060547 241.80030823 445.56274414 255 64 64
197.10600281 241.80331421 445.53857422 255 64 64
197.11558533 241.79501343 445.54598999 255 64 64
157.26617432 304.53707886 495.17541504 255 64 64
157.25978088 304.52685547 495.18377686 255 64 64
157.26544189 304.52822876 495.16717529 255 64 64
157.26310730 304.52569580 495.17181396 255 64 64
184.89533997 278.20626831 468.16860962 255 64 64
184.88862610 278.19296265 468.17614746 255 64 64
184.88845825 278.19689941 468.16204834 255 64 64
184.88577271 278.18829346 468.16351318 255 64 64
132.26826477 310.40386963 480.73147583 255 64 64
132.26594543 310.39559937 480.74578857 255 64 64
132.26391602 310.39508057 480.72088623 255 64 64
132.26539612 310.39321899 480.73025513 255 64 64
186.89701843 228.33845520 495.11666870 255 64 64
186.90197754 228.33184814 495.13491821 255 64 64
186.88978577 228.32698059 495.11206055 255 64 64
186.90165710 228.32492065 495.12109375 255 64 64
138.06321716 281.38302612 514.47137451 255 64 64
138.06042480 281.37396240 514.48339844 255 64 64
138.05569458 281.37738037 514.46612549 255 64 64
138.05525208 281.37854004 514.47375488 255 64 64
177.96578979 328.35498047 411.00296021 255 64 64
177.96919250 328.35125732 411.01385498 255 64 64
177.95176697 328.35293579 410.99896240 255 64 64
177.95722961 328.34994507 411.00839233 255 64 64
213.21757507 283.57226562 460.09356689 255 64 64
213.20935059 283.56021118 460.10714722 255 64 64
213.20918274 283.56738281 460.09591675 255 64 64
213.20742798 283.55749512 460.10159302 255 64 64
151.78056335 288.03567505 482.35797119 255 64 64
151.77633667 288.02645874 482.36132812 255 64 64
151.77928162 288.03402710 482.34750366 255 64 64
151.77807617 288.03143311 482.34710693 255 64 64
144.95790100 320.71942139 460.80404663 255 64 64
144.95536804 320.71484375 460.81347656 255 64 64
144.95057678 320.71035767 460.79681396 255 64 64
144.95245361 320.70996094 460.80300903 255 64 64
177.34902954 307.47525024 482.01733398 255 64 64
177.34597778 307.45825195 482.02557373 255 64 64
177.35397339 307.46832275 482.01596069 255 64 64
177.35173035 307.45822144 482.02005005 255 64 64
174.26380920 327.55126953 491.44836426 255 64 64
174.26239014 327.53195190 491.47146606 255 64 64
174.24758911 327.54260254 491.44104004 255 64 64
174.24856567 327.53436279 491.45901489 255 64 64
192.31278992 335.10626221 461.31411743 255 64 64
192.30986023 335.09228516 461.32580566 255 64 64
192.29382324 335.10330200 461.31121826 255 64 64
192.29232788 335.09539795 461.32003784 255 64 64
136.21353149 310.75329590 452.25592041 255 64 64
136.21090698 310.74737549 452.26275635 255 64 64
136.21295166 310.74923706 452.24932861 255 64 64
136.21275330 310.74633789 452.25326538 255 64 64
206.09567261 328.65588379 410.28155518 255 64 64
206.09538269 328.64978027 410.29040527 255 64 64
206.07623291 328.65249634 410.27764893 255 64 64
206.08084106 328.64538574 410.28628540 255 64 64
126.47361755 301.06393433 500.66275024 255 64 64
126.47027588 301.05697632 500.67666626 255 64 64
126.46229553 301.05560303 500.65499878 255 64 64
126.46501160 301.05615234 500.66284180 255 64 64
145.91629028 271.93872070 496.16937256 255 64 64
145.91206360 271.92941284 496.17919922 255 64 64
145.90843201 271.93246460 496.17239380 255 64 64
145.90797424 271.93048096 496.17633057 255 64 64
174.76464844 338.12176514 483.02243042 255 64 64
174.76495361 338.10839844 483.03491211 255 64 64
174.74929810 338.11566162 483.01818848 255 64 64
174.75227356 338.10971069 483.02706909 255 64 64
220.75462341 332.27267456 479.70709229 255 64 64
220.75050354 332.25686646 479.71649170 255 64 64
220.73901367 332.25976562 479.70108032 255 64 64
220.73803711 332.24963379 479.70770264 255 64 64
142.55409241 317.06695557 504.85348511 255 64 64
142.55804443 317.05490112 504.86950684 255 64 64
142.54528809 317.05416870 504.84371948 255 64 64
142.55104065 317.05233765 504.85552979 255 64 64
190.92108154 325.97705078 483.57397461 255 64 64
190.91925049 325.95715332 483.59259033 255 64 64
190.91213989 325.97320557 483.56951904 255 64 64
190.91156006 325.96270752 483.58404541 255 64 64
195.47824097 330.30786133 409.76507568 255 64 64
195.47816467 330.30505371 409.77554321 255 64 64
195.45986938 330.30529785 409.76000977 255 64 64
195.46142578 330.30264282 409.76892090 255 64 64
191.68392944 254.19000244 450.45053101 255 64 64
191.68725586 254.18164062 450.46243286 255 64 64
191.66967773 254.18766785 450.44369507 255 64 64
191.67765808 254.18142700 450.44763184 255 64 64
173.14103699 253.27613831 465.28240967 255 64 64
173.13652039 253.26934814 465.29348755 255 64 64
173.12551880 253.26913452 465.28216553 255 64 64
173.12887573 253.26478577 465.28646851 255 64 64
169.21496582 232.33032227 496.87835693 255 64 64
169.20935059 232.32611084 496.89373779 255 64 64
169.19319153 232.32356262 496.87179565 255 64 64
169.19578552 232.32508850 496.87866211 255 64 64
243.95564270 331.76251221 483.37313843 255 64 64
243.95391846 331.74624634 483.38418579 255 64 64
243.93864441 331.75271606 483.36163330 255 64 64
243.94010925 331.74475098 483.36917114 255 64 64
133.57235718 266.52722168 527.85406494 255 64 64
133.56951904 266.51684570 527.87109375 255 64 64
133.56741333 266.51797485 527.84973145 255 64 64
133.56753540 266.51965332 527.86083984 255 64 64
185.33680725 240.54583740 483.38195801 255 64 64
185.33586121 240.54092407 483.39538574 255 64 64
185.32310486 240.53950500 483.37838745 255 64 64
185.32843018 240.53935242 483.38397217 255 64 64
111.11603546 273.51101685 511.62878418 255 64 64
111.11250305 273.50677490 511.64282227 255 64 64
111.11342621 273.50662231 511.61825562 255 64 64
111.11630249 273.50833130 511.62622070 255 64 64
126.43395996 291.14370728 427.99334717 255 64 64
126.43116760 291.13903809 428.00579834 255 64 64
126.43166351 291.13452148 427.98449707 255 64 64
126.43066406 291.12997437 427.99490356 255 64 64
142.73605347 280.54559326 503.53442383 255 64 64
142.73240662 280.53564453 503.54608154 255 64 64
142.73040771 280.53631592 503.53366089 255 64 64
142.73046875 280.53405762 503.53948975 255 64 64
156.23335266 318.61599731 421.98706055 255 64 64
156.23345947 318.61392212 422.00070190 255 64 64
156.22613525 318.61218262 421.97763062 255 64 64
156.22692871 318.61206055 421.98794556 255 64 64
190.40858459 242.46841431 460.28332520 255 64 64
190.41236877 242.46063232 460.30291748 255 64 64
190.40007019 242.46765137 460.27816772 255 64 64
190.40875244 242.46246338 460.28811646 255 64 64
126.63497925 264.50543213 539.35430908 255 64 64
126.63392639 264.49792480 539.37176514 255 64 64
126.62762451 264.48822021 539.34100342 255 64 64
126.63113403 264.49172974 539.35321045 255 64 64
214.13632202 307.79357910 454.94018555 255 64 64
214.12896729 307.78002930 454.94589233 255 64 64
214.12478638 307.79235840 454.93777466 255 64 64
214.12304688 307.78091431 454.93792725 255 64 64
223.43179321 337.13549805 439.39511108 255 64 64
223.43228149 337.12435913 439.40570068 255 64 64
223.41670227 337.12719727 439.38607788 255 64 64
223.41955566 337.11788940 439.39569092 255 64 64
206.75067139 335.14804077 451.08651733 255 64 64
206.74954224 335.13482666 451.10076904 255 64 64
206.73478699 335.14163208 451.08206177 255 64 64
206.73715210 335.13186646 451.09280396 255 64 64
169.73049927 288.73205566 478.65213013 255 64 64
169.72384644 288.72189331 478.66137695 255 64 64
169.72775269 288.72042847 478.64956665 255 64 64
169.72402954 288.71478271 478.65490723 255 64 64
155.82391357 326.68026733 461.26773071 255 64 64
155.81912231 326.67758179 461.27899170 255 64 64
155.81144714 326.67889404 461.25701904 255 64 64
155.80999756 326.67987061 461.26425171 255 64 64
216.66220093 295.02258301 444.23330688 255 64 64
216.66032410 295.00863647 444.24380493 255 64 64
216.64686584 295.01443481 444.23059082 255 64 64
216.64862061 295.00149536 444.23629761 255 64 64
232.56637573 338.37554932 476.82345581 255 64 64
232.56532288 338.35803223 476.83489990 255 64 64
232.55168152 338.37109375 476.82424927 255 64 64
232.55369568 338.36114502 476.83337402 255 64 64
166.93635559 329.12915039 447.83343506 255 64 64
166.93420410 329.12203979 447.84954834 255 64 64
166.91560364 329.12210083 447.82720947 255 64 64
166.91587830 329.11932373 447.84030151 255 64 64
227.54421997 279.48242188 459.10946655 255 64 64
227.54081726 279.47088623 459.11953735 255 64 64
227.52638245 279.46923828 459.10900879 255 64 64
227.53059387 279.46032715 459.11236572 255 64 64
220.28067017 286.16769409 439.10671997 255 64 64
220.27726746 286.15872192 439.12042236 255 64 64
220.26625061 286.16473389 439.10690308 255 64 64
220.26840210 286.15603638 439.11468506 255 64 64
167.13217163 303.50036621 486.91088867 255 64 64
167.12969971 303.48419189 486.92248535 255 64 64
167.13088989 303.49212646 486.91049194 255 64 64
167.12986755 303.48471069 486.91580200 255 64 64
117.14218140 288.04132080 466.85855103 255 64 64
117.13787079 288.03576660 466.86926270 255 64 64
117.13871002 288.03555298 466.84939575 255 64 64
117.13951874 288.03353882 466.85601807 255 64 64
151.17591858 273.53265381 478.63092041 255 64 64
151.16986084 273.52322388 478.64120483 255 64 64
151.16433716 273.52563477 478.62756348 255 64 64
151.16242981 273.52178955 478.63311768 255 64 64
211.35232544 248.50965881 447.84716797 255 64 64
211.36711121 248.49349976 447.86959839 255 64 64
211.34848022 248.49902344 447.84606934 255 64 64
211.36752319 248.48544312 447.85845947 255 64 64
191.76963806 339.55694580 480.18118286 255 64 64
191.77095032 339.53906250 480.19247437 255 64 64
191.75329590 339.54794312 480.17337036 255 64 64
191.75604248 339.53814697 480.18209839 255 64 64
128.09268188 275.05813599 532.42248535 255 64 64
128.09243774 275.04943848 532.43780518 255 64 64
128.08795166 275.04714966 532.40905762 255 64 64
128.09078979 275.04953003 532.41961670 255 64 64
159.94577026 257.65298462 482.83349609 255 64 64
159.94177246 257.64636230 482.84475708 255 64 64
159.93045044 257.64642334 482.83142090 255 64 64
159.93238831 257.64419556 482.83581543 255 64 64
151.51019287 295.44271851 494.53967285 255 64 64
151.50453186 295.43115234 494.54730225 255 64 64
151.50677490 295.42999268 494.53793335 255 64 64
151.50311279 295.42687988 494.53976440 255 64 64
126.16683960 303.80749512 475.25405884 255 64 64
126.16485596 303.80117798 475.26370239 255 64 64
126.16432190 303.79766846 475.24963379 255 64 64
126.16659546 303.79644775 475.25625610 255 64 64
234.47630310 327.54858398 477.00128174 255 64 64
234.46842957 327.53030396 477.01208496 255 64 64
234.45854187 327.53833008 476.99588013 255 64 64
234.45512390 327.52770996 477.00332642 255 64 64
191.10061646 287.31576538 469.79705811 255 64 64
191.09277344 287.30517578 469.80337524 255 64 64
191.09692383 287.30761719 469.79187012 255 64 64
191.09248352 287.30187988 469.79251099 255 64 64
218.04354858 275.68966675 456.99200439 255 64 64
218.03311157 275.67898560 457.00485229 255 64 64
218.03025818 275.68118286 456.98748779 255 64 64
218.02836609 275.67333984 456.99499512 255 64 64
247.73481750 297.85284424 455.01196289 255 64 64
247.73973083 297.83538818 455.02090454 255 64 64
247.72932434 297.83801270 455.02297974 255 64 64
247.73727417 297.82531738 455.02737427 255 64 64
109.88036346 266.73132324 457.30560303 255 64 64
109.87217712 266.72552490 457.31387329 255 64 64
109.86821747 266.72448730 457.30227661 255 64 64
109.86463165 266.72018433 457.30670166 255 64 64
161.40596008 326.37719727 437.64721680 255 64 64
161.40470886 326.37274170 437.65719604 255 64 64
161.39877319 326.36987305 437.63967896 255 64 64
161.39826965 326.36834717 437.64730835 255 64 64
138.04356384 313.35336304 494.81787109 255 64 64
138.04216003 313.34570312 494.82800293 255 64 64
138.03781128 313.34698486 494.80395508 255 64 64
138.04072571 313.34683228 494.81051636 255 64 64
113.01599884 279.60641479 464.95477295 255 64 64
113.01281738 279.59951782 464.96401978 255 64 64
113.00920105 279.60076904 464.94509888 255 64 64
113.01097107 279.59777832 464.95159912 255 64 64
209.96151733 316.31085205 462.32913208 255 64 64
209.96343994 316.28955078 462.34658813 255 64 64
209.94535828 316.31347656 462.32543945 255 64 64
209.94790649 316.29980469 462.33761597 255 64 64
171.82862854 249.67338562 494.57366943 255 64 64
171.82754517 249.66444397 494.58990479 255 64 64
171.82142639 249.66679382 494.56317139 255 64 64
171.82566833 249.66526794 494.57125854 255 64 64
144.43188477 322.46807861 480.89334106 255 64 64
144.42961121 322.45947266 480.90341187 255 64 64
144.42420959 322.45892334 480.88815308 255 64 64
144.42752075 322.45709229 480.89550781 255 64 64
232.76368713 293.63809204 457.85931396 255 64 64
232.75942993 293.62579346 457.86425781 255 64 64
232.74406433 293.63073730 457.85089111 255 64 64
232.74832153 293.62152100 457.85354614 255 64 64
109.35057068 274.30706787 472.58926392 255 64 64
109.34825897 274.30105591 472.59500122 255 64 64
109.34281921 274.30181885 472.58114624 255 64 64
109.34606171 274.29916382 472.58248901 255 64 64
180.91667175 330.95980835 424.35083008 255 64 64
180.91830444 330.95315552 424.37197876 255 64 64
180.90281677 330.95391846 424.33828735 255 64 64
180.90541077 330.95111084 424.35705566 255 64 64
131.06909180 298.69567871 517.22656250 255 64 64
131.06684875 298.68634033 517.24279785 255 64 64
131.06694031 298.68719482 517.21740723 255 64 64
131.06932068 298.68856812 517.22857666 255 64 64
148.04779053 253.45851135 510.90921021 255 64 64
148.04556274 253.45028687 510.92285156 255 64 64
148.03715515 253.44769287 510.91055298 255 64 64
148.03787231 253.44790649 510.91790771 255 64 64
220.06765747 299.29858398 461.84997559 255 64 64
220.06044006 299.28033447 461.86199951 255 64 64
220.05335999 299.28750610 461.84515381 255 64 64
220.05162048 299.27542114 461.85125732 255 64 64
166.41920471 326.32037354 496.39672852 255 64 64
166.42047119 326.30111694 496.41934204 255 64 64
166.40562439 326.30807495 496.38726807 255 64 64
166.40960693 326.29995728 496.40374756 255 64 64
205.81785583 240.08790588 472.74093628 255 64 64
205.82324219 240.07878113 472.76135254 255 64 64
205.81155396 240.08267212 472.73559570 255 64 64
205.82188416 240.07588196 472.74789429 255 64 64
211.73081970 332.44213867 436.98623657 255 64 64
211.72755432 332.42950439 436.99743652 255 64 64
211.70997620 332.43887329 436.98461914 255 64 64
211.71022034 332.42840576 436.99368286 255 64 64
232.15599060 335.06356812 442.61077881 255 64 64
232.15109253 335.05310059 442.62341309 255 64 64
232.13618469 335.05538940 442.59829712 255 64 64
232.13635254 335.04843140 442.60900879 255 64 64
117.60398865 282.36621094 445.16278076 255 64 64
117.60229492 282.35971069 445.17297363 255 64 64
117.59927368 282.35644531 445.15414429 255 64 64
117.59987640 282.35223389 445.16229248 255 64 64
226.08131409 279.73614502 430.64309692 255 64 64
226.08471680 279.72778320 430.65524292 255 64 64
226.06703186 279.73617554 430.64807129 255 64 64
226.07757568 279.72747803 430.65484619 255 64 64
157.31259155 271.83779907 471.04635620 255 64 64
157.30758667 271.82952881 471.05413818 255 64 64
157.30192566 271.82952881 471.04013062 255 64 64
157.30107117 271.82470703 471.04287720 255 64 64
197.15809631 304.20123291 471.80862427 255 64 64
197.14921570 304.18710327 471.81637573 255 64 64
197.15364075 304.19573975 471.80313110 255 64 64
197.14758301 304.18634033 471.80584717 255 64 64
176.82360840 276.66024780 463.92425537 255 64 64
176.81739807 276.64984131 463.93057251 255 64 64
176.81759644 276.65145874 463.91445923 255 64 64
176.81469727 276.64581299 463.91622925 255 64 64
162.73884583 277.40704346 466.07650757 255 64 64
162.73045349 277.39993286 466.07962036 255 64 64
162.72744751 277.40283203 466.07000732 255 64 64
162.72328186 277.39889526 466.06900024 255 64 64
137.73060608 269.14688110 520.01995850 255 64 64
137.72683716 269.13677979 520.03564453 255 64 64
137.71923828 269.14266968 520.01715088 255 64 64
137.71975708 269.14266968 520.02569580 255 64 64
192.90855408 312.12063599 477.71295166 255 64 64
192.90199280 312.10412598 477.72482300 255 64 64
192.89602661 312.11544800 477.70156860 255 64 64
192.89175415 312.10702515 477.70822144 255 64 64
233.99531555 265.68942261 451.32174683 255 64 64
233.99386597 265.67828369 451.33843994 255 64 64
233.97665405 265.67861938 451.32055664 255 64 64
233.98399353 265.66958618 451.32873535 255 64 64
140.38275146 260.40982056 516.75390625 255 64 64
140.37811279 260.40008545 516.76336670 255 64 64
140.36999512 260.40039062 516.75323486 255 64 64
140.37033081 260.40109253 516.75720215 255 64 64
205.75276184 331.15112305 421.89038086 255 64 64
205.75175476 331.14205933 421.90704346 255 64 64
205.73184204 331.14947510 421.88388062 255 64 64
205.73382568 331.14312744 421.89837646 255 64 64
163.27357483 317.04406738 400.39587402 255 64 64
163.27606201 317.04202271 400.40322876 255 64 64
163.26416016 317.04071045 400.38656616 255 64 64
163.26876831 317.03887939 400.39273071 255 64 64
221.50225830 330.74853516 429.26373291 255 64 64
221.50331116 330.73834229 429.27844238 255 64 64
221.48748779 330.74212646 429.25808716 255 64 64
221.49096680 330.73370361 429.27056885 255 64 64
177.82122803 319.92541504 486.35162354 255 64 64
177.82145691 319.90563965 486.36737061 255 64 64
177.81336975 319.91961670 486.34741211 255 64 64
177.81478882 319.90917969 486.35775757 255 64 64
169.19718933 261.70999146 461.96661377 255 64 64
169.19473267 261.69876099 461.97958374 255 64 64
169.18702698 261.70095825 461.96603394 255 64 64
169.18870544 261.69381714 461.97232056 255 64 64
187.51649475 243.92343140 452.01809692 255 64 64
187.51762390 243.91415405 452.03543091 255 64 64
187.50581360 243.91929626 452.01266479 255 64 64
187.51391602 243.91186523 452.02062988 255 64 64
201.96083069 333.60137939 469.39071655 255 64 64
201.96076965 333.58374023 469.40524292 255 64 64
201.94250488 333.59808350 469.38507080 255 64 64
201.94427490 333.58715820 469.39532471 255 64 64
236.47854614 302.04959106 458.95211792 255 64 64
236.47576904 302.03485107 458.95965576 255 64 64
236.47032166 302.04013062 458.95468140 255 64 64
236.47274780 302.02868652 458.95925903 255 64 64
206.94023132 236.95286560 488.55059814 255 64 64
206.95301819 236.94650269 488.56829834 255 64 64
206.93026733 236.94520569 488.54672241 255 64 64
206.94860840 236.94168091 488.55679321 255 64 64
132.23194885 278.40579224 525.42187500 255 64 64
132.23217773 278.39541626 525.43585205 255 64 64
132.22389221 278.39825439 525.41033936 255 64 64
132.22659302 278.39978027 525.41949463 255 64 64
114.40058136 270.84637451 528.65460205 255 64 64
114.39932251 270.83966064 528.66876221 255 64 64
114.39578247 270.83871460 528.63568115 255 64 64
114.39971161 270.83932495 528.64526367 255 64 64
153.89233398 261.07638550 498.59466553 255 64 64
153.88912964 261.06988525 498.60687256 255 64 64
153.88389587 261.07241821 498.58911133 255 64 64
153.88432312 261.07199097 498.59350586 255 64 64
148.59115601 311.21951294 414.26617432 255 64 64
148.59140015 311.21673584 414.27383423 255 64 64
148.58987427 311.21646118 414.25720215 255 64 64
148.59240723 311.21350098 414.26361084 255 64 64
238.21429443 339.19619751 454.77874756 255 64 64
238.21603394 339.18072510 454.79470825 255 64 64
238.19700623 339.18957520 454.77215576 255 64 64
238.20043945 339.17883301 454.78622437 255 64 64
110.69705200 277.08853149 480.68490601 255 64 64
110.69373322 277.08166504 480.69338989 255 64 64
110.68970490 277.08563232 480.67651367 255 64 64
110.69248199 277.08221436 480.67858887 255 64 64
164.55758667 333.63018799 481.86883545 255 64 64
164.56015015 333.61492920 481.87823486 255 64 64
164.54144287 333.62417603 481.85284424 255 64 64
164.54673767 333.61688232 481.85995483 255 64 64
136.71888733 307.75036621 438.43594360 255 64 64
136.71826172 307.74645996 438.44580078 255 64 64
136.71563721 307.74694824 438.42776489 255 64 64
136.71665955 307.74487305 438.43597412 255 64 64
147.66186523 299.18310547 502.24505615 255 64 64
147.65623474 299.17297363 502.25680542 255 64 64
147.65814209 299.18090820 502.24279785 255 64 64
147.65542603 299.17828369 502.24911499 255 64 64
219.95013428 266.24981689 452.82766724 255 64 64
219.95872498 266.23529053 452.84194946 255 64 64
219.93490601 266.24301147 452.82556152 255 64 64
219.94815063 266.23068237 452.83361816 255 64 64
147.07189941 287.66076660 489.89352417 255 64 64
147.06735229 287.65127563 489.89843750 255 64 64
147.05892944 287.65771484 489.88418579 255 64 64
147.05685425 287.65545654 489.88391113 255 64 64
125.92845154 304.90917969 485.72888184 255 64 64
125.92370605 304.90274048 485.74133301 255 64 64
125.92736816 304.90063477 485.72186279 255 64 64
125.92779541 304.90039062 485.73040771 255 64 64
111.17411041 273.39340210 493.77923584 255 64 64
111.17354584 273.38922119 493.78335571 255 64 64
111.16213989 273.38757324 493.77090454 255 64 64
111.16658783 273.38766479 493.77130127 255 64 64
190.87985229 334.09783936 428.56826782 255 64 64
190.88117981 334.08856201 428.58755493 255 64 64
190.85627747 334.09399414 428.56124878 255 64 64
190.85946655 334.08810425 428.57757568 255 64 64
185.44580078 301.36019897 476.29171753 255 64 64
185.43769836 301.34561157 476.29953003 255 64 64
185.44331360 301.35226440 476.28948975 255 64 64
185.43827820 301.34384155 476.29138184 255 64 64
160.56253052 330.69369507 500.75561523 255 64 64
160.56243896 330.67672729 500.77697754 255 64 64
160.55178833 330.67730713 500.74902344 255 64 64
160.55645752 330.67178345 500.76416016 255 64 64
218.92010498 336.61029053 454.76953125 255 64 64
218.91593933 336.59710693 454.78665161 255 64 64
218.90664673 336.60174561 454.76025391 255 64 64
218.90545654 336.59268188 454.77352905 255 64 64
154.60867310 265.85385132 476.26522827 255 64 64
154.60671997 265.84451294 476.27563477 255 64 64
154.59635925 265.84924316 476.26025391 255 64 64
154.59925842 265.84286499 476.26577759 255 64 64
133.72125244 302.97561646 425.98678589 255 64 64
133.72349548 302.97036743 425.99496460 255 64 64
133.71955872 302.97103882 425.97357178 255 64 64
133.72201538 302.96643066 425.98248291 255 64 64
171.18461609 333.31307983 467.22143555 255 64 64
171.18022156 333.30187988 467.23754883 255 64 64
171.17404175 333.30636597 467.21517944 255 64 64
171.17337036 333.30191040 467.22805786 255 64 64
159.33866882 287.40216064 478.80801392 255 64 64
159.33226013 287.39160156 478.81420898 255 64 64
159.33712769 287.39767456 478.80914307 255 64 64
159.33474731 287.39202881 478.80917358 255 64 64
146.02929688 271.25625610 504.50717163 255 64 64
146.02529907 271.24664307 504.51904297 255 64 64
146.01789856 271.25390625 504.50711060 255 64 64
146.01612854 271.25350952 504.51257324 255 64 64
179.88537598 263.67755127 457.97317505 255 64 64
179.87768555 263.66830444 457.98040771 255 64 64
179.87144470 263.67364502 457.96917725 255 64 64
179.87214661 263.66720581 457.96969604 255 64 64
183.53153992 335.06863403 450.17660522 255 64 64
183.52963257 335.05529785 450.18988037 255 64 64
183.51667786 335.05987549 450.16787720 255 64 64
183.51741028 335.05047607 450.17843628 255 64 64
138.97560120 245.66738892 524.68798828 255 64 64
138.97109985 245.65928650 524.70141602 255 64 64
138.95410156 245.65129089 524.68627930 255 64 64
138.95523071 245.65296936 524.69226074 255 64 64
212.85160828 294.42425537 462.48214722 255 64 64
212.83912659 294.41302490 462.49078369 255 64 64
212.84536743 294.41830444 462.47738647 255 64 64
212.83995056 294.40844727 462.48080444 255 64 64
120.92775726 284.01947021 436.00885010 255 64 64
120.92526245 284.01397705 436.01568604 255 64 64
120.92053986 284.01214600 436.00177002 255 64 64
120.92103577 284.00738525 436.00701904 255 64 64
155.92620850 246.81086731 506.66448975 255 64 64
155.92448425 246.80252075 506.68066406 255 64 64
155.92471313 246.80137634 506.66107178 255 64 64
155.92765808 246.79942322 506.66891479 255 64 64
181.67729187 289.74578857 475.58932495 255 64 64
181.66780090 289.73306274 475.59945679 255 64 64
181.67254639 289.73648071 475.58193970 255 64 64
181.66551208 289.72888184 475.58709717 255 64 64
234.12681580 273.90701294 457.55276489 255 64 64
234.12432861 273.89703369 457.56536865 255 64 64
234.11029053 273.89105225 457.54803467 255 64 64
234.11602783 273.88287354 457.55435181 255 64 64
216.57766724 293.93350220 435.82369995 255 64 64
216.57614136 293.92254639 435.83108521 255 64 64
216.56149292 293.93072510 435.81628418 255 64 64
216.56524658 293.92037964 435.82040405 255 64 64
242.21597290 325.33898926 471.71130371 255 64 64
242.20828247 325.32373047 471.71853638 255 64 64
242.20281982 325.32888794 471.70892334 255 64 64
242.20019531 325.32003784 471.71182251 255 64 64
244.70703125 339.77340698 461.06930542 255 64 64
244.70982361 339.75653076 461.07662964 255 64 64
244.68878174 339.76776123 461.06289673 255 64 64
244.69302368 339.75772095 461.06845093 255 64 64
206.45147705 310.38009644 469.67581177 255 64 64
206.44703674 310.36431885 469.68493652 255 64 64
206.44319153 310.36825562 469.67166138 255 64 64
206.44146729 310.35662842 469.67654419 255 64 64
123.82577515 297.68185425 456.50689697 255 64 64
123.82304382 297.67642212 456.51397705 255 64 64
123.82197571 297.67697144 456.49743652 255 64 64
123.82234192 297.67376709 456.50167847 255 64 64
198.76007080 321.43145752 477.97872925 255 64 64
198.75698853 321.41128540 477.99902344 255 64 64
198.74700928 321.43124390 477.97305298 255 64 64
198.74609375 321.41940308 477.98822021 255 64 64
247.76452637 285.73291016 453.86230469 255 64 64
247.77304077 285.71786499 453.87100220 255 64 64
247.75973511 285.72024536 453.86318970 255 64 64
247.77209473 285.70831299 453.86898804 255 64 64
142.03482056 307.25762939 511.41326904 255 64 64
142.03164673 307.24682617 511.43453979 255 64 64
142.03260803 307.25146484 511.40933228 255 64 64
142.03384399 307.25158691 511.42349243 255 64 64
198.61659241 258.90078735 452.77505493 255 64 64
198.61398315 258.89102173 452.78799438 255 64 64
198.59631348 258.89248657 452.77572632 255 64 64
198.60317993 258.88458252 452.77996826 255 64 64
176.85176086 326.33731079 403.24859619 255 64 64
176.85687256 326.33526611 403.25787354 255 64 64
176.83850098 326.34039307 403.24044800 255 64 64
176.84521484 326.33871460 403.24884033 255 64 64
212.08110046 327.42877197 418.51834106 255 64 64
212.07795715 327.41973877 418.53384399 255 64 64
212.06175232 327.42947388 418.51446533 255 64 64
212.06146240 327.42218018 418.52676392 255 64 64
164.86404419 249.76437378 498.75448608 255 64 64
164.86457825 249.75534058 498.76907349 255 64 64
164.86013794 249.75392151 498.75073242 255 64 64
164.86386108 249.75244141 498.75802612 255 64 64
114.61661530 275.22109985 442.90252686 255 64 64
114.61089325 275.21618652 442.90588379 255 64 64
114.60832214 275.21847534 442.89193726 255 64 64
114.60746002 275.21301270 442.89419556 255 64 64
328.56405640 247.96875000 365.21447754 64 255 128
118.83691406 217.71929932 542.20758057 64 255 128
158.52400208 303.53100586 389.68099976 64 255 128
189.22717285 132.40985107 395.33377075 64 255 128
270.33850098 337.58102417 461.23324585 64 255 128
224.39744568 221.91308594 477.73074341 64 255 128
106.90725708 209.36383057 425.69064331 64 255 128
152.42500305 324.65698242 503.45199585 64 255 128
229.52194214 227.62677002 375.08074951 64 255 128
143.46002197 144.63018799 479.17138672 64 255 128
238.47622681 305.38223267 395.66387939 64 255 128
150.98287964 231.72483826 363.32458496 64 255 128
280.19219971 252.55313110 430.40103149 64 255 128
107.58399963 263.60000610 489.15499878 64 255 128
212.84083557 294.41958618 462.48114014 64 255 128
233.97947693 177.47447205 424.45950317 64 255 128
137.88955688 169.31707764 380.56420898 64 255 128
164.06921387 207.64857483 496.60617065 64 255 128
104.59981537 194.11312866 485.01470947 64 255 128
131.51499939 304.46301270 446.46002197 64 255 128
300.01037598 307.17214966 413.53115845 64 255 128
185.12030029 235.56018066 437.27017212 64 255 128
117.54400635 260.92999268 409.58801270 64 255 128
201.31317139 274.86230469 360.22839355 64 255 128
190.86700439 334.09100342 428.57800293 64 255 128
195.18972778 140.56877136 453.63473511 64 255 128
192.20973206 183.39068604 369.25567627 64 255 128
121.75096893 155.65921021 431.14172363 64 255 128
120.95899963 273.07400513 538.96704102 64 255 128
159.93905640 257.65621948 482.83407593 64 255 128
230.47042847 257.84661865 425.97384644 64 255 128
289.56442261 228.33148193 388.13452148 64 255 128
191.76000977 339.54800415 480.18301392 64 255 128
133.59761047 178.49212646 516.81518555 64 255 128
262.99957275 266.02316284 391.16894531 64 255 128
261.66503906 293.10003662 446.94931030 64 255 128
200.19287109 184.90773010 462.49829102 64 255 128
235.56800842 334.68600464 433.97799683 64 255 128
159.41183472 129.39094543 429.68453979 64 255 128
254.80458069 216.92633057 440.91351318 64 255 128
198.63299561 320.00198364 388.51101685 64 255 128
233.47605896 332.53125000 485.34756470 64 255 128
106.70700073 250.33200073 448.98199463 64 255 128
310.59301758 268.45712280 400.39285278 64 255 128
119.14440155 212.89920044 384.56097412 64 255 128
123.80699921 296.61102295 505.87600708 64 255 128
161.01091003 266.59939575 371.95190430 64 255 128
191.83125305 231.89794922 360.20474243 64 255 128
172.80200195 297.76300049 482.64398193 64 255 128
162.03599548 328.14700317 454.83099365 64 255 128
105.74317932 232.54222107 508.50720215 64 255 128
251.98286438 252.62623596 457.95190430 64 255 128
218.49844360 164.54353333 390.92550659 64 255 128
144.56051636 240.09773254 518.53344727 64 255 128
151.39746094 136.17352295 393.36700439 64 255 128
266.16604614 322.98535156 413.09225464 64 255 128
190.61984253 232.17778015 493.13385010 64 255 128
215.68124390 143.35217285 421.44329834 64 255 128
243.89869690 209.94563293 405.62261963 64 255 128
168.28576660 170.87875366 481.99847412 64 255 128
103.20186615 223.82868958 467.41723633 64 255 128
233.19544983 266.08120728 374.24545288 64 255 128
156.66473389 195.25064087 363.82281494 64 255 128
187.14376831 267.65029907 458.99221802 64 255 128
107.38515472 181.95365906 451.39929199 64 255 128
156.22999573 318.61199951 421.99002075 64 255 128
133.29600525 293.70300293 411.18499756 64 255 128
117.16146851 180.82307434 406.45233154 64 255 128
233.81033325 193.01393127 461.00347900 64 255 128
170.54763794 157.49200439 374.66183472 64 255 128
215.82124329 232.82904053 448.11709595 64 255 128
117.75000000 290.53198242 472.45999146 64 255 128
122.16554260 167.61082458 487.45941162 64 255 128
130.71615601 247.19798279 384.23632812 64 255 128
220.38142395 198.88497925 384.49816895 64 255 128
217.57536316 287.63647461 431.84875488 64 255 128
139.13600159 318.31198120 474.13400269 64 255 128
275.02514648 296.23715210 398.49374390 64 255 128
212.72200012 333.95001221 457.74798584 64 255 128
142.47596741 209.25964355 523.47418213 64 255 128
165.45101929 132.78230286 459.87420654 64 255 128
244.63513184 242.00209045 400.55050659 64 255 128
215.79035950 297.02383423 377.56216431 64 255 128
112.71952057 200.85523987 515.80364990 64 255 128
142.53999329 270.85302734 512.38195801 64 255 128
109.42066956 232.43461609 408.42575073 64 255 128
286.46356201 322.89971924 436.15435791 64 255 128
184.51100159 297.80599976 373.61300659 64 255 128
284.40661621 283.35449219 427.71884155 64 255 128
138.04554749 137.82991028 449.54339600 64 255 128
216.14199829 323.98098755 412.35598755 64 255 128
116.91000366 276.86599731 434.81500244 64 255 128
189.69514465 129.53454590 424.58670044 64 255 128
238.61085510 310.73736572 461.89157104 64 255 128
192.95751953 204.45901489 485.68447876 64 255 128
216.17704773 166.58964539 443.91415405 64 255 128
219.94520569 266.23886108 452.82876587 64 255 128
147.06799316 287.66198730 489.88800049 64 255 128
138.11999512 275.54800415 389.93002319 64 255 128
234.41307068 229.78651428 427.19378662 64 255 128
266.13104248 233.65667725 414.41925049 64 255 128
194.67793274 241.07832336 465.98495483 64 255 128
113.47445679 245.10803223 534.58032227 64 255 128
120.78199768 156.59153748 460.31967163 64 255 128
176.84899902 326.33599854 403.25497437 64 255 128
130.55821228 155.12817383 404.90518188 64 255 128
287.51132202 254.93940735 391.45492554 64 255 128
181.71569824 206.51025391 361.61404419 64 255 128
215.40927124 245.93685913 363.50405884 64 255 128
164.54899597 333.62399292 481.86599731 64 255 128
171.71023560 248.07919312 359.29376221 64 255 128
107.64600372 262.63400269 515.32000732 64 255 128
244.69700623 339.75500488 461.06698608 64 255 128
242.01785278 278.47097778 455.60885620 64 255 128
163.81068420 242.01335144 500.75848389 64 255 128
149.23236084 164.06140137 496.80606079 64 255 128
263.26025391 335.92501831 437.15173340 64 255 128
310.79919434 246.66749573 386.32397461 64 255 128
162.73121643 277.40722656 466.06729126 64 255 128
195.11981201 154.03622437 380.41549683 64 255 128
192.89659119 312.11517334 477.71243286 64 255 128
188.13180542 163.48149109 462.90805054 64 255 128
207.08728027 211.39743042 368.49520874 64 255 128
133.78326416 195.34266663 374.78930664 64 255 128
138.51950073 139.29859924 421.33105469 64 255 128
249.71185303 229.39505005 465.42895508 64 255 128
186.13999939 336.47201538 456.67401123 64 255 128
151.09609985 191.09443665 506.61767578 64 255 128
291.25402832 239.07424927 412.40048218 64 255 128
229.31803894 212.34089661 442.80740356 64 255 128
108.64800262 268.09701538 465.63900757 64 255 128
196.52578735 218.36566162 449.37728882 64 255 128
247.05267334 281.30532837 389.33825684 64 255 128
229.94999695 186.76315308 401.55218506 64 255 128
168.55224609 127.82372284 406.84887695 64 255 128
266.10583496 238.78640747 445.54257202 64 255 128
127.45691681 196.46319580 534.77111816 64 255 128
214.61358643 200.76416016 472.74755859 64 255 128
265.36767578 265.76049805 444.08709717 64 255 128
260.92672729 317.85900879 452.23617554 64 255 128
105.94636536 206.40147400 450.01629639 64 255 128
289.46459961 278.60092163 398.34420776 64 255 128
103.75026703 226.57136536 443.36276245 64 255 128
244.56637573 199.16070557 426.45056152 64 255 128
243.66609192 325.06323242 413.45703125 64 255 128
209.67495728 142.41055298 398.36856079 64 255 128
102.37335205 218.02929688 488.05990601 64 255 128
209.89256287 217.94163513 494.74743652 64 255 128
135.27969360 231.28804016 536.58343506 64 255 128
113.40039062 183.03895569 429.05126953 64 255 128
267.12057495 244.38662720 394.13156128 64 255 128
170.07977295 178.37408447 367.13464355 64 255 128
195.26106262 253.34596252 358.19824219 64 255 128
103.95178986 241.64662170 488.11273193 64 255 128
313.78372192 289.17672729 407.19915771 64 255 128
182.73431396 187.30970764 476.33038330 64 255 128
227.04116821 160.01318359 410.42962646 64 255 128
295.00189209 267.44635010 416.17379761 64 255 128
142.03601074 307.25399780 511.42001343 64 255 128
172.92671204 150.57002258 473.58172607 64 255 128
191.09179688 287.31497192 469.79824829 64 255 128
210.54637146 238.54054260 480.63992310 64 255 128
178.47880554 278.81661987 365.83145142 64 255 128
111.60964966 205.71118164 404.13455200 64 255 128
131.35301208 287.52499390 523.85900879 64 255 128
104.60261536 247.49337769 469.69427490 64 255 128
109.64500427 247.85299683 427.85098267 64 255 128
131.46931458 229.35128784 373.78814697 64 255 128
115.81501007 183.05297852 503.09967041 64 255 128
220.34298706 312.73098755 394.84597778 64 255 128
125.92900085 304.90600586 485.73101807 64 255 128
110.18158722 177.29492188 471.64660645 64 255 128
202.33670044 252.73394775 449.09234619 64 255 128
277.31585693 304.21331787 434.95843506 64 255 128
210.43850708 180.02146912 379.31817627 64 255 128
257.34738159 305.92257690 402.73703003 64 255 128
232.83726501 243.96318054 454.00659180 64 255 128
173.13502502 253.27516174 465.28463745 64 255 128
139.00700378 307.82000732 427.09100342 64 255 128
162.30999756 286.72799683 377.75601196 64 255 128
180.95652771 127.58058167 443.66586304 64 255 128
172.14973450 139.36442566 385.75601196 64 255 128
211.71798706 332.43399048 436.99600220 64 255 128
170.13571167 222.92492676 359.89904785 64 255 128
254.76446533 333.40698242 477.18597412 64 255 128
113.69400024 279.33401489 501.67297363 64 255 128
157.26300049 304.53802490 495.17800903 64 255 128
180.07382202 249.55822754 485.09671021 64 255 128
244.98033142 253.56515503 382.98480225 64 255 128
241.25198364 259.41073608 442.28909302 64 255 128
219.70167542 279.80465698 368.42568970 64 255 128
168.98800659 329.04400635 433.65100098 64 255 128
210.51559448 145.25807190 440.87274170 64 255 128
151.72734070 152.00813293 380.02319336 64 255 128
110.98954773 225.32475281 524.88958740 64 255 128
149.12809753 249.59225464 368.79177856 64 255 128
232.07702637 223.70059204 394.17407227 64 255 128
307.04678345 229.22222900 377.53576660 64 255 128
130.32775879 252.24206543 537.17480469 64 255 128
219.14541626 313.86413574 461.51370239 64 255 128
252.73522949 220.09765625 421.51367188 64 255 128
195.47100830 330.30200195 409.76501465 64 255 128
142.28550720 211.13198853 367.46987915 64 255 128
180.04701233 313.98699951 386.08398438 64 255 128
151.62460327 218.21600342 510.06298828 64 255 128
117.02299500 286.29101562 453.56500244 64 255 128
147.47999573 308.89401245 407.74301147 64 255 128
228.02586365 223.36680603 459.05456543 64 255 128
285.02090454 321.96585083 416.08532715 64 255 128
145.01098633 317.58599854 449.82800293 64 255 128
118.39099884 244.23500061 399.71301270 64 255 128
215.80299377 332.24899292 476.44998169 64 255 128
219.49700928 182.59992981 454.47293091 64 255 128
102.28903961 204.11671448 470.10198975 64 255 128
120.95545959 191.65045166 388.76296997 64 255 128
238.74699402 188.07217407 440.62939453 64 255 128
128.31900024 305.85101318 464.99697876 64 255 128
234.18930054 288.86587524 380.88772583 64 255 128
175.04072571 223.36517334 498.24728394 64 255 128
177.82199097 319.91799927 486.35699463 64 255 128
243.65892029 231.63557434 445.36111450 64 255 128
107.37513733 228.71488953 426.16961670 64 255 128
245.25936890 206.77951050 456.98492432 64 255 128
126.43099976 291.13998413 427.99301147 64 255 128
167.29167175 188.69071960 488.77120972 64 255 128
120.07845306 168.40588379 418.77951050 64 255 128
301.04470825 252.05580139 404.30572510 64 255 128
297.91552734 289.29266357 416.53698730 64 255 128
223.80152893 157.50056458 429.86413574 64 255 128
232.47694397 245.17031860 372.61032104 64 255 128
204.89974976 275.76510620 460.20867920 64 255 128
133.57000732 266.52499390 527.85400391 64 255 128
233.07850647 212.27951050 420.00283813 64 255 128
121.91300201 277.62298584 414.48101807 64 255 128
105.58448029 211.89891052 503.50653076 64 255 128
212.61311340 228.09962463 365.83862305 64 255 128
200.89962769 291.80368042 368.47351074 64 255 128
178.35299683 337.36898804 492.42098999 64 255 128
202.99931335 133.76301575 413.49163818 64 255 128
149.48353577 178.79457092 370.83435059 64 255 128
121.93890381 234.58029175 547.98767090 64 255 128
220.31298828 248.31082153 442.14419556 64 255 128
145.49798584 291.21701050 392.69400024 64 255 128
114.17777252 167.09919739 442.79660034 64 255 128
152.41989136 132.09262085 412.22848511 64 255 128
130.86442566 167.04666138 502.91317749 64 255 128
140.18901062 287.67898560 508.48400879 64 255 128
138.04100037 313.35101318 494.81298828 64 255 128
203.01950073 157.27189636 450.97583008 64 255 128
214.38883972 264.43011475 362.30001831 64 255 128
159.56188965 155.59107971 483.69284058 64 255 128
125.50499725 260.18301392 394.46099854 64 255 128
124.82034302 173.07749939 392.71090698 64 255 128
291.45025635 297.66827393 401.83477783 64 255 128
246.85275269 236.00083923 415.49365234 64 255 128
278.06637573 233.95132446 400.38961792 64 255 128
228.68499756 336.94198608 452.71643066 64 255 128
141.98500061 261.63900757 380.98202515 64 255 128
178.35285950 263.99508667 359.57006836 64 255 128
187.51268005 243.91900635 452.01477051 64 255 128
116.95100403 291.12698364 489.98999023 64 255 128
153.26972961 131.03961182 447.57385254 64 255 128
251.25753784 333.60043335 426.39880371 64 255 128
264.77102661 283.01049805 393.67211914 64 255 128
148.03900146 253.46305847 510.91455078 64 255 128
139.49194336 140.89804077 404.45010376 64 255 128
147.83078003 137.32792664 464.12240601 64 255 128
299.28347778 322.01971436 425.09149170 64 255 128
151.16880798 273.53030396 478.62948608 64 255 128
163.27099609 317.04501343 400.39599609 64 255 128
115.44799805 276.58700562 519.88897705 64 255 128
279.11065674 268.98983765 433.93359375 64 255 128
207.34791565 194.79412842 373.42428589 64 255 128
232.75724792 293.63095093 457.85885620 64 255 128
233.46141052 207.26815796 392.48788452 64 255 128
158.88450623 139.93107605 476.01257324 64 255 128
157.01858521 178.07974243 495.40368652 64 255 128
212.22624207 234.47740173 464.95202637 64 255 128
188.65312195 166.81555176 372.83425903 64 255 128
264.56771851 226.86056519 432.43133545 64 255 128
227.40922546 275.02941895 424.78778076 64 255 128
181.94157410 136.60511780 462.15676880 64 255 128
301.27954102 236.69171143 395.59649658 64 255 128
228.53524780 208.80334473 468.59231567 64 255 128
110.69400024 277.08898926 480.68402100 64 255 128
200.74038696 233.50782776 440.75262451 64 255 128
199.60800171 307.75698853 377.91897583 64 255 128
111.31999969 269.48199463 448.10198975 64 255 128
118.07397461 228.10351562 388.19485474 64 255 128
176.53498840 328.35000610 419.40600586 64 255 128
130.53283691 153.92741394 478.21246338 64 255 128
133.75396729 213.61526489 537.91094971 64 255 128
231.03399658 339.27499390 471.40100098 64 255 128
131.43687439 144.47892761 436.43554688 64 255 128
171.17799377 333.30300903 467.22497559 64 255 128
228.67068481 326.48654175 421.92266846 64 255 128
133.62318420 145.80560303 463.26473999 64 255 128
277.82531738 331.76437378 447.36703491 64 255 128
257.20639038 222.38455200 406.46411133 64 255 128
104.85321045 248.48159790 504.59109497 64 255 128
242.19888306 325.32250977 471.71493530 64 255 128
249.23420715 339.00878906 444.73068237 64 255 128
225.47596741 213.24615479 380.16394043 64 255 128
200.42199707 336.48498535 448.07199097 64 255 128
113.85200500 263.82897949 426.37500000 64 255 128
205.74000549 331.14300537 421.89700317 64 255 128
229.15205383 317.65344238 406.41986084 64 255 128
151.05099487 325.83801270 467.04000854 64 255 128
277.65719604 310.84530640 407.61718750 64 255 128
145.90872192 271.94265747 496.17578125 64 255 128
166.41099548 326.30300903 496.40399170 64 255 128
138.76591492 151.90188599 389.25738525 64 255 128
230.32360840 172.06085205 440.41094971 64 255 128
108.41570282 245.51484680 519.56250000 64 255 128
111.15540314 192.95169067 418.12493896 64 255 128
267.18612671 244.71083069 426.55944824 64 255 128
164.36064148 208.69020081 360.18374634 64 255 128
150.57800293 327.08901978 484.41299438 64 255 128
203.15748596 173.26351929 451.64846802 64 255 128
201.94599915 333.58999634 469.39700317 64 255 128
237.90832520 194.72128296 413.03543091 64 255 128
274.91229248 329.76980591 428.56582642 64 255 128
318.72702026 236.98587036 370.89920044 64 255 128
111.85300446 260.75299072 532.01000977 64 255 128
160.35595703 256.91842651 498.61190796 64 255 128
178.20823669 201.63652039 488.05300903 64 255 128
153.20500183 321.32400513 436.87298584 64 255 128
120.66658020 186.63690186 518.74230957 64 255 128
139.80096436 193.62292480 523.10791016 64 255 128
205.74888611 134.94517517 429.52276611 64 255 128
226.86723328 301.48089600 385.45025635 64 255 128
173.61683655 193.52784729 362.17391968 64 255 128
273.01617432 282.44003296 439.08682251 64 255 128
219.52354431 209.11114502 486.77801514 64 255 128
206.05436707 317.96710205 471.11914062 64 255 128
277.09185791 265.33526611 394.61145020 64 255 128
157.48254395 164.82360840 373.04483032 64 255 128
247.73710632 297.84429932 455.01473999 64 255 128
221.34556580 229.82588196 490.10116577 64 255 128
105.38152313 189.76039124 465.28912354 64 255 128
290.51068115 301.11346436 423.44805908 64 255 128
256.88409424 272.02563477 455.27520752 64 255 128
130.32699585 281.84301758 402.58300781 64 255 128
184.53718567 128.12641907 410.62557983 64 255 128
144.30708313 133.78652954 433.80691528 64 255 128
257.75677490 225.73832703 452.49493408 64 255 128
175.34098816 129.39936829 428.62744141 64 255 128
108.27091217 198.41896057 434.08642578 64 255 128
195.11853027 199.02801514 366.18646240 64 255 128
114.52470398 210.28492737 527.56506348 64 255 128
206.17819214 165.82839966 380.85913086 64 255 128
175.82621765 236.90219116 489.81582642 64 255 128
137.07275391 155.33238220 491.48306274 64 255 128
232.72888184 224.31024170 408.95242310 64 255 128
298.00228882 265.31851196 392.38906860 64 255 128
179.49450684 172.40229797 471.96603394 64 255 128
174.87033081 283.34939575 471.66223145 64 255 128
249.00619507 231.11076355 431.83529663 64 255 128
192.48988342 216.88481140 362.34857178 64 255 128
194.04806519 133.18121338 438.30270386 64 255 128
159.33975220 287.40017700 478.80728149 64 255 128
109.13745880 219.00840759 409.99264526 64 255 128
170.16799927 301.26101685 381.07699585 64 255 128
104.30319977 233.86755371 459.43640137 64 255 128
227.53218079 279.47399902 459.11080933 64 255 128
230.98521423 232.80398560 469.81112671 64 255 128
177.56800842 333.84002686 444.48599243 64 255 128
201.69642639 231.92895508 454.01550293 64 255 128
298.28683472 240.34361267 381.74459839 64 255 128
227.28681946 172.45857239 400.35339355 64 255 128
196.26663208 241.79206848 482.08807373 64 255 128
273.88555908 253.45751953 443.93014526 64 255 128
123.45397949 153.03561401 445.39172363 64 255 128
145.08554077 178.28547668 508.17346191 64 255 128
118.71042633 257.36767578 546.41400146 64 255 128
111.84600830 179.75559998 485.86474609 64 255 128
273.99267578 318.91131592 442.58651733 64 255 128
132.96694946 182.41213989 380.05590820 64 255 128
205.67163086 231.52859497 493.76745605 64 255 128
300.97595215 286.41168213 401.03076172 64 255 128
149.50999451 279.21301270 382.25497437 64 255 128
232.38867188 237.04896545 386.04052734 64 255 128
210.09899902 322.06500244 397.97000122 64 255 128
185.91424561 142.69165039 383.73843384 64 255 128
228.44369507 321.12841797 469.61911011 64 255 128
192.35427856 218.46385193 495.70004272 64 255 128
161.23905945 263.32876587 469.10327148 64 255 128
164.86563110 235.42541504 360.16647339 64 255 128
244.21037292 202.25527954 443.67294312 64 255 128
123.48899841 291.96398926 441.72201538 64 255 128
143.61251831 223.72055054 522.85852051 64 255 128
190.91500854 325.96902466 483.58300781 64 255 128
139.02859497 240.02679443 370.47976685 64 255 128
198.64842224 197.54382324 474.17260742 64 255 128
118.02592468 165.80543518 471.93884277 64 255 128
112.32347870 169.89624023 459.36883545 64 255 128
290.36297607 252.92224121 420.10147095 64 255 128
250.47940063 295.80191040 395.51797485 64 255 128
211.93699646 309.58398438 384.07400513 64 255 128
258.76660156 340.03970337 454.12902832 64 255 128
216.65470886 295.00939941 444.22732544 64 255 128
112.43004608 218.92602539 396.05465698 64 255 128
206.27925110 150.46716309 387.68545532 64 255 128
220.40846252 180.60919189 388.88897705 64 255 128
187.90768433 149.79751587 461.53271484 64 255 128
108.68455505 193.69134521 498.76074219 64 255 128
161.51332092 227.03034973 503.31597900 64 255 128
244.27929688 315.51943970 403.28717041 64 255 128
257.20468140 240.27027893 456.14923096 64 255 128
249.10330200 318.33093262 459.77697754 64 255 128
189.66613770 177.00872803 463.48721313 64 255 128
107.42800140 239.97000122 440.23901367 64 255 128
202.84135437 240.48692322 361.09130859 64 255 128
187.42599487 324.72900391 394.97000122 64 255 128
257.39547729 253.37528992 389.38598633 64 255 128
249.35850525 268.01391602 387.46160889 64 255 128
129.28680420 148.69619751 419.57412720 64 255 128
161.06632996 256.51766968 365.23266602 64 255 128
112.27700043 244.89599609 411.87701416 64 255 128
255.83654785 236.52107239 403.68780518 64 255 128
130.83338928 216.45080566 373.07327271 64 255 128
231.97448730 181.31048584 450.00427246 64 255 128
231.89904785 226.47140503 439.36611938 64 255 128
166.20098877 313.46499634 491.12100220 64 255 128
226.72747803 260.75811768 441.39831543 64 255 128
219.13383484 146.89668274 409.19500732 64 255 128
277.27484131 283.22811890 396.32705688 64 255 128
310.30209351 259.21994019 390.42416382 64 255 128
205.96844482 208.34318542 486.72521973 64 255 128
166.61499023 322.57598877 412.91900635 64 255 128
283.68899536 239.91740417 389.41674805 64 255 128
265.40124512 305.59094238 445.16098022 64 255 128
109.66199493 257.09597778 437.14498901 64 255 128
147.66000366 299.18200684 502.24499512 64 255 128
185.43907166 301.35971069 476.29461670 64 255 128
114.44409943 230.56651306 536.31250000 64 255 128
182.53332520 246.90509033 472.58517456 64 255 128
200.43453979 297.73950195 468.20816040 64 255 128
103.36527252 236.29830933 475.77825928 64 255 128
154.17510986 205.23191833 504.66757202 64 255 128
304.94732666 277.42050171 409.48999023 64 255 128
172.78622437 269.39688110 459.23107910 64 255 128
131.06900024 298.69198608 517.22595215 64 255 128
180.87144470 238.65426636 359.46640015 64 255 128
277.18899536 242.34104919 417.54281616 64 255 128
122.65393829 166.60943604 405.83636475 64 255 128
107.79199982 265.39199829 502.67703247 64 255 128
264.54757690 252.84870911 452.83560181 64 255 128
137.12100220 313.48602295 459.50299072 64 255 128
130.92073059 161.53451538 392.37744141 64 255 128
223.41999817 337.12301636 439.39599609 64 255 128
156.41436768 218.11088562 362.75549316 64 255 128
243.14910889 239.96687317 460.10440063 64 255 128
313.57650757 282.23297119 396.42004395 64 255 128
223.71391296 236.70527649 367.84542847 64 255 128
232.48164368 205.94090271 456.67349243 64 255 128
168.29731750 127.76367188 443.24349976 64 255 128
123.82157898 238.77809143 385.86938477 64 255 128
223.04519653 255.84748840 366.77038574 64 255 128
219.26179504 193.22459412 461.98077393 64 255 128
260.11401367 330.82550049 463.33786011 64 255 128
104.63258362 218.59996033 454.73699951 64 255 128
138.22239685 253.65725708 522.52355957 64 255 128
255.36796570 319.12387085 407.72329712 64 255 128
290.00585938 230.34315491 402.03433228 64 255 128
181.91499329 338.18499756 472.32501221 64 255 128
220.41308594 154.84063721 398.67041016 64 255 128
123.82399750 297.68197632 456.50100708 64 255 128
119.84899902 285.40499878 510.85699463 64 255 128
189.21897888 287.03710938 366.48876953 64 255 128
144.66229248 191.28811646 369.23004150 64 255 128
299.76730347 253.21807861 386.80273438 64 255 128
232.68550110 180.04205322 411.54800415 64 255 128
107.91390991 218.48513794 514.25915527 64 255 128
121.03799438 282.07299805 529.69494629 64 255 128
285.74880981 311.53079224 429.47509766 64 255 128
174.22703552 131.72131348 395.41946411 64 255 128
182.64299011 210.94314575 494.80838013 64 255 128
163.27728271 147.36378479 379.73995972 64 255 128
105.47485352 194.19636536 452.37582397 64 255 128
126.30850220 204.75782776 377.87359619 64 255 128
191.13206482 267.65362549 358.70770264 64 255 128
115.32698822 192.35777283 400.14132690 64 255 128
103.45642090 233.33023071 496.98171997 64 255 128
113.01599884 279.60501099 464.95397949 64 255 128
196.84127808 140.51037598 389.00421143 64 255 128
262.19284058 296.06454468 395.94723511 64 255 128
158.50086975 246.01588440 360.37576294 64 255 128
189.42500305 335.17797852 441.83700562 64 255 128
107.71799469 260.54199219 455.61599731 64 255 128
114.64453888 171.51188660 431.20516968 64 255 128
234.93069458 207.04010010 430.47772217 64 255 128
233.97634888 265.68338013 451.33081055 64 255 128
122.45899963 270.02700806 403.20599365 64 255 128
225.11621094 234.79377747 455.88186646 64 255 128
182.01649475 255.17179871 455.01162720 64 255 128
143.34100342 314.31201172 437.24301147 64 255 128
105.78099823 259.23498535 475.06799316 64 255 128
254.05639648 283.29153442 451.31372070 64 255 128
246.94114685 208.38253784 417.65359497 64 255 128
176.23315430 167.42184448 370.60363770 64 255 128
253.55120850 263.61956787 446.97308350 64 255 128
182.96215820 223.49716187 359.11184692 64 255 128
171.82292175 249.67416382 494.56860352 64 255 128
301.54785156 225.56512451 387.62924194 64 255 128
173.17500305 290.43298340 374.38699341 64 255 128
229.55432129 277.10134888 374.51196289 64 255 128
242.78820801 338.55227661 473.34683228 64 255 128
226.67066956 196.41452026 394.16799927 64 255 128
131.73001099 305.83798218 501.56701660 64 255 128
180.16772461 151.30009460 377.68362427 64 255 128
208.74412537 283.04418945 365.04403687 64 255 128
224.60296631 152.27233887 418.90728760 64 255 128
143.18000793 223.11880493 365.09588623 64 255 128
161.24899292 295.47698975 488.74301147 64 255 128
120.39254761 205.84532166 537.05603027 64 255 128
202.89488220 264.22055054 456.21694946 64 255 128
308.49267578 299.19522095 411.32672119 64 255 128
103.27420807 206.45491028 483.70346069 64 255 128
153.44633484 235.94180298 509.41265869 64 255 128
162.53292847 132.85491943 395.47033691 64 255 128
170.66044617 137.10557556 469.48236084 64 255 128
208.31684875 254.23449707 360.07449341 64 255 128
226.90380859 305.21862793 464.70831299 64 255 128
287.00802612 263.07153320 425.24383545 64 255 128
235.30477905 221.23704529 382.44567871 64 255 128
148.03233337 201.55644226 513.23101807 64 255 128
152.18800354 312.99798584 502.58499146 64 255 128
233.14772034 250.52407837 444.37982178 64 255 128
108.77690887 186.91923523 441.22622681 64 255 128
217.27297974 219.24263000 371.04138184 64 255 128
239.44926453 188.51467896 425.67608643 64 255 128
289.25964355 310.38726807 410.83389282 64 255 128
150.04100037 302.28399658 397.49700928 64 255 128
252.44158936 212.35905457 430.00012207 64 255 128
224.43658447 289.06402588 374.20285034 64 255 128
200.68342590 175.91680908 374.12002563 64 255 128
102.07958221 217.15164185 476.70230103 64 255 128
213.96580505 204.40138245 375.56994629 64 255 128
105.01971436 215.70312500 438.06796265 64 255 128
276.04333496 292.59963989 434.70602417 64 255 128
105.56725311 248.80575562 480.69689941 64 255 128
173.64700317 319.06500244 394.87902832 64 255 128
158.69689941 184.43772888 366.28973389 64 255 128
137.29818726 243.03663635 529.62426758 64 255 128
277.93988037 248.68948364 393.60668945 64 255 128
236.18605042 234.17808533 403.83486938 64 255 128
146.70132446 162.28013611 378.39093018 64 255 128
132.23500061 301.81100464 434.15002441 64 255 128
116.01068115 201.00520325 393.11584473 64 255 128
240.81370544 192.30038452 451.85873413 64 255 128
130.78671265 186.15199280 525.55877686 64 255 128
125.37093353 175.42785645 509.54556274 64 255 128
181.16766357 182.43096924 365.79275513 64 255 128
218.98121643 276.72415161 434.03567505 64 255 128
255.03134155 308.14700317 452.44247437 64 255 128
200.38299561 334.22100830 434.90200806 64 255 128
222.33900452 338.53302002 464.04000854 64 255 128
227.80439758 233.02363586 480.56790161 64 255 128
129.00340271 146.12413025 452.80325317 64 255 128
241.71961975 293.47479248 389.75195312 64 255 128
135.49899292 275.06597900 520.55499268 64 255 128
150.28315735 150.23594666 486.76419067 64 255 128
254.75233459 326.40405273 418.12457275 64 255 128
234.30828857 198.96182251 403.44329834 64 255 128
151.42900085 258.76699829 375.35598755 64 255 128
176.42245483 161.16375732 472.36645508 64 255 128
179.79299927 332.35897827 430.28198242 64 255 128
200.71710205 135.66267395 400.33602905 64 255 128
116.12840271 178.57298279 417.62557983 64 255 128
188.40100098 309.86898804 379.70001221 64 255 128
132.45500183 298.62100220 421.28500366 64 255 128
168.33755493 127.92201233 420.04388428 64 255 128
303.58453369 276.37353516 396.56646729 64 255 128
200.65135193 225.42488098 361.71780396 64 255 128
212.41152954 324.19869995 464.05590820 64 255 128
105.09532166 238.86688232 449.44100952 64 255 128
224.70245361 268.17947388 367.82049561 64 255 128
118.89824677 198.20323181 528.13531494 64 255 128
271.36541748 245.09887695 437.11303711 64 255 128
141.39300537 300.04901123 404.92800903 64 255 128
112.95899963 254.15098572 417.93899536 64 255 128
175.18887329 131.46803284 454.65298462 64 255 128
221.48899841 330.73699951 429.26599121 64 255 128
104.24032593 222.57933044 499.43029785 64 255 128
103.28444672 210.90020752 461.08160400 64 255 128
268.39556885 255.43496704 392.24563599 64 255 128
187.16581726 133.29832458 452.03155518 64 255 128
168.71800232 277.22497559 371.73101807 64 255 128
114.38208008 234.59149170 398.91806030 64 255 128
109.23448181 238.33332825 419.45489502 64 255 128
188.96241760 231.82717896 445.48815918 64 255 128
123.94990540 158.55819702 416.03421021 64 255 128
241.64125061 273.69708252 382.86376953 64 255 128
296.09375000 318.69812012 415.11730957 64 255 128
207.60417175 241.79328918 447.96548462 64 255 128
239.38400269 331.12399292 424.37402344 64 255 128
136.70123291 204.55300903 531.57598877 64 255 128
215.91282654 154.58932495 441.97207642 64 255 128
230.66674805 167.33169556 421.80697632 64 255 128
266.87667847 310.10659790 405.44299316 64 255 128
186.53170776 196.60063171 480.54382324 64 255 128
182.02230835 254.19017029 359.72531128 64 255 128
202.27732849 138.64276123 443.11401367 64 255 128
152.88600159 289.59301758 384.88000488 64 255 128
240.89634705 251.43217468 453.05151367 64 255 128
214.31185913 258.35205078 445.65884399 64 255 128
224.40100098 336.83401489 481.26000977 64 255 128
266.49761963 326.95996094 453.25906372 64 255 128
209.53828430 305.36102295 466.13882446 64 255 128
240.42395020 244.34863281 389.19827271 64 255 128
127.77253723 222.77214050 545.44702148 64 255 128
117.46909332 244.10258484 543.67724609 64 255 128
240.32641602 215.71246338 391.51202393 64 255 128
203.03823853 264.51837158 360.00891113 64 255 128
147.61700439 312.35098267 420.01101685 64 255 128
168.80426025 253.17301941 475.09390259 64 255 128
167.55700684 336.73300171 492.05899048 64 255 128
309.14099121 239.83110046 377.22512817 64 255 128
243.94134521 331.74829102 483.37762451 64 255 128
264.45199585 276.40948486 446.74383545 64 255 128
223.53895569 266.13500977 430.00491333 64 255 128
219.58488464 235.87580872 472.62210083 64 255 128
137.41900635 290.62899780 401.51901245 64 255 128
184.88639832 278.20007324 468.16561890 64 255 128
238.87272644 337.80380249 447.45251465 64 255 128
117.19050598 176.24822998 494.37139893 64 255 128
206.08900452 328.64999390 410.28198242 64 255 128
142.41600037 318.58398438 486.49401855 64 255 128
109.68968964 207.53465271 415.01654053 64 255 128
224.06880188 203.88792419 476.98138428 64 255 128
160.26661682 194.07325745 495.86770630 64 255 128
152.83932495 204.95445251 363.19287109 64 255 128
142.55101013 317.05902100 504.85598755 64 255 128
205.29789734 225.62939453 445.51742554 64 255 128
104.52749634 249.48451233 459.23602295 64 255 128
263.72872925 226.25788879 421.75686646 64 255 128
105.06455994 255.53286743 494.76483154 64 255 128
206.02799988 299.37600708 374.71701050 64 255 128
159.81199646 325.53601074 444.12402344 64 255 128
233.16035461 253.03628540 434.15853882 64 255 128
105.32173920 205.18325806 493.75860596 64 255 128
265.73040771 328.75473022 423.48458862 64 255 128
194.81048584 273.92581177 463.32009888 64 255 128
160.15901184 331.28198242 467.83300781 64 255 128
102.28591156 229.30253601 486.97653198 64 255 128
194.51818848 168.32920837 454.47991943 64 255 128
289.78598022 326.73291016 424.88003540 64 255 128
130.24107361 242.48817444 540.84570312 64 255 128
267.73553467 239.89425659 405.68499756 64 255 128
111.00074768 176.66995239 440.25695801 64 255 128
174.00466919 184.15650940 481.25820923 64 255 128
159.61840820 168.79214478 489.63690186 64 255 128
177.35398865 307.47500610 482.01998901 64 255 128
251.64892578 327.56298828 467.81793213 64 255 128
126.16899872 303.80401611 475.25097656 64 255 128
126.63883209 264.50161743 539.35089111 64 255 128
191.57699585 335.06100464 468.37402344 64 255 128
114.39699554 270.84799194 528.64599609 64 255 128
122.38200378 282.27297974 424.04898071 64 255 128
191.28279114 188.40907288 470.34625244 64 255 128
155.61898804 315.78100586 411.90298462 64 255 128
181.66979980 289.74493408 475.59039307 64 255 128
149.72888184 261.54440308 505.03970337 64 255 128
234.09600830 339.54400635 461.37698364 64 255 128
229.03367615 310.59365845 398.17111206 64 255 128
213.21165466 283.56869507 460.09942627 64 255 128
301.70544434 264.22235107 408.40957642 64 255 128
116.61259460 162.43888855 452.99795532 64 255 128
257.71853638 274.60855103 390.69631958 64 255 128
132.56298828 266.75299072 389.87698364 64 255 128
258.51708984 260.61703491 456.40753174 64 255 128
157.61506653 140.59580994 385.35903931 64 255 128
234.64839172 255.38879395 373.37783813 64 255 128
245.90136719 260.64425659 453.27420044 64 255 128
106.36239624 219.48669434 429.19644165 64 255 128
220.90641785 218.74613953 490.38937378 64 255 128
191.67834473 254.18701172 450.44299316 64 255 128
184.01821899 193.28764343 363.81500244 64 255 128
291.04226685 276.03741455 420.70892334 64 255 128
139.30418396 249.26669312 377.02429199 64 255 128
140.54193115 168.48092651 505.32711792 64 255 128
167.74900818 308.69900513 387.83999634 64 255 128
159.54600525 318.18801880 497.43301392 64 255 128
237.37867737 231.47042847 458.10763550 64 255 128
212.16598511 139.93145752 412.36218262 64 255 128
150.23001099 268.53799438 378.37500000 64 255 128
153.09985352 262.31698608 491.73843384 64 255 128
189.78466797 277.16622925 361.02545166 64 255 128
216.80999756 334.67199707 446.84799194 64 255 128
160.57299805 324.18502808 430.33599854 64 255 128
124.37100220 301.20001221 495.16601562 64 255 128
149.30052185 132.96061707 424.59655762 64 255 128
192.97991943 130.27850342 404.61459351 64 255 128
172.00639343 270.16519165 364.59024048 64 255 128
185.25799561 329.74899292 410.19201660 64 255 128
110.41908264 237.60165405 526.95574951 64 255 128
111.16699982 273.39300537 493.77502441 64 255 128
121.28817749 182.41838074 393.21234131 64 255 128
214.13084412 307.78494263 454.93676758 64 255 128
270.11013794 272.94918823 394.02536011 64 255 128
169.20399475 232.33601379 496.87744141 64 255 128
206.05560303 193.33975220 467.91976929 64 255 128
201.47200012 326.49298096 400.99600220 64 255 128
258.00399780 340.14300537 470.48501587 64 255 128
146.57888794 145.92054749 386.84445190 64 255 128
287.11276245 244.01589966 423.20004272 64 255 128
229.90545654 215.88136292 429.07916260 64 255 128
144.95500183 320.71701050 460.79699707 64 255 128
208.42839050 179.89724731 457.09994507 64 255 128
221.39450073 174.09523010 449.05566406 64 255 128
251.78215027 226.54985046 441.17059326 64 255 128
124.24899292 247.62300110 392.22198486 64 255 128
241.62283325 263.47039795 381.34115601 64 255 128
174.75700378 338.10800171 483.02902222 64 255 128
288.48303223 267.22811890 394.02359009 64 255 128
269.89923096 337.95413208 447.72250366 64 255 128
186.36193848 127.50708771 433.94216919 64 255 128
212.42481995 144.22242737 431.05429077 64 255 128
305.55691528 234.78813171 385.75488281 64 255 128
140.73774719 142.18994141 469.56570435 64 255 128
119.97000122 297.58001709 482.45800781 64 255 128
284.33560181 293.37927246 427.41571045 64 255 128
157.46299744 330.46099854 490.81799316 64 255 128
130.84449768 239.26702881 377.91754150 64 255 128
172.83666992 210.63146973 493.55236816 64 255 128
188.52476501 245.92575073 357.28955078 64 255 128
185.32858276 240.54953003 483.38284302 64 255 128
145.03500366 289.96899414 499.52700806 64 255 128
291.47912598 245.51046753 386.53051758 64 255 128
174.56781006 213.00245667 360.31362915 64 255 128
198.75100708 321.42098999 477.98400879 64 255 128
262.88992310 226.50006104 442.06863403 64 255 128
253.52543640 229.04463196 417.35934448 64 255 128
128.09201050 275.05902100 532.42102051 64 255 128
234.93521118 230.37451172 417.02612305 64 255 128
281.47192383 237.16708374 409.79208374 64 255 128
236.70903015 214.61697388 400.55654907 64 255 128
200.77626038 284.88452148 464.52050781 64 255 128
295.13238525 256.91442871 412.26809692 64 255 128
160.36488342 226.79008484 361.51412964 64 255 128
194.72587585 154.23449707 455.09735107 64 255 128
118.55599976 289.54898071 501.46401978 64 255 128
168.82098389 160.52391052 478.62762451 64 255 128
140.37699890 199.99035645 369.00045776 64 255 128
222.60394287 290.33905029 460.63598633 64 255 128
186.34001160 331.69299316 420.20199585 64 255 128
111.11499786 273.51400757 511.63296509 64 255 128
108.10143280 180.77572632 461.66387939 64 255 128
171.34599304 331.24099731 454.86999512 64 255 128
106.00770569 187.10369873 477.79708862 64 255 128
198.88700867 336.20199585 457.75399780 64 255 128
208.13600159 317.58001709 388.57000732 64 255 128
300.45773315 298.17254639 405.92187500 64 255 128
228.19647217 214.58950806 454.38888550 64 255 128
201.34941101 308.79922485 471.72415161 64 255 128
128.61024475 163.00895691 493.98416138 64 255 128
122.34099579 298.21899414 468.19100952 64 255 128
182.67599487 329.03997803 487.86700439 64 255 128
210.76899719 273.66381836 362.86227417 64 255 128
132.26499939 310.40200806 480.72497559 64 255 128
292.78894043 310.85937500 422.46777344 64 255 128
155.69799805 310.89898682 400.01400757 64 255 128
225.43475342 220.72119141 467.95343018 64 255 128
159.78099060 275.48699951 375.28601074 64 255 128
133.20370483 146.34271240 410.67337036 64 255 128
108.09700012 238.65699768 430.61502075 64 255 128
155.88600159 331.37802124 476.56198120 64 255 128
179.74311829 128.85954285 419.16781616 64 255 128
243.67845154 194.08796692 434.82470703 64 255 128
185.21386719 246.39924622 463.40066528 64 255 128
275.88851929 259.88742065 436.78561401 64 255 128
233.92852783 320.70797729 414.08056641 64 255 128
108.22229004 235.05151367 517.90979004 64 255 128
153.26599121 324.15899658 455.75198364 64 255 128
146.54202271 230.00273132 516.79150391 64 255 128
144.51463318 189.79556274 515.16809082 64 255 128
113.00986481 191.61114502 507.39337158 64 255 128
170.38600159 257.07220459 361.54049683 64 255 128
224.41661072 239.94540405 448.32397461 64 255 128
253.80596924 244.36114502 397.51925659 64 255 128
180.72554016 232.19108582 496.63882446 64 255 128
215.45866394 188.06863403 381.81900024 64 255 128
107.91099548 269.02401733 476.22399902 64 255 128
229.25302124 166.57696533 432.41616821 64 255 128
138.83271790 216.48182678 530.65783691 64 255 128
286.61843872 289.89486694 398.68969727 64 255 128
113.21700287 268.13198853 436.37298584 64 255 128
277.29895020 332.25064087 437.50744629 64 255 128
235.70732117 205.51123047 440.24066162 64 255 128
197.11419678 241.80850220 445.54092407 64 255 128
159.52374268 217.80261230 502.90615845 64 255 128
149.67100525 324.44000244 493.55398560 64 255 128
105.40000153 256.38101196 465.86401367 64 255 128
259.58364868 218.94735718 414.88992310 64 255 128
267.28158569 236.20483398 433.36389160 64 255 128
229.46249390 198.99401855 467.31927490 64 255 128
215.86581421 289.61721802 370.87603760 64 255 128
156.97322083 135.05815125 464.04196167 64 255 128
107.37439728 252.65866089 514.62176514 64 255 128
179.64805603 127.61392975 402.49954224 64 255 128
118.95700073 255.21600342 402.09899902 64 255 128
162.36904907 172.37319946 369.81826782 64 255 128
198.35598755 208.65774536 365.00479126 64 255 128
219.74400330 318.17300415 402.60299683 64 255 128
117.59700012 272.47399902 425.22601318 64 255 128
246.38549805 230.29998779 454.72662354 64 255 128
199.60487366 237.77175903 490.08740234 64 255 128
138.20790100 160.83094788 384.43057251 64 255 128
140.93899536 306.04800415 417.72698975 64 255 128
128.17298889 288.72998047 417.38998413 64 255 128
159.03443909 129.49606323 439.27523804 64 255 128
210.57810974 289.04782104 438.65411377 64 255 128
136.78408813 137.82577515 440.07165527 64 255 128
205.82186890 240.09410095 472.73828125 64 255 128
281.25149536 274.82290649 395.54458618 64 255 128
155.92658997 246.81881714 506.66397095 64 255 128
161.15400696 294.78298950 382.50601196 64 255 128
165.58999634 323.30798340 422.25399780 64 255 128
234.58262634 236.41572571 395.09417725 64 255 128
145.78697205 134.25042725 453.04748535 64 255 128
151.50700378 295.43899536 494.53900146 64 255 128
157.24923706 129.20230103 420.49523926 64 255 128
155.49618530 130.94325256 403.29910278 64 255 128
232.74256897 268.87484741 427.99356079 64 255 128
126.41146851 153.52973938 466.89996338 64 255 128
124.28466797 160.81394958 478.24566650 64 255 128
177.58020020 192.81217957 482.72213745 64 255 128
135.52523804 149.64640808 398.96224976 64 255 128
229.43507385 171.25161743 409.36056519 64 255 128
198.32826233 131.92037964 421.79254150 64 255 128
124.05146027 228.19895935 380.10525513 64 255 128
184.05101013 340.51498413 485.37200928 64 255 128
113.66084290 220.63533020 532.08087158 64 255 128
260.34063721 216.29728699 425.10055542 64 255 128
169.75723267 197.56665039 490.64248657 64 255 128
214.58552551 154.28131104 391.36700439 64 255 128
201.22845459 146.82824707 450.60885620 64 255 128
111.69300079 273.17199707 456.65402222 64 255 128
298.23016357 239.86425781 404.10144043 64 255 128
117.60199738 282.36300659 445.16000366 64 255 128
198.39533997 166.90399170 375.86630249 64 255 128
179.98899841 305.91900635 379.88299561 64 255 128
123.24369049 172.08221436 500.92941284 64 255 128
199.95518494 213.48483276 492.92947388 64 255 128
140.37657166 260.41345215 516.75463867 64 255 128
174.25698853 327.53500366 491.45800781 64 255 128
280.69705200 302.94192505 401.59390259 64 255 128
118.04000092 267.80001831 415.77899170 64 255 128
126.42832184 212.75468445 544.10955811 64 255 128
135.75201416 290.38400269 516.24499512 64 255 128
193.92988586 237.13146973 452.73510742 64 255 128
141.29170227 233.12100220 526.12207031 64 255 128
202.90469360 186.63772583 372.41220093 64 255 128
132.57540894 144.34811401 426.85626221 64 255 128
246.00361633 337.94998169 436.53564453 64 255 128
165.85304260 255.93632507 490.56292725 64 255 128
116.17835999 171.41033936 481.98382568 64 255 128
197.63757324 284.53302002 363.84854126 64 255 128
149.48060608 169.73738098 373.86123657 64 255 128
180.51847839 153.43923950 468.73483276 64 255 128
231.65014648 226.77323914 451.30633545 64 255 128
239.16400146 232.51855469 437.40817261 64 255 128
132.90899658 255.98200989 385.09600830 64 255 128
138.05699158 310.82299805 445.49301147 64 255 128
204.36427307 202.13648987 479.37789917 64 255 128
234.45896912 327.53146362 477.00469971 64 255 128
108.13925171 203.14456177 504.95297241 64 255 128
307.38772583 251.79522705 394.84225464 64 255 128
133.04878235 207.64514160 372.12567139 64 255 128
198.43701172 332.61297607 477.78601074 64 255 128
295.41635132 247.01296997 411.64566040 64 255 128
150.96427917 173.90376282 500.23901367 64 255 128
167.13301086 303.49499512 486.91400146 64 255 128
147.04400635 324.81301880 476.32199097 64 255 128
241.61523438 290.42135620 456.46319580 64 255 128
210.59700012 333.18902588 466.55099487 64 255 128
206.30220032 165.24890137 447.99124146 64 255 128
148.79443359 241.64141846 365.83227539 64 255 128
242.70831299 234.60289001 426.81506348 64 255 128
199.27037048 224.17965698 495.91720581 64 255 128
274.52023315 319.98126221 411.99548340 64 255 128
167.35514832 179.79307556 485.64761353 64 255 128
248.51705933 248.90887451 389.45587158 64 255 128
212.52511597 173.69392395 450.55267334 64 255 128
139.97177124 161.24565125 499.18548584 64 255 128
247.59861755 303.03869629 400.51867676 64 255 128
142.73298645 280.54498291 503.53997803 64 255 128
245.22911072 203.05606079 434.52590942 64 255 128
155.93251038 187.45198059 499.25363159 64 255 128
305.45785522 289.45059204 411.34902954 64 255 128
270.41302490 291.68435669 441.83343506 64 255 128
215.03916931 225.27532959 494.60726929 64 255 128
109.88671875 258.52874756 522.91241455 64 255 128
271.71740723 271.53781128 441.46258545 64 255 128
169.19059753 261.70251465 461.96932983 64 255 128
164.16099548 146.74092102 478.34841919 64 255 128
238.75071716 249.07688904 378.20675659 64 255 128
176.81886292 276.65545654 463.91809082 64 255 128
114.93214417 209.49653625 391.74841309 64 255 128
246.31910706 308.45443726 457.19433594 64 255 128
299.82592773 298.65933228 416.27282715 64 255 128
260.81027222 229.37660217 401.84027100 64 255 128
110.85037231 212.63883972 519.93414307 64 255 128
181.32353210 159.50422668 374.31002808 64 255 128
212.65199280 330.96600342 427.83001709 64 255 128
138.05699158 281.38400269 514.47302246 64 255 128
184.96099854 316.93801880 481.87301636 64 255 128
218.03289795 275.68569946 456.99694824 64 255 128
232.65322876 237.06086731 376.06851196 64 255 128
168.48141479 186.39810181 364.00573730 64 255 128
268.96130371 303.72470093 399.47723389 64 255 128
312.17950439 276.72415161 403.30670166 64 255 128
211.98387146 233.92805481 455.78540039 64 255 128
146.51626587 136.00016785 401.96533203 64 255 128
188.57453918 175.23939514 369.66467285 64 255 128
284.47583008 273.43933105 428.30715942 64 255 128
117.33380127 163.47933960 433.01367188 64 255 128
224.63900757 164.65347290 439.70303345 64 255 128
193.10099792 294.08200073 371.11999512 64 255 128
202.70396423 237.28668213 462.98596191 64 255 128
169.02301025 330.25500488 442.41900635 64 255 128
234.33602905 179.57325745 438.27139282 64 255 128
107.28504944 199.02153015 444.51943970 64 255 128
104.36244202 197.26330566 477.05972290 64 255 128
211.45632935 187.83607483 459.62362671 64 255 128
148.88900757 316.65600586 427.61999512 64 255 128
280.76135254 326.88818359 422.58941650 64 255 128
166.60537720 128.44827271 452.10827637 64 255 128
195.13099670 331.67202759 420.92700195 64 255 128
169.73017883 288.73159790 478.65646362 64 255 128
232.13499451 335.04998779 442.60900879 64 255 128
182.22688293 144.43777466 466.26516724 64 255 128
102.39234161 226.15242004 478.54031372 64 255 128
113.09400177 282.82601929 474.47900391 64 255 128
154.17135620 159.70347595 490.43957520 64 255 128
211.08041382 267.61245728 453.86508179 64 255 128
104.82213593 236.67247009 467.63418579 64 255 128
257.11331177 289.57318115 392.64602661 64 255 128
241.69085693 233.25213623 465.49990845 64 255 128
143.34234619 137.34187317 411.38140869 64 255 128
239.96446228 207.78930664 422.93600464 64 255 128
235.72994995 299.00375366 389.08959961 64 255 128
250.70759583 216.09375000 412.89642334 64 255 128
108.21626282 227.05372620 417.18737793 64 255 128
216.75483704 172.23469543 387.40484619 64 255 128
129.94796753 204.20747375 538.38281250 64 255 128
220.05360413 299.28533936 461.84994507 64 255 128
111.43600464 268.26599121 520.77899170 64 255 128
225.18293762 247.89227295 368.84497070 64 255 128
112.61693573 196.85241699 407.52639771 64 255 128
220.27526855 286.15594482 439.10665894 64 255 128
224.27447510 162.64826965 398.30212402 64 255 128
112.16319275 227.24630737 398.40673828 64 255 128
149.44773865 210.11743164 512.06042480 64 255 128
279.07318115 312.67623901 435.36538696 64 255 128
255.32728577 262.90246582 389.19421387 64 255 128
110.94989014 251.66737366 527.98291016 64 255 128
220.71131897 306.13214111 388.18142700 64 255 128
106.35419464 207.28196716 436.17449951 64 255 128
221.01940918 233.79780579 463.90643311 64 255 128
125.44499207 292.16302490 516.67797852 64 255 128
150.31268311 131.58271790 439.41271973 64 255 128
227.13427734 269.95391846 455.65048218 64 255 128
183.94015503 222.78605652 497.03900146 64 255 128
168.58160400 218.33718872 497.54367065 64 255 128
223.36590576 328.16503906 475.05679321 64 255 128
233.15586853 262.58166504 433.25485229 64 255 128
109.15700531 260.22100830 447.14099121 64 255 128
157.30599976 271.83691406 471.04217529 64 255 128
231.64309692 220.61459351 418.35003662 64 255 128
152.06101990 265.47753906 484.62277222 64 255 128
241.95782471 203.29751587 412.16760254 64 255 128
166.24119568 264.12518311 365.12271118 64 255 128
298.74664307 279.75759888 415.14965820 64 255 128
192.08799744 336.64300537 450.04202271 64 255 128
252.96461487 223.56523132 432.21923828 64 255 128
131.65800476 306.78497314 491.81198120 64 255 128
120.26843262 160.88507080 424.74719238 64 255 128
124.25067139 218.27517700 378.82226562 64 255 128
175.20654297 127.39292908 412.10440063 64 255 128
210.44537354 236.99929810 362.71096802 64 255 128
237.01199341 185.66452026 417.91134644 64 255 128
266.54907227 236.86138916 422.28121948 64 255 128
112.72000122 280.48599243 489.27798462 64 255 128
307.31457520 267.13906860 391.21832275 64 255 128
226.44338989 186.29061890 457.55081177 64 255 128
180.33505249 137.71214294 387.96743774 64 255 128
236.98768616 203.99446106 448.47799683 64 255 128
119.94849396 226.10290527 545.52124023 64 255 128
152.84300232 321.57400513 446.96997070 64 255 128
160.55999756 330.67898560 500.76000977 64 255 128
304.52343750 259.49194336 401.77279663 64 255 128
221.33866882 190.80635071 387.56115723 64 255 128
240.62333679 285.78369141 385.37210083 64 255 128
160.33786011 154.63240051 376.68698120 64 255 128
126.98964691 195.13128662 380.26373291 64 255 128
152.36100769 296.53997803 389.71398926 64 255 128
208.28500366 333.52999878 444.66400146 64 255 128
174.78916931 229.77330017 358.31036377 64 255 128
138.87275696 185.54856873 519.57708740 64 255 128
236.47434998 302.04061890 458.95834351 64 255 128
143.59848022 141.66937256 396.54684448 64 255 128
132.01641846 168.79791260 386.81948853 64 255 128
194.82824707 135.11088562 446.53564453 64 255 128
139.16915894 149.26362610 485.10888672 64 255 128
222.72486877 213.60227966 480.45855713 64 255 128
172.44111633 201.58789062 360.98965454 64 255 128
295.24084473 227.45057678 395.92980957 64 255 128
236.21577454 212.18106079 408.45272827 64 255 128
109.63851166 186.22390747 491.28430176 64 255 128
290.29452515 318.99761963 429.57275391 64 255 128
216.41383362 241.45223999 446.19100952 64 255 128
119.69300079 292.95700073 462.22497559 64 255 128
225.03135681 185.77453613 393.90527344 64 255 128
196.51763916 130.44361877 429.88397217 64 255 128
237.26150513 203.32400513 462.90777588 64 255 128
267.64028931 314.79791260 445.79025269 64 255 128
108.43226624 214.60939026 420.28338623 64 255 128
179.87075806 263.67874146 457.97042847 64 255 128
226.69337463 204.99168396 388.01721191 64 255 128
133.89199829 312.86999512 470.60598755 64 255 128
150.35061646 212.55792236 364.45617676 64 255 128
104.00389099 242.32365417 496.28530884 64 255 128
213.14732361 206.23535156 482.38290405 64 255 128
140.22091675 176.23968506 376.76452637 64 255 128
234.63340759 187.78512573 409.25234985 64 255 128
242.37742615 237.81242371 408.55490112 64 255 128
113.69799805 258.60000610 539.82104492 64 255 128
206.77748108 136.46377563 420.36322021 64 255 128
127.00199890 268.16497803 396.19400024 64 255 128
129.96224976 233.02655029 542.68322754 64 255 128
121.28300476 284.37100220 521.73400879 64 255 128
269.00213623 242.40031433 416.02740479 64 255 128
120.92199707 284.01397705 436.00601196 64 255 128
194.22315979 242.54061890 474.43347168 64 255 128
146.66148376 279.36135864 487.80215454 64 255 128
210.27726746 234.00271606 442.70184326 64 255 128
234.11590576 273.89990234 457.55444336 64 255 128
162.38647461 200.92317200 361.49325562 64 255 128
206.09164429 202.26475525 370.69833374 64 255 128
125.72993469 184.08108521 386.27307129 64 255 128
203.19898987 158.18742371 382.01562500 64 255 128
191.56999207 328.92999268 402.62899780 64 255 128
135.09710693 147.67663574 472.23010254 64 255 128
228.58526611 294.10998535 380.68603516 64 255 128
156.80151367 281.05456543 472.09304810 64 255 128
140.58482361 230.45295715 366.92895508 64 255 128
249.76499939 340.14599609 467.53900146 64 255 128
106.49904633 228.91336060 434.43307495 64 255 128
196.12039185 226.82035828 450.29431152 64 255 128
169.09396362 128.29072571 433.98272705 64 255 128
270.00363159 259.89456177 447.71502686 64 255 128
104.50244141 257.33670044 506.66857910 64 255 128
155.48162842 146.26463318 480.41119385 64 255 128
218.47956848 324.73602295 469.33782959 64 255 128
259.70336914 338.80999756 445.99533081 64 255 128
298.01571655 228.30342102 380.76171875 64 255 128
214.72277832 196.44950867 378.85958862 64 255 128
119.08695984 173.68710327 409.24758911 64 255 128
140.08900452 269.35800171 384.95800781 64 255 128
125.88590240 166.27145386 396.87512207 64 255 128
135.07499695 280.41198730 396.08999634 64 255 128
225.95684814 220.36387634 376.45858765 64 255 128
248.76504517 271.74221802 455.82748413 64 255 128
139.32560730 224.90403748 529.85522461 64 255 128
224.79165649 253.41487122 435.31546021 64 255 128
134.02799988 305.72399902 511.67102051 64 255 128
153.06764221 227.90545654 510.02157593 64 255 128
213.63778687 234.98184204 487.25524902 64 255 128
172.98094177 147.62677002 379.34783936 64 255 128
160.19644165 129.38932800 409.70614624 64 255 128
103.12931824 198.97747803 463.33630371 64 255 128
276.83947754 240.47825623 393.66198730 64 255 128
303.81845093 244.29287720 396.29214478 64 255 128
238.47801208 337.26300049 481.54898071 64 255 128
129.93673706 143.59912109 444.51403809 64 255 128
110.51792908 190.91133118 431.62207031 64 255 128
229.25257874 221.12240601 444.95056152 64 255 128
219.52175903 149.50099182 425.11712646 64 255 128
179.11100769 335.38800049 460.54501343 64 255 128
180.30442810 246.65631104 358.34994507 64 255 128
269.97308350 246.82374573 446.47323608 64 255 128
233.99833679 213.61027527 386.94863892 64 255 128
192.23863220 160.52125549 376.70416260 64 255 128
182.60699463 288.18099976 371.32998657 64 255 128
212.06800842 327.42102051 418.52398682 64 255 128
322.76089478 243.91461182 372.39987183 64 255 128
114.61000061 275.21801758 442.90097046 64 255 128
146.38949585 216.71778870 517.23596191 64 255 128
121.62000275 291.67199707 449.69400024 64 255 128
314.33987427 272.93820190 394.81182861 64 255 128
146.83447266 245.46730042 514.00354004 64 255 128
186.69322205 260.31643677 357.43746948 64 255 128
168.60101318 322.63201904 405.12100220 64 255 128
106.13964844 243.50567627 509.83691406 64 255 128
219.79115295 278.94061279 426.82601929 64 255 128
127.75799561 284.61700439 409.67398071 64 255 128
265.36813354 285.69244385 444.79559326 64 255 128
237.73374939 185.05560303 432.68582153 64 255 128
144.85107422 154.77392578 492.55883789 64 255 128
126.78913879 149.73937988 428.09710693 64 255 128
194.91825867 264.77819824 457.34024048 64 255 128
115.78079987 192.06829834 515.69305420 64 255 128
216.21673584 254.30644226 362.63861084 64 255 128
134.46644592 222.84341431 370.41027832 64 255 128
188.06341553 201.91934204 362.68725586 64 255 128
130.42700195 305.90798950 457.27499390 64 255 128
131.78639221 256.96600342 532.18121338 64 255 128
196.28085327 175.81794739 456.82177734 64 255 128
261.80123901 332.63146973 429.26980591 64 255 128
211.69200134 324.25000000 405.48800659 64 255 128
291.30346680 288.02658081 421.07025146 64 255 128
190.99299622 302.40301514 374.33401489 64 255 128
116.92799377 266.36001587 540.46203613 64 255 128
212.43989563 164.49821472 385.59039307 64 255 128
139.17599487 299.93701172 513.52899170 64 255 128
174.94651794 176.61584473 477.59255981 64 255 128
241.27879333 194.93635559 420.49020386 64 255 128
259.27600098 216.59184265 432.90258789 64 255 128
193.26161194 234.95863342 438.86236572 64 255 128
220.88299561 327.54299927 420.99499512 64 255 128
188.65304565 138.46131897 458.39212036 64 255 128
221.11105347 206.49700928 380.71511841 64 255 128
151.77999878 288.03799438 482.34899902 64 255 128
223.18946838 153.21725464 405.90600586 64 255 128
190.99499512 318.38198853 387.08999634 64 255 128
191.41705322 296.89694214 471.60089111 64 255 128
231.74285889 229.05523682 384.80004883 64 255 128
235.49209595 281.07901001 379.92864990 64 255 128
167.61499023 314.02700806 393.86999512 64 255 128
247.60261536 329.29598999 419.05288696 64 255 128
261.60302734 340.22946167 461.44293213 64 255 128
198.64599609 313.87799072 382.85299683 64 255 128
220.43482971 235.59138489 481.98010254 64 255 128
217.69300842 337.10198975 470.25900269 64 255 128
113.56854248 186.74574280 413.47967529 64 255 128
138.60095215 188.32632446 373.56884766 64 255 128
135.86979675 173.15344238 510.89639282 64 255 128
184.88151550 180.31585693 469.28457642 64 255 128
127.56696320 160.38616943 485.36184692 64 255 128
183.74406433 270.07131958 360.16580200 64 255 128
235.41912842 311.36825562 401.34356689 64 255 128
157.54937744 130.71102905 454.10678101 64 255 128
205.53295898 218.19857788 365.45361328 64 255 128
209.95344543 316.30230713 462.33572388 64 255 128
272.52151489 332.78347778 455.04595947 64 255 128
144.83000183 253.98400879 376.82699585 64 255 128
273.20721436 248.94422913 430.04333496 64 255 128
226.73957825 273.07128906 433.35629272 64 255 128
217.47007751 150.36045837 435.51559448 64 255 128
150.04232788 141.21798706 476.47158813 64 255 128
123.24724579 151.71340942 454.39028931 64 255 128
284.59820557 328.26480103 430.83743286 64 255 128
168.83627319 164.62338257 371.43893433 64 255 128
109.66476440 224.00933838 404.77337646 64 255 128
232.72842407 174.29389954 431.42654419 64 255 128
238.56648254 207.10331726 399.01287842 64 255 128
269.80834961 263.53536987 392.74343872 64 255 128
291.97482300 235.44709778 385.94848633 64 255 128
262.63208008 227.06323242 411.38391113 64 255 128
108.78800201 270.04400635 483.92199707 64 255 128
137.31298828 311.37500000 506.00601196 64 255 128
136.72299194 307.74700928 438.43499756 64 255 128
107.62599945 248.10299683 441.55200195 64 255 128
136.63099670 313.36798096 487.00198364 64 255 128
154.60142517 265.85705566 476.26312256 64 255 128
282.81201172 230.63301086 395.14871216 64 255 128
294.09628296 303.50436401 406.33044434 64 255 128
261.24200439 241.50300598 398.50079346 64 255 128
225.17900085 324.02600098 415.52697754 64 255 128
141.27999878 284.71197510 392.36502075 64 255 128
268.59698486 289.08651733 396.97882080 64 255 128
206.32380676 325.93145752 470.19427490 64 255 128
178.15100098 334.32498169 452.19699097 64 255 128
171.59413147 240.76896667 358.06457520 64 255 128
124.56006622 246.97424316 544.83691406 64 255 128
104.06462860 219.86875916 445.60855103 64 255 128
184.08370972 213.49958801 359.66735840 64 255 128
180.86401367 320.02401733 392.30001831 64 255 128
200.80999756 331.17700195 415.71899414 64 255 128
284.69854736 238.60096741 416.67492676 64 255 128
196.94100952 324.85299683 394.96801758 64 255 128
235.64260864 319.53692627 468.07501221 64 255 128
254.39547729 231.86859131 459.79837036 64 255 128
166.35800171 331.11700439 460.73300171 64 255 128
120.04760742 180.97996521 508.95584106 64 255 128
278.12731934 277.46759033 435.50030518 64 255 128
115.80461121 163.34040833 460.78149414 64 255 128
170.33174133 240.22294617 495.65936279 64 255 128
211.35856628 248.49932861 447.85308838 64 255 128
112.10738373 212.31111145 398.83786011 64 255 128
209.60935974 187.56680298 376.79867554 64 255 128
305.52252197 292.70254517 404.35977173 64 255 128
172.91699219 335.78100586 475.98300171 64 255 128
253.04859924 292.70993042 451.07891846 64 255 128
108.10336304 201.28794861 427.32592773 64 255 128
207.34461975 258.12622070 451.25537109 64 255 128
203.93859863 141.47790527 391.70846558 64 255 128
261.89739990 231.14300537 449.00692749 64 255 128
193.61674500 130.41589355 412.21936035 64 255 128
188.66752625 238.49844360 358.72656250 64 255 128
255.87341309 322.28045654 457.55627441 64 255 128
273.35421753 309.51388550 439.56149292 64 255 128
209.94265747 151.57934570 445.44415283 64 255 128
161.08689880 183.15899658 492.16165161 64 255 128
199.22001648 193.49752808 368.93487549 64 255 128
263.82394409 262.60714722 451.34994507 64 255 128
255.71107483 231.79678345 409.38735962 64 255 128
216.54745483 211.48265076 374.50891113 64 255 128
276.63357544 256.02758789 392.75430298 64 255 128
162.45907593 257.88259888 473.81713867 64 255 128
251.26478577 340.02026367 454.09347534 64 255 128
160.09849548 201.78704834 497.95285034 64 255 128
259.08932495 312.59802246 406.17578125 64 255 128
118.32971191 160.96386719 443.56890869 64 255 128
214.48751831 147.93341064 396.32788086 64 255 128
164.86128235 249.76766968 498.75201416 64 255 128
137.54362488 140.17118835 456.92019653 64 255 128
242.02987671 268.74487305 453.78952026 64 255 128
248.16766357 320.84844971 407.46987915 64 255 128
116.74100494 290.84899902 481.27600098 64 255 128
108.91967773 201.96711731 419.29180908 64 255 128
248.98716736 233.35424805 422.34576416 64 255 128
153.60899353 293.21200562 487.52600098 64 255 128
145.92080688 134.95614624 418.02395630 64 255 128
207.95739746 137.87664795 406.45300293 64 255 128
222.70256042 227.12107849 371.71554565 64 255 128
134.53027344 192.75808716 528.21356201 64 255 128
199.49478149 232.87504578 359.81140137 64 255 128
105.67583466 187.04016113 458.04803467 64 255 128
258.11758423 247.64999390 454.68780518 64 255 128
123.63762665 192.41209412 529.03338623 64 255 128
263.50482178 242.23318481 451.64855957 64 255 128
124.17900085 276.98999023 407.33798218 64 255 128
166.40147400 284.47909546 472.82192993 64 255 128
255.86059570 335.62979126 436.36779785 64 255 128
181.28260803 173.06809998 369.06439209 64 255 128
104.08553314 215.57305908 495.59402466 64 255 128
231.56927490 175.45841980 417.57336426 64 255 128
175.03599548 282.54800415 370.81201172 64 255 128
119.52667236 201.53150940 386.28488159 64 255 128
296.14514160 304.62185669 419.75357056 64 255 128
257.55447388 221.03387451 446.73101807 64 255 128
177.96101379 328.35198975 411.00698853 64 255 128
254.76818848 211.96571350 422.04071045 64 255 128
261.80130005 247.68618774 390.60833740 64 255 128
235.33427429 187.60038757 453.61459351 64 255 128
177.35537720 249.44938660 478.07858276 64 255 128
142.93800354 318.40597534 497.27899170 64 255 128
229.71858215 178.84129333 403.64337158 64 255 128
154.66474915 197.51564026 503.01229858 64 255 128
207.99269104 290.38708496 369.22842407 64 255 128
164.08299255 193.90206909 363.03430176 64 255 128
146.02400208 271.25799561 504.51397705 64 255 128
281.57943726 261.43835449 432.01754761 64 255 128
115.44499969 284.75601196 496.69998169 64 255 128
282.80886841 301.48556519 430.20220947 64 255 128
122.21261597 159.57821655 467.70526123 64 255 128
238.18652344 209.50091553 414.83236694 64 255 128
151.63578796 224.69592285 362.20526123 64 255 128
162.08721924 162.88629150 485.09878540 64 255 128
205.22145081 139.69877625 436.35662842 64 255 128
233.25352478 237.50135803 457.87442017 64 255 128
187.09303284 154.13729858 377.42404175 64 255 128
104.40950012 239.01179504 502.55520630 64 255 128
225.24858093 177.96142578 396.03094482 64 255 128
115.23083496 238.47755432 538.84808350 64 255 128
227.73173523 165.51661682 404.81634521 64 255 128
131.38385010 189.26391602 378.57189941 64 255 128
260.44482422 269.93780518 449.00280762 64 255 128
111.35599518 254.60499573 425.36199951 64 255 128
154.84471130 254.75195312 504.55899048 64 255 128
163.45387268 269.10818481 465.47045898 64 255 128
302.71649170 246.29428101 382.17620850 64 255 128
279.80307007 319.76763916 437.45526123 64 255 128
128.91999817 301.25100708 508.51602173 64 255 128
103.73987579 201.18482971 456.58483887 64 255 128
157.54948425 237.11885071 361.27410889 64 255 128
147.55313110 197.43638611 366.55551147 64 255 128
164.86135864 138.28605652 386.67044067 64 255 128
299.20288086 313.29089355 419.02310181 64 255 128
238.20201111 339.18099976 454.78500366 64 255 128
211.01400757 302.71099854 378.98498535 64 255 128
136.33139038 139.98272705 433.00750732 64 255 128
141.05618286 202.00665283 524.56701660 64 255 128
218.90499878 336.59500122 454.77301025 64 255 128
175.43013000 249.54214478 471.45437622 64 255 128
196.15715027 261.65878296 358.91445923 64 255 128
322.99530029 241.08560181 365.62237549 64 255 128
162.92877197 235.37773132 502.82363892 64 255 128
313.46109009 234.20019531 375.45202637 64 255 128
239.64367676 201.10366821 454.63528442 64 255 128
151.68148804 190.43740845 366.41534424 64 255 128
106.64385986 225.21917725 509.51522827 64 255 128
110.57893372 174.16275024 447.05911255 64 255 128
238.29208374 231.00410461 450.42709351 64 255 128
196.20962524 246.51086426 359.71060181 64 255 128
231.07920837 306.34179688 392.13287354 64 255 128
167.03576660 153.45498657 478.20260620 64 255 128
104.59026337 225.19970703 459.04046631 64 255 128
170.59700012 319.09701538 489.51699829 64 255 128
157.12699890 281.62701416 378.61099243 64 255 128
264.10418701 335.81790161 468.90057373 64 255 128
204.77656555 291.81005859 464.55413818 64 255 128
128.00300598 284.22497559 530.33099365 64 255 128
125.02281189 256.05749512 543.07232666 64 255 128
267.82470703 339.03115845 454.67901611 64 255 128
248.87899780 337.17797852 480.18399048 64 255 128
228.18035889 160.49917603 424.92864990 64 255 128
118.19600677 276.10998535 532.82202148 64 255 128
132.43588257 225.17996216 540.67388916 64 255 128
128.84553528 175.56169128 387.03451538 64 255 128
175.92295837 127.46755981 436.13323975 64 255 128
192.96591187 211.60197449 492.62164307 64 255 128
272.85562134 326.69244385 447.89187622 64 255 128
126.85658264 149.38137817 439.80276489 64 255 128
113.72441864 168.43827820 466.94128418 64 255 128
266.55804443 318.05502319 407.71609497 64 255 128
128.87879944 151.97013855 412.20666504 64 255 128
114.77799988 250.31900024 407.74398804 64 255 128
115.18800354 261.16299438 416.48800659 64 255 128
117.92108154 234.28233337 391.80422974 64 255 128
186.56010437 204.63819885 489.34930420 64 255 128
235.63011169 326.18743896 420.29180908 64 255 128
174.11425781 133.41152954 461.65350342 64 255 128
161.55299377 319.54000854 406.98199463 64 255 128
272.39831543 238.12126160 410.94909668 64 255 128
250.64239502 275.58496094 390.48318481 64 255 128
222.40843201 199.22447205 469.04437256 64 255 128
229.32051086 217.46673584 436.12200928 64 255 128
197.87500000 299.23800659 372.84201050 64 255 128
167.43043518 293.77459717 485.18881226 64 255 128
249.52534485 259.42587280 386.65692139 64 255 128
127.55799103 294.84799194 434.08700562 64 255 128
223.35108948 223.24223328 484.70626831 64 255 128
142.70310974 134.40228271 441.99472046 64 255 128
104.08372498 228.26147461 450.53012085 64 255 128
250.20230103 238.52726746 460.47579956 64 255 128
268.55279541 298.89581299 442.57174683 64 255 128
233.93368530 258.72363281 441.21118164 64 255 128
167.44837952 253.84584045 483.80575562 64 255 128
113.97467041 189.95475769 407.07827759 64 255 128
111.69876099 237.24049377 406.54315186 64 255 128
270.29699707 334.79232788 437.91778564 64 255 128
163.41700745 216.05101013 361.66479492 64 255 128
194.35333252 200.05564880 479.89062500 64 255 128
104.22541046 240.24006653 457.63052368 64 255 128
190.29989624 148.70408630 381.46804810 64 255 128
246.12403870 207.63668823 448.05139160 64 255 128
134.00010681 175.69007874 381.74374390 64 255 128
158.67749023 210.57495117 501.79022217 64 255 128
231.44139099 286.26675415 458.74133301 64 255 128
164.90000916 332.26202393 473.13400269 64 255 128
259.74368286 302.96408081 448.40939331 64 255 128
285.32800293 248.09159851 390.67227173 64 255 128
210.99653625 160.40420532 445.31253052 64 255 128
184.31199646 336.99499512 465.21197510 64 255 128
135.57778931 238.28173828 533.83831787 64 255 128
127.92800140 253.04400635 389.32800293 64 255 128
190.52337646 237.12379456 488.17431641 64 255 128
195.83441162 228.69100952 442.79837036 64 255 128
114.07399750 280.10601807 455.63998413 64 255 128
198.60214233 258.89410400 452.77917480 64 255 128
207.67918396 172.54606628 378.96945190 64 255 128
218.43412781 270.57040405 365.83227539 64 255 128
126.25581360 182.36427307 519.60656738 64 255 128
203.01861572 241.49172974 479.28433228 64 255 128
305.45175171 240.28224182 390.37570190 64 255 128
195.14108276 280.83346558 466.36758423 64 255 128
167.35800171 333.01602173 498.67001343 64 255 128
121.34999847 263.16699219 401.53698730 64 255 128
284.61816406 260.39450073 394.82763672 64 255 128
105.34045410 233.22813416 443.39126587 64 255 128
138.51800537 316.36102295 466.42602539 64 255 128
199.39201355 149.83544922 384.21740723 64 255 128
182.94308472 167.18286133 467.77706909 64 255 128
235.59432983 316.77026367 407.70019531 64 255 128
110.82399750 272.79998779 501.49600220 64 255 128
108.19535065 221.91326904 423.01739502 64 255 128
213.25399780 317.21899414 393.80300903 64 255 128
239.66923523 337.49447632 439.68878174 64 255 128
170.21461487 143.52752686 472.69726562 64 255 128
295.03668213 270.62307739 396.03964233 64 255 128
180.47402954 244.57295227 489.75076294 64 255 128
109.80502319 206.81211853 513.36700439 64 255 128
186.38421631 309.64071655 478.85583496 64 255 128
200.31770325 220.74426270 443.90759277 64 255 128
249.44807434 239.75888062 404.57449341 64 255 128
191.59722900 247.03669739 447.37695312 64 255 128
209.77142334 157.07815552 387.00531006 64 255 128
259.20782471 322.51745605 413.98254395 64 255 128
120.77883911 222.88407898 383.39062500 64 255 128
190.11599731 335.90499878 486.05599976 64 255 128
231.72500610 332.29699707 428.50399780 64 255 128
102.88586426 229.24366760 472.80792236 64 255 128
236.33482361 230.70054626 443.75878906 64 255 128
192.30599976 335.09600830 461.32098389 64 255 128
206.94657898 236.95773315 488.54718018 64 255 128
177.11859131 139.56251526 468.24841309 64 255 128
102.61004639 226.47303772 493.72204590 64 255 128
187.85652161 137.82008362 388.45962524 64 255 128
127.32100677 297.87899780 442.38098145 64 255 128
106.20299530 258.43798828 484.52099609 64 255 128
237.12500000 339.26498413 467.81298828 64 255 128
251.46644592 314.41677856 404.19241333 64 255 128
113.73029327 168.53442383 451.51770020 64 255 128
147.99299622 307.53799438 504.14996338 64 255 128
113.43885040 199.82598877 400.46636963 64 255 128
106.72801971 194.14413452 491.66357422 64 255 128
246.11357117 288.62045288 390.56381226 64 255 128
201.77247620 256.71508789 359.13302612 64 255 128
306.17968750 270.33215332 405.63064575 64 255 128
245.14299011 335.43597412 429.59899902 64 255 128
231.01567078 230.33874512 461.59182739 64 255 128
244.06977844 195.84239197 446.50561523 64 255 128
208.59941101 246.70927429 361.72573853 64 255 128
144.22027588 183.29418945 371.83605957 64 255 128
153.10282898 254.81549072 370.17999268 64 255 128
226.08430481 279.73364258 430.65066528 64 255 128
160.80599976 319.85198975 416.82498169 64 255 128
120.41399384 297.82598877 490.46701050 64 255 128
136.20999146 310.75201416 452.24697876 64 255 128
186.18200684 334.34701538 435.69500732 64 255 128
285.31341553 255.87159729 426.80551147 64 255 128
114.15599823 279.28201294 509.10900879 64 255 128
121.27014923 241.26744080 392.70330811 64 255 128
143.35792542 153.59272766 384.14813232 64 255 128
252.43521118 226.09440613 425.31665039 64 255 128
316.24087524 282.81436157 402.84375000 64 255 128
161.71998596 309.06100464 392.48898315 64 255 128
271.04269409 326.25622559 419.82098389 64 255 128
117.63412476 173.99548340 422.39196777 64 255 128
213.87408447 143.25656128 403.88262939 64 255 128
110.70800018 263.61901855 441.25698853 64 255 128
295.07775879 324.78512573 418.35128784 64 255 128
167.65083313 130.51701355 399.49984741 64 255 128
145.45695496 235.94329834 364.97463989 64 255 128
205.13500977 311.34399414 382.76800537 64 255 128
247.76170349 285.72680664 453.86044312 64 255 128
272.76062012 238.00228882 398.96417236 64 255 128
145.19702148 205.06936646 366.46945190 64 255 128
132.02999878 274.28399658 394.81100464 64 255 128
206.27899170 334.61199951 461.28298950 64 255 128
163.85188293 174.15899658 486.76956177 64 255 128
159.68919373 128.80657959 446.23303223 64 255 128
292.79782104 287.14166260 399.46978760 64 255 128
141.35839844 136.93022156 427.15887451 64 255 128
156.93730164 178.08932495 368.28616333 64 255 128
104.04835510 217.78378296 461.40383911 64 255 128
291.06805420 261.28659058 419.59756470 64 255 128
142.25491333 245.97076416 371.67272949 64 255 128
173.68899536 311.88601685 485.92697144 64 255 128
190.19648743 210.42149353 361.59420776 64 255 128
199.05659485 207.86180115 487.47171021 64 255 128
241.89773560 319.86688232 465.61294556 64 255 128
125.87119293 160.82580566 407.20397949 64 255 128
300.18246460 270.41177368 411.21749878 64 255 128
295.24499512 256.26339722 390.92813110 64 255 128
145.33700562 282.75900269 387.12200928 64 255 128
231.07670593 208.85256958 448.34457397 64 255 128
227.48794556 330.77731323 480.69668579 64 255 128
186.38403320 129.11595154 402.75238037 64 255 128
143.15000916 295.66101074 506.10601807 64 255 128
227.11114502 192.06089783 462.22692871 64 255 128
277.67376709 323.88095093 416.75128174 64 255 128
162.98699951 301.53097534 384.81900024 64 255 128
107.85995483 233.44422913 422.29251099 64 255 128
273.24673462 252.94929504 437.09692383 64 255 128
227.23330688 247.53627014 440.42242432 64 255 128
296.86779785 233.39997864 399.74517822 64 255 128
171.35946655 172.06068420 369.22415161 64 255 128
177.96191406 216.96630859 496.57675171 64 255 128
188.58973694 129.31526184 417.77200317 64 255 128
216.57814026 293.91632080 435.81588745 64 255 128
294.49362183 324.20666504 430.96682739 64 255 128
222.74490356 158.59448242 436.59979248 64 255 128
179.46598816 333.30899048 437.08200073 64 255 128
223.61402893 318.18701172 465.74636841 64 255 128
257.21954346 299.40811157 399.09558105 64 255 128
221.23048401 272.14495850 428.35754395 64 255 128
112.97901154 205.64230347 520.98712158 64 255 128
286.35610962 305.12100220 404.68264771 64 255 128
213.29530334 210.65623474 489.23968506 64 255 128
164.60424805 252.14802551 361.30276489 64 255 128
139.59446716 178.64743042 513.74597168 64 255 128
175.99200439 299.79501343 377.82098389 64 255 128
114.28231812 171.93182373 475.44552612 64 255 128
179.12213135 143.01000977 382.88442993 64 255 128
163.99096680 135.97085571 469.38040161 64 255 128
197.11010742 190.63070679 467.85232544 64 255 128
151.10218811 141.09121704 388.30065918 64 255 128
105.13600922 251.42187500 488.13479614 64 255 128
118.93000031 293.95498657 496.27301025 64 255 128
115.84229279 250.56523132 540.28411865 64 255 128
144.91996765 203.20741272 519.35583496 64 255 128
237.69993591 244.25105286 382.81893921 64 255 128
144.09295654 263.71777344 511.73062134 64 255 128
189.71606445 225.54273987 359.54895020 64 255 128
206.73899841 335.13702393 451.09201050 64 255 128
172.20503235 203.73791504 491.26922607 64 255 128
210.24064636 229.82319641 450.83297729 64 255 128
251.74028015 245.95526123 456.56210327 64 255 128
126.72786713 151.58045959 460.20303345 64 255 128
174.92866516 185.22180176 365.96875000 64 255 128
112.55165100 232.29357910 530.34423828 64 255 128
206.64079285 223.84475708 495.62158203 64 255 128
103.71994019 242.71635437 464.33901978 64 255 128
240.31481934 263.21832275 448.91552734 64 255 128
101.97309113 212.65940857 481.74267578 64 255 128
195.97810364 161.68572998 454.74084473 64 255 128
179.87098694 324.37100220 397.52099609 64 255 128
270.59729004 280.82351685 395.48764038 64 255 128
113.80690765 183.94888306 422.33517456 64 255 128
282.02584839 315.02258301 410.66253662 64 255 128
103.92978668 241.61938477 481.59454346 64 255 128
190.20880127 169.63598633 459.72866821 64 255 128
134.08570862 154.42439270 393.54357910 64 255 128
181.76237488 128.36988831 426.71908569 64 255 128
190.40986633 242.46830750 460.27618408 64 255 128
189.80976868 190.87112427 366.28234863 64 255 128
120.92340851 177.58143616 397.72161865 64 255 128
165.64138794 244.79547119 359.37829590 64 255 128
276.50732422 289.63363647 398.74902344 64 255 128
243.77053833 201.65287781 418.27227783 64 255 128
137.54100037 298.92797852 411.65997314 64 255 128
192.89147949 319.14144897 480.43121338 64 255 128
132.22900391 278.40499878 525.41796875 64 255 128
221.01791382 261.95220947 365.53344727 64 255 128
307.80902100 287.22921753 401.10021973 64 255 128
109.86900330 266.72399902 457.30700684 64 255 128
144.44099426 295.79400635 397.51602173 64 255 128
106.75491333 185.36526489 469.86059570 64 255 128
151.65798950 131.25387573 430.65066528 64 255 128
135.56498718 220.24179077 535.63519287 64 255 128
161.40399170 326.37701416 437.64300537 64 255 128
269.79315186 257.67587280 440.70025635 64 255 128
215.53053284 282.64233398 435.59237671 64 255 128
182.80348206 159.42147827 467.15267944 64 255 128
225.29891968 214.25373840 471.14941406 64 255 128
115.85346985 220.44575500 390.35668945 64 255 128
272.21688843 264.86022949 440.40515137 64 255 128
202.44209290 222.36450195 450.40655518 64 255 128
185.96673584 238.20030212 443.47012329 64 255 128
163.16625977 161.32662964 373.41970825 64 255 128
230.84014893 201.52964783 396.12301636 64 255 128
130.19099426 294.03100586 521.95300293 64 255 128
195.46099854 337.63400269 474.53100586 64 255 128
227.67256165 297.08843994 461.48822021 64 255 128
223.37889099 170.64645386 395.15701294 64 255 128
144.94808960 279.49920654 494.53958130 64 255 128
251.56631470 323.23538208 413.12875366 64 255 128
134.39053345 250.19424438 531.22485352 64 255 128
200.09445190 135.58442688 435.49157715 64 255 128
218.83813477 148.47192383 402.74227905 64 255 128
248.45773315 210.47735596 424.25094604 64 255 128
290.09207153 268.04473877 422.02822876 64 255 128
229.55043030 165.27276611 415.51272583 64 255 128
168.66500854 326.50399780 427.20700073 64 255 128
244.69224548 309.43939209 400.16171265 64 255 128
109.91342926 212.73013306 409.44467163 64 255 128
159.01100159 312.07800293 494.90802002 64 255 128
189.61856079 156.04112244 460.56127930 64 255 128
232.14009094 230.67790222 391.82611084 64 255 128
301.06747437 233.68496704 378.37918091 64 255 128
223.35295105 274.33520508 369.56176758 64 255 128
184.70045471 247.85635376 457.09130859 64 255 128
136.66600037 263.69299316 384.89199829 64 255 128
111.74259949 179.33874512 434.33367920 64 255 128
226.81529236 264.76449585 435.49475098 64 255 128
145.21760559 196.48068237 516.88836670 64 255 128
155.32284546 137.45234680 471.06283569 64 255 128
141.08113098 239.65274048 524.20086670 64 255 128
243.59362793 300.49606323 396.09576416 64 255 128
110.92482758 198.71368408 509.82366943 64 255 128
264.49871826 275.07040405 392.23101807 64 255 128
173.73556519 166.32562256 476.05584717 64 255 128
198.25599670 335.27099609 441.97698975 64 255 128
128.35502625 224.03184509 374.95019531 64 255 128
279.39367676 326.99514771 442.75491333 64 255 128
147.36398315 273.02468872 489.24139404 64 255 128
104.77258301 212.04563904 455.05972290 64 255 128
198.32577515 230.50521851 494.63354492 64 255 128
155.81401062 326.68200684 461.26498413 64 255 128
145.85934448 217.14653015 365.63165283 64 255 128
303.37979126 261.87924194 390.78689575 64 255 128
162.45899963 305.66702271 490.99099731 64 255 128
109.34899902 274.30297852 472.58898926 64 255 128
229.71920776 194.32432556 399.44705200 64 255 128
265.09411621 231.46823120 438.39202881 64 255 128
198.80863953 236.60221863 458.10385132 64 255 128
256.25225830 225.16622925 412.83596802 64 255 128
172.66256714 127.19371796 448.02975464 64 255 128
271.11837769 249.73211670 393.58837891 64 255 128
266.31832886 320.97100830 449.64465332 64 255 128
104.36991119 193.79072571 459.01727295 64 255 128
178.23554993 297.00119019 477.59063721 64 255 128
178.69573975 182.44276428 475.44281006 64 255 128
225.24702454 179.53713989 455.13873291 64 255 128
183.41148376 133.96388245 392.32699585 64 255 128
130.68692017 264.54092407 532.53540039 64 255 128
108.17700195 264.70397949 495.57000732 64 255 128
153.88482666 261.07928467 498.59466553 64 255 128
133.72500610 302.97601318 425.98400879 64 255 128
265.56613159 232.20849609 426.71530151 64 255 128
168.23109436 274.17376709 462.60525513 64 255 128
148.26618958 223.23738098 514.94140625 64 255 128
118.80799866 281.44601440 516.45202637 64 255 128
232.34866333 222.25531006 402.56784058 64 255 128
194.79544067 145.16773987 384.82220459 64 255 128
193.93699646 334.54702759 435.83102417 64 255 128
136.70126343 234.30307007 370.66836548 64 255 128
316.50588989 240.12002563 376.19268799 64 255 128
230.27743530 175.54980469 445.99472046 64 255 128
119.96499634 158.20976257 437.10083008 64 255 128
180.42626953 200.23001099 361.59271240 64 255 128
232.19132996 308.41293335 463.34808350 64 255 128
168.31871033 224.14695740 500.86767578 64 255 128
152.93057251 160.91279602 375.67529297 64 255 128
193.36912537 171.40472412 372.70462036 64 255 128
157.02432251 251.56408691 365.21472168 64 255 128
214.87629700 177.25949097 383.96621704 64 255 128
284.12838745 233.23110962 405.11529541 64 255 128
166.20355225 258.21017456 467.52761841 64 255 128
153.32414246 146.61117554 383.12142944 64 255 128
273.71197510 299.20501709 438.46997070 64 255 128
231.54113770 225.38583374 430.98294067 64 255 128
110.14253998 179.91926575 477.77230835 64 255 128
103.01960754 213.92871094 470.83215332 64 255 128
210.78236389 274.46362305 456.97775269 64 255 128
146.55799866 312.99298096 507.89703369 64 255 128
225.14758301 280.71755981 371.81735229 64 255 128
176.31198120 257.21636963 458.26763916 64 255 128
125.12999725 289.13598633 524.45898438 64 255 128
224.61000061 320.49600220 410.15301514 64 255 128
245.11720276 247.36659241 455.64065552 64 255 128
219.90391541 257.43710327 442.08795166 64 255 128
194.75428772 181.75846863 462.48419189 64 255 128
149.81243896 179.96539307 504.44323730 64 255 128
128.86199951 302.18801880 451.86700439 64 255 128
190.00401306 331.22198486 414.28198242 64 255 128
252.99906921 269.02404785 451.09191895 64 255 128
295.38836670 273.83377075 416.02981567 64 255 128
218.34623718 305.08538818 459.51052856 64 255 128
285.58639526 283.40084839 396.96691895 64 255 128
122.08000183 291.35000610 509.89300537 64 255 128
146.34100342 273.63000488 382.29998779 64 255 128
218.76397705 233.65350342 454.50021362 64 255 128
228.77961731 211.34284973 459.74981689 64 255 128
113.40370178 183.27064514 497.21780396 64 255 128
288.37121582 227.49645996 394.98968506 64 255 128
229.43750000 204.01835632 473.39971924 64 255 128
228.25720215 264.87863159 424.92562866 64 255 128
205.67163086 181.56620789 375.36886597 64 255 128
218.29600525 332.63998413 434.48699951 64 255 128
264.30139160 234.44166565 403.91247559 64 255 128
154.06300354 275.35900879 378.17098999 64 255 128
146.47164917 184.95455933 510.75387573 64 255 128
188.40252686 259.32669067 454.10134888 64 255 128
247.30876160 261.80001831 447.26876831 64 255 128
278.03134155 283.78601074 434.36795044 64 255 128
185.75700378 130.58894348 440.69552612 64 255 128
110.91503906 190.92414856 424.06628418 64 255 128
249.47059631 330.31051636 476.02084351 64 255 128
206.42800903 333.35098267 433.00698853 64 255 128
169.69233704 280.76119995 467.59197998 64 255 128
136.34080505 244.72958374 375.84140015 64 255 128
261.00637817 221.28050232 438.72714233 64 255 128
232.97288513 228.75482178 398.64263916 64 255 128
149.70300293 319.63800049 506.29800415 64 255 128
145.02600098 321.47900391 467.11798096 64 255 128
136.36039734 213.31896973 369.21667480 64 255 128
129.87562561 158.21069336 397.70968628 64 255 128
197.15255737 304.19754028 471.81091309 64 255 128
211.72723389 237.45310974 472.02597046 64 255 128
215.96699524 313.05300903 389.83398438 64 255 128
211.00239563 197.00114441 468.93276978 64 255 128
310.46917725 262.37457275 395.98132324 64 255 128
177.29490662 147.14810181 470.20590210 64 255 128
193.25708008 194.56916809 474.02636719 64 255 128
260.41592407 259.12091064 390.34469604 64 255 128
114.49400330 285.90499878 484.57800293 64 255 128
183.67199707 335.22601318 488.91699219 64 255 128
259.95898438 330.78051758 422.36175537 64 255 128
226.54600525 334.61099243 434.47100830 64 255 128
182.30685425 133.58174133 456.50686646 64 255 128
149.26399231 306.69702148 402.05999756 64 255 128
137.72499084 269.14599609 520.02301025 64 255 128
120.36289215 155.82347107 450.44891357 64 255 128
151.04969788 281.84826660 479.60873413 64 255 128
268.55560303 237.66235352 439.82983398 64 255 128
148.66328430 235.91807556 513.86999512 64 255 128
281.06466675 246.35224915 424.27560425 64 255 128
117.82117462 185.17619324 397.95166016 64 255 128
126.95617676 210.58018494 376.21554565 64 255 128
152.38600159 301.18899536 497.44998169 64 255 128
260.31552124 262.00411987 444.62774658 64 255 128
184.81730652 279.85507202 365.04925537 64 255 128
275.62066650 306.28085327 403.08395386 64 255 128
156.80838013 260.15789795 371.14669800 64 255 128
195.59867859 237.53738403 358.86279297 64 255 128
185.30300903 328.37200928 402.00601196 64 255 128
221.78297424 282.99557495 460.05639648 64 255 128
237.54977417 285.72415161 456.57159424 64 255 128
138.21699524 316.62802124 481.83102417 64 255 128
189.38574219 243.62625122 470.87435913 64 255 128
117.01399994 194.03797913 394.24371338 64 255 128
218.63732910 301.30307007 381.22195435 64 255 128
292.19500732 245.04882812 416.86386108 64 255 128
219.74101257 159.00498962 394.03637695 64 255 128
122.62427521 164.66282654 414.11730957 64 255 128
109.58464813 176.84022522 453.96166992 64 255 128
153.78808594 167.57832336 494.76818848 64 255 128
219.72972107 240.54426575 365.13470459 64 255 128
139.16101074 275.25900269 515.42700195 64 255 128
121.33200073 264.41000366 544.51397705 64 255 128
252.37625122 277.96298218 454.09835815 64 255 128
112.83000183 275.52099609 450.93099976 64 255 128
118.64720154 177.75755310 500.72305298 64 255 128
147.36169434 168.80484009 501.08261108 64 255 128
105.43049622 211.78163147 442.29821777 64 255 128
273.81723022 335.54647827 443.50573730 64 255 128
225.33352661 234.83222961 475.04086304 64 255 128
138.04788208 182.22621155 376.14575195 64 255 128
299.82440186 257.75311279 406.73394775 64 255 128
185.70051575 232.84382629 358.59765625 64 255 128
310.57656860 283.79968262 407.28210449 64 255 128
230.13243103 286.05487061 376.90908813 64 255 128
229.24554443 262.00994873 371.22631836 64 255 128
110.91606140 244.43119812 527.63098145 64 255 128
209.36668396 260.22662354 361.21441650 64 255 128
163.90800476 280.21099854 374.42700195 64 255 128
138.65628052 140.29035950 414.46200562 64 255 128
117.22462463 230.29641724 541.63842773 64 255 128
243.68838501 314.77481079 460.85528564 64 255 128
178.61853027 250.76383972 462.11141968 64 255 128
240.49494934 204.31394958 406.29956055 64 255 128
245.31799316 340.21600342 449.93902588 64 255 128
218.68124390 263.23901367 446.42214966 64 255 128
110.56900024 246.78500366 421.76300049 64 255 128
295.81201172 293.29296875 402.11614990 64 255 128
105.02229309 241.82621765 474.25225830 64 255 128
237.04273987 260.36843872 376.67807007 64 255 128
224.83052063 258.40515137 432.12854004 64 255 128
211.65730286 140.16113281 426.37365723 64 255 128
142.06799316 303.84100342 412.00399780 64 255 128
296.84844971 281.75250244 400.63562012 64 255 128
284.66802979 298.21902466 401.56976318 64 255 128
131.53898621 156.25801086 487.46685791 64 255 128
217.87556458 204.19961548 476.72601318 64 255 128
106.76596069 200.75653076 497.54214478 64 255 128
216.19300842 335.81900024 464.36199951 64 255 128
195.19544983 133.03625488 399.18350220 64 255 128
199.73370361 270.43563843 460.09509277 64 255 128
182.55200195 339.13699341 478.42999268 64 255 128
117.34857178 204.01457214 530.31085205 64 255 128
241.05287170 241.88206482 395.74050903 64 255 128
259.01763916 334.16918945 471.94635010 64 255 128
140.14309692 146.17449951 394.26962280 64 255 128
234.75852966 274.92971802 378.33859253 64 255 128
148.27697754 139.80874634 470.61654663 64 255 128
260.85922241 311.50949097 449.97167969 64 255 128
223.16665649 168.60467529 444.35531616 64 255 128
305.10061646 281.85736084 399.05770874 64 255 128
103.27069855 205.00668335 462.37161255 64 255 128
180.90599060 330.95602417 424.35501099 64 255 128
102.69780731 208.32319641 475.04748535 64 255 128
107.23099518 262.01699829 461.60598755 64 255 128
235.88717651 293.11975098 385.47097778 64 255 128
153.14309692 173.84024048 370.79379272 64 255 128
107.21600342 264.96499634 470.77798462 64 255 128
190.40020752 304.59539795 474.86611938 64 255 128
105.76118469 252.59405518 476.78918457 64 255 128
106.84899902 263.03298950 509.20300293 64 255 128
155.67800903 305.66598511 394.73599243 64 255 128
225.26136780 308.10556030 391.26522827 64 255 128
227.96218872 158.65995789 418.99768066 64 255 128
242.82687378 303.33117676 456.51187134 64 255 128
308.72756958 253.90872192 387.67343140 64 255 128
243.02336121 193.34611511 440.93521118 64 255 128
292.98486328 293.72900391 419.56863403 64 255 128
115.00299835 244.69799805 404.84600830 64 255 128
172.46200562 326.10601807 409.36401367 64 255 128
117.14199829 288.03900146 466.85699463 64 255 128
195.20098877 273.50885010 359.64611816 64 255 128
116.58500671 173.36367798 487.96237183 64 255 128
228.55245972 219.79331970 451.23925781 64 255 128
126.22708130 230.12445068 546.37310791 64 255 128
162.81101990 179.94284058 366.27172852 64 255 128
102.11529541 221.53041077 481.96630859 64 255 128
106.43817139 211.74272156 431.69174194 64 255 128
252.77804565 225.76873779 447.10595703 64 255 128
106.29499817 254.56398010 455.89700317 64 255 128
141.44499207 316.81500244 456.66400146 64 255 128
161.41780090 128.44100952 415.89736938 64 255 128
204.55513000 287.14736938 365.20083618 64 255 128
153.04699707 313.49600220 406.81100464 64 255 128
152.02223206 132.77368164 455.83789062 64 255 128
294.96182251 312.16912842 412.18835449 64 255 128
231.69793701 314.75534058 466.26864624 64 255 128
251.75189209 227.30888367 455.17926025 64 255 128
226.09999084 338.33700562 474.92901611 64 255 128
144.71000671 267.13601685 380.89999390 64 255 128
159.12454224 258.46990967 491.25765991 64 255 128
224.31179810 207.76586914 481.80838013 64 255 128
172.14193726 134.98768616 390.05279541 64 255 128
172.36061096 253.38351440 487.17251587 64 255 128
131.50895691 218.61131287 541.19989014 64 255 128
295.02426147 317.65365601 425.38882446 64 255 128
119.79299927 279.16400146 428.65399170 64 255 128
145.15000916 320.57299805 491.98999023 64 255 128
132.77200317 287.11300659 404.52398682 64 255 128
292.45361328 262.76400757 392.31881714 64 255 128
125.69363403 167.85310364 496.76531982 64 255 128
139.25900269 294.13101196 511.58898926 64 255 128
182.55513000 271.92687988 461.73049927 64 255 128
193.54400635 307.18499756 377.16799927 64 255 128
145.50698853 316.57901001 443.81600952 64 255 128
133.38500977 311.53198242 464.66198730 64 255 128
293.66107178 281.12142944 418.56530762 64 255 128
185.94900513 315.37197876 385.31399536 64 255 128
163.90213013 213.69897461 499.78500366 64 255 128
197.11326599 289.84835815 467.33697510 64 255 128
225.98298645 338.27099609 444.81997681 64 255 128
172.89601135 128.36839294 401.66284180 64 255 128
143.13200378 311.92300415 425.24002075 64 255 128
212.43295288 215.49403381 369.54760742 64 255 128
130.78871155 201.41384888 375.14547729 64 255 128
260.84259033 235.76658630 452.83792114 64 255 128
246.85618591 323.14532471 465.28704834 64 255 128
155.89874268 132.42657471 397.36294556 64 255 128
211.25000000 295.26513672 374.30517578 64 255 128
200.47312927 203.75524902 367.52392578 64 255 128
171.57832336 192.50302124 486.94345093 64 255 128
104.36775208 247.06451416 493.33370972 64 255 128
140.57723999 140.03973389 462.19116211 64 255 128
237.90242004 233.85424805 412.97283936 64 255 128
108.31918335 228.58364868 517.11071777 64 255 128
226.25462341 215.94630432 464.13153076 64 255 128
232.88452148 216.78649902 411.00387573 64 255 128
116.40039825 186.17802429 508.42892456 64 255 128
235.61964417 184.95463562 446.88879395 64 255 128
228.36326599 228.28050232 466.67892456 64 255 128
225.59811401 154.50573730 412.44692993 64 255 128
226.93373108 231.63172913 371.25903320 64 255 128
134.38658142 198.85275269 531.29382324 64 255 128
186.88011169 230.75088501 440.26983643 64 255 128
110.60996246 199.93664551 412.72097778 64 255 128
246.13150024 230.77572632 460.73507690 64 255 128
120.46244049 190.87446594 523.30834961 64 255 128
252.48683167 260.78121948 456.73120117 64 255 128
203.48085022 279.87127686 362.85290527 64 255 128
235.54333496 217.51669312 394.93490601 64 255 128
133.90808105 141.85391235 452.49938965 64 255 128
104.91400146 199.37644958 489.51794434 64 255 128
125.31724548 153.18838501 419.78314209 64 255 128
181.08404541 131.23670959 448.54559326 64 255 128
156.85726929 239.28414917 506.41662598 64 255 128
228.72830200 247.08261108 446.67752075 64 255 128
123.12778473 200.18704224 536.91522217 64 255 128
108.84200287 182.52165222 444.98477173 64 255 128
298.05252075 244.85005188 385.75671387 64 255 128
129.80599976 308.54498291 471.65200806 64 255 128
126.83918762 155.84068298 474.00952148 64 255 128
128.37707520 248.94163513 541.26306152 64 255 128
127.07099152 276.02197266 402.12600708 64 255 128
281.65795898 253.41969299 392.19100952 64 255 128
156.91200256 330.95800781 484.82901001 64 255 128
161.00000000 333.02700806 495.21899414 64 255 128
191.84899902 322.20101929 391.67599487 64 255 128
207.44636536 299.68954468 465.93923950 64 255 128
212.12939453 171.77246094 382.94689941 64 255 128
156.46499634 269.19100952 375.40798950 64 255 128
247.74789429 244.97271729 396.12573242 64 255 128
253.97100830 298.90112305 450.91204834 64 255 128
212.88450623 221.36863708 367.63385010 64 255 128
302.31335449 284.16271973 413.14645386 64 255 128
162.01098633 128.83082581 424.15597534 64 255 128
175.74598694 308.41897583 383.32400513 64 255 128
169.96299744 294.24600220 377.73800659 64 255 128
105.40699768 260.11401367 501.08801270 64 255 128
230.76899719 231.59135437 475.54443359 64 255 128
166.38029480 268.35275269 369.08358765 64 255 128
195.36616516 222.49522400 360.41958618 64 255 128
147.28965759 132.68389893 445.28567505 64 255 128
253.16319275 247.66090393 392.32192993 64 255 128
206.63226318 144.96456909 445.41580200 64 255 128
309.36453247 276.63629150 395.11285400 64 255 128
248.73283386 338.30419922 474.19702148 64 255 128
206.19439697 197.77467346 472.65222168 64 255 128
115.66600037 272.10198975 430.87899780 64 255 128
106.87476349 239.59574890 513.64605713 64 255 128
210.44517517 147.41445923 391.92828369 64 255 128
163.90844727 222.42289734 359.91491699 64 255 128
186.28044128 171.99172974 463.91198730 64 255 128
230.14604187 211.43766785 436.00341797 64 255 128
245.24316406 207.05128479 430.03512573 64 255 128
307.83609009 235.12286377 373.69567871 64 255 128
182.22145081 165.04777527 372.33691406 64 255 128
289.30804443 318.69692993 413.57055664 64 255 128
183.74899292 295.74011230 474.11660767 64 255 128
130.82099915 260.45901489 388.43399048 64 255 128
166.26017761 228.36190796 360.33996582 64 255 128
269.26904297 297.13470459 398.40469360 64 255 128
185.79345703 186.33810425 365.68792725 64 255 128
137.13200378 285.91799927 397.88400269 64 255 128
235.81048584 242.38311768 377.38800049 64 255 128
218.01115417 229.61102295 368.31304932 64 255 128
289.33767700 236.61459351 407.21398926 64 255 128
107.87100220 246.31700134 435.88198853 64 255 128
294.18405151 224.94781494 390.60510254 64 255 128
236.05946350 279.42596436 458.35711670 64 255 128
274.93179321 244.39134216 422.85235596 64 255 128
228.03890991 265.41491699 450.61721802 64 255 128
216.03279114 177.05131531 453.90417480 64 255 128
239.88511658 205.51724243 435.11883545 64 255 128
191.20626831 146.05767822 458.13500977 64 255 128
148.59500122 311.22000122 414.26797485 64 255 128
117.50800323 288.40899658 459.10800171 64 255 128
142.03427124 248.55752563 519.06298828 64 255 128
304.15438843 226.35528564 382.33435059 64 255 128
190.00404358 132.43708801 444.31320190 64 255 128
166.92500305 329.12399292 447.83700562 64 255 128
120.30599976 270.63699341 411.10501099 64 255 128
253.31369019 217.84390259 433.57449341 64 255 128
220.74099731 332.25799561 479.71002197 64 255 128
132.99169922 144.36605835 420.74902344 64 255 128
233.73176575 221.54364014 388.74725342 64 255 128
242.67137146 201.04945374 449.50881958 64 255 128
229.17660522 253.50016785 430.23724365 64 255 128
104.05287933 199.62715149 483.19372559 64 255 128
197.50312805 133.00492859 408.55087280 64 255 128
154.00900269 319.77099609 427.33700562 64 255 128
149.95027161 144.75764465 481.39508057 64 255 128
157.56799316 322.65200806 500.74499512 64 255 128
230.82939148 219.79878235 424.94082642 64 255 128
240.89057922 321.60095215 409.40377808 64 255 128
264.26913452 330.27920532 458.37478638 64 255 128
138.96403503 245.66539001 524.68579102 64 255 128
147.73498535 135.04936218 408.06948853 64 255 128
177.82839966 271.89599609 364.20251465 64 255 128
115.66561127 214.94198608 532.66107178 64 255 128
126.47200012 301.06298828 500.66400146 64 255 128
106.10785675 217.90937805 504.73910522 64 255 128
168.51606750 150.85630798 377.38674927 64 255 128
285.56820679 250.45573425 424.46423340 64 255 128
254.99293518 340.86917114 459.05508423 64 255 128
268.14682007 333.80194092 432.60266113 64 255 128
294.40060425 250.78901672 387.01104736 64 255 128
120.63088989 174.90536499 402.89709473 64 255 128
173.03100586 331.88400269 447.66101074 64 255 128
104.11301422 234.39167786 454.11264038 64 255 128
262.51190186 221.64094543 430.18832397 64 255 128
110.48600006 254.94097900 431.15197754 64 255 128
242.25938416 235.05299377 421.20242310 64 255 128
173.72799683 330.33401489 430.45999146 64 255 128
199.29466248 268.45486450 358.03811646 64 255 128
119.00100708 172.74002075 415.06692505 64 255 128
115.15699768 268.21301270 533.81500244 64 255 128
108.84197235 217.37882996 415.37069702 64 255 128
125.86699677 295.71499634 512.06097412 64 255 128
196.61027527 147.30668640 454.17691040 64 255 128
204.59208679 233.08807373 459.09609985 64 255 128
232.70745850 191.57392883 405.42977905 64 255 128
273.65991211 314.80883789 408.86056519 64 255 128
216.26885986 288.97024536 460.98242188 64 255 128
106.72000122 244.21900940 445.79898071 64 255 128
105.51725769 200.42779541 450.06704712 64 255 128
235.53666687 248.31733704 451.18640137 64 255 128
207.85147095 211.68661499 491.16583252 64 255 128
240.57762146 255.75616455 449.12133789 64 255 128
228.86502075 251.94442749 371.14303589 64 255 128
158.22799683 325.35699463 451.44097900 64 255 128
221.65936279 148.42160034 415.64184570 64 255 128
263.39761353 326.24829102 418.75051880 64 255 128
309.41204834 235.58795166 381.16009521 64 255 128
206.44252014 310.37048340 469.67706299 64 255 128
111.37484741 185.01365662 435.24853516 64 255 128
225.17562866 233.71276855 469.28961182 64 255 128
158.29400635 298.54000854 386.46200562 64 255 128
126.44892883 147.19114685 447.62261963 64 255 128
170.62300110 337.60699463 487.21798706 64 255 128
301.69506836 230.43508911 390.78094482 64 255 128
143.56500244 302.95602417 507.85202026 64 255 128
104.65988922 194.73384094 471.66546631 64 255 128
159.41178894 205.62800598 362.55401611 64 255 128
183.52299500 335.06100464 450.18099976 64 255 128
109.98522186 237.49772644 413.43212891 64 255 128
111.82205963 192.37770081 412.16906738 64 255 128
185.07286072 200.30419922 485.10696411 64 255 128
134.70848083 160.72608948 497.21194458 64 255 128
173.88307190 156.33119202 473.83374023 64 255 128
121.11418915 165.54039001 482.01232910 64 255 128
232.04928589 205.80326843 463.52786255 64 255 128
170.71943665 208.67344666 359.63851929 64 255 128
244.39710999 207.05952454 438.58969116 64 255 128
202.94876099 327.16677856 474.71630859 64 255 128
144.42999268 322.46099854 480.88699341 64 255 128
227.66531372 229.85227966 485.34439087 64 255 128
123.90299988 287.93499756 432.05899048 64 255 128
142.58271790 170.64149475 377.33282471 64 255 128
186.90252686 228.34056091 495.11407471 64 255 128
124.25962830 207.80764771 541.93884277 64 255 128
232.11285400 231.10263062 379.05438232 64 255 128
218.24896240 159.70086670 443.05935669 64 255 128
120.17900085 276.80001831 422.45599365 64 255 128
257.25149536 280.41149902 391.32080078 64 255 128
110.79335022 219.38531494 523.48449707 64 255 128
195.36869812 189.09719849 368.85479736 64 255 128
130.76800537 293.76000977 416.41198730 64 255 128
106.75048065 203.77746582 442.12518311 64 255 128
200.86386108 314.61926270 473.94259644 64 255 128
119.54293823 211.03451538 539.63708496 64 255 128
187.14863586 244.20245361 479.74465942 64 255 128
186.88197327 249.75102234 452.26757812 64 255 128
199.25950623 137.53211975 393.25024414 64 255 128
150.95600891 327.32498169 472.96099854 64 255 128
106.20384216 188.68605042 450.58367920 64 255 128
157.94967651 232.32539368 506.35855103 64 255 128
143.98857117 150.67352295 488.39669800 64 255 128
117.31299591 285.22500610 504.99801636 64 255 128
115.22299957 255.58299255 409.93899536 64 255 128
258.34109497 268.62792969 392.29464722 64 255 128
109.99925232 175.63693237 462.82452393 64 255 128
178.16600037 331.71002197 491.37698364 64 255 128
103.82563019 207.94606018 489.22711182 64 255 128
266.81155396 337.26742554 441.79232788 64 255 128
142.31669617 215.27326965 524.18389893 64 255 128
232.55400085 338.36099243 476.83398438 64 255 128
164.38722229 140.66609192 474.85015869 64 255 128
274.34777832 276.84362793 394.02017212 64 255 128
266.67764282 241.63703918 399.75836182 64 255 128
214.61444092 159.59860229 389.36605835 64 255 128
241.37097168 256.62994385 380.41354370 64 255 128
128.82025146 191.95722961 531.12805176 64 255 128
208.62483215 287.07391357 462.87997437 64 255 128
111.43019104 231.48402405 402.59329224 64 255 128
109.51551819 194.18646240 437.09692383 64 255 128
150.05625916 197.05067444 509.53204346 64 255 128
169.77000427 324.92700195 417.03399658 64 255 128
149.55299377 318.55999756 433.49298096 64 255 128
259.01828003 282.94677734 448.43576050 64 255 128
252.35464478 233.32540894 413.84423828 64 255 128
303.29211426 301.19204712 409.82345581 64 255 128
216.88262939 233.78717041 459.71899414 64 255 128
175.70582581 179.69989014 367.01641846 64 255 128
120.76800537 287.05599976 444.73098755 64 255 128
207.95220947 136.45053101 414.16467285 64 255 128
