ply
format ascii 1.0
element vertex 4096
property float x
property float y
property float z
property uchar red
property uchar green
property uchar blue
end_header
279.17108154 233.95690918 441.45080566 255 64 64
285.85525513 241.59741211 451.47384644 255 64 64
283.33935547 228.05360413 432.50942993 255 64 64
288.51837158 233.91691589 441.96069336 255 64 64
110.13540649 113.88169098 423.36508179 255 64 64
100.73106384 116.42211914 428.12377930 255 64 64
115.89630890 111.80128479 413.30361938 255 64 64
104.98574066 112.55213928 415.97900391 255 64 64
255.24563599 211.07841492 422.81195068 255 64 64
264.24676514 215.95126343 429.69027710 255 64 64
264.19982910 209.98822021 415.90258789 255 64 64
271.90805054 213.23829651 421.82296753 255 64 64
101.35255432 117.85908508 419.51547241 255 64 64
92.17436218 124.48564148 421.89535522 255 64 64
106.27873230 115.89202881 410.03112793 255 64 64
96.35810089 121.72492981 410.59677124 255 64 64
126.72727966 116.41578674 401.60433960 255 64 64
115.44548035 116.73107147 403.68341064 255 64 64
135.54277039 121.33576965 395.00204468 255 64 64
123.91109467 119.70099640 394.87402344 255 64 64
90.40755463 130.33007812 412.07919312 255 64 64
83.62738800 138.43086243 415.79843140 255 64 64
95.03718567 128.10699463 402.32336426 255 64 64
87.00680542 135.71496582 404.58377075 255 64 64
109.19298553 181.44253540 574.00329590 255 64 64
115.39071655 188.84780884 578.32354736 255 64 64
112.38038635 190.79353333 573.44433594 255 64 64
118.41278076 198.37588501 578.95721436 255 64 64
271.83734131 248.91009521 469.05087280 255 64 64
272.41070557 252.60234070 479.96997070 255 64 64
279.22982788 244.88851929 460.06362915 255 64 64
277.94812012 247.65188599 470.19973755 255 64 64
267.52081299 249.91601562 441.52026367 255 64 64
269.58395386 256.46444702 452.78497314 255 64 64
277.00521851 244.95730591 438.98355103 255 64 64
274.84552002 250.51962280 447.38143921 255 64 64
102.19409943 121.26512146 441.12295532 255 64 64
94.05278015 127.29590607 446.02246094 255 64 64
104.37664032 116.37627411 429.81768799 255 64 64
95.07257843 122.10250854 433.16912842 255 64 64
98.21016693 171.90628052 555.30505371 255 64 64
99.70039368 180.36335754 562.03613281 255 64 64
90.00376892 172.03054810 546.07458496 255 64 64
93.21197510 179.78997803 552.28509521 255 64 64
109.99961853 119.49120331 394.35577393 255 64 64
99.56054688 126.20736694 394.39257812 255 64 64
118.65724182 122.96236420 388.70422363 255 64 64
108.31417084 128.90194702 387.32388306 255 64 64
88.87618256 133.81457520 437.82485962 255 64 64
83.67691803 142.76234436 442.43621826 255 64 64
90.26720428 129.22973633 426.84387207 255 64 64
83.69184875 138.12417603 430.42758179 255 64 64
252.54684448 238.79240417 424.14242554 255 64 64
252.65991211 251.69990540 429.37957764 255 64 64
264.33215332 235.08253479 427.21685791 255 64 64
260.02902222 244.52273560 430.06985474 255 64 64
92.63828278 132.48744202 456.06008911 255 64 64
87.13499451 140.10606384 461.33666992 255 64 64
92.75988770 128.59599304 444.45825195 255 64 64
86.37654877 136.00979614 448.47451782 255 64 64
256.74182129 267.81384277 473.27365112 255 64 64
254.88143921 266.15933228 484.66210938 255 64 64
266.84185791 263.80157471 471.77114868 255 64 64
262.82214355 264.53216553 480.04980469 255 64 64
82.34866333 147.88049316 405.34930420 255 64 64
77.39794922 158.07421875 410.14428711 255 64 64
87.85301971 145.10697937 395.01477051 255 64 64
81.26486206 154.84414673 398.38992310 255 64 64
98.22154236 157.41464233 534.00158691 255 64 64
96.84101868 164.21400452 541.38122559 255 64 64
94.48423004 154.61312866 522.57897949 255 64 64
93.95806885 160.86206055 529.56817627 255 64 64
90.31349945 144.17514038 474.85775757 255 64 64
86.44658661 152.35060120 480.74877930 255 64 64
88.44671631 140.26022339 463.08578491 255 64 64
83.93016052 148.46768188 468.07916260 255 64 64
99.94436646 183.05578613 558.34027100 255 64 64
105.51486206 191.61953735 564.86230469 255 64 64
97.94907379 192.45480347 552.59698486 255 64 64
104.49243164 200.78813171 559.08911133 255 64 64
115.06716156 172.94306946 560.92468262 255 64 64
117.62892151 180.68116760 569.19830322 255 64 64
122.01427460 176.33102417 557.27221680 255 64 64
124.38775635 184.92250061 565.98315430 255 64 64
233.97233582 205.23220825 414.51391602 255 64 64
240.40048218 204.80072021 419.12432861 255 64 64
247.67456055 204.78071594 412.35244751 255 64 64
250.81608582 203.85372925 416.69830322 255 64 64
141.76989746 127.76471710 395.07803345 255 64 64
129.90353394 128.27995300 392.60852051 255 64 64
150.40458679 135.55455017 392.00048828 255 64 64
139.61349487 135.61375427 388.23492432 255 64 64
252.59727478 265.70153809 446.96789551 255 64 64
250.55661011 268.19708252 458.07901001 255 64 64
264.14300537 262.12557983 449.74414062 255 64 64
258.52584839 265.05084229 456.17147827 255 64 64
140.96035767 125.96475983 404.48428345 255 64 64
141.28890991 129.28443909 415.63378906 255 64 64
151.05487061 131.97048950 398.56604004 255 64 64
152.89765930 134.98828125 410.11236572 255 64 64
97.25518036 144.88858032 505.30035400 255 64 64
96.62474060 148.05572510 513.50354004 255 64 64
96.45838928 142.42816162 493.21316528 255 64 64
96.89175415 144.21762085 500.58859253 255 64 64
109.14849854 164.63320923 546.36053467 255 64 64
110.98728180 169.74713135 556.84442139 255 64 64
114.95393372 167.47924805 540.44445801 255 64 64
116.71351624 171.88380432 550.33306885 255 64 64
103.57778931 131.01077271 460.14285278 255 64 64
98.75241089 136.25912476 468.26498413 255 64 64
107.62191772 126.47502136 447.63217163 255 64 64
103.32403564 131.54627991 455.94204712 255 64 64
124.50994873 128.27534485 383.96014404 255 64 64
113.77859497 135.60382080 381.28906250 255 64 64
135.41731262 134.40740967 384.00390625 255 64 64
125.13398743 141.99829102 379.44787598 255 64 64
81.47506714 146.57243347 439.25933838 255 64 64
78.71382141 155.81036377 445.11944580 255 64 64
81.24145508 143.82025146 428.12792969 255 64 64
78.03057861 153.04112244 433.27920532 255 64 64
88.63899994 167.69981384 515.99285889 255 64 64
90.13722992 177.11054993 523.03015137 255 64 64
83.68508148 169.83328247 504.74310303 255 64 64
86.30125427 178.70211792 511.63208008 255 64 64
246.24154663 256.75088501 494.35467529 255 64 64
242.00927734 257.19277954 503.71633911 255 64 64
256.78222656 255.86425781 489.03005981 255 64 64
250.93597412 255.47998047 496.89617920 255 64 64
127.31389618 221.46496582 562.78503418 255 64 64
130.54290771 219.00933838 569.08837891 255 64 64
140.54780579 231.31733704 560.00726318 255 64 64
141.46479797 227.30213928 566.90686035 255 64 64
129.41506958 194.20262146 566.88702393 255 64 64
129.16918945 201.32414246 575.04541016 255 64 64
140.70486450 200.06967163 560.53778076 255 64 64
138.96981812 206.50848389 570.01464844 255 64 64
102.04769897 133.30575562 385.98941040 255 64 64
93.72715759 143.12825012 386.60009766 255 64 64
113.98872375 136.19873047 381.86807251 255 64 64
105.46765137 146.52900696 380.77841187 255 64 64
235.56883240 264.51602173 433.99423218 255 64 64
233.04547119 269.63742065 443.03802490 255 64 64
246.91809082 262.86724854 437.01605225 255 64 64
240.69195557 266.67950439 441.45446777 255 64 64
119.92146301 125.51910400 430.55496216 255 64 64
117.13908386 132.05178833 441.17111206 255 64 64
129.93916321 129.40414429 422.65258789 255 64 64
128.29852295 136.39126587 433.63571167 255 64 64
95.04380798 183.02880859 537.67028809 255 64 64
99.09847260 191.93391418 544.87500000 255 64 64
93.78586578 191.84857178 528.15820312 255 64 64
99.04700470 199.85548401 535.81311035 255 64 64
227.43302917 217.25573730 409.34863281 255 64 64
226.98925781 231.20010376 410.33776855 255 64 64
241.38058472 217.21653748 413.13565063 255 64 64
237.03567505 226.03443909 413.30383301 255 64 64
232.88574219 274.79159546 469.41842651 255 64 64
230.18051147 272.95147705 481.00103760 255 64 64
244.74478149 272.91308594 470.74047852 255 64 64
238.50396729 272.70370483 477.54586792 255 64 64
128.79605103 180.33341980 549.21215820 255 64 64
130.78338623 186.86824036 558.69116211 255 64 64
134.97085571 185.25106812 543.80969238 255 64 64
136.17092896 190.64660645 553.51269531 255 64 64
84.59698486 157.13171387 487.78594971 255 64 64
83.66645813 167.00541687 494.44769287 255 64 64
81.47891998 156.93969727 474.90512085 255 64 64
80.59699249 167.16755676 481.49325562 255 64 64
248.87419128 237.87968445 472.65420532 255 64 64
250.38708496 246.12020874 482.16735840 255 64 64
259.21932983 240.30278015 466.76263428 255 64 64
255.33503723 242.55505371 475.34613037 255 64 64
87.06819916 151.72908020 391.29855347 255 64 64
82.27429199 163.19007874 394.35235596 255 64 64
97.61607361 150.16737366 382.57904053 255 64 64
91.91544342 161.47050476 384.18289185 255 64 64
76.05309296 161.31671143 430.57833862 255 64 64
75.59793091 171.66403198 436.93930054 255 64 64
75.31304932 159.21310425 419.56323242 255 64 64
74.39511871 169.65003967 425.16787720 255 64 64
251.14682007 226.13482666 451.80297852 255 64 64
255.18867493 235.13914490 461.61694336 255 64 64
261.66552734 229.31796265 446.77224731 255 64 64
259.15896606 231.73413086 455.74563599 255 64 64
152.32743835 136.92465210 393.59155273 255 64 64
157.35176086 140.73034668 401.65820312 255 64 64
157.82965088 146.33924866 390.41482544 255 64 64
164.59915161 151.32516479 399.51834106 255 64 64
108.91377258 202.61877441 557.49578857 255 64 64
114.16850281 209.66134644 565.70751953 255 64 64
111.13031006 213.39599609 548.07440186 255 64 64
116.39997864 218.29550171 557.13739014 255 64 64
79.33424377 160.36170959 461.39355469 255 64 64
79.04669189 169.90684509 468.18011475 255 64 64
77.21017456 158.93228149 449.30743408 255 64 64
77.06453705 168.89558411 456.04922485 255 64 64
141.91036987 138.23370361 382.78540039 255 64 64
133.10125732 145.10774231 378.59420776 255 64 64
153.10894775 144.97787476 387.57611084 255 64 64
145.37725830 152.66903687 382.31072998 255 64 64
103.92091370 140.06336975 479.07031250 255 64 64
103.51928711 145.39916992 488.76907349 255 64 64
106.91737366 140.47619629 465.76919556 255 64 64
108.51267242 145.24769592 475.94158936 255 64 64
226.14212036 247.01864624 422.88339233 255 64 64
224.02357483 258.79965210 428.33441162 255 64 64
238.34342957 245.80850220 423.77593994 255 64 64
231.67686462 252.88095093 426.86251831 255 64 64
160.63540649 251.30131531 546.74816895 255 64 64
156.92691040 246.43060303 557.82305908 255 64 64
173.02180481 252.36106873 542.73779297 255 64 64
167.00755310 248.04185486 551.01354980 255 64 64
212.61991882 273.14331055 435.82366943 255 64 64
209.74987793 274.69433594 446.61477661 255 64 64
224.15452576 273.10479736 438.09234619 255 64 64
217.66632080 274.08050537 443.68457031 255 64 64
212.79742432 259.21990967 507.37152100 255 64 64
207.67071533 256.95709229 513.95861816 255 64 64
223.13516235 257.42745972 508.25903320 255 64 64
216.54058838 256.50473022 513.05346680 255 64 64
242.73516846 209.31323242 432.48953247 255 64 64
245.91191101 220.50541687 441.45330811 255 64 64
254.41058350 211.99981689 426.46676636 255 64 64
250.85162354 215.84912109 435.65347290 255 64 64
78.20280457 168.68190002 400.60803223 255 64 64
76.99739838 180.67201233 405.66433716 255 64 64
83.49701691 166.69351196 389.69641113 255 64 64
81.41368103 178.48733521 393.35314941 255 64 64
150.09387207 221.68724060 557.22320557 255 64 64
148.02847290 225.12640381 568.59887695 255 64 64
161.55007935 225.74670410 549.69628906 255 64 64
156.07345581 225.93798828 560.00097656 255 64 64
227.91305542 233.69381714 487.43280029 255 64 64
228.75744629 241.28631592 497.68893433 255 64 64
238.34204102 237.85975647 480.74865723 255 64 64
234.02978516 238.46820068 489.71029663 255 64 64
224.71687317 268.50231934 491.06936646 255 64 64
220.61407471 265.98492432 500.69345093 255 64 64
235.37036133 267.95907593 491.14135742 255 64 64
229.03036499 266.62866211 497.24136353 255 64 64
112.96740723 163.47564697 529.38854980 255 64 64
115.02940369 168.17034912 537.99920654 255 64 64
117.26367950 166.65664673 521.55871582 255 64 64
119.06966400 170.13847351 529.81738281 255 64 64
85.22278595 180.34608459 498.02075195 255 64 64
88.15950775 188.97810364 506.08953857 255 64 64
81.40840149 181.63256836 484.87432861 255 64 64
85.26251984 190.05337524 493.25671387 255 64 64
111.17123413 135.76568604 452.29730225 255 64 64
111.64805603 141.35537720 462.49102783 255 64 64
118.42716217 139.82246399 443.89569092 255 64 64
120.40222168 145.06759644 454.59716797 255 64 64
110.43136597 152.50534058 379.80285645 255 64 64
103.75360870 164.00047302 379.45010376 255 64 64
123.82316589 152.82534790 378.27401733 255 64 64
117.64676666 164.09434509 377.12301636 255 64 64
119.60012817 170.96032715 565.68609619 255 64 64
117.39643860 170.97409058 565.71893311 255 64 64
120.15311432 170.94595337 565.65856934 255 64 64
119.59756470 170.95358276 565.68316650 255 64 64
129.74592590 175.96899414 558.68304443 255 64 64
127.49600983 175.96890259 558.72601318 255 64 64
130.29045105 175.98211670 558.63110352 255 64 64
129.75570679 175.97805786 558.66925049 255 64 64
121.80904388 181.22914124 572.91461182 255 64 64
119.54131317 181.22807312 572.95880127 255 64 64
122.40026855 181.22120667 572.86901855 255 64 64
121.82672882 181.21858215 572.90710449 255 64 64
134.35644531 178.15545654 548.14178467 255 64 64
131.98263550 178.15080261 548.18145752 255 64 64
134.91629028 178.18371582 548.09613037 255 64 64
134.35134888 178.17466736 548.13336182 255 64 64
115.78129578 164.10827637 552.41345215 255 64 64
113.77598572 164.12316895 552.43939209 255 64 64
116.27244568 164.12477112 552.39056396 255 64 64
115.80931091 164.12918091 552.40185547 255 64 64
130.40455627 192.67681885 570.95727539 255 64 64
127.80178833 192.65281677 571.02008057 255 64 64
131.05482483 192.66960144 570.86798096 255 64 64
130.38270569 192.65269470 570.92968750 255 64 64
138.13238525 189.92861938 560.54547119 255 64 64
135.55108643 189.91850281 560.56427002 255 64 64
138.75093079 189.93458557 560.46362305 255 64 64
138.09864807 189.92340088 560.49078369 255 64 64
124.15549469 167.44975281 544.50555420 255 64 64
122.03645325 167.46022034 544.52294922 255 64 64
124.66764069 167.47726440 544.46728516 255 64 64
124.17510986 167.48081970 544.47833252 255 64 64
114.11466980 189.32386780 564.03247070 255 64 64
112.16055298 189.31759644 564.04498291 255 64 64
114.54312134 189.33671570 564.05609131 255 64 64
114.08755493 189.32612610 564.06231689 255 64 64
105.72271729 174.59953308 557.33166504 255 64 64
103.98440552 174.60990906 557.32843018 255 64 64
106.12741089 174.61029053 557.34875488 255 64 64
105.74295044 174.60798645 557.33312988 255 64 64
141.35282898 187.16291809 543.06140137 255 64 64
138.86990356 187.13963318 543.10894775 255 64 64
141.88739014 187.17088318 543.03063965 255 64 64
141.30218506 187.15124512 543.07434082 255 64 64
147.66380310 205.60856628 555.83190918 255 64 64
144.82228088 205.58494568 555.88836670 255 64 64
148.33348083 205.62916565 555.74572754 255 64 64
147.66352844 205.61100769 555.80310059 255 64 64
139.19552612 208.71818542 567.80609131 255 64 64
136.45600891 208.68653870 567.85980225 255 64 64
139.83470154 208.73039246 567.72467041 255 64 64
139.18295288 208.70729065 567.78308105 255 64 64
104.02319336 161.25553894 544.72808838 255 64 64
102.33256531 161.27713013 544.71691895 255 64 64
104.38470459 161.27056885 544.74438477 255 64 64
104.01571655 161.27981567 544.71740723 255 64 64
110.68832397 159.57836914 530.67944336 255 64 64
108.81071472 159.59454346 530.68359375 255 64 64
111.12951660 159.59338379 530.69647217 255 64 64
110.72232056 159.59695435 530.68341064 255 64 64
152.56906128 220.24336243 559.12988281 255 64 64
149.52413940 220.23620605 559.14135742 255 64 64
153.24555969 220.24833679 559.08264160 255 64 64
152.56663513 220.24847412 559.10241699 255 64 64
149.88359070 204.52915955 544.56848145 255 64 64
147.20495605 204.49020386 544.61041260 255 64 64
150.44796753 204.55442810 544.54565430 255 64 64
149.87246704 204.52555847 544.59020996 255 64 64
121.73023224 166.13385010 531.91839600 255 64 64
119.82147217 166.14355469 531.91516113 255 64 64
122.16868591 166.15786743 531.92346191 255 64 64
121.76722717 166.16087341 531.90728760 255 64 64
131.46234131 176.45501709 527.93542480 255 64 64
129.26135254 176.44259644 527.95391846 255 64 64
131.92526245 176.46743774 527.95074463 255 64 64
131.44088745 176.45521545 527.95910645 255 64 64
144.85905457 194.23294067 535.97875977 255 64 64
142.09350586 194.19876099 536.02563477 255 64 64
145.46369934 194.25004578 535.93389893 255 64 64
144.89045715 194.21940613 535.97497559 255 64 64
120.12061310 166.82797241 520.59948730 255 64 64
118.06946564 166.82714844 520.61407471 255 64 64
120.55334473 166.85295105 520.60046387 255 64 64
120.13288116 166.84820557 520.59887695 255 64 64
151.09715271 201.56130981 533.70947266 255 64 64
148.31234741 201.52542114 533.74023438 255 64 64
151.71533203 201.55754089 533.69219971 255 64 64
151.15487671 201.53079224 533.72326660 255 64 64
150.16223145 197.18406677 521.71496582 255 64 64
147.53494263 197.16174316 521.73223877 255 64 64
150.72734070 197.17803955 521.73028564 255 64 64
150.21887207 197.16133118 521.74713135 255 64 64
154.39752197 230.09197998 551.96228027 255 64 64
151.23471069 230.07466125 551.97937012 255 64 64
155.07298279 230.10549927 551.93218994 255 64 64
154.41006470 230.09716797 551.95172119 255 64 64
150.54496765 194.70024109 511.20935059 255 64 64
147.67088318 194.69944763 511.21154785 255 64 64
151.16281128 194.71141052 511.23709106 255 64 64
150.60737610 194.71243286 511.24459839 255 64 64
123.95759583 203.45970154 567.58813477 255 64 64
121.72485352 203.44772339 567.56250000 255 64 64
124.48227692 203.46005249 567.57769775 255 64 64
123.92322540 203.45167542 567.56024170 255 64 64
141.65660095 187.11756897 520.02838135 255 64 64
139.33122253 187.11051941 520.02972412 255 64 64
142.15518188 187.11686707 520.07873535 255 64 64
141.69602966 187.11213684 520.08026123 255 64 64
107.55775452 155.14717102 513.49987793 255 64 64
105.66651917 155.16850281 513.51434326 255 64 64
107.95926666 155.17640686 513.52484131 255 64 64
107.57010651 155.18768311 513.51446533 255 64 64
155.06440735 219.81834412 541.64752197 255 64 64
152.13583374 219.80546570 541.65167236 255 64 64
155.68002319 219.82603455 541.63787842 255 64 64
155.10551453 219.82226562 541.64343262 255 64 64
115.39020538 161.55517578 506.71813965 255 64 64
113.34516907 161.57693481 506.72692871 255 64 64
115.83195496 161.58999634 506.75238037 255 64 64
115.41859436 161.60462952 506.74096680 255 64 64
146.36560059 187.09799194 505.73986816 255 64 64
143.79873657 187.09020996 505.74472046 255 64 64
146.94509888 187.10130310 505.78265381 255 64 64
146.46524048 187.09777832 505.78839111 255 64 64
154.15223694 178.87213135 474.32577515 255 64 64
151.54393005 178.86764526 474.31469727 255 64 64
154.69517517 178.86499023 474.37484741 255 64 64
154.25924683 178.86727905 474.36840820 255 64 64
123.42725372 169.58644104 510.85250854 255 64 64
121.29821777 169.58850098 510.85394287 255 64 64
123.90586090 169.58633423 510.89086914 255 64 64
123.48387146 169.58557129 510.88336182 255 64 64
153.53559875 240.45480347 558.74902344 255 64 64
150.22271729 240.43324280 558.74438477 255 64 64
154.23986816 240.46159363 558.70086670 255 64 64
153.50849915 240.45323181 558.70935059 255 64 64
150.92787170 229.63742065 538.47351074 255 64 64
147.81167603 229.61215210 538.48175049 255 64 64
151.58242798 229.67039490 538.49560547 255 64 64
150.97525024 229.65476990 538.50512695 255 64 64
158.61128235 188.08859253 478.44885254 255 64 64
156.01591492 188.08935547 478.43438721 255 64 64
159.10711670 188.07383728 478.50601196 255 64 64
158.66584778 188.08113098 478.49966431 255 64 64
137.58193970 224.21669006 565.06005859 255 64 64
134.67669678 224.16802979 565.07116699 255 64 64
138.27774048 224.20646667 564.99383545 255 64 64
137.57632446 224.16973877 565.01739502 255 64 64
153.71240234 215.32859802 532.73126221 255 64 64
150.68901062 215.30271912 532.73657227 255 64 64
154.35031128 215.33908081 532.72100830 255 64 64
153.72959900 215.32374573 532.72656250 255 64 64
161.80825806 192.10707092 466.97201538 255 64 64
159.34103394 192.10128784 466.95370483 255 64 64
162.25767517 192.08195496 467.01174927 255 64 64
161.86889648 192.08712769 467.00042725 255 64 64
157.00910950 204.13551331 500.49111938 255 64 64
154.14656067 204.13952637 500.47653198 255 64 64
157.54928589 204.13150024 500.51544189 255 64 64
156.96597290 204.14379883 500.50549316 255 64 64
149.40771484 183.37896729 489.72726440 255 64 64
146.89709473 183.38253784 489.73220825 255 64 64
149.94738770 183.36985779 489.77709961 255 64 64
149.48983765 183.37632751 489.78103638 255 64 64
172.99906921 242.37666321 540.43676758 255 64 64
168.78919983 242.37770081 540.44732666 255 64 64
173.83636475 242.37919617 540.37207031 255 64 64
172.94203186 242.39334106 540.39270020 255 64 64
161.86344910 246.21414185 548.85815430 255 64 64
158.17350769 246.18771362 548.85638428 255 64 64
162.62167358 246.21562195 548.79858398 255 64 64
161.83029175 246.20622253 548.80920410 255 64 64
168.93127441 227.86396790 520.51110840 255 64 64
165.22459412 227.85476685 520.50793457 255 64 64
169.63369751 227.86305237 520.47241211 255 64 64
168.84895325 227.86575317 520.47467041 255 64 64
117.58264923 156.98129272 482.26986694 255 64 64
115.01446533 157.00898743 482.26611328 255 64 64
118.15463257 157.00942993 482.30368042 255 64 64
117.60915375 157.02865601 482.28921509 255 64 64
119.25543213 161.78500366 494.46154785 255 64 64
116.82904816 161.80154419 494.47409058 255 64 64
119.80072021 161.81974792 494.48995972 255 64 64
119.28692627 161.83140564 494.48614502 255 64 64
126.66352844 170.90509033 498.31918335 255 64 64
124.18745422 170.91340637 498.32263184 255 64 64
127.22264099 170.91268921 498.35714722 255 64 64
126.71204376 170.91967773 498.35534668 255 64 64
173.66410828 234.26242065 526.82507324 255 64 64
169.77351379 234.25952148 526.82049561 255 64 64
174.44023132 234.25617981 526.79064941 255 64 64
173.66984558 234.26605225 526.79504395 255 64 64
144.28291321 176.57720947 478.71655273 255 64 64
141.62533569 176.57360840 478.71865845 255 64 64
144.89144897 176.57650757 478.77001953 255 64 64
144.40115356 176.57913208 478.77581787 255 64 64
153.70228577 211.10871887 517.23681641 255 64 64
150.47947693 211.10267639 517.22009277 255 64 64
154.38856506 211.12879944 517.24414062 255 64 64
153.72808838 211.12942505 517.23156738 255 64 64
99.58816528 154.07057190 520.98785400 255 64 64
98.02439880 154.09335327 520.96392822 255 64 64
99.94500732 154.08576965 521.01324463 255 64 64
99.63681030 154.09376526 520.97070312 255 64 64
151.36857605 224.56634521 524.45324707 255 64 64
148.13414001 224.54383850 524.43878174 255 64 64
152.04312134 224.62698364 524.46453857 255 64 64
151.42121887 224.61241150 524.45361328 255 64 64
170.06593323 223.06462097 510.70074463 255 64 64
166.46557617 223.04162598 510.70504761 255 64 64
170.75184631 223.06591797 510.66217041 255 64 64
170.01933289 223.05781555 510.67034912 255 64 64
131.52232361 174.45376587 508.07312012 255 64 64
129.29727173 174.45059204 508.07373047 255 64 64
132.04360962 174.45677185 508.11459351 255 64 64
131.60905457 174.45300293 508.11212158 255 64 64
159.26708984 231.29797363 529.36108398 255 64 64
155.68225098 231.28044128 529.36108398 255 64 64
160.02259827 231.30601501 529.33135986 255 64 64
159.28857422 231.30047607 529.33740234 255 64 64
107.31195068 147.90844727 494.62896729 255 64 64
105.20307922 147.94540405 494.61776733 255 64 64
107.76570129 147.95091248 494.64315796 255 64 64
107.31746674 147.97474670 494.61111450 255 64 64
128.18403625 234.01269531 558.02124023 255 64 64
125.71257019 233.97329712 558.02069092 255 64 64
128.71746826 234.03118896 558.08007812 255 64 64
128.18182373 234.00169373 558.07812500 255 64 64
158.22804260 217.15437317 508.63009644 255 64 64
154.72357178 217.14920044 508.60830688 255 64 64
158.96290588 217.18180847 508.62457275 255 64 64
158.24909973 217.18737793 508.61581421 255 64 64
155.76072693 204.03492737 510.31787109 255 64 64
153.08245850 204.03215027 510.30923462 255 64 64
156.30775452 204.02943420 510.34158325 255 64 64
155.79338074 204.03657532 510.33374023 255 64 64
98.57115173 149.36923218 509.39590454 255 64 64
96.93193054 149.40596008 509.38241577 255 64 64
98.89372253 149.40193176 509.43804932 255 64 64
98.56030273 149.42279053 509.39794922 255 64 64
138.81051636 234.09854126 560.27905273 255 64 64
135.98527527 234.07073975 560.24645996 255 64 64
139.44691467 234.10125732 560.28839111 255 64 64
138.83387756 234.08703613 560.26507568 255 64 64
160.82061768 238.29165649 539.68798828 255 64 64
156.95086670 238.26045227 539.71154785 255 64 64
161.66950989 238.30470276 539.64196777 255 64 64
160.83949280 238.28874207 539.67645264 255 64 64
137.05119324 176.95701599 493.64517212 255 64 64
134.53393555 176.95309448 493.65026855 255 64 64
137.62519836 176.96485901 493.69277954 255 64 64
137.12417603 176.96342468 493.69754028 255 64 64
102.30175781 186.43910217 545.93829346 255 64 64
100.55323792 186.45202637 545.90185547 255 64 64
102.68325806 186.47377014 545.94427490 255 64 64
102.25926208 186.47979736 545.90124512 255 64 64
267.89151001 229.68327332 437.20108032 255 64 64
272.27740479 238.37930298 447.87695312 255 64 64
276.95343018 235.06494141 428.16796875 255 64 64
278.98394775 244.32847595 439.92340088 255 64 64
265.62042236 248.70849609 462.87313843 255 64 64
266.82690430 255.28170776 475.98544312 255 64 64
275.93402100 249.86270142 449.92721558 255 64 64
274.58312988 255.67533875 462.36962891 255 64 64
247.68008423 247.23286438 482.38009644 255 64 64
243.68087769 251.76754761 494.84384155 255 64 64
259.54962158 251.28892517 473.46807861 255 64 64
255.91740417 256.14044189 484.85653687 255 64 64
237.17779541 215.05099487 433.39282227 255 64 64
238.41201782 218.33633423 444.56369019 255 64 64
249.80288696 219.09379578 427.47885132 255 64 64
251.59500122 222.11691284 439.89566040 255 64 64
239.24353027 224.67921448 452.06924438 255 64 64
238.31947327 229.66459656 463.36383057 255 64 64
251.75553894 229.99688721 448.43594360 255 64 64
250.67013550 235.63351440 460.33856201 255 64 64
221.36746216 241.27601624 493.32629395 255 64 64
215.97616577 245.60855103 502.70928955 255 64 64
233.36343384 246.02671814 492.55395508 255 64 64
227.99240112 250.17951965 502.10763550 255 64 64
230.36163330 231.43218994 474.34158325 255 64 64
226.98007202 236.80532837 484.37530518 255 64 64
241.43606567 236.74291992 472.50146484 255 64 64
237.78289795 242.39022827 482.58425903 255 64 64
206.61077881 246.66543579 505.92654419 255 64 64
199.81994629 249.55041504 514.67376709 255 64 64
216.93356323 251.25212097 503.07196045 255 64 64
210.96092224 253.16050720 512.43792725 255 64 64
245.67675781 217.62916565 408.75018311 255 64 64
250.61946106 229.93075562 413.39422607 255 64 64
261.46655273 223.25938416 414.07531738 255 64 64
265.79431152 235.35617065 419.77169800 255 64 64
215.22344971 214.74044800 454.87048340 255 64 64
214.45181274 219.44688416 463.96759033 255 64 64
226.81153870 219.07778931 454.90460205 255 64 64
225.56558228 223.73622131 464.59057617 255 64 64
210.51902771 206.41511536 438.91638184 255 64 64
212.20793152 210.51029968 447.94308472 255 64 64
222.75981140 210.48950195 438.07794189 255 64 64
224.51245117 214.12814331 447.96017456 255 64 64
211.70837402 224.53201294 473.34100342 255 64 64
208.14013672 228.80320740 481.43112183 255 64 64
222.92221069 229.46139526 474.57626343 255 64 64
218.58168030 233.85847473 483.34484863 255 64 64
239.87477112 271.00711060 451.47186279 255 64 64
241.57101440 272.84350586 464.63110352 255 64 64
254.04849243 269.74716187 458.24990845 255 64 64
254.01113892 270.36621094 471.34088135 255 64 64
204.50183105 230.79934692 487.89340210 255 64 64
200.04287720 234.47958374 495.80218506 255 64 64
215.32173157 235.51831055 489.27908325 255 64 64
210.15446472 239.22521973 498.05191040 255 64 64
210.31448364 203.98748779 421.11791992 255 64 64
216.20712280 207.31410217 429.10775757 255 64 64
223.21130371 208.33149719 417.67343140 255 64 64
230.10455322 210.10281372 426.86868286 255 64 64
225.65966797 271.46356201 477.66235352 255 64 64
224.43270874 269.11300659 491.26962280 255 64 64
238.85284424 271.25445557 483.40136719 255 64 64
237.26020813 268.24200439 496.43261719 255 64 64
184.19866943 243.85272217 519.83093262 255 64 64
178.59190369 246.10618591 528.57171631 255 64 64
192.81256104 248.38473511 518.00842285 255 64 64
187.71890259 249.36053467 527.21643066 255 64 64
190.17649841 198.99543762 450.31979370 255 64 64
190.52627563 203.51731873 458.38858032 255 64 64
201.45631409 204.79206848 450.55661011 255 64 64
201.17042542 209.07394409 459.20568848 255 64 64
192.65147400 235.32215881 499.30105591 255 64 64
187.61968994 238.15434265 506.96020508 255 64 64
202.66812134 239.95700073 501.26651001 255 64 64
197.17016602 242.66970825 509.69799805 255 64 64
239.17767334 242.96731567 417.08511353 255 64 64
244.65853882 252.38873291 425.30325317 255 64 64
255.07041931 244.11833191 424.30426025 255 64 64
258.86267090 253.83628845 433.24560547 255 64 64
208.65783691 264.49990845 490.85357666 255 64 64
205.73605347 261.95306396 502.89489746 255 64 64
220.64500427 264.96926880 495.62188721 255 64 64
218.40673828 261.45864868 507.51385498 255 64 64
188.81549072 192.25259399 435.09320068 255 64 64
192.52667236 196.50460815 442.56250000 255 64 64
200.68185425 197.86575317 433.28829956 255 64 64
205.19947815 201.01477051 441.45733643 255 64 64
234.72137451 261.90347290 429.62353516 255 64 64
238.91044617 267.78546143 439.86419678 255 64 64
249.58740234 262.07760620 437.14614868 255 64 64
252.50651550 267.00164795 447.98843384 255 64 64
162.19725037 237.01493835 541.60351562 255 64 64
159.89151001 240.11593628 550.37207031 255 64 64
167.57679749 242.83131409 536.05755615 255 64 64
165.58413696 244.69650269 545.30401611 255 64 64
216.14524841 210.24522400 405.97814941 255 64 64
222.25338745 219.82876587 408.22708130 255 64 64
231.13500977 214.91966248 407.22155762 255 64 64
238.15412903 224.15118408 410.09320068 255 64 64
187.88529968 188.08914185 420.42266846 255 64 64
193.20617676 192.56515503 426.37078857 255 64 64
198.66786194 194.58555603 417.61367798 255 64 64
205.55256653 197.28718567 424.33837891 255 64 64
190.03451538 213.85665894 465.23062134 255 64 64
187.49781799 217.64143372 472.48654175 255 64 64
200.95333862 218.49322510 468.61929321 255 64 64
197.74833679 222.49134827 476.46618652 255 64 64
170.01162720 228.34985352 516.81756592 255 64 64
167.74427795 231.75700378 525.02075195 255 64 64
176.28723145 232.77679443 515.52105713 255 64 64
173.92707825 235.73912048 523.93115234 255 64 64
176.21041870 224.13050842 492.11874390 255 64 64
174.49725342 227.05123901 500.40512085 255 64 64
185.58468628 228.85121155 495.30773926 255 64 64
183.55116272 231.65460205 504.00161743 255 64 64
144.84814453 179.89233398 523.20764160 255 64 64
144.91668701 185.46389771 531.87384033 255 64 64
150.89880371 185.14521790 516.35498047 255 64 64
149.79859924 189.99671936 524.75231934 255 64 64
151.15408325 213.10034180 538.19317627 255 64 64
151.42883301 217.38861084 547.38415527 255 64 64
154.06553650 220.70082092 531.48126221 255 64 64
154.58929443 224.01943970 540.83013916 255 64 64
215.10624695 273.92956543 452.49166870 255 64 64
216.74769592 274.80242920 464.84445190 255 64 64
228.42337036 274.79284668 458.27017212 255 64 64
229.30822754 274.45388794 470.57601929 255 64 64
182.07212830 221.38247681 476.41213989 255 64 64
180.68911743 224.42480469 484.12677002 255 64 64
192.31344604 225.62434387 479.99795532 255 64 64
190.45933533 228.67306519 488.52117920 255 64 64
183.01405334 259.66360474 499.20077515 255 64 64
182.84284973 256.76153564 510.41857910 255 64 64
194.91615295 260.17327881 504.07257080 255 64 64
194.52252197 255.82847595 515.37139893 255 64 64
156.08940125 188.08914185 480.54998779 255 64 64
154.93238831 194.44474792 489.95220947 255 64 64
159.81683350 193.12332153 473.15646362 255 64 64
157.98818970 198.62980652 481.95913696 255 64 64
166.68048096 193.39561462 456.82260132 255 64 64
167.63200378 197.91642761 465.85571289 255 64 64
173.11848450 201.12890625 454.57073975 255 64 64
174.38816833 204.18670654 463.62835693 255 64 64
132.81564331 168.85375977 485.88793945 255 64 64
133.45834351 174.03063965 496.83264160 255 64 64
142.47390747 172.04223633 481.95700073 255 64 64
141.95436096 176.89694214 492.09741211 255 64 64
155.19174194 170.80589294 462.23202515 255 64 64
155.63256836 176.26330566 470.94509888 255 64 64
161.37773132 177.79940796 457.78479004 255 64 64
161.50041199 182.26689148 466.24826050 255 64 64
189.55795288 194.16099548 409.15179443 255 64 64
194.71881104 200.84729004 412.20693970 255 64 64
200.70745850 201.48731995 408.24429321 255 64 64
208.33035278 206.32443237 412.35760498 255 64 64
209.27548218 231.71327209 406.48550415 255 64 64
214.91424561 241.83018494 411.33276367 255 64 64
223.15583801 234.76626587 409.91186523 255 64 64
228.55778503 244.64422607 415.06631470 255 64 64
157.99539185 209.07341003 492.41421509 255 64 64
158.12872314 213.20915222 501.40466309 255 64 64
162.92103577 215.52023315 489.54577637 255 64 64
163.19038391 218.60522461 498.50634766 255 64 64
196.91735840 270.76458740 465.63381958 255 64 64
198.21943665 269.40902710 477.53005981 255 64 64
209.01199341 272.20761108 470.60375977 255 64 64
210.14219666 269.67730713 482.49572754 255 64 64
187.87597656 264.40441895 481.41806030 255 64 64
188.00610352 262.31097412 492.70837402 255 64 64
199.65246582 265.90853882 485.76391602 255 64 64
199.83273315 262.51312256 497.25051880 255 64 64
209.31494141 269.56182861 431.03747559 255 64 64
212.96424866 273.94396973 441.61950684 255 64 64
222.78674316 270.79949951 436.22073364 255 64 64
225.57359314 273.98690796 447.23373413 255 64 64
156.21954346 165.25033569 445.21011353 255 64 64
157.36013794 170.90615845 452.99728394 255 64 64
162.55140686 174.53732300 441.82858276 255 64 64
163.86936951 178.61865234 449.50479126 255 64 64
165.41346741 189.66790771 439.07000732 255 64 64
168.31605530 193.82923889 447.24331665 255 64 64
173.37344360 199.59921265 437.64056396 255 64 64
177.90705872 201.20944214 446.25765991 255 64 64
133.09085083 161.40368652 460.04840088 255 64 64
134.02104187 166.73843384 470.49600220 255 64 64
144.11036682 165.97570801 456.54525757 255 64 64
143.85740662 170.61387634 466.29095459 255 64 64
154.95945740 258.14483643 507.48291016 255 64 64
158.66102600 256.38470459 518.73272705 255 64 64
167.41999817 258.40057373 513.46301270 255 64 64
170.25964355 255.16943359 524.53149414 255 64 64
113.31251526 155.81826782 486.27090454 255 64 64
114.99636078 162.03092957 497.22839355 255 64 64
120.24150085 159.12727356 478.43893433 255 64 64
121.13155365 165.02418518 489.11053467 255 64 64
146.52157593 140.54901123 420.83737183 255 64 64
148.75852966 148.91648865 429.03842163 255 64 64
157.93672180 149.56239319 418.36254883 255 64 64
159.87763977 157.45623779 426.37799072 255 64 64
194.74174500 210.37750244 403.11648560 255 64 64
199.82794189 220.17866516 405.28302002 255 64 64
206.98999023 215.17353821 404.78405762 255 64 64
213.28799438 224.51814270 407.19274902 255 64 64
159.82360840 160.45936584 431.26174927 255 64 64
160.67076111 167.44860840 438.51556396 255 64 64
165.19905090 169.95651245 426.09423828 255 64 64
166.67488098 175.63793945 433.74697876 255 64 64
131.71369934 150.35444641 437.63415527 255 64 64
134.04290771 157.01727295 446.97875977 255 64 64
143.94862366 157.07168579 436.22393799 255 64 64
145.76126099 163.13287354 445.43414307 255 64 64
160.10488892 214.02146912 468.19186401 255 64 64
161.68846130 216.20347595 477.48739624 255 64 64
167.77095032 219.17912292 469.14553833 255 64 64
170.29164124 220.85284424 478.64587402 255 64 64
205.32855225 253.76000977 415.98477173 255 64 64
210.49154663 262.28536987 422.80975342 255 64 64
218.66488647 255.57719421 420.32104492 255 64 64
223.09396362 263.52651978 427.50445557 255 64 64
182.28361511 234.41957092 459.10006714 255 64 64
182.65754700 237.53018188 467.51022339 255 64 64
191.52500916 238.27902222 461.98452759 255 64 64
192.08610535 240.73623657 472.01611328 255 64 64
162.77223206 143.32199097 402.38497925 255 64 64
166.29138184 152.99514771 407.52877808 255 64 64
167.74534607 158.32882690 401.87719727 255 64 64
171.44798279 166.75390625 406.95059204 255 64 64
167.21678162 162.54936218 413.41928101 255 64 64
168.18698120 170.57546997 418.46920776 255 64 64
168.15496826 176.52999878 407.36877441 255 64 64
171.73066711 182.18048096 413.04592896 255 64 64
112.92636108 147.98950195 458.95181274 255 64 64
115.31211853 154.69712830 469.25646973 255 64 64
121.71252441 151.69746399 452.17590332 255 64 64
123.35623169 158.30908203 462.51043701 255 64 64
175.78479004 223.51754761 447.63800049 255 64 64
177.31289673 226.74548340 456.02041626 255 64 64
184.69149780 228.11090088 450.55340576 255 64 64
187.14392090 230.38410950 460.16680908 255 64 64
163.91363525 187.85765076 428.94454956 255 64 64
167.09356689 192.67715454 436.66345215 255 64 64
171.40211487 199.87228394 426.92840576 255 64 64
177.13047791 201.36758423 435.13162231 255 64 64
164.80809021 215.71170044 452.04788208 255 64 64
166.87596130 218.04092407 461.02981567 255 64 64
173.33663940 220.50828552 455.94628906 255 64 64
176.60298157 222.07691956 465.58529663 255 64 64
133.85090637 251.57934570 513.77026367 255 64 64
139.66247559 251.07771301 523.79113770 255 64 64
146.03515625 254.51525879 518.45324707 255 64 64
151.39228821 252.53486633 528.59576416 255 64 64
189.27633667 272.23620605 442.84783936 255 64 64
191.98156738 273.53576660 454.05282593 255 64 64
201.28990173 274.02157593 446.99423218 255 64 64
203.70605469 274.14117432 458.43389893 255 64 64
119.05528259 238.47476196 524.36267090 255 64 64
125.70317841 239.78791809 533.09924316 255 64 64
128.63243103 246.88597107 524.68164062 255 64 64
135.36993408 246.63262939 533.72326660 255 64 64
163.93496704 190.60235596 417.09045410 255 64 64
166.97622681 196.32006836 424.59600830 255 64 64
171.12475586 204.09442139 414.89562988 255 64 64
177.59771729 205.88801575 423.05828857 255 64 64
152.67184448 264.74523926 487.17547607 255 64 64
156.26034546 262.07360840 498.36126709 255 64 64
163.85015869 264.21594238 492.47927856 255 64 64
167.00450134 260.73840332 503.43679810 255 64 64
187.33526611 233.75393677 404.07681274 255 64 64
192.46200562 243.73643494 408.76403809 255 64 64
199.69659424 236.56584167 407.36450195 255 64 64
205.09320068 246.30726624 412.05706787 255 64 64
147.24749756 199.37998962 454.20697021 255 64 64
149.64285278 202.32365417 461.69970703 255 64 64
153.48202515 205.40650940 452.60794067 255 64 64
156.53715515 207.83866882 460.35989380 255 64 64
171.99308777 271.09338379 454.77340698 255 64 64
174.65458679 269.65383911 466.07226562 255 64 64
182.99218750 271.63848877 459.24090576 255 64 64
185.56729126 269.31088257 470.39041138 255 64 64
160.76142883 268.69802856 470.02532959 255 64 64
163.70135498 265.76983643 481.53753662 255 64 64
171.50344849 268.15414429 475.04751587 255 64 64
174.14949036 264.60510254 486.29516602 255 64 64
183.54902649 264.58044434 424.05035400 255 64 64
187.48101807 269.61755371 433.57843018 255 64 64
196.17810059 266.66802979 427.97595215 255 64 64
199.82952881 270.67364502 437.91790771 255 64 64
165.04757690 196.27952576 404.95046997 255 64 64
168.20724487 204.04322815 410.22015381 255 64 64
172.73339844 208.61311340 405.68652344 255 64 64
179.56903076 213.34889221 411.92904663 255 64 64
163.86669922 159.82624817 389.86791992 255 64 64
164.70541382 172.98550415 391.58959961 255 64 64
169.63507080 172.70814514 395.39718628 255 64 64
171.55091858 183.23469543 397.22729492 255 64 64
101.42214966 219.23693848 518.73431396 255 64 64
107.17399597 222.83557129 527.15942383 255 64 64
106.04565430 229.80880737 513.38458252 255 64 64
112.26684570 232.28256226 521.76055908 255 64 64
174.16069031 216.99125671 395.89389038 255 64 64
178.60150146 227.25964355 399.56561279 255 64 64
185.17793274 221.10885620 399.72454834 255 64 64
190.65881348 231.13082886 403.65652466 255 64 64
138.27038574 207.85093689 456.16549683 255 64 64
140.82894897 209.72999573 463.57290649 255 64 64
145.19883728 211.85012817 457.19168091 255 64 64
148.44064331 213.63424683 464.48175049 255 64 64
177.29582214 251.54974365 408.45150757 255 64 64
182.05986023 259.34542847 415.53887939 255 64 64
190.25878906 252.86982727 412.96697998 255 64 64
194.86921692 260.29431152 420.37438965 255 64 64
121.70932007 254.30531311 497.84924316 255 64 64
127.81531525 254.03230286 507.60772705 255 64 64
132.00758362 258.05349731 501.34387207 255 64 64
137.88742065 256.96502686 511.62933350 255 64 64
165.36865234 271.64569092 434.36141968 255 64 64
168.47819519 272.56042480 445.55361938 255 64 64
176.96087646 272.04598999 439.31961060 255 64 64
179.99252319 272.13879395 450.48620605 255 64 64
160.94596863 185.67083740 388.42620850 255 64 64
162.45327759 198.07910156 390.14633179 255 64 64
168.98168945 194.80850220 394.67193604 255 64 64
171.83734131 205.45237732 396.87847900 255 64 64
108.39433289 239.98072815 505.68548584 255 64 64
114.53446198 241.74484253 514.16601562 255 64 64
117.00288391 248.03750610 506.77246094 255 64 64
123.47157288 248.98370361 515.84826660 255 64 64
130.02772522 263.48410034 481.48126221 255 64 64
135.50646973 261.53277588 492.25741577 255 64 64
140.62680054 265.32342529 485.61376953 255 64 64
145.49111938 262.65338135 496.70355225 255 64 64
138.30665588 271.06338501 462.88992310 255 64 64
142.62052917 268.51602173 474.29547119 255 64 64
148.77346802 271.51696777 467.30194092 255 64 64
152.54969788 268.44049072 478.73306274 255 64 64
146.80639648 274.12506104 446.86035156 255 64 64
150.46209717 272.65295410 458.29577637 255 64 64
157.66470337 274.03967285 451.69906616 255 64 64
160.87451172 271.97021484 463.16433716 255 64 64
159.78216553 263.53717041 416.75497437 255 64 64
163.99363708 268.56790161 426.09954834 255 64 64
172.75793457 264.44177246 421.48806763 255 64 64
176.91819763 268.94338989 431.26574707 255 64 64
146.17689514 154.78353882 379.26028442 255 64 64
146.08808899 169.07778931 380.14193726 255 64 64
155.46562195 163.90197754 385.06295776 255 64 64
155.55842590 175.50059509 385.87350464 255 64 64
161.69482422 232.98695374 394.08685303 255 64 64
166.54846191 242.57476807 399.95922852 255 64 64
173.64225769 234.79293823 398.73034668 255 64 64
178.96740723 244.59622192 404.89819336 255 64 64
90.88494873 208.48057556 500.74594116 255 64 64
95.65965271 213.46009827 509.19876099 255 64 64
93.76086426 219.07112122 495.07040405 255 64 64
99.23535156 223.32525635 503.30984497 255 64 64
153.24627686 210.49591064 385.17266846 255 64 64
156.50836182 221.79902649 388.98516846 255 64 64
163.99577332 214.22947693 390.42953491 255 64 64
167.69094849 225.50486755 394.55566406 255 64 64
111.13211060 252.26551819 481.16015625 255 64 64
116.99275208 253.15570068 490.44927979 255 64 64
119.58065796 259.11901855 481.96661377 255 64 64
125.43916321 259.34350586 491.92565918 255 64 64
98.42329407 233.19656372 490.43225098 255 64 64
103.53295898 236.73652649 498.44345093 255 64 64
103.89991760 242.86598206 487.88378906 255 64 64
109.52160645 245.76217651 496.41342163 255 64 64
82.20652008 187.02479553 487.29336548 255 64 64
85.53473663 193.85403442 495.51147461 255 64 64
82.41133881 196.51820374 479.44805908 255 64 64
86.55773163 202.64767456 487.13281250 255 64 64
152.26275635 249.78802490 403.74078369 255 64 64
157.21453857 258.03387451 410.75564575 255 64 64
165.30465698 251.25692749 407.85946655 255 64 64
170.31404114 259.51879883 415.30313110 255 64 64
145.29696655 181.91700745 379.29229736 255 64 64
146.34130859 195.11465454 380.85614014 255 64 64
155.20640564 188.64596558 384.21633911 255 64 64
156.62837219 200.65847778 386.12792969 255 64 64
139.16751099 270.85232544 427.21963501 255 64 64
143.62005615 273.81356812 437.63311768 255 64 64
151.68031311 272.48388672 431.48550415 255 64 64
156.13499451 274.97576904 442.61367798 255 64 64
118.36618042 262.44363403 461.86987305 255 64 64
123.90466309 262.69265747 472.00173950 255 64 64
127.71717834 268.17837524 463.13397217 255 64 64
132.97190857 267.70809937 473.82690430 255 64 64
124.01347351 269.11938477 441.57202148 255 64 64
128.84791565 270.63098145 451.87030029 255 64 64
134.74909973 273.47009277 443.88525391 255 64 64
139.67741394 274.30892944 455.03048706 255 64 64
86.11130524 209.99507141 478.58657837 255 64 64
90.28864288 215.26155090 486.70440674 255 64 64
89.21884155 220.07785034 473.75381470 255 64 64
94.08528137 224.82055664 481.83114624 255 64 64
124.15561676 155.88439941 375.71234131 255 64 64
124.28415680 169.97384644 377.52685547 255 64 64
134.79769897 163.18299866 378.54876709 255 64 64
134.87963867 175.26057434 379.86193848 255 64 64
138.46879578 233.00881958 390.08233643 255 64 64
143.29150391 242.60302734 396.16909790 255 64 64
151.37950134 235.16308594 393.96417236 255 64 64
156.20539856 245.30133057 400.31976318 255 64 64
133.01884460 257.94320679 413.44009399 255 64 64
138.10504150 265.72610474 420.99896240 255 64 64
146.11408997 261.03247070 416.10745239 255 64 64
151.35176086 268.76312256 424.36398315 255 64 64
92.08555603 229.34245300 471.25543213 255 64 64
96.56690979 233.74859619 478.98712158 255 64 64
96.98400879 239.15907288 467.99746704 255 64 64
102.01686096 243.02919006 476.19424438 255 64 64
102.40568542 247.49188232 462.44921875 255 64 64
107.45561218 250.69581604 471.05776978 255 64 64
109.26905823 256.39218140 461.05044556 255 64 64
114.74354553 258.97686768 470.37158203 255 64 64
79.29627228 194.68582153 465.35195923 255 64 64
82.45060730 201.54598999 473.06658936 255 64 64
80.54754639 204.11576843 459.02035522 255 64 64
84.49020386 210.36042786 466.48321533 255 64 64
126.15120697 186.70877075 379.60165405 255 64 64
128.04040527 199.69734192 381.58364868 255 64 64
137.36366272 192.31980896 382.04660034 255 64 64
139.28805542 204.49232483 384.25421143 255 64 64
130.96432495 210.83726501 383.58450317 255 64 64
134.11331177 222.77615356 386.83804321 255 64 64
142.91494751 214.67430115 386.23321533 255 64 64
146.02021790 226.75401306 389.89956665 255 64 64
76.87951660 179.04109192 456.50152588 255 64 64
78.23293304 188.11900330 463.36169434 255 64 64
76.23920441 187.30294800 448.16070557 255 64 64
78.51882172 195.93923950 454.66778564 255 64 64
115.67160034 258.55126953 425.43817139 255 64 64
120.61698914 265.53411865 433.17202759 255 64 64
126.86378479 264.43750000 425.84060669 255 64 64
132.48760986 271.24752808 434.60705566 255 64 64
105.63255310 253.71574402 441.87603760 255 64 64
110.15658569 258.43389893 450.04724121 255 64 64
113.50399780 262.01388550 440.71463013 255 64 64
118.85260773 266.26162720 449.84588623 255 64 64
84.72028351 217.62649536 454.85699463 255 64 64
88.42718506 223.47860718 462.44363403 255 64 64
88.63253784 227.23352051 450.53741455 255 64 64
92.98694611 232.72720337 458.46112061 255 64 64
121.49703979 240.52769470 397.30972290 255 64 64
126.43922424 250.01310730 403.71652222 255 64 64
134.51014709 244.50021362 399.04421997 255 64 64
139.55152893 254.40165710 405.87561035 255 64 64
92.85200500 235.92047119 448.51916504 255 64 64
96.85012817 241.64456177 455.63214111 255 64 64
98.12380981 245.33547974 445.32693481 255 64 64
102.81958008 250.68408203 453.05862427 255 64 64
103.65429688 162.63256836 380.71731567 255 64 64
104.19886780 176.38919067 382.20886230 255 64 64
113.81494904 169.56634521 379.59951782 255 64 64
114.64753723 182.21995544 380.92318726 255 64 64
78.63722992 199.51493835 441.93551636 255 64 64
80.92377472 207.59011841 448.50021362 255 64 64
80.60615540 208.38270569 435.39404297 255 64 64
83.61540985 216.26161194 441.95657349 255 64 64
113.05383301 216.91311646 389.08026123 255 64 64
116.64553070 228.40399170 392.50982666 255 64 64
124.88072968 221.64515686 389.04345703 255 64 64
128.52149963 233.35791016 392.90930176 255 64 64
106.12858582 191.89097595 384.09805298 255 64 64
108.69941711 204.44004822 386.52328491 255 64 64
117.52131653 197.54893494 383.21585083 255 64 64
120.17215729 209.83346558 385.86935425 255 64 64
106.17765808 241.91445923 409.77276611 255 64 64
110.73262024 251.02224731 415.93530273 255 64 64
117.26103973 248.12284851 408.88671875 255 64 64
122.37283325 257.58267212 415.73089600 255 64 64
75.68103790 179.16909790 429.98782349 255 64 64
75.90318298 190.05406189 434.63076782 255 64 64
76.46215057 187.00427246 421.06777954 255 64 64
77.44408417 197.92762756 425.58218384 255 64 64
96.76692200 239.84284973 426.95742798 255 64 64
100.54956055 247.79429626 433.12954712 255 64 64
104.01005554 248.25726318 424.09484863 255 64 64
108.76769257 256.24072266 431.07980347 255 64 64
85.78808594 221.54301453 433.49523926 255 64 64
89.01068878 229.15950012 439.83163452 255 64 64
90.32170868 230.95375061 428.89120483 255 64 64
94.29530334 238.41236877 435.74603271 255 64 64
97.43789673 220.54455566 400.08294678 255 64 64
101.13626862 231.38258362 403.98828125 255 64 64
107.98043823 226.93215942 397.54785156 255 64 64
111.94442749 238.12434387 402.04309082 255 64 64
84.73041534 170.40159607 392.23391724 255 64 64
85.68074799 183.47550964 393.68521118 255 64 64
93.05148315 177.39431763 387.04104614 255 64 64
94.86173248 190.23567200 388.47769165 255 64 64
79.29060364 200.34271240 420.85601807 255 64 64
80.98297882 210.09268188 425.91876221 255 64 64
82.70735168 208.34477234 414.41348267 255 64 64
85.25524902 218.16299438 419.79730225 255 64 64
89.58139801 223.17405701 416.39227295 255 64 64
92.69732666 232.71279907 421.25018311 255 64 64
96.30822754 231.61619568 412.23947144 255 64 64
100.17620850 241.34481812 417.77368164 255 64 64
89.84914398 197.24871826 395.80535889 255 64 64
92.32823944 209.37963867 398.25671387 255 64 64
99.45295715 203.67260742 391.75070190 255 64 64
102.39128113 215.81204224 394.50659180 255 64 64
76.16093445 178.46664429 408.04293823 255 64 64
76.61869812 190.64022827 410.35641479 255 64 64
80.65335846 185.56576538 400.59606934 255 64 64
82.27052307 197.77775574 403.01141357 255 64 64
85.51393127 198.80728149 400.59606934 255 64 64
87.72207642 210.61390686 403.19143677 255 64 64
93.83020020 205.39224243 395.58346558 255 64 64
96.71624756 217.30126953 398.46151733 255 64 64
105.11906433 141.86337280 483.04696655 255 64 64
105.10665894 141.86631775 483.06036377 255 64 64
105.11520386 141.86471558 483.03369141 255 64 64
105.10220337 141.86148071 483.03997803 255 64 64
176.40229797 252.16683960 532.76831055 255 64 64
176.40596008 252.15599060 532.77618408 255 64 64
176.40560913 252.15020752 532.77172852 255 64 64
176.40689087 252.14164734 532.77740479 255 64 64
121.80548096 181.22961426 572.90930176 255 64 64
121.79981995 181.22500610 572.92010498 255 64 64
121.80792236 181.20780945 572.89825439 255 64 64
121.80163574 181.20669556 572.90728760 255 64 64
99.11267090 234.84251404 495.61212158 255 64 64
99.10478210 234.84527588 495.61117554 255 64 64
99.12011719 234.84492493 495.60760498 255 64 64
99.11274719 234.84272766 495.60458374 255 64 64
161.84410095 192.09068298 466.96694946 255 64 64
161.84918213 192.09211731 466.97848511 255 64 64
161.84056091 192.07922363 466.95895386 255 64 64
161.84735107 192.07493591 466.96725464 255 64 64
141.63528442 187.11260986 520.07330322 255 64 64
141.62913513 187.11703491 520.07763672 255 64 64
141.62481689 187.10470581 520.06756592 255 64 64
141.62055969 187.10873413 520.06842041 255 64 64
120.80265045 232.55819702 547.36450195 255 64 64
120.79653931 232.55392456 547.37017822 255 64 64
120.80761719 232.54525757 547.36114502 255 64 64
120.80148315 232.54457092 547.36511230 255 64 64
92.76499939 166.65972900 530.23974609 255 64 64
92.75679016 166.66021729 530.25067139 255 64 64
92.76426697 166.65625000 530.23474121 255 64 64
92.75685120 166.65388489 530.23986816 255 64 64
84.41301727 192.40040588 483.98736572 255 64 64
84.40675354 192.40115356 483.99407959 255 64 64
84.40565491 192.40812683 483.97943115 255 64 64
84.39764404 192.40551758 483.98181152 255 64 64
180.04736328 225.42901611 489.97076416 255 64 64
180.04541016 225.42733765 489.98071289 255 64 64
180.05743408 225.41583252 489.96859741 255 64 64
180.05615234 225.41139221 489.97421265 255 64 64
135.01808167 257.26312256 507.43844604 255 64 64
135.01071167 257.26199341 507.44427490 255 64 64
135.02607727 257.25643921 507.44018555 255 64 64
135.01937866 257.25286865 507.44250488 255 64 64
147.60295105 205.58792114 555.82897949 255 64 64
147.59701538 205.58799744 555.83178711 255 64 64
147.60446167 205.57382202 555.82373047 255 64 64
147.59942627 205.57594299 555.82434082 255 64 64
131.13375854 170.56051636 480.20959473 255 64 64
131.12867737 170.56320190 480.22222900 255 64 64
131.13034058 170.55645752 480.21243286 255 64 64
131.12959290 170.55416870 480.21881104 255 64 64
95.91637421 206.53552246 521.79638672 255 64 64
95.91026306 206.53553772 521.79888916 255 64 64
95.91323853 206.52993774 521.79632568 255 64 64
95.90795898 206.52966309 521.79504395 255 64 64
151.29951477 224.57592773 524.41552734 255 64 64
151.29196167 224.57533264 524.41735840 255 64 64
151.30102539 224.57400513 524.40960693 255 64 64
151.29589844 224.57202148 524.40893555 255 64 64
131.86172485 210.70645142 463.56188965 255 64 64
131.85083008 210.71157837 463.55358887 255 64 64
131.83599854 210.70762634 463.54837036 255 64 64
131.83084106 210.70559692 463.53717041 255 64 64
153.45632935 240.44697571 558.75720215 255 64 64
153.45808411 240.43794250 558.76611328 255 64 64
153.45660400 240.42675781 558.75415039 255 64 64
153.45642090 240.42301941 558.76080322 255 64 64
115.37886047 161.56947327 506.74288940 255 64 64
115.37231445 161.57402039 506.75299072 255 64 64
115.37459564 161.56925964 506.74594116 255 64 64
115.37081146 161.56903076 506.74938965 255 64 64
124.14144135 167.44332886 544.48278809 255 64 64
124.12959290 167.44512939 544.48876953 255 64 64
124.13572693 167.43704224 544.47174072 255 64 64
124.12500000 167.43962097 544.47259521 255 64 64
109.29415131 197.82969666 549.92999268 255 64 64
109.28566742 197.82926941 549.93560791 255 64 64
109.28763580 197.82528687 549.92498779 255 64 64
109.28027344 197.82798767 549.92651367 255 64 64
86.14575195 161.69789124 498.37734985 255 64 64
86.14092255 161.70013428 498.38436890 255 64 64
86.13494873 161.69924927 498.37213135 255 64 64
86.12892914 161.69656372 498.37435913 255 64 64
156.97843933 204.13398743 500.46267700 255 64 64
156.96797180 204.13967896 500.47387695 255 64 64
156.97666931 204.12521362 500.45510864 255 64 64
156.96765137 204.12777710 500.46063232 255 64 64
115.88322449 241.66448975 520.24468994 255 64 64
115.87492371 241.66247559 520.25256348 255 64 64
115.88954163 241.65328979 520.24566650 255 64 64
115.88073730 241.65158081 520.25103760 255 64 64
143.14527893 252.07888794 533.11828613 255 64 64
143.13989258 252.07209778 533.12915039 255 64 64
143.14680481 252.05947876 533.12133789 255 64 64
143.14248657 252.05322266 533.12780762 255 64 64
88.74394989 183.98280334 510.73797607 255 64 64
88.74015808 183.98435974 510.74240112 255 64 64
88.73647308 183.98614502 510.73175049 255 64 64
88.73270416 183.98519897 510.73208618 255 64 64
184.58985901 237.84693909 513.24176025 255 64 64
184.58644104 237.84428406 513.24841309 255 64 64
184.59599304 237.82893372 513.23547363 255 64 64
184.59390259 237.82447815 513.23919678 255 64 64
149.45205688 183.37857056 489.76126099 255 64 64
149.45005798 183.37904358 489.77325439 255 64 64
149.44773865 183.36665344 489.76190186 255 64 64
149.44859314 183.36328125 489.76824951 255 64 64
105.68277740 174.59011841 557.32696533 255 64 64
105.67578125 174.58856201 557.33886719 255 64 64
105.68511963 174.57583618 557.32836914 255 64 64
105.67874146 174.57398987 557.33557129 255 64 64
88.34963226 213.77751160 500.94027710 255 64 64
88.34559631 213.77828979 500.94552612 255 64 64
88.35053253 213.77684021 500.93389893 255 64 64
88.34626770 213.77403259 500.93630981 255 64 64
137.52207947 224.17282104 565.03729248 255 64 64
137.52313232 224.16362000 565.04553223 255 64 64
137.51960754 224.15328979 565.02935791 255 64 64
137.51850891 224.14852905 565.03430176 255 64 64
141.28353882 187.14991760 543.10766602 255 64 64
141.27580261 187.15211487 543.11108398 255 64 64
141.28182983 187.13757324 543.10559082 255 64 64
141.27485657 187.14129639 543.10534668 255 64 64
123.90316772 203.44882202 567.55578613 255 64 64
123.89715576 203.44274902 567.56457520 255 64 64
123.90058136 203.43878174 567.54779053 255 64 64
123.89218140 203.43862915 567.55187988 255 64 64
104.89152527 217.84944153 540.08654785 255 64 64
104.88675690 217.84861755 540.09112549 255 64 64
104.89235687 217.83781433 540.08264160 255 64 64
104.88721466 217.83666992 540.08447266 255 64 64
146.51046753 172.80569458 465.80490112 255 64 64
146.50831604 172.80818176 465.81719971 255 64 64
146.49948120 172.80636597 465.80282593 255 64 64
146.50096130 172.80288696 465.80722046 255 64 64
170.00813293 223.04757690 510.65228271 255 64 64
169.99607849 223.04928589 510.65612793 255 64 64
170.00361633 223.03721619 510.64755249 255 64 64
169.99635315 223.03800964 510.64837646 255 64 64
114.72590637 248.62574768 500.66033936 255 64 64
114.71627045 248.62994385 500.66751099 255 64 64
114.73373413 248.62550354 500.66018677 255 64 64
114.72514343 248.62528992 500.66418457 255 64 64
98.54141998 149.41503906 509.43377686 255 64 64
98.53187561 149.41853333 509.44387817 255 64 64
98.53208923 149.40693665 509.42919922 255 64 64
98.52287292 149.40573120 509.43228149 255 64 64
160.75541687 238.26907349 539.68261719 255 64 64
160.75181580 238.26239014 539.68615723 255 64 64
160.75788879 238.25450134 539.68334961 255 64 64
160.75392151 238.25105286 539.68383789 255 64 64
171.98200989 212.81814575 476.11599731 255 64 64
171.98370361 212.82023621 476.12902832 255 64 64
171.98762512 212.81216431 476.10595703 255 64 64
171.98963928 212.80903625 476.11361694 255 64 64
131.54986572 174.45761108 508.11471558 255 64 64
131.54209900 174.46209717 508.12039185 255 64 64
131.54313660 174.45605469 508.10641479 255 64 64
131.53807068 174.45701599 508.10626221 255 64 64
102.93835449 225.88102722 521.90045166 255 64 64
102.92980957 225.88119507 521.90582275 255 64 64
102.94212341 225.87677002 521.89648438 255 64 64
102.93403625 225.87599182 521.89886475 255 64 64
151.10894775 201.51739502 533.75268555 255 64 64
151.10508728 201.51733398 533.75543213 255 64 64
151.10502625 201.50338745 533.75244141 255 64 64
151.10223389 201.50485229 533.75354004 255 64 64
159.65615845 256.91790771 523.83489990 255 64 64
159.65455627 256.90988159 523.84661865 255 64 64
159.66017151 256.90542603 523.83764648 255 64 64
159.65759277 256.89828491 523.84448242 255 64 64
117.55363464 157.00814819 482.28027344 255 64 64
117.54939270 157.01074219 482.29617310 255 64 64
117.55162048 157.00856018 482.28457642 255 64 64
117.54925537 157.00633240 482.29364014 255 64 64
110.65533447 159.58181763 530.70770264 255 64 64
110.64593506 159.58432007 530.71716309 255 64 64
110.65080261 159.57087708 530.70422363 255 64 64
110.64392090 159.57107544 530.70745850 255 64 64
95.94032288 189.70368958 530.80670166 255 64 64
95.93373108 189.70625305 530.81256104 255 64 64
95.93600464 189.70388794 530.80560303 255 64 64
95.92947388 189.70712280 530.80725098 255 64 64
83.90679932 173.56292725 484.44909668 255 64 64
83.90071869 173.56404114 484.45578003 255 64 64
83.89398956 173.56849670 484.44012451 255 64 64
83.88699341 173.56425476 484.44201660 255 64 64
155.01025391 219.80751038 541.63391113 255 64 64
155.00634766 219.80520630 541.63836670 255 64 64
155.01226807 219.78759766 541.63641357 255 64 64
155.00973511 219.78840637 541.63830566 255 64 64
138.11608887 189.91078186 560.52978516 255 64 64
138.11122131 189.91062927 560.53698730 255 64 64
138.11984253 189.89567566 560.52221680 255 64 64
138.11462402 189.89694214 560.52709961 255 64 64
148.51672363 204.01574707 467.26638794 255 64 64
148.50717163 204.01994324 467.27392578 255 64 64
148.50759888 204.01834106 467.25939941 255 64 64
148.50085449 204.01768494 467.26205444 255 64 64
117.97358704 213.35452271 551.49676514 255 64 64
117.96585083 213.35130310 551.50457764 255 64 64
117.96681213 213.34407043 551.49182129 255 64 64
117.95892334 213.34384155 551.49566650 255 64 64
173.64735413 234.24963379 526.74719238 255 64 64
173.63835144 234.24847412 526.75091553 255 64 64
173.65002441 234.23304749 526.73986816 255 64 64
173.64266968 234.23226929 526.74145508 255 64 64
134.28062439 241.93925476 552.59362793 255 64 64
134.27838135 241.92861938 552.60253906 255 64 64
134.28057861 241.92121887 552.59130859 255 64 64
134.27781677 241.91427612 552.59741211 255 64 64
125.84410095 162.99694824 466.05728149 255 64 64
125.84086609 163.00137329 466.06848145 255 64 64
125.83419800 163.00460815 466.05273438 255 64 64
125.83619690 163.00277710 466.05639648 255 64 64
131.40270996 176.45889282 527.96527100 255 64 64
131.39447021 176.46267700 527.97253418 255 64 64
131.39706421 176.44889832 527.96405029 255 64 64
131.39122009 176.45144653 527.96612549 255 64 64
158.58876038 199.84753418 481.27673340 255 64 64
158.58425903 199.84942627 481.29019165 255 64 64
158.58920288 199.84422302 481.27215576 255 64 64
158.58578491 199.84140015 481.27880859 255 64 64
129.72323608 175.95532227 558.67248535 255 64 64
129.71350098 175.95619202 558.67993164 255 64 64
129.72367859 175.94613647 558.66033936 255 64 64
129.71470642 175.94839478 558.66345215 255 64 64
127.54096222 247.47546387 531.89312744 255 64 64
127.53417969 247.47319031 531.89892578 255 64 64
127.54659271 247.46029663 531.89111328 255 64 64
127.53927612 247.45809937 531.89385986 255 64 64
164.27275085 214.07312012 490.14437866 255 64 64
164.26518250 214.07637024 490.15588379 255 64 64
164.27586365 214.06933594 490.13870239 255 64 64
164.27101135 214.06735229 490.14489746 255 64 64
152.51051331 220.22567749 559.13574219 255 64 64
152.51147461 220.21994019 559.14270020 255 64 64
152.51805115 220.20455933 559.13916016 255 64 64
152.51670837 220.20312500 559.14379883 255 64 64
103.96849060 161.24215698 544.72686768 255 64 64
103.95801544 161.24261475 544.73754883 255 64 64
103.96524048 161.23065186 544.71838379 255 64 64
103.95620728 161.22985840 544.72338867 255 64 64
120.10831451 166.83491516 520.61242676 255 64 64
120.10069275 166.83778381 520.61840820 255 64 64
120.10145569 166.82882690 520.60754395 255 64 64
120.09472656 166.82975769 520.60791016 255 64 64
149.91282654 258.22567749 511.53466797 255 64 64
149.90768433 258.22122192 511.54779053 255 64 64
149.91819763 258.22103882 511.53869629 255 64 64
149.91247559 258.21472168 511.54782104 255 64 64
153.66073608 211.10697937 517.20733643 255 64 64
153.65289307 211.10545349 517.21160889 255 64 64
153.66029358 211.09667969 517.20819092 255 64 64
153.65492249 211.09494019 517.21057129 255 64 64
97.11318970 177.79054260 540.36816406 255 64 64
97.10585022 177.79071045 540.37585449 255 64 64
97.11190796 177.78503418 540.36126709 255 64 64
97.10536957 177.78439331 540.36486816 255 64 64
92.44825745 146.67739868 490.08010864 255 64 64
92.43959045 146.68119812 490.09277344 255 64 64
92.43628693 146.67654419 490.06774902 255 64 64
92.42690277 146.67362976 490.07186890 255 64 64
146.42016602 187.10494995 505.78942871 255 64 64
146.41461182 187.10797119 505.79675293 255 64 64
146.41217041 187.09388733 505.78881836 255 64 64
146.40917969 187.09556580 505.79183960 255 64 64
139.15046692 208.71107483 567.81072998 255 64 64
139.14802551 208.70494080 567.81726074 255 64 64
139.15919495 208.69058228 567.80883789 255 64 64
139.15602112 208.68931580 567.81561279 255 64 64
89.22097778 164.37092590 515.88958740 255 64 64
89.21619415 164.37141418 515.89770508 255 64 64
89.21343994 164.37171936 515.88146973 255 64 64
89.20758057 164.36940002 515.88348389 255 64 64
147.83538818 250.52310181 547.17175293 255 64 64
147.83445740 250.51452637 547.17895508 255 64 64
147.83421326 250.50308228 547.16821289 255 64 64
147.83326721 250.49800110 547.17370605 255 64 64
89.38432312 195.59144592 501.74554443 255 64 64
89.37854767 195.59442139 501.75173950 255 64 64
89.37914276 195.59284973 501.74417114 255 64 64
89.37255859 195.59307861 501.74719238 255 64 64
97.25602722 225.92405701 508.41806030 255 64 64
97.25064087 225.92478943 508.41848755 255 64 64
97.25802612 225.91737366 508.41845703 255 64 64
97.25267792 225.91502380 508.41751099 255 64 64
137.04052734 176.95867920 493.66781616 255 64 64
137.03103638 176.96426392 493.67178345 255 64 64
137.03105164 176.95672607 493.66439819 255 64 64
137.02751160 176.95899963 493.66482544 255 64 64
114.05206299 189.32157898 564.05267334 255 64 64
114.04728699 189.31706238 564.06347656 255 64 64
114.05537415 189.30740356 564.04840088 255 64 64
114.05134583 189.30616760 564.05780029 255 64 64
86.05774689 183.36625671 494.73095703 255 64 64
86.05220795 183.36979675 494.73458862 255 64 64
86.04715729 183.36943054 494.72839355 255 64 64
86.04103088 183.36874390 494.72872925 255 64 64
114.79413605 234.41746521 534.97198486 255 64 64
114.78775024 234.41499329 534.97735596 255 64 64
114.79582214 234.40121460 534.96936035 255 64 64
114.79037476 234.39967346 534.97253418 255 64 64
106.56678772 237.10400391 511.02413940 255 64 64
106.55651093 237.10662842 511.02728271 255 64 64
106.57255554 237.10137939 511.02069092 255 64 64
106.56217957 237.10205078 511.02246094 255 64 64
144.30758667 176.57289124 478.73135376 255 64 64
144.30288696 176.57658386 478.74130249 255 64 64
144.30232239 176.57225037 478.73410034 255 64 64
144.30142212 176.57138062 478.73797607 255 64 64
107.28837585 147.94830322 494.63726807 255 64 64
107.27616882 147.95240784 494.65185547 255 64 64
107.28525543 147.94555664 494.63687134 255 64 64
107.27265930 147.94551086 494.64266968 255 64 64
160.49496460 251.38507080 538.77197266 255 64 64
160.49362183 251.37580872 538.78009033 255 64 64
160.49050903 251.36859131 538.77032471 255 64 64
160.48921204 251.36155701 538.77508545 255 64 64
164.14944458 208.06678772 466.69921875 255 64 64
164.14971924 208.07063293 466.70544434 255 64 64
164.14723206 208.06321716 466.69580078 255 64 64
164.14991760 208.06140137 466.69757080 255 64 64
130.37089539 192.65988159 570.93359375 255 64 64
130.36613464 192.65400696 570.94262695 255 64 64
130.38273621 192.64109802 570.93499756 255 64 64
130.37734985 192.63923645 570.94311523 255 64 64
135.57771301 253.20509338 519.80548096 255 64 64
135.57095337 253.20257568 519.80993652 255 64 64
135.57919312 253.19329834 519.80725098 255 64 64
135.57286072 253.18959045 519.80841064 255 64 64
102.95510864 205.40518188 537.14874268 255 64 64
102.94862366 205.40574646 537.15563965 255 64 64
102.95059204 205.40234375 537.14489746 255 64 64
102.94393921 205.40335083 537.14733887 255 64 64
172.92706299 242.39259338 540.39221191 255 64 64
172.92454529 242.38635254 540.39892578 255 64 64
172.93206787 242.37908936 540.38818359 255 64 64
172.92916870 242.37533569 540.39257812 255 64 64
119.23478699 161.79373169 494.47155762 255 64 64
119.22587585 161.79846191 494.48077393 255 64 64
119.22666168 161.79229736 494.47732544 255 64 64
119.22080231 161.79264832 494.47958374 255 64 64
150.15798950 197.16598511 521.74786377 255 64 64
150.15402222 197.16700745 521.75177002 255 64 64
150.15275574 197.15226746 521.74731445 255 64 64
150.15118408 197.15332031 521.74749756 255 64 64
119.56039429 170.94903564 565.67486572 255 64 64
119.54795074 170.94708252 565.68603516 255 64 64
119.56376648 170.93421936 565.66833496 255 64 64
119.55163574 170.93402100 565.67565918 255 64 64
91.82751465 178.53779602 526.18365479 255 64 64
91.82385254 178.53971863 526.19152832 255 64 64
91.82125854 178.53862000 526.17871094 255 64 64
91.81802368 178.54000854 526.18139648 255 64 64
99.58628082 154.07254028 520.97564697 255 64 64
99.57778931 154.07382202 520.98547363 255 64 64
99.58451843 154.06939697 520.96673584 255 64 64
99.57545471 154.06674194 520.96972656 255 64 64
186.09246826 246.84136963 527.24853516 255 64 64
186.09629822 246.82980347 527.25775146 255 64 64
186.09780884 246.82846069 527.25048828 255 64 64
186.09942627 246.82009888 527.25732422 255 64 64
154.32604980 230.06985474 551.99114990 255 64 64
154.32546997 230.06495667 551.99645996 255 64 64
154.32710266 230.04980469 551.99053955 255 64 64
154.32562256 230.04850769 551.99481201 255 64 64
86.69417572 216.34008789 489.07022095 255 64 64
86.68706512 216.34242249 489.07614136 255 64 64
86.69343567 216.34083557 489.06091309 255 64 64
86.68656158 216.33776855 489.06469727 255 64 64
124.95469666 251.32632446 510.63107300 255 64 64
124.94551086 251.32522583 510.63842773 255 64 64
124.96078491 251.31927490 510.62887573 255 64 64
124.95202637 251.31738281 510.63269043 255 64 64
158.61572266 188.08914185 478.46035767 255 64 64
158.61372375 188.09065247 478.47384644 255 64 64
158.61444092 188.07884216 478.46511841 255 64 64
158.61567688 188.07522583 478.47229004 255 64 64
179.26840210 229.53521729 506.25717163 255 64 64
179.26084900 229.53450012 506.26458740 255 64 64
179.27136230 229.52195740 506.25418091 255 64 64
179.26663208 229.51940918 506.25778198 255 64 64
115.77061462 164.10881042 552.41265869 255 64 64
115.75827026 164.10830688 552.42346191 255 64 64
115.76580811 164.09707642 552.40386963 255 64 64
115.75623322 164.09680176 552.41009521 255 64 64
134.30845642 178.15962219 548.14141846 255 64 64
134.29812622 178.16113281 548.14648438 255 64 64
134.30528259 178.14770508 548.13830566 255 64 64
134.29742432 178.15045166 548.13970947 255 64 64
126.65451813 170.91098022 498.32714844 255 64 64
126.64873505 170.91412354 498.33514404 255 64 64
126.64727783 170.90814209 498.32949829 255 64 64
126.64537048 170.90809631 498.33068848 255 64 64
128.09599304 233.97149658 558.08453369 255 64 64
128.09393311 233.96450806 558.09252930 255 64 64
128.09600830 233.95480347 558.08422852 255 64 64
128.09387207 233.95080566 558.09014893 255 64 64
92.09019470 191.55216980 520.15539551 255 64 64
92.08300781 191.55271912 520.16033936 255 64 64
92.08660889 191.54985046 520.15295410 255 64 64
92.08059692 191.54940796 520.15405273 255 64 64
102.23828125 186.42135620 545.93756104 255 64 64
102.23120880 186.42085266 545.94158936 255 64 64
102.23272705 186.41162109 545.93737793 255 64 64
102.22595215 186.41403198 545.93865967 255 64 64
159.22889709 231.28459167 529.30981445 255 64 64
159.22224426 231.28208923 529.31060791 255 64 64
159.22750854 231.26771545 529.30554199 255 64 64
159.22178650 231.26647949 529.30529785 255 64 64
158.19482422 217.14657593 508.57647705 255 64 64
158.18650818 217.14682007 508.57937622 255 64 64
158.19059753 217.13749695 508.57162476 255 64 64
158.18643188 217.13565063 508.57202148 255 64 64
121.73733521 166.10887146 531.92687988 255 64 64
121.72746277 166.11154175 531.93518066 255 64 64
121.73231506 166.10119629 531.91790771 255 64 64
121.72354126 166.10385132 531.92004395 255 64 64
161.78971863 246.21058655 548.83660889 255 64 64
161.78912354 246.20429993 548.84216309 255 64 64
161.79292297 246.19227600 548.83111572 255 64 64
161.79101562 246.18957520 548.83532715 255 64 64
112.61351013 224.89842224 545.56445312 255 64 64
112.60607147 224.89913940 545.56976318 255 64 64
112.61154175 224.89132690 545.55615234 255 64 64
112.60486603 224.89225769 545.55889893 255 64 64
149.85954285 204.51632690 544.62091064 255 64 64
149.85478210 204.51649475 544.62377930 255 64 64
149.85713196 204.49887085 544.62030029 255 64 64
149.85307312 204.50129700 544.62042236 255 64 64
170.18524170 219.57127380 499.93139648 255 64 64
170.17871094 219.57121277 499.94100952 255 64 64
170.18089294 219.55543518 499.92166138 255 64 64
170.17701721 219.55410767 499.92849731 255 64 64
150.86416626 229.62271118 538.47277832 255 64 64
150.86062622 229.62030029 538.47521973 255 64 64
150.86553955 229.60856628 538.46929932 255 64 64
150.86251831 229.60783386 538.47033691 255 64 64
87.23081970 204.94200134 494.40768433 255 64 64
87.22521973 204.94398499 494.41055298 255 64 64
87.22838593 204.94453430 494.40380859 255 64 64
87.22309113 204.94197083 494.40441895 255 64 64
154.19850159 178.86318970 474.35525513 255 64 64
154.19819641 178.86401367 474.36816406 255 64 64
154.19422913 178.85504150 474.35760498 255 64 64
154.19841003 178.85118103 474.36532593 255 64 64
86.80434418 175.11671448 504.59414673 255 64 64
86.79989624 175.12023926 504.60104370 255 64 64
86.80010223 175.11878967 504.59295654 255 64 64
86.79331970 175.11822510 504.59545898 255 64 64
128.58181763 223.03038025 558.33575439 255 64 64
128.57897949 223.02490234 558.34283447 255 64 64
128.57705688 223.01762390 558.32922363 255 64 64
128.57322693 223.01759338 558.33343506 255 64 64
107.52905273 155.17675781 513.53552246 255 64 64
107.52063751 155.18031311 513.54675293 255 64 64
107.52816772 155.16987610 513.53552246 255 64 64
107.52067566 155.16906738 513.54083252 255 64 64
138.74435425 234.06256104 560.29577637 255 64 64
138.74462891 234.05310059 560.30688477 255 64 64
138.74328613 234.04724121 560.29345703 255 64 64
138.74073792 234.04231262 560.30096436 255 64 64
131.53811646 245.37768555 541.73516846 255 64 64
131.53404236 245.37251282 541.74255371 255 64 64
131.53828430 245.36410522 541.73187256 255 64 64
131.53317261 245.36061096 541.73620605 255 64 64
91.96786499 222.85873413 497.10159302 255 64 64
91.96267700 222.85960388 497.09887695 255 64 64
91.96760559 222.85861206 497.09692383 255 64 64
91.96321869 222.85450745 497.09271240 255 64 64
183.22586060 233.28796387 497.52890015 255 64 64
183.22390747 233.28614807 497.53701782 255 64 64
183.23588562 233.27597046 497.52508545 255 64 64
183.23518372 233.27160645 497.53070068 255 64 64
177.60568237 218.46469116 482.82897949 255 64 64
177.60380554 218.46612549 482.83871460 255 64 64
177.61354065 218.45443726 482.81985474 255 64 64
177.61396790 218.45046997 482.82458496 255 64 64
150.56228638 194.70426941 511.23648071 255 64 64
150.55450439 194.70591736 511.24285889 255 64 64
150.55963135 194.68682861 511.24255371 255 64 64
150.55578613 194.68751526 511.24560547 255 64 64
168.87231445 227.85363770 520.43585205 255 64 64
168.86325073 227.85482788 520.44158936 255 64 64
168.86883545 227.84103394 520.42547607 255 64 64
168.86277771 227.84252930 520.42932129 255 64 64
153.65509033 215.29721069 532.73870850 255 64 64
153.65087891 215.29571533 532.74218750 255 64 64
153.64985657 215.28424072 532.73974609 255 64 64
153.64685059 215.28454590 532.74041748 255 64 64
105.60008240 240.18515015 500.93887329 255 64 64
105.59130096 240.18852234 500.94338989 255 64 64
105.60455322 240.18699646 500.93307495 255 64 64
105.59532166 240.18647766 500.93469238 255 64 64
155.76206970 204.00874329 510.31671143 255 64 64
155.75421143 204.01184082 510.32608032 255 64 64
155.75927734 203.99604797 510.31335449 255 64 64
155.75347900 203.99610901 510.31814575 255 64 64
154.92698669 210.54284668 493.17578125 255 64 64
154.92091370 210.54959106 493.18603516 255 64 64
154.92602539 210.54064941 493.16256714 255 64 64
154.92080688 210.54338074 493.16882324 255 64 64
144.84072876 194.20809937 536.01965332 255 64 64
144.83583069 194.20890808 536.02185059 255 64 64
144.83399963 194.19197083 536.02160645 255 64 64
144.83012390 194.19450378 536.02215576 255 64 64
123.43678284 169.58087158 510.88012695 255 64 64
123.43051147 169.58499146 510.88619995 255 64 64
123.43192291 169.57841492 510.88067627 255 64 64
123.42826843 169.57878113 510.88070679 255 64 64
110.95062256 176.70057678 565.38659668 255 64 64
110.94256592 176.69946289 565.39971924 255 64 64
110.95182800 176.68727112 565.37762451 255 64 64
110.94416046 176.68746948 565.38690186 255 64 64
145.23799133 254.97850037 520.12573242 255 64 64
145.23283386 254.97195435 520.13232422 255 64 64
145.23545837 254.96714783 520.12945557 255 64 64
145.23008728 254.96090698 520.13171387 255 64 64
139.40690613 179.66821289 505.44982910 255 64 64
139.40005493 179.67175293 505.45922852 255 64 64
139.40419006 179.65713501 505.44641113 255 64 64
139.40208435 179.65643311 505.45053101 255 64 64
143.72337341 190.61924744 552.58489990 255 64 64
143.71865845 190.62075806 552.58856201 255 64 64
143.72073364 190.60946655 552.57519531 255 64 64
143.71757507 190.61392212 552.57629395 255 64 64
98.37174988 199.76828003 530.67224121 255 64 64
98.36494446 199.76953125 530.67657471 255 64 64
98.36492920 199.76455688 530.67401123 255 64 64
98.35831451 199.76615906 530.67510986 255 64 64
152.30392456 237.04920959 544.52972412 255 64 64
152.30027771 237.04086304 544.53723145 255 64 64
152.30725098 237.03140259 544.52716064 255 64 64
152.30258179 237.02650452 544.53106689 255 64 64
111.04534912 234.41180420 524.44421387 255 64 64
111.03742981 234.41162109 524.44647217 255 64 64
111.04722595 234.40689087 524.44128418 255 64 64
111.03999329 234.40504456 524.44213867 255 64 64
92.64492035 199.81062317 515.15954590 255 64 64
92.63954163 199.81138611 515.16418457 255 64 64
92.64070129 199.80700684 515.15820312 255 64 64
92.63651276 199.80587769 515.15924072 255 64 64
122.78371429 211.33090210 559.60162354 255 64 64
122.78028870 211.32543945 559.60845947 255 64 64
122.77806091 211.31858826 559.59881592 255 64 64
122.77277374 211.31945801 559.60144043 255 64 64
142.79173279 245.43040466 555.42968750 255 64 64
142.78979492 245.42243958 555.44018555 255 64 64
142.79428101 245.41517639 555.42425537 255 64 64
142.79170227 245.41149902 555.43133545 255 64 64
152.76347351 220.62666321 515.64239502 255 64 64
152.75573730 220.62530518 515.64373779 255 64 64
152.76225281 220.62014771 515.63403320 255 64 64
152.75726318 220.61750793 515.63403320 255 64 64
111.25448608 160.57412720 521.33544922 255 64 64
111.24370575 160.57748413 521.34429932 255 64 64
111.25002289 160.56613159 521.33441162 255 64 64
111.24139404 160.56674194 521.33758545 255 64 64
161.97436523 183.43600464 463.25051880 255 64 64
161.98292542 183.43637085 463.26370239 255 64 64
161.96795654 183.42718506 463.24282837 255 64 64
161.97827148 183.42031860 463.24972534 255 64 64
111.58511353 149.33102417 486.37677002 255 64 64
111.58103943 149.33306885 486.39425659 255 64 64
111.58132935 149.32952881 486.37695312 255 64 64
111.57934570 149.32614136 486.38778687 255 64 64
101.64390564 157.00933838 530.67462158 255 64 64
101.63162231 157.01286316 530.68627930 255 64 64
101.64021301 157.00341797 530.66406250 255 64 64
101.62962341 157.00439453 530.66876221 255 64 64
153.35093689 213.39006042 548.23229980 255 64 64
153.34751892 213.38911438 548.23486328 255 64 64
153.35409546 213.37364197 548.23370361 255 64 64
153.35090637 213.37498474 548.23413086 255 64 64
116.70225525 197.86749268 561.44049072 255 64 64
116.69659424 197.85766602 561.46148682 255 64 64
116.71578217 197.85229492 561.44030762 255 64 64
116.70847321 197.84820557 561.45715332 255 64 64
106.27363586 224.82684326 530.54113770 255 64 64
106.26764679 224.82653809 530.54345703 255 64 64
106.27101135 224.81678772 530.53851318 255 64 64
106.26608276 224.81564331 530.53894043 255 64 64
98.39862061 212.82275391 533.88073730 255 64 64
98.39285278 212.82342529 533.88696289 255 64 64
98.40159607 212.81887817 533.87689209 255 64 64
98.39692688 212.81800842 533.87963867 255 64 64
180.36177063 240.31460571 530.57446289 255 64 64
180.36227417 240.30752563 530.58135986 255 64 64
180.36506653 240.29957581 530.57141113 255 64 64
180.36616516 240.29568481 530.57446289 255 64 64
111.47653198 154.57719421 499.41030884 255 64 64
111.47052002 154.57917786 499.42282104 255 64 64
111.47695923 154.57371521 499.41510010 255 64 64
111.47183228 154.57247925 499.42092896 255 64 64
131.43034363 174.95797729 537.01885986 255 64 64
131.42082214 174.96112061 537.02349854 255 64 64
131.41998291 174.95478821 537.01104736 255 64 64
131.41259766 174.95741272 537.01086426 255 64 64
132.25743103 168.53283691 471.34918213 255 64 64
132.25170898 168.53721619 471.36157227 255 64 64
132.25067139 168.53457642 471.34512329 255 64 64
132.25044250 168.53437805 471.35000610 255 64 64
153.24617004 191.34136963 492.21166992 255 64 64
153.24188232 191.34352112 492.22174072 255 64 64
153.24620056 191.33343506 492.20361328 255 64 64
153.24438477 191.33152771 492.20904541 255 64 64
92.75410461 213.25224304 516.59631348 255 64 64
92.74833679 213.25271606 516.60040283 255 64 64
92.75640869 213.24851990 516.58874512 255 64 64
92.75003052 213.24624634 516.59063721 255 64 64
137.74697876 182.85139465 528.90283203 255 64 64
137.74011230 182.85386658 528.90734863 255 64 64
137.73782349 182.84197998 528.89636230 255 64 64
137.73323059 182.84506226 528.89739990 255 64 64
111.91764832 161.15747070 540.40570068 255 64 64
111.90925598 161.15905762 540.41558838 255 64 64
111.91293335 161.14674377 540.40209961 255 64 64
111.90483093 161.14704895 540.40661621 255 64 64
107.35961914 189.19010925 552.81634521 255 64 64
107.35253906 189.18930054 552.82269287 255 64 64
107.35525513 189.18490601 552.81188965 255 64 64
107.34751892 189.18719482 552.81408691 255 64 64
84.98963165 166.57591248 490.00033569 255 64 64
84.98643494 166.57786560 490.00848389 255 64 64
84.97749329 166.58016968 489.99163818 255 64 64
84.97174072 166.57685852 489.99517822 255 64 64
96.54731750 214.97785950 525.38122559 255 64 64
96.54164124 214.97854614 525.38482666 255 64 64
96.54895020 214.97473145 525.37860107 255 64 64
96.54438019 214.97395325 525.37963867 255 64 64
157.94557190 202.83695984 489.88632202 255 64 64
157.93791199 202.83973694 489.89758301 255 64 64
157.94401550 202.82960510 489.88156128 255 64 64
157.93989563 202.82876587 489.88891602 255 64 64
138.78204346 247.51042175 547.33117676 255 64 64
138.77886963 247.50329590 547.34082031 255 64 64
138.78370667 247.49887085 547.33203125 255 64 64
138.78103638 247.49485779 547.33856201 255 64 64
131.37625122 206.36016846 571.41290283 255 64 64
131.37873840 206.35290527 571.42260742 255 64 64
131.38719177 206.33892822 571.41253662 255 64 64
131.38871765 206.33489990 571.42169189 255 64 64
153.17781067 204.56541443 476.09896851 255 64 64
153.17097473 204.56947327 476.10787964 255 64 64
153.17700195 204.56291199 476.09542847 255 64 64
153.17237854 204.56178284 476.09951782 255 64 64
90.75750732 203.95846558 504.22903442 255 64 64
90.75216675 203.96289062 504.23348999 255 64 64
90.75186157 203.96174622 504.22622681 255 64 64
90.74810028 203.96136475 504.22775269 255 64 64
115.58438110 152.71755981 474.82489014 255 64 64
115.58078003 152.71936035 474.83990479 255 64 64
115.57588959 152.71916199 474.82107544 255 64 64
115.57528687 152.71649170 474.82821655 255 64 64
121.35940552 227.74430847 556.70343018 255 64 64
121.35552979 227.73944092 556.71179199 255 64 64
121.36186981 227.72938538 556.70117188 255 64 64
121.35830688 227.72749329 556.70727539 255 64 64
175.65093994 228.88131714 514.14208984 255 64 64
175.64175415 228.88423157 514.14984131 255 64 64
175.64971924 228.86552429 514.13525391 255 64 64
175.64434814 228.86660767 514.13940430 255 64 64
134.60636902 179.12789917 520.34558105 255 64 64
134.60115051 179.13047791 520.35302734 255 64 64
134.60467529 179.12007141 520.34039307 255 64 64
134.60183716 179.11985779 520.34271240 255 64 64
177.21385193 224.94181824 498.17565918 255 64 64
177.20735168 224.94369507 498.18539429 255 64 64
177.21110535 224.92727661 498.16384888 255 64 64
177.20846558 224.92610168 498.17022705 255 64 64
117.25193787 240.37568665 529.24658203 255 64 64
117.24741364 240.37272644 529.25329590 255 64 64
117.25767517 240.36361694 529.24627686 255 64 64
117.25195312 240.36059570 529.24963379 255 64 64
105.61175537 149.69795227 503.41653442 255 64 64
105.60079193 149.70195007 503.43084717 255 64 64
105.60324860 149.69308472 503.41464233 255 64 64
105.59292603 149.69328308 503.42111206 255 64 64
95.99408722 163.08007812 537.37438965 255 64 64
95.98739624 163.08035278 537.38464355 255 64 64
95.99189758 163.07507324 537.36627197 255 64 64
95.98512268 163.07398987 537.37054443 255 64 64
152.16563416 249.73541260 554.54406738 255 64 64
152.16790771 249.72477722 554.55468750 255 64 64
152.17033386 249.71669006 554.54382324 255 64 64
152.17025757 249.71018982 554.55126953 255 64 64
93.38261414 148.91688538 502.58337402 255 64 64
93.37338257 148.92120361 502.59561157 255 64 64
93.37673950 148.91929626 502.57489014 255 64 64
93.36633301 148.91777039 502.57891846 255 64 64
152.86378479 230.19389343 560.42687988 255 64 64
152.86511230 230.18319702 560.43334961 255 64 64
152.86389160 230.17716980 560.42675781 255 64 64
152.86335754 230.17219543 560.43054199 255 64 64
88.05529785 161.20951843 508.05438232 255 64 64
88.04935455 161.21116638 508.06127930 255 64 64
88.04866028 161.20880127 508.04992676 255 64 64
88.04328156 161.20724487 508.05331421 255 64 64
144.46833801 214.44200134 564.45190430 255 64 64
144.46838379 214.43548584 564.45782471 255 64 64
144.47607422 214.42198181 564.45312500 255 64 64
144.47566223 214.42074585 564.45733643 255 64 64
112.31915283 208.88319397 546.98950195 255 64 64
112.31071472 208.88180542 546.99603271 255 64 64
112.31208801 208.87487793 546.98828125 255 64 64
112.30409241 208.87664795 546.99108887 255 64 64
165.94403076 235.08424377 532.76623535 255 64 64
165.93621826 235.08251953 532.77130127 255 64 64
165.94699097 235.06808472 532.75964355 255 64 64
165.93986511 235.06808472 532.76184082 255 64 64
159.99557495 226.61358643 522.31256104 255 64 64
159.98773193 226.61106873 522.31475830 255 64 64
159.98902893 226.60229492 522.30999756 255 64 64
159.98382568 226.60046387 522.30871582 255 64 64
136.11912537 251.45422363 528.62255859 255 64 64
136.11468506 251.44760132 528.62695312 255 64 64
136.11706543 251.43750000 528.62304688 255 64 64
136.11306763 251.43183899 528.62554932 255 64 64
135.60009766 181.77444458 557.46118164 255 64 64
135.59399414 181.77420044 557.46594238 255 64 64
135.59918213 181.76274109 557.45294189 255 64 64
135.59271240 181.76525879 557.45446777 255 64 64
164.64865112 208.96447754 477.13742065 255 64 64
164.64538574 208.96748352 477.14843750 255 64 64
164.64775085 208.96363831 477.12689209 255 64 64
164.64602661 208.96192932 477.13208008 255 64 64
114.62423706 155.37155151 491.73245239 255 64 64
114.61938477 155.37672424 491.74401855 255 64 64
114.62335968 155.37179565 491.73587036 255 64 64
114.62047577 155.37129211 491.73983765 255 64 64
120.20014191 195.82470703 568.70587158 255 64 64
120.20243835 195.81523132 568.71520996 255 64 64
120.20977020 195.80751038 568.70684814 255 64 64
120.21102905 195.80271912 568.71545410 255 64 64
89.70122528 179.68830872 518.24768066 255 64 64
89.69923401 179.68960571 518.25439453 255 64 64
89.69527435 179.69250488 518.23632812 255 64 64
89.69284058 179.69157410 518.23931885 255 64 64
145.82225037 183.67222595 498.34094238 255 64 64
145.81634521 183.67375183 498.35040283 255 64 64
145.81878662 183.66249084 498.34136963 255 64 64
145.81799316 183.66233826 498.34515381 255 64 64
135.58380127 174.73403931 485.92449951 255 64 64
135.57586670 174.73754883 485.93481445 255 64 64
135.57897949 174.73156738 485.92764282 255 64 64
135.57553101 174.73063660 485.93066406 255 64 64
149.37617493 254.18341064 527.10058594 255 64 64
149.36915588 254.17620850 527.11053467 255 64 64
149.37757874 254.17057800 527.10131836 255 64 64
149.37094116 254.16427612 527.10729980 255 64 64
92.29725647 158.41503906 520.45367432 255 64 64
92.29057312 158.41726685 520.46246338 255 64 64
92.29350281 158.40979004 520.45068359 255 64 64
92.28713226 158.40930176 520.45434570 255 64 64
141.86235046 197.03451538 559.57800293 255 64 64
141.85742188 197.03143311 559.58312988 255 64 64
141.87315369 197.02018738 559.57733154 255 64 64
141.86834717 197.02043152 559.58068848 255 64 64
107.63546753 163.56774902 551.49218750 255 64 64
107.62596893 163.56819153 551.50183105 255 64 64
107.63237000 163.55796814 551.48034668 255 64 64
107.62319946 163.55801392 551.48718262 255 64 64
84.87160492 200.40509033 484.40255737 255 64 64
84.86722565 200.40563965 484.40921021 255 64 64
84.86412048 200.41090393 484.39114380 255 64 64
84.85872650 200.40708923 484.39358521 255 64 64
154.36418152 211.45747375 504.40795898 255 64 64
154.35275269 211.46286011 504.41793823 255 64 64
154.36456299 211.45007324 504.39926147 255 64 64
154.35554504 211.45272827 504.40573120 255 64 64
127.86587524 255.06869507 504.16973877 255 64 64
127.85860443 255.07073975 504.17260742 255 64 64
127.87404633 255.06851196 504.17004395 255 64 64
127.86705017 255.06726074 504.17022705 255 64 64
101.80740356 171.30581665 551.24456787 255 64 64
101.80041504 171.30522156 551.25469971 255 64 64
101.80566406 171.29402161 551.23913574 255 64 64
101.79988098 171.29330444 551.24554443 255 64 64
125.42922974 240.36654663 542.23510742 255 64 64
125.42251587 240.36128235 542.24523926 255 64 64
125.43573761 240.34829712 542.23919678 255 64 64
125.42831421 240.34590149 542.24530029 255 64 64
89.67855072 151.38159180 495.80523682 255 64 64
89.67024994 151.38504028 495.81546021 255 64 64
89.66838074 151.38131714 495.79562378 255 64 64
89.65905762 151.37908936 495.79916382 255 64 64
108.33342743 182.47163391 560.65814209 255 64 64
108.32781982 182.47033691 560.66857910 255 64 64
108.33215332 182.45587158 560.65753174 255 64 64
108.32672119 182.45564270 560.66503906 255 64 64
145.74792480 192.73593140 526.57073975 255 64 64
145.74333191 192.73739624 526.57720947 255 64 64
145.74986267 192.72135925 526.57525635 255 64 64
145.74806213 192.72283936 526.57836914 255 64 64
85.18203735 175.53875732 495.37091064 255 64 64
85.17591095 175.54118347 495.37942505 255 64 64
85.17371368 175.54423523 495.36373901 255 64 64
85.16705322 175.54165649 495.36810303 255 64 64
154.27983093 196.93205261 498.79000854 255 64 64
154.27418518 196.93403625 498.79995728 255 64 64
154.28131104 196.91673279 498.79235840 255 64 64
154.27819824 196.91513062 498.79913330 255 64 64
124.81902313 166.04879761 479.47647095 255 64 64
124.81644440 166.05329895 479.49014282 255 64 64
124.81053162 166.05345154 479.47634888 255 64 64
124.81158447 166.05195618 479.48251343 255 64 64
147.65156555 198.36933899 548.86553955 255 64 64
147.64773560 198.36932373 548.87036133 255 64 64
147.64984131 198.35395813 548.85736084 255 64 64
147.64648438 198.35604858 548.86065674 255 64 64
113.75197601 242.77578735 512.85650635 255 64 64
113.74339294 242.77517700 512.85961914 255 64 64
113.75386047 242.76855469 512.85638428 255 64 64
113.74644470 242.76617432 512.85668945 255 64 64
103.27656555 198.35882568 540.40991211 255 64 64
103.27071381 198.35775757 540.41589355 255 64 64
103.26872253 198.35188293 540.40386963 255 64 64
103.26260376 198.35198975 540.40625000 255 64 64
94.89195251 182.33363342 533.00079346 255 64 64
94.88609314 182.33685303 533.00775146 255 64 64
94.88693237 182.33415222 532.99487305 255 64 64
94.88088989 182.33660889 532.99682617 255 64 64
127.58377838 210.89888000 565.66766357 255 64 64
127.57828522 210.89315796 565.67626953 255 64 64
127.58226013 210.88925171 565.65454102 255 64 64
127.57437134 210.88966370 565.65991211 255 64 64
117.72242737 187.70695496 570.67364502 255 64 64
117.72211456 187.70117188 570.68469238 255 64 64
117.72512054 187.68760681 570.67132568 255 64 64
117.72300720 187.68521118 570.68072510 255 64 64
101.96411133 229.63696289 513.28594971 255 64 64
101.95642090 229.63661194 513.28845215 255 64 64
101.97121429 229.63288879 513.28479004 255 64 64
101.96411133 229.63037109 513.28515625 255 64 64
156.87579346 192.79866028 484.31027222 255 64 64
156.87091064 192.80082703 484.32174683 255 64 64
156.87382507 192.78405762 484.30917358 255 64 64
156.87237549 192.78237915 484.31698608 255 64 64
155.45402527 207.92234802 484.67648315 255 64 64
155.44850159 207.92636108 484.68786621 255 64 64
155.45343018 207.92260742 484.66857910 255 64 64
155.44802856 207.92210388 484.67376709 255 64 64
165.38258362 218.31481934 506.09515381 255 64 64
165.37144470 218.31575012 506.09939575 255 64 64
165.37651062 218.30735779 506.09060669 255 64 64
165.37153625 218.30596924 506.09146118 255 64 64
120.14671326 159.33447266 469.65048218 255 64 64
120.14688873 159.33732605 469.66165161 255 64 64
120.13655090 159.34248352 469.64764404 255 64 64
120.14039612 159.33990479 469.65191650 255 64 64
127.45266724 177.84315491 565.73229980 255 64 64
127.43995667 177.84240723 565.74096680 255 64 64
127.45112610 177.82641602 565.71948242 255 64 64
127.43854523 177.82897949 565.72515869 255 64 64
153.86030579 206.11639404 528.29614258 255 64 64
153.85691833 206.11628723 528.29858398 255 64 64
153.85676575 206.10359192 528.29553223 255 64 64
153.85424805 206.10359192 528.29620361 255 64 64
88.74266052 172.37252808 516.28674316 255 64 64
88.73802185 172.37428284 516.29504395 255 64 64
88.73565674 172.37637329 516.27709961 255 64 64
88.73079681 172.37458801 516.28002930 255 64 64
153.58955383 240.87313843 551.15264893 255 64 64
153.59086609 240.86407471 551.15783691 255 64 64
153.58706665 240.85940552 551.14739990 255 64 64
153.58644104 240.85472107 551.15063477 255 64 64
148.24093628 251.93550110 538.76647949 255 64 64
148.23400879 251.92883301 538.77471924 255 64 64
148.23948669 251.91923523 538.76440430 255 64 64
148.23246765 251.91566467 538.76965332 255 64 64
91.23322296 215.80889893 507.61190796 255 64 64
91.22975159 215.81089783 507.61322021 255 64 64
91.23134613 215.80741882 507.60427856 255 64 64
91.22820282 215.80493164 507.60400391 255 64 64
86.52900696 197.78828430 492.13171387 255 64 64
86.52386475 197.79063416 492.13806152 255 64 64
86.52068329 197.79528809 492.12692261 255 64 64
86.51457977 197.79328918 492.12902832 255 64 64
183.08570862 239.06877136 523.65570068 255 64 64
183.08657837 239.06359863 523.66400146 255 64 64
183.08834839 239.04824829 523.65692139 255 64 64
183.08769226 239.04385376 523.66186523 255 64 64
127.83971405 185.59826660 571.61785889 255 64 64
127.83571625 185.59367371 571.62976074 255 64 64
127.84419250 185.57788086 571.61151123 255 64 64
127.83766174 185.57728577 571.62078857 255 64 64
94.98521423 197.02555847 524.56823730 255 64 64
94.97685242 197.02496338 524.57299805 255 64 64
94.97975159 197.02178955 524.57031250 255 64 64
94.97237396 197.01989746 524.57086182 255 64 64
155.86596680 223.62835693 548.47290039 255 64 64
155.86552429 223.62440491 548.47540283 255 64 64
155.86599731 223.60809326 548.47406006 255 64 64
155.86460876 223.60688782 548.47387695 255 64 64
110.31065369 243.03881836 506.01495361 255 64 64
110.30519867 243.03779602 506.01696777 255 64 64
110.31947327 243.03007507 506.01712036 255 64 64
110.31327820 243.02612305 506.01702881 255 64 64
120.08901978 167.92031860 558.89709473 255 64 64
120.07562256 167.92012024 558.90802002 255 64 64
120.08773804 167.90483093 558.88085938 255 64 64
120.07559204 167.90574646 558.88800049 255 64 64
139.12075806 184.95652771 551.12768555 255 64 64
139.11581421 184.95747375 551.13098145 255 64 64
139.11700439 184.94396973 551.12371826 255 64 64
139.11199951 184.94735718 551.12438965 255 64 64
122.65235901 217.85700989 555.12823486 255 64 64
122.64419556 217.85263062 555.13604736 255 64 64
122.64753723 217.84495544 555.12353516 255 64 64
122.63986206 217.84495544 555.12750244 255 64 64
133.71824646 185.23692322 564.26342773 255 64 64
133.71261597 185.23510742 564.27215576 255 64 64
133.72384644 185.22010803 564.25524902 255 64 64
133.71685791 185.22164917 564.25927734 255 64 64
163.99932861 215.67213440 498.78985596 255 64 64
163.98934937 215.67510986 498.79647827 255 64 64
163.99468994 215.65762329 498.78250122 255 64 64
163.98901367 215.65679932 498.78491211 255 64 64
165.22735596 254.77604675 528.15234375 255 64 64
165.22746277 254.76730347 528.16052246 255 64 64
165.22640991 254.76336670 528.15307617 255 64 64
165.22576904 254.75552368 528.15826416 255 64 64
133.18417358 218.23159790 564.89202881 255 64 64
133.18063354 218.22355652 564.89984131 255 64 64
133.18298340 218.21650696 564.88317871 255 64 64
133.17742920 218.21383667 564.88879395 255 64 64
98.32126617 219.88403320 520.20672607 255 64 64
98.31300354 219.88462830 520.21270752 255 64 64
98.32592773 219.87661743 520.20916748 255 64 64
98.31829834 219.87408447 520.21105957 255 64 64
111.64179993 166.20892334 558.08569336 255 64 64
111.63112640 166.20899963 558.09649658 255 64 64
111.64240265 166.19282532 558.08129883 255 64 64
111.63166809 166.19351196 558.08862305 255 64 64
122.54673767 165.30874634 489.03286743 255 64 64
122.54286194 165.31248474 489.04168701 255 64 64
122.54054260 165.30715942 489.03289795 255 64 64
122.54100037 165.30697632 489.03506470 255 64 64
139.42044067 186.11244202 536.20196533 255 64 64
139.41299438 186.11560059 536.20422363 255 64 64
139.41674805 186.10232544 536.20159912 255 64 64
139.41120911 186.10580444 536.20098877 255 64 64
101.00186157 179.54350281 547.67358398 255 64 64
100.99610901 179.54345703 547.68054199 255 64 64
100.99621582 179.53623962 547.66998291 255 64 64
100.99022675 179.53720093 547.67248535 255 64 64
141.64164734 203.84007263 465.16302490 255 64 64
141.63442993 203.84335327 465.16830444 255 64 64
141.62371826 203.84042358 465.15652466 255 64 64
141.62014771 203.83779907 465.15710449 255 64 64
129.58792114 174.00856018 551.64514160 255 64 64
129.57899475 174.00930786 551.65350342 255 64 64
129.58616638 174.00285339 551.62878418 255 64 64
129.57852173 174.00408936 551.63140869 255 64 64
130.50077820 173.61979675 544.01629639 255 64 64
130.49096680 173.62306213 544.02258301 255 64 64
130.49531555 173.61340332 544.00659180 255 64 64
130.48677063 173.61636353 544.00793457 255 64 64
113.17726135 229.61764526 540.18371582 255 64 64
113.17131042 229.61480713 540.19006348 255 64 64
113.18269348 229.60298157 540.18566895 255 64 64
113.17680359 229.60104370 540.19079590 255 64 64
98.30581665 230.08491516 502.70666504 255 64 64
98.29748535 230.08573914 502.71057129 255 64 64
98.31094360 230.08383179 502.70239258 255 64 64
98.30299377 230.08157349 502.70428467 255 64 64
119.61605835 236.81298828 540.08093262 255 64 64
119.60932159 236.80836487 540.08691406 255 64 64
119.62067413 236.79718018 540.08007812 255 64 64
119.61489868 236.79397583 540.08312988 255 64 64
127.19771576 248.38098145 524.82672119 255 64 64
127.19183350 248.37875366 524.83093262 255 64 64
127.20057678 248.37072754 524.82611084 255 64 64
127.19520569 248.36766052 524.82800293 255 64 64
156.67073059 196.83636475 465.90100098 255 64 64
156.66961670 196.83837891 465.91091919 255 64 64
156.66328430 196.83233643 465.89984131 255 64 64
156.66688538 196.82901001 465.90408325 255 64 64
86.61977386 167.65800476 505.44189453 255 64 64
86.61459351 167.66021729 505.44842529 255 64 64
86.60997009 167.66030884 505.43472290 255 64 64
86.60437775 167.65907288 505.43670654 255 64 64
176.43107605 231.85971069 520.70013428 255 64 64
176.42500305 231.85783386 520.70623779 255 64 64
176.43040466 231.84243774 520.68951416 255 64 64
176.42626953 231.84060669 520.69342041 255 64 64
85.60809326 168.62741089 497.10165405 255 64 64
85.60286713 168.62944031 497.11138916 255 64 64
85.60353088 168.63302612 497.09494019 255 64 64
85.59642792 168.63053894 497.09906006 255 64 64
172.65385437 249.58001709 538.15447998 255 64 64
172.65660095 249.57000732 538.16424561 255 64 64
172.65539551 249.56399536 538.15478516 255 64 64
172.65653992 249.55732727 538.16143799 255 64 64
106.95418549 233.93812561 517.30151367 255 64 64
106.94361877 233.94041443 517.30822754 255 64 64
106.95773315 233.93461609 517.30383301 255 64 64
106.94808960 233.93486023 517.30682373 255 64 64
84.51699829 180.23713684 486.60873413 255 64 64
84.51060486 180.23892212 486.61523438 255 64 64
84.50447845 180.24372864 486.60018921 255 64 64
84.49675751 180.24119568 486.60214233 255 64 64
120.31129456 165.12510681 539.06109619 255 64 64
120.29994965 165.12860107 539.06878662 255 64 64
120.30448914 165.12033081 539.04467773 255 64 64
120.29449463 165.12321472 539.04699707 255 64 64
86.23036194 188.75555420 490.23764038 255 64 64
86.22437286 188.75712585 490.24465942 255 64 64
86.22440338 188.75944519 490.23229980 255 64 64
86.21639252 188.75657654 490.23471069 255 64 64
99.50846863 187.35902405 539.56127930 255 64 64
99.50209045 187.36318970 539.57189941 255 64 64
99.50450134 187.36289978 539.55462646 255 64 64
99.49925995 187.36711121 539.55999756 255 64 64
149.57760620 224.15853882 564.12322998 255 64 64
149.58074951 224.14889526 564.13049316 255 64 64
149.58470154 224.14448547 564.12219238 255 64 64
149.58612061 224.14140320 564.12738037 255 64 64
141.22807312 250.38331604 539.58605957 255 64 64
141.22219849 250.37689209 539.59259033 255 64 64
141.22790527 250.36874390 539.58508301 255 64 64
141.22140503 250.36421204 539.58795166 255 64 64
289.47662354 241.76042175 426.68695068 64 255 128
98.56716919 163.76043701 542.56823730 64 255 128
118.16000366 229.74101257 405.85000610 64 255 128
109.17356873 113.77120209 389.87921143 64 255 128
181.27061462 260.39059448 516.79681396 64 255 128
199.78765869 192.62431335 427.10342407 64 255 128
78.23654938 184.20304871 457.27740479 64 255 128
217.41099548 273.96499634 443.63098145 64 255 128
149.45024109 183.36959839 489.75753784 64 255 128
113.35500336 257.79299927 478.63098145 64 255 128
143.38790894 223.00839233 567.28808594 64 255 128
141.39891052 178.16772461 369.62695312 64 255 128
251.56336975 251.42375183 489.24807739 64 255 128
79.11528015 191.24095154 391.01513672 64 255 128
105.11054993 141.86256409 483.03012085 64 255 128
102.31099701 221.35600281 527.43103027 64 255 128
157.41799927 268.68899536 432.08898926 64 255 128
234.39720154 234.24060059 398.70913696 64 255 128
137.71334839 153.94662476 425.35519409 64 255 128
173.10472107 226.74719238 394.50262451 64 255 128
181.86842346 237.17352295 461.50729370 64 255 128
131.44860840 207.40194702 457.04339600 64 255 128
86.03099823 226.83000183 445.82998657 64 255 128
78.65748596 147.87977600 411.87603760 64 255 128
232.84484863 224.44309998 450.95919800 64 255 128
139.41471863 186.10693359 536.19921875 64 255 128
135.57800293 253.19299316 519.80401611 64 255 128
100.43389893 156.50134277 368.96502686 64 255 128
147.75361633 136.48043823 378.99072266 64 255 128
257.67956543 266.51748657 449.95584106 64 255 128
209.75799561 270.13998413 487.54098511 64 255 128
170.17704773 219.55856323 499.92587280 64 255 128
121.80869293 181.20574951 572.91271973 64 255 128
107.97872162 128.28709412 434.58874512 64 255 128
165.69651794 179.19458008 448.78002930 64 255 128
153.43501282 267.57699585 480.22100830 64 255 128
86.80154419 175.11737061 504.58456421 64 255 128
113.33000183 256.98300171 437.60498047 64 255 128
200.87956238 251.69393921 411.96319580 64 255 128
90.56800079 224.84399414 488.65600586 64 255 128
166.52009583 166.44467163 402.34136963 64 255 128
210.88067627 231.46191406 487.15328979 64 255 128
269.63549805 223.89602661 398.61486816 64 255 128
117.81870270 206.99032593 380.44912720 64 255 128
166.54724121 242.99366760 546.18670654 64 255 128
114.53441620 207.50521851 551.22082520 64 255 128
123.14156342 167.91790771 505.93115234 64 255 128
152.71928406 214.53918457 526.16351318 64 255 128
125.82946014 163.00158691 466.04977417 64 255 128
207.34056091 212.62104797 395.36096191 64 255 128
182.57600403 271.03900146 456.97000122 64 255 128
85.17864227 147.50395203 454.19070435 64 255 128
90.89512634 214.82337952 412.03997803 64 255 128
72.79307556 196.15211487 429.95596313 64 255 128
162.44212341 196.03329468 389.62747192 64 255 128
256.67410278 252.28518677 417.93054199 64 255 128
148.31001282 242.12699890 410.89099121 64 255 128
279.05389404 246.82743835 459.09179688 64 255 128
128.76200867 239.40600586 547.99401855 64 255 128
86.52572632 197.78671265 492.12136841 64 255 128
202.87638855 213.29391479 455.47143555 64 255 128
133.17300415 272.33499146 457.17401123 64 255 128
227.57931519 211.32192993 419.10601807 64 255 128
120.13345337 131.91726685 366.16699219 64 255 128
110.31500244 243.03099060 506.01101685 64 255 128
142.95597839 223.46897888 386.40832520 64 255 128
172.87948608 206.77084351 442.66491699 64 255 128
229.54484558 256.54327393 421.06640625 64 255 128
238.34500122 272.93200684 477.52600098 64 255 128
216.84210205 253.67176819 507.87240601 64 255 128
126.11040497 131.30935669 406.32330322 64 255 128
89.52354431 133.99266052 387.56155396 64 255 128
99.80322266 152.12818909 516.04614258 64 255 128
259.52319336 234.26753235 441.04705811 64 255 128
181.50572205 262.23068237 487.08166504 64 255 128
153.17153931 204.56668091 476.09454346 64 255 128
95.94176483 189.70394897 530.80273438 64 255 128
103.98442078 184.25889587 374.21691895 64 255 128
194.13475037 184.96337891 399.60690308 64 255 128
79.12033844 161.95347595 386.68780518 64 255 128
73.64260864 171.20208740 427.55795288 64 255 128
175.12600708 252.77099609 415.98001099 64 255 128
80.88384247 210.97496033 464.61111450 64 255 128
191.17900085 266.96597290 431.55599976 64 255 128
82.97354126 170.64860535 474.92385864 64 255 128
141.86732483 197.01815796 559.57934570 64 255 128
97.44100189 243.43598938 463.81900024 64 255 128
246.27301025 211.56520081 396.12518311 64 255 128
159.49456787 160.37182617 376.71060181 64 255 128
167.32189941 188.93405151 418.02801514 64 255 128
179.64042664 235.04161072 522.61627197 64 255 128
100.02899933 238.89199829 424.85601807 64 255 128
121.73429871 166.10084534 531.92059326 64 255 128
177.53755188 217.53135681 473.62173462 64 255 128
134.13722229 153.22824097 365.52160645 64 255 128
250.98258972 221.09123230 419.39270020 64 255 128
145.41540527 170.04618835 459.29162598 64 255 128
234.09425354 237.36270142 480.19705200 64 255 128
158.50999451 260.48699951 507.60900879 64 255 128
134.37100220 260.63098145 494.67001343 64 255 128
186.78651428 240.69882202 498.29718018 64 255 128
95.77069092 124.60335541 410.84872437 64 255 128
134.93899536 259.69699097 425.82800293 64 255 128
146.13722229 190.94725037 514.80499268 64 255 128
150.32824707 148.10134888 401.50872803 64 255 128
141.57807922 201.63421631 372.98983765 64 255 128
104.98101807 184.30607605 553.63970947 64 255 128
263.50778198 262.18176270 472.15258789 64 255 128
272.99282837 255.88179016 434.80651855 64 255 128
157.99801636 164.12130737 428.62420654 64 255 128
205.94100952 274.19201660 464.96600342 64 255 128
114.02446747 143.62179565 457.69085693 64 255 128
159.47000122 272.08001709 455.69699097 64 255 128
155.87025452 223.61236572 548.47680664 64 255 128
183.47848511 205.75201416 397.66571045 64 255 128
129.58776855 173.99676514 551.63891602 64 255 128
148.23699951 251.92298889 538.76397705 64 255 128
193.43629456 233.47203064 399.00598145 64 255 128
122.07210541 143.55268860 434.12265015 64 255 128
255.45692444 241.80426025 464.69689941 64 255 128
156.96936035 204.13275146 500.45550537 64 255 128
153.74429321 200.03967285 449.17730713 64 255 128
239.78378296 268.17471313 439.60452271 64 255 128
117.25299835 240.36500549 529.24499512 64 255 128
87.14666748 137.84095764 431.44290161 64 255 128
120.05033112 170.86924744 366.72015381 64 255 128
229.14303589 265.14962769 495.20043945 64 255 128
94.65689087 205.18399048 388.06384277 64 255 128
131.31068420 123.54669189 382.80404663 64 255 128
89.66697693 151.37718201 495.79522705 64 255 128
273.63372803 241.98278809 410.31857300 64 255 128
72.31237793 174.82176208 402.61560059 64 255 128
112.61199951 224.89199829 545.56103516 64 255 128
132.17436218 173.58778381 490.89416504 64 255 128
123.89994049 203.44006348 567.55694580 64 255 128
214.77426147 238.55134583 400.80395508 64 255 128
149.12969971 245.99470520 559.41851807 64 255 128
118.92700195 245.94400024 420.14898682 64 255 128
92.64282227 199.80662537 515.15490723 64 255 128
167.36564636 177.82041931 383.90811157 64 255 128
183.56301880 224.09097290 440.54660034 64 255 128
117.55020905 157.00900269 482.28103638 64 255 128
101.50000000 242.88099670 486.05001831 64 255 128
113.00999451 262.92102051 457.07397461 64 255 128
189.79231262 195.71498108 448.75805664 64 255 128
159.22053528 231.26992798 529.30407715 64 255 128
113.11753845 221.29492188 393.91024780 64 255 128
215.45643616 209.92507935 437.85510254 64 255 128
79.13294983 164.13572693 448.77966309 64 255 128
97.25599670 225.91499329 508.41201782 64 255 128
124.61534882 190.31719971 371.10824585 64 255 128
226.71200562 276.22100830 461.36502075 64 255 128
158.87664795 182.32931519 470.68975830 64 255 128
226.21403503 215.26290894 393.80050659 64 255 128
213.14999390 261.29800415 427.21499634 64 255 128
165.22911072 254.76473999 528.15338135 64 255 128
111.64250183 166.19349670 558.08532715 64 255 128
216.87005615 224.29783630 467.99432373 64 255 128
197.49900818 262.88800049 506.08801270 64 255 128
90.88114166 167.90165710 524.65405273 64 255 128
80.95283508 211.31069946 430.93127441 64 255 128
101.27664185 130.27703857 371.98388672 64 255 128
149.85284424 204.50119019 544.62060547 64 255 128
250.95317078 236.76821899 406.24423218 64 255 128
132.00000000 267.73699951 476.09298706 64 255 128
76.57267761 201.99038696 408.75793457 64 255 128
97.78461456 136.23390198 460.89178467 64 255 128
194.31958008 226.88732910 478.71972656 64 255 128
98.28900146 244.88200378 442.96398926 64 255 128
162.67546082 213.30038452 385.77478027 64 255 128
128.57847595 223.01234436 558.33679199 64 255 128
83.04297638 205.59323120 478.94860840 64 255 128
204.44563293 206.18043518 415.58514404 64 255 128
89.51946259 148.52992249 476.32586670 64 255 128
174.33898926 270.18899536 439.39099121 64 255 128
187.10792542 195.84475708 414.27468872 64 255 128
90.18078613 171.25666809 375.17074585 64 255 128
148.85482788 187.65997314 455.31268311 64 255 128
190.84399414 268.57299805 473.29598999 64 255 128
88.47200012 227.86801147 470.92102051 64 255 128
139.95001221 271.71298218 440.41101074 64 255 128
199.55700684 273.83999634 446.44497681 64 255 128
79.52392578 153.39201355 431.54721069 64 255 128
169.14500427 269.59899902 470.70300293 64 255 128
134.60806274 179.11738586 520.34210205 64 255 128
139.09577942 135.25160217 395.03097534 64 255 128
138.79319763 229.76863098 404.09429932 64 255 128
111.47789764 154.57640076 499.41455078 64 255 128
103.55400085 223.08699036 413.52902222 64 255 128
278.41326904 240.03137207 442.04522705 64 255 128
182.52503967 193.72370911 432.27105713 64 255 128
187.55830383 244.72911072 481.60296631 64 255 128
154.83799744 255.65000916 420.08297729 64 255 128
111.91977692 124.87612152 415.03713989 64 255 128
177.03904724 239.85679626 404.53411865 64 255 128
265.25787354 230.20251465 421.60073853 64 255 128
89.64399719 225.13999939 427.11499023 64 255 128
132.30233765 158.18759155 444.89599609 64 255 128
205.36235046 242.93231201 501.59841919 64 255 128
243.76499939 273.41299438 461.15499878 64 255 128
236.47943115 218.12477112 432.30242920 64 255 128
155.82009888 229.95451355 395.76147461 64 255 128
225.40609741 245.08126831 494.62509155 64 255 128
159.39125061 220.77374268 513.90130615 64 255 128
165.51300049 265.15100098 492.29101562 64 255 128
76.83006287 191.93887329 445.91979980 64 255 128
118.75499725 254.14198303 495.13400269 64 255 128
241.27807617 233.64375305 463.12612915 64 255 128
181.27676392 248.00015259 532.68621826 64 255 128
253.22157288 262.10678101 433.56909180 64 255 128
113.43511963 161.94729614 516.44610596 64 255 128
102.23184967 209.30079651 536.26239014 64 255 128
158.38885498 146.99913025 386.32977295 64 255 128
78.78852844 146.22735596 391.39770508 64 255 128
117.06615448 118.05342865 374.90460205 64 255 128
89.21727753 146.34817505 376.44009399 64 255 128
155.38421631 187.96911621 376.76638794 64 255 128
138.70591736 173.57502747 476.42343140 64 255 128
238.79728699 245.06968689 411.39425659 64 255 128
164.14370728 208.06901550 466.69143677 64 255 128
221.33799744 273.19400024 476.66998291 64 255 128
150.02432251 198.00024414 529.95391846 64 255 128
191.02268982 247.45776367 513.76336670 64 255 128
136.69906616 137.53474426 366.01306152 64 255 128
149.69392395 149.78833008 369.32827759 64 255 128
84.98522949 134.72660828 403.57907104 64 255 128
278.81991577 226.95036316 411.20660400 64 255 128
115.19276428 152.43855286 363.84667969 64 255 128
165.22412109 184.40295410 399.53668213 64 255 128
131.84100342 242.82600403 411.34100342 64 255 128
141.62635803 203.83950806 465.15277100 64 255 128
165.40086365 179.54443359 428.89767456 64 255 128
74.19007111 162.27333069 411.68621826 64 255 128
71.56768036 187.39985657 413.85418701 64 255 128
168.57852173 191.75299072 442.24865723 64 255 128
81.81139374 188.13565063 474.69363403 64 255 128
216.18931580 252.00303650 414.45584106 64 255 128
132.13500977 248.73800659 535.72100830 64 255 128
78.43445587 210.73995972 445.11947632 64 255 128
92.75700378 213.24899292 516.58795166 64 255 128
181.98410034 220.16288757 455.36029053 64 255 128
125.01299286 268.44900513 444.48300171 64 255 128
97.06169891 121.88378906 394.46575928 64 255 128
245.46823120 265.07720947 486.74557495 64 255 128
135.55133057 142.45008850 409.93716431 64 255 128
157.22750854 167.71829224 448.13839722 64 255 128
192.59362793 217.37098694 394.10968018 64 255 128
213.85299683 266.07000732 501.79397583 64 255 128
84.98157501 166.57495117 489.99005127 64 255 128
180.04965210 225.41784668 489.97079468 64 255 128
106.37795258 157.29382324 528.83502197 64 255 128
121.90499878 247.98199463 515.50000000 64 255 128
121.01107025 121.62224579 394.04153442 64 255 128
271.28680420 259.09924316 456.09512329 64 255 128
147.57501221 270.48199463 465.01699829 64 255 128
151.69400024 256.33801270 520.50604248 64 255 128
200.21633911 198.98933411 402.30584717 64 255 128
126.70896912 218.04350281 383.61965942 64 255 128
176.02899170 263.21301270 503.73602295 64 255 128
170.31820679 199.73646545 404.96472168 64 255 128
158.25953674 212.69366455 492.12292480 64 255 128
89.72494507 186.58642578 380.00424194 64 255 128
203.81094360 200.37481689 440.83016968 64 255 128
86.05094910 183.36422729 494.72134399 64 255 128
106.95500183 233.93598938 517.30499268 64 255 128
145.40036011 161.74996948 439.38354492 64 255 128
88.35200500 213.77400208 500.93103027 64 255 128
133.72090149 185.21894836 564.26336670 64 255 128
139.40397644 179.65739441 505.44274902 64 255 128
243.50833130 254.04399109 423.15527344 64 255 128
88.05198669 161.21188354 508.04519653 64 255 128
148.42434692 210.64871216 557.68621826 64 255 128
247.19107056 227.36595154 438.64080811 64 255 128
179.26428223 229.52490234 506.25021362 64 255 128
104.98580170 195.00569153 544.85742188 64 255 128
256.98480225 219.53346252 404.87622070 64 255 128
162.59400940 242.91400146 413.86999512 64 255 128
152.30386353 237.02983093 544.52789307 64 255 128
150.84100342 263.97000122 495.71499634 64 255 128
156.87025452 192.79135132 484.30389404 64 255 128
90.13529968 185.74432373 517.07177734 64 255 128
94.73487854 134.82682800 444.30151367 64 255 128
144.04742432 163.41828918 368.78472900 64 255 128
114.70524597 162.79943848 544.73645020 64 255 128
216.37933350 225.22891235 391.45797729 64 255 128
195.52279663 184.14852905 415.51263428 64 255 128
195.39498901 265.91900635 492.13900757 64 255 128
114.05280304 189.30403137 564.06005859 64 255 128
140.71600342 258.67797852 507.50601196 64 255 128
190.16900635 255.24899292 419.76602173 64 255 128
100.02946472 216.22048950 397.52505493 64 255 128
174.67700195 263.80499268 426.57199097 64 255 128
121.91487122 152.01774597 450.01626587 64 255 128
97.11258698 177.78474426 540.36230469 64 255 128
225.27999878 265.22299194 433.50799561 64 255 128
139.11552429 184.94192505 551.12353516 64 255 128
262.42190552 248.69569397 474.11764526 64 255 128
218.89508057 211.82128906 407.77267456 64 255 128
240.04536438 214.13140869 409.13037109 64 255 128
149.41275024 156.43638611 418.19552612 64 255 128
271.58154297 251.94549561 420.95761108 64 255 128
80.19601440 177.60543823 387.99307251 64 255 128
220.39643860 217.33595276 450.34783936 64 255 128
139.15711975 208.69386292 567.81793213 64 255 128
276.44836426 235.11618042 427.02322388 64 255 128
76.25104523 175.22366333 442.65487671 64 255 128
169.45606995 214.80717468 485.67056274 64 255 128
106.02187347 169.26760864 368.57925415 64 255 128
137.05599976 240.28300476 559.95898438 64 255 128
186.99835205 254.19154358 494.57904053 64 255 128
253.78387451 269.49575806 467.08895874 64 255 128
238.92749023 246.38002014 489.47930908 64 255 128
150.82696533 192.90176392 503.00555420 64 255 128
104.68534851 197.24771118 378.15048218 64 255 128
248.74084473 243.74348450 478.59130859 64 255 128
153.78869629 204.01867676 379.96087646 64 255 128
122.13060760 134.06860352 421.12524414 64 255 128
190.95967102 234.03265381 449.88226318 64 255 128
162.60554504 190.91963196 459.57278442 64 255 128
155.57583618 174.83801270 376.73364258 64 255 128
101.05331421 146.94657898 501.84143066 64 255 128
96.44243622 129.33876038 428.28155518 64 255 128
159.11311340 157.88604736 408.70150757 64 255 128
131.42057800 174.95382690 537.01129150 64 255 128
104.52999878 251.45301819 455.58801270 64 255 128
130.69596863 226.65934753 393.46099854 64 255 128
80.14151001 174.96868896 464.10882568 64 255 128
231.26399231 273.87600708 448.05398560 64 255 128
152.86828613 230.18046570 560.42706299 64 255 128
122.93799591 267.73101807 466.20700073 64 255 128
124.47000122 261.96099854 485.74099731 64 255 128
82.63162231 160.04508972 463.68289185 64 255 128
222.30825806 230.83192444 479.20263672 64 255 128
92.29899597 236.46099854 453.67898560 64 255 128
84.58799744 221.15299988 457.80200195 64 255 128
73.66362762 183.64735413 430.81768799 64 255 128
225.01251221 243.96420288 409.08810425 64 255 128
191.91438293 221.20057678 465.62542725 64 255 128
107.08934021 142.11448669 366.88284302 64 255 128
123.70537567 170.25685120 520.39361572 64 255 128
91.86100006 235.01699829 436.96499634 64 255 128
175.90585327 214.44232178 389.27462769 64 255 128
142.28099060 253.90800476 416.36801147 64 255 128
246.88816833 226.24578857 398.86605835 64 255 128
142.67536926 212.74552917 379.46166992 64 255 128
152.94299316 271.90100098 444.36999512 64 255 128
186.74627686 247.12701416 409.19683838 64 255 128
168.86111450 227.84387207 520.42871094 64 255 128
153.20051575 201.56677246 519.05670166 64 255 128
203.55923462 220.48817444 470.66061401 64 255 128
87.12855530 207.88049316 401.10955811 64 255 128
166.96340942 171.47328186 416.47232056 64 255 128
138.78099060 247.49900818 547.33099365 64 255 128
110.95433807 176.68658447 565.39111328 64 255 128
164.50245667 157.11067200 390.85977173 64 255 128
155.07267761 213.68626404 538.18829346 64 255 128
107.68055725 139.48722839 468.79296875 64 255 128
123.45234680 170.80769348 562.15704346 64 255 128
268.07708740 242.80635071 455.54684448 64 255 128
127.86799622 255.06600952 504.17001343 64 255 128
106.96599579 255.21900940 467.54000854 64 255 128
104.22064209 119.66547394 378.38455200 64 255 128
285.91995239 236.99209595 415.28057861 64 255 128
84.86100006 217.33200073 478.38000488 64 255 128
99.11700439 234.83900452 495.60299683 64 255 128
108.69004059 133.36941528 450.75439453 64 255 128
190.73027039 210.51371765 450.22885132 64 255 128
164.13449097 235.39427185 404.30664062 64 255 128
171.94169617 236.95025635 532.74237061 64 255 128
165.96400452 259.46701050 517.82000732 64 255 128
75.74594879 158.56011963 399.07666016 64 255 128
134.94619751 165.98977661 460.01129150 64 255 128
121.35900116 227.72799683 556.70501709 64 255 128
123.08100128 257.89898682 429.67501831 64 255 128
94.11299896 236.46000671 478.15002441 64 255 128
279.43350220 252.67457581 447.83020020 64 255 128
239.37940979 256.91033936 495.98403931 64 255 128
249.63087463 233.85687256 451.02258301 64 255 128
88.84153748 158.73443604 375.52947998 64 255 128
145.06900024 266.58499146 430.24502563 64 255 128
215.24513245 207.85980225 424.64486694 64 255 128
265.01181030 234.17816162 405.57794189 64 255 128
115.86931610 137.05583191 441.13400269 64 255 128
205.44999695 270.51998901 436.00399780 64 255 128
160.49485779 251.36878967 538.77435303 64 255 128
106.46700287 248.76699829 431.29699707 64 255 128
104.58167267 118.61164856 404.45077515 64 255 128
149.43347168 177.53225708 476.79312134 64 255 128
137.46769714 189.78298950 369.96716309 64 255 128
204.89334106 230.62878418 396.91644287 64 255 128
187.82757568 253.70875549 524.04718018 64 255 128
274.17431641 255.18617249 467.49487305 64 255 128
228.30448914 228.37979126 467.17227173 64 255 128
108.38800049 236.57299805 416.25402832 64 255 128
204.12757874 254.87258911 511.12460327 64 255 128
228.82437134 253.71313477 502.04293823 64 255 128
214.69400024 275.44400024 456.58801270 64 255 128
201.56103516 194.38038635 414.22250366 64 255 128
72.31156921 176.56707764 416.01119995 64 255 128
86.80381012 135.95277405 416.67526245 64 255 128
192.28382874 195.26864624 393.50503540 64 255 128
202.09201050 270.68298340 478.24600220 64 255 128
124.81097412 166.05302429 479.47558594 64 255 128
200.86599731 258.74600220 423.94198608 64 255 128
74.53870392 203.46939087 423.01812744 64 255 128
199.58599854 235.01782227 491.86605835 64 255 128
117.57546997 154.55297852 465.23242188 64 255 128
128.48652649 143.34526062 422.56597900 64 255 128
82.76358032 209.54054260 414.85260010 64 255 128
124.63423157 193.25477600 573.38562012 64 255 128
101.80870819 171.29319763 551.24707031 64 255 128
109.04000092 247.28298950 494.70999146 64 255 128
266.93768311 261.02725220 444.01354980 64 255 128
129.30018616 179.16950989 367.49218750 64 255 128
285.22308350 248.12867737 436.68276978 64 255 128
160.28817749 194.85856628 472.76422119 64 255 128
111.25715637 195.40428162 554.51214600 64 255 128
151.29612732 224.56661987 524.40441895 64 255 128
194.95249939 192.13253784 438.82061768 64 255 128
151.40875244 224.17297363 536.15881348 64 255 128
188.06298828 271.81900024 444.74499512 64 255 128
171.36900330 271.38598633 450.73800659 64 255 128
167.46942139 189.36105347 381.51596069 64 255 128
193.91999817 272.53500366 459.70599365 64 255 128
79.87288666 200.42247009 460.78253174 64 255 128
107.34751892 207.57818604 542.05090332 64 255 128
124.39531708 142.86349487 364.53820801 64 255 128
81.44279480 152.00875854 444.23928833 64 255 128
172.21110535 214.80761719 460.19299316 64 255 128
137.11672974 128.70538330 373.63644409 64 255 128
236.92799377 223.37600708 394.47406006 64 255 128
148.71662903 140.22386169 392.17599487 64 255 128
77.21384430 164.72985840 435.87576294 64 255 128
257.83166504 259.87036133 482.33810425 64 255 128
119.61699677 236.79800415 540.07800293 64 255 128
225.24699402 270.47601318 487.26599121 64 255 128
141.63603210 187.40652466 526.24676514 64 255 128
105.93618774 208.85313416 383.69296265 64 255 128
154.84912109 249.57717896 549.26300049 64 255 128
134.40686035 196.71046448 568.06176758 64 255 128
178.72300720 266.78402710 476.53100586 64 255 128
72.95782471 191.09729004 401.42123413 64 255 128
89.38051605 195.58705139 501.74011230 64 255 128
163.34648132 171.37309265 437.56494141 64 255 128
265.98358154 223.68850708 411.73291016 64 255 128
248.35418701 269.19876099 447.30441284 64 255 128
96.07788086 139.67552185 473.74667358 64 255 128
262.39608765 257.75070190 428.59490967 64 255 128
119.22586823 161.79534912 494.47253418 64 255 128
141.67399597 265.00201416 486.98602295 64 255 128
129.46284485 206.29103088 376.02691650 64 255 128
122.78080750 211.31913757 559.60375977 64 255 128
131.50698853 266.21301270 435.02398682 64 255 128
252.02581787 267.83703613 478.14770508 64 255 128
146.51499939 272.60900879 453.74899292 64 255 128
173.50968933 220.72273254 448.69604492 64 255 128
95.64065552 159.79319763 531.67419434 64 255 128
94.98041534 197.02409363 524.56469727 64 255 128
184.27278137 225.69610596 394.67053223 64 255 128
145.25088501 192.03416443 545.35797119 64 255 128
76.97988129 202.31074524 448.52899170 64 255 128
234.51817322 210.19024658 399.32125854 64 255 128
84.37391663 158.95159912 474.89398193 64 255 128
116.99417877 182.23815918 369.46572876 64 255 128
109.67499542 229.27799988 530.67498779 64 255 128
96.35105896 143.71278381 490.31027222 64 255 128
130.88233948 167.20278931 365.43450928 64 255 128
170.13034058 175.22373962 396.14074707 64 255 128
262.31179810 244.50669861 412.01068115 64 255 128
149.69937134 234.21421814 405.11105347 64 255 128
163.79347229 167.45903015 384.39065552 64 255 128
98.40299988 212.82200623 533.87597656 64 255 128
141.38392639 179.44911194 494.35208130 64 255 128
160.16754150 191.18917847 449.07678223 64 255 128
202.26448059 242.73211670 404.03015137 64 255 128
95.09088898 126.50826263 381.75457764 64 255 128
169.46368408 207.63566589 394.33959961 64 255 128
152.81871033 206.72413635 464.43786621 64 255 128
152.50975037 213.50982666 510.66564941 64 255 128
83.70231628 182.56327820 481.37506104 64 255 128
184.58819580 237.82984924 513.23651123 64 255 128
163.51741028 205.19654846 450.87646484 64 255 128
226.31736755 212.98129272 430.78280640 64 255 128
102.88800049 249.36500549 475.95401001 64 255 128
205.94010925 202.47006226 428.60968018 64 255 128
82.08239746 145.33445740 422.81060791 64 255 128
125.78445435 123.41706085 370.69772339 64 255 128
129.51612854 128.37727356 395.21057129 64 255 128
216.68724060 238.60920715 493.30172729 64 255 128
194.60359192 205.89443970 394.23941040 64 255 128
75.96454620 155.78187561 420.27062988 64 255 128
87.52189636 156.05763245 486.33938599 64 255 128
133.18479919 218.21777344 564.88708496 64 255 128
236.41018677 262.38619995 429.47317505 64 255 128
131.54736328 174.45283508 508.10855103 64 255 128
105.61399841 252.97599792 444.06802368 64 255 128
104.00818634 123.48384094 423.47326660 64 255 128
157.14495850 214.77685547 503.06613159 64 255 128
88.26766205 188.68681335 506.57467651 64 255 128
196.74728394 248.98905945 502.63052368 64 255 128
169.99728394 223.04034424 510.64205933 64 255 128
143.62100220 253.53598022 527.09002686 64 255 128
166.87998962 267.81298828 481.92700195 64 255 128
164.50900269 260.14700317 421.58499146 64 255 128
158.73699951 270.20498657 468.01000977 64 255 128
165.37303162 179.80690002 409.70199585 64 255 128
279.63363647 249.45281982 427.50988770 64 255 128
223.81678772 235.40495300 396.55169678 64 255 128
127.19499969 248.37200928 524.82202148 64 255 128
117.92086792 198.06951904 375.06063843 64 255 128
217.04299927 275.09298706 467.04400635 64 255 128
85.94190979 142.45484924 443.25222778 64 255 128
183.34001160 226.57098389 476.15118408 64 255 128
93.71192169 136.96548462 377.40917969 64 255 128
84.86879730 200.40226746 484.38882446 64 255 128
190.77680969 193.94705200 404.13211060 64 255 128
164.29100037 271.14297485 442.70397949 64 255 128
256.58764648 229.75067139 429.10324097 64 255 128
88.43779755 196.02072144 384.98651123 64 255 128
186.42160034 236.77792358 487.68145752 64 255 128
179.32788086 199.14613342 443.26303101 64 255 128
176.90254211 196.32522583 418.43185425 64 255 128
129.21600342 233.16900635 406.74499512 64 255 128
114.07662964 121.57030487 402.97647095 64 255 128
158.11802673 175.64721680 459.78976440 64 255 128
129.89994812 150.76026917 432.80300903 64 255 128
82.57651520 200.15098572 395.00561523 64 255 128
91.83018494 178.53369141 526.17687988 64 255 128
143.24336243 148.80909729 409.62283325 64 255 128
132.13400269 252.32299805 418.44799805 64 255 128
172.65821838 249.56309509 538.15838623 64 255 128
80.41201782 194.77613831 466.85629272 64 255 128
98.15115356 145.77880859 370.83068848 64 255 128
204.46815491 226.48271179 480.35473633 64 255 128
174.10693359 257.14923096 523.58557129 64 255 128
268.21520996 239.05323792 445.12622070 64 255 128
191.19723511 257.56619263 511.76947021 64 255 128
263.02569580 264.67074585 462.41629028 64 255 128
124.13692474 167.43545532 544.47741699 64 255 128
238.97071838 215.60549927 421.56909180 64 255 128
119.50699615 237.94700623 411.97601318 64 255 128
154.14456177 219.87440491 386.35272217 64 255 128
249.09620667 245.46455383 411.85980225 64 255 128
173.21400452 269.87698364 461.14099121 64 255 128
112.41999817 221.48600769 408.51000977 64 255 128
112.08206177 126.12635040 369.57138062 64 255 128
125.08103180 158.08682251 364.04937744 64 255 128
97.43199921 229.37100220 421.91799927 64 255 128
275.48989868 234.34919739 403.66271973 64 255 128
112.47746277 147.43292236 474.95123291 64 255 128
111.58261108 149.33129883 486.37731934 64 255 128
198.15827942 201.89022827 449.49487305 64 255 128
268.10208130 236.40174866 433.89404297 64 255 128
92.29769897 158.40846252 520.44805908 64 255 128
150.24140930 198.28315735 464.45458984 64 255 128
89.72998047 143.94880676 466.06118774 64 255 128
204.39642334 208.16223145 405.20928955 64 255 128
164.64375305 208.96549988 477.12976074 64 255 128
160.75962830 238.25228882 539.68127441 64 255 128
186.27719116 235.59313965 474.50720215 64 255 128
258.76712036 237.82785034 451.58566284 64 255 128
88.74269867 172.37496948 516.27465820 64 255 128
187.23320007 243.55627441 522.01965332 64 255 128
184.85989380 228.68348694 464.28479004 64 255 128
126.64939117 170.90620422 498.32513428 64 255 128
159.03659058 152.56071472 397.74594116 64 255 128
137.59899902 270.81201172 466.32501221 64 255 128
131.39758301 176.44995117 527.96362305 64 255 128
164.28965759 221.72923279 390.30136108 64 255 128
181.48001099 269.25500488 466.83200073 64 255 128
210.68568420 218.33197021 462.01623535 64 255 128
180.82774353 232.45837402 449.78521729 64 255 128
241.77206421 235.01524353 404.91390991 64 255 128
155.35108948 254.17483521 529.65069580 64 255 128
84.69799805 222.33801270 435.36999512 64 255 128
154.00363159 145.00064087 377.17263794 64 255 128
279.56973267 244.70693970 418.59799194 64 255 128
230.24565125 212.44548035 408.79238892 64 255 128
146.92100525 195.52659607 452.48898315 64 255 128
143.10780334 232.48550415 563.07012939 64 255 128
227.61047363 217.51252747 440.49621582 64 255 128
86.13935852 161.69757080 498.36807251 64 255 128
184.53698730 262.11801147 425.95098877 64 255 128
210.59449768 211.80676270 448.84002686 64 255 128
141.90299988 267.83999634 475.31597900 64 255 128
155.75741577 203.99771118 510.31387329 64 255 128
216.57469177 214.52726746 397.09484863 64 255 128
90.92206573 128.16625977 399.88885498 64 255 128
73.88748932 169.87210083 393.93676758 64 255 128
90.80699921 233.68499756 463.28601074 64 255 128
191.22184753 190.65325928 421.85168457 64 255 128
153.35240173 213.37664795 548.23236084 64 255 128
187.12464905 261.57730103 504.35430908 64 255 128
111.49069214 161.73368835 365.40811157 64 255 128
85.30799866 215.97399902 427.43200684 64 255 128
102.41600037 233.98500061 506.31701660 64 255 128
186.04391479 212.19198608 389.23315430 64 255 128
258.70751953 228.16435242 400.31176758 64 255 128
152.51861572 220.20829773 559.14343262 64 255 128
99.51198578 187.36138916 539.55700684 64 255 128
77.39789581 147.36352539 401.35293579 64 255 128
179.64721680 212.64721680 438.45764160 64 255 128
116.14599609 262.85400391 444.88998413 64 255 128
157.93569946 202.83618164 489.88055420 64 255 128
115.37812805 161.57026672 506.74563599 64 255 128
165.80197144 191.50418091 407.52352905 64 255 128
92.03122711 152.31701660 507.89224243 64 255 128
145.33834839 229.10874939 394.03158569 64 255 128
144.83520508 194.19288635 536.01696777 64 255 128
106.48719025 158.97485352 539.57061768 64 255 128
120.34100342 264.09597778 474.82998657 64 255 128
285.19796753 243.52146912 447.73446655 64 255 128
240.98197937 229.59596252 451.37161255 64 255 128
109.12699890 251.33898926 484.48397827 64 255 128
75.97947693 181.33000183 396.33129883 64 255 128
240.13299561 272.25598145 451.50198364 64 255 128
81.87366486 150.69900513 383.10043335 64 255 128
224.85200500 225.67988586 395.63333130 64 255 128
238.42631531 223.47123718 440.88494873 64 255 128
122.21399689 268.91299438 456.68701172 64 255 128
214.09019470 245.37223816 502.36599731 64 255 128
211.97651672 244.94857788 408.65844727 64 255 128
268.93820190 247.88026428 465.06912231 64 255 128
140.64147949 183.99328613 515.50469971 64 255 128
90.76267242 140.46853638 455.27429199 64 255 128
244.44822693 238.98924255 470.83868408 64 255 128
120.03398895 227.90635681 398.71865845 64 255 128
115.50459290 130.71415710 426.61395264 64 255 128
119.45600128 250.52699280 504.80096436 64 255 128
159.63414001 205.25791931 388.38430786 64 255 128
216.46299744 268.64498901 434.75299072 64 255 128
101.46355438 217.56866455 407.53738403 64 255 128
208.58601379 275.14700317 449.27499390 64 255 128
244.73333740 263.16125488 432.32470703 64 255 128
84.98348236 152.14251709 466.63607788 64 255 128
144.30099487 259.42199707 424.01998901 64 255 128
146.01431274 186.54179382 374.08581543 64 255 128
123.65298462 118.47901917 383.77447510 64 255 128
105.33399963 220.50199890 536.37200928 64 255 128
93.49900055 220.38600159 419.88198853 64 255 128
153.85351562 206.10517883 528.29217529 64 255 128
168.79284668 188.23583984 428.03833008 64 255 128
140.16200256 237.81399536 408.90899658 64 255 128
139.49121094 130.22085571 386.57699585 64 255 128
140.69239807 205.97654724 458.52371216 64 255 128
111.75076294 189.55685425 373.68200684 64 255 128
182.71214294 201.34579468 406.12619019 64 255 128
159.77497864 197.07473755 379.28326416 64 255 128
203.28199768 266.29998779 497.24200439 64 255 128
171.54299927 245.37699890 411.42700195 64 255 128
151.94143677 167.16029358 373.44476318 64 255 128
226.24406433 237.44876099 485.63360596 64 255 128
86.69699860 216.33799744 489.05798340 64 255 128
220.19592285 258.85894775 423.64172363 64 255 128
267.60806274 255.39237976 477.06408691 64 255 128
133.71199036 272.11801147 447.84899902 64 255 128
282.31274414 238.98364258 433.01895142 64 255 128
181.98419189 211.41612244 447.14907837 64 255 128
149.91299438 258.21600342 511.54202271 64 255 128
153.19096375 236.76187134 554.31958008 64 255 128
209.69172668 255.76356506 420.14221191 64 255 128
222.34628296 222.15081787 459.63925171 64 255 128
193.69499207 267.01300049 483.06500244 64 255 128
148.17416382 195.17181396 374.73757935 64 255 128
148.81216431 165.89553833 449.65414429 64 255 128
254.48495483 218.10087585 396.11563110 64 255 128
236.33000183 270.52700806 488.89700317 64 255 128
182.25100708 267.83300781 435.26199341 64 255 128
208.94584656 262.18731689 508.49719238 64 255 128
115.88399506 241.65501404 520.24499512 64 255 128
200.55599976 221.34454346 394.72372437 64 255 128
107.19211578 215.58566284 389.56057739 64 255 128
235.26200867 274.90298462 469.10598755 64 255 128
98.61399841 243.81600952 432.45800781 64 255 128
97.76586151 177.63273621 373.84774780 64 255 128
230.97242737 248.65007019 414.50555420 64 255 128
93.88552856 171.15019226 534.45495605 64 255 128
83.89734650 173.56175232 484.43698120 64 255 128
98.24399567 243.34800720 454.71298218 64 255 128
132.03263855 198.01907349 374.12026978 64 255 128
115.96900177 252.56401062 427.61401367 64 255 128
177.60754395 218.46066284 482.82617188 64 255 128
121.29799652 167.90141296 552.75817871 64 255 128
116.71605682 197.85475159 561.44940186 64 255 128
96.94042206 164.62336731 370.92700195 64 255 128
162.41799927 252.46398926 416.20199585 64 255 128
143.81437683 142.05728149 400.02511597 64 255 128
128.09599304 233.95500183 558.08697510 64 255 128
225.98999023 270.94097900 440.52697754 64 255 128
199.00558472 186.92689514 407.52206421 64 255 128
189.12913513 224.32672119 446.84161377 64 255 128
72.39180756 197.24125671 415.54605103 64 255 128
154.73759460 183.67608643 481.81698608 64 255 128
244.66598511 222.03999329 430.90063477 64 255 128
100.33760834 198.08934021 535.39294434 64 255 128
124.80899811 244.01100159 538.07995605 64 255 128
114.93936157 162.73846436 525.09564209 64 255 128
146.93542480 139.83164978 370.61080933 64 255 128
166.99606323 182.58796692 440.52725220 64 255 128
174.46600342 265.69302368 492.38500977 64 255 128
107.71099854 243.24299622 423.33901978 64 255 128
168.09199524 268.09399414 433.32498169 64 255 128
82.03138733 215.25645447 442.77621460 64 255 128
189.27017212 239.56181335 404.41354370 64 255 128
153.24555969 191.33735657 492.20312500 64 255 128
146.41374207 187.09677124 505.78701782 64 255 128
115.37686920 215.79612732 548.16888428 64 255 128
121.91999817 263.11099243 438.01400757 64 255 128
212.45098877 272.65997314 477.42700195 64 255 128
83.29502869 169.02072144 380.69683838 64 255 128
138.36758423 163.94868469 450.65200806 64 255 128
94.76499939 227.24899292 497.33599854 64 255 128
252.64790344 255.74496460 425.27987671 64 255 128
110.23799896 229.84799194 410.71701050 64 255 128
136.01390076 180.82104492 542.40356445 64 255 128
187.93563843 255.09393311 485.81076050 64 255 128
132.24436951 168.53073120 471.34164429 64 255 128
166.85281372 186.08769226 390.39871216 64 255 128
105.17539978 151.40629578 508.75659180 64 255 128
95.50199890 234.23098755 486.60900879 64 255 128
96.54799652 214.97300720 525.37298584 64 255 128
101.72262573 131.74522400 440.44915771 64 255 128
127.44648743 177.83329773 565.72943115 64 255 128
247.74838257 215.10922241 404.44140625 64 255 128
86.22489929 188.75227356 490.22619629 64 255 128
258.70529175 225.29766846 419.37301636 64 255 128
114.15900421 261.25198364 469.26901245 64 255 128
177.20895386 224.93069458 498.16769409 64 255 128
175.64067078 228.87100220 514.13598633 64 255 128
84.60855865 142.54722595 383.90112305 64 255 128
152.76339722 174.97784424 466.32672119 64 255 128
244.39199829 273.32101440 469.90600586 64 255 128
273.78350830 230.37899780 419.38095093 64 255 128
122.49382019 221.55401611 390.83065796 64 255 128
224.39610291 261.08215332 500.64843750 64 255 128
249.00213623 237.45338440 461.48715210 64 255 128
131.39239502 206.33697510 571.42468262 64 255 128
138.03361511 158.81993103 438.71151733 64 255 128
261.60559082 251.49824524 482.57864380 64 255 128
251.17337036 269.92175293 456.17654419 64 255 128
86.38050842 177.08882141 380.60998535 64 255 128
182.41165161 263.45828247 496.24966431 64 255 128
239.09640503 213.13938904 391.57135010 64 255 128
119.18350983 127.09425354 407.41616821 64 255 128
161.90266418 164.77836609 414.34371948 64 255 128
74.74605560 183.77914429 440.76626587 64 255 128
197.04798889 270.82699585 438.11099243 64 255 128
218.95199585 267.82400513 495.01400757 64 255 128
107.96805573 177.41790771 370.51605225 64 255 128
277.22839355 242.70698547 451.46319580 64 255 128
284.51214600 235.05737305 423.71398926 64 255 128
234.64227295 233.63783264 471.88287354 64 255 128
107.27945709 147.94532776 494.63104248 64 255 128
234.11422729 239.33427429 406.75253296 64 255 128
77.69766998 190.09321594 453.49087524 64 255 128
115.67157745 114.44564056 382.76867676 64 255 128
82.90111542 138.96125793 392.41543579 64 255 128
128.95660400 130.27171326 366.44876099 64 255 128
74.06607056 192.30566406 436.80944824 64 255 128
149.34103394 160.94390869 430.36282349 64 255 128
181.72167969 232.49673462 399.54492188 64 255 128
95.29460907 193.76202393 379.71151733 64 255 128
141.45864868 148.25767517 366.86611938 64 255 128
153.09538269 163.95422363 440.16668701 64 255 128
132.69999695 134.85755920 403.35110474 64 255 128
72.57943726 187.77656555 423.28213501 64 255 128
115.39237213 143.90150452 365.21551514 64 255 128
120.80399323 232.54499817 547.36700439 64 255 128
150.09500122 270.48400879 436.04000854 64 255 128
141.93769836 177.52018738 485.01705933 64 255 128
73.72837067 182.52113342 405.09771729 64 255 128
230.31100464 272.99899292 480.29000854 64 255 128
135.80155945 218.75512695 383.64221191 64 255 128
72.11406708 166.74516296 403.77191162 64 255 128
161.27546692 210.36920166 484.83688354 64 255 128
131.87500000 254.09999084 512.23999023 64 255 128
92.53100586 221.06900024 503.32098389 64 255 128
166.93400574 261.35800171 507.56198120 64 255 128
100.06699371 225.10301208 516.35302734 64 255 128
147.84201050 250.50801086 547.16998291 64 255 128
153.68499756 262.55398560 424.81500244 64 255 128
157.18099976 237.17799377 410.86001587 64 255 128
75.15052795 163.65100098 422.09170532 64 255 128
75.81381989 205.92755127 434.27050781 64 255 128
142.95401001 261.54800415 497.39099121 64 255 128
165.43914795 181.64347839 419.33291626 64 255 128
198.15499878 271.70800781 470.55499268 64 255 128
119.04630280 159.11222839 474.72012329 64 255 128
133.40567017 205.90203857 463.74450684 64 255 128
260.31152344 261.50076294 436.98022461 64 255 128
84.06200409 219.19299316 470.23199463 64 255 128
126.71999359 257.53997803 496.21099854 64 255 128
112.55458069 135.41900635 366.31704712 64 255 128
110.28700256 258.85000610 449.35400391 64 255 128
100.99932098 179.53303528 547.67297363 64 255 128
102.02999878 117.78709412 386.50317383 64 255 128
191.03044128 245.98835754 489.77285767 64 255 128
122.54393768 165.30702209 489.02838135 64 255 128
153.80718994 156.83567810 371.41006470 64 255 128
140.98800659 246.08500671 413.72601318 64 255 128
161.32299805 262.80999756 499.13098145 64 255 128
216.81486511 209.21699524 415.98251343 64 255 128
177.94752502 220.88757324 465.03948975 64 255 128
81.46487427 158.03599548 454.86865234 64 255 128
156.23428345 160.55430603 417.61996460 64 255 128
161.97459412 183.43951416 463.24865723 64 255 128
107.63739777 163.55549622 551.48968506 64 255 128
124.81600189 253.21701050 422.22299194 64 255 128
223.07800293 276.06600952 453.92797852 64 255 128
127.58271027 210.88980103 565.66491699 64 255 128
153.65592957 211.09529114 517.20233154 64 255 128
224.64227295 211.78100586 401.30603027 64 255 128
240.44989014 241.92036438 481.76638794 64 255 128
163.87167358 169.50680542 424.83572388 64 255 128
276.67172241 225.75665283 403.32458496 64 255 128
83.20782471 144.53805542 432.62106323 64 255 128
179.78445435 229.12538147 455.83718872 64 255 128
161.45573425 182.78674316 379.10174561 64 255 128
153.48657227 211.88507080 379.96173096 64 255 128
173.55743408 235.24757385 399.25723267 64 255 128
153.00700378 248.19900513 413.82299805 64 255 128
85.17929840 175.54095459 495.35867310 64 255 128
93.77701569 212.07199097 397.17529297 64 255 128
169.50942993 173.67967224 405.93127441 64 255 128
106.11461639 156.32849121 520.83465576 64 255 128
212.46865845 225.33682251 475.45730591 64 255 128
104.68499756 120.85038757 413.33422852 64 255 128
131.12707520 170.55447388 480.20846558 64 255 128
135.86599731 148.42056274 417.32015991 64 255 128
182.80500793 249.99099731 415.38598633 64 255 128
236.78031921 253.74063110 419.13723755 64 255 128
111.04100037 234.40499878 524.44201660 64 255 128
146.25210571 200.38505554 553.89276123 64 255 128
199.29000854 266.49798584 430.58200073 64 255 128
107.66968536 217.56619263 542.90148926 64 255 128
142.79598999 245.41799927 555.42895508 64 255 128
265.64297485 263.03030396 452.47219849 64 255 128
186.08300781 265.15499878 479.65100098 64 255 128
225.81700134 275.60800171 469.42202759 64 255 128
180.36416626 240.30331421 530.57348633 64 255 128
89.10489655 208.52407837 501.86544800 64 255 128
144.47378540 214.42181396 564.45635986 64 255 128
115.16744232 162.32888794 534.63751221 64 255 128
152.18878174 233.51762390 535.73132324 64 255 128
188.73202515 243.99200439 506.91635132 64 255 128
118.53753662 175.64054871 568.12298584 64 255 128
142.51217651 171.99971008 467.67092896 64 255 128
183.23062134 233.27716064 497.52700806 64 255 128
135.59887695 181.76049805 557.45617676 64 255 128
125.59117126 151.58653259 442.34478760 64 255 128
128.25563049 228.73486328 399.83853149 64 255 128
207.41134644 224.20097351 392.36022949 64 255 128
155.08879089 146.65303040 393.88922119 64 255 128
118.65574646 215.49984741 386.37197876 64 255 128
156.66549683 196.83665466 465.89663696 64 255 128
149.71047974 179.21186829 373.01382446 64 255 128
91.27184296 148.04869080 484.50445557 64 255 128
126.46800232 246.44599915 416.08801270 64 255 128
185.42221069 194.39714050 440.01214600 64 255 128
159.65899658 256.90200806 523.83898926 64 255 128
212.00512695 209.99740601 403.77032471 64 255 128
203.17900085 274.58099365 455.15298462 64 255 128
117.59999847 257.87197876 485.42300415 64 255 128
233.44027710 228.84222412 460.21435547 64 255 128
134.15269470 176.28239441 499.43112183 64 255 128
129.48428345 137.35943604 411.15151978 64 255 128
93.83699799 238.51600647 446.11297607 64 255 128
210.04933167 250.27769470 508.00384521 64 255 128
171.98307800 212.81658936 476.11312866 64 255 128
199.56323242 213.17185974 395.39175415 64 255 128
108.33117676 182.45590210 560.66503906 64 255 128
235.94400024 274.98098755 457.71499634 64 255 128
96.31800079 241.96000671 471.57299805 64 255 128
110.77610016 116.17426300 397.60656738 64 255 128
94.89262390 182.33244324 532.99682617 64 255 128
152.70587158 141.23049927 384.05941772 64 255 128
166.85835266 167.01261902 392.18383789 64 255 128
247.49372864 258.09301758 491.35879517 64 255 128
152.63111877 206.06915283 537.47229004 64 255 128
188.30552673 216.53372192 457.96420288 64 255 128
163.93435669 230.14973450 395.64428711 64 255 128
151.40600586 261.06701660 504.10998535 64 255 128
75.77008057 154.29618835 408.85675049 64 255 128
136.12001038 251.43701172 528.61700439 64 255 128
105.68383026 174.57348633 557.33215332 64 255 128
91.44199371 229.51799011 481.69699097 64 255 128
131.96421814 212.41459656 379.72485352 64 255 128
78.17422485 159.32485962 440.50476074 64 255 128
164.44960022 191.04005432 396.12234497 64 255 128
165.37310791 218.30657959 506.08218384 64 255 128
111.71003723 202.79580688 378.10861206 64 255 128
82.10738373 208.85333252 471.45446777 64 255 128
89.21707153 164.37161255 515.87701416 64 255 128
256.48489380 221.16108704 412.76611328 64 255 128
87.19699860 228.22099304 455.47000122 64 255 128
164.67741394 201.21156311 395.51141357 64 255 128
135.05053711 173.65705872 367.09750366 64 255 128
276.99847412 254.34925842 457.93045044 64 255 128
125.83421326 158.24627686 455.59991455 64 255 128
190.51911926 261.26574707 495.11523438 64 255 128
131.51200867 264.59100342 483.45800781 64 255 128
123.57948303 212.15750122 380.19909668 64 255 128
156.49600220 265.48999023 490.49600220 64 255 128
159.03247070 152.98619080 378.62551880 64 255 128
117.72689056 187.68447876 570.68249512 64 255 128
82.66120911 185.57359314 386.45974731 64 255 128
78.65613556 171.39454651 453.74600220 64 255 128
287.34481812 240.93469238 438.58172607 64 255 128
196.38966370 216.54170227 458.54043579 64 255 128
251.31195068 224.94360352 426.60217285 64 255 128
228.25192261 240.04122925 401.06607056 64 255 128
72.06720734 169.76896667 412.49530029 64 255 128
257.98171997 238.29450989 408.46832275 64 255 128
123.10448456 126.92314148 399.75976562 64 255 128
150.55667114 194.68879700 511.23583984 64 255 128
74.86185455 201.08312988 439.48010254 64 255 128
192.79333496 249.87353516 413.09335327 64 255 128
108.59127045 136.70808411 459.36474609 64 255 128
162.14900208 268.67498779 475.86798096 64 255 128
101.66699982 248.25300598 449.15399170 64 255 128
127.95746613 173.41606140 513.64782715 64 255 128
130.49610901 173.61288452 544.01403809 64 255 128
126.98453522 123.55692291 389.52188110 64 255 128
159.98765564 226.60234070 522.30633545 64 255 128
89.83571625 130.65826416 407.81051636 64 255 128
161.39915466 195.15434265 443.51354980 64 255 128
141.69927979 155.82493591 367.62805176 64 255 128
194.97395325 231.83515930 485.39306641 64 255 128
114.62219238 155.37593079 491.72973633 64 255 128
188.29440308 199.88833618 399.89447021 64 255 128
149.16683960 152.80700684 409.56448364 64 255 128
144.86312866 135.27233887 387.32162476 64 255 128
84.00691223 139.52195740 410.18499756 64 255 128
113.75000000 242.77000427 512.85198975 64 255 128
213.59623718 231.85473633 396.85449219 64 255 128
97.16727448 141.49125671 481.88833618 64 255 128
178.94966125 219.09643555 394.34896851 64 255 128
188.93901062 270.09698486 464.97698975 64 255 128
193.55128479 226.03150940 396.45281982 64 255 128
122.64685059 217.84465027 555.12701416 64 255 128
256.30661011 245.60241699 471.58428955 64 255 128
106.56900787 220.11616516 400.26354980 64 255 128
228.16737366 261.28939819 427.23486328 64 255 128
187.22738647 230.15998840 456.38851929 64 255 128
98.63632965 137.28996277 371.23934937 64 255 128
264.48831177 253.87483215 419.70593262 64 255 128
77.10468292 197.66226196 399.87048340 64 255 128
134.28300476 241.91999817 552.59002686 64 255 128
142.22810364 170.57879639 368.86929321 64 255 128
156.99919128 242.25416565 547.22766113 64 255 128
172.92993164 242.37768555 540.39031982 64 255 128
190.53324890 191.20005798 429.65496826 64 255 128
207.95899963 265.68200684 430.60897827 64 255 128
144.73422241 204.26950073 560.38018799 64 255 128
233.45999146 269.68099976 442.11798096 64 255 128
84.28163147 163.62507629 482.03918457 64 255 128
136.95713806 230.89140320 395.09948730 64 255 128
202.06600952 268.00799561 489.17800903 64 255 128
144.03013611 156.10505676 423.76058960 64 255 128
281.36499023 231.13885498 418.06787109 64 255 128
90.75702667 203.95562744 504.22192383 64 255 128
206.79516602 235.46751404 492.70257568 64 255 128
81.59154510 203.59504700 402.43438721 64 255 128
129.73399353 270.91598511 465.15100098 64 255 128
134.46551514 226.59194946 561.12945557 64 255 128
146.58096313 206.55264282 375.83322144 64 255 128
106.29699707 149.60719299 366.68490601 64 255 128
127.84519958 185.57550049 571.62524414 64 255 128
117.57046509 149.44006348 454.37731934 64 255 128
89.92317200 132.39138794 422.75994873 64 255 128
189.82798767 272.06701660 453.38500977 64 255 128
249.01318359 217.75688171 411.52966309 64 255 128
101.50700378 249.24198914 466.36599731 64 255 128
178.20799255 258.97299194 422.00000000 64 255 128
231.95358276 241.62745667 487.54238892 64 255 128
232.20225525 249.22624207 496.77615356 64 255 128
119.38619232 144.18539429 442.00881958 64 255 128
73.17510986 177.29180908 432.93652344 64 255 128
162.14462280 172.04258728 446.76300049 64 255 128
236.41596985 265.25122070 493.25933838 64 255 128
172.78300476 260.91098022 515.03997803 64 255 128
129.72035217 175.94639587 558.66668701 64 255 128
96.21482849 184.74308777 375.66894531 64 255 128
178.20199585 271.27700806 447.64501953 64 255 128
221.29634094 249.41943359 503.08883667 64 255 128
105.60300446 240.18499756 500.93502808 64 255 128
103.45944977 116.00054932 394.18093872 64 255 128
92.59799957 232.55500793 429.95797729 64 255 128
118.90278625 166.13504028 514.50469971 64 255 128
169.36187744 199.77413940 443.90435791 64 255 128
167.02301025 271.22100830 456.79000854 64 255 128
181.28959656 212.83155823 456.02957153 64 255 128
185.29452515 217.80172729 444.51184082 64 255 128
138.11602783 189.89392090 560.52911377 64 255 128
174.49118042 191.76635742 434.25146484 64 255 128
262.71423340 221.81988525 397.17535400 64 255 128
114.78900146 234.40499878 534.96899414 64 255 128
80.03314209 184.88061523 466.81692505 64 255 128
189.44737244 254.71517944 502.02340698 64 255 128
159.72027588 206.70318604 459.56259155 64 255 128
163.96699524 265.27099609 427.85501099 64 255 128
162.20783997 158.77519226 399.41192627 64 255 128
153.42298889 271.99301147 459.96298218 64 255 128
203.57734680 199.50862122 419.55551147 64 255 128
142.17500305 255.95399475 514.22204590 64 255 128
86.61340332 167.65676880 505.43157959 64 255 128
185.64401245 202.24595642 447.77056885 64 255 128
252.49755859 266.18316650 440.93475342 64 255 128
163.99040222 215.66244507 498.78274536 64 255 128
245.80862427 246.40975952 485.17089844 64 255 128
158.58392334 199.84878540 481.27047729 64 255 128
76.40602875 158.90606689 428.86563110 64 255 128
115.82574463 142.75376892 449.49719238 64 255 128
110.19183350 126.41861725 426.27114868 64 255 128
152.96810913 190.02532959 450.16192627 64 255 128
279.52294922 252.41076660 437.72964478 64 255 128
210.24099731 268.32299805 494.63098145 64 255 128
97.27962494 155.98703003 525.65960693 64 255 128
100.00366211 202.72492981 382.76324463 64 255 128
159.13999939 258.86398315 515.25701904 64 255 128
94.26338959 153.37272644 371.76464844 64 255 128
152.76065063 220.61421204 515.63079834 64 255 128
84.40727997 192.39950562 483.97396851 64 255 128
254.46200562 248.63926697 482.82131958 64 255 128
170.40834045 210.91622925 465.36477661 64 255 128
106.30200195 228.72898865 524.22796631 64 255 128
126.22181702 169.22569275 538.14166260 64 255 128
113.35765076 146.36158752 466.10919189 64 255 128
137.74244690 182.84008789 528.90167236 64 255 128
134.76475525 145.32446289 365.50262451 64 255 128
143.71936035 190.60803223 552.57891846 64 255 128
202.46147156 217.44543457 463.21081543 64 255 128
78.64748383 153.82044983 388.86022949 64 255 128
153.78738403 170.31898499 455.98971558 64 255 128
117.69284821 116.87499237 389.65536499 64 255 128
147.30390930 218.62876892 382.94967651 64 255 128
83.74399567 219.74000549 448.91699219 64 255 128
153.18800354 269.28601074 472.58099365 64 255 128
103.88399506 230.89900208 416.26400757 64 255 128
235.46818542 213.48156738 415.54748535 64 255 128
92.52505493 132.91250610 433.85501099 64 255 128
282.58044434 232.93431091 409.94607544 64 255 128
119.17041016 137.36729431 431.71853638 64 255 128
242.70230103 218.63880920 394.57553101 64 255 128
141.22499084 250.37300110 539.58203125 64 255 128
218.51783752 234.23445129 487.28265381 64 255 128
93.25405121 127.68440247 417.54968262 64 255 128
192.97901917 183.04493713 407.36056519 64 255 128
102.23484802 186.41636658 545.93603516 64 255 128
173.74707031 193.12559509 423.54089355 64 255 128
204.33674622 207.95762634 446.47540283 64 255 128
256.92172241 267.85214233 459.20169067 64 255 128
207.66656494 250.89279175 412.39303589 64 255 128
170.78559875 215.43292236 452.97430420 64 255 128
82.77786255 158.00309753 381.92398071 64 255 128
149.49479675 207.67167664 550.88067627 64 255 128
140.82899475 272.95898438 447.45901489 64 255 128
222.39773560 248.70806885 414.11270142 64 255 128
113.17600250 229.60501099 540.18597412 64 255 128
149.46697998 237.44259644 561.72821045 64 255 128
166.00900269 186.96328735 449.16955566 64 255 128
194.29995728 239.39411926 491.03552246 64 255 128
207.87782288 237.03414917 398.51165771 64 255 128
155.20791626 245.56486511 556.64416504 64 255 128
247.90945435 250.44596863 417.07077026 64 255 128
152.51161194 228.06765747 544.99169922 64 255 128
196.93255615 221.83158875 473.06347656 64 255 128
149.58543396 224.14263916 564.12164307 64 255 128
198.76504517 242.66557312 498.44754028 64 255 128
87.42099762 227.41000366 463.16702271 64 255 128
167.32975769 231.85482788 526.36065674 64 255 128
273.24835205 252.98550415 428.13156128 64 255 128
196.26927185 245.87521362 406.30975342 64 255 128
201.74290466 247.50007629 506.86187744 64 255 128
191.51799011 261.43099976 424.70800781 64 255 128
273.62222290 257.03799438 449.36349487 64 255 128
89.22483063 137.39842224 439.22894287 64 255 128
76.92328644 179.32318115 450.06961060 64 255 128
94.92422485 215.83531189 404.49847412 64 255 128
93.86300659 218.24600220 511.66998291 64 255 128
78.66548920 209.35418701 453.07174683 64 255 128
132.00738525 184.92410278 370.29077148 64 255 128
136.59411621 178.69258118 511.62426758 64 255 128
149.29968262 204.59883118 456.83926392 64 255 128
154.27593994 196.92192078 498.78781128 64 255 128
120.30813599 165.11488342 539.04925537 64 255 128
112.80890656 171.32455444 367.23242188 64 255 128
177.68479919 199.98422241 410.88043213 64 255 128
199.73034668 194.75650024 434.50720215 64 255 128
98.53582001 149.40626526 509.42431641 64 255 128
129.63099670 261.36499023 430.25000000 64 255 128
207.43806458 205.91470337 422.61624146 64 255 128
202.44158936 200.14370728 410.50863647 64 255 128
126.13104248 170.75588989 529.37847900 64 255 128
86.58061218 180.90032959 501.84112549 64 255 128
142.80490112 134.35328674 371.90808105 64 255 128
117.23524475 128.40025330 417.23507690 64 255 128
180.24438477 253.77398682 528.92199707 64 255 128
133.50627136 127.34564972 388.43206787 64 255 128
92.61599731 236.07499695 470.49099731 64 255 128
77.72391510 167.53288269 443.39688110 64 255 128
89.78863525 205.85545349 394.00799561 64 255 128
72.66566467 179.17506409 424.25906372 64 255 128
107.54299927 256.52398682 459.39498901 64 255 128
267.32946777 221.29382324 405.12750244 64 255 128
134.30323792 178.15130615 548.14221191 64 255 128
106.56800079 237.10099792 511.02297974 64 255 128
113.45237732 131.74754333 434.67944336 64 255 128
120.21178436 195.79872131 568.71246338 64 255 128
114.33072662 170.60723877 564.71234131 64 255 128
160.09700012 267.38699341 483.61398315 64 255 128
196.83360291 191.21226501 398.06732178 64 255 128
85.60449219 168.62899780 497.08883667 64 255 128
135.58726501 162.17657471 366.73989868 64 255 128
171.06326294 252.78231812 532.35528564 64 255 128
185.51055908 194.06506348 424.24987793 64 255 128
97.98666382 171.87393188 543.74151611 64 255 128
188.60723877 257.94738770 518.77648926 64 255 128
141.43699646 271.77798462 460.58300781 64 255 128
81.54432678 178.73500061 471.20709229 64 255 128
108.60368347 203.39070129 545.04492188 64 255 128
98.47336578 120.95244598 401.60052490 64 255 128
100.36793518 134.00274658 453.90286255 64 255 128
156.24012756 192.87162781 455.45477295 64 255 128
260.89669800 241.69276428 458.90423584 64 255 128
162.01390076 174.46423340 381.07980347 64 255 128
244.62699890 270.33297729 484.24200439 64 255 128
81.17987061 140.11381531 399.23840332 64 255 128
87.92608643 131.51831055 394.49691772 64 255 128
131.53601074 245.36700439 541.73303223 64 255 128
78.76827240 179.19303894 460.03558350 64 255 128
283.90563965 249.29644775 443.59408569 64 255 128
82.09200287 217.35600281 462.99401855 64 255 128
268.40075684 233.48399353 426.70300293 64 255 128
72.80469513 169.19534302 419.93576050 64 255 128
80.83413696 168.19963074 460.65957642 64 255 128
94.70628357 146.39503479 496.84655762 64 255 128
209.44715881 206.99000549 435.59866333 64 255 128
110.06111145 155.85275269 507.51364136 64 255 128
151.71215820 217.89616394 520.36022949 64 255 128
204.99501038 273.44400024 442.27499390 64 255 128
219.36199951 263.64599609 430.41400146 64 255 128
199.03448486 206.85636902 399.51535034 64 255 128
138.22000122 263.96499634 430.05899048 64 255 128
141.56739807 194.80929565 372.08486938 64 255 128
155.37101746 203.96897888 469.73434448 64 255 128
267.42919922 261.42474365 466.07385254 64 255 128
186.80821228 232.85191345 480.64605713 64 255 128
89.23699951 232.26499939 448.45599365 64 255 128
222.50234985 213.97778320 437.34704590 64 255 128
145.81541443 183.66123962 498.33517456 64 255 128
145.74838257 192.71867371 526.57531738 64 255 128
113.14900208 252.36099243 489.90499878 64 255 128
125.05587769 149.62303162 364.95809937 64 255 128
123.75691223 140.07615662 426.91546631 64 255 128
244.46371460 218.90045166 423.57199097 64 255 128
129.62641907 163.25633240 460.65081787 64 255 128
150.15634155 197.14860535 521.74572754 64 255 128
244.94053650 240.19989014 408.19146729 64 255 128
245.07499695 272.26199341 476.76300049 64 255 128
121.37100220 244.61599731 525.89001465 64 255 128
127.05199432 271.00302124 452.39199829 64 255 128
212.13999939 272.15899658 439.73602295 64 255 128
108.14399719 253.30400085 478.05300903 64 255 128
138.88285828 199.77285767 457.81494141 64 255 128
222.26243591 227.89811707 470.62097168 64 255 128
180.88400269 262.67498779 511.00897217 64 255 128
168.92236328 215.49899292 389.48260498 64 255 128
259.09713745 265.91928101 469.47607422 64 255 128
202.69213867 230.51138306 487.33209229 64 255 128
135.57679749 174.72813416 485.91961670 64 255 128
161.25418091 152.90191650 385.29928589 64 255 128
101.27999878 247.91899109 437.14099121 64 255 128
105.42858124 134.72239685 368.72274780 64 255 128
215.14349365 261.62402344 505.01644897 64 255 128
171.21629333 213.66921997 443.83670044 64 255 128
266.87066650 258.28500366 433.56970215 64 255 128
119.78102112 125.53517151 368.50076294 64 255 128
181.15299988 270.50701904 441.61401367 64 255 128
87.60699463 220.63600159 483.92999268 64 255 128
275.51562500 255.57667542 442.76486206 64 255 128
173.64089966 234.23735046 526.74243164 64 255 128
103.13330078 138.60925293 473.69744873 64 255 128
175.35620117 193.19937134 441.19326782 64 255 128
197.85598755 188.12794495 420.71292114 64 255 128
113.63786316 211.58003235 384.08511353 64 255 128
269.51596069 248.95478821 415.17953491 64 255 128
174.62342834 224.36468506 504.26150513 64 255 128
251.85241699 231.02540588 441.55096436 64 255 128
214.00749207 215.86555481 455.78164673 64 255 128
96.26094055 171.40953064 371.92721558 64 255 128
139.33934021 207.00311279 376.20233154 64 255 128
135.23809814 179.61326599 534.59210205 64 255 128
98.30799866 230.07800293 502.70199585 64 255 128
98.32199860 219.87600708 520.20397949 64 255 128
226.25726318 220.62150574 450.94555664 64 255 128
91.02892303 156.72396851 513.99316406 64 255 128
173.66149902 205.09570312 399.90393066 64 255 128
157.39888000 167.79913330 377.72677612 64 255 128
136.88699341 259.34799194 500.73898315 64 255 128
73.04423523 196.39772034 408.24179077 64 255 128
80.99639130 201.81796265 468.89044189 64 255 128
158.32800293 272.19302368 449.10699463 64 255 128
136.48649597 127.16108704 380.19479370 64 255 128
199.50947571 254.10627747 418.56280518 64 255 128
194.18664551 246.19152832 495.63873291 64 255 128
267.19186401 241.18266296 408.82238770 64 255 128
221.45967102 209.39801025 421.97958374 64 255 128
86.46528625 211.92520142 409.94204712 64 255 128
118.47536469 204.20301819 559.95123291 64 255 128
93.04540253 204.96730042 513.89337158 64 255 128
77.98703003 206.92024231 419.93579102 64 255 128
98.72399902 242.32199097 480.01098633 64 255 128
145.17718506 231.61077881 401.60006714 64 255 128
79.41635132 150.92663574 424.52731323 64 255 128
110.74335480 189.67713928 558.41400146 64 255 128
177.84365845 245.43836975 410.71386719 64 255 128
154.31298828 217.44537354 553.36724854 64 255 128
101.08801270 211.60414124 388.76980591 64 255 128
167.85241699 172.90498352 389.85406494 64 255 128
230.34948730 226.17704773 398.83370972 64 255 128
139.47450256 216.16342163 568.09881592 64 255 128
165.76931763 176.99971008 436.38079834 64 255 128
158.36984253 233.74835205 401.62161255 64 255 128
140.09100342 268.73901367 434.28701782 64 255 128
124.95500183 251.31898499 510.62899780 64 255 128
233.38072205 214.32398987 425.74966431 64 255 128
150.32695007 227.62590027 531.83648682 64 255 128
76.78464508 153.14424133 395.43301392 64 255 128
155.44857788 207.92501831 484.67044067 64 255 128
155.42437744 226.18392944 556.03808594 64 255 128
97.30699921 216.35800171 414.61499023 64 255 128
206.68399048 272.53198242 473.83499146 64 255 128
250.86531067 230.49279785 402.02142334 64 255 128
183.38215637 235.67192078 507.20083618 64 255 128
221.95892334 255.82667542 504.59152222 64 255 128
115.76886749 164.09677124 552.41015625 64 255 128
87.66199493 228.25700378 435.38400269 64 255 128
174.96299744 266.46102905 481.96499634 64 255 128
82.25093842 165.97181702 468.84274292 64 255 128
164.37034607 249.21302795 543.31524658 64 255 128
145.23899841 254.96501160 520.12597656 64 255 128
114.35499573 239.39801025 415.93301392 64 255 128
241.17182922 251.05104065 493.18957520 64 255 128
113.10894775 137.22419739 449.55264282 64 255 128
271.91180420 225.71075439 413.23434448 64 255 128
231.07032776 210.98869324 393.37005615 64 255 128
139.35884094 202.21562195 566.29132080 64 255 128
175.83399963 268.41101074 433.22698975 64 255 128
126.37114716 137.17356873 417.88314819 64 255 128
85.38299561 211.19099426 492.92700195 64 255 128
114.72599792 248.62399292 500.66101074 64 255 128
78.61022186 200.32121277 453.30755615 64 255 128
98.36753082 199.76531982 530.66925049 64 255 128
155.00807190 219.79032898 541.63940430 64 255 128
86.56001282 214.21081543 420.40347290 64 255 128
241.05856323 250.20599365 415.23611450 64 255 128
234.27122498 266.51245117 436.19204712 64 255 128
102.26712036 191.35365295 377.88070679 64 255 128
219.42332458 242.17291260 406.58914185 64 255 128
262.78024292 246.10169983 465.33209229 64 255 128
196.35327148 197.13523865 445.03128052 64 255 128
118.41077423 158.32717896 364.32723999 64 255 128
244.54757690 232.86178589 456.30499268 64 255 128
154.03149414 226.61755371 390.46408081 64 255 128
128.02087402 121.50497437 376.57595825 64 255 128
187.10116577 251.16378784 479.81518555 64 255 128
196.90129089 239.43528748 403.02236938 64 255 128
260.19998169 232.77566528 433.50271606 64 255 128
138.65850830 139.20597839 401.58581543 64 255 128
122.79086304 163.87927246 365.77523804 64 255 128
126.36700439 239.26899719 411.26000977 64 255 128
219.50288391 243.59963989 496.90295410 64 255 128
127.40300751 268.59399414 471.55200195 64 255 128
164.26791382 214.07136536 490.14083862 64 255 128
117.52200317 227.56999207 549.97302246 64 255 128
83.27734375 200.96795654 479.64968872 64 255 128
133.34600830 270.10900879 439.88800049 64 255 128
233.57078552 260.23864746 497.05978394 64 255 128
188.74871826 263.16677856 484.62200928 64 255 128
175.27305603 215.35958862 466.43807983 64 255 128
175.95700073 220.31274414 489.31393433 64 255 128
186.09518433 246.83029175 527.25109863 64 255 128
124.74914551 197.75775146 374.33047485 64 255 128
99.01052094 125.32940674 420.13833618 64 255 128
83.18391418 142.12428284 416.65936279 64 255 128
163.01179504 163.11766052 406.48773193 64 255 128
155.71060181 253.08892822 535.85742188 64 255 128
131.70611572 125.86404419 371.57730103 64 255 128
155.41798401 152.91929626 403.41128540 64 255 128
170.94087219 182.94731140 385.09054565 64 255 128
250.88163757 242.66847229 471.48831177 64 255 128
131.40844727 222.04275513 387.22265625 64 255 128
84.50946808 180.23861694 486.59622192 64 255 128
116.09600067 264.50299072 462.50997925 64 255 128
100.15631104 125.25199127 376.01669312 64 255 128
141.27723694 187.14128113 543.10577393 64 255 128
168.60299683 250.34300232 414.29299927 64 255 128
141.67675781 130.96383667 380.46182251 64 255 128
115.58248138 152.72198486 474.82177734 64 255 128
240.89913940 226.61396790 399.76229858 64 255 128
223.29248047 210.53977966 414.40426636 64 255 128
251.74349976 260.24588013 486.86520386 64 255 128
186.77185059 228.90406799 470.31286621 64 255 128
82.71405029 152.30139160 451.35971069 64 255 128
134.42001343 153.91973877 431.50482178 64 255 128
125.01378632 184.18420410 369.98870850 64 255 128
222.74400330 274.79800415 447.64700317 64 255 128
162.14488220 158.68043518 382.51483154 64 255 128
93.08029938 126.47940063 393.67037964 64 255 128
144.05364990 240.91052246 559.14166260 64 255 128
101.42560577 144.55720520 494.10836792 64 255 128
155.47521973 150.09553528 373.80490112 64 255 128
86.64759827 155.89767456 479.83337402 64 255 128
115.49399567 246.39601135 507.67098999 64 255 128
131.59121704 149.35621643 425.60546875 64 255 128
123.58365631 163.41069031 472.12921143 64 255 128
164.26300049 237.40699768 411.08200073 64 255 128
210.24288940 208.54461670 409.99160767 64 255 128
93.51966095 190.71322632 524.65954590 64 255 128
195.36100769 264.49600220 500.28698730 64 255 128
223.73069763 255.18679810 419.54061890 64 255 128
188.40759277 207.85704041 394.34344482 64 255 128
191.20796204 190.99536133 415.27896118 64 255 128
88.58899689 217.85800171 496.03500366 64 255 128
153.73648071 156.33686829 412.15097046 64 255 128
104.18777466 135.85261536 464.04003906 64 255 128
72.38054657 177.40095520 409.27612305 64 255 128
162.37759399 179.97647095 456.37130737 64 255 128
151.36499023 266.11199951 486.76699829 64 255 128
167.05480957 238.81286621 538.99853516 64 255 128
215.36305237 213.18859863 444.27264404 64 255 128
227.83677673 225.36996460 459.62588501 64 255 128
156.41297913 207.79133606 496.02581787 64 255 128
270.29058838 231.22654724 401.48217773 64 255 128
255.53277588 247.22532654 413.98526001 64 255 128
89.70545197 179.68885803 518.23400879 64 255 128
76.74718475 160.91210938 392.99710083 64 255 128
258.94287109 233.81452942 403.93170166 64 255 128
109.51815033 121.44093323 373.18585205 64 255 128
147.24899292 250.86500549 413.86499023 64 255 128
231.10005188 219.16036987 394.30780029 64 255 128
158.61479187 188.08377075 478.45733643 64 255 128
127.82642365 156.79089355 447.90493774 64 255 128
285.05282593 246.10702515 427.54711914 64 255 128
121.25309753 155.51760864 457.20922852 64 255 128
88.74341583 183.98338318 510.72628784 64 255 128
101.79899597 239.99400330 493.10202026 64 255 128
260.85189819 264.11874390 444.26638794 64 255 128
181.09590149 224.36892700 470.04864502 64 255 128
180.56164551 211.65934753 392.95629883 64 255 128
138.22300720 256.88101196 420.19702148 64 255 128
165.93540955 235.07220459 532.76220703 64 255 128
153.64668274 215.28454590 532.73626709 64 255 128
182.86801147 255.40000916 419.69100952 64 255 128
146.11999512 235.96099854 409.83700562 64 255 128
126.81199646 265.23501587 479.30999756 64 255 128
145.97900391 271.91000366 442.21899414 64 255 128
149.66900635 253.29101562 532.78704834 64 255 128
180.04431152 218.67335510 438.43975830 64 255 128
80.00453186 158.03454590 446.49905396 64 255 128
207.51400757 270.87701416 481.41699219 64 255 128
95.18054962 136.58009338 453.53781128 64 255 128
248.91999817 271.89599609 464.39801025 64 255 128
130.37533569 192.63825989 570.93859863 64 255 128
274.96148682 248.71731567 465.78759766 64 255 128
153.81675720 197.57403564 376.82055664 64 255 128
130.85299683 262.14901733 489.19000244 64 255 128
191.31410217 203.74957275 450.43188477 64 255 128
94.03314209 139.89469910 467.32080078 64 255 128
71.39160156 189.26757812 407.56179810 64 255 128
84.59700012 213.44799805 483.92199707 64 255 128
103.97146606 161.23171997 544.72503662 64 255 128
219.09118652 218.59548950 392.88912964 64 255 128
168.31700134 263.99600220 497.75601196 64 255 128
127.13560486 172.16569519 364.94363403 64 255 128
74.86840057 171.99453735 434.26345825 64 255 128
285.97463989 242.79231262 421.52108765 64 255 128
164.54574585 185.43692017 454.69329834 64 255 128
106.55881500 218.45434570 408.17343140 64 255 128
202.01020813 236.01179504 399.04638672 64 255 128
107.52694702 155.16882324 513.53405762 64 255 128
83.77999878 222.35000610 442.12600708 64 255 128
188.69699097 269.02600098 436.88500977 64 255 128
271.07595825 251.28898621 473.38174438 64 255 128
143.14498901 252.06100464 533.11999512 64 255 128
130.61618042 138.73960876 365.06872559 64 255 128
192.28543091 189.12869263 408.02957153 64 255 128
82.98014832 207.38270569 407.46179199 64 255 128
162.65888977 252.78669739 533.13842773 64 255 128
110.87820435 116.03012085 379.24417114 64 255 128
187.38410950 230.27995300 398.36492920 64 255 128
90.10049438 212.71287537 403.80197144 64 255 128
124.12328339 136.65353394 364.93740845 64 255 128
240.49778748 211.35766602 400.02325439 64 255 128
130.88392639 142.55659485 416.08367920 64 255 128
113.87705994 177.37820435 366.94537354 64 255 128
93.27142334 197.46621704 519.08306885 64 255 128
143.93600464 159.12545776 431.19445801 64 255 128
144.30537415 176.57156372 478.73040771 64 255 128
152.58651733 209.74105835 542.72552490 64 255 128
200.48558044 192.84109497 407.80917358 64 255 128
103.27404785 198.35040283 540.40466309 64 255 128
107.88100433 253.25399780 438.32098389 64 255 128
94.01846313 198.90296936 383.14718628 64 255 128
175.56414795 208.93072510 394.85696411 64 255 128
140.13339233 184.34306335 370.73965454 64 255 128
96.17599487 238.60499573 430.19900513 64 255 128
79.52333069 171.45886230 385.11550903 64 255 128
120.19499969 240.43699646 535.11694336 64 255 128
219.27534485 209.85081482 432.26541138 64 255 128
86.58406067 151.74644470 377.37145996 64 255 128
148.39500427 268.12899780 476.30200195 64 255 128
214.65800476 275.35000610 450.37298584 64 255 128
198.58215332 256.15454102 508.79382324 64 255 128
75.93977356 175.45666504 392.78887939 64 255 128
238.85273743 237.17941284 474.44052124 64 255 128
282.65560913 248.10543823 453.91989136 64 255 128
230.33999634 269.79898071 490.66998291 64 255 128
87.04121399 146.43655396 461.15588379 64 255 128
121.96431732 166.08160400 499.43518066 64 255 128
117.52819061 224.35107422 394.80776978 64 255 128
93.37744141 148.91459656 502.57379150 64 255 128
130.23779297 199.13468933 571.71600342 64 255 128
278.41244507 238.32084656 411.15386963 64 255 128
245.12554932 268.28375244 441.97802734 64 255 128
153.56576538 161.36962891 424.97460938 64 255 128
163.63810730 224.04084778 517.64599609 64 255 128
186.52876282 236.21534729 455.05853271 64 255 128
103.23799896 244.46398926 427.36102295 64 255 128
239.27917480 257.40994263 425.14108276 64 255 128
100.80999756 246.82299805 459.96697998 64 255 128
154.35873413 251.30175781 541.31329346 64 255 128
172.46900940 257.19799805 419.28900146 64 255 128
146.74838257 193.93244934 458.27929688 64 255 128
241.60705566 215.25799561 415.11703491 64 255 128
247.74613953 258.16601562 427.18606567 64 255 128
219.75900269 271.34002686 482.29101562 64 255 128
123.08841705 178.10437012 367.16766357 64 255 128
92.76667023 166.65246582 530.23687744 64 255 128
258.68750000 256.04272461 422.48245239 64 255 128
167.63946533 210.66094971 455.06744385 64 255 128
75.71958923 164.76741028 428.72332764 64 255 128
122.90900421 253.69099426 500.86300659 64 255 128
127.54200745 247.46299744 531.89099121 64 255 128
212.98536682 218.36346436 393.89633179 64 255 128
87.52876282 172.40483093 510.13226318 64 255 128
180.56794739 233.15261841 513.77923584 64 255 128
216.66841125 228.96412659 479.79064941 64 255 128
232.14100647 243.45591736 411.17095947 64 255 128
154.57707214 181.42160034 376.21530151 64 255 128
182.62573242 238.72737122 402.28637695 64 255 128
108.98765564 142.72019958 474.96511841 64 255 128
109.73320770 154.76884460 365.40585327 64 255 128
96.63594818 204.47750854 524.71154785 64 255 128
77.53120422 185.69055176 392.51403809 64 255 128
136.33399963 266.49499512 480.26699829 64 255 128
170.56953430 179.30564880 391.51492310 64 255 128
210.41583252 220.70060730 468.42395020 64 255 128
109.51300049 224.62899780 540.34503174 64 255 128
190.41090393 248.46180725 520.15307617 64 255 128
147.83599854 256.41998291 420.11700439 64 255 128
114.68142700 200.79319763 556.23315430 64 255 128
170.43612671 196.77021790 410.39285278 64 255 128
204.65800476 264.90899658 502.97497559 64 255 128
93.22419739 132.10867310 381.99667358 64 255 128
276.29028320 238.28536987 436.58624268 64 255 128
174.26998901 220.26983643 495.06451416 64 255 128
121.77364349 130.61912537 414.49847412 64 255 128
249.12413025 217.62879944 393.77960205 64 255 128
220.50891113 238.97216797 400.85708618 64 255 128
199.63916016 188.19671631 414.10287476 64 255 128
137.52722168 224.15362549 565.03375244 64 255 128
258.55322266 262.89453125 477.53140259 64 255 128
124.61235046 202.65437317 377.40341187 64 255 128
134.85746765 131.45317078 394.25213623 64 255 128
154.19104004 178.85914612 474.35098267 64 255 128
109.29162598 197.82623291 549.92767334 64 255 128
169.85380554 187.80487061 437.47064209 64 255 128
105.60400391 246.39500427 488.70501709 64 255 128
111.70999908 247.36000061 425.14199829 64 255 128
100.62818909 121.56195831 408.06790161 64 255 128
147.96656799 155.42308044 369.68157959 64 255 128
125.07799530 233.52499390 552.90802002 64 255 128
77.48223114 173.12625122 448.57507324 64 255 128
78.72946930 208.98188782 432.13409424 64 255 128
87.09099579 222.48500061 476.25601196 64 255 128
96.02524567 123.71040344 387.15475464 64 255 128
84.73983765 163.48191833 379.10638428 64 255 128
158.66799927 271.38500977 440.63299561 64 255 128
161.79418945 246.19184875 548.83551025 64 255 128
143.68003845 186.21305847 510.93847656 64 255 128
154.35548401 211.45480347 504.40036011 64 255 128
106.94429016 131.10855103 442.14144897 64 255 128
162.39270020 191.56114197 379.14999390 64 255 128
215.55699158 269.95401001 489.02999878 64 255 128
203.07257080 197.84063721 430.86480713 64 255 128
272.30215454 223.14961243 407.55059814 64 255 128
199.61000061 268.66497803 483.75799561 64 255 128
150.07525635 172.60073853 373.22982788 64 255 128
126.86145020 146.12724304 429.88717651 64 255 128
147.05499268 264.27798462 491.10699463 64 255 128
184.87001038 267.80398560 471.52600098 64 255 128
156.01300049 242.43800354 413.42700195 64 255 128
101.46538544 158.42973328 536.39550781 64 255 128
233.95808411 258.82238770 424.68963623 64 255 128
128.05715942 170.96481323 492.83096313 64 255 128
86.45768738 160.39881897 491.08898926 64 255 128
185.58883667 219.85795593 392.66290283 64 255 128
228.60382080 232.63385010 398.08959961 64 255 128
202.55200195 262.65399170 509.76199341 64 255 128
197.45819092 201.04161072 396.26565552 64 255 128
142.55467224 163.38867188 446.69723511 64 255 128
104.07004547 163.74855042 367.73684692 64 255 128
81.50147247 194.52232361 472.54376221 64 255 128
124.80200195 229.51400757 405.20797729 64 255 128
101.86814880 213.43800354 535.74896240 64 255 128
108.69300842 122.76506042 419.98681641 64 255 128
150.58897400 187.00126648 495.40136719 64 255 128
201.62699890 273.74301147 460.81201172 64 255 128
273.11627197 244.69261169 457.07861328 64 255 128
158.09233093 165.62426758 438.89682007 64 255 128
169.71243286 231.36430359 398.13659668 64 255 128
161.36405945 168.36360168 430.76321411 64 255 128
205.12370300 254.62657166 416.81585693 64 255 128
142.94956970 152.61743164 417.44601440 64 255 128
101.57011414 129.70188904 433.57745361 64 255 128
105.94146729 126.83792114 371.34558105 64 255 128
122.69806671 119.73477173 374.51568604 64 255 128
217.47724915 246.83474731 411.45947266 64 255 128
148.93162537 200.45898438 540.18670654 64 255 128
165.68228149 176.56021118 414.85852051 64 255 128
210.00260925 227.75352478 481.13519287 64 255 128
87.23137665 204.93531799 494.39941406 64 255 128
228.90699768 275.77798462 454.73300171 64 255 128
72.71946716 183.00663757 416.89538574 64 255 128
178.40556335 226.82731628 446.71884155 64 255 128
135.80200195 248.92799377 415.33599854 64 255 128
166.22254944 195.62324524 402.64328003 64 255 128
76.46617126 184.55232239 448.72247314 64 255 128
137.48545837 227.19471741 390.27590942 64 255 128
154.33152771 230.05265808 551.99676514 64 255 128
121.16225433 158.43014526 464.18307495 64 255 128
127.18400574 271.06799316 458.96597290 64 255 128
210.33700562 274.05102539 468.86300659 64 255 128
149.25450134 180.20785522 483.79891968 64 255 128
135.02400208 257.25399780 507.43801880 64 255 128
95.50300598 241.23199463 436.70800781 64 255 128
81.36862946 150.30972290 437.92199707 64 255 128
122.18300629 242.59201050 414.99200439 64 255 128
132.65199280 229.43699646 403.80599976 64 255 128
177.27589417 246.13743591 537.37921143 64 255 128
102.95532227 205.39955139 537.14727783 64 255 128
165.56900024 271.40399170 448.41198730 64 255 128
273.61462402 240.25561523 446.10946655 64 255 128
288.78460693 240.10589600 432.77636719 64 255 128
95.99618530 163.06878662 537.37261963 64 255 128
261.88180542 231.70771790 427.14160156 64 255 128
161.63784790 186.69418335 469.25317383 64 255 128
132.09590149 192.24848938 371.02050781 64 255 128
112.46102905 184.17797852 566.27862549 64 255 128
150.96847534 221.39886475 527.46228027 64 255 128
143.85409546 207.44734192 463.33200073 64 255 128
183.23887634 230.27799988 489.52651978 64 255 128
189.40499878 261.55395508 489.46511841 64 255 128
253.58340454 241.45973206 410.14920044 64 255 128
88.60283661 155.07798767 500.54843140 64 255 128
147.64961243 198.35583496 548.86309814 64 255 128
119.64012909 187.23980713 371.92907715 64 255 128
177.30522156 224.05671692 453.07998657 64 255 128
130.30020142 175.36866760 520.47949219 64 255 128
194.35664368 188.19168091 426.31204224 64 255 128
83.33984375 154.96797180 459.87103271 64 255 128
254.88591003 231.03849792 435.56643677 64 255 128
107.12844086 115.26815033 384.54702759 64 255 128
137.27699280 131.40452576 368.48742676 64 255 128
101.96399689 229.62998962 513.28198242 64 255 128
91.34899902 231.73300171 476.27301025 64 255 128
221.01699829 276.20700073 460.33599854 64 255 128
206.03500366 261.90899658 426.67098999 64 255 128
238.14601135 274.75100708 463.05700684 64 255 128
117.96775055 213.34545898 551.49890137 64 255 128
181.22186279 223.23072815 480.16366577 64 255 128
86.82999420 134.88948059 410.02526855 64 255 128
119.97953796 165.78674316 526.59436035 64 255 128
168.35365295 225.06840515 391.91491699 64 255 128
101.93599701 234.61199951 420.22399902 64 255 128
227.61184692 232.12406921 477.49957275 64 255 128
149.37600708 254.17102051 527.10302734 64 255 128
105.86702728 191.69729614 548.82659912 64 255 128
131.83978271 210.71043396 463.53503418 64 255 128
148.50619507 204.01702881 467.25982666 64 255 128
112.40975189 196.18028259 374.84579468 64 255 128
89.39292908 140.16087341 449.01034546 64 255 128
158.80558777 201.46897888 447.47412109 64 255 128
136.91200256 262.89901733 490.03601074 64 255 128
84.11207581 190.99635315 386.09582520 64 255 128
226.91957092 251.13713074 417.22720337 64 255 128
150.75300598 267.15200806 429.61001587 64 255 128
116.53892517 160.73010254 501.16687012 64 255 128
119.49379730 166.05496216 508.96542358 64 255 128
265.16552734 226.82855225 400.63653564 64 255 128
187.20315552 246.11642456 475.66839600 64 255 128
115.73999786 166.72485352 365.46511841 64 255 128
172.28602600 240.97157288 408.73352051 64 255 128
129.94400024 255.71701050 422.66601562 64 255 128
245.43997192 271.18304443 453.68411255 64 255 128
169.24699402 170.95562744 399.86538696 64 255 128
76.43207550 152.67022705 415.06121826 64 255 128
110.21699524 238.26399231 515.48199463 64 255 128
116.92299652 265.31500244 449.99200439 64 255 128
167.09365845 250.61344910 538.22070312 64 255 128
148.87312317 223.53842163 386.73980713 64 255 128
216.80422974 256.21160889 419.13565063 64 255 128
137.77496338 167.38661194 366.85000610 64 255 128
84.60406494 176.92286682 490.39797974 64 255 128
272.42266846 257.90185547 462.93206787 64 255 128
183.35479736 256.81121826 523.15197754 64 255 128
163.93342590 194.61584473 383.76217651 64 255 128
88.10434723 193.83016968 495.64346313 64 255 128
133.27999878 238.06199646 408.56298828 64 255 128
180.39299011 264.74401855 481.78900146 64 255 128
111.58077240 223.22195435 401.47409058 64 255 128
103.08145905 165.46046448 548.64141846 64 255 128
195.93785095 208.45487976 450.02853394 64 255 128
151.16783142 161.63816833 372.43170166 64 255 128
160.13584900 219.42694092 386.09936523 64 255 128
235.10205078 253.59159851 498.47348022 64 255 128
195.83035278 190.42930603 433.29812622 64 255 128
183.97253418 224.77139282 453.03851318 64 255 128
186.53663635 228.14852905 444.13946533 64 255 128
153.59539795 240.86071777 551.15063477 64 255 128
75.59689331 190.39741516 396.09930420 64 255 128
250.92347717 264.18972778 483.08972168 64 255 128
218.17614746 234.92767334 396.78808594 64 255 128
112.31707764 208.87857056 546.99505615 64 255 128
141.41058350 142.65794373 366.54522705 64 255 128
84.41054535 146.53013611 447.52630615 64 255 128
219.90151978 264.21414185 497.61679077 64 255 128
197.18672180 219.07878113 464.81332397 64 255 128
155.30400085 262.44699097 500.26202393 64 255 128
207.00389099 223.60478210 475.63287354 64 255 128
82.06794739 173.05104065 469.68069458 64 255 128
254.87809753 255.71463013 487.74783325 64 255 128
249.86058044 226.90066528 432.35211182 64 255 128
99.85742188 121.17984772 381.60156250 64 255 128
94.02400208 239.39299011 461.87799072 64 255 128
175.03616333 219.02210999 442.05020142 64 255 128
187.82579041 235.84140015 400.27377319 64 255 128
164.34179688 208.95913696 390.96154785 64 255 128
103.46300507 246.82499695 482.53802490 64 255 128
168.42799377 211.87863159 480.60577393 64 255 128
181.51899719 264.29501343 503.11599731 64 255 128
253.00115967 223.54257202 397.00750732 64 255 128
119.32600403 261.80099487 479.86599731 64 255 128
133.12693787 162.66964722 453.76873779 64 255 128
232.43760681 246.03776550 492.19235229 64 255 128
171.74301147 271.38598633 445.13400269 64 255 128
106.26900482 224.81698608 530.53802490 64 255 128
184.02070618 208.58410645 450.52899170 64 255 128
186.52827454 222.37522888 460.12335205 64 255 128
83.44221497 166.16789246 477.10861206 64 255 128
109.10576630 144.79980469 481.18188477 64 255 128
129.08992004 218.56773376 561.07940674 64 255 128
148.65750122 216.28778076 561.30145264 64 255 128
75.87080383 153.72535706 401.67745972 64 255 128
115.82999420 233.97399902 410.53900146 64 255 128
133.55696106 156.01573181 438.18023682 64 255 128
201.71188354 194.99679565 421.94921875 64 255 128
208.29252625 213.79270935 455.27462769 64 255 128
110.44599915 252.42901611 432.71499634 64 255 128
164.41020203 191.10626221 444.86041260 64 255 128
191.17219543 193.79801941 442.59445190 64 255 128
169.08473206 209.72218323 472.01766968 64 255 128
189.95887756 226.56301880 474.14123535 64 255 128
119.45632935 192.86856079 372.06774902 64 255 128
154.97406006 192.49295044 446.47692871 64 255 128
93.15067291 128.26701355 386.98147583 64 255 128
83.18399811 217.71398926 432.28997803 64 255 128
205.75126648 202.44879150 434.52166748 64 255 128
243.06451416 227.92146301 445.42248535 64 255 128
125.42599487 240.35101318 542.23901367 64 255 128
138.74801636 234.04377747 560.29479980 64 255 128
155.93272400 218.05841064 546.52514648 64 255 128
167.19837952 184.78132629 431.81771851 64 255 128
112.37577820 217.25448608 389.08523560 64 255 128
261.72106934 265.59338379 456.03988647 64 255 128
165.25900269 270.56698608 466.84399414 64 255 128
165.35748291 175.58119202 420.85696411 64 255 128
225.66960144 268.08288574 492.93261719 64 255 128
122.86299896 259.08200073 490.21200562 64 255 128
159.21301270 262.66900635 424.27798462 64 255 128
158.33584595 210.04165649 382.47998047 64 255 128
221.89732361 216.67932129 444.26654053 64 255 128
253.04769897 267.78662109 447.36090088 64 255 128
111.24983978 160.56391907 521.33239746 64 255 128
110.16199493 259.08700562 465.18200684 64 255 128
158.18667603 217.13609314 508.56573486 64 255 128
147.38499451 248.37200928 554.50201416 64 255 128
224.65365601 212.12753296 408.86050415 64 255 128
90.18156433 189.70230103 514.24377441 64 255 128
120.08843231 167.90670776 558.89239502 64 255 128
161.48500061 269.21099854 435.79199219 64 255 128
231.10621643 215.41641235 431.98828125 64 255 128
102.58400726 178.17216492 552.71228027 64 255 128
149.40066528 175.02824402 470.62820435 64 255 128
159.73800659 247.70001221 415.49499512 64 255 128
105.50234222 203.73210144 382.28683472 64 255 128
263.08499146 236.85108948 443.99227905 64 255 128
184.22686768 242.68606567 406.96673584 64 255 128
139.08914185 146.22799683 410.95883179 64 255 128
109.32888031 182.64102173 370.74856567 64 255 128
171.95880127 237.65892029 404.70086670 64 255 128
182.11642456 227.02906799 484.86126709 64 255 128
125.63584900 148.35005188 436.14120483 64 255 128
211.94699097 275.41500854 461.34201050 64 255 128
153.46055603 240.43212891 558.76153564 64 255 128
99.73314667 197.37060547 381.00616455 64 255 128
270.68450928 256.40484619 472.07324219 64 255 128
190.24961853 202.62078857 394.85079956 64 255 128
193.75320435 211.96409607 394.10531616 64 255 128
176.51626587 216.65501404 456.36529541 64 255 128
111.92179871 161.14494324 540.40716553 64 255 128
79.62609100 195.96212769 462.35974121 64 255 128
184.26800537 271.40499878 448.66897583 64 255 128
97.09532928 132.21685791 438.19158936 64 255 128
115.43298340 225.94155884 404.27005005 64 255 128
87.56582642 156.35693359 494.02709961 64 255 128
161.84230042 192.08961487 466.96179199 64 255 128
131.58471680 230.13563538 559.14654541 64 255 128
123.63199615 233.92199707 408.22601318 64 255 128
79.87669373 205.38552856 459.57403564 64 255 128
82.51900482 218.20999146 438.21902466 64 255 128
145.88632202 146.27301025 403.28390503 64 255 128
186.18452454 249.61509705 485.34158325 64 255 128
194.63699341 273.17602539 451.03900146 64 255 128
176.40705872 252.14979553 532.77294922 64 255 128
178.21856689 227.65954590 395.31002808 64 255 128
110.63400269 257.25601196 442.34402466 64 255 128
232.54161072 221.73641968 445.46444702 64 255 128
164.95040894 186.62989807 407.24618530 64 255 128
205.46768188 217.81459045 394.60385132 64 255 128
158.79629517 205.70838928 466.94387817 64 255 128
160.93894958 152.05975342 390.86196899 64 255 128
150.86840820 229.60789490 538.47479248 64 255 128
172.95510864 212.95550537 470.31546021 64 255 128
152.55500793 270.39099121 467.22299194 64 255 128
102.19472504 176.82681274 370.51211548 64 255 128
87.97000122 229.56599426 440.66198730 64 255 128
121.56099701 268.02200317 451.35699463 64 255 128
237.87611389 226.43638611 448.05203247 64 255 128
135.72093201 203.48902893 570.07666016 64 255 128
74.31098175 201.19296265 432.21566772 64 255 128
151.25370789 191.86999512 459.20025635 64 255 128
105.60468292 149.69169617 503.41171265 64 255 128
110.67699432 220.14999390 550.15997314 64 255 128
185.88269043 233.91004944 448.93289185 64 255 128
102.00399780 218.22700500 532.73699951 64 255 128
186.49017334 240.87185669 517.18933105 64 255 128
133.67253113 213.74786377 567.94384766 64 255 128
148.05899048 271.67199707 459.22198486 64 255 128
162.44999695 271.31100464 460.16299438 64 255 128
155.07388306 235.14100647 406.24725342 64 255 128
109.75075531 119.27229309 404.68701172 64 255 128
91.23600006 215.80299377 507.60299683 64 255 128
220.45800781 270.27499390 438.03399658 64 255 128
144.33300781 260.38500977 502.50201416 64 255 128
141.14291382 143.02984619 405.02816772 64 255 128
182.82138062 196.51620483 417.72756958 64 255 128
82.41405487 184.93005371 477.51062012 64 255 128
274.25656128 247.68760681 419.13494873 64 255 128
166.95486450 178.69723511 403.93722534 64 255 128
183.51087952 257.90719604 490.17138672 64 255 128
183.08647156 239.05220032 523.65893555 64 255 128
154.70587158 208.31106567 520.87988281 64 255 128
71.38407898 192.45263672 412.34381104 64 255 128
206.35064697 206.86624146 441.22662354 64 255 128
99.14299774 245.28099060 474.77001953 64 255 128
179.57038879 233.03422546 463.15435791 64 255 128
154.91883850 210.54731750 493.16766357 64 255 128
120.01010895 147.49459839 364.42239380 64 255 128
98.96769714 133.95492554 447.40298462 64 255 128
160.07839966 155.55879211 403.07095337 64 255 128
153.17648315 197.51705933 505.47366333 64 255 128
263.67114258 249.94418335 415.97860718 64 255 128
250.27799988 270.92599487 476.36099243 64 255 128
156.34468079 200.63049316 474.88189697 64 255 128
89.17540741 151.66610718 490.36816406 64 255 128
179.56686401 194.76875305 424.56936646 64 255 128
160.40274048 200.88563538 386.14480591 64 255 128
127.28300476 267.63900757 439.67300415 64 255 128
209.34535217 240.75561523 498.57934570 64 255 128
167.97705078 180.87460327 396.10015869 64 255 128
107.62846375 158.39916992 534.48406982 64 255 128
120.64299774 259.52600098 434.17297363 64 255 128
134.48364258 190.29171753 565.95977783 64 255 128
126.68498993 263.90698242 435.49697876 64 255 128
192.55447388 188.29864502 395.68215942 64 255 128
120.70800018 245.66400146 520.67102051 64 255 128
173.18400574 269.04498291 467.21701050 64 255 128
90.56072998 173.02862549 523.31689453 64 255 128
90.41457367 179.80480957 378.28390503 64 255 128
73.21157837 163.98210144 399.15176392 64 255 128
174.11096191 219.25309753 392.03479004 64 255 128
256.38433838 247.49314880 477.60980225 64 255 128
149.89332581 143.78623962 396.29730225 64 255 128
150.38397217 228.75889587 396.03579712 64 255 128
112.93499756 254.95498657 483.45700073 64 255 128
94.09899902 230.41500854 490.08398438 64 255 128
192.10574341 208.49179077 390.16128540 64 255 128
227.05218506 241.93540955 489.98486328 64 255 128
217.15910339 221.18791199 462.89974976 64 255 128
159.90881348 207.75828552 478.48526001 64 255 128
167.30114746 169.18084717 407.36660767 64 255 128
76.18492126 169.24073792 388.98391724 64 255 128
97.35860443 182.39668274 537.75531006 64 255 128
139.29399109 272.85400391 455.80801392 64 255 128
143.28999329 248.47599792 550.01904297 64 255 128
269.37582397 240.96549988 450.08337402 64 255 128
201.13973999 223.98579407 476.85562134 64 255 128
144.41041565 166.67846680 452.26199341 64 255 128
138.38676453 182.78669739 520.78991699 64 255 128
90.92414093 138.41853333 381.78848267 64 255 128
165.35169983 162.05461121 389.90777588 64 255 128
288.95986938 237.59843445 422.44989014 64 255 128
268.78109741 254.87930298 426.24456787 64 255 128
83.42517090 194.51571655 480.12200928 64 255 128
147.59883118 205.57452393 555.82763672 64 255 128
125.25452423 226.86677551 556.03436279 64 255 128
103.78099823 251.01599121 470.97799683 64 255 128
117.18700409 231.28799438 543.67901611 64 255 128
217.49400330 274.11999512 473.11999512 64 255 128
255.65785217 239.30403137 459.46435547 64 255 128
157.91651917 234.48580933 534.26062012 64 255 128
263.69104004 226.44309998 417.48034668 64 255 128
104.01000214 251.48800659 462.26098633 64 255 128
179.13082886 208.95965576 441.79125977 64 255 128
169.47999573 268.62200928 477.37698364 64 255 128
150.25682068 144.91967773 371.19393921 64 255 128
167.86929321 258.54098511 522.07928467 64 255 128
98.49800110 244.01300049 448.93200684 64 255 128
203.62031555 210.16470337 398.08505249 64 255 128
80.81186676 209.56903076 421.25643921 64 255 128
95.91259003 206.53015137 521.78717041 64 255 128
137.03091431 176.95533752 493.66018677 64 255 128
134.29338074 178.35317993 553.66253662 64 255 128
82.78503418 139.17564392 404.58181763 64 255 128
258.34338379 259.89447021 431.10974121 64 255 128
175.55523682 192.69914246 429.52664185 64 255 128
84.58008575 196.08256531 388.94223022 64 255 128
265.84500122 260.12557983 438.76861572 64 255 128
99.58691406 154.06510925 520.96801758 64 255 128
234.21995544 231.02348328 465.44934082 64 255 128
118.94096375 118.55891418 381.55822754 64 255 128
171.53808594 194.89398193 415.35778809 64 255 128
235.68675232 227.05712891 398.19094849 64 255 128
117.75578308 139.25646973 364.70571899 64 255 128
152.17578125 249.72149658 554.54968262 64 255 128
270.83996582 236.38449097 405.00042725 64 255 128
132.28500366 270.08102417 470.22698975 64 255 128
96.84774780 131.99156189 374.21820068 64 255 128
167.66099548 266.97000122 487.83499146 64 255 128
115.06989288 119.85606384 397.58139038 64 255 128
146.54978943 167.78918457 370.39346313 64 255 128
92.08898926 191.54949951 520.14569092 64 255 128
156.28970337 206.43412781 506.38806152 64 255 128
119.56240082 170.93869019 565.67614746 64 255 128
139.35501099 233.26699829 406.26599121 64 255 128
176.33229065 259.90338135 518.50537109 64 255 128
93.44200134 226.01300049 423.58300781 64 255 128
144.81500244 267.31500244 480.06799316 64 255 128
192.27873230 253.02865601 508.93164062 64 255 128
146.85285950 193.09140015 519.92266846 64 255 128
208.15722656 245.57360840 505.20275879 64 255 128
107.36201477 189.18850708 552.81542969 64 255 128
81.98300171 216.62199402 457.26800537 64 255 128
193.91055298 259.08242798 502.43408203 64 255 128
90.96037292 191.51048279 381.65109253 64 255 128
141.59097290 231.34733582 397.89926147 64 255 128
244.89503479 231.32908630 403.16799927 64 255 128
87.43231964 135.98948669 425.65396118 64 255 128
180.22953796 235.03797913 455.06030273 64 255 128
135.65715027 181.56675720 368.60659790 64 255 128
195.63299561 272.55300903 443.23098755 64 255 128
76.65596008 205.50473022 444.77478027 64 255 128
110.66400146 245.34001160 500.85299683 64 255 128
211.17378235 255.24085999 509.07571411 64 255 128
236.91900635 271.82498169 447.40499878 64 255 128
194.52699280 268.84100342 476.99002075 64 255 128
185.35592651 258.24853516 483.31250000 64 255 128
221.81930542 237.80801392 488.97167969 64 255 128
173.38629150 215.36289978 482.44393921 64 255 128
238.12226868 209.34619141 395.04721069 64 255 128
91.96800232 222.85200500 497.09002686 64 255 128
142.74099731 241.39300537 411.68798828 64 255 128
112.98456573 133.15704346 441.39434814 64 255 128
170.04051208 217.24015808 494.36395264 64 255 128
141.62893677 187.10461426 520.07226562 64 255 128
197.35533142 229.29370117 397.21218872 64 255 128
177.26445007 222.21316528 459.95312500 64 255 128
146.02008057 175.96934509 371.22552490 64 255 128
164.58659363 208.25891113 461.17251587 64 255 128
253.43432617 236.08770752 453.40713501 64 255 128
275.96697998 243.55964661 414.96694946 64 255 128
109.40024567 172.66551208 562.53009033 64 255 128
127.92951202 171.71778870 534.02178955 64 255 128
269.60693359 259.93814087 450.81774902 64 255 128
112.31900024 258.90402222 473.50799561 64 255 128
195.87300110 257.78100586 422.93899536 64 255 128
137.78799438 268.53201294 472.24301147 64 255 128
78.40579224 144.84265137 396.54943848 64 255 128
135.41421509 176.78617859 505.32238770 64 255 128
264.32772827 236.03222656 438.15713501 64 255 128
157.26663208 199.53840637 492.94427490 64 255 128
146.74261475 195.93910217 540.90350342 64 255 128
191.07418823 193.69082642 398.90332031 64 255 128
229.63200378 276.13400269 465.97100830 64 255 128
165.55384827 190.72425842 386.57989502 64 255 128
216.82562256 226.73461914 473.26876831 64 255 128
230.19799805 274.27600098 475.28201294 64 255 128
104.32534790 132.26531982 447.18511963 64 255 128
146.85379028 219.20808411 565.33557129 64 255 128
94.95790100 142.36111450 373.22009277 64 255 128
209.09173584 240.70501709 402.17175293 64 255 128
75.35520935 187.94082642 439.84933472 64 255 128
106.22215271 145.10058594 489.89727783 64 255 128
125.10427856 226.85986328 395.74783325 64 255 128
234.99600220 273.99099731 451.65600586 64 255 128
129.87521362 148.05108643 363.85418701 64 255 128
211.25468445 211.10328674 398.63577271 64 255 128
216.09910583 249.38296509 505.13677979 64 255 128
117.29851532 193.75703430 564.88439941 64 255 128
168.39599609 263.91000366 425.63500977 64 255 128
180.23500061 271.18099976 452.39898682 64 255 128
229.46020508 235.50389099 481.02450562 64 255 128
170.84999084 262.94000244 502.09802246 64 255 128
152.32929993 191.96296692 375.98431396 64 255 128
159.09532166 163.70671082 422.45672607 64 255 128
185.39405823 236.49697876 494.45693970 64 255 128
185.79499817 266.39498901 431.84997559 64 255 128
72.44926453 174.43392944 420.76165771 64 255 128
93.65399933 238.58100891 440.67999268 64 255 128
117.41400146 260.15698242 438.09698486 64 255 128
152.40762329 216.55432129 381.47991943 64 255 128
209.55323792 207.33937073 415.69104004 64 255 128
160.81277466 189.72013855 474.26989746 64 255 128
262.01937866 256.39306641 482.23852539 64 255 128
214.41653442 207.97308350 432.43664551 64 255 128
189.29161072 246.96084595 501.63232422 64 255 128
103.12406921 125.99372864 429.50881958 64 255 128
138.43005371 195.52912903 562.88171387 64 255 128
252.32609558 217.54893494 404.74191284 64 255 128
156.17280579 163.75503540 374.84902954 64 255 128
91.16426086 144.51406860 473.13690186 64 255 128
83.87826538 179.84277344 384.29287720 64 255 128
133.18254089 202.37474060 375.97479248 64 255 128
130.55705261 131.56678772 399.94232178 64 255 128
188.34661865 261.31924438 511.00247192 64 255 128
120.16600037 253.25700378 424.80798340 64 255 128
225.80186462 248.94413757 500.34512329 64 255 128
162.61898804 266.26199341 488.01400757 64 255 128
154.45880127 227.84481812 526.16076660 64 255 128
74.63382721 160.91171265 403.60781860 64 255 128
160.01098633 258.02999878 420.48300171 64 255 128
110.66045380 159.57241821 530.70556641 64 255 128
85.25100708 222.14199829 466.25598145 64 255 128
108.48141479 130.73027039 368.87106323 64 255 128
116.56781006 150.68067932 460.15405273 64 255 128
178.38162231 219.22784424 452.60702515 64 255 128
126.03598785 171.02427673 504.24932861 64 255 128
165.47305298 174.48709106 430.97567749 64 255 128
211.85484314 228.45631409 393.36727905 64 255 128
201.99494934 226.58258057 395.96670532 64 255 128
72.36111450 195.48941040 424.02819824 64 255 128
94.84378052 124.06445312 398.64553833 64 255 128
79.51256561 206.79100037 414.09228516 64 255 128
168.89225769 247.01901245 543.52764893 64 255 128
118.59848022 159.99697876 489.05624390 64 255 128
149.71113586 171.54197693 461.03549194 64 255 128
79.62426758 154.93499756 438.25494385 64 255 128
222.94610596 220.08978271 395.57382202 64 255 128
101.64215088 157.00079346 530.66876221 64 255 128
165.06481934 174.51438904 441.99719238 64 255 128
82.90400696 215.50500488 473.51300049 64 255 128
123.26700592 248.56799316 419.39700317 64 255 128
104.89470673 217.83979797 540.08325195 64 255 128
113.18199921 234.94699097 529.00201416 64 255 128
98.58776855 192.82402039 534.65173340 64 255 128
85.00287628 141.08738708 428.44506836 64 255 128
222.30882263 225.69628906 465.44781494 64 255 128
104.17986298 217.65179443 394.52093506 64 255 128
133.29998779 178.35298157 524.45306396 64 255 128
175.09126282 201.93078613 406.04745483 64 255 128
120.13840485 159.34332275 469.64620972 64 255 128
127.64945984 223.01023865 391.24237061 64 255 128
150.78636169 212.16937256 553.76434326 64 255 128
125.22412872 198.26689148 571.34783936 64 255 128
98.11790466 137.75141907 469.03906250 64 255 128
191.53701782 254.46897888 516.47882080 64 255 128
92.43718719 146.67413330 490.06619263 64 255 128
269.21670532 228.28215027 416.89562988 64 255 128
207.91102600 244.37199402 405.91857910 64 255 128
262.59259033 220.62994385 403.96307373 64 255 128
120.10480499 166.82556152 520.60833740 64 255 128
123.43743134 169.57516479 510.87927246 64 255 128
187.57394409 237.77409363 481.73092651 64 255 128
173.93399048 267.63998413 475.19900513 64 255 128
85.63843536 154.11772156 473.51217651 64 255 128
152.39999390 201.30184937 526.69482422 64 255 128
146.50143433 172.80264282 465.79678345 64 255 128
74.84133148 160.18450928 416.39062500 64 255 128
73.84938049 188.20286560 431.62796021 64 255 128
80.22620392 165.11083984 455.73809814 64 255 128
178.14384460 203.64773560 443.12332153 64 255 128
94.71415710 151.70787048 512.09484863 64 255 128
168.35281372 210.23934937 449.15179443 64 255 128
247.15721130 249.17602539 489.07501221 64 255 128
179.40998840 262.44699097 425.55401611 64 255 128
93.93800354 212.66999817 521.75701904 64 255 128
87.37825775 188.57324219 495.97607422 64 255 128
187.88673401 243.01524353 493.15719604 64 255 128
96.54776764 208.92465210 390.72308350 64 255 128
176.42361450 231.84504700 520.69335938 64 255 128
153.69639587 143.84262085 389.68807983 64 255 128
142.28494263 187.81312561 548.67980957 64 255 128
129.39039612 154.12065125 363.90725708 64 255 128
227.02160645 229.79196167 472.29824829 64 255 128
109.27899933 224.82200623 410.52200317 64 255 128
196.72100830 263.78100586 427.26000977 64 255 128
214.42205811 257.67675781 423.02990723 64 255 128
226.95599365 273.40600586 444.76898193 64 255 128
100.33699799 225.08299255 416.79498291 64 255 128
119.19136810 124.39441681 400.38912964 64 255 128
271.42340088 237.76856995 437.48538208 64 255 128
192.23715210 214.15142822 456.36254883 64 255 128
169.67832947 202.21469116 400.61975098 64 255 128
239.26005554 221.20773315 435.03179932 64 255 128
119.73835754 164.89367676 544.68237305 64 255 128
102.94100189 225.87400818 521.89703369 64 255 128
121.80668640 206.03642273 563.27929688 64 255 128
151.10224915 201.50111389 533.75073242 64 255 128
127.43710327 165.87677002 471.52728271 64 255 128
92.30025482 131.23867798 427.48562622 64 255 128
280.12814331 230.01274109 406.69641113 64 255 128
143.29527283 137.03134155 393.75265503 64 255 128
243.93945312 240.66056824 475.81082153 64 255 128
83.73266602 177.28330994 481.72659302 64 255 128
236.31608582 212.73835754 406.23294067 64 255 128
