ply
format ascii 1.0
element vertex 4096
property float x
property float y
property float z
property uchar red
property uchar green
property uchar blue
end_header
253.76260376 234.52973938 373.56219482 255 64 64
259.82495117 243.68231201 377.70053101 255 64 64
259.00515747 231.36816406 367.74685669 255 64 64
265.58123779 239.11340332 370.47296143 255 64 64
250.97143555 266.98818970 375.99096680 255 64 64
252.12484741 272.77401733 384.58850098 255 64 64
259.63391113 257.68112183 375.52841187 255 64 64
260.41113281 266.13790894 381.57403564 255 64 64
113.37073517 163.10467529 487.53741455 255 64 64
103.37966919 171.53981018 488.80624390 255 64 64
114.94881439 155.53263855 480.48068237 255 64 64
104.81209564 163.73255920 480.66833496 255 64 64
128.16944885 148.12203979 472.01788330 255 64 64
118.45787048 153.95999146 476.27038574 255 64 64
136.33885193 141.68373108 464.62890625 255 64 64
125.61558533 146.46865845 467.43569946 255 64 64
91.70533752 182.09297180 487.35235596 255 64 64
89.71194458 193.64883423 489.08239746 255 64 64
86.53954315 183.68925476 479.73571777 255 64 64
84.65096283 195.06207275 481.40808105 255 64 64
100.61550140 172.06706238 486.19140625 255 64 64
92.76790619 181.82783508 487.18389893 255 64 64
97.90663147 167.58918762 477.47183228 255 64 64
89.97046661 176.72207642 477.84188843 255 64 64
151.16038513 137.90063477 447.36492920 255 64 64
145.32635498 142.18461609 456.36987305 255 64 64
163.25457764 137.92535400 439.77911377 255 64 64
158.19606018 141.16714478 449.90402222 255 64 64
135.43009949 122.01726532 381.48712158 255 64 64
125.04537201 124.35289764 379.27474976 255 64 64
141.10961914 122.34499359 372.75378418 255 64 64
130.49853516 123.83941650 369.66357422 255 64 64
133.84130859 143.21516418 454.96301270 255 64 64
125.55871582 146.31127930 461.21038818 255 64 64
142.84330750 138.81306458 446.08798218 255 64 64
133.85212708 139.76473999 451.48797607 255 64 64
112.48448181 129.93249512 375.75201416 255 64 64
104.41841125 136.48495483 375.74612427 255 64 64
118.44054413 126.83833313 367.09710693 255 64 64
109.95719147 132.97154236 366.38391113 255 64 64
145.20640564 149.78514099 467.05062866 255 64 64
136.48489380 157.84729004 471.48126221 255 64 64
158.42350769 151.00350952 462.75064087 255 64 64
149.87913513 159.48687744 468.10440063 255 64 64
128.00384521 126.35355377 408.19769287 255 64 64
117.74902344 130.61737061 407.34173584 255 64 64
134.19020081 123.49460602 399.00994873 255 64 64
123.12444305 126.88893127 396.80642700 255 64 64
128.91897583 126.98790741 356.10629272 255 64 64
119.32550812 131.07310486 352.57125854 255 64 64
136.66619873 129.45812988 349.84121704 255 64 64
127.44276428 133.27661133 345.90658569 255 64 64
161.75549316 135.00889587 423.13113403 255 64 64
160.62298584 137.18632507 433.46469116 255 64 64
170.36875916 137.68997192 414.49032593 255 64 64
170.01870728 138.75579834 425.60723877 255 64 64
141.98106384 134.31402588 433.93151855 255 64 64
134.09606934 134.73352051 440.30484009 255 64 64
150.11012268 131.82907104 424.20025635 255 64 64
142.51054382 130.21014404 429.40344238 255 64 64
112.06497955 133.19371033 360.19638062 255 64 64
103.80995178 139.55032349 359.44546509 255 64 64
118.99337769 131.87495422 352.43341064 255 64 64
110.49427795 137.79559326 351.11022949 255 64 64
241.68536377 245.93955994 371.82785034 255 64 64
240.63822937 258.82205200 374.07812500 255 64 64
252.02973938 241.73281860 372.75985718 255 64 64
247.88714600 251.16366577 374.18341064 255 64 64
142.98442078 126.99120331 410.15747070 255 64 64
132.54064941 127.79180908 412.04406738 255 64 64
151.79450989 126.21594238 400.09750366 255 64 64
139.91781616 124.92671204 400.03402710 255 64 64
233.57603455 213.78054810 377.98791504 255 64 64
237.47621155 215.18936157 387.48101807 255 64 64
243.08683777 216.27142334 368.86486816 255 64 64
244.88339233 214.97038269 378.39535522 255 64 64
118.87634277 142.04060364 448.24691772 255 64 64
109.32420349 148.35391235 450.26171875 255 64 64
121.26412964 138.22604370 438.03637695 255 64 64
110.95025635 143.83963013 438.74200439 255 64 64
83.96940613 178.81320190 468.94439697 255 64 64
80.95299530 189.60142517 472.53793335 255 64 64
82.43905640 176.63626099 458.55325317 255 64 64
78.97978210 187.55636597 462.11981201 255 64 64
155.98367310 128.64471436 379.97174072 255 64 64
146.44531250 125.88024139 379.55963135 255 64 64
163.53602600 133.90892029 371.96469116 255 64 64
153.69848633 129.75778198 370.20257568 255 64 64
106.69874573 142.19555664 427.86517334 255 64 64
98.29411316 149.90930176 428.92312622 255 64 64
109.44746399 137.80822754 418.47244263 255 64 64
100.53108215 145.20114136 418.50073242 255 64 64
118.62642670 140.89497375 340.36242676 255 64 64
110.23754883 148.31741333 337.63433838 255 64 64
127.47194672 142.22554016 334.93484497 255 64 64
119.21691895 149.69915771 331.60250854 255 64 64
164.35972595 151.51762390 452.31604004 255 64 64
156.87232971 158.94793701 458.98660278 255 64 64
175.44712830 153.93469238 446.13854980 255 64 64
168.36323547 161.24298096 453.97238159 255 64 64
97.09606934 149.03585815 362.17175293 255 64 64
90.44322205 157.47000122 363.74734497 255 64 64
103.00882721 145.60708618 353.26223755 255 64 64
95.60409546 153.49995422 354.31774902 255 64 64
100.17916870 159.14447021 463.42852783 255 64 64
92.14064789 168.31278992 465.67581177 255 64 64
102.09973145 154.63706970 452.58419800 255 64 64
93.30538940 163.65579224 454.11083984 255 64 64
146.26893616 131.47671509 353.37762451 255 64 64
135.75430298 133.94691467 347.38613892 255 64 64
154.21395874 136.98400879 349.44104004 255 64 64
145.16374207 140.02206421 343.13265991 255 64 64
109.89520264 131.88801575 394.09652710 255 64 64
101.65394592 138.81149292 394.43753052 255 64 64
114.55809021 128.67379761 385.12780762 255 64 64
105.92710876 135.17507935 384.63641357 255 64 64
175.57067871 136.14234924 395.89596558 255 64 64
179.15789795 138.01666260 405.29653931 255 64 64
179.10697937 143.68536377 386.12139893 255 64 64
183.95883179 145.35299683 396.35653687 255 64 64
87.43099976 164.21199036 437.92929077 255 64 64
82.74547577 173.98654175 441.58712769 255 64 64
88.69464874 159.54910278 427.47470093 255 64 64
83.00823975 169.79211426 430.93200684 255 64 64
76.30818176 198.13748169 455.95172119 255 64 64
76.72964478 209.07727051 460.63873291 255 64 64
74.87513733 199.86564636 446.66726685 255 64 64
75.41322327 211.03375244 451.45809937 255 64 64
204.83499146 281.27459717 377.66564941 255 64 64
203.85281372 286.97479248 387.66854858 255 64 64
216.89547729 281.73236084 380.44201660 255 64 64
210.97674561 285.96075439 385.25253296 255 64 64
179.54486084 145.81097412 426.57913208 255 64 64
176.65588379 151.69027710 436.55444336 255 64 64
187.14443970 151.05450439 418.09381104 255 64 64
184.59747314 156.09138489 429.35244751 255 64 64
148.36561584 292.39678955 431.76574707 255 64 64
145.08668518 286.10415649 439.34960938 255 64 64
161.07490540 294.05187988 436.30563354 255 64 64
155.64781189 289.92828369 441.77059937 255 64 64
221.66714478 275.04159546 400.22885132 255 64 64
219.06210327 280.96371460 408.65020752 255 64 64
232.34759521 275.02783203 396.19580078 255 64 64
226.61358643 278.33499146 402.46582031 255 64 64
88.55123901 159.68946838 371.28021240 255 64 64
83.71415710 169.23570251 373.22735596 255 64 64
92.29493713 156.89056396 362.19750977 255 64 64
86.70497894 165.94471741 363.73352051 255 64 64
235.43392944 254.85038757 393.02731323 255 64 64
233.47351074 266.11492920 396.76855469 255 64 64
244.99002075 254.75935364 388.02166748 255 64 64
240.05999756 261.28302002 392.47250366 255 64 64
90.24363708 156.18417358 419.40127563 255 64 64
85.03749084 165.32101440 422.79043579 255 64 64
92.42647552 151.88935852 409.47122192 255 64 64
86.37986755 161.17971802 412.35183716 255 64 64
139.54443359 138.00158691 340.64367676 255 64 64
131.21461487 144.72134399 335.45523071 255 64 64
148.59663391 142.08580017 338.81707764 255 64 64
141.05018616 149.62042236 332.69961548 255 64 64
104.87516785 156.74125671 333.36279297 255 64 64
99.50172424 166.73233032 332.97836304 255 64 64
113.14201355 156.63891602 327.09475708 255 64 64
107.51464844 166.34457397 327.03128052 255 64 64
195.22842407 286.39675903 428.12298584 255 64 64
189.51519775 283.87438965 435.07794189 255 64 64
206.03977966 285.59277344 425.58590698 255 64 64
199.07545471 284.82464600 430.76251221 255 64 64
88.78579712 168.22003174 355.72579956 255 64 64
84.59628296 178.29377747 357.21859741 255 64 64
93.36158752 166.34622192 347.05645752 255 64 64
88.51171112 175.69561768 348.30581665 255 64 64
195.90011597 287.15420532 398.90203857 255 64 64
193.91804504 289.97357178 410.27288818 255 64 64
207.86047363 288.35797119 398.88778687 255 64 64
201.41688538 290.17510986 405.39840698 255 64 64
90.13653564 156.48048401 392.72863770 255 64 64
85.25515747 165.42047119 395.81246948 255 64 64
92.84884644 152.24076843 383.41268921 255 64 64
87.08567810 161.09613037 385.98599243 255 64 64
99.93011475 193.09100342 481.51007080 255 64 64
91.14364624 202.61755371 480.82830811 255 64 64
105.10870361 199.54307556 471.62875366 255 64 64
97.93229675 209.59320068 471.31524658 255 64 64
97.88613129 146.38446045 403.14004517 255 64 64
91.56101227 154.83828735 405.32534790 255 64 64
101.11413574 142.86514282 393.64990234 255 64 64
93.95938110 151.14379883 395.09045410 255 64 64
135.72502136 165.93432617 472.62945557 255 64 64
125.95045471 175.55142212 474.12240601 255 64 64
144.78114319 171.02926636 465.53793335 255 64 64
135.82933044 180.38653564 467.30398560 255 64 64
160.09364319 143.46377563 352.22390747 255 64 64
152.80702209 147.10832214 344.36450195 255 64 64
167.04370117 150.48345947 352.41680908 255 64 64
162.45364380 155.07351685 344.55148315 255 64 64
133.78704834 151.46702576 329.24783325 255 64 64
127.80540466 160.81643677 325.94796753 255 64 64
143.25651550 153.54161072 328.51660156 255 64 64
137.70396423 163.46182251 325.12374878 255 64 64
83.43879700 169.61393738 424.79244995 255 64 64
79.94212341 179.88450623 428.75317383 255 64 64
85.33230591 165.34274292 414.79940796 255 64 64
80.96268463 176.07781982 418.69616699 255 64 64
84.37629700 239.35467529 435.89871216 255 64 64
90.55281067 244.69071960 443.61248779 255 64 64
89.61984253 251.01879883 430.24514771 255 64 64
95.01887512 254.70639038 438.50805664 255 64 64
232.07215881 232.65786743 396.02636719 255 64 64
228.08709717 243.80924988 400.59774780 255 64 64
241.26950073 234.68275452 387.78857422 255 64 64
235.12991333 239.70030212 394.25885010 255 64 64
177.52914429 290.00628662 402.53698730 255 64 64
173.23136902 290.71588135 412.32730103 255 64 64
188.37493896 291.10461426 405.28005981 255 64 64
181.29055786 291.76620483 410.29968262 255 64 64
154.88792419 166.21990967 460.75311279 255 64 64
145.95579529 175.87440491 462.34790039 255 64 64
164.84552002 169.84748840 454.98327637 255 64 64
156.20471191 178.66741943 458.09072876 255 64 64
119.38718414 180.93789673 479.20162964 255 64 64
110.35467529 190.11408997 480.13433838 255 64 64
126.69152832 186.44458008 469.84582520 255 64 64
118.71402740 196.65216064 471.73046875 255 64 64
124.19172668 283.47320557 426.59710693 255 64 64
123.29122925 278.02301025 435.62173462 255 64 64
137.08308411 287.05453491 429.78771973 255 64 64
132.47874451 282.72427368 436.61572266 255 64 64
152.11515808 290.70358276 416.42337036 255 64 64
148.52793884 289.32971191 426.83761597 255 64 64
163.80166626 292.12640381 417.50082397 255 64 64
157.00096130 291.15676880 423.52185059 255 64 64
177.01177979 166.08117676 443.48486328 255 64 64
168.64257812 175.69630432 447.76544189 255 64 64
184.64482117 169.46664429 436.39358521 255 64 64
176.78344727 176.10768127 442.27487183 255 64 64
77.52613068 215.93280029 444.62600708 255 64 64
79.36648560 226.47892761 450.02059937 255 64 64
79.20361328 221.00312805 435.28051758 255 64 64
80.79301453 231.37210083 441.62432861 255 64 64
215.35699463 248.17161560 369.01077271 255 64 64
214.48307800 259.29641724 370.32635498 255 64 64
226.18730164 249.52586365 370.20050049 255 64 64
221.37666321 255.81788635 370.69454956 255 64 64
88.28794861 207.05459595 468.19085693 255 64 64
84.10040283 216.99449158 468.55697632 255 64 64
93.59447479 213.46336365 458.62591553 255 64 64
89.83699799 223.37176514 459.46380615 255 64 64
84.50521088 176.53651428 371.91235352 255 64 64
81.75550079 187.22828674 374.78735352 255 64 64
86.57831573 174.90676880 362.81488037 255 64 64
83.23221588 185.08285522 365.52081299 255 64 64
179.06593323 146.57177734 380.22354126 255 64 64
182.61082458 149.43884277 388.49038696 255 64 64
179.90196228 156.43760681 371.62799072 255 64 64
185.04905701 158.98065186 381.02069092 255 64 64
184.19093323 185.62059021 427.27416992 255 64 64
182.03768921 185.60864258 427.28521729 255 64 64
184.41944885 185.64776611 427.26458740 255 64 64
184.30122375 185.61798096 427.28503418 255 64 64
166.50541687 200.69238281 451.92398071 255 64 64
163.53353882 200.69012451 451.92578125 255 64 64
166.88255310 200.72459412 451.88302612 255 64 64
166.45321655 200.71632385 451.90756226 255 64 64
175.29232788 194.43875122 440.83807373 255 64 64
172.86242676 194.42723083 440.83776855 255 64 64
175.56390381 194.46144104 440.83651733 255 64 64
175.30790710 194.44213867 440.84948730 255 64 64
204.47843933 218.49017334 430.97653198 255 64 64
201.85696411 218.48042297 431.02246094 255 64 64
204.71032715 218.53759766 430.94897461 255 64 64
204.57014465 218.51029968 430.99844360 255 64 64
207.52540588 203.98207092 393.76486206 255 64 64
205.37332153 203.96903992 393.79339600 255 64 64
207.73527527 203.99346924 393.79937744 255 64 64
207.80047607 203.95744324 393.82934570 255 64 64
187.75355530 186.05278015 410.98388672 255 64 64
185.87457275 186.02442932 411.00366211 255 64 64
187.95571899 186.05653381 411.00454712 255 64 64
187.94967651 186.01303101 411.02920532 255 64 64
188.98068237 185.18058777 391.26370239 255 64 64
186.97032166 185.14263916 391.26980591 255 64 64
189.20642090 185.18392944 391.27423096 255 64 64
189.20185852 185.12806702 391.28591919 255 64 64
158.94563293 209.27685547 456.28875732 255 64 64
155.83299255 209.26556396 456.29962158 255 64 64
159.40061951 209.27117920 456.25073242 255 64 64
158.89747620 209.25846863 456.28356934 255 64 64
182.61755371 209.85168457 424.69378662 255 64 64
179.87747192 209.83587646 424.70465088 255 64 64
182.94422913 209.85165405 424.67965698 255 64 64
182.66670227 209.82522583 424.70556641 255 64 64
208.63401794 217.60069275 413.26824951 255 64 64
206.16380310 217.57736206 413.29321289 255 64 64
208.87460327 217.62939453 413.26187134 255 64 64
208.83905029 217.58709717 413.29187012 255 64 64
202.93104553 197.66580200 405.16284180 255 64 64
200.92805481 197.63102722 405.21020508 255 64 64
203.11024475 197.68341064 405.15820312 255 64 64
203.14482117 197.63226318 405.20181274 255 64 64
198.73181152 205.71218872 418.11245728 255 64 64
196.43252563 205.68829346 418.15896606 255 64 64
198.97511292 205.72123718 418.11029053 255 64 64
198.89797974 205.68185425 418.15881348 255 64 64
191.66293335 220.64807129 438.62704468 255 64 64
188.50314331 220.64512634 438.65365601 255 64 64
192.00762939 220.68135071 438.60272217 255 64 64
191.66070557 220.66365051 438.64471436 255 64 64
173.37280273 204.78326416 432.42047119 255 64 64
170.86430359 204.76390076 432.43322754 255 64 64
173.67884827 204.78491211 432.38751221 255 64 64
173.40789795 204.75785828 432.41217041 255 64 64
164.53076172 210.36988831 443.04925537 255 64 64
161.43666077 210.35746765 443.04467773 255 64 64
164.96080017 210.39788818 442.98312378 255 64 64
164.47109985 210.37461853 443.00006104 255 64 64
191.18765259 213.86483765 430.41390991 255 64 64
188.32595825 213.84947205 430.44070435 255 64 64
191.52996826 213.87879944 430.40530396 255 64 64
191.27618408 213.84977722 430.44451904 255 64 64
201.08618164 195.73300171 387.68103027 255 64 64
199.18420410 195.70617676 387.71066284 255 64 64
201.28532410 195.75242615 387.71255493 255 64 64
201.37567139 195.70474243 387.73681641 255 64 64
176.64247131 213.41084290 437.13186646 255 64 64
173.57058716 213.39974976 437.15383911 255 64 64
177.04225159 213.41864014 437.07623291 255 64 64
176.62321472 213.39939880 437.11019897 255 64 64
211.03686523 216.60108948 397.33175659 255 64 64
208.62312317 216.57786560 397.37142944 255 64 64
211.28219604 216.61453247 397.33950806 255 64 64
211.32217407 216.56724548 397.38015747 255 64 64
184.18923950 206.11373901 413.40234375 255 64 64
181.72314453 206.08547974 413.40014648 255 64 64
184.49731445 206.09783936 413.40328979 255 64 64
184.33941650 206.06216431 413.41479492 255 64 64
168.22409058 214.58885193 422.45025635 255 64 64
165.25825500 214.57608032 422.43783569 255 64 64
168.64501953 214.58352661 422.42556763 255 64 64
168.27059937 214.56297302 422.43511963 255 64 64
198.93722534 222.48625183 363.90563965 255 64 64
196.19047546 222.47848511 363.88485718 255 64 64
199.20390320 222.47792053 363.95281982 255 64 64
199.18939209 222.45674133 363.94036865 255 64 64
179.08178711 196.71463013 402.69149780 255 64 64
176.93891907 196.69670105 402.67156982 255 64 64
179.33670044 196.72044373 402.69534302 255 64 64
179.23706055 196.68684387 402.68743896 255 64 64
175.56539917 199.02270508 418.65771484 255 64 64
173.32534790 199.00021362 418.65075684 255 64 64
175.88502502 199.01965332 418.69396973 255 64 64
175.73519897 198.98666382 418.70031738 255 64 64
185.30113220 202.01159668 359.52716064 255 64 64
182.98248291 201.98754883 359.49887085 255 64 64
185.57855225 202.04473877 359.55355835 255 64 64
185.62814331 202.00454712 359.53063965 255 64 64
200.16984558 233.58241272 363.45632935 255 64 64
196.60592651 233.56761169 363.43682861 255 64 64
200.53356934 233.56608582 363.52883911 255 64 64
200.29090881 233.54663086 363.52035522 255 64 64
206.47067261 245.16355896 416.84472656 255 64 64
203.22323608 245.14291382 416.85885620 255 64 64
206.76898193 245.16795349 416.84841919 255 64 64
206.58026123 245.13729858 416.88073730 255 64 64
189.87722778 202.22994995 395.67382812 255 64 64
187.43623352 202.20155334 395.65557861 255 64 64
190.18710327 202.21917725 395.69921875 255 64 64
190.06790161 202.17733765 395.69424438 255 64 64
207.02154541 230.54908752 416.86788940 255 64 64
204.09136963 230.52279663 416.88964844 255 64 64
207.31906128 230.55407715 416.86843872 255 64 64
207.17784119 230.51330566 416.90106201 255 64 64
147.33233643 214.23745728 454.83038330 255 64 64
144.34698486 214.21060181 454.79949951 255 64 64
147.78775024 214.20515442 454.81179810 255 64 64
147.29718018 214.18325806 454.80685425 255 64 64
181.07592773 228.25392151 426.75540161 255 64 64
177.87748718 228.22846985 426.72222900 255 64 64
181.43348694 228.23402405 426.75601196 255 64 64
181.06738281 228.20713806 426.74813843 255 64 64
192.76312256 231.55885315 424.28485107 255 64 64
189.49925232 231.53161621 424.28356934 255 64 64
193.15905762 231.54229736 424.30267334 255 64 64
192.85360718 231.50901794 424.32492065 255 64 64
190.71186829 213.13356018 360.18432617 255 64 64
187.96142578 213.11964417 360.18576050 255 64 64
191.01004028 213.14930725 360.21011353 255 64 64
190.91519165 213.11877441 360.21038818 255 64 64
153.63124084 215.40063477 437.80920410 255 64 64
150.74781799 215.38093567 437.80667114 255 64 64
154.03324890 215.39164734 437.74975586 255 64 64
153.56904602 215.36839294 437.76315308 255 64 64
188.83280945 200.16104126 379.23626709 255 64 64
186.44183350 200.13883972 379.21325684 255 64 64
189.13337708 200.17410278 379.26284790 255 64 64
189.08122253 200.13475037 379.24765015 255 64 64
189.68685913 228.64999390 358.78717041 255 64 64
186.00878906 228.63502502 358.76571655 255 64 64
190.12397766 228.62915039 358.84234619 255 64 64
189.83137512 228.60494995 358.83364868 255 64 64
183.84785461 195.93797302 388.12982178 255 64 64
181.71791077 195.90641785 388.11611938 255 64 64
184.09182739 195.94682312 388.13793945 255 64 64
184.04730225 195.90098572 388.13009644 255 64 64
173.09733582 222.78869629 429.96533203 255 64 64
169.95578003 222.76460266 429.94018555 255 64 64
173.50210571 222.76702881 429.96633911 255 64 64
173.10078430 222.73939514 429.96350098 255 64 64
154.48982239 205.31285095 419.68713379 255 64 64
151.92140198 205.30128479 419.66784668 255 64 64
154.88534546 205.29064941 419.67660522 255 64 64
154.57411194 205.27059937 419.67562866 255 64 64
175.10542297 244.36523438 426.14221191 255 64 64
171.21644592 244.36419678 426.11029053 255 64 64
175.59490967 244.34071350 426.16864014 255 64 64
175.06280518 244.34114075 426.16772461 255 64 64
192.61885071 260.51647949 366.11065674 255 64 64
187.63464355 260.55593872 366.08142090 255 64 64
193.23272705 260.48757935 366.21420288 255 64 64
192.62556458 260.52493286 366.19692993 255 64 64
164.04664612 217.41279602 406.27810669 255 64 64
161.17523193 217.38340759 406.27270508 255 64 64
164.41633606 217.39622498 406.25646973 255 64 64
164.05404663 217.36457825 406.26272583 255 64 64
199.69613647 208.31246948 375.07522583 255 64 64
197.42889404 208.28703308 375.07641602 255 64 64
199.97500610 208.31373596 375.14682007 255 64 64
200.03170776 208.26959229 375.14923096 255 64 64
142.57252502 220.31887817 444.02911377 255 64 64
139.83395386 220.30709839 443.98275757 255 64 64
142.98930359 220.29307556 444.00698853 255 64 64
142.58770752 220.28108215 443.98413086 255 64 64
158.43096924 210.14761353 428.11196899 255 64 64
155.94303894 210.12559509 428.10287476 255 64 64
158.81869507 210.11990356 428.12084961 255 64 64
158.52923584 210.09507751 428.12286377 255 64 64
187.08792114 255.52326965 423.47100830 255 64 64
182.91001892 255.51202393 423.43920898 255 64 64
187.59518433 255.49931335 423.48785400 255 64 64
187.06713867 255.48381042 423.48623657 255 64 64
208.63873291 254.79402161 413.99639893 255 64 64
205.00291443 254.78388977 413.98440552 255 64 64
208.97229004 254.79278564 413.98974609 255 64 64
208.72398376 254.76695251 414.00057983 255 64 64
193.00263977 250.64346313 363.38647461 255 64 64
188.11485291 250.66508484 363.33959961 255 64 64
193.61743164 250.61515808 363.42617798 255 64 64
192.99182129 250.62347412 363.39807129 255 64 64
195.11862183 244.28013611 423.35159302 255 64 64
191.54710388 244.23414612 423.34152222 255 64 64
195.53880310 244.26333618 423.35720825 255 64 64
195.18904114 244.21453857 423.37078857 255 64 64
183.35514832 190.62893677 375.61074829 255 64 64
181.41539001 190.59390259 375.60690308 255 64 64
183.61650085 190.67230225 375.63293457 255 64 64
183.65881348 190.61935425 375.62753296 255 64 64
166.25613403 232.12338257 423.36614990 255 64 64
163.15830994 232.10652161 423.35992432 255 64 64
166.66114807 232.08888245 423.39706421 255 64 64
166.26681519 232.07423401 423.40734863 255 64 64
186.91177368 268.20904541 426.19558716 255 64 64
182.36412048 268.16601562 426.13446045 255 64 64
187.42863464 268.21136475 426.20892334 255 64 64
186.86903381 268.17910767 426.18295288 255 64 64
125.67359924 224.74020386 447.79919434 255 64 64
123.11647034 224.71243286 447.74594116 255 64 64
126.09952545 224.71356201 447.79238892 255 64 64
125.72985840 224.69088745 447.75839233 255 64 64
175.21469116 211.63078308 350.59777832 255 64 64
172.48933411 211.60662842 350.58200073 255 64 64
175.60246277 211.64846802 350.64736938 255 64 64
175.50897217 211.60989380 350.63519287 255 64 64
197.77355957 269.57485962 421.41323853 255 64 64
193.16500854 269.53558350 421.35998535 255 64 64
198.28359985 269.57147217 421.40270996 255 64 64
197.76646423 269.53115845 421.38211060 255 64 64
152.00120544 218.05210876 413.98516846 255 64 64
149.03764343 218.04312134 413.97943115 255 64 64
152.43402100 218.02194214 413.96652222 255 64 64
151.98934937 218.00881958 413.97485352 255 64 64
157.05424500 229.14775085 412.57122803 255 64 64
153.83119202 229.14128113 412.55023193 255 64 64
157.48320007 229.13249207 412.56033325 255 64 64
157.02145386 229.12377930 412.55587769 255 64 64
168.06857300 231.13041687 346.06619263 255 64 64
164.16769409 231.12429810 346.02291870 255 64 64
168.66284180 231.13632202 346.11395264 255 64 64
168.26461792 231.11871338 346.09774780 255 64 64
174.79025269 269.98007202 430.17678833 255 64 64
170.11807251 269.94821167 430.08593750 255 64 64
175.38555908 269.96728516 430.20086670 255 64 64
174.73344421 269.94116211 430.15011597 255 64 64
167.68997192 260.61364746 429.70684814 255 64 64
163.27253723 260.59625244 429.65966797 255 64 64
168.27368164 260.60931396 429.71078491 255 64 64
167.64436340 260.59686279 429.69271851 255 64 64
143.03495789 217.39880371 430.65377808 255 64 64
140.33279419 217.38226318 430.63781738 255 64 64
143.43679810 217.37084961 430.60519409 255 64 64
143.03253174 217.35136414 430.60314941 255 64 64
161.91130066 243.84863281 427.60067749 255 64 64
158.06835938 243.83738708 427.57366943 255 64 64
162.47149658 243.83456421 427.59729004 255 64 64
161.86805725 243.82168579 427.59823608 255 64 64
154.19454956 235.45520020 420.12936401 255 64 64
150.96003723 235.44511414 420.10131836 255 64 64
154.65698242 235.43132019 420.15371704 255 64 64
154.19009399 235.42439270 420.14358521 255 64 64
144.22442627 267.76583862 428.86441040 255 64 64
140.12126160 267.75375366 428.79260254 255 64 64
144.80717468 267.76528931 428.86502075 255 64 64
144.20700073 267.75814819 428.82360840 255 64 64
248.93002319 243.07499695 382.27169800 255 64 64
244.19235229 252.59761047 386.35983276 255 64 64
256.48239136 246.99497986 372.77761841 255 64 64
252.40014648 256.80889893 377.67373657 255 64 64
239.03344727 266.52072144 391.14871216 255 64 64
232.16409302 274.30731201 396.32727051 255 64 64
247.39869690 269.37536621 381.13598633 255 64 64
241.43081665 277.19342041 386.49957275 255 64 64
233.59996033 230.81251526 394.23693848 255 64 64
228.30426025 237.86688232 400.08575439 255 64 64
240.61694336 236.23910522 387.62545776 255 64 64
235.40982056 243.69303894 393.93777466 255 64 64
241.91207886 224.23434448 369.94302368 255 64 64
242.76730347 234.97335815 371.12435913 255 64 64
252.74754333 231.35169983 368.84298706 255 64 64
255.01846313 242.44502258 372.37509155 255 64 64
220.50784302 250.98852539 406.17565918 255 64 64
214.14630127 257.44256592 410.36123657 255 64 64
227.10949707 256.84912109 400.55715942 255 64 64
220.60034180 263.51968384 405.20822144 255 64 64
220.35430908 224.30039978 402.13031006 255 64 64
215.68354797 229.83525085 408.37963867 255 64 64
226.48751831 230.35882568 396.40847778 255 64 64
221.49395752 235.65649414 403.54354858 255 64 64
213.63455200 275.06372070 413.70141602 255 64 64
205.96411133 280.40075684 419.50988770 255 64 64
222.25569153 279.27587891 405.74066162 255 64 64
214.84506226 284.23599243 411.98901367 255 64 64
222.47503662 213.96980286 385.00564575 255 64 64
222.59251404 218.20655823 392.80010986 255 64 64
228.88885498 219.82252502 379.08697510 255 64 64
229.70716858 222.94720459 388.69226074 255 64 64
208.66755676 209.17578125 409.63690186 255 64 64
206.36662292 212.34965515 417.09674072 255 64 64
214.97396851 214.82208252 405.72787476 255 64 64
213.09869385 216.94783020 414.18563843 255 64 64
228.65512085 284.53713989 393.82064819 255 64 64
222.73446655 288.07910156 403.68182373 255 64 64
237.65072632 283.72177124 389.03967285 255 64 64
232.47901917 286.49264526 398.87719727 255 64 64
208.32113647 201.90550232 391.81793213 255 64 64
209.85690308 204.45346069 399.35452271 255 64 64
213.75955200 207.72908020 387.07235718 255 64 64
216.55845642 208.51713562 395.71710205 255 64 64
210.97145081 237.36004639 413.57839966 255 64 64
204.72210693 242.84075928 417.39691162 255 64 64
216.69328308 243.92135620 409.01000977 255 64 64
209.75109863 249.27316284 413.64434814 255 64 64
226.88409424 245.50682068 370.04315186 255 64 64
228.62419128 256.38757324 371.21380615 255 64 64
238.40948486 251.56130981 371.41848755 255 64 64
240.64077759 262.44204712 374.21447754 255 64 64
201.35632324 217.52258301 426.71481323 255 64 64
195.27429199 220.97300720 430.97421265 255 64 64
208.39691162 222.95114136 425.77447510 255 64 64
202.29913330 225.75793457 430.99832153 255 64 64
203.06086731 257.93957520 417.26306152 255 64 64
196.00846863 263.58068848 420.46005249 255 64 64
210.15264893 264.20367432 413.49575806 255 64 64
202.83451843 269.81036377 417.38607788 255 64 64
208.29063416 205.67639160 375.17794800 255 64 64
212.42700195 210.80871582 378.05462646 255 64 64
215.59695435 212.54475403 372.70477295 255 64 64
221.67111206 216.24317932 377.50741577 255 64 64
213.81515503 220.56950378 368.39248657 255 64 64
216.90242004 230.37161255 367.38522339 255 64 64
223.65515137 226.51374817 369.86404419 255 64 64
227.89880371 236.27059937 369.92086792 255 64 64
186.32051086 269.42654419 425.83245850 255 64 64
178.31742859 274.20162964 427.89770508 255 64 64
194.06970215 276.12759399 422.91693115 255 64 64
186.15321350 280.75604248 426.03717041 255 64 64
191.44792175 243.88543701 421.29327393 255 64 64
184.18295288 248.67233276 422.77688599 255 64 64
198.12634277 250.16381836 420.53387451 255 64 64
190.26892090 254.94578552 422.98391724 255 64 64
212.21836853 264.39755249 369.48883057 255 64 64
214.87113953 274.20751953 373.95489502 255 64 64
224.29878235 269.57614136 371.37322998 255 64 64
226.62637329 279.44317627 376.66400146 255 64 64
198.26412964 288.31860352 400.40139771 255 64 64
196.19201660 289.25280762 411.62069702 255 64 64
209.89627075 289.60549927 404.84976196 255 64 64
207.35470581 289.45037842 416.20288086 255 64 64
188.43594360 176.96978760 412.28228760 255 64 64
185.27337646 182.16607666 421.10617065 255 64 64
189.44903564 187.93368530 403.45056152 255 64 64
187.42079163 190.18589783 412.96923828 255 64 64
191.90039062 177.07212830 386.88143921 255 64 64
192.06817627 183.20730591 392.64657593 255 64 64
191.34655762 189.16928101 377.24072266 255 64 64
193.85121155 192.16305542 385.07452393 255 64 64
189.05398560 156.42471313 404.62759399 255 64 64
186.70088196 162.97912598 412.40432739 255 64 64
191.20053101 167.56820679 396.34500122 255 64 64
189.33593750 171.68884277 405.26138306 255 64 64
179.65980530 208.41526794 424.66287231 255 64 64
175.32266235 210.00811768 432.21127319 255 64 64
186.16058350 215.47850037 423.43515015 255 64 64
183.42416382 215.22090149 431.12921143 255 64 64
186.40219116 229.02554321 421.30053711 255 64 64
179.88320923 232.67475891 422.69949341 255 64 64
193.71343994 234.17633057 422.96374512 255 64 64
186.61575317 237.51455688 425.50137329 255 64 64
181.26789856 186.68922424 429.14468384 255 64 64
175.74879456 189.87590027 438.53344727 255 64 64
184.12684631 196.41752625 422.63848877 255 64 64
180.02197266 197.06608582 432.00363159 255 64 64
168.97195435 204.30252075 445.85549927 255 64 64
158.16995239 207.64468384 448.76809692 255 64 64
174.63079834 210.55923462 440.16418457 255 64 64
164.88380432 212.31840515 443.30459595 255 64 64
174.59635925 251.41244507 425.40676880 255 64 64
166.99479675 256.13537598 426.38519287 255 64 64
181.23541260 258.13146973 425.51416016 255 64 64
173.20083618 263.00595093 427.40863037 255 64 64
160.02407837 273.92562866 433.37915039 255 64 64
151.46002197 278.43893433 433.71759033 255 64 64
168.94439697 280.64877319 434.35235596 255 64 64
160.47679138 285.03906250 435.98007202 255 64 64
201.40159607 233.92242432 363.82537842 255 64 64
204.80575562 244.51185608 364.70199585 255 64 64
211.05609131 238.88252258 365.44668579 255 64 64
214.86965942 249.29678345 366.86657715 255 64 64
196.81939697 278.09686279 378.00540161 255 64 64
198.51312256 284.18087769 386.24468994 255 64 64
208.57012939 282.26574707 381.30624390 255 64 64
209.88397217 287.93246460 390.26593018 255 64 64
182.25056458 203.37939453 407.80441284 255 64 64
182.52366638 205.87814331 415.59887695 255 64 64
187.10389709 211.83247375 404.26394653 255 64 64
189.21391296 211.47319031 412.83193970 255 64 64
185.41558838 152.72824097 383.70065308 255 64 64
187.99404907 161.67218018 385.41799927 255 64 64
185.01356506 167.19128418 375.83044434 255 64 64
188.64508057 173.98190308 380.03668213 255 64 64
175.22917175 289.95388794 412.67791748 255 64 64
171.54647827 289.97949219 423.59014893 255 64 64
186.09317017 289.13336182 419.89761353 255 64 64
182.39573669 288.11721802 430.33352661 255 64 64
168.40016174 184.90890503 448.79614258 255 64 64
158.51538086 189.95364380 453.08111572 255 64 64
176.37471008 192.11569214 445.92883301 255 64 64
167.39732361 195.95399475 450.35699463 255 64 64
186.63421631 200.55094910 391.38293457 255 64 64
188.59585571 204.19918823 398.34872437 255 64 64
192.12994385 210.29621887 388.21667480 255 64 64
196.32536316 210.48301697 396.46185303 255 64 64
179.11260986 160.05621338 431.52630615 255 64 64
172.43615723 165.37847900 438.83264160 255 64 64
184.18688965 169.78796387 428.16445923 255 64 64
178.19538879 173.69847107 435.71090698 255 64 64
196.56549072 214.34771729 362.28646851 255 64 64
199.85353088 224.35060120 361.69549561 255 64 64
204.58827209 220.74861145 364.46063232 255 64 64
209.14093018 230.03503418 364.82986450 255 64 64
164.88970947 209.39450073 424.53295898 255 64 64
158.13845825 211.97789001 431.34326172 255 64 64
170.26020813 216.00895691 419.69882202 255 64 64
164.82672119 215.85740662 426.29852295 255 64 64
188.41946411 261.77627563 365.92269897 255 64 64
191.54116821 271.10205078 371.05798340 255 64 64
198.99118042 266.23446655 367.90182495 255 64 64
202.06614685 275.41458130 373.37271118 255 64 64
165.51858521 233.95883179 422.08218384 255 64 64
157.80876160 237.99777222 422.86410522 255 64 64
172.75796509 239.64031982 424.39001465 255 64 64
164.45176697 243.59855652 425.80447388 255 64 64
147.41517639 255.11898804 428.81793213 255 64 64
139.98289490 260.23657227 429.56860352 255 64 64
154.62701416 263.16735840 430.97790527 255 64 64
146.99986267 268.68841553 432.28805542 255 64 64
184.85069275 193.05862427 374.71835327 255 64 64
186.54194641 200.38069153 377.67864990 255 64 64
187.99749756 206.98432922 368.70138550 255 64 64
193.76068115 209.57263184 374.88577271 255 64 64
146.75579834 211.69543457 449.60217285 255 64 64
135.67430115 216.16937256 450.33288574 255 64 64
152.76992798 215.40641785 440.23553467 255 64 64
141.37348938 218.96238708 439.97079468 255 64 64
144.01002502 193.05801392 460.44058228 255 64 64
133.08204651 198.66963196 462.48440552 255 64 64
153.77278137 199.91604614 456.07589722 255 64 64
143.22663879 205.20190430 457.87393188 255 64 64
160.70117188 163.92538452 447.15063477 255 64 64
152.03280640 169.68069458 452.46307373 255 64 64
168.43461609 172.29409790 444.58596802 255 64 64
160.44136047 177.12724304 450.16412354 255 64 64
178.24606323 159.99125671 366.94458008 255 64 64
179.84384155 170.67123413 361.14398193 255 64 64
182.56155396 172.34428406 368.41094971 255 64 64
185.32849121 181.52638245 364.97595215 255 64 64
186.22357178 243.13995361 359.18505859 255 64 64
189.43780518 253.25698853 362.12274170 255 64 64
195.50408936 247.43870544 361.18878174 255 64 64
199.16807556 257.22506714 364.36807251 255 64 64
172.26507568 284.66851807 387.22195435 255 64 64
172.83917236 287.57373047 397.63031006 255 64 64
182.55097961 286.44491577 392.86309814 255 64 64
182.62701416 288.58837891 403.15725708 255 64 64
163.17828369 220.89820862 409.94494629 255 64 64
159.59155273 224.26399231 415.62741089 255 64 64
170.92745972 225.98870850 411.69277954 255 64 64
167.24772644 228.22322083 417.67639160 255 64 64
142.39208984 237.32560730 427.08856201 255 64 64
133.19030762 241.36946106 427.57373047 255 64 64
149.60786438 244.20675659 430.05212402 255 64 64
140.10099792 248.71415710 430.48901367 255 64 64
139.54986572 179.21142578 460.29296875 255 64 64
130.06268311 185.07498169 465.37805176 255 64 64
148.94061279 187.34024048 455.22262573 255 64 64
139.80969238 192.60395813 460.13745117 255 64 64
167.36976624 228.23403931 401.17715454 255 64 64
164.03054810 232.61154175 405.79086304 255 64 64
173.56103516 232.73159790 402.15441895 255 64 64
169.93051147 236.53140259 407.35269165 255 64 64
171.32751465 272.13638306 370.91265869 255 64 64
173.42030334 279.05297852 378.72482300 255 64 64
181.63696289 275.51397705 374.30599976 255 64 64
183.57769775 282.21209717 382.37008667 255 64 64
176.33233643 174.86764526 355.61309814 255 64 64
176.59277344 186.66166687 350.82421875 255 64 64
180.76992798 184.21900940 360.25433350 255 64 64
182.77758789 193.81051636 357.41186523 255 64 64
178.75733948 223.67350769 352.92047119 255 64 64
181.79441833 233.81022644 355.45858765 255 64 64
186.67874146 228.28718567 356.45257568 255 64 64
190.36044312 237.63069153 359.13092041 255 64 64
124.95298767 260.34680176 426.86489868 255 64 64
118.24897003 265.83441162 429.41186523 255 64 64
134.13508606 270.04653931 431.77185059 255 64 64
126.72839355 275.62667847 433.99603271 255 64 64
119.50671387 203.11563110 467.40048218 255 64 64
108.69880676 209.12484741 469.20147705 255 64 64
127.03544617 210.28367615 458.83099365 255 64 64
116.51490784 216.22793579 459.94506836 255 64 64
149.85144043 287.29891968 395.12661743 255 64 64
150.80311584 289.18600464 406.05459595 255 64 64
159.76303101 288.01660156 401.48223877 255 64 64
160.28700256 289.09375000 412.12680054 255 64 64
160.89341736 237.61788940 399.78778076 255 64 64
156.50904846 242.34378052 403.82772827 255 64 64
166.44500732 241.99440002 401.28640747 255 64 64
161.53213501 246.44471741 405.46215820 255 64 64
174.71150208 200.50961304 348.44573975 255 64 64
175.66069031 211.31161499 348.48214722 255 64 64
180.58293152 206.45780945 353.81301880 255 64 64
182.91535950 215.54345703 354.37353516 255 64 64
134.27790833 287.46990967 410.26086426 255 64 64
135.33821106 288.15905762 421.44863892 255 64 64
144.43025208 289.05456543 417.19909668 255 64 64
144.96870422 288.73107910 427.76882935 255 64 64
145.59648132 217.88572693 421.72125244 255 64 64
136.87298584 221.75933838 424.65402222 255 64 64
151.05653381 222.65638733 417.47674561 255 64 64
142.37831116 225.87847900 419.62109375 255 64 64
151.81727600 202.36915588 415.88992310 255 64 64
147.99386597 205.18875122 422.17666626 255 64 64
156.56135559 209.63513184 411.35153198 255 64 64
154.01782227 209.44961548 417.58511353 255 64 64
166.61984253 255.01319885 357.55639648 255 64 64
169.09005737 263.93743896 363.13848877 255 64 64
176.16804504 258.91830444 360.19097900 255 64 64
178.85821533 267.52172852 365.98562622 255 64 64
150.72856140 279.20501709 376.03710938 255 64 64
152.46385193 284.71429443 385.29989624 255 64 64
160.16973877 281.73132324 380.57305908 255 64 64
161.46560669 286.71606445 389.85552979 255 64 64
122.32334900 217.59318542 441.57446289 255 64 64
113.00740051 222.51884460 445.01232910 255 64 64
124.11449432 220.13598633 427.87609863 255 64 64
112.69050598 224.27334595 429.64364624 255 64 64
164.13928223 150.20095825 349.21417236 255 64 64
164.40895081 161.01477051 342.18734741 255 64 64
172.30845642 158.53668213 352.41854858 255 64 64
173.03353882 168.42343140 347.13415527 255 64 64
117.63486481 235.02662659 425.58895874 255 64 64
107.72252655 238.11685181 427.21081543 255 64 64
123.88813782 244.83021545 425.15002441 255 64 64
113.53884125 248.47402954 425.51269531 255 64 64
105.10075378 217.13285828 456.25991821 255 64 64
94.71209717 222.90586853 460.03756714 255 64 64
106.13903809 223.79331970 443.02609253 255 64 64
95.20909119 229.29470825 445.46185303 255 64 64
161.59773254 236.24501038 346.97817993 255 64 64
163.91737366 245.32278442 351.94418335 255 64 64
170.44227600 239.28405762 351.17260742 255 64 64
173.38192749 247.89535522 355.95065308 255 64 64
142.09684753 203.03887939 408.82006836 255 64 64
140.10246277 206.22653198 414.51235962 255 64 64
147.89889526 209.61085510 406.13479614 255 64 64
146.29718018 210.97697449 411.71493530 255 64 64
102.31758118 234.30624390 433.59991455 255 64 64
95.33407593 238.92483521 441.00070190 255 64 64
104.84881592 245.76713562 425.07473755 255 64 64
98.08575439 250.75675964 432.06808472 255 64 64
163.66308594 169.93902588 339.25704956 255 64 64
163.02696228 181.18980408 335.73083496 255 64 64
170.82609558 176.13325500 344.81008911 255 64 64
171.07040405 186.06379700 342.26336670 255 64 64
159.08175659 216.98129272 339.84310913 255 64 64
160.32572937 226.29724121 344.37216187 255 64 64
167.14636230 219.66801453 345.59051514 255 64 64
169.52996826 228.33737183 349.60092163 255 64 64
147.13961792 264.23809814 359.10189819 255 64 64
149.08035278 272.17623901 366.33340454 255 64 64
157.04014587 267.83615112 362.39385986 255 64 64
158.99514771 275.54989624 369.89306641 255 64 64
129.91998291 282.62591553 385.26840210 255 64 64
131.77018738 286.88925171 395.04101562 255 64 64
139.61630249 286.48773193 389.80337524 255 64 64
140.94244385 290.06314087 399.70782471 255 64 64
158.05430603 192.65611267 333.19714355 255 64 64
157.81713867 203.64314270 335.58419800 255 64 64
165.41377258 196.80625916 339.65512085 255 64 64
166.51109314 206.61625671 341.62933350 255 64 64
106.96473694 273.07675171 412.07955933 255 64 64
111.01745605 275.18182373 421.48800659 255 64 64
116.93218231 280.78015137 415.13534546 255 64 64
120.85893250 282.33166504 424.96499634 255 64 64
115.25519562 278.47085571 397.44723511 255 64 64
118.29424286 281.59259033 407.19818115 255 64 64
124.26211548 284.59814453 400.63391113 255 64 64
127.15255737 287.07525635 410.78244019 255 64 64
145.79724121 247.85795593 346.81579590 255 64 64
147.52392578 256.12677002 353.06317139 255 64 64
155.19584656 250.84188843 351.02203369 255 64 64
157.42839050 258.64816284 357.00369263 255 64 64
148.29647827 151.03158569 332.36456299 255 64 64
148.09129333 161.11318970 326.36715698 255 64 64
158.05458069 157.15298462 333.51306152 255 64 64
158.36553955 167.17553711 328.57952881 255 64 64
127.60477448 268.94824219 365.56701660 255 64 64
129.67886353 276.34902954 373.65670776 255 64 64
137.33750916 274.09927368 368.28521729 255 64 64
139.16458130 281.17529297 377.03430176 255 64 64
89.97834015 253.49711609 422.24334717 255 64 64
93.94052124 257.74273682 429.99053955 255 64 64
97.88301086 265.00967407 420.20074463 255 64 64
102.10501099 268.97973633 428.86911011 255 64 64
143.96574402 229.97204590 339.22308350 255 64 64
145.58122253 238.84906006 344.74414062 255 64 64
153.31120300 232.43734741 343.82693481 255 64 64
155.98268127 240.93251038 348.83428955 255 64 64
81.38426971 229.81852722 437.05526733 255 64 64
84.37854004 236.20761108 444.93041992 255 64 64
84.45628357 240.23867798 427.81362915 255 64 64
88.05039978 246.62777710 436.24185181 255 64 64
145.69734192 171.88763428 323.93237305 255 64 64
145.46656799 182.28024292 322.97824097 255 64 64
154.97097778 176.77786255 327.71127319 255 64 64
155.46163940 186.72366333 326.99035645 255 64 64
140.62455750 211.71807861 329.83038330 255 64 64
141.57235718 221.46507263 334.20590210 255 64 64
150.06155396 214.71037292 334.00317383 255 64 64
152.20896912 223.83145142 338.06573486 255 64 64
111.18820190 268.96398926 378.02877808 255 64 64
113.49553680 275.06768799 386.23263550 255 64 64
119.50474548 276.13153076 378.78921509 255 64 64
121.80961609 281.90454102 388.02838135 255 64 64
127.26278687 252.52478027 350.31579590 255 64 64
129.03720093 261.03765869 357.17922974 255 64 64
136.85823059 257.28314209 352.91073608 255 64 64
138.90475464 265.51651001 360.15997314 255 64 64
139.70388794 189.98710632 323.39898682 255 64 64
140.08450317 201.15127563 325.88000488 255 64 64
149.40118408 194.11622620 327.50680542 255 64 64
150.64392090 204.40155029 329.71719360 255 64 64
99.24851990 261.84072876 391.89370728 255 64 64
101.94951630 267.01144409 399.95190430 255 64 64
106.85253906 270.99133301 391.36914062 255 64 64
109.79809570 275.80972290 400.57290649 255 64 64
89.29190063 247.20004272 403.48352051 255 64 64
91.94270325 252.84709167 410.47491455 255 64 64
95.18103790 256.96377563 400.24124146 255 64 64
98.16004944 262.75451660 408.30535889 255 64 64
81.17864227 203.50241089 432.61676025 255 64 64
81.57986450 212.21014404 438.75390625 255 64 64
81.40813446 210.08044434 422.88058472 255 64 64
82.15657806 219.78021240 429.52752686 255 64 64
126.57485962 235.10536194 341.82516479 255 64 64
127.91773224 243.74618530 347.19073486 255 64 64
136.05615234 238.92613220 343.73059082 255 64 64
138.32362366 247.43901062 348.96429443 255 64 64
83.16163635 226.38385010 417.10855103 255 64 64
84.71511841 234.15861511 423.20043945 255 64 64
85.65744019 234.56802368 409.77862549 255 64 64
87.55192566 243.11042786 416.61254883 255 64 64
111.07675171 253.37115479 360.94470215 255 64 64
112.72396851 261.62814331 367.73532104 255 64 64
119.19867706 260.32269287 360.68292236 255 64 64
121.26440430 268.53045654 368.42227173 255 64 64
125.43276215 154.93273926 325.31314087 255 64 64
124.64987183 165.35684204 320.79394531 255 64 64
135.01934814 159.90661621 322.18478394 255 64 64
135.35833740 170.44488525 318.19995117 255 64 64
97.82249451 250.70410156 375.48818970 255 64 64
99.48225403 257.73486328 382.53469849 255 64 64
104.05067444 258.83120728 373.47857666 255 64 64
106.23941040 265.90130615 381.61746216 255 64 64
121.45335388 217.96543884 332.70312500 255 64 64
122.93942261 227.46444702 336.92904663 255 64 64
131.54972839 221.95616150 333.48992920 255 64 64
133.90480042 231.31541443 337.85757446 255 64 64
82.36423492 191.10804749 418.73632812 255 64 64
81.18030548 200.24487305 423.70922852 255 64 64
82.06751251 196.46574402 409.42187500 255 64 64
81.03563690 206.64184570 414.55026245 255 64 64
109.88519287 238.05978394 349.17282104 255 64 64
111.45982361 246.84822083 355.04425049 255 64 64
118.65641022 243.59634399 348.87857056 255 64 64
121.15614319 252.73318481 355.24795532 255 64 64
118.83700562 171.85614014 320.08016968 255 64 64
119.04711914 182.81954956 319.08398438 255 64 64
128.81970215 176.87924194 318.22186279 255 64 64
130.32963562 187.58676147 317.76669312 255 64 64
87.48844910 235.46949768 389.42120361 255 64 64
89.04733276 242.47662354 395.79653931 255 64 64
91.27938843 244.00108337 384.61703491 255 64 64
93.29442596 251.39990234 391.93713379 255 64 64
84.14956665 211.91096497 405.03503418 255 64 64
84.76039124 220.16600037 410.48721313 255 64 64
85.36883545 218.71733093 396.87054443 255 64 64
86.31730652 227.85021973 402.92895508 255 64 64
85.91085815 172.04510498 412.25964355 255 64 64
83.39291382 181.41024780 415.87518311 255 64 64
84.68657684 176.79263306 402.41006470 255 64 64
82.41024780 187.06713867 405.63952637 255 64 64
117.22939301 197.54043579 324.69607544 255 64 64
118.63352966 207.44293213 327.17318726 255 64 64
127.62002563 201.83920288 324.48620605 255 64 64
130.02183533 211.72988892 327.38354492 255 64 64
106.91552734 151.08668518 337.97320557 255 64 64
104.71792603 161.22341919 332.80645752 255 64 64
112.96730042 155.01541138 329.17492676 255 64 64
112.08082581 165.78591919 323.99044800 255 64 64
96.09703064 236.72526550 359.94726562 255 64 64
97.56021118 244.72639465 366.14151001 255 64 64
102.24229431 243.48538208 357.14736938 255 64 64
104.50978088 252.03565979 364.20568848 255 64 64
88.45930481 231.59194946 374.41696167 255 64 64
89.88287354 238.95928955 380.39270020 255 64 64
92.16886902 239.16448975 369.71813965 255 64 64
94.17407227 247.13214111 376.56387329 255 64 64
90.08665466 162.86103821 392.23962402 255 64 64
87.20064545 172.69464111 392.57522583 255 64 64
88.64389801 167.68336487 382.52362061 255 64 64
86.26718140 178.00115967 382.07141113 255 64 64
104.50928497 220.70137024 340.36914062 255 64 64
106.19906616 229.84608459 344.84109497 255 64 64
113.70220947 225.78547668 338.45349121 255 64 64
116.31414032 235.39863586 343.37030029 255 64 64
84.92868042 194.44036865 398.53274536 255 64 64
84.02744293 203.35281372 402.71441650 255 64 64
84.65865326 199.82170105 389.76892090 255 64 64
84.07295990 209.77732849 394.06768799 255 64 64
100.97201538 167.62037659 330.75152588 255 64 64
100.12687683 178.22555542 328.07171631 255 64 64
108.82083130 172.14352417 323.72128296 255 64 64
109.42079163 182.90025330 321.49710083 255 64 64
84.79483032 211.12364197 383.40838623 255 64 64
85.40647888 219.11099243 388.32321167 255 64 64
85.94801331 217.96937561 376.15716553 255 64 64
86.97077942 226.85032654 381.58377075 255 64 64
94.11508179 156.70027161 354.12112427 255 64 64
91.24137115 166.74645996 350.16091919 255 64 64
96.13812256 160.92028809 343.85055542 255 64 64
94.46113586 171.26565552 339.52423096 255 64 64
85.27854156 180.46940613 389.07141113 255 64 64
83.56513977 189.69677734 391.14007568 255 64 64
84.51336670 185.68145752 379.87060547 255 64 64
83.31320190 195.49537659 381.54760742 255 64 64
99.01232910 201.80967712 333.33541870 255 64 64
100.37881470 211.36378479 335.50695801 255 64 64
107.84259033 207.13587952 329.06176758 255 64 64
110.19569397 216.84155273 331.96203613 255 64 64
92.36145020 219.51252747 349.52169800 255 64 64
93.99070740 228.39741516 353.86770630 255 64 64
98.74095154 225.50794983 344.97198486 255 64 64
101.22100067 235.05221558 349.99310303 255 64 64
90.19485474 163.27832031 369.40063477 255 64 64
87.41758728 173.26544189 367.18667603 255 64 64
90.07183838 168.00616455 359.31890869 255 64 64
88.11731720 178.28657532 356.55148315 255 64 64
87.29850769 217.19387817 362.13159180 255 64 64
88.55181885 225.20483398 366.66064453 255 64 64
90.52232361 223.94316101 356.30297852 255 64 64
92.38630676 232.80639648 361.45989990 255 64 64
97.22560120 183.38249207 330.74957275 255 64 64
97.61975098 194.04278564 330.10003662 255 64 64
105.76800537 188.47644043 324.56655884 255 64 64
107.46763611 199.10720825 324.61120605 255 64 64
84.18589020 197.16448975 373.16436768 255 64 64
84.09449005 205.88798523 375.84912109 255 64 64
84.99916840 203.10481262 364.84045410 255 64 64
85.38482666 212.35974121 367.61773682 255 64 64
85.86066437 181.81178284 367.31362915 255 64 64
84.46318054 191.37770081 367.34954834 255 64 64
86.26712036 187.13406372 357.82022095 255 64 64
85.67951965 196.96569824 357.72555542 255 64 64
89.25807190 172.67495728 343.77084351 255 64 64
88.13404846 183.12661743 341.35278320 255 64 64
93.94523621 177.37918091 334.46472168 255 64 64
94.10204315 187.98632812 332.28778076 255 64 64
87.80583191 200.63459778 344.86325073 255 64 64
88.86280823 210.34420776 346.63223267 255 64 64
93.46271515 206.53358459 337.98504639 255 64 64
95.46791840 216.62896729 340.46115112 255 64 64
84.80688477 200.07560730 354.98321533 255 64 64
85.32492065 209.46240234 356.80636597 255 64 64
87.89132690 205.91554260 347.04803467 255 64 64
89.16629028 215.81213379 349.35342407 255 64 64
102.09037781 224.83767700 380.68862915 255 64 64
102.07689667 224.84210205 380.68966675 255 64 64
102.10722351 224.83157349 380.68267822 255 64 64
102.09432983 224.83467102 380.67916870 255 64 64
208.63671875 254.80108643 413.97338867 255 64 64
208.64114380 254.79319763 413.96847534 255 64 64
208.65232849 254.79934692 413.97662354 255 64 64
208.65840149 254.79399109 413.96887207 255 64 64
147.27493286 214.24143982 454.87515259 255 64 64
147.27304077 214.24711609 454.87570190 255 64 64
147.27680969 214.24250793 454.86880493 255 64 64
147.27787781 214.25234985 454.86437988 255 64 64
175.32852173 211.63241577 350.61163330 255 64 64
175.33180237 211.63223267 350.61605835 255 64 64
175.33021545 211.63233948 350.61444092 255 64 64
175.33323669 211.62805176 350.61328125 255 64 64
141.27033997 288.12725830 397.14776611 255 64 64
141.27032471 288.12966919 397.14825439 255 64 64
141.27528381 288.12738037 397.14630127 255 64 64
141.27487183 288.12899780 397.14590454 255 64 64
187.83627319 186.05198669 410.97967529 255 64 64
187.84584045 186.05044556 410.98474121 255 64 64
187.83842468 186.05548096 410.97897339 255 64 64
187.84963989 186.05186462 410.97601318 255 64 64
156.62248230 231.24284363 402.23004150 255 64 64
156.62002563 231.23884583 402.23168945 255 64 64
156.62097168 231.24423218 402.23562622 255 64 64
156.61865234 231.24061584 402.23068237 255 64 64
112.90592957 252.03083801 425.33322144 255 64 64
112.90615845 252.03038025 425.32293701 255 64 64
112.91228485 252.02871704 425.33212280 255 64 64
112.91151428 252.02926636 425.32025146 255 64 64
182.48771667 261.65930176 367.69998169 255 64 64
182.48995972 261.65621948 367.69531250 255 64 64
182.48925781 261.66098022 367.70434570 255 64 64
182.49018860 261.65496826 367.69799805 255 64 64
166.33326721 278.43756104 435.24133301 255 64 64
166.33699036 278.42266846 435.24401855 255 64 64
166.33825684 278.43646240 435.24600220 255 64 64
166.34121704 278.42810059 435.24475098 255 64 64
191.60160828 220.67440796 438.61441040 255 64 64
191.60403442 220.67543030 438.61288452 255 64 64
191.60171509 220.67102051 438.62075806 255 64 64
191.60812378 220.67546082 438.61389160 255 64 64
136.60612488 229.89726257 351.98538208 255 64 64
136.60704041 229.89855957 351.99313354 255 64 64
136.61206055 229.89176941 351.98712158 255 64 64
136.61018372 229.89181519 351.98919678 255 64 64
211.13011169 216.60653687 397.35070801 255 64 64
211.14512634 216.60116577 397.34579468 255 64 64
211.14221191 216.60314941 397.36233521 255 64 64
211.15667725 216.59718323 397.35388184 255 64 64
141.80049133 268.21478271 358.75955200 255 64 64
141.80488586 268.21820068 358.75466919 255 64 64
141.80671692 268.21109009 358.75695801 255 64 64
141.80763245 268.21112061 358.75036621 255 64 64
142.78317261 200.79382324 415.88446045 255 64 64
142.78514099 200.79516602 415.88391113 255 64 64
142.79008484 200.79896545 415.87786865 255 64 64
142.79319763 200.80046082 415.87011719 255 64 64
182.10661316 283.05868530 403.41293335 255 64 64
182.11035156 283.04812622 403.41632080 255 64 64
182.10963440 283.05206299 403.42129517 255 64 64
182.11181641 283.04370117 403.42135620 255 64 64
183.49876404 190.66883850 375.60720825 255 64 64
183.50222778 190.66174316 375.61544800 255 64 64
183.50379944 190.66874695 375.60815430 255 64 64
183.50811768 190.65809631 375.60852051 255 64 64
200.26577759 233.55230713 363.50979614 255 64 64
200.27694702 233.54998779 363.50588989 255 64 64
200.27073669 233.55126953 363.51785278 255 64 64
200.28045654 233.54421997 363.51123047 255 64 64
106.65843964 219.74549866 431.75830078 255 64 64
106.65010071 219.74768066 431.75732422 255 64 64
106.66110229 219.74269104 431.76538086 255 64 64
106.65611267 219.74711609 431.75827026 255 64 64
145.52539062 254.62486267 426.51495361 255 64 64
145.52291870 254.62022400 426.50976562 255 64 64
145.53642273 254.62741089 426.52056885 255 64 64
145.53347778 254.62521362 426.51007080 255 64 64
163.66311646 245.36839294 347.49429321 255 64 64
163.66603088 245.36599731 347.49493408 255 64 64
163.67263794 245.36001587 347.50003052 255 64 64
163.67349243 245.35719299 347.49829102 255 64 64
175.03474426 244.36016846 426.17340088 255 64 64
175.02870178 244.36141968 426.16619873 255 64 64
175.04212952 244.35472107 426.17114258 255 64 64
175.03707886 244.35639954 426.16003418 255 64 64
175.24470520 194.46455383 440.87542725 255 64 64
175.25015259 194.47003174 440.87817383 255 64 64
175.25462341 194.46347046 440.88442993 255 64 64
175.26161194 194.47030640 440.88012695 255 64 64
168.24642944 214.60386658 422.45385742 255 64 64
168.24557495 214.60345459 422.45288086 255 64 64
168.24711609 214.60427856 422.45727539 255 64 64
168.25021362 214.60598755 422.45056152 255 64 64
132.39422607 226.47999573 418.59017944 255 64 64
132.39411926 226.47932434 418.58612061 255 64 64
132.39990234 226.48011780 418.58871460 255 64 64
132.39929199 226.47985840 418.57968140 255 64 64
207.20240784 249.13198853 386.79571533 255 64 64
207.20867920 249.11810303 386.79934692 255 64 64
207.20513916 249.12870789 386.80429077 255 64 64
207.21099854 249.11463928 386.80484009 255 64 64
159.41529846 279.08654785 377.21798706 255 64 64
159.41607666 279.08511353 377.21368408 255 64 64
159.42051697 279.08245850 377.22213745 255 64 64
159.41976929 279.07833862 377.21676636 255 64 64
123.87908173 275.50338745 420.22656250 255 64 64
123.87934113 275.49954224 420.22827148 255 64 64
123.88377380 275.49661255 420.23504639 255 64 64
123.88321686 275.49603271 420.23193359 255 64 64
138.88150024 249.24237061 402.55758667 255 64 64
138.87954712 249.24102783 402.54974365 255 64 64
138.88537598 249.24354553 402.55651855 255 64 64
138.88362122 249.24093628 402.54568481 255 64 64
125.66301727 224.74359131 447.77606201 255 64 64
125.66122437 224.74710083 447.77877808 255 64 64
125.67288208 224.73730469 447.78240967 255 64 64
125.67399597 224.74273682 447.78088379 255 64 64
186.83987427 268.20373535 426.20861816 255 64 64
186.83753967 268.19857788 426.20382690 255 64 64
186.85110474 268.19869995 426.21072388 255 64 64
186.84950256 268.19598389 426.20233154 255 64 64
207.03921509 230.56211853 416.87640381 255 64 64
207.04682922 230.55799866 416.87081909 255 64 64
207.05203247 230.55696106 416.88781738 255 64 64
207.06033325 230.55390930 416.87890625 255 64 64
199.87664795 208.29608154 375.11401367 255 64 64
199.88273621 208.28610229 375.11517334 255 64 64
199.88023376 208.29747009 375.11627197 255 64 64
199.88639832 208.28636169 375.11245728 255 64 64
198.81887817 205.71980286 418.11846924 255 64 64
198.82539368 205.71868896 418.11752319 255 64 64
198.81530762 205.71658325 418.11645508 255 64 64
198.82342529 205.71653748 418.11010742 255 64 64
142.11032104 276.76901245 433.26162720 255 64 64
142.11221313 276.76248169 433.26065063 255 64 64
142.11831665 276.76107788 433.27044678 255 64 64
142.11972046 276.75881958 433.26483154 255 64 64
189.96548462 202.21260071 395.66397095 255 64 64
189.97018433 202.20797729 395.66427612 255 64 64
189.96545410 202.21961975 395.66372681 255 64 64
189.97189331 202.21469116 395.65844727 255 64 64
137.93833923 279.64208984 376.87841797 255 64 64
137.93943787 279.64465332 376.87350464 255 64 64
137.94575500 279.63879395 376.88146973 255 64 64
137.94409180 279.63803101 376.87573242 255 64 64
153.23211670 241.37731934 365.78399658 255 64 64
153.23724365 241.36888123 365.79757690 255 64 64
153.23394775 241.36584473 365.78305054 255 64 64
153.23756409 241.35997009 365.78952026 255 64 64
181.17869568 240.46418762 358.24609375 255 64 64
181.18249512 240.46261597 358.24291992 255 64 64
181.17860413 240.46043396 358.25210571 255 64 64
181.18034363 240.45555115 358.24526978 255 64 64
162.58557129 289.67129517 402.28430176 255 64 64
162.58650208 289.66796875 402.28070068 255 64 64
162.58627319 289.66534424 402.29037476 255 64 64
162.58552551 289.66394043 402.28573608 255 64 64
99.87954712 223.26327515 400.94070435 255 64 64
99.86800385 223.26969910 400.93554688 255 64 64
99.88726807 223.26388550 400.95129395 255 64 64
99.87760925 223.26971436 400.94244385 255 64 64
164.76985168 263.61291504 360.01562500 255 64 64
164.77368164 263.61264038 360.01077271 255 64 64
164.77999878 263.60647583 360.02020264 255 64 64
164.78045654 263.60354614 360.01443481 255 64 64
164.48585510 210.41363525 443.06390381 255 64 64
164.48843384 210.41679382 443.06286621 255 64 64
164.49243164 210.40843201 443.06607056 255 64 64
164.49807739 210.41528320 443.06088257 255 64 64
195.08143616 244.25379944 423.36437988 255 64 64
195.08383179 244.24795532 423.36450195 255 64 64
195.09158325 244.25288391 423.36990356 255 64 64
195.09355164 244.24960327 423.36566162 255 64 64
102.14015198 237.52804565 419.56066895 255 64 64
102.12983704 237.53085327 419.55899048 255 64 64
102.14732361 237.53007507 419.56304932 255 64 64
102.13905334 237.53440857 419.55667114 255 64 64
154.14308167 235.43725586 420.16104126 255 64 64
154.13609314 235.43980408 420.15496826 255 64 64
154.15100098 235.43986511 420.15914917 255 64 64
154.14427185 235.44229126 420.14819336 255 64 64
143.01202393 217.38110352 430.65228271 255 64 64
143.01232910 217.38278198 430.65084839 255 64 64
143.02061462 217.38197327 430.65405273 255 64 64
143.02125549 217.38563538 430.64721680 255 64 64
181.92485046 277.35983276 377.13769531 255 64 64
181.93124390 277.35583496 377.13272095 255 64 64
181.93215942 277.35443115 377.14300537 255 64 64
181.93611145 277.34786987 377.13772583 255 64 64
151.97763062 218.03982544 413.98065186 255 64 64
151.97888184 218.03936768 413.98049927 255 64 64
151.98869324 218.03741455 413.98583984 255 64 64
151.98983765 218.03816223 413.97915649 255 64 64
167.60823059 260.63381958 429.71615601 255 64 64
167.60415649 260.62976074 429.70880127 255 64 64
167.62374878 260.62780762 429.71728516 255 64 64
167.61837769 260.62600708 429.70541382 255 64 64
190.79908752 213.12945557 360.19079590 255 64 64
190.80368042 213.12501526 360.19131470 255 64 64
190.80302429 213.12472534 360.19256592 255 64 64
190.80737305 213.11718750 360.18786621 255 64 64
147.28474426 251.88940430 351.53295898 255 64 64
147.28633118 251.89056396 351.53527832 255 64 64
147.28533936 251.88481140 351.54339600 255 64 64
147.28480530 251.88565063 351.54217529 255 64 64
175.64631653 199.00115967 418.69351196 255 64 64
175.65377808 198.99955750 418.69598389 255 64 64
175.64791870 199.00724792 418.69430542 255 64 64
175.65760803 199.00595093 418.68923950 255 64 64
189.06230164 185.15576172 391.22613525 255 64 64
189.06939697 185.15257263 391.22891235 255 64 64
189.06364441 185.16087341 391.23538208 255 64 64
189.07322693 185.15495300 391.23037720 255 64 64
132.15611267 243.48397827 425.55801392 255 64 64
132.15238953 243.48196411 425.55160522 255 64 64
132.16500854 243.48194885 425.55926514 255 64 64
132.15943909 243.48266602 425.54833984 255 64 64
181.05111694 228.26338196 426.74649048 255 64 64
181.04963684 228.26455688 426.74230957 255 64 64
181.05638123 228.26443481 426.74899292 255 64 64
181.05679321 228.26805115 426.73889160 255 64 64
184.21504211 185.64886475 427.25085449 255 64 64
184.22103882 185.65277100 427.25778198 255 64 64
184.21955872 185.64422607 427.25506592 255 64 64
184.22958374 185.64724731 427.25433350 255 64 64
155.14482117 249.78811646 401.51843262 255 64 64
155.14169312 249.78984070 401.51324463 255 64 64
155.15521240 249.78813171 401.52926636 255 64 64
155.15078735 249.78826904 401.52105713 255 64 64
203.05236816 197.65371704 405.15005493 255 64 64
203.06246948 197.64877319 405.15203857 255 64 64
203.05014038 197.65489197 405.15032959 255 64 64
203.06121826 197.64935303 405.14660645 255 64 64
192.98587036 250.61238098 363.40600586 255 64 64
192.99478149 250.60626221 363.40124512 255 64 64
192.99197388 250.60920715 363.41107178 255 64 64
193.00054932 250.60169983 363.40472412 255 64 64
121.51931763 220.22985840 427.60437012 255 64 64
121.51515198 220.23037720 427.60314941 255 64 64
121.52756500 220.22825623 427.60940552 255 64 64
121.52464294 220.23075867 427.60308838 255 64 64
135.41279602 265.33157349 419.99945068 255 64 64
135.41160583 265.32720947 419.99398804 255 64 64
135.41519165 265.33200073 420.00070190 255 64 64
135.41403198 265.33056641 419.99060059 255 64 64
117.09560394 234.11802673 419.34097290 255 64 64
117.09420776 234.11853027 419.33123779 255 64 64
117.10034180 234.11784363 419.34118652 255 64 64
117.09933472 234.11936951 419.32974243 255 64 64
201.24205017 195.72891235 387.68106079 255 64 64
201.24935913 195.72193909 387.68472290 255 64 64
201.24513245 195.72622681 387.67697144 255 64 64
201.25378418 195.71640015 387.67474365 255 64 64
204.46829224 218.51855469 430.95617676 255 64 64
204.47077942 218.52020264 430.95407104 255 64 64
204.47195435 218.51196289 430.96145630 255 64 64
204.47741699 218.51577759 430.95440674 255 64 64
175.27099609 226.47665405 352.86218262 255 64 64
175.27416992 226.47366333 352.86459351 255 64 64
175.27525330 226.47616577 352.86779785 255 64 64
175.27761841 226.47035217 352.86596680 255 64 64
172.23277283 284.83142090 385.60015869 255 64 64
172.23664856 284.83087158 385.59323120 255 64 64
172.23812866 284.82699585 385.60321045 255 64 64
172.23942566 284.82464600 385.59613037 255 64 64
164.02943420 217.38879395 406.26263428 255 64 64
164.02915955 217.38836670 406.26196289 255 64 64
164.03207397 217.39187622 406.26770020 255 64 64
164.03366089 217.39224243 406.26077271 255 64 64
148.80570984 284.21417236 385.65167236 255 64 64
148.80749512 284.21316528 385.64874268 255 64 64
148.81268311 284.20816040 385.65420532 255 64 64
148.81242371 284.20578003 385.64996338 255 64 64
182.61210632 209.87551880 424.70581055 255 64 64
182.61854553 209.87585449 424.70446777 255 64 64
182.61482239 209.87184143 424.70446777 255 64 64
182.62274170 209.87384033 424.69775391 255 64 64
114.77618408 265.94970703 425.54016113 255 64 64
114.77288818 265.94671631 425.54049683 255 64 64
114.78230286 265.94503784 425.54510498 255 64 64
114.77840424 265.94635010 425.54101562 255 64 64
179.15797424 196.71215820 402.66360474 255 64 64
179.16287231 196.70930481 402.66687012 255 64 64
179.15972900 196.71905518 402.66424561 255 64 64
179.16751099 196.71546936 402.65924072 255 64 64
176.63591003 213.44071960 437.15979004 255 64 64
176.64265442 213.44160461 437.15805054 255 64 64
176.63706970 213.43690491 437.15972900 255 64 64
176.64488220 213.43983459 437.15270996 255 64 64
174.42965698 252.41990662 359.06921387 255 64 64
174.43315125 252.41665649 359.06515503 255 64 64
174.43637085 252.41746521 359.07397461 255 64 64
174.44078064 252.41285706 359.06726074 255 64 64
208.73115540 217.62483215 413.27545166 255 64 64
208.73527527 217.62135315 413.27239990 255 64 64
208.73486328 217.62080383 413.28417969 255 64 64
208.74212646 217.61967468 413.27770996 255 64 64
154.96469116 265.08190918 430.54229736 255 64 64
154.96105957 265.07635498 430.53579712 255 64 64
154.97085571 265.07580566 430.54449463 255 64 64
154.96627808 265.07339478 430.53363037 255 64 64
161.81266785 243.83941650 427.60989380 255 64 64
161.81181335 243.83666992 427.60360718 255 64 64
161.82560730 243.83596802 427.61740112 255 64 64
161.82456970 243.83540344 427.60614014 255 64 64
142.56210327 220.29641724 444.03668213 255 64 64
142.55863953 220.30197144 444.03652954 255 64 64
142.57771301 220.29711914 444.03378296 255 64 64
142.57568359 220.30418396 444.02725220 255 64 64
166.38896179 200.74287415 451.93811035 255 64 64
166.39178467 200.75202942 451.94134521 255 64 64
166.39724731 200.74298096 451.93685913 255 64 64
166.40357971 200.75476074 451.93432617 255 64 64
154.52429199 205.30043030 419.70834351 255 64 64
154.52523804 205.30294800 419.71017456 255 64 64
154.53192139 205.30593872 419.70806885 255 64 64
154.53573608 205.30857849 419.70300293 255 64 64
187.00376892 255.51968384 423.48165894 255 64 64
186.99923706 255.51464844 423.47528076 255 64 64
187.01605225 255.51327515 423.48300171 255 64 64
187.01243591 255.51077271 423.47271729 255 64 64
166.23284912 232.09970093 423.40786743 255 64 64
166.23176575 232.10098267 423.40286255 255 64 64
166.23757935 232.09652710 423.41192627 255 64 64
166.23640442 232.09770203 423.40139771 255 64 64
153.58628845 215.42509460 437.82843018 255 64 64
153.58728027 215.42892456 437.82583618 255 64 64
153.59184265 215.42698669 437.82504272 255 64 64
153.59405518 215.43502808 437.81814575 255 64 64
100.46525574 233.09844971 390.41720581 255 64 64
100.45619202 233.10226440 390.41378784 255 64 64
100.47800446 233.10234070 390.41574097 255 64 64
100.46903992 233.10441589 390.40698242 255 64 64
157.12364197 252.73696899 361.26382446 255 64 64
157.13137817 252.73316956 361.26934814 255 64 64
157.12663269 252.73042297 361.26971436 255 64 64
157.13113403 252.72737122 361.27047729 255 64 64
107.38150787 225.91685486 418.10943604 255 64 64
107.37512207 225.92147827 418.10317993 255 64 64
107.39004517 225.91824341 418.11694336 255 64 64
107.38442993 225.92346191 418.10693359 255 64 64
189.73316956 228.63594055 358.82293701 255 64 64
189.73617554 228.63262939 358.81958008 255 64 64
189.73651123 228.63723755 358.82638550 255 64 64
189.74069214 228.63220215 358.81878662 255 64 64
139.65402222 216.47152710 413.21740723 255 64 64
139.65086365 216.47116089 413.21530151 255 64 64
139.65367126 216.47317505 413.22137451 255 64 64
139.65432739 216.47335815 413.21301270 255 64 64
192.76899719 231.56314087 424.31512451 255 64 64
192.77162170 231.56069946 424.31048584 255 64 64
192.77001953 231.55911255 424.32299805 255 64 64
192.77366638 231.55751038 424.31423950 255 64 64
185.46241760 202.01794434 359.50488281 255 64 64
185.46791077 202.01318359 359.50891113 255 64 64
185.46871948 202.01667786 359.50448608 255 64 64
185.47514343 202.00816345 359.50338745 255 64 64
115.85605621 222.68849182 439.39065552 255 64 64
115.84994507 222.69303894 439.38977051 255 64 64
115.86109924 222.68928528 439.39831543 255 64 64
115.85707092 222.69551086 439.39251709 255 64 64
147.03424072 207.54037476 406.49499512 255 64 64
147.03501892 207.53950500 406.49478149 255 64 64
147.04051208 207.54602051 406.49188232 255 64 64
147.04344177 207.54486084 406.48461914 255 64 64
158.87077332 209.31808472 456.32916260 255 64 64
158.87057495 209.32643127 456.33190918 255 64 64
158.88299561 209.31831360 456.32745361 255 64 64
158.88583374 209.33050537 456.32434082 255 64 64
150.94190979 272.73413086 365.44067383 255 64 64
150.94447327 272.73471069 365.43679810 255 64 64
150.94802856 272.73303223 365.44076538 255 64 64
150.94859314 272.73071289 365.43582153 255 64 64
168.40093994 271.21795654 368.82257080 255 64 64
168.39997864 271.21749878 368.81668091 255 64 64
168.40446472 271.21771240 368.82897949 255 64 64
168.40414429 271.21463013 368.82217407 255 64 64
155.03768921 239.13995361 353.23504639 255 64 64
155.04248047 239.13768005 353.24371338 255 64 64
155.04248047 239.13375854 353.23995972 255 64 64
155.04452515 239.13105774 353.24261475 255 64 64
207.64901733 203.95913696 393.79187012 255 64 64
207.65870667 203.95417786 393.79089355 255 64 64
207.65097046 203.95877075 393.79113770 255 64 64
207.66238403 203.95257568 393.78607178 255 64 64
160.70677185 284.71704102 388.98120117 255 64 64
160.70776367 284.71252441 388.97695923 255 64 64
160.71014404 284.71252441 388.98623657 255 64 64
160.70988464 284.70693970 388.98065186 255 64 64
184.28039551 206.09724426 413.41607666 255 64 64
184.28521729 206.09568787 413.41531372 255 64 64
184.27435303 206.10258484 413.41305542 255 64 64
184.28280640 206.10102844 413.40631104 255 64 64
197.74966431 269.56909180 421.37704468 255 64 64
197.75312805 269.56042480 421.37246704 255 64 64
197.76300049 269.56585693 421.38604736 255 64 64
197.76562500 269.55990601 421.37799072 255 64 64
153.66662598 278.15832520 436.20867920 255 64 64
153.67303467 278.14688110 436.20858765 255 64 64
153.67402649 278.15496826 436.21740723 255 64 64
153.67861938 278.14877319 436.21313477 255 64 64
129.70567322 257.36013794 426.85153198 255 64 64
129.70317078 257.35839844 426.84530640 255 64 64
129.71351624 257.35284424 426.85397339 255 64 64
129.71018982 257.35357666 426.84359741 255 64 64
141.06596375 236.98565674 421.37060547 255 64 64
141.06016541 236.98689270 421.36541748 255 64 64
141.07575989 236.98408508 421.36877441 255 64 64
141.07046509 236.98612976 421.35916138 255 64 64
174.69116211 269.99047852 430.14337158 255 64 64
174.69168091 269.98376465 430.13742065 255 64 64
174.71047974 269.98919678 430.15036011 255 64 64
174.70976257 269.98510742 430.14172363 255 64 64
128.85954285 221.53341675 436.66256714 255 64 64
128.85754395 221.53402710 436.66046143 255 64 64
128.87280273 221.53118896 436.67153931 255 64 64
128.87214661 221.53373718 436.66455078 255 64 64
146.92701721 244.59790039 395.25274658 255 64 64
146.92460632 244.59742737 395.24624634 255 64 64
146.92448425 244.60061646 395.25726318 255 64 64
146.92361450 244.59788513 395.24639893 255 64 64
138.39941406 200.13311768 404.44882202 255 64 64
138.39949036 200.13281250 404.44622803 255 64 64
138.39265442 200.14190674 404.43322754 255 64 64
138.39739990 200.14010620 404.42431641 255 64 64
183.93377686 195.93794250 388.10583496 255 64 64
183.93745422 195.93228149 388.11187744 255 64 64
183.93676758 195.94400024 388.10775757 255 64 64
183.94091797 195.93606567 388.10629272 255 64 64
163.07440186 240.28015137 405.00643921 255 64 64
163.07354736 240.27816772 405.00588989 255 64 64
163.08103943 240.28048706 405.01394653 255 64 64
163.07905579 240.27694702 405.00842285 255 64 64
199.06750488 222.47067261 363.92895508 255 64 64
199.07781982 222.46499634 363.92703247 255 64 64
199.07775879 222.46855164 363.93341064 255 64 64
199.08697510 222.45970154 363.92950439 255 64 64
188.94113159 200.14756775 379.21502686 255 64 64
188.94812012 200.13783264 379.21847534 255 64 64
188.94659424 200.14967346 379.22146606 255 64 64
188.95536804 200.13894653 379.21908569 255 64 64
168.09646606 231.09359741 346.11224365 255 64 64
168.09829712 231.09104919 346.11346436 255 64 64
168.09864807 231.08883667 346.10971069 255 64 64
168.10148621 231.08390808 346.10653687 255 64 64
126.43613434 230.10755920 355.64154053 255 64 64
126.43498230 230.11141968 355.65036011 255 64 64
126.43965149 230.10324097 355.64370728 255 64 64
126.43397522 230.10697937 355.64569092 255 64 64
149.47895813 289.81082153 403.73220825 255 64 64
149.48065186 289.80615234 403.73052979 255 64 64
149.48106384 289.80270386 403.73556519 255 64 64
149.48097229 289.79882812 403.73294067 255 64 64
191.18016052 213.88633728 430.42684937 255 64 64
191.18484497 213.88566589 430.42446899 255 64 64
191.18084717 213.88075256 430.43072510 255 64 64
191.18856812 213.88261414 430.42315674 255 64 64
131.28244019 220.71922302 351.77026367 255 64 64
131.27835083 220.72230530 351.78247070 255 64 64
131.28916931 220.71368408 351.77270508 255 64 64
131.28187561 220.71600342 351.77780151 255 64 64
158.46308899 210.13070679 428.14819336 255 64 64
158.46560669 210.13090515 428.14807129 255 64 64
158.47297668 210.13751221 428.14593506 255 64 64
158.47573853 210.13856506 428.14013672 255 64 64
158.54519653 253.81248474 350.68933105 255 64 64
158.54891968 253.81082153 350.68780518 255 64 64
158.54718018 253.80673218 350.69509888 255 64 64
158.55007935 253.80346680 350.69094849 255 64 64
173.39987183 204.79403687 432.43804932 255 64 64
173.40695190 204.79603577 432.43957520 255 64 64
173.40113831 204.79338074 432.44277954 255 64 64
173.41026306 204.79739380 432.43811035 255 64 64
192.62327576 260.50296021 366.19070435 255 64 64
192.63294983 260.50061035 366.18121338 255 64 64
192.63031006 260.49707031 366.18908691 255 64 64
192.63745117 260.49127197 366.17984009 255 64 64
206.47607422 245.18077087 416.84146118 255 64 64
206.48066711 245.17625427 416.83526611 255 64 64
206.48782349 245.17332458 416.84924316 255 64 64
206.49304199 245.17187500 416.84069824 255 64 64
156.99485779 229.14575195 412.56173706 255 64 64
156.98777771 229.14669800 412.55868530 255 64 64
156.99763489 229.14894104 412.56570435 255 64 64
156.99354553 229.15083313 412.55670166 255 64 64
144.15231323 267.78750610 428.82333374 255 64 64
144.15060425 267.78515625 428.81640625 255 64 64
144.16419983 267.78347778 428.82061768 255 64 64
144.16163635 267.78353882 428.81024170 255 64 64
182.27992249 282.30828857 413.59619141 255 64 64
182.28407288 282.29617310 413.59774780 255 64 64
182.27954102 282.30538940 413.60357666 255 64 64
182.28244019 282.29626465 413.60177612 255 64 64
173.07585144 222.80653381 429.97930908 255 64 64
173.07937622 222.80520630 429.97741699 255 64 64
173.08152771 222.80807495 429.98468018 255 64 64
173.08537292 222.80996704 429.97698975 255 64 64
118.85599518 241.75810242 425.67401123 255 64 64
118.85306549 241.75732422 425.66909790 255 64 64
118.86330414 241.75811768 425.67520142 255 64 64
118.85926056 241.75988770 425.66683960 255 64 64
104.14858246 245.82081604 424.88955688 255 64 64
104.13897705 245.82275391 424.88772583 255 64 64
104.15103149 245.82250977 424.89538574 255 64 64
104.14294434 245.82818604 424.88787842 255 64 64
155.53233337 261.94470215 355.65234375 255 64 64
155.53582764 261.94421387 355.64984131 255 64 64
155.53392029 261.93847656 355.65957642 255 64 64
155.53544617 261.93643188 355.65435791 255 64 64
184.54937744 241.49690247 426.25201416 255 64 64
184.55145264 241.49388123 426.24731445 255 64 64
184.55847168 241.49581909 426.25714111 255 64 64
184.55999756 241.49490356 426.24792480 255 64 64
198.44557190 192.86932373 397.84762573 255 64 64
198.45193481 192.86572266 397.85217285 255 64 64
198.44532776 192.87184143 397.85107422 255 64 64
198.45477295 192.86627197 397.84820557 255 64 64
133.02978516 277.22903442 429.44143677 255 64 64
133.03257751 277.22229004 429.44213867 255 64 64
133.03172302 277.22421265 429.44726562 255 64 64
133.03337097 277.22167969 429.44274902 255 64 64
207.43008423 208.14646912 410.95184326 255 64 64
207.43438721 208.14637756 410.95001221 255 64 64
207.43157959 208.14428711 410.95675659 255 64 64
207.43800354 208.14340210 410.94873047 255 64 64
145.27807617 230.33708191 415.65133667 255 64 64
145.27503967 230.33627319 415.64868164 255 64 64
145.28636169 230.33535767 415.65740967 255 64 64
145.28422546 230.33485413 415.64996338 255 64 64
165.93482971 229.84455872 400.55050659 255 64 64
165.93521118 229.84210205 400.55007935 255 64 64
165.93884277 229.85148621 400.55548096 255 64 64
165.93864441 229.84864807 400.54956055 255 64 64
182.01153564 219.80168152 353.93170166 255 64 64
182.01347351 219.79823303 353.93032837 255 64 64
182.01646423 219.80010986 353.93164062 255 64 64
182.01997375 219.79365540 353.92697144 255 64 64
151.36347961 241.24075317 403.23287964 255 64 64
151.35997009 241.23840332 403.23367310 255 64 64
151.36921692 241.23808289 403.23995972 255 64 64
151.36576843 241.23611450 403.23587036 255 64 64
201.77490234 259.53369141 418.53244019 255 64 64
201.77954102 259.52685547 418.52685547 255 64 64
201.78646851 259.52886963 418.53778076 255 64 64
201.78988647 259.52389526 418.52886963 255 64 64
193.44815063 208.16091919 367.82083130 255 64 64
193.45207214 208.15527344 367.82147217 255 64 64
193.45489502 208.16777039 367.83239746 255 64 64
193.46038818 208.15892029 367.82852173 255 64 64
147.65603638 237.79493713 358.88049316 255 64 64
147.66085815 237.79035950 358.88983154 255 64 64
147.65750122 237.78547668 358.88604736 255 64 64
147.65858459 237.78138733 358.88891602 255 64 64
179.89381409 190.78404236 417.19161987 255 64 64
179.90219116 190.78340149 417.19546509 255 64 64
179.89631653 190.78523254 417.19287109 255 64 64
179.90702820 190.78390503 417.19091797 255 64 64
197.64166260 224.72715759 432.54879761 255 64 64
197.64848328 224.72764587 432.54473877 255 64 64
197.64141846 224.72505188 432.55355835 255 64 64
197.64978027 224.72863770 432.54595947 255 64 64
125.53889465 265.28479004 424.32476807 255 64 64
125.53848267 265.28167725 424.32061768 255 64 64
125.54963684 265.28430176 424.32977295 255 64 64
125.54867554 265.28384399 424.32177734 255 64 64
173.15698242 243.94696045 355.20187378 255 64 64
173.15599060 243.94488525 355.19940186 255 64 64
173.16156006 243.94381714 355.20547485 255 64 64
173.16125488 243.94015503 355.19998169 255 64 64
137.67053223 275.01947021 368.94033813 255 64 64
137.66638184 275.02392578 368.93292236 255 64 64
137.67599487 275.01766968 368.94543457 255 64 64
137.66976929 275.01916504 368.93615723 255 64 64
159.79415894 270.43386841 364.52877808 255 64 64
159.79467773 270.43487549 364.52288818 255 64 64
159.79977417 270.43212891 364.53176880 255 64 64
159.79873657 270.43048096 364.52545166 255 64 64
157.08563232 213.51712036 447.35455322 255 64 64
157.08648682 213.52078247 447.35372925 255 64 64
157.09365845 213.51550293 447.35263062 255 64 64
157.09654236 213.52183533 447.34649658 255 64 64
189.96595764 205.27366638 406.44821167 255 64 64
189.96966553 205.27182007 406.44479370 255 64 64
189.96258545 205.27363586 406.45059204 255 64 64
189.96980286 205.27206421 406.44223022 255 64 64
187.01281738 268.57183838 371.12716675 255 64 64
187.02186584 268.56631470 371.11996460 255 64 64
187.01712036 268.56607056 371.13000488 255 64 64
187.02337646 268.55969238 371.12255859 255 64 64
193.41406250 201.65605164 387.44192505 255 64 64
193.42120361 201.64859009 387.44555664 255 64 64
193.41432190 201.66091919 387.44403076 255 64 64
193.42242432 201.65206909 387.44226074 255 64 64
153.58143616 243.91619873 424.34692383 255 64 64
153.57463074 243.91580200 424.33956909 255 64 64
153.58694458 243.91261292 424.34933472 255 64 64
153.58265686 243.91294861 424.33694458 255 64 64
146.66159058 280.52014160 377.84234619 255 64 64
146.66365051 280.52148438 377.83731079 255 64 64
146.66706848 280.51461792 377.84527588 255 64 64
146.66661072 280.51434326 377.83944702 255 64 64
187.94947815 185.83763123 402.16336060 255 64 64
187.95880127 185.83438110 402.16610718 255 64 64
187.95056152 185.84051514 402.16616821 255 64 64
187.96144104 185.83596802 402.16183472 255 64 64
176.34547424 260.60507202 428.98068237 255 64 64
176.34811401 260.59616089 428.97628784 255 64 64
176.36238098 260.60263062 428.98504639 255 64 64
176.36242676 260.59722900 428.97583008 255 64 64
172.22201538 287.81646729 393.79620361 255 64 64
172.22595215 287.81173706 393.79141235 255 64 64
172.23123169 287.80914307 393.80154419 255 64 64
172.23202515 287.80346680 393.79583740 255 64 64
207.42858887 219.51264954 421.66854858 255 64 64
207.43202209 219.51315308 421.66546631 255 64 64
207.42672729 219.50773621 421.67532349 255 64 64
207.43359375 219.50979614 421.66799927 255 64 64
151.68086243 287.58203125 395.62289429 255 64 64
151.68119812 287.57971191 395.61965942 255 64 64
151.68098450 287.57510376 395.62307739 255 64 64
151.67977905 287.57263184 395.61761475 255 64 64
200.05220032 211.11708069 430.37005615 255 64 64
200.05557251 211.11981201 430.36831665 255 64 64
200.05418396 211.11709595 430.36846924 255 64 64
200.05885315 211.12109375 430.36108398 255 64 64
160.49649048 255.87783813 429.02981567 255 64 64
160.49501038 255.87622070 429.02142334 255 64 64
160.51004028 255.87628174 429.03231812 255 64 64
160.50749207 255.87527466 429.02032471 255 64 64
213.60871887 223.95330811 410.17343140 255 64 64
213.61868286 223.94882202 410.17031860 255 64 64
213.61898804 223.95059204 410.18505859 255 64 64
213.62997437 223.94766235 410.17922974 255 64 64
184.95024109 250.85241699 360.59210205 255 64 64
184.95233154 250.85159302 360.58566284 255 64 64
184.95382690 250.85284424 360.59106445 255 64 64
184.95776367 250.84826660 360.58285522 255 64 64
198.94784546 250.51678467 419.07104492 255 64 64
198.95133972 250.50993347 419.06637573 255 64 64
198.96139526 250.51345825 419.07873535 255 64 64
198.96598816 250.51013184 419.07135010 255 64 64
163.32958984 237.70063782 343.65032959 255 64 64
163.33215332 237.69946289 343.65121460 255 64 64
163.33703613 237.69581604 343.65356445 255 64 64
163.33831787 237.69311523 343.65063477 255 64 64
121.76525879 255.48756409 424.50204468 255 64 64
121.76632690 255.48664856 424.49432373 255 64 64
121.76758575 255.48809814 424.50231934 255 64 64
121.76719666 255.48876953 424.49206543 255 64 64
167.93830872 251.17185974 353.74057007 255 64 64
167.94189453 251.16876221 353.73767090 255 64 64
167.94674683 251.16546631 353.74816895 255 64 64
167.94866943 251.16091919 353.74371338 255 64 64
124.17080688 224.73399353 417.40902710 255 64 64
124.16631317 224.73423767 417.40435791 255 64 64
124.17764282 224.73121643 417.41009521 255 64 64
124.17407990 224.73374939 417.40032959 255 64 64
104.04651642 219.62384033 386.99044800 255 64 64
104.03170013 219.62696838 386.99560547 255 64 64
104.06431580 219.62306213 386.98800659 255 64 64
104.04985046 219.62542725 386.98745728 255 64 64
164.32556152 224.74452209 410.32821655 255 64 64
164.32624817 224.74456787 410.32531738 255 64 64
164.33164978 224.74618530 410.33255005 255 64 64
164.33245850 224.74697876 410.32489014 255 64 64
181.33769226 189.48759460 398.47918701 255 64 64
181.34286499 189.48373413 398.48281860 255 64 64
181.33973694 189.49316406 398.47692871 255 64 64
181.34779358 189.48902893 398.47338867 255 64 64
154.90113831 218.29574585 406.11334229 255 64 64
154.90083313 218.29299927 406.11138916 255 64 64
154.90226746 218.29917908 406.11492920 255 64 64
154.90472412 218.29643250 406.10766602 255 64 64
199.34950256 245.85255432 366.11309814 255 64 64
199.35845947 245.84873962 366.10952759 255 64 64
199.35302734 245.84765625 366.12304688 255 64 64
199.36154175 245.84169006 366.11627197 255 64 64
131.01155090 218.55615234 420.56741333 255 64 64
131.00912476 218.55575562 420.56539917 255 64 64
131.01586914 218.55552673 420.56845093 255 64 64
131.01426697 218.55706787 420.56103516 255 64 64
139.69299316 216.01156616 423.18960571 255 64 64
139.69477844 216.01176453 423.18991089 255 64 64
139.70240784 216.01071167 423.19171143 255 64 64
139.70443726 216.01234436 423.18597412 255 64 64
164.20747375 217.34545898 414.54837036 255 64 64
164.21072388 217.34550476 414.54647827 255 64 64
164.21522522 217.35087585 414.55294800 255 64 64
164.21818542 217.35212708 414.54431152 255 64 64
139.89871216 222.49104309 350.97946167 255 64 64
139.89833069 222.49113464 350.99206543 255 64 64
139.90827942 222.48101807 350.98077393 255 64 64
139.90455627 222.48027039 350.98614502 255 64 64
156.99421692 223.68023682 399.13632202 255 64 64
156.99449158 223.67585754 399.14016724 255 64 64
156.99479675 223.68608093 399.13931274 255 64 64
156.99703979 223.68167114 399.13677979 255 64 64
200.75349426 211.78291321 367.64697266 255 64 64
200.76048279 211.77537537 367.64828491 255 64 64
200.76187134 211.78067017 367.65222168 255 64 64
200.76986694 211.77137756 367.64907837 255 64 64
174.69746399 196.81338501 431.94357300 255 64 64
174.70346069 196.81541443 431.94573975 255 64 64
174.69964600 196.81060791 431.94964600 255 64 64
174.70889282 196.81455994 431.94650269 255 64 64
157.90821838 212.31678772 413.83703613 255 64 64
157.91360474 212.31373596 413.83755493 255 64 64
157.91578674 212.31748962 413.84255981 255 64 64
157.92231750 212.31587219 413.83718872 255 64 64
132.20616150 272.13232422 423.28735352 255 64 64
132.20753479 272.12857056 423.28073120 255 64 64
132.21569824 272.12945557 423.28723145 255 64 64
132.21551514 272.12875366 423.27688599 255 64 64
171.08099365 203.01811218 439.91519165 255 64 64
171.08732605 203.02198792 439.91650391 255 64 64
171.08798218 203.01655579 439.91696167 255 64 64
171.09553528 203.02284241 439.91116333 255 64 64
98.74161530 231.27565002 398.01498413 255 64 64
98.72845459 231.28076172 398.00988770 255 64 64
98.75190735 231.27935791 398.01751709 255 64 64
98.74074554 231.28404236 398.00811768 255 64 64
137.71546936 255.28291321 428.08831787 255 64 64
137.71067810 255.27899170 428.08474731 255 64 64
137.72558594 255.27354431 428.09490967 255 64 64
137.71885681 255.27293396 428.08779907 255 64 64
171.54821777 259.78405762 361.67327881 255 64 64
171.55215454 259.78042603 361.67083740 255 64 64
171.55633545 259.77853394 361.67785645 255 64 64
171.56080627 259.77346802 361.67272949 255 64 64
172.40797424 234.87634277 427.57431030 255 64 64
172.40457153 234.87692261 427.56973267 255 64 64
172.41915894 234.87495422 427.57910156 255 64 64
172.41633606 234.87660217 427.56817627 255 64 64
188.36473083 238.39907837 360.92724609 255 64 64
188.36625671 238.39639282 360.92227173 255 64 64
188.36300659 238.40031433 360.93148804 255 64 64
188.36599731 238.39422607 360.92407227 255 64 64
154.72148132 238.49771118 396.60415649 255 64 64
154.71777344 238.49594116 396.60137939 255 64 64
154.71842957 238.50062561 396.60589600 255 64 64
154.71644592 238.49809265 396.59863281 255 64 64
204.51216125 244.42456055 392.56457520 255 64 64
204.51593018 244.41157532 392.57028198 255 64 64
204.51249695 244.42687988 392.56149292 255 64 64
204.51599121 244.41375732 392.56295776 255 64 64
149.84828186 251.34872437 364.03509521 255 64 64
149.85328674 251.34475708 364.04040527 255 64 64
149.84738159 251.34584045 364.04306030 255 64 64
149.84999084 251.34132385 364.04406738 255 64 64
169.24124146 280.53469849 379.67492676 255 64 64
169.24301147 280.53405762 379.66998291 255 64 64
169.24838257 280.52990723 379.67858887 255 64 64
169.24711609 280.52667236 379.67193604 255 64 64
183.54608154 273.92123413 430.49526978 255 64 64
183.55130005 273.90686035 430.49517822 255 64 64
183.55650330 273.91940308 430.50109863 255 64 64
183.56008911 273.91021729 430.49667358 255 64 64
126.07811737 238.70602417 424.16921997 255 64 64
126.07756042 238.70428467 424.16387939 255 64 64
126.08570862 238.70384216 424.16470337 255 64 64
126.08519745 238.70359802 424.15554810 255 64 64
185.47434998 198.27830505 366.36248779 255 64 64
185.47778320 198.27210999 366.36618042 255 64 64
185.48034668 198.27775574 366.36563110 255 64 64
185.48545837 198.26864624 366.36288452 255 64 64
109.90852356 237.10801697 420.04891968 255 64 64
109.90887451 237.10751343 420.03924561 255 64 64
109.91264343 237.10900879 420.05026245 255 64 64
109.91125488 237.10955811 420.03747559 255 64 64
104.26192474 224.65841675 394.75567627 255 64 64
104.25074768 224.66426086 394.75271606 255 64 64
104.27229309 224.66345215 394.76361084 255 64 64
104.26255798 224.66822815 394.75659180 255 64 64
209.99667358 237.28897095 414.64059448 255 64 64
210.00222778 237.28465271 414.63751221 255 64 64
210.00958252 237.28262329 414.64904785 255 64 64
210.01493835 237.28079224 414.64062500 255 64 64
211.04571533 219.10845947 404.81246948 255 64 64
211.05682373 219.10226440 404.80944824 255 64 64
211.05935669 219.10539246 404.83007812 255 64 64
211.07136536 219.10122681 404.82403564 255 64 64
197.38079834 225.68437195 422.61474609 255 64 64
197.38604736 225.67953491 422.61117554 255 64 64
197.38525391 225.68070984 422.62792969 255 64 64
197.39224243 225.67861938 422.61981201 255 64 64
178.73001099 223.21406555 435.12762451 255 64 64
178.73495483 223.21203613 435.12484741 255 64 64
178.72839355 223.21519470 435.13647461 255 64 64
178.73391724 223.21592712 435.12805176 255 64 64
147.58033752 208.48956299 419.33770752 255 64 64
147.58230591 208.48847961 419.33972168 255 64 64
147.58595276 208.49119568 419.33618164 255 64 64
147.59010315 208.49119568 419.33166504 255 64 64
194.58471680 259.42849731 421.12176514 255 64 64
194.58572388 259.42123413 421.11874390 255 64 64
194.59588623 259.42498779 421.12496948 255 64 64
194.59727478 259.42013550 421.11767578 255 64 64
148.22872925 263.96942139 355.23004150 255 64 64
148.23370361 263.97067261 355.22503662 255 64 64
148.23143005 263.96578979 355.23910522 255 64 64
148.23458862 263.96429443 355.23223877 255 64 64
167.39596558 226.61598206 418.30020142 255 64 64
167.39846802 226.61595154 418.29470825 255 64 64
167.40036011 226.61860657 418.30389404 255 64 64
167.40338135 226.61827087 418.29272461 255 64 64
142.82254028 285.40106201 390.26226807 255 64 64
142.82347107 285.40213013 390.25955200 255 64 64
142.82760620 285.39645386 390.26431274 255 64 64
142.82611084 285.39624023 390.25970459 255 64 64
160.43653870 211.98193359 435.20968628 255 64 64
160.43881226 211.98458862 435.20965576 255 64 64
160.44409180 211.98391724 435.21163940 255 64 64
160.44705200 211.98872375 435.20532227 255 64 64
176.05888367 274.88967896 373.06802368 255 64 64
176.06449890 274.88699341 373.06149292 255 64 64
176.06105042 274.88696289 373.07037354 255 64 64
176.06367493 274.88223267 373.06433105 255 64 64
146.84893799 245.00842285 361.27523804 255 64 64
146.85337830 245.00431824 361.28137207 255 64 64
146.84513855 245.00474548 361.28121948 255 64 64
146.84658813 245.00160217 361.28247070 255 64 64
150.98925781 225.13375854 410.45117188 255 64 64
150.98538208 225.13377380 410.44863892 255 64 64
150.99708557 225.13739014 410.45428467 255 64 64
150.99319458 225.13754272 410.44555664 255 64 64
147.63697815 214.06738281 425.77844238 255 64 64
147.63757324 214.06890869 425.77807617 255 64 64
147.64976501 214.06846619 425.78112793 255 64 64
147.65054321 214.07055664 425.77429199 255 64 64
179.36985779 190.92228699 409.72442627 255 64 64
179.37976074 190.91812134 409.72927856 255 64 64
179.36822510 190.92800903 409.72448730 255 64 64
179.37857056 190.92425537 409.72158813 255 64 64
199.88734436 200.90068054 382.51434326 255 64 64
199.89439392 200.89453125 382.51507568 255 64 64
199.89300537 200.90141296 382.51156616 255 64 64
199.90141296 200.89179993 382.50845337 255 64 64
141.14979553 282.99154663 382.69079590 255 64 64
141.15187073 282.99264526 382.68606567 255 64 64
141.15269470 282.98919678 382.69342041 255 64 64
141.15339661 282.98791504 382.68789673 255 64 64
184.10504150 202.51000977 400.19744873 255 64 64
184.11019897 202.50561523 400.19754028 255 64 64
184.10035706 202.51406860 400.20083618 255 64 64
184.10800171 202.50953674 400.19421387 255 64 64
130.66381836 221.17887878 451.93634033 255 64 64
130.65948486 221.18434143 451.93914795 255 64 64
130.67337036 221.17691040 451.93121338 255 64 64
130.67134094 221.18434143 451.92901611 255 64 64
154.49296570 276.10336304 370.99859619 255 64 64
154.49525452 276.10421753 370.99404907 255 64 64
154.49548340 276.10131836 370.99594116 255 64 64
154.49554443 276.10040283 370.99063110 255 64 64
142.18615723 248.02580261 426.60351562 255 64 64
142.18473816 248.02337646 426.59774780 255 64 64
142.19549561 248.02156067 426.60693359 255 64 64
142.19308472 248.02018738 426.59664917 255 64 64
146.54624939 246.53631592 405.06259155 255 64 64
146.54067993 246.53771973 405.05969238 255 64 64
146.55273438 246.53584290 405.06903076 255 64 64
146.54737854 246.53584290 405.06222534 255 64 64
134.72262573 233.31767273 420.54415894 255 64 64
134.72125244 233.31756592 420.53701782 255 64 64
134.73059082 233.31713867 420.53918457 255 64 64
134.72862244 233.31831360 420.52819824 255 64 64
162.98083496 258.09918213 354.70904541 255 64 64
162.98448181 258.09835815 354.70721436 255 64 64
162.98744202 258.09356689 354.71255493 255 64 64
162.99024963 258.08999634 354.70837402 255 64 64
136.06953430 270.82571411 363.10552979 255 64 64
136.06604004 270.82928467 363.09930420 255 64 64
136.07684326 270.82363892 363.10430908 255 64 64
136.07122803 270.82312012 363.09658813 255 64 64
178.40118408 200.34826660 408.97918701 255 64 64
178.40551758 200.34637451 408.98202515 255 64 64
178.40100098 200.35879517 408.97744751 255 64 64
178.40762329 200.35661316 408.97253418 255 64 64
130.52395630 269.34863281 416.33584595 255 64 64
130.52589417 269.34600830 416.32501221 255 64 64
130.52610779 269.35684204 416.33425903 255 64 64
130.52822876 269.35556030 416.31961060 255 64 64
137.94047546 220.40974426 449.69692993 255 64 64
137.93705750 220.41604614 449.69775391 255 64 64
137.95353699 220.41450500 449.68765259 255 64 64
137.95158386 220.42285156 449.68463135 255 64 64
158.28802490 243.32252502 358.26004028 255 64 64
158.29008484 243.31785583 358.26641846 255 64 64
158.29339600 243.31307983 358.26559448 255 64 64
158.29499817 243.30816650 358.26580811 255 64 64
170.72065735 197.52276611 447.04797363 255 64 64
170.72140503 197.53164673 447.05145264 255 64 64
170.73226929 197.52090454 447.04931641 255 64 64
170.73757935 197.53285217 447.04589844 255 64 64
192.44844055 206.62977600 413.13211060 255 64 64
192.45440674 206.62776184 413.13067627 255 64 64
192.45219421 206.62907410 413.13192749 255 64 64
192.45935059 206.62788391 413.12521362 255 64 64
176.86517334 232.97485352 355.67987061 255 64 64
176.86682129 232.97161865 355.68206787 255 64 64
176.86407471 232.97430420 355.68673706 255 64 64
176.86410522 232.96865845 355.68423462 255 64 64
124.92546082 231.60545349 419.51806641 255 64 64
124.92333221 231.60540771 419.51168823 255 64 64
124.93026733 231.60969543 419.51794434 255 64 64
124.93009186 231.61051941 419.50793457 255 64 64
203.93078613 236.70521545 418.99093628 255 64 64
203.93925476 236.69981384 418.98739624 255 64 64
203.93952942 236.69984436 419.00323486 255 64 64
203.94746399 236.69613647 418.99639893 255 64 64
163.94174194 236.48007202 398.66360474 255 64 64
163.94149780 236.47778320 398.66186523 255 64 64
163.94468689 236.48397827 398.66888428 255 64 64
163.94418335 236.48097229 398.66284180 255 64 64
112.30616760 259.22875977 425.25354004 255 64 64
112.30115509 259.22796631 425.25195312 255 64 64
112.31376648 259.22872925 425.26062012 255 64 64
112.30714417 259.23229980 425.25381470 255 64 64
205.37390137 213.46307373 425.98175049 255 64 64
205.37902832 213.46269226 425.97979736 255 64 64
205.37274170 213.46020508 425.98605347 255 64 64
205.37982178 213.46249390 425.97888184 255 64 64
184.48394775 213.19813538 432.79745483 255 64 64
184.48884583 213.19946289 432.79476929 255 64 64
184.48156738 213.19868469 432.79699707 255 64 64
184.48826599 213.20252991 432.78848267 255 64 64
197.67610168 200.83497620 408.58883667 255 64 64
197.68090820 200.83140564 408.58773804 255 64 64
197.67564392 200.83343506 408.59277344 255 64 64
197.68286133 200.83001709 408.58578491 255 64 64
170.46981812 224.61698914 347.98864746 255 64 64
170.47154236 224.61512756 347.98901367 255 64 64
170.47177124 224.61602783 347.99084473 255 64 64
170.47485352 224.61035156 347.98666382 255 64 64
148.15467834 240.50125122 352.20471191 255 64 64
148.16024780 240.50028992 352.21023560 255 64 64
148.15808105 240.49380493 352.21072388 255 64 64
148.16186523 240.49203491 352.21130371 255 64 64
168.77586365 240.78515625 428.97360229 255 64 64
168.77540588 240.78427124 428.96777344 255 64 64
168.78404236 240.77960205 428.97967529 255 64 64
168.78361511 240.78063965 428.96969604 255 64 64
177.94081116 205.89096069 421.19757080 255 64 64
177.94816589 205.88995361 421.19628906 255 64 64
177.94667053 205.88978577 421.19754028 255 64 64
177.95533752 205.89028931 421.19036865 255 64 64
188.27017212 224.53056335 433.70751953 255 64 64
188.27388000 224.52917480 433.70458984 255 64 64
188.27084351 224.52539062 433.71582031 255 64 64
188.27856445 224.52842712 433.70791626 255 64 64
181.45066833 211.98010254 354.11059570 255 64 64
181.45356750 211.97712708 354.11257935 255 64 64
181.45350647 211.98057556 354.11471558 255 64 64
181.45927429 211.97351074 354.11083984 255 64 64
158.22314453 244.62236023 396.58731079 255 64 64
158.22311401 244.62196350 396.58267212 255 64 64
158.23109436 244.62542725 396.59133911 255 64 64
158.23117065 244.62274170 396.58328247 255 64 64
118.43610382 271.31338501 422.83520508 255 64 64
118.43690491 271.31066895 422.83459473 255 64 64
118.43589783 271.30862427 422.84011841 255 64 64
118.43611145 271.31033325 422.83493042 255 64 64
158.77813721 274.49819946 433.05044556 255 64 64
158.78224182 274.48620605 433.05065918 255 64 64
158.78594971 274.49890137 433.05816650 255 64 64
158.78851318 274.49157715 433.05325317 255 64 64
170.43853760 210.83526611 430.44836426 255 64 64
170.43994141 210.83863831 430.44729614 255 64 64
170.44509888 210.83882141 430.44467163 255 64 64
170.44757080 210.84410095 430.43777466 255 64 64
202.77168274 224.47937012 418.29129028 255 64 64
202.77453613 224.47644043 418.28683472 255 64 64
202.77670288 224.46972656 418.29986572 255 64 64
202.78263855 224.47009277 418.29266357 255 64 64
154.11210632 244.86099243 349.29605103 255 64 64
154.11601257 244.85986328 349.30017090 255 64 64
154.11700439 244.85212708 349.30099487 255 64 64
154.11926270 244.84980774 349.30059814 255 64 64
153.66830444 267.09371948 360.02087402 255 64 64
153.67121887 267.09631348 360.01678467 255 64 64
153.67463684 267.08694458 360.02532959 255 64 64
153.67524719 267.08679199 360.01971436 255 64 64
112.17353821 243.81040955 425.32659912 255 64 64
112.17355347 243.80902100 425.31991577 255 64 64
112.17672729 243.80679321 425.33053589 255 64 64
112.17646790 243.80725098 425.32061768 255 64 64
169.24133301 237.09941101 349.46301270 255 64 64
169.24105835 237.09622192 349.46151733 255 64 64
169.24378967 237.09678650 349.46972656 255 64 64
169.24418640 237.09126282 349.46487427 255 64 64
183.06411743 226.33001709 356.11120605 255 64 64
183.06520081 226.32638550 356.10955811 255 64 64
183.06846619 226.33358765 356.11645508 255 64 64
183.07043457 226.32649231 356.11151123 255 64 64
140.33169556 214.75579834 454.72067261 255 64 64
140.33229065 214.75965881 454.72229004 255 64 64
140.33435059 214.75003052 454.71792603 255 64 64
140.33743286 214.75842285 454.71508789 255 64 64
137.81547546 268.98748779 426.21575928 255 64 64
137.81204224 268.98574829 426.21212769 255 64 64
137.81922913 268.98443604 426.21563721 255 64 64
137.81553650 268.98574829 426.20898438 255 64 64
184.38432312 249.45898438 425.66531372 255 64 64
184.38528442 249.45172119 425.66223145 255 64 64
184.39593506 249.45642090 425.66961670 255 64 64
184.39691162 249.45285034 425.66275024 255 64 64
121.34924316 248.85169983 426.46350098 255 64 64
121.34452820 248.85202026 426.45623779 255 64 64
121.35278320 248.84808350 426.46826172 255 64 64
121.34757996 248.85195923 426.45648193 255 64 64
153.99282837 213.31770325 453.55590820 255 64 64
153.99427795 213.32293701 453.55664062 255 64 64
154.00183105 213.31929016 453.55422974 255 64 64
154.00407410 213.32752991 453.55020142 255 64 64
112.43901062 220.55302429 428.12066650 255 64 64
112.43652344 220.55459595 428.11932373 255 64 64
112.44181061 220.54650879 428.12442017 255 64 64
112.44163513 220.54827881 428.11834717 255 64 64
190.36769104 203.42205811 373.34042358 255 64 64
190.37065125 203.41590881 373.34094238 255 64 64
190.37142944 203.42803955 373.34701538 255 64 64
190.37733459 203.41900635 373.34225464 255 64 64
268.72506714 238.85498047 371.44030762 64 255 128
82.33363342 197.75273132 483.79614258 64 255 128
122.23538208 172.68443298 319.41625977 64 255 128
141.26248169 288.12881470 397.13757324 64 255 128
184.57600403 156.08399963 429.69198608 64 255 128
76.76914978 214.45545959 390.81109619 64 255 128
183.06199646 226.33900452 356.11001587 64 255 128
107.12017822 138.23645020 401.35208130 64 255 128
221.36500549 292.97799683 414.33297729 64 255 128
142.56742859 220.30735779 444.02413940 64 255 128
117.78546143 246.27580261 340.90185547 64 255 128
129.05123901 147.62167358 467.79428101 64 255 128
164.09591675 141.34597778 364.82183838 64 255 128
207.42599487 219.52598572 421.66598511 64 255 128
91.09654236 262.26977539 430.22106934 64 255 128
171.89430237 287.28448486 444.17883301 64 255 128
81.00470734 172.19302368 435.67590332 64 255 128
86.17869568 169.99232483 360.51461792 64 255 128
186.93447876 275.04104614 375.90542603 64 255 128
189.93000793 181.62300110 383.57699585 64 255 128
154.71894836 238.50413513 396.59936523 64 255 128
99.50202942 265.81491089 382.84457397 64 255 128
115.90856934 132.45092773 353.03030396 64 255 128
164.97930908 185.04289246 338.22726440 64 255 128
73.38036346 219.94821167 440.39559937 64 255 128
228.17106628 215.31671143 377.46353149 64 255 128
92.74501038 207.23870850 331.97262573 64 255 128
231.19972229 267.00888062 375.76870728 64 255 128
150.46636963 128.56333923 412.30200195 64 255 128
157.28401184 178.56900024 456.64501953 64 255 128
137.94659424 212.87525940 321.32510376 64 255 128
138.39176941 200.15296936 404.43139648 64 255 128
194.58900452 259.43600464 421.12200928 64 255 128
149.00302124 268.05761719 359.43408203 64 255 128
130.89077759 285.23089600 436.35836792 64 255 128
119.10385895 194.03161621 467.55307007 64 255 128
107.37731934 225.92230225 418.10433960 64 255 128
176.48400879 194.95298767 424.00399780 64 255 128
85.94389343 233.85227966 358.28356934 64 255 128
80.14856720 176.51525879 398.23086548 64 255 128
154.45372009 257.73831177 428.04876709 64 255 128
204.76730347 242.48245239 387.09530640 64 255 128
181.47674561 291.11459351 409.20181274 64 255 128
97.26228333 165.65190125 468.66058350 64 255 128
124.88365173 137.61566162 433.99310303 64 255 128
143.52645874 149.03926086 336.19186401 64 255 128
158.11456299 141.65600586 447.84439087 64 255 128
153.81254578 240.19717407 339.07379150 64 255 128
181.41000366 145.32199097 395.55200195 64 255 128
132.03271484 122.32799530 382.63989258 64 255 128
106.81439209 222.23919678 451.67587280 64 255 128
176.45199585 231.47299194 424.36999512 64 255 128
82.83131409 246.01171875 402.80096436 64 255 128
235.10079956 240.13673401 396.50976562 64 255 128
121.75803375 255.49795532 424.49130249 64 255 128
120.21687317 193.77915955 343.37033081 64 255 128
261.91751099 266.94006348 384.02542114 64 255 128
81.19358826 199.90542603 363.97937012 64 255 128
73.89714813 199.25447083 418.25851440 64 255 128
103.83045959 227.06968689 385.58084106 64 255 128
103.51298523 156.08102417 336.40560913 64 255 128
131.27085876 220.71618652 351.77151489 64 255 128
113.88285828 280.23205566 405.62606812 64 255 128
98.97984314 150.65426636 427.46310425 64 255 128
78.72643280 223.22543335 469.38504028 64 255 128
74.97682953 193.14816284 455.10110474 64 255 128
174.87300110 167.38699341 359.81301880 64 255 128
199.88000488 208.29998779 375.11300659 64 255 128
220.68699646 262.76800537 407.91897583 64 255 128
199.63101196 285.45098877 432.96301270 64 255 128
98.51841736 146.11428833 374.54519653 64 255 128
194.82299805 202.08000183 403.10601807 64 255 128
121.48571777 268.08444214 363.92468262 64 255 128
210.99458313 285.69912720 385.26843262 64 255 128
174.42933655 252.42517090 359.06655884 64 255 128
166.61399841 206.24299622 449.83999634 64 255 128
181.87899780 198.09600830 356.39898682 64 255 128
241.83833313 285.49234009 393.62112427 64 255 128
166.40393066 212.84075928 338.25585938 64 255 128
156.79957581 291.32559204 420.37652588 64 255 128
163.75233459 283.67169189 384.71307373 64 255 128
141.89295959 225.37631226 414.78787231 64 255 128
187.97399902 170.58999634 407.71401978 64 255 128
254.64048767 217.37541199 368.09875488 64 255 128
101.64824677 180.02983093 490.07504272 64 255 128
226.24613953 240.49697876 370.66165161 64 255 128
141.39216614 129.25364685 357.70516968 64 255 128
91.80883026 179.38647461 335.94406128 64 255 128
112.94352722 221.97230530 325.06570435 64 255 128
153.21968079 241.37135315 365.78573608 64 255 128
143.02204895 202.59483337 461.36416626 64 255 128
205.74749756 260.05804443 368.04815674 64 255 128
143.09104919 187.76608276 320.06521606 64 255 128
121.59502411 170.34481812 476.68041992 64 255 128
114.23464966 196.87522888 318.22811890 64 255 128
156.03323364 128.67388916 384.99752808 64 255 128
108.58778381 150.26271057 450.72222900 64 255 128
177.24600220 177.11199951 441.45199585 64 255 128
100.67028046 253.88020325 360.42599487 64 255 128
187.50500488 217.48701477 441.35498047 64 255 128
79.82695007 239.35409546 427.92437744 64 255 128
164.02799988 217.40499878 406.26202393 64 255 128
216.06106567 219.67901611 397.79940796 64 255 128
87.00057220 245.74588013 378.98757935 64 255 128
90.90907288 155.69729614 397.31555176 64 255 128
214.95500183 239.65499878 411.95999146 64 255 128
151.50199890 157.49200439 466.84100342 64 255 128
205.99000549 230.00199890 365.86599731 64 255 128
168.39491272 139.40444946 424.58859253 64 255 128
158.46900940 210.14599609 428.14099121 64 255 128
247.43380737 251.00476074 375.21124268 64 255 128
127.65321350 132.03756714 410.26116943 64 255 128
174.69371033 269.99426270 430.13952637 64 255 128
76.95096588 223.92118835 411.55914307 64 255 128
96.82124329 205.91738892 468.74816895 64 255 128
95.72619629 266.67770386 404.64480591 64 255 128
109.02518463 275.42642212 428.59973145 64 255 128
161.86428833 163.33352661 340.98556519 64 255 128
169.18499756 160.00000000 453.31201172 64 255 128
98.05804443 230.65847778 338.86254883 64 255 128
137.93811035 279.64123535 376.87759399 64 255 128
81.28435516 237.08662415 451.91741943 64 255 128
131.32337952 233.31726074 329.53341675 64 255 128
86.28659058 164.75419617 416.18194580 64 255 128
181.35899353 159.67201233 378.98498535 64 255 128
135.83532715 178.81893921 462.74649048 64 255 128
78.70423126 193.92979431 384.80401611 64 255 128
122.45967865 145.83758545 335.86230469 64 255 128
113.51692963 131.25823975 375.51882935 64 255 128
117.04301453 278.16476440 384.48333740 64 255 128
153.66857910 278.15179443 436.20587158 64 255 128
137.87142944 255.24589539 346.23370361 64 255 128
138.88298035 249.24736023 402.54385376 64 255 128
142.59165955 167.33039856 325.78234863 64 255 128
131.21542358 289.48962402 414.83480835 64 255 128
201.33595276 290.14010620 405.24444580 64 255 128
137.89140320 242.60678101 425.89767456 64 255 128
94.34631348 216.52510071 401.70208740 64 255 128
83.56306458 214.78121948 349.73654175 64 255 128
168.39888000 271.21682739 368.81683350 64 255 128
93.52422333 224.56188965 433.72378540 64 255 128
122.56539154 221.11605835 434.00607300 64 255 128
197.25100708 239.43699646 423.99600220 64 255 128
246.23170471 228.45747375 383.60995483 64 255 128
239.68345642 261.46411133 393.23110962 64 255 128
192.10466003 244.93502808 363.53918457 64 255 128
104.13596344 245.82041931 424.88220215 64 255 128
125.31605530 215.38491821 457.37603760 64 255 128
87.22595978 168.17433167 380.84338379 64 255 128
93.61641693 210.30145264 380.97879028 64 255 128
137.81042480 268.98995972 426.20150757 64 255 128
100.81077576 146.67169189 353.96737671 64 255 128
207.63600159 273.90997314 417.97598267 64 255 128
80.78505707 226.84628296 375.94189453 64 255 128
176.20800781 251.10998535 426.40600586 64 255 128
92.68590546 165.33158875 450.12426758 64 255 128
83.47134399 194.98945618 345.35351562 64 255 128
153.61895752 202.82772827 326.57434082 64 255 128
186.20468140 287.41104126 391.16116333 64 255 128
142.22926331 132.91941833 428.88687134 64 255 128
188.22000122 210.05799866 422.13699341 64 255 128
136.27003479 141.77435303 449.92849731 64 255 128
169.23263550 237.10362244 349.45895386 64 255 128
181.34100342 189.50100708 398.47698975 64 255 128
166.86212158 133.73899841 405.77011108 64 255 128
85.39156342 180.04005432 463.73184204 64 255 128
162.58241272 289.66674805 402.28292847 64 255 128
152.34403992 222.50804138 331.12915039 64 255 128
157.78887939 239.24610901 425.58297729 64 255 128
76.24615479 190.11009216 434.29602051 64 255 128
112.65375519 155.50082397 470.87857056 64 255 128
182.18560791 290.85351562 427.56509399 64 255 128
185.69799805 196.86601257 374.62600708 64 255 128
111.91856384 141.54650879 419.66381836 64 255 128
158.54312134 253.81266785 350.68698120 64 255 128
105.42252350 172.73718262 326.01651001 64 255 128
124.91896820 231.62083435 419.50527954 64 255 128
76.12866211 205.05393982 468.85473633 64 255 128
201.24328613 195.73034668 387.67520142 64 255 128
78.79198456 180.48880005 418.90222168 64 255 128
169.61485291 139.08813477 382.61355591 64 255 128
226.34799194 278.90597534 403.38500977 64 255 128
185.84799194 150.94999695 412.85601807 64 255 128
84.63742065 230.03314209 395.27947998 64 255 128
182.56098938 181.90600586 366.04699707 64 255 128
184.78601074 179.61799622 425.86599731 64 255 128
118.88256836 128.75425720 393.40148926 64 255 128
157.95832825 146.99229431 349.18750000 64 255 128
103.98228455 191.52066040 477.41638184 64 255 128
139.22700500 126.55027008 398.93161011 64 255 128
175.24899292 194.47801208 440.87100220 64 255 128
126.14469147 125.67227936 364.60025024 64 255 128
245.84098816 272.82879639 380.82687378 64 255 128
91.01518250 165.36631775 345.23129272 64 255 128
146.14671326 200.14050293 421.78390503 64 255 128
231.80894470 222.32958984 392.12319946 64 255 128
77.90564728 195.57034302 401.24798584 64 255 128
106.77929688 165.88716125 482.45263672 64 255 128
96.82969666 148.46379089 411.27838135 64 255 128
228.50814819 281.82739258 382.31713867 64 255 128
174.63000488 147.62300110 439.57498169 64 255 128
81.33047485 183.56948853 368.02856445 64 255 128
97.64746094 191.90148926 327.02352905 64 255 128
216.09880066 275.05981445 373.96273804 64 255 128
89.72911835 255.83222961 391.86959839 64 255 128
187.70802307 261.66003418 366.88821411 64 255 128
90.97519684 222.44073486 454.99676514 64 255 128
123.87827301 275.49578857 420.22463989 64 255 128
74.15485382 214.65791321 455.31427002 64 255 128
173.27799988 216.19500732 429.67098999 64 255 128
89.70369720 179.07759094 479.42578125 64 255 128
134.81932068 163.35395813 468.66558838 64 255 128
74.05021667 204.08831787 442.72177124 64 255 128
86.63760376 256.89749146 413.79968262 64 255 128
195.24499512 216.17401123 361.95498657 64 255 128
135.49119568 136.72474670 344.60971069 64 255 128
154.15252686 292.62957764 442.69473267 64 255 128
187.23500061 166.37599182 392.21798706 64 255 128
210.87400818 244.87399292 368.78698730 64 255 128
130.70063782 235.48873901 345.77691650 64 255 128
153.22619629 130.90637207 368.40423584 64 255 128
175.32398987 211.63700867 350.60699463 64 255 128
157.67300415 194.05398560 459.60000610 64 255 128
156.04312134 174.19783020 330.35507202 64 255 128
208.64700317 254.80899048 413.97100830 64 255 128
155.11099243 206.02198792 413.08297729 64 255 128
207.42799377 208.16000366 410.95098877 64 255 128
136.10363770 218.32835388 427.04415894 64 255 128
144.74935913 291.11480713 429.95800781 64 255 128
215.77565002 290.70858765 399.52780151 64 255 128
209.88098145 208.66896057 387.28933716 64 255 128
80.22493744 215.83131409 365.10925293 64 255 128
123.32337189 158.84510803 326.61703491 64 255 128
190.93699646 273.84799194 427.49301147 64 255 128
129.81976318 200.33544922 316.74185181 64 255 128
125.92182922 286.39480591 398.04446411 64 255 128
178.39999390 200.36601257 408.97500610 64 255 128
225.06404114 230.42967224 404.78393555 64 255 128
111.87017059 206.67070007 462.37808228 64 255 128
213.51213074 217.48533630 374.51043701 64 255 128
239.23699951 226.06626892 370.16662598 64 255 128
75.25588226 216.31143188 424.62231445 64 255 128
243.23416138 213.52291870 378.80001831 64 255 128
99.80339813 242.93994141 347.96923828 64 255 128
80.09391022 177.76220703 449.56240845 64 255 128
197.64399719 224.73800659 432.54797363 64 255 128
156.98718262 229.15660095 412.55865479 64 255 128
94.40264893 233.72904968 420.42584229 64 255 128
91.01997375 159.31956482 436.62170410 64 255 128
111.74951935 143.91384888 436.54571533 64 255 128
171.44038391 196.73139954 344.67990112 64 255 128
253.09216309 235.98849487 372.54028320 64 255 128
92.65919495 157.96276855 367.14746094 64 255 128
221.11557007 255.73065186 370.70709229 64 255 128
179.59800720 162.05899048 442.49002075 64 255 128
97.84536743 270.37777710 419.60574341 64 255 128
153.99700928 213.33099365 453.54901123 64 255 128
115.40874481 258.22778320 354.08218384 64 255 128
211.15901184 287.90100098 423.91500854 64 255 128
154.49349976 276.09957886 370.99029541 64 255 128
168.37928772 153.46249390 358.42886353 64 255 128
261.69656372 252.98181152 379.49435425 64 255 128
106.08483887 208.47071838 322.37991333 64 255 128
165.71061707 292.80743408 432.14007568 64 255 128
140.74389648 225.83230591 342.03506470 64 255 128
139.44741821 243.29101562 337.12283325 64 255 128
194.19618225 290.70272827 419.48657227 64 255 128
147.11601257 144.99719238 460.50805664 64 255 128
110.02903748 269.44921875 373.76089478 64 255 128
187.84600830 186.06799316 410.97702026 64 255 128
168.07000732 185.93099976 450.37698364 64 255 128
106.62731934 274.60247803 393.53540039 64 255 128
112.55864716 234.44483948 332.49020386 64 255 128
187.62300110 200.00000000 389.56002808 64 255 128
123.75507355 146.81080627 454.35308838 64 255 128
144.82368469 291.94082642 410.79794312 64 255 128
146.98060608 253.09872437 357.42370605 64 255 128
148.80545044 284.20764160 385.64517212 64 255 128
175.20199585 183.42800903 353.83401489 64 255 128
79.26600647 206.65599060 376.46264648 64 255 128
227.82600403 250.60099792 403.57598877 64 255 128
98.73669434 231.27468872 398.00524902 64 255 128
98.65773010 145.80421448 391.27355957 64 255 128
124.11197662 186.81747437 316.32931519 64 255 128
124.11807251 155.35192871 479.16796875 64 255 128
155.01373291 138.27680969 433.07473755 64 255 128
200.54081726 276.80029297 374.14050293 64 255 128
108.53007507 220.88497925 436.59982300 64 255 128
162.63383484 228.48721313 339.19863892 64 255 128
136.06527710 270.82672119 363.09555054 64 255 128
89.53762054 245.76052856 364.97204590 64 255 128
132.59248352 193.93476868 463.75769043 64 255 128
105.47320557 259.43304443 427.78091431 64 255 128
170.82106018 293.36291504 419.16186523 64 255 128
200.05198669 211.13699341 430.36099243 64 255 128
76.55264282 208.83129883 408.56179810 64 255 128
144.43484497 124.85224915 377.24517822 64 255 128
165.93800354 229.85998535 400.54800415 64 255 128
141.97933960 212.08033752 410.87237549 64 255 128
93.36403656 190.83670044 488.03900146 64 255 128
251.13377380 242.26922607 385.05984497 64 255 128
185.87826538 287.42834473 440.58132935 64 255 128
119.52022552 225.27870178 447.55493164 64 255 128
169.03849792 173.74491882 346.72503662 64 255 128
92.75310516 235.13853455 385.38589478 64 255 128
85.75969696 181.00639343 348.01809692 64 255 128
107.32753754 136.95336914 386.37680054 64 255 128
120.97589111 210.54957581 317.96420288 64 255 128
111.50908661 180.57550049 479.66934204 64 255 128
220.60299683 228.27381897 370.67437744 64 255 128
148.14643860 240.49739075 352.20831299 64 255 128
118.84877014 241.76489258 425.66439819 64 255 128
143.49018860 284.31396484 442.28173828 64 255 128
234.84074402 254.16152954 373.14541626 64 255 128
108.50547791 144.93414307 342.08401489 64 255 128
176.98399353 141.00801086 411.81201172 64 255 128
81.54798126 190.90188599 470.52990723 64 255 128
175.91773987 281.00613403 379.13354492 64 255 128
94.26027679 224.39428711 376.43432617 64 255 128
148.70401001 168.91999817 459.90899658 64 255 128
111.69947815 183.30207825 319.62210083 64 255 128
157.62052917 190.29020691 328.25561523 64 255 128
213.61700439 223.96400452 410.17199707 64 255 128
89.28425598 248.16421509 427.98156738 64 255 128
80.22358704 210.94291687 479.83026123 64 255 128
173.82901001 149.63899231 375.08401489 64 255 128
128.85636902 261.61486816 352.85171509 64 255 128
158.30400085 213.52799988 440.80200195 64 255 128
199.95118713 288.20767212 391.73129272 64 255 128
191.27725220 282.70077515 409.47171021 64 255 128
85.10411072 233.13752747 438.72119141 64 255 128
83.00050354 180.07760620 383.42559814 64 255 128
137.71202087 255.27966309 428.08132935 64 255 128
216.60205078 247.82006836 387.69631958 64 255 128
136.19331360 156.20214844 327.83999634 64 255 128
156.18907166 128.06697083 400.62176514 64 255 128
181.17184448 240.46582031 358.24270630 64 255 128
172.22697449 287.81692505 393.79165649 64 255 128
106.14568329 137.26995850 366.59454346 64 255 128
99.81135559 217.68753052 329.13626099 64 255 128
187.08599854 163.81600952 418.59100342 64 255 128
165.93499756 220.66000366 420.13000488 64 255 128
93.92997742 255.23236084 372.56872559 64 255 128
100.30292511 158.46484375 458.67285156 64 255 128
207.39550781 203.73594666 398.90731812 64 255 128
144.06886292 138.76313782 440.71691895 64 255 128
125.56546783 221.87316895 323.18612671 64 255 128
140.33047485 214.75874329 454.71047974 64 255 128
189.87300110 178.62899780 395.98797607 64 255 128
134.48342896 178.45642090 318.07891846 64 255 128
138.56663513 129.34005737 416.73413086 64 255 128
170.46615601 224.62364197 347.98648071 64 255 128
184.55200195 241.50801086 426.25000000 64 255 128
165.07525635 200.15344238 334.46240234 64 255 128
78.95450592 240.31758118 413.49740601 64 255 128
227.16001892 288.22433472 394.60910034 64 255 128
86.93037415 213.82287598 467.57055664 64 255 128
149.97694397 159.61241150 333.84631348 64 255 128
155.14907837 249.79472351 401.51428223 64 255 128
194.26800537 230.32901001 361.28698730 64 255 128
91.04101562 220.11685181 338.34170532 64 255 128
84.97562408 164.85795593 403.06542969 64 255 128
164.83900452 171.27299500 449.75799561 64 255 128
88.81166077 208.36338806 392.33944702 64 255 128
184.66499329 168.99099731 432.51199341 64 255 128
92.64842224 154.00514221 383.69052124 64 255 128
160.88990784 267.91564941 431.25885010 64 255 128
77.29026031 227.17997742 430.36035156 64 255 128
217.41999817 280.01098633 411.99200439 64 255 128
248.73133850 254.04367065 388.28002930 64 255 128
147.23394775 139.70887756 347.20666504 64 255 128
144.48736572 233.01747131 332.29989624 64 255 128
137.35704041 260.35089111 416.89648438 64 255 128
128.60374451 132.59448242 423.51837158 64 255 128
166.33192444 278.43344116 435.24230957 64 255 128
125.45980835 179.43986511 469.04931641 64 255 128
183.43701172 171.00900269 374.76501465 64 255 128
187.33898926 157.72000122 400.91500854 64 255 128
162.27999878 150.31401062 456.27600098 64 255 128
189.05099487 205.64599609 362.97299194 64 255 128
83.03321838 189.73490906 357.38763428 64 255 128
115.50533295 184.41906738 336.96105957 64 255 128
145.66992188 186.21551514 461.70407104 64 255 128
130.95014954 224.14945984 443.49377441 64 255 128
237.89440918 241.96420288 373.19030762 64 255 128
251.64985657 262.52484131 378.27194214 64 255 128
164.77069092 263.61077881 360.00918579 64 255 128
151.98033142 218.05001831 413.97784424 64 255 128
102.14361572 214.49922180 459.54296875 64 255 128
100.40994263 214.57415771 391.67367554 64 255 128
235.89169312 272.70950317 395.70150757 64 255 128
138.68008423 224.54649353 325.72143555 64 255 128
187.94799805 228.21600342 425.85501099 64 255 128
125.37574768 204.23738098 461.25518799 64 255 128
98.90831757 271.46368408 433.60913086 64 255 128
168.53594971 134.96330261 393.55068970 64 255 128
101.01395416 153.57830811 440.21737671 64 255 128
141.30567932 151.35621643 469.86230469 64 255 128
129.35275269 130.47769165 352.62625122 64 255 128
73.38730621 201.24874878 431.45135498 64 255 128
125.47856903 225.16992188 342.28637695 64 255 128
127.40707397 274.76412964 372.03329468 64 255 128
143.53196716 202.09788513 320.40063477 64 255 128
154.85568237 137.03990173 358.46902466 64 255 128
147.64021301 214.08117676 425.77154541 64 255 128
180.15299988 146.62300110 424.35900879 64 255 128
82.87262726 243.13699341 391.59011841 64 255 128
173.39801025 204.80899048 432.43200684 64 255 128
146.21058655 124.64437866 389.31912231 64 255 128
183.38999939 263.02401733 426.09997559 64 255 128
199.88000488 200.34100342 415.22698975 64 255 128
107.00043488 276.29428101 413.96163940 64 255 128
119.02284241 222.16340637 420.20330811 64 255 128
133.46099854 284.83352661 388.89474487 64 255 128
93.77481079 155.78718567 353.12213135 64 255 128
109.90141296 237.11662292 420.04003906 64 255 128
97.42428589 166.08641052 335.66973877 64 255 128
114.77056885 265.94424438 425.53222656 64 255 128
148.90687561 251.63519287 344.66610718 64 255 128
207.05300903 230.57000732 416.87899780 64 255 128
77.36363983 184.72019958 405.44311523 64 255 128
159.48400879 133.20956421 418.18692017 64 255 128
91.87705231 154.63255310 419.06784058 64 255 128
126.42034912 230.10644531 355.64685059 64 255 128
175.11700439 158.17399597 367.68200684 64 255 128
146.70381165 234.88780212 419.01324463 64 255 128
113.90525818 153.75900269 332.50363159 64 255 128
228.60800171 290.20599365 405.74200439 64 255 128
168.77600098 240.79400635 428.97201538 64 255 128
221.99029541 218.34304810 386.61038208 64 255 128
168.62086487 163.38772583 351.60321045 64 255 128
142.11260986 276.76651001 433.25549316 64 255 128
85.28387451 217.81414795 382.10177612 64 255 128
121.72665405 136.62118530 344.19573975 64 255 128
180.83926392 279.92987061 434.59179688 64 255 128
85.09544373 236.69992065 370.18087769 64 255 128
127.06887817 252.47749329 344.31182861 64 255 128
243.08171082 215.35218811 367.63589478 64 255 128
78.58361816 233.69412231 403.94338989 64 255 128
194.68133545 282.19863892 382.00283813 64 255 128
79.68566895 230.08372498 460.52346802 64 255 128
90.50756073 229.21948242 347.00561523 64 255 128
147.90692139 247.89169312 425.76065063 64 255 128
177.93899536 205.90400696 421.18899536 64 255 128
229.36500549 265.13601685 400.71200562 64 255 128
101.66263580 221.54747009 425.88827515 64 255 128
114.51829529 136.41938782 409.76928711 64 255 128
126.91776276 242.61665344 336.05349731 64 255 128
97.01210022 225.26240540 446.18338013 64 255 128
120.35382843 284.06402588 414.30578613 64 255 128
132.33473206 288.53784180 425.95074463 64 255 128
76.17821503 220.70213318 401.07104492 64 255 128
85.29817963 205.24418640 341.43218994 64 255 128
107.97708893 199.02096558 469.06433105 64 255 128
218.56700134 249.90100098 409.44702148 64 255 128
138.49690247 124.87915039 367.80209351 64 255 128
102.30020142 262.14505005 370.55276489 64 255 128
198.44569397 192.88240051 397.84921265 64 255 128
183.78900146 154.83399963 390.76901245 64 255 128
177.77583313 266.26409912 368.08203125 64 255 128
186.23599243 213.76000977 356.30700684 64 255 128
113.95602417 215.80130005 457.19213867 64 255 128
162.17361450 135.59519958 375.13467407 64 255 128
156.99389648 223.69206238 399.13546753 64 255 128
84.42552185 165.72512817 428.04598999 64 255 128
157.75700378 163.20399475 458.53497314 64 255 128
110.20383453 163.20376587 327.90692139 64 255 128
81.33264923 172.66487122 409.16912842 64 255 128
73.10520935 204.08045959 453.40203857 64 255 128
163.39520264 250.51069641 427.51361084 64 255 128
157.59785461 213.26329041 331.83850098 64 255 128
197.00408936 266.62484741 368.43402100 64 255 128
156.51300049 204.84300232 459.60998535 64 255 128
132.35484314 220.17446899 415.55963135 64 255 128
150.10069275 269.38003540 429.73403931 64 255 128
90.47820282 195.73109436 334.02716064 64 255 128
111.11416626 262.60906982 362.73495483 64 255 128
76.05400085 229.92485046 445.89962769 64 255 128
182.10400391 189.10301208 430.97799683 64 255 128
184.10200500 202.52400208 400.19699097 64 255 128
119.99869537 143.49484253 443.75073242 64 255 128
118.84161377 150.18943787 463.98333740 64 255 128
82.47540283 236.01777649 382.56329346 64 255 128
116.99202728 165.19491577 485.43154907 64 255 128
182.42999268 190.20100403 387.88900757 64 255 128
109.50823975 250.67439270 348.99807739 64 255 128
148.70692444 212.30296326 325.89382935 64 255 128
132.52340698 168.30033875 322.38619995 64 255 128
75.27412415 187.71461487 444.44998169 64 255 128
76.86429596 203.96269226 392.35369873 64 255 128
262.14089966 230.82276917 370.57760620 64 255 128
151.67391968 287.57720947 395.61764526 64 255 128
125.53782654 265.29171753 424.31393433 64 255 128
211.80284119 243.63209534 379.26086426 64 255 128
147.61796570 178.92427063 323.86245728 64 255 128
205.53529358 291.50955200 414.89071655 64 255 128
84.65057373 166.74151611 391.04492188 64 255 128
132.84652710 147.15313721 334.80895996 64 255 128
122.58280945 126.02530670 375.23162842 64 255 128
80.45314026 187.18437195 392.86791992 64 255 128
95.01086426 199.27305603 476.68685913 64 255 128
163.66255188 245.37084961 347.49060059 64 255 128
107.31390381 138.02159119 355.15545654 64 255 128
113.58001709 130.34933472 364.32739258 64 255 128
90.76116943 157.57484436 409.02032471 64 255 128
178.72900391 223.22399902 435.12799072 64 255 128
165.33160400 141.16798401 434.60092163 64 255 128
148.84300232 217.10800171 437.69198608 64 255 128
98.81035614 267.69750977 394.90945435 64 255 128
156.29319763 154.54347229 342.08151245 64 255 128
127.96667480 126.27889252 398.00561523 64 255 128
157.11750793 252.73019409 361.26467896 64 255 128
239.50357056 248.56672668 392.21243286 64 255 128
167.98899841 147.08000183 447.57598877 64 255 128
177.89100647 147.80200195 385.85900879 64 255 128
175.07719421 138.58615112 401.33065796 64 255 128
239.14584351 280.65554810 381.62512207 64 255 128
205.19900513 218.52299500 368.43197632 64 255 128
259.61456299 243.04991150 377.34487915 64 255 128
128.33515930 280.11810303 380.92691040 64 255 128
96.06996918 169.83854675 477.95489502 64 255 128
121.12158203 230.96473694 328.02941895 64 255 128
163.07798767 240.28599548 405.00598145 64 255 128
166.22898865 232.10899353 423.40298462 64 255 128
129.21481323 247.79733276 427.58007812 64 255 128
201.89599609 240.63200378 366.12799072 64 255 128
241.49221802 262.26992798 378.26013184 64 255 128
206.48300171 245.18899536 416.84402466 64 255 128
182.10501099 283.05633545 403.41635132 64 255 128
75.75135803 189.99244690 422.14984131 64 255 128
136.59703064 229.89515686 351.98614502 64 255 128
198.93202209 252.35766602 365.68975830 64 255 128
207.65742493 269.83538818 370.52841187 64 255 128
133.47436523 140.10182190 439.91513062 64 255 128
89.71453094 171.95158386 459.32415771 64 255 128
79.20423126 194.52819824 372.53393555 64 255 128
80.61761475 208.75360107 357.43417358 64 255 128
85.87722015 219.71377563 396.78848267 64 255 128
158.28196716 243.32185364 358.26562500 64 255 128
160.15284729 284.54202271 440.82693481 64 255 128
197.75801086 269.57397461 421.37799072 64 255 128
155.53108215 261.94265747 355.64987183 64 255 128
217.60412598 264.86172485 372.87515259 64 255 128
184.95072937 250.85842896 360.58596802 64 255 128
187.93701172 185.53799438 373.76800537 64 255 128
134.71734619 233.32792664 420.52963257 64 255 128
115.25121307 280.14877319 395.74926758 64 255 128
146.92221069 244.60301208 395.24285889 64 255 128
78.37525177 181.87924194 429.16085815 64 255 128
252.07525635 223.85882568 376.72125244 64 255 128
184.48400879 213.21000671 432.79000854 64 255 128
166.50801086 195.53599548 452.82199097 64 255 128
108.59815979 152.22346497 460.32934570 64 255 128
167.60890198 260.63851929 429.70928955 64 255 128
95.41112518 245.65286255 356.46307373 64 255 128
231.18341064 231.46250916 371.13616943 64 255 128
197.38499451 225.69400024 422.61499023 64 255 128
115.45214081 186.43406677 472.64263916 64 255 128
155.68533325 290.28094482 408.98233032 64 255 128
77.34696198 229.30360413 420.68908691 64 255 128
85.50018311 173.21977234 372.17169189 64 255 128
80.66857910 226.19363403 387.05416870 64 255 128
83.15998840 227.08277893 366.26995850 64 255 128
192.44999695 206.63999939 413.12899780 64 255 128
246.94003296 265.71435547 387.71630859 64 255 128
200.09300232 279.48199463 425.02001953 64 255 128
241.10023499 235.09585571 389.20098877 64 255 128
104.47009277 141.45295715 410.23937988 64 255 128
203.54699707 208.14999390 421.59399414 64 255 128
182.27635193 282.30722046 413.59527588 64 255 128
192.34133911 289.70596313 401.25982666 64 255 128
130.51933289 269.35928345 416.31915283 64 255 128
151.54211426 132.92410278 424.85223389 64 255 128
140.86045837 262.23193359 352.78298950 64 255 128
183.92500305 191.63200378 365.62402344 64 255 128
186.04399109 173.78999329 418.05700684 64 255 128
102.88992310 145.64007568 418.83761597 64 255 128
85.94626617 167.32452393 442.66671753 64 255 128
218.71720886 281.86590576 380.51062012 64 255 128
190.87300110 248.53800964 423.80801392 64 255 128
194.19898987 203.31298828 381.28500366 64 255 128
133.12077332 144.52154541 458.45175171 64 255 128
87.83878326 231.98573303 426.94000244 64 255 128
133.02613831 277.22125244 429.43444824 64 255 128
166.74200439 209.79100037 437.67999268 64 255 128
87.61124420 230.26632690 449.01498413 64 255 128
120.33759308 136.26033020 418.06018066 64 255 128
211.46081543 212.50529480 402.72360229 64 255 128
144.47117615 274.31146240 366.94052124 64 255 128
243.51333618 275.45846558 389.91976929 64 255 128
146.14723206 199.46369934 411.62322998 64 255 128
112.43267059 220.56541443 428.11105347 64 255 128
88.65626526 258.27822876 404.52258301 64 255 128
153.46615601 235.00161743 358.37216187 64 255 128
107.70807648 239.73991394 338.99069214 64 255 128
135.73330688 289.45095825 404.71319580 64 255 128
164.45779419 277.26214600 374.95733643 64 255 128
208.57499695 264.34100342 415.59698486 64 255 128
81.03709412 247.03288269 419.93774414 64 255 128
99.07308197 201.34436035 325.44146729 64 255 128
159.79251099 270.43154907 364.52142334 64 255 128
162.68399048 212.02200317 417.44000244 64 255 128
217.43299866 237.10600281 368.87100220 64 255 128
100.63766479 150.90467834 344.06497192 64 255 128
155.45063782 281.70629883 379.63299561 64 255 128
164.42527771 175.33503723 338.59368896 64 255 128
203.05029297 197.66625977 405.14941406 64 255 128
112.89963531 252.03791809 425.32125854 64 255 128
100.04195404 182.66802979 326.26293945 64 255 128
72.83611298 213.13360596 433.80590820 64 255 128
141.70922852 292.16772461 419.60418701 64 255 128
75.24809265 193.84371948 410.70077515 64 255 128
134.11520386 207.44187927 459.45227051 64 255 128
179.37399292 190.93600464 409.72000122 64 255 128
97.37784576 252.70739746 429.15264893 64 255 128
132.80831909 155.19633484 475.40188599 64 255 128
104.71413422 228.99055481 332.24920654 64 255 128
198.95700073 250.51998901 419.07501221 64 255 128
185.51499939 187.66899109 420.91598511 64 255 128
85.39521790 187.23223877 481.59579468 64 255 128
90.79489136 173.15846252 470.92651367 64 255 128
209.38555908 248.87399292 393.68750000 64 255 128
75.04291534 215.43078613 465.59274292 64 255 128
84.54708099 224.68249512 352.71258545 64 255 128
173.15190125 243.94689941 355.19500732 64 255 128
223.04899597 239.51399231 407.25601196 64 255 128
196.01799011 216.69100952 437.56298828 64 255 128
165.92340088 291.62063599 411.24511719 64 255 128
107.39828491 172.78327942 488.96685791 64 255 128
163.57250977 156.35076904 347.78192139 64 255 128
169.03300476 183.82998657 346.24600220 64 255 128
237.94961548 217.69554138 385.35784912 64 255 128
124.00564575 125.32226562 386.53744507 64 255 128
206.06687927 203.62907410 380.27029419 64 255 128
96.64071655 148.87651062 401.94302368 64 255 128
104.25792694 224.65910339 394.74371338 64 255 128
99.50247192 217.77641296 380.44210815 64 255 128
91.26924896 263.89776611 420.89721680 64 255 128
92.57292175 258.14367676 381.17440796 64 255 128
79.38756561 184.31265259 458.21234131 64 255 128
218.65107727 287.39535522 391.27413940 64 255 128
176.04138184 290.20428467 436.53979492 64 255 128
100.32216644 145.90325928 363.27700806 64 255 128
87.24467468 205.58091736 477.17413330 64 255 128
186.03800964 168.66900635 383.37002563 64 255 128
118.45291901 131.42762756 402.29586792 64 255 128
243.91392517 233.55616760 372.78820801 64 255 128
106.54045868 190.89465332 320.51336670 64 255 128
123.28323364 283.00900269 389.82153320 64 255 128
87.15505981 172.56419373 351.50830078 64 255 128
171.46360779 206.73779297 344.17141724 64 255 128
225.44229126 274.04382324 376.05337524 64 255 128
134.43035889 188.93727112 317.21289062 64 255 128
103.34541321 272.64154053 406.38812256 64 255 128
135.42103577 221.01799011 436.56640625 64 255 128
234.47476196 285.43673706 388.23617554 64 255 128
133.13941956 135.20130920 431.33206177 64 255 128
233.07600403 256.24002075 398.66998291 64 255 128
248.20928955 282.80221558 387.23699951 64 255 128
207.71865845 281.15255737 378.05154419 64 255 128
234.20695496 229.88978577 396.56942749 64 255 128
88.42024231 188.10621643 338.65151978 64 255 128
129.16098022 214.43034363 319.10037231 64 255 128
125.55996704 282.82794189 429.34164429 64 255 128
176.85600281 232.97700500 355.67999268 64 255 128
104.58304596 158.69804382 468.21466064 64 255 128
113.22989655 159.67042542 478.81634521 64 255 128
130.66064453 221.18420410 451.92370605 64 255 128
96.63235474 242.28152466 421.77505493 64 255 128
180.53500366 180.54699707 433.81100464 64 255 128
218.76800537 270.93197632 411.14801025 64 255 128
89.49854279 163.61138916 354.04241943 64 255 128
132.94790649 225.70086670 337.53778076 64 255 128
155.84201050 149.65699768 462.50097656 64 255 128
175.04200745 168.97299194 445.95001221 64 255 128
235.42956543 209.91448975 376.31036377 64 255 128
141.83566284 127.34162903 408.71423340 64 255 128
232.53363037 281.27020264 396.21383667 64 255 128
77.82169342 179.34033203 439.76983643 64 255 128
128.73970032 170.22016907 468.15997314 64 255 128
206.61791992 289.15896606 398.08352661 64 255 128
140.03587341 169.79115295 462.38064575 64 255 128
109.48213959 272.96206665 381.90823364 64 255 128
173.51899719 174.63000488 354.30200195 64 255 128
125.86454773 287.30966187 407.94308472 64 255 128
176.31599426 154.22000122 445.28100586 64 255 128
74.92005920 223.86259460 456.33670044 64 255 128
144.08815002 261.39895630 426.50024414 64 255 128
92.64743805 226.30012512 401.88565063 64 255 128
115.21300507 276.40414429 418.08889771 64 255 128
256.30740356 257.72964478 385.52011108 64 255 128
159.66630554 182.15850830 331.45590210 64 255 128
187.75500488 160.12300110 410.64398193 64 255 128
146.65968323 280.51794434 377.83837891 64 255 128
148.64051819 195.65423584 462.14328003 64 255 128
91.57057953 182.26402283 487.84820557 64 255 128
80.05215454 186.41809082 378.00985718 64 255 128
85.78403473 256.01278687 426.30615234 64 255 128
174.02113342 290.81881714 404.31768799 64 255 128
89.99066925 162.87164307 373.82037354 64 255 128
183.66818237 283.39907837 382.03747559 64 255 128
74.29141998 208.88461304 420.25158691 64 255 128
79.26467133 198.50689697 474.17675781 64 255 128
106.31391144 146.05224609 427.01394653 64 255 128
146.80300903 177.66600037 460.61700439 64 255 128
224.64994812 222.73817444 397.41183472 64 255 128
232.00392151 222.18783569 373.01708984 64 255 128
150.30407715 141.18330383 451.03167725 64 255 128
76.58726501 196.43275452 466.08038330 64 255 128
188.27200317 224.53999329 433.70800781 64 255 128
150.47467041 148.19169617 341.58975220 64 255 128
119.60104370 274.30020142 375.44534302 64 255 128
154.89448547 218.31022644 406.10946655 64 255 128
84.68372345 223.07994080 461.40377808 64 255 128
176.63900757 213.45298767 437.15499878 64 255 128
204.47100830 218.53399658 430.95202637 64 255 128
97.93556976 158.73995972 448.26940918 64 255 128
82.90957642 171.08703613 421.38293457 64 255 128
118.98292542 253.18940735 346.88854980 64 255 128
153.26242065 292.29110718 431.83825684 64 255 128
176.06161499 274.88476562 373.06427002 64 255 128
146.83921814 245.00727844 361.28329468 64 255 128
211.98591614 254.56575012 368.31161499 64 255 128
89.21552277 173.44760132 342.77197266 64 255 128
148.52484131 194.39926147 321.34786987 64 255 128
95.88713837 175.16369629 485.62954712 64 255 128
166.68798828 210.47000122 425.64801025 64 255 128
90.92422485 157.19464111 427.04406738 64 255 128
130.21739197 186.05844116 465.34552002 64 255 128
81.21665192 202.00450134 352.17965698 64 255 128
118.50509644 203.45625305 322.17980957 64 255 128
208.73300171 217.63400269 413.27398682 64 255 128
137.97781372 290.10647583 436.16247559 64 255 128
163.77095032 287.34500122 393.17297363 64 255 128
162.89535522 133.35836792 383.48834229 64 255 128
195.85501099 199.97100830 393.87197876 64 255 128
138.32905579 203.17906189 412.64752197 64 255 128
203.57536316 290.96240234 426.26354980 64 255 128
152.59890747 231.52133179 334.39614868 64 255 128
128.11206055 143.70516968 447.55517578 64 255 128
94.28665924 265.84387207 413.24694824 64 255 128
181.48699951 144.58900452 404.02401733 64 255 128
167.93878174 251.17543030 353.73858643 64 255 128
163.32635498 237.70243835 343.64755249 64 255 128
189.66299438 280.64297485 432.42800903 64 255 128
215.77526855 214.28770447 382.06185913 64 255 128
147.03150940 207.55187988 406.48519897 64 255 128
172.23320007 284.83081055 385.59231567 64 255 128
133.06861877 128.92825317 404.81579590 64 255 128
125.64904785 285.19946289 421.03198242 64 255 128
88.43018341 159.93008423 388.03039551 64 255 128
161.24775696 131.01116943 394.82073975 64 255 128
111.49972534 224.32499695 444.47601318 64 255 128
184.25372314 291.41629028 417.31466675 64 255 128
106.65415955 137.64851379 377.81326294 64 255 128
112.69157410 173.58659363 321.74795532 64 255 128
179.42500305 189.79899597 357.40701294 64 255 128
173.62136841 140.33001709 390.33578491 64 255 128
155.88563538 129.79792786 376.52633667 64 255 128
129.17294312 162.84976196 474.81256104 64 255 128
174.36799622 186.70399475 443.98699951 64 255 128
246.37660217 243.03872681 372.70327759 64 255 128
73.53191376 211.72164917 446.24069214 64 255 128
147.57719421 208.50680542 419.32693481 64 255 128
228.38226318 259.47229004 373.20156860 64 255 128
164.32299805 224.75900269 410.32299805 64 255 128
187.95300293 185.84700012 402.16299438 64 255 128
215.65385437 292.14477539 407.85955811 64 255 128
219.92700195 245.68800354 369.34701538 64 255 128
157.41145325 166.84704590 334.65243530 64 255 128
177.16818237 258.72692871 364.66653442 64 255 128
151.36323547 241.24240112 403.23101807 64 255 128
176.06199646 200.17098999 350.77899170 64 255 128
110.61876678 134.52976990 394.87417603 64 255 128
83.19982910 175.10150146 390.65957642 64 255 128
118.09574127 191.61920166 333.50213623 64 255 128
76.89510345 211.25149536 398.55691528 64 255 128
93.44454193 155.43196106 375.30322266 64 255 128
129.70204163 257.36553955 426.84109497 64 255 128
190.57313538 290.02938843 429.09402466 64 255 128
82.72463226 247.75825500 411.84704590 64 255 128
135.90551758 124.32060242 391.30889893 64 255 128
100.47322845 144.04806519 383.30609131 64 255 128
225.34300232 270.42001343 406.09698486 64 255 128
164.18684387 146.55618286 357.85610962 64 255 128
91.34492493 237.89427185 353.42623901 64 255 128
223.29507446 221.90443420 375.22198486 64 255 128
166.83358765 221.01057434 341.36389160 64 255 128
104.01411438 207.20768738 464.73333740 64 255 128
166.52247620 136.74729919 416.35305786 64 255 128
147.71586609 258.10018921 349.82702637 64 255 128
100.88876343 222.38970947 439.55029297 64 255 128
139.88958740 222.48255920 350.98294067 64 255 128
148.27899170 209.14999390 460.11700439 64 255 128
137.70535278 197.00247192 317.29397583 64 255 128
156.61671448 231.24702454 402.22915649 64 255 128
237.98573303 270.81063843 378.37274170 64 255 128
212.81797791 225.89808655 371.44918823 64 255 128
106.68518066 267.68276978 430.07507324 64 255 128
175.20899963 144.94400024 431.81698608 64 255 128
84.67016602 177.95167542 357.18853760 64 255 128
180.55400085 153.08399963 437.98397827 64 255 128
209.57199097 210.80140686 377.22625732 64 255 128
185.94299316 156.05099487 420.98999023 64 255 128
184.27499390 206.11099243 413.41098022 64 255 128
239.07283020 226.01113892 390.89309692 64 255 128
178.55999756 167.35200500 367.11697388 64 255 128
167.55810547 192.81555176 337.99249268 64 255 128
138.67562866 145.41374207 465.05120850 64 255 128
154.10641479 244.85722351 349.29592896 64 255 128
190.36799622 203.43400574 373.34201050 64 255 128
102.16889191 185.55342102 484.10565186 64 255 128
145.70228577 220.53060913 326.40222168 64 255 128
170.51200867 178.52400208 448.04400635 64 255 128
88.68605804 212.01193237 338.32769775 64 255 128
113.48151398 131.72311401 387.82348633 64 255 128
92.13931274 235.49639893 395.56848145 64 255 128
189.06498718 185.16899109 391.22702026 64 255 128
178.27500916 177.70700073 360.56301880 64 255 128
86.82068634 228.64440918 382.33944702 64 255 128
212.73771667 215.56781006 390.53039551 64 255 128
128.19956970 141.10406494 339.22708130 64 255 128
117.84003448 167.02319336 323.35479736 64 255 128
174.70001221 196.82400513 431.94000244 64 255 128
200.76100159 211.78900146 367.64498901 64 255 128
141.16151428 213.67715454 418.98751831 64 255 128
146.76864624 126.74475861 402.10681152 64 255 128
140.20625305 133.58891296 350.49948120 64 255 128
116.10714722 139.55834961 426.59768677 64 255 128
152.27400208 215.88000488 446.10501099 64 255 128
188.75900269 174.68800354 387.97302246 64 255 128
100.46257782 233.09663391 390.40319824 64 255 128
184.04400635 161.27400208 435.83102417 64 255 128
187.01609802 268.56793213 371.12347412 64 255 128
176.69900513 239.71499634 428.11599731 64 255 128
248.84402466 226.62634277 369.90496826 64 255 128
126.07199097 238.71897888 424.15542603 64 255 128
188.88198853 179.08799744 407.13800049 64 255 128
84.77917480 183.63912964 471.88656616 64 255 128
171.08399963 203.03100586 439.90798950 64 255 128
133.95542908 122.98368073 374.11614990 64 255 128
110.88044739 146.41006470 443.93508911 64 255 128
105.76486206 199.44818115 321.45266724 64 255 128
76.88789368 228.64103699 438.11706543 64 255 128
188.35900879 238.40100098 360.92300415 64 255 128
187.00399780 255.52499390 423.47900391 64 255 128
134.05790710 248.28273010 340.10183716 64 255 128
115.35823059 140.88040161 341.56860352 64 255 128
99.53270721 227.43275452 419.74954224 64 255 128
244.94129944 220.37657166 382.63702393 64 255 128
103.15436554 250.56179810 353.64193726 64 255 128
125.09255219 152.41174316 331.05978394 64 255 128
86.95803833 239.60569763 424.61904907 64 255 128
76.93151855 207.41833496 385.16665649 64 255 128
248.83892822 214.87657166 373.06256104 64 255 128
229.90493774 217.66191101 385.41238403 64 255 128
149.47424316 289.80130005 403.72021484 64 255 128
80.44809723 215.28431702 373.01815796 64 255 128
126.68965912 219.66513062 423.49414062 64 255 128
102.97955322 162.79496765 474.71591187 64 255 128
96.11937714 160.36734009 341.04257202 64 255 128
113.57238770 212.23027039 320.14328003 64 255 128
177.98908997 283.43771362 440.80429077 64 255 128
207.05799866 281.47799683 421.92599487 64 255 128
160.68829346 219.75274658 335.37551880 64 255 128
73.78356171 219.24662781 448.60903931 64 255 128
96.98847961 176.24374390 330.92855835 64 255 128
117.08989716 234.13145447 419.32958984 64 255 128
99.87479401 223.26116943 400.93240356 64 255 128
149.65893555 166.84310913 329.24768066 64 255 128
113.47756195 172.80206299 484.04635620 64 255 128
162.78555298 292.47705078 439.29837036 64 255 128
149.44955444 132.04017639 360.88168335 64 255 128
170.97500610 160.58500671 359.58099365 64 255 128
142.65586853 161.08290100 467.23922729 64 255 128
170.59353638 148.95484924 367.60910034 64 255 128
107.66851807 215.88130188 324.54077148 64 255 128
160.46374512 130.43925476 408.27658081 64 255 128
176.35099792 260.60900879 428.97601318 64 255 128
85.19256592 251.71070862 397.91275024 64 255 128
140.35079956 122.65152740 384.31500244 64 255 128
140.94583130 142.68374634 339.97753906 64 255 128
183.55299377 273.91897583 430.49499512 64 255 128
86.97100830 209.19812012 384.73452759 64 255 128
81.21053314 216.50985718 472.41268921 64 255 128
158.87942505 136.11706543 366.64926147 64 255 128
194.93553162 289.54943848 409.83023071 64 255 128
179.15499878 288.66531372 397.26251221 64 255 128
171.14299011 225.31500244 423.53900146 64 255 128
201.92291260 284.39132690 383.07333374 64 255 128
162.29904175 207.52769470 333.91033936 64 255 128
162.23800659 186.88899231 455.39901733 64 255 128
173.95700073 190.27299500 350.41799927 64 255 128
119.46845245 179.88641357 318.37185669 64 255 128
215.62500000 257.80599976 411.01101685 64 255 128
129.77766418 266.47506714 358.90176392 64 255 128
142.21936035 249.37730408 341.55474854 64 255 128
80.91169739 237.00875854 395.98577881 64 255 128
163.23100281 141.53199768 442.39599609 64 255 128
186.49299622 177.75799561 377.85000610 64 255 128
131.69642639 126.91907501 359.42346191 64 255 128
110.60549927 192.63761902 472.53558350 64 255 128
79.00129700 195.50669861 393.63400269 64 255 128
120.12530518 283.19088745 402.36190796 64 255 128
93.42356110 212.82502747 463.59335327 64 255 128
121.50206757 195.84509277 315.82635498 64 255 128
147.04545593 290.99633789 440.02343750 64 255 128
142.81739807 285.39840698 390.25537109 64 255 128
94.78517914 225.43991089 425.35919189 64 255 128
103.19290924 275.09335327 422.52740479 64 255 128
104.42247009 148.90919495 433.67745972 64 255 128
76.33155823 231.03569031 453.74353027 64 255 128
201.78599548 259.53900146 418.53201294 64 255 128
98.33517456 221.27677917 453.25125122 64 255 128
185.22900391 196.33399963 382.22900391 64 255 128
199.07600403 222.47399902 363.92599487 64 255 128
101.84040833 142.89823914 398.37591553 64 255 128
82.73282623 217.38104248 356.84576416 64 255 128
218.37213135 223.27171326 404.09619141 64 255 128
102.13038635 237.52259827 419.55050659 64 255 128
230.01849365 248.28251648 373.46447754 64 255 128
255.80987549 250.13580322 375.68817139 64 255 128
175.43800354 220.98300171 351.51400757 64 255 128
191.32901001 222.23599243 359.66400146 64 255 128
89.81722260 198.85501099 483.44317627 64 255 128
209.96438599 235.97985840 368.77688599 64 255 128
94.48896027 184.59143066 331.02694702 64 255 128
254.43571472 267.95019531 384.32754517 64 255 128
104.03470612 219.61816406 386.97308350 64 255 128
146.54708862 246.54270935 405.05667114 64 255 128
133.32009888 287.91952515 397.56585693 64 255 128
83.26292419 176.59385681 364.54705811 64 255 128
179.52070618 285.74441528 388.20678711 64 255 128
96.84618378 154.07507324 433.88513184 64 255 128
76.67223358 185.04273987 413.26818848 64 255 128
216.01399231 287.96197510 418.17199707 64 255 128
143.33863831 157.21626282 331.22741699 64 255 128
204.74816895 198.62435913 393.65240479 64 255 128
96.40251923 151.50271606 358.80615234 64 255 128
176.23800659 141.98100281 419.96801758 64 255 128
132.36523438 206.97561646 319.26797485 64 255 128
195.65899658 209.46800232 422.77700806 64 255 128
96.02655792 235.27857971 344.41192627 64 255 128
152.32061768 186.48162842 324.47494507 64 255 128
165.01521301 293.02279663 423.62084961 64 255 128
107.21363068 275.80435181 400.96032715 64 255 128
150.03149414 232.15866089 413.18041992 64 255 128
181.61801147 195.27900696 393.74798584 64 255 128
195.22499084 237.55694580 363.79824829 64 255 128
77.72161102 199.71102905 380.08230591 64 255 128
77.14527130 201.66972351 406.76547241 64 255 128
244.38667297 244.30845642 388.16729736 64 255 128
136.24522400 131.04179382 423.57400513 64 255 128
134.89434814 220.55140686 342.61468506 64 255 128
169.27708435 144.27957153 374.05926514 64 255 128
128.39857483 231.29791260 339.10842896 64 255 128
87.88286591 250.81506348 386.70892334 64 255 128
259.61676025 224.32212830 367.97174072 64 255 128
76.86302185 217.51449585 415.31637573 64 255 128
251.40386963 232.57279968 380.17507935 64 255 128
162.77700806 202.79200745 456.17300415 64 255 128
170.72900391 197.53999329 447.04199219 64 255 128
179.89900208 190.79800415 417.18798828 64 255 128
78.95435333 233.82035828 433.20819092 64 255 128
86.82815552 220.36271667 344.45739746 64 255 128
193.17660522 286.50189209 389.31588745 64 255 128
94.88170624 251.88005066 364.55990601 64 255 128
137.94050598 220.42126465 449.68218994 64 255 128
170.70556641 216.77882385 345.73516846 64 255 128
127.17619324 178.76579285 316.76062012 64 255 128
136.18264771 232.48466492 342.05584717 64 255 128
117.10412598 269.94735718 369.42758179 64 255 128
152.32228088 283.40512085 441.11740112 64 255 128
151.32769775 139.71786499 442.23120117 64 255 128
193.04292297 288.10403442 436.09738159 64 255 128
96.23062134 208.49429321 387.78634644 64 255 128
161.34500122 210.93000793 447.66598511 64 255 128
75.32668304 194.01116943 428.19671631 64 255 128
215.42599487 230.94999695 411.70700073 64 255 128
192.42391968 255.21284485 365.53610229 64 255 128
224.57598877 256.91101074 405.55899048 64 255 128
114.60119629 240.52020264 336.61395264 64 255 128
91.49338531 217.75016785 378.27276611 64 255 128
119.27887726 153.55015564 473.42211914 64 255 128
191.15299988 265.38198853 423.74798584 64 255 128
161.59054565 137.77395630 428.34890747 64 255 128
141.80056763 268.20779419 358.74893188 64 255 128
113.72704315 190.63919067 340.46737671 64 255 128
148.08645630 135.52108765 353.25326538 64 255 128
98.09878540 264.15032959 431.19360352 64 255 128
186.19400024 162.06500244 425.65798950 64 255 128
179.15800476 196.72900391 402.66101074 64 255 128
81.46826172 190.31388855 364.57434082 64 255 128
123.91159058 236.66993713 331.83499146 64 255 128
120.22087860 262.77993774 357.48080444 64 255 128
141.14712524 282.99017334 382.68707275 64 255 128
74.44702911 203.21415710 462.06054688 64 255 128
174.11349487 292.54824829 425.68536377 64 255 128
154.52537537 205.32011414 419.70022583 64 255 128
152.72100830 183.91999817 458.58200073 64 255 128
84.23892212 219.52555847 389.07409668 64 255 128
124.44152069 231.81520081 345.43237305 64 255 128
116.57685089 146.41752625 449.19070435 64 255 128
185.59400940 186.68499756 380.63699341 64 255 128
164.16326904 288.22866821 445.66015625 64 255 128
80.25185394 206.90402222 369.21173096 64 255 128
144.16525269 141.77589417 454.44757080 64 255 128
150.83515930 126.48707581 395.64450073 64 255 128
85.23665619 177.22186279 456.96890259 64 255 128
124.77062988 222.04623413 349.03717041 64 255 128
123.36739349 188.11463928 467.62274170 64 255 128
148.81980896 291.68237305 424.12103271 64 255 128
96.47728729 222.82637024 334.35513306 64 255 128
122.25501251 136.03303528 426.14620972 64 255 128
145.03245544 220.11837769 411.01962280 64 255 128
117.01667786 148.40725708 457.30285645 64 255 128
137.66441345 275.02032471 368.93276978 64 255 128
143.01190186 217.39131165 430.64233398 64 255 128
99.23052979 230.08648682 380.71484375 64 255 128
181.77899170 145.75999451 417.27502441 64 255 128
185.49800110 150.77499390 400.15798950 64 255 128
77.85633850 202.88462830 399.46997070 64 255 128
188.17298889 168.71101379 398.98498535 64 255 128
136.69270325 261.83065796 424.99670410 64 255 128
112.29927063 259.23001099 425.24322510 64 255 128
203.94100952 236.70800781 418.99499512 64 255 128
81.48715973 246.37165833 427.08026123 64 255 128
155.38999939 169.79399109 456.88699341 64 255 128
178.15800476 188.07600403 436.90301514 64 255 128
236.19580078 214.68041992 370.97308350 64 255 128
178.32699585 210.80900574 429.97900391 64 255 128
164.20300293 165.35499573 453.77401733 64 255 128
157.67140198 144.14434814 454.73449707 64 255 128
163.94299316 236.49099731 398.66500854 64 255 128
162.98100281 258.10119629 354.70477295 64 255 128
87.83521271 171.70606995 452.55282593 64 255 128
80.01905823 203.84951782 480.84222412 64 255 128
132.06195068 161.24366760 324.75250244 64 255 128
192.92774963 274.44937134 372.40972900 64 255 128
158.22915649 244.62770081 396.58148193 64 255 128
185.38899231 161.49400330 387.33200073 64 255 128
86.48181152 233.55824280 389.32543945 64 255 128
139.58743286 191.72660828 463.24725342 64 255 128
102.50410461 197.14727783 473.15109253 64 255 128
87.59969330 245.71319580 371.92761230 64 255 128
153.32398987 214.88900757 432.59899902 64 255 128
191.18099976 213.89498901 430.42098999 64 255 128
205.37100220 213.47799683 425.97698975 64 255 128
78.68187714 179.19949341 409.91412354 64 255 128
141.14096069 178.89094543 320.67758179 64 255 128
133.59742737 219.41020203 321.82284546 64 255 128
138.79246521 237.15620422 333.04855347 64 255 128
150.02796936 150.88798523 467.22860718 64 255 128
190.49299622 237.60699463 426.61602783 64 255 128
88.82164764 164.21087646 363.79507446 64 255 128
124.43122101 197.09750366 464.27691650 64 255 128
95.43289185 194.51605225 482.32312012 64 255 128
110.70259094 246.14427185 343.63186646 64 255 128
209.24736023 290.58145142 405.17944336 64 255 128
74.37155151 198.18894958 438.84017944 64 255 128
120.60816956 217.45532227 320.53564453 64 255 128
90.03331757 228.46757507 441.09509277 64 255 128
123.35763550 162.17251587 481.01638794 64 255 128
149.84289551 251.34753418 364.04119873 64 255 128
118.85369110 176.84019470 475.73312378 64 255 128
111.21002960 227.99870300 328.43704224 64 255 128
118.43242645 271.31021118 422.82379150 64 255 128
116.47512054 201.50564575 464.23022461 64 255 128
210.97506714 208.88043213 395.62158203 64 255 128
144.33580017 240.22149658 424.23965454 64 255 128
104.40221405 154.61189270 454.52032471 64 255 128
119.08408356 185.11029053 343.06494141 64 255 128
106.71763611 257.00027466 358.47180176 64 255 128
158.78012085 274.49426270 433.05239868 64 255 128
157.79792786 231.88891602 419.43054199 64 255 128
207.19844055 249.13696289 386.79644775 64 255 128
155.73066711 249.44515991 426.64300537 64 255 128
145.52629089 254.63479614 426.50622559 64 255 128
112.16677094 243.81414795 425.31793213 64 255 128
182.77400208 205.05101013 355.74700928 64 255 128
126.65289307 150.48620605 473.76275635 64 255 128
94.16354370 262.30233765 394.68676758 64 255 128
96.94207764 260.94802856 375.52062988 64 255 128
118.30786896 129.11445618 358.81594849 64 255 128
124.16719818 224.74177551 417.39926147 64 255 128
152.82197571 140.74038696 351.42041016 64 255 128
94.07603455 165.28808594 462.50021362 64 255 128
115.84848785 222.69696045 439.38363647 64 255 128
158.18849182 234.89735413 339.22607422 64 255 128
193.44699097 208.17401123 367.82199097 64 255 128
123.23355865 220.84356689 453.38973999 64 255 128
202.77301025 224.48599243 418.29101562 64 255 128
150.94274902 272.73043823 365.43591309 64 255 128
82.61721039 237.76527405 443.34066772 64 255 128
222.72938538 290.97180176 399.90551758 64 255 128
144.65014648 129.93017578 420.41915894 64 255 128
232.16983032 246.72171021 399.55364990 64 255 128
77.88780212 226.50617981 397.46267700 64 255 128
103.94976807 165.06584167 330.42687988 64 255 128
87.16156769 239.77760315 362.13198853 64 255 128
155.63000488 284.54968262 387.29693604 64 255 128
132.20504761 272.13726807 423.27313232 64 255 128
121.34041595 248.85394287 426.45346069 64 255 128
206.73518372 202.27781677 388.04910278 64 255 128
137.91944885 290.96298218 413.39645386 64 255 128
77.23200989 222.77737427 422.98037720 64 255 128
186.98098755 180.52700806 416.54299927 64 255 128
118.03479767 141.02734375 436.83551025 64 255 128
182.00900269 219.81100464 353.92697144 64 255 128
213.53599548 246.93598938 413.23999023 64 255 128
82.29731750 172.88897705 444.56680298 64 255 128
88.82452393 213.17405701 397.30038452 64 255 128
228.41299438 237.42599487 403.36401367 64 255 128
108.97886658 140.58239746 347.56726074 64 255 128
109.11239624 150.00942993 337.29122925 64 255 128
256.01589966 249.21824646 382.57125854 64 255 128
158.88899231 155.59800720 460.60101318 64 255 128
93.27900696 172.07905579 337.29812622 64 255 128
211.05607605 219.11468506 404.81411743 64 255 128
152.72544861 255.53112793 353.75531006 64 255 128
90.16399384 208.43118286 470.47250366 64 255 128
94.01049805 200.28950500 330.12136841 64 255 128
207.54438782 211.77603149 370.67285156 64 255 128
76.67252350 186.96363831 452.48318481 64 255 128
151.04777527 126.72691345 380.18847656 64 255 128
100.13048553 211.17802429 326.71331787 64 255 128
132.38508606 226.49186707 418.57977295 64 255 128
97.16519928 150.63557434 367.13922119 64 255 128
147.64399719 237.79075623 358.88372803 64 255 128
181.12100220 173.74198914 367.74099731 64 255 128
84.07396698 230.24378967 454.94390869 64 255 128
168.09054565 231.10166931 346.10726929 64 255 128
104.22021484 252.57128906 429.58132935 64 255 128
150.98683167 225.14598083 410.44683838 64 255 128
234.54516602 261.07156372 375.87207031 64 255 128
185.47599792 198.28700256 366.36099243 64 255 128
180.15199280 171.83599854 438.14501953 64 255 128
138.54118347 157.31140137 472.06921387 64 255 128
167.92344666 205.10787964 338.40621948 64 255 128
232.04202271 277.16036987 378.73022461 64 255 128
165.83099365 221.83300781 401.33999634 64 255 128
142.79968262 249.66702271 397.33389282 64 255 128
81.53337097 172.32415771 428.94104004 64 255 128
261.11447144 237.37840271 372.24694824 64 255 128
169.24026489 280.53088379 379.67126465 64 255 128
180.94900513 149.42599487 430.55999756 64 255 128
235.31465149 287.47576904 396.68005371 64 255 128
162.25706482 190.96859741 333.29986572 64 255 128
78.26499939 238.00035095 419.93966675 64 255 128
245.80293274 257.07113647 378.00466919 64 255 128
100.18300629 271.58297729 413.37948608 64 255 128
223.87098694 287.09799194 409.54400635 64 255 128
232.03182983 237.86407471 373.42507935 64 255 128
172.63316345 275.82809448 432.46353149 64 255 128
152.49972534 212.45869446 410.54516602 64 255 128
184.38899231 249.46699524 425.66699219 64 255 128
83.84157562 187.54248047 348.15057373 64 255 128
117.53035736 187.93325806 317.68634033 64 255 128
146.39398193 279.61135864 437.78350830 64 255 128
107.38143921 179.37907410 484.89303589 64 255 128
241.23677063 267.81069946 391.44189453 64 255 128
115.24401093 222.41088867 451.84909058 64 255 128
166.03590393 167.98503113 343.40814209 64 255 128
240.64234924 248.15773010 373.66772461 64 255 128
204.54299927 249.54299927 366.76998901 64 255 128
86.24193573 194.17216492 487.98815918 64 255 128
89.42076111 160.81777954 381.32205200 64 255 128
84.79502106 252.16317749 404.90402222 64 255 128
241.67404175 210.93101501 372.73059082 64 255 128
75.41547394 222.49246216 463.54736328 64 255 128
76.58649445 217.44572449 407.00961304 64 255 128
115.66286469 159.21786499 328.15948486 64 255 128
180.20401001 163.97698975 372.72799683 64 255 128
136.79319763 282.72644043 438.49383545 64 255 128
175.64700317 199.01699829 418.68698120 64 255 128
165.15699768 178.89801025 452.11898804 64 255 128
139.52821350 206.58166504 406.12725830 64 255 128
131.64949036 130.86737061 417.91439819 64 255 128
144.89349365 128.03953552 363.65081787 64 255 128
81.73210144 196.35295105 355.87539673 64 255 128
95.19927216 269.08447266 425.62005615 64 255 128
75.08425903 219.99993896 430.18542480 64 255 128
88.06089783 229.46650696 434.04040527 64 255 128
178.70957947 246.55271912 358.36526489 64 255 128
161.81512451 243.84939575 427.60522461 64 255 128
86.93332672 160.92352295 396.01181030 64 255 128
124.91801453 130.34921265 403.67483521 64 255 128
95.91170502 216.79763794 458.51046753 64 255 128
230.36099243 274.91198730 399.77700806 64 255 128
189.96299744 205.28500366 406.44500732 64 255 128
94.45378113 216.50581360 333.10800171 64 255 128
82.58081818 191.59556580 477.38992310 64 255 128
107.47820282 217.62950134 456.47436523 64 255 128
159.98188782 197.68235779 330.77758789 64 255 128
84.07328033 243.32865906 385.06713867 64 255 128
81.50331879 171.43885803 402.64828491 64 255 128
144.83267212 247.20880127 354.63647461 64 255 128
129.46194458 134.47296143 346.32382202 64 255 128
157.10455322 225.27410889 335.19314575 64 255 128
94.12207794 225.55499268 342.78402710 64 255 128
199.32099915 232.03300476 421.95901489 64 255 128
237.16635132 233.83877563 372.92962646 64 255 128
93.28794861 161.62948608 444.36544800 64 255 128
167.36201477 267.12438965 429.08120728 64 255 128
183.49800110 190.66900635 375.60000610 64 255 128
258.20816040 260.00573730 379.57641602 64 255 128
177.87019348 292.72885132 420.38043213 64 255 128
136.38006592 201.10264587 461.95568848 64 255 128
138.78633118 137.52137756 434.45773315 64 255 128
173.07699585 222.81700134 429.97399902 64 255 128
211.98199463 269.82998657 414.10501099 64 255 128
170.06658936 256.87759399 357.98107910 64 255 128
183.52145386 256.73864746 363.05944824 64 255 128
179.65400696 153.00799561 382.18600464 64 255 128
175.17698669 160.35400391 447.46597290 64 255 128
96.07089233 155.42829895 345.56198120 64 255 128
174.28474426 292.73345947 413.74914551 64 255 128
104.78812408 271.45208740 386.18228149 64 255 128
170.90299988 165.75500488 450.56301880 64 255 128
81.89257812 181.05989075 374.73281860 64 255 128
155.02668762 239.13899231 353.23428345 64 255 128
157.80615234 246.35566711 364.01239014 64 255 128
147.54499817 245.96565247 340.00317383 64 255 128
142.87353516 290.06958008 404.01129150 64 255 128
148.07147217 277.17117310 371.88360596 64 255 128
84.31582642 212.86367798 390.50604248 64 255 128
169.33708191 290.50289917 437.80926514 64 255 128
170.54000854 254.65499878 428.81399536 64 255 128
242.12040710 284.79153442 385.73730469 64 255 128
137.09754944 249.04440308 426.31686401 64 255 128
210.28671265 263.84689331 370.93890381 64 255 128
189.96598816 202.22500610 395.66201782 64 255 128
118.60611725 279.78744507 422.71887207 64 255 128
79.50134277 201.16484070 372.97476196 64 255 128
170.52992249 266.12268066 365.52487183 64 255 128
132.82539368 240.56869507 334.38619995 64 255 128
101.79032898 271.06997681 400.27389526 64 255 128
108.15318298 186.48550415 477.51779175 64 255 128
118.43658447 127.33928680 367.54626465 64 255 128
124.20729828 256.71316528 348.91918945 64 255 128
79.67254639 187.51710510 463.79373169 64 255 128
108.73969269 264.99279785 368.23812866 64 255 128
252.35006714 243.70460510 375.10342407 64 255 128
167.39900208 152.95399475 453.24200439 64 255 128
188.59005737 290.54260254 422.83200073 64 255 128
153.85394287 179.53460693 327.27426147 64 255 128
255.47183228 228.17793274 373.24130249 64 255 128
112.21292114 134.73774719 403.32443237 64 255 128
171.58999634 247.08599854 428.58099365 64 255 128
155.54466248 288.80639648 401.95581055 64 255 128
127.13518524 164.57518005 322.07754517 64 255 128
200.26899719 233.55799866 363.50698853 64 255 128
238.73077393 255.08135986 393.24215698 64 255 128
127.49564362 270.44805908 364.86764526 64 255 128
163.23100281 229.92298889 406.57498169 64 255 128
171.14799500 191.09800720 447.51599121 64 255 128
122.92822266 131.08773804 352.85824585 64 255 128
148.16976929 135.24267578 430.31289673 64 255 128
89.50143433 217.42953491 461.28933716 64 255 128
73.95116425 209.79878235 462.58963013 64 255 128
99.76530457 217.28320312 398.51379395 64 255 128
79.18614197 185.76850891 399.35696411 64 255 128
115.33683777 137.07670593 346.86395264 64 255 128
73.04366302 206.74694824 434.76385498 64 255 128
150.53431702 291.08996582 418.06475830 64 255 128
167.88842773 283.35635376 440.88549805 64 255 128
122.22718048 210.36097717 459.38580322 64 255 128
154.96289062 265.07968140 430.53497314 64 255 128
224.58642578 233.34460449 370.93676758 64 255 128
244.20375061 221.29270935 369.87985229 64 255 128
130.39653015 226.07443237 324.27529907 64 255 128
186.32699585 232.75299072 358.59701538 64 255 128
239.25939941 278.64260864 393.63122559 64 255 128
252.50425720 255.11131287 378.08557129 64 255 128
247.63554382 235.61758423 384.50622559 64 255 128
137.47305298 173.19323730 320.35287476 64 255 128
99.91082001 221.27621460 433.29479980 64 255 128
158.62295532 249.46470642 355.98443604 64 255 128
156.81552124 238.90399170 406.56945801 64 255 128
145.41499329 216.60499573 449.92398071 64 255 128
204.37716675 203.18750000 408.26004028 64 255 128
167.39801025 226.63000488 418.29299927 64 255 128
225.99168396 222.56871033 389.54318237 64 255 128
158.85391235 266.06625366 359.51324463 64 255 128
235.05505371 265.07235718 396.29602051 64 255 128
87.90342712 160.50334167 420.77984619 64 255 128
114.97290039 145.52014160 337.10662842 64 255 128
128.86231995 221.54042053 436.65563965 64 255 128
198.10214233 258.36450195 367.50042725 64 255 128
193.41400146 201.66499329 387.44400024 64 255 128
121.51557922 220.23550415 427.59796143 64 255 128
170.96153259 137.87344360 412.25268555 64 255 128
145.29856873 226.37326050 329.02502441 64 255 128
124.09447479 246.71246338 340.03994751 64 255 128
207.45500183 210.74099731 417.27700806 64 255 128
77.70759583 206.52174377 475.57434082 64 255 128
80.22686005 220.56985474 376.92617798 64 255 128
153.69065857 128.00105286 406.97961426 64 255 128
77.92507172 234.05825806 413.68649292 64 255 128
213.03797913 288.95150757 394.08102417 64 255 128
159.49206543 229.92047119 397.13018799 64 255 128
73.81629181 193.03750610 447.51748657 64 255 128
181.10800171 217.57798767 438.94299316 64 255 128
79.89373016 212.73255920 378.86099243 64 255 128
131.53390503 215.63873291 456.18911743 64 255 128
128.43510437 194.10498047 316.60684204 64 255 128
134.30929565 148.22512817 471.23876953 64 255 128
158.15486145 242.83445740 343.07528687 64 255 128
86.51409912 225.82347107 399.68783569 64 255 128
160.90800476 174.16900635 453.76797485 64 255 128
220.65917969 270.79809570 373.37478638 64 255 128
118.15404510 260.57644653 423.31808472 64 255 128
104.41458893 221.89601135 327.99133301 64 255 128
93.92277527 152.62716675 407.08786011 64 255 128
197.67298889 200.84400940 408.58901978 64 255 128
199.89300537 200.90800476 382.51098633 64 255 128
148.92399597 163.93800354 463.75997925 64 255 128
126.32714081 123.86711121 379.94107056 64 255 128
93.19752502 232.02153015 379.97265625 64 255 128
91.30835724 170.61819458 465.19262695 64 255 128
123.77091980 173.21696472 471.60772705 64 255 128
138.03457642 229.97599792 328.91156006 64 255 128
96.19872284 263.69769287 387.68057251 64 255 128
187.00802612 286.89620972 402.96594238 64 255 128
84.83935547 167.53825378 410.01388550 64 255 128
120.87120056 133.63641357 407.85897827 64 255 128
168.83349609 198.84446716 339.36569214 64 255 128
131.84320068 233.54170227 353.06231689 64 255 128
80.66718292 188.01875305 385.46530151 64 255 128
201.82600403 242.44700623 420.39401245 64 255 128
100.20480347 257.62817383 365.43038940 64 255 128
102.29775238 154.23941040 447.88998413 64 255 128
222.98593140 217.17079163 380.49816895 64 255 128
164.21099854 217.36300659 414.54199219 64 255 128
151.13562012 200.92884827 460.06375122 64 255 128
130.35562134 225.51321411 356.98260498 64 255 128
157.67352295 292.31555176 427.50430298 64 255 128
81.18260193 242.11424255 407.46322632 64 255 128
135.40847778 265.33496094 419.98654175 64 255 128
133.20028687 238.85527039 424.03741455 64 255 128
130.15965271 199.36366272 461.86981201 64 255 128
112.65292358 230.06932068 418.37942505 64 255 128
112.71120453 277.63681030 388.80264282 64 255 128
106.01511383 183.85890198 322.17047119 64 255 128
214.40400696 263.90499878 411.50997925 64 255 128
240.46562195 255.08930969 375.60360718 64 255 128
195.07276917 278.96292114 376.19726562 64 255 128
94.98382568 247.08744812 425.87701416 64 255 128
166.03779602 273.73056030 431.33850098 64 255 128
121.65800476 187.39686584 337.84640503 64 255 128
82.18365479 173.19432068 415.27203369 64 255 128
148.17922974 239.97946167 336.34527588 64 255 128
84.90818787 174.19357300 383.22116089 64 255 128
82.98406982 208.64691162 348.77581787 64 255 128
127.76325989 146.56874084 460.79486084 64 255 128
119.51988220 223.14353943 323.76617432 64 255 128
110.95229340 134.08811951 380.62927246 64 255 128
152.00344849 210.64625549 424.21096802 64 255 128
185.71650696 243.81434631 360.83593750 64 255 128
153.16600037 190.20199585 461.44598389 64 255 128
198.81700134 205.73200989 418.10900879 64 255 128
82.70140076 221.73699951 361.25842285 64 255 128
75.30570221 205.74168396 415.08648682 64 255 128
147.85238647 173.00549316 325.80139160 64 255 128
187.12200928 168.27000427 413.39599609 64 255 128
79.18071747 217.80604553 385.93014526 64 255 128
142.71263123 208.08790588 321.84417725 64 255 128
101.87165070 142.13560486 371.29919434 64 255 128
181.58000183 255.02999878 426.41500854 64 255 128
135.85612488 290.57412720 420.99850464 64 255 128
172.41000366 234.88800049 427.57299805 64 255 128
160.43699646 211.99800110 435.20501709 64 255 128
168.57301331 207.34399414 444.08099365 64 255 128
128.41061401 172.23100281 319.46014404 64 255 128
248.40107727 274.56521606 386.17489624 64 255 128
164.71952820 152.10807800 353.48516846 64 255 128
190.42105103 289.27059937 413.96984863 64 255 128
97.40549469 186.23214722 488.68786621 64 255 128
222.26600647 278.21697998 407.96499634 64 255 128
160.79049683 291.41604614 415.90380859 64 255 128
182.61300659 209.88899231 424.69702148 64 255 128
111.23817444 202.01841736 320.00189209 64 255 128
120.87842560 240.78488159 335.26889038 64 255 128
135.15435791 260.51898193 351.08303833 64 255 128
135.76223755 129.11735535 355.18081665 64 255 128
222.36317444 261.22454834 373.54708862 64 255 128
87.87356567 199.28814697 338.31930542 64 255 128
96.56652832 148.57853699 381.96063232 64 255 128
86.63962555 230.57714844 353.13293457 64 255 128
77.05076599 220.08567810 393.10235596 64 255 128
209.81892395 291.83523560 419.39212036 64 255 128
151.47389221 154.74069214 338.20843506 64 255 128
73.27608490 202.87976074 425.61871338 64 255 128
184.61000061 177.91000366 372.01602173 64 255 128
201.97599792 223.10798645 427.72497559 64 255 128
127.42592621 140.98582458 439.50051880 64 255 128
95.16356659 150.68882751 391.90005493 64 255 128
186.74139404 289.18511963 433.76455688 64 255 128
169.60400391 144.38800049 442.32101440 64 255 128
188.94400024 200.15299988 379.21701050 64 255 128
141.23941040 181.57984924 461.16287231 64 255 128
228.60400391 283.90499878 400.35400391 64 255 128
144.14823914 267.79077148 428.81555176 64 255 128
104.77454376 145.01322937 347.14385986 64 255 128
160.49545288 255.88888550 429.02932739 64 255 128
156.38868713 225.07569885 405.15698242 64 255 128
151.11402893 202.32032776 414.58441162 64 255 128
125.66083527 224.75103760 447.76922607 64 255 128
210.00898743 237.29998779 414.64297485 64 255 128
173.57000732 237.76899719 353.83001709 64 255 128
170.43901062 210.85398865 430.43899536 64 255 128
158.01118469 143.39143372 354.15353394 64 255 128
110.84063721 166.89987183 486.85800171 64 255 128
138.69677734 184.35614014 317.50393677 64 255 128
91.98751068 167.43666077 455.99343872 64 255 128
180.90400696 268.77700806 428.57299805 64 255 128
108.28241730 177.71813965 322.53979492 64 255 128
181.05299377 228.27600098 426.74301147 64 255 128
255.46234131 239.21443176 379.59588623 64 255 128
93.22013855 156.29699707 360.67303467 64 255 128
109.09036255 134.47451782 372.78955078 64 255 128
206.43701172 285.81900024 427.54199219 64 255 128
161.48089600 262.60733032 428.66290283 64 255 128
192.77099609 231.56900024 424.31399536 64 255 128
73.15348816 213.72352600 439.75112915 64 255 128
118.26041412 128.39533997 378.68780518 64 255 128
164.10226440 131.46081543 400.61953735 64 255 128
109.06429291 276.69662476 422.62280273 64 255 128
173.89385986 142.91998291 384.51339722 64 255 128
204.41900635 251.16500854 416.32397461 64 255 128
130.81245422 153.87503052 329.70492554 64 255 128
125.53748322 204.61236572 316.96813965 64 255 128
115.29481506 281.04412842 412.47183228 64 255 128
158.87800598 209.33100891 456.32400513 64 255 128
177.72500610 194.23599243 353.67398071 64 255 128
111.79054260 153.24761963 465.41485596 64 255 128
174.00009155 280.11254883 436.47946167 64 255 128
162.77099609 145.30099487 451.94598389 64 255 128
232.18237305 213.24938965 381.92260742 64 255 128
219.30044556 285.40783691 385.36428833 64 255 128
102.60445404 141.56004333 390.08663940 64 255 128
84.68633270 251.41494751 430.11846924 64 255 128
150.73219299 239.76863098 422.71185303 64 255 128
104.72538757 243.63348389 344.64648438 64 255 128
212.00099182 277.44601440 415.84799194 64 255 128
172.73283386 291.56735229 431.70782471 64 255 128
76.38462067 212.68327332 470.71661377 64 255 128
120.46989441 284.44537354 408.34426880 64 255 128
107.67950439 157.63552856 332.34533691 64 255 128
82.45597076 237.91384888 388.34310913 64 255 128
75.15551758 223.01829529 435.30004883 64 255 128
167.02929688 158.00326538 352.35855103 64 255 128
137.10203552 222.73287964 442.42276001 64 255 128
196.45899963 281.36700439 429.97198486 64 255 128
112.41672516 271.65142822 425.43191528 64 255 128
130.92970276 219.78808594 431.60861206 64 255 128
250.73107910 259.60662842 387.58251953 64 255 128
155.13180542 160.15945435 336.87393188 64 255 128
140.48843384 227.68206787 347.99847412 64 255 128
108.18498230 159.85116577 475.03088379 64 255 128
152.90539551 251.49726868 349.12588501 64 255 128
120.89871216 283.25119019 395.18533325 64 255 128
89.10463715 257.50219727 397.46014404 64 255 128
247.42465210 248.89541626 385.62762451 64 255 128
124.47019958 133.80114746 414.80999756 64 255 128
77.36490631 182.84579468 448.01437378 64 255 128
200.76242065 270.74649048 370.51358032 64 255 128
168.04701233 290.80569458 404.59786987 64 255 128
135.45964050 185.03121948 462.65133667 64 255 128
85.26091003 210.99754333 472.57852173 64 255 128
81.33245087 180.56036377 393.98706055 64 255 128
87.15665436 177.82972717 470.28146362 64 255 128
199.35331726 245.85894775 366.11495972 64 255 128
194.26315308 289.58200073 395.63345337 64 255 128
156.14631653 128.52792358 392.94338989 64 255 128
114.71468353 220.81710815 433.86495972 64 255 128
134.84992981 129.10418701 411.90032959 64 255 128
176.19883728 139.89039612 395.82635498 64 255 128
229.87677002 227.35694885 399.80508423 64 255 128
92.44744873 225.59417725 450.22268677 64 255 128
77.52138519 184.67349243 424.07366943 64 255 128
109.50807190 213.19334412 459.84576416 64 255 128
85.84186554 241.13984680 375.26815796 64 255 128
76.73417664 191.53074646 405.57400513 64 255 128
97.02645111 148.83299255 417.15402222 64 255 128
89.39523315 250.38325500 375.08642578 64 255 128
179.67700195 245.98200989 426.25299072 64 255 128
101.63097382 172.99403381 487.86251831 64 255 128
87.28956604 182.55433655 342.50000000 64 255 128
194.25498962 225.79100037 427.84899902 64 255 128
117.51723480 207.54219055 461.24182129 64 255 128
138.92080688 230.80645752 417.43844604 64 255 128
170.11668396 135.56919861 401.50817871 64 255 128
191.60301208 220.68800354 438.61401367 64 255 128
158.71693420 248.05001831 347.07748413 64 255 128
152.67007446 247.60067749 342.79669189 64 255 128
147.27780151 251.88740540 351.53549194 64 255 128
82.16819000 233.22314453 377.46118164 64 255 128
82.78739166 169.66583252 395.67184448 64 255 128
92.22296906 159.74464417 349.01773071 64 255 128
146.66378784 126.52861786 372.09552002 64 255 128
177.71199036 202.66400146 414.58898926 64 255 128
111.80480957 142.41400146 428.95626831 64 255 128
181.93161011 277.35522461 377.13525391 64 255 128
73.77216339 199.27720642 446.00732422 64 255 128
141.44802856 143.12652588 459.27700806 64 255 128
80.22171783 207.41241455 363.32952881 64 255 128
187.13000488 159.95899963 395.50799561 64 255 128
149.04289246 205.07041931 323.69152832 64 255 128
87.64505768 162.44216919 410.36004639 64 255 128
87.08125305 163.63386536 436.75717163 64 255 128
101.85135651 142.88511658 404.28353882 64 255 128
214.46061707 292.19308472 414.47845459 64 255 128
93.30808258 191.16596985 330.88973999 64 255 128
178.19961548 284.42706299 407.19445801 64 255 128
102.44700623 237.70109558 340.47857666 64 255 128
204.50415039 244.42506409 392.56405640 64 255 128
105.26323700 231.55352783 417.65023804 64 255 128
224.76255798 248.54431152 370.76239014 64 255 128
226.60699463 243.59700012 405.13598633 64 255 128
139.47753906 209.90777588 459.10717773 64 255 128
105.74470520 259.85571289 363.42572021 64 255 128
148.22822571 263.97021484 355.22796631 64 255 128
157.73652649 245.00331116 404.88674927 64 255 128
86.34386444 169.52015686 367.80502319 64 255 128
136.46263123 203.08764648 317.94787598 64 255 128
144.05444336 201.29510498 405.95040894 64 255 128
93.68689728 263.35086060 400.28207397 64 255 128
219.85598755 233.62100220 409.09899902 64 255 128
154.34033203 130.67851257 417.31173706 64 255 128
88.62970734 222.63507080 379.36087036 64 255 128
209.56001282 225.37300110 414.05001831 64 255 128
112.67974854 223.38687134 419.76098633 64 255 128
173.13400269 142.34100342 426.76898193 64 255 128
210.87007141 244.86610413 389.81445312 64 255 128
89.79743958 231.60403442 399.14761353 64 255 128
147.27301025 214.24700928 454.86300659 64 255 128
119.06537628 195.75822449 337.99612427 64 255 128
142.05775452 162.13662720 328.37582397 64 255 128
123.97515106 128.18685913 358.37628174 64 255 128
181.97500610 185.97300720 361.98699951 64 255 128
211.14201355 216.61076355 397.34976196 64 255 128
126.63307953 278.00851440 424.98159790 64 255 128
130.62445068 278.29852295 376.05990601 64 255 128
152.85166931 215.12898254 328.89746094 64 255 128
185.69400024 170.21400452 426.96899414 64 255 128
244.30052185 278.15231323 382.38766479 64 255 128
127.34233093 124.50917816 370.20095825 64 255 128
104.61834717 142.41316223 352.51473999 64 255 128
199.80827332 290.83013916 415.24334717 64 255 128
98.38689423 258.95751953 428.75601196 64 255 128
83.04854584 203.24740601 346.79925537 64 255 128
145.27507019 230.34446716 415.64685059 64 255 128
136.72842407 266.08352661 356.91018677 64 255 128
181.40600586 236.70899963 426.43200684 64 255 128
150.55085754 274.10314941 432.84033203 64 255 128
80.64510345 202.79235840 358.97323608 64 255 128
212.63900757 230.91400146 368.56500244 64 255 128
80.17775726 189.32379150 370.43206787 64 255 128
176.29499817 154.67298889 373.86898804 64 255 128
157.91099548 212.32800293 413.83099365 64 255 128
146.46444702 124.97541809 382.96145630 64 255 128
96.61287689 206.20750427 327.86010742 64 255 128
125.34197998 286.86862183 413.71249390 64 255 128
243.36508179 251.99282837 388.93515015 64 255 128
137.14073181 289.58590698 429.04431152 64 255 128
92.29380798 255.21087646 428.48406982 64 255 128
79.97111511 177.29002380 426.27993774 64 255 128
123.93505859 126.45970154 392.43179321 64 255 128
208.12001038 205.96400452 404.96298218 64 255 128
168.08850098 243.45945740 350.17474365 64 255 128
136.05688477 151.66610718 331.36669922 64 255 128
186.84199524 268.20599365 426.20401001 64 255 128
102.69308472 224.41896057 447.27557373 64 255 128
238.66630554 219.73628235 370.02038574 64 255 128
152.86021423 194.81964111 325.07321167 64 255 128
94.91426086 152.14219666 423.63208008 64 255 128
142.78445435 200.80827332 415.86749268 64 255 128
79.80275726 235.30607605 439.01342773 64 255 128
221.23764038 277.78833008 376.53500366 64 255 128
95.65546417 181.95814514 492.01068115 64 255 128
126.94898224 192.13400269 465.49380493 64 255 128
139.02416992 288.50912476 441.50280762 64 255 128
184.38499451 187.17500305 394.28201294 64 255 128
222.15527344 293.01556396 408.69830322 64 255 128
248.32688904 217.50463867 367.80047607 64 255 128
115.34279633 274.62051392 379.02813721 64 255 128
160.29544067 293.21038818 434.27624512 64 255 128
131.75848389 264.78024292 424.51159668 64 255 128
183.93400574 195.94799805 388.10598755 64 255 128
190.80000305 213.13301086 360.18801880 64 255 128
101.53583527 193.82551575 323.33911133 64 255 128
175.26899719 226.48399353 352.86502075 64 255 128
239.01101685 240.57717896 392.22262573 64 255 128
80.85499573 222.75991821 369.18731689 64 255 128
142.95127869 195.11843872 320.49548340 64 255 128
84.30126190 235.09959412 431.96331787 64 255 128
120.17890167 183.57260132 471.43814087 64 255 128
198.37103271 194.98294067 406.85830688 64 255 128
129.01008606 285.60211182 392.09423828 64 255 128
134.03887939 280.22161865 434.14099121 64 255 128
92.00926971 203.55540466 474.55960083 64 255 128
247.71093750 217.53416443 378.54437256 64 255 128
91.08347321 242.38023376 358.11074829 64 255 128
118.02030182 226.59373474 416.26135254 64 255 128
106.29297638 149.59019470 444.49087524 64 255 128
213.77708435 279.25265503 376.97018433 64 255 128
145.06268311 140.85166931 448.54254150 64 255 128
172.33699036 209.22500610 437.98199463 64 255 128
225.68113708 284.85922241 386.14340210 64 255 128
170.69410706 189.09477234 344.70074463 64 255 128
219.93600464 287.01202393 413.56097412 64 255 128
159.40299988 207.85200500 419.30099487 64 255 128
213.31079102 268.60266113 371.36166382 64 255 128
107.35598755 142.19749451 416.18096924 64 255 128
107.99491882 147.08337402 439.06500244 64 255 128
217.57910156 223.32536316 372.80502319 64 255 128
102.08081818 224.83457947 380.67272949 64 255 128
104.02684784 139.95890808 382.22821045 64 255 128
112.22893524 279.02600098 400.20965576 64 255 128
167.58872986 146.59236145 363.36575317 64 255 128
95.78942871 211.89916992 330.20068359 64 255 128
120.28010559 150.25473022 333.11700439 64 255 128
177.35700989 182.31100464 439.40298462 64 255 128
152.37203979 144.97499084 458.67593384 64 255 128
147.98252869 249.56193542 400.62225342 64 255 128
148.38667297 245.90232849 350.46533203 64 255 128
152.32751465 255.52725220 359.51116943 64 255 128
86.66602325 203.27250671 482.21472168 64 255 128
139.30856323 219.38423157 345.73770142 64 255 128
138.75502014 126.37954712 362.39013672 64 255 128
174.92500305 201.65400696 423.53799438 64 255 128
203.09480286 196.22926331 399.77914429 64 255 128
139.64965820 216.48301697 413.21347046 64 255 128
91.96401978 234.44914246 349.10403442 64 255 128
181.44999695 211.99000549 354.11300659 64 255 128
164.56599426 158.91699219 456.19601440 64 255 128
106.19219971 155.54545593 464.01110840 64 255 128
140.67889404 219.12756348 324.37426758 64 255 128
226.77275085 225.70851135 373.12561035 64 255 128
99.44910431 213.95286560 384.52407837 64 255 128
229.08799744 289.42297363 400.17700195 64 255 128
184.11601257 150.82800293 420.68798828 64 255 128
162.23100281 193.44100952 456.50900269 64 255 128
74.69461060 192.34773254 417.26348877 64 255 128
137.21871948 163.20658875 325.39294434 64 255 128
102.02478790 168.56304932 483.42358398 64 255 128
182.76014709 270.87829590 373.24990845 64 255 128
131.32713318 178.01806641 465.67776489 64 255 128
74.25120544 200.11677551 457.04940796 64 255 128
78.48169708 234.43922424 425.87854004 64 255 128
216.68200684 250.15899658 369.27499390 64 255 128
113.81549835 197.78181458 467.10897827 64 255 128
131.00518799 218.56622314 420.55978394 64 255 128
143.72511292 219.69584656 438.60433960 64 255 128
91.54968262 238.33638000 421.88571167 64 255 128
128.97860718 219.40148926 346.77227783 64 255 128
104.35247803 233.45947266 335.53738403 64 255 128
101.19263458 202.56703186 469.20422363 64 255 128
185.46299744 202.02999878 359.50402832 64 255 128
171.71241760 142.83154297 379.39340210 64 255 128
131.05937195 125.15003967 393.63891602 64 255 128
159.41171265 279.08438110 377.21682739 64 255 128
144.68458557 148.02409363 465.53213501 64 255 128
225.84980774 254.01553345 372.76394653 64 255 128
103.67950439 265.71649170 374.57943726 64 255 128
161.98574829 214.02386475 335.14532471 64 255 128
197.21800232 197.76899719 400.06900024 64 255 128
80.89307404 231.90274048 391.67095947 64 255 128
226.01129150 268.55520630 376.07641602 64 255 128
119.74131012 217.84664917 456.14871216 64 255 128
160.97509766 175.65809631 334.20956421 64 255 128
167.02987671 226.22358704 343.42648315 64 255 128
184.21900940 185.66200256 427.25100708 64 255 128
118.52274323 235.67230225 331.56188965 64 255 128
244.72477722 266.66647339 378.87405396 64 255 128
185.82800293 151.17800903 407.37500000 64 255 128
170.98190308 276.03704834 374.26138306 64 255 128
140.39321899 196.89653015 462.12789917 64 255 128
128.23193359 134.23767090 428.74310303 64 255 128
85.67594147 169.64872742 386.42745972 64 255 128
150.31336975 137.66571045 435.40756226 64 255 128
80.45286560 180.21763611 454.79849243 64 255 128
89.33402252 158.78399658 403.79333496 64 255 128
169.69104004 168.73971558 348.87432861 64 255 128
73.05097961 211.26240540 428.73516846 64 255 128
95.90913391 151.53730774 372.45535278 64 255 128
172.86000061 231.63500977 352.19699097 64 255 128
166.51399231 234.86100769 403.20599365 64 255 128
98.52555847 162.44732666 464.03076172 64 255 128
234.30511475 227.61604309 373.16275024 64 255 128
114.02182770 138.95333862 414.59008789 64 255 128
127.52581787 230.10211182 326.61276245 64 255 128
182.44599915 173.98100281 432.68600464 64 255 128
168.24198914 214.61700439 422.45098877 64 255 128
142.22799683 138.59895325 345.33798218 64 255 128
139.29801941 123.52411652 373.40820312 64 255 128
182.48622131 261.65869141 367.69696045 64 255 128
152.83900452 164.97500610 460.08398438 64 255 128
178.25601196 172.85800171 363.18902588 64 255 128
207.98428345 287.70681763 392.65045166 64 255 128
85.20797729 214.66093445 344.53018188 64 255 128
81.34951782 230.69857788 383.25430298 64 255 128
76.83223724 225.00431824 404.22381592 64 255 128
189.45201111 180.62800598 401.87899780 64 255 128
153.44094849 292.66552734 437.33276367 64 255 128
100.78240967 188.17835999 324.59085083 64 255 128
78.02967072 180.25610352 434.49862671 64 255 128
172.62600708 156.41101074 450.16598511 64 255 128
162.40400696 227.84700012 416.58599854 64 255 128
100.29927063 172.09808350 329.81893921 64 255 128
93.05883026 174.82092285 481.04840088 64 255 128
204.37986755 265.21237183 368.74884033 64 255 128
190.29499817 283.91201782 437.70001221 64 255 128
197.89527893 289.90612793 430.45620728 64 255 128
205.02600098 267.44000244 418.25100708 64 255 128
244.68844604 257.63101196 389.25061035 64 255 128
206.94558716 277.11218262 374.49505615 64 255 128
164.51617432 161.38134766 345.43106079 64 255 128
100.29141235 269.18597412 390.01040649 64 255 128
188.15100098 163.49198914 400.37799072 64 255 128
98.30603790 233.97776794 385.46847534 64 255 128
140.32098389 273.20697021 429.60961914 64 255 128
133.50227356 141.99171448 338.87969971 64 255 128
133.49009705 281.67221069 381.63134766 64 255 128
102.77841187 274.23001099 431.08337402 64 255 128
102.24465179 141.38656616 376.71725464 64 255 128
112.46810913 168.93196106 324.54980469 64 255 128
83.95012665 251.49557495 415.49966431 64 255 128
141.24192810 277.86392212 373.21691895 64 255 128
160.11500549 217.97599792 402.60198975 64 255 128
103.36259460 141.48376465 363.68692017 64 255 128
250.94142151 271.90502930 382.19711304 64 255 128
146.07078552 243.28350830 400.74780273 64 255 128
200.76794434 289.29833984 399.92877197 64 255 128
104.91455841 247.49537659 348.45181274 64 255 128
88.39495850 259.93045044 423.19976807 64 255 128
150.11192322 290.96304321 411.77932739 64 255 128
188.82954407 285.63632202 386.34039307 64 255 128
98.77978516 272.68328857 427.44464111 64 255 128
215.63301086 242.36500549 368.73199463 64 255 128
210.97500610 259.89199829 413.75698853 64 255 128
109.01982880 263.65597534 427.37417603 64 255 128
196.14433289 290.66589355 424.52957153 64 255 128
74.64018250 196.45059204 433.47564697 64 255 128
109.70636749 133.89915466 363.22198486 64 255 128
133.77326965 252.72732544 343.21112061 64 255 128
149.94931030 289.79617310 444.49932861 64 255 128
157.19639587 287.60821533 397.15069580 64 255 128
231.20748901 233.88346863 400.20391846 64 255 128
215.29188538 243.57723999 383.29364014 64 255 128
159.89193726 139.03395081 362.30404663 64 255 128
153.29200745 175.03898621 456.19000244 64 255 128
141.06135559 236.99330139 421.35952759 64 255 128
124.67831421 281.35809326 384.98318481 64 255 128
189.73399353 228.63999939 358.81997681 64 255 128
122.04632568 224.72615051 442.97866821 64 255 128
171.07299805 153.31600952 365.31298828 64 255 128
90.86498260 155.60050964 390.03567505 64 255 128
147.58999634 217.80599976 442.83499146 64 255 128
157.00733948 206.00807190 329.33264160 64 255 128
188.99946594 288.91854858 397.15747070 64 255 128
137.50970459 223.31767273 416.55166626 64 255 128
159.76365662 279.04159546 435.54190063 64 255 128
156.50929260 239.66647339 363.05224609 64 255 128
189.27999878 175.02600098 399.86602783 64 255 128
195.08799744 244.26100159 423.36700439 64 255 128
145.79753113 153.55473328 334.28295898 64 255 128
170.62500000 219.52999878 426.48300171 64 255 128
145.66117859 272.44848633 431.23165894 64 255 128
190.07299805 180.06700134 388.65899658 64 255 128
160.70320129 284.71560669 388.97882080 64 255 128
125.30438232 244.21128845 427.20855713 64 255 128
110.42338562 202.75996399 465.55081177 64 255 128
114.43197632 238.45809937 422.34716797 64 255 128
154.06069946 248.81573486 365.46969604 64 255 128
98.90820312 150.67378235 349.11123657 64 255 128
186.25242615 280.99105835 409.03610229 64 255 128
90.83812714 220.51303101 402.04132080 64 255 128
140.04159546 290.65698242 408.31942749 64 255 128
166.39801025 200.76400757 451.93200684 64 255 128
189.98591614 280.69946289 380.29617310 64 255 128
172.65699768 203.25500488 348.12997437 64 255 128
102.99568176 160.91734314 333.65808105 64 255 128
99.94389343 248.49388123 427.19937134 64 255 128
84.05753326 223.70031738 393.73870850 64 255 128
187.38398743 159.13600159 416.13800049 64 255 128
122.99850464 226.56712341 346.93432617 64 255 128
183.18099976 191.59999084 381.08898926 64 255 128
186.09234619 285.15151978 416.09704590 64 255 128
93.59331512 236.36277771 390.60000610 64 255 128
84.44597626 248.16264343 392.29464722 64 255 128
181.84500122 165.59500122 437.91799927 64 255 128
115.25419617 181.08621216 476.05294800 64 255 128
79.44456482 226.24351501 392.45672607 64 255 128
82.68460846 250.75009155 423.27230835 64 255 128
220.03099060 243.50300598 408.91500854 64 255 128
79.01879883 192.00541687 397.62640381 64 255 128
108.11631012 276.58325195 408.92990112 64 255 128
96.69501495 209.95472717 392.85119629 64 255 128
82.31333923 181.71517944 388.37545776 64 255 128
119.31967163 127.58575439 386.13574219 64 255 128
133.39610291 132.30381775 349.82785034 64 255 128
188.23300171 161.55000305 405.60800171 64 255 128
192.99147034 250.61685181 363.40435791 64 255 128
162.95491028 250.03874207 349.65594482 64 255 128
165.53086853 136.67904663 379.21505737 64 255 128
93.86602783 211.94006348 396.68594360 64 255 128
172.54499817 151.22399902 447.36901855 64 255 128
171.66789246 289.41912842 398.71591187 64 255 128
123.72605133 226.63455200 352.62145996 64 255 128
86.79607391 192.92205811 339.93106079 64 255 128
158.32299805 199.96800232 459.00299072 64 255 128
113.95066071 129.93829346 369.59436035 64 255 128
235.50207520 247.52775574 373.27764893 64 255 128
192.63037109 260.50619507 366.18527222 64 255 128
202.59202576 280.94937134 377.60266113 64 255 128
166.50100708 225.81001282 405.68899536 64 255 128
135.15652466 223.87821960 353.27111816 64 255 128
143.30369568 253.55120850 344.72766113 64 255 128
100.86103821 190.22235107 481.37509155 64 255 128
157.20121765 133.71334839 422.78698730 64 255 128
208.51699829 290.48098755 428.63900757 64 255 128
165.54949951 141.27047729 372.02230835 64 255 128
134.59205627 173.94900513 463.74188232 64 255 128
185.82699585 154.20500183 395.53298950 64 255 128
74.38188171 196.50602722 422.64157104 64 255 128
241.38456726 221.41567993 386.47262573 64 255 128
164.48899841 210.42199707 443.05801392 64 255 128
191.19000244 185.28300476 398.11599731 64 255 128
151.66297913 246.47282410 395.94787598 64 255 128
150.99021912 126.02596283 388.07327271 64 255 128
182.28698730 188.80000305 405.96301270 64 255 128
195.79600525 273.56402588 424.08999634 64 255 128
122.12563324 259.49368286 352.74462891 64 255 128
187.36100769 174.13101196 411.48098755 64 255 128
127.12593079 159.63404846 478.49322510 64 255 128
180.17855835 252.48699951 360.94772339 64 255 128
123.37647247 128.35336304 398.85958862 64 255 128
133.25823975 169.14157104 465.75323486 64 255 128
212.98683167 259.01950073 370.85263062 64 255 128
124.83174896 133.32015991 348.36193848 64 255 128
106.64830017 219.75720215 431.75045776 64 255 128
183.44299316 188.35600281 412.51501465 64 255 128
154.13861084 235.44624329 420.15066528 64 255 128
141.58706665 258.63839722 349.09951782 64 255 128
147.28514099 215.99353027 413.44436646 64 255 128
240.58894348 274.35055542 381.12503052 64 255 128
152.49807739 279.37493896 375.90994263 64 255 128
160.13699341 234.71299744 423.97900391 64 255 128
202.03199768 272.48800659 421.01898193 64 255 128
165.30099487 236.47000122 426.04699707 64 255 128
78.73593903 180.08740234 403.75445557 64 255 128
258.03094482 266.06036377 380.82061768 64 255 128
102.65731049 274.35272217 417.46865845 64 255 128
256.86697388 262.85406494 385.30163574 64 255 128
173.87800598 200.71800232 428.51098633 64 255 128
117.44095612 160.14138794 484.44824219 64 255 128
153.57618713 243.92028809 424.33721924 64 255 128
183.97296143 288.29312134 395.87945557 64 255 128
186.03900146 221.93099976 356.35800171 64 255 128
165.52824402 134.01925659 410.71316528 64 255 128
155.25999451 154.39700317 464.45700073 64 255 128
181.95800781 145.12998962 412.15802002 64 255 128
165.19960022 269.19549561 365.23587036 64 255 128
163.05972290 169.30973816 339.32742310 64 255 128
110.30156708 134.71357727 358.10763550 64 255 128
140.31278992 176.47434998 461.00967407 64 255 128
75.47885132 188.67024231 439.10638428 64 255 128
151.11547852 253.87088013 427.21029663 64 255 128
138.29959106 168.23054504 323.04406738 64 255 128
166.78570557 181.20623779 342.94818115 64 255 128
109.46762848 221.84477234 423.07931519 64 255 128
159.25100708 224.79400635 411.19000244 64 255 128
82.20289612 194.71115112 351.00500488 64 255 128
222.77354431 225.94924927 403.93804932 64 255 128
161.41349792 151.93006897 349.04348755 64 255 128
160.91584778 235.72897339 405.65859985 64 255 128
139.68864441 216.01872253 423.17990112 64 255 128
89.88786316 202.77342224 335.07464600 64 255 128
124.21758270 149.36793518 467.08914185 64 255 128
86.47473907 182.70651245 477.75891113 64 255 128
235.86474609 220.40866089 389.31622314 64 255 128
73.68772888 211.17114258 451.60131836 64 255 128
80.24629974 223.35231018 381.20040894 64 255 128
192.80000305 254.64001465 421.45098877 64 255 128
74.34115601 215.56538391 460.31069946 64 255 128
148.48390198 264.57812500 429.43154907 64 255 128
173.00300598 174.66300964 445.76901245 64 255 128
207.65042114 203.96794128 393.79043579 64 255 128
206.80529785 245.40423584 383.34118652 64 255 128
211.40800476 284.30200195 420.27499390 64 255 128
203.10400391 289.05697632 431.87200928 64 255 128
142.18246460 248.03425598 426.59613037 64 255 128
92.60729980 259.25250244 389.32809448 64 255 128
177.16246033 287.02746582 444.23342896 64 255 128
158.95915222 274.71102905 369.27410889 64 255 128
109.10887146 139.86289978 411.78283691 64 255 128
130.24143982 123.44220734 387.31838989 64 255 128
154.57858276 136.05322266 428.19729614 64 255 128
116.10659027 227.55728149 327.05426025 64 255 128
227.73599243 259.35900879 402.36398315 64 255 128
85.53273773 223.80010986 383.46145630 64 255 128
103.35286713 268.33361816 380.62896729 64 255 128
138.81246948 147.97283936 334.51025391 64 255 128
76.97790527 199.89788818 469.79403687 64 255 128
176.79899597 226.30400085 430.30599976 64 255 128
208.23100281 222.60600281 368.93399048 64 255 128
117.82069397 280.11993408 389.17428589 64 255 128
84.43975830 218.16603088 466.60821533 64 255 128
116.51992798 246.35682678 425.99893188 64 255 128
196.88400269 264.54602051 421.45199585 64 255 128
231.87351990 272.06008911 378.39288330 64 255 128
120.72707367 137.97589111 430.87240601 64 255 128
85.06685638 234.64888000 446.57510376 64 255 128
100.00376129 157.17623901 453.77313232 64 255 128
114.21121216 251.35493469 347.07580566 64 255 128
200.81199646 216.83500671 434.06500244 64 255 128
156.23696899 184.00012207 328.09906006 64 255 128
125.67504883 251.53895569 426.48617554 64 255 128
183.84700012 166.25500488 379.46298218 64 255 128
177.81098938 171.83599854 442.78799438 64 255 128
91.58876801 187.24551392 491.17288208 64 255 128
147.77473450 286.49368286 390.06216431 64 255 128
162.54527283 132.34394836 390.15765381 64 255 128
171.70399475 166.29299927 355.99398804 64 255 128
106.79021454 241.00518799 421.04623413 64 255 128
160.98600769 215.04400635 410.84799194 64 255 128
224.71325684 263.08605957 404.84371948 64 255 128
95.64454651 241.96847534 352.97140503 64 255 128
219.59957886 218.02124023 376.87194824 64 255 128
83.59130096 168.60317993 438.20349121 64 255 128
146.66979980 131.81950378 424.88003540 64 255 128
82.13115692 193.86720276 360.93511963 64 255 128
206.05200195 243.51300049 365.90298462 64 255 128
184.18200684 204.15798950 404.98699951 64 255 128
132.72326660 183.13093567 317.20266724 64 255 128
181.46516418 289.52722168 434.37768555 64 255 128
128.91691589 211.77420044 458.50335693 64 255 128
183.82699585 225.56500244 431.52697754 64 255 128
199.31097412 286.45758057 387.00085449 64 255 128
241.61518860 229.67123413 388.53485107 64 255 128
109.18940735 196.06851196 319.87466431 64 255 128
88.14025116 167.06921387 375.97039795 64 255 128
126.82725525 166.75833130 472.54617310 64 255 128
182.46200562 150.35099792 392.67401123 64 255 128
173.71200562 153.56298828 369.60900879 64 255 128
112.53913879 192.11172485 317.99014282 64 255 128
180.59115601 288.32904053 439.98986816 64 255 128
121.97631073 250.65371704 343.80148315 64 255 128
91.69393158 243.87905884 424.02880859 64 255 128
83.20323181 180.69816589 361.14920044 64 255 128
185.26899719 163.62600708 431.54299927 64 255 128
208.78771973 208.85510254 381.81591797 64 255 128
123.73735046 278.22515869 379.79248047 64 255 128
161.52024841 241.00489807 398.39031982 64 255 128
171.55128479 259.78698730 361.67306519 64 255 128
132.14877319 243.49188232 425.54528809 64 255 128
84.35015106 165.44314575 397.97732544 64 255 128
90.79621124 249.53100586 368.08670044 64 255 128
214.01550293 283.39901733 381.13903809 64 255 128
79.59761810 231.22056580 396.95996094 64 255 128
153.58500671 215.43699646 437.81701660 64 255 128
230.60351562 242.64392090 373.36132812 64 255 128
125.71566010 269.24652100 421.29696655 64 255 128
134.14404297 125.85511780 397.71505737 64 255 128
176.58000183 149.64700317 380.05798340 64 255 128
145.02259827 183.14768982 320.69207764 64 255 128
225.21031189 279.81167603 379.13409424 64 255 128
132.47348022 141.68466187 444.54306030 64 255 128
118.40488434 155.76129150 477.85064697 64 255 128
115.60385132 143.62930298 441.06167603 64 255 128
83.63690948 191.88781738 482.33853149 64 255 128
76.96138000 185.21220398 435.20422363 64 255 128
104.66294861 151.60252380 338.95874023 64 255 128
185.15699768 187.55101013 368.26898193 64 255 128
144.14581299 289.07617188 443.68142700 64 255 128
191.77589417 268.36346436 370.02551270 64 255 128
147.54933167 200.28875732 322.92349243 64 255 128
80.90450287 213.56288147 359.58779907 64 255 128
179.39900208 206.59899902 352.38201904 64 255 128
180.85800171 190.16000366 422.05798340 64 255 128
82.10807800 241.85636902 396.59112549 64 255 128
102.91172791 229.47702026 392.99044800 64 255 128
153.84298706 145.56425476 346.67224121 64 255 128
90.96361542 175.61363220 476.04257202 64 255 128
214.23498535 281.91900635 415.70898438 64 255 128
157.08999634 213.53100586 447.34698486 64 255 128
220.10414124 289.43228149 395.95184326 64 255 128
96.56975555 262.62857056 380.17816162 64 255 128
239.81306458 272.76199341 391.95031738 64 255 128
99.22969818 166.01502991 475.53201294 64 255 128
176.29553223 140.04826355 406.15563965 64 255 128
124.28863525 266.59817505 360.17321777 64 255 128
161.93080139 138.39530945 370.14300537 64 255 128
96.85286713 234.90223694 394.17388916 64 255 128
159.00035095 130.94117737 380.37884521 64 255 128
115.08084106 218.08998108 322.75756836 64 255 128
117.93898773 252.46116638 426.32778931 64 255 128
80.83356476 195.83212280 366.91854858 64 255 128
216.56484985 215.31990051 387.29339600 64 255 128
224.05099487 249.03500366 406.41598511 64 255 128
237.84988403 233.34651184 392.64169312 64 255 128
76.86694336 209.90356445 403.35726929 64 255 128
166.28201294 286.15194702 388.30529785 64 255 128
93.16950989 248.16000366 361.66882324 64 255 128
189.16400146 173.65800476 392.82000732 64 255 128
140.06108093 165.29393005 464.27450562 64 255 128
154.47000122 159.22200012 463.25497437 64 255 128
205.44488525 208.29913330 376.04486084 64 255 128
189.23098755 208.63699341 417.48999023 64 255 128
221.78741455 220.87002563 391.71246338 64 255 128
124.23849487 134.12480164 420.40197754 64 255 128
175.95799255 206.97000122 427.91900635 64 255 128
85.86527252 256.09417725 418.59967041 64 255 128
106.07169342 138.21679688 391.17547607 64 255 128
102.78599548 223.72390747 421.47003174 64 255 128
83.49788666 232.21794128 371.69619751 64 255 128
78.14617157 194.80378723 379.86624146 64 255 128
200.34294128 291.14718628 421.87326050 64 255 128
90.25677490 253.80131531 380.27459717 64 255 128
97.50114441 222.61039734 428.71569824 64 255 128
166.90199280 173.24502563 342.47485352 64 255 128
246.50604248 237.77244568 372.69430542 64 255 128
97.40725708 158.02740479 443.49728394 64 255 128
132.54960632 276.05947876 372.18182373 64 255 128
77.25715637 188.20439148 427.42562866 64 255 128
74.43523407 193.72056580 440.93624878 64 255 128
198.26600647 204.38600159 378.69302368 64 255 128
254.64833069 222.14038086 366.79638672 64 255 128
89.17369080 212.24392700 380.06723022 64 255 128
114.40856934 185.53648376 341.78582764 64 255 128
96.46736908 202.32376099 472.09878540 64 255 128
204.07199097 277.63000488 421.23098755 64 255 128
175.03199768 244.36900330 426.16702271 64 255 128
144.16262817 128.74536133 415.55218506 64 255 128
80.36331940 237.68109131 401.58569336 64 255 128
131.17431641 287.58410645 430.58285522 64 255 128
147.33204651 212.43051147 409.67913818 64 255 128
179.08042908 289.58810425 402.03970337 64 255 128
133.58969116 145.89555359 466.84020996 64 255 128
161.25602722 142.57987976 359.29989624 64 255 128
129.65159607 230.90861511 418.69656372 64 255 128
85.28593445 234.77500916 363.04534912 64 255 128
161.37699890 208.83700562 423.67999268 64 255 128
137.67024231 219.60478210 432.81253052 64 255 128
80.11476898 234.37852478 455.82788086 64 255 128
153.66656494 267.09240723 360.01541138 64 255 128
