ply
format ascii 1.0
element vertex 4096
property float x
property float y
property float z
property uchar red
property uchar green
property uchar blue
end_header
213.71609497 310.94534302 427.19744873 255 64 64
216.17013550 315.01330566 437.54479980 255 64 64
223.56973267 305.45141602 425.34576416 255 64 64
224.00842285 310.85610962 432.36285400 255 64 64
125.01884460 120.87207794 467.78732300 255 64 64
116.63803864 122.25508881 469.52960205 255 64 64
130.33494568 116.70027924 461.95843506 255 64 64
124.43990326 116.79332733 462.32281494 255 64 64
95.76593018 135.34690857 472.95614624 255 64 64
87.89973450 141.45837402 474.49053955 255 64 64
97.55282593 128.72680664 464.79403687 255 64 64
89.90901947 134.55477905 464.92407227 255 64 64
234.36447144 230.59730530 425.53866577 255 64 64
241.11322021 237.48573303 428.33224487 255 64 64
239.95765686 231.98117065 418.39935303 255 64 64
245.42172241 235.15109253 421.57800293 255 64 64
69.80522156 205.70555115 501.71945190 255 64 64
69.16838837 216.72190857 505.68206787 255 64 64
66.52182007 207.91470337 496.49798584 255 64 64
65.68121338 218.89428711 499.35522461 255 64 64
103.92372131 126.03772736 452.85009766 255 64 64
96.64013672 131.42504883 453.48278809 255 64 64
107.37184143 123.63099670 443.15496826 255 64 64
99.13439178 128.82305908 442.43014526 255 64 64
127.77196503 120.59826660 440.28408813 255 64 64
119.36267090 122.00494385 438.41473389 255 64 64
132.60470581 122.21664429 431.63012695 255 64 64
123.73503113 122.85152435 428.87603760 255 64 64
100.51288605 129.84677124 433.39819336 255 64 64
93.13741302 135.84106445 433.00900269 255 64 64
105.81245422 128.49223328 424.16503906 255 64 64
97.79556274 133.97467041 422.70391846 255 64 64
73.32675934 184.40055847 500.18673706 255 64 64
70.73049927 193.58451843 504.56094360 255 64 64
71.63957214 178.80921936 491.18014526 255 64 64
68.28816986 188.57395935 494.27883911 255 64 64
79.69943237 159.63272095 485.70227051 255 64 64
73.30539703 167.54119873 489.03735352 255 64 64
81.12977600 151.93562317 477.02279663 255 64 64
74.35529327 160.26129150 479.28500366 255 64 64
189.95300293 314.68630981 424.68441772 255 64 64
190.53652954 318.08871460 435.23760986 255 64 64
203.45877075 313.60992432 425.16363525 255 64 64
198.92330933 316.72723389 430.96450806 255 64 64
148.38032532 123.81951904 444.60513306 255 64 64
143.13772583 125.22872925 451.09289551 255 64 64
154.58596802 128.86685181 440.08850098 255 64 64
150.82563782 128.65444946 445.47537231 255 64 64
111.82276917 131.30798340 418.47003174 255 64 64
104.09625244 135.79795837 415.61120605 255 64 64
118.47595215 134.76782227 412.68182373 255 64 64
110.93690491 138.93066406 409.18521118 255 64 64
80.76119995 149.07733154 464.93518066 255 64 64
74.90474701 157.43882751 467.33294678 255 64 64
83.41328430 145.16720581 454.29653931 255 64 64
76.95124054 153.85678101 455.83761597 255 64 64
147.98588562 127.37277985 429.57614136 255 64 64
139.91384888 127.44354248 427.28152466 255 64 64
153.28454590 133.27886963 423.92321777 255 64 64
145.86128235 132.64053345 421.04046631 255 64 64
87.30741119 144.90594482 423.03131104 255 64 64
82.31752777 152.53137207 423.89144897 255 64 64
92.79812622 142.89895630 414.78924561 255 64 64
87.34324646 150.41961670 415.19888306 255 64 64
83.48879242 145.52987671 443.79049683 255 64 64
78.24894714 153.72505188 445.57003784 255 64 64
87.40718842 141.90187073 433.99636841 255 64 64
81.55532837 150.36721802 435.34677124 255 64 64
213.09774780 289.26849365 416.55661011 255 64 64
212.91763306 300.50906372 420.38540649 255 64 64
222.56451416 286.06170654 417.50915527 255 64 64
219.22903442 293.94512939 418.30886841 255 64 64
223.78659058 268.23992920 416.17175293 255 64 64
223.50540161 280.37557983 417.62646484 255 64 64
232.06913757 265.22647095 418.97592163 255 64 64
229.49971008 273.62933350 418.34750366 255 64 64
160.87216187 136.78390503 422.82901001 255 64 64
163.26188660 137.55032349 428.15890503 255 64 64
163.71479797 144.35328674 419.56857300 255 64 64
167.32626343 145.05688477 425.35241699 255 64 64
66.54859161 228.64797974 497.58074951 255 64 64
69.86507416 237.23095703 499.06762695 255 64 64
65.56899261 239.94644165 494.66952515 255 64 64
70.41690063 247.28332520 496.09207153 255 64 64
132.55139160 133.83718872 418.27847290 255 64 64
123.94085693 136.75668335 413.22607422 255 64 64
139.02078247 139.51260376 415.31668091 255 64 64
131.08474731 142.40914917 409.92797852 255 64 64
69.50385284 172.76254272 477.14532471 255 64 64
66.22779846 182.20013428 480.81665039 255 64 64
70.00685120 169.67120361 466.37158203 255 64 64
66.26949310 179.86048889 469.63934326 255 64 64
66.12134552 197.28033447 488.53887939 255 64 64
64.12998962 207.82984924 492.12576294 255 64 64
65.35494232 195.55455017 478.43344116 255 64 64
63.23217773 206.30990601 481.47976685 255 64 64
194.28865051 312.36132812 457.98382568 255 64 64
191.53253174 309.47766113 467.86801147 255 64 64
208.07318115 309.30490112 450.28118896 255 64 64
202.79750061 308.51370239 458.67211914 255 64 64
101.14366913 140.93649292 410.26275635 255 64 64
95.02163696 147.45367432 408.51800537 255 64 64
108.36108398 142.97288513 404.33679199 255 64 64
102.34381104 149.28790283 402.25033569 255 64 64
123.59715271 135.18661499 462.83535767 255 64 64
116.72618103 141.50897217 466.08224487 255 64 64
132.07904053 136.37298584 458.28289795 255 64 64
124.37826538 141.91607666 460.42864990 255 64 64
166.36407471 315.36508179 435.61184692 255 64 64
163.80065918 315.01852417 445.91140747 255 64 64
181.32546997 314.94546509 435.74005127 255 64 64
174.69525146 314.83712769 441.70355225 255 64 64
79.67739105 162.33178711 423.22634888 255 64 64
75.32525635 170.57658386 425.23767090 255 64 64
85.16029358 158.63394165 414.18298340 255 64 64
80.30457306 166.80522156 415.74746704 255 64 64
65.16986847 214.88961792 492.42028809 255 64 64
65.79727936 225.30313110 494.94738770 255 64 64
63.25156403 220.48417664 484.22512817 255 64 64
64.65480042 230.87196350 486.66491699 255 64 64
72.09296417 166.82351685 452.05981445 255 64 64
68.28025055 175.79797363 455.12609863 255 64 64
75.78253937 163.32415771 442.01754761 255 64 64
71.37158966 172.79299927 444.88006592 255 64 64
187.11227417 291.40716553 412.97073364 255 64 64
185.20454407 301.77105713 416.47283936 255 64 64
198.83438110 291.25946045 414.83935547 255 64 64
192.96275330 297.38861084 415.25057983 255 64 64
80.57451630 289.65960693 454.52941895 255 64 64
83.99484253 288.97372437 464.84368896 255 64 64
89.49290466 299.53610229 449.27856445 255 64 64
91.71032715 296.29223633 459.15539551 255 64 64
230.06016541 247.71508789 432.29638672 255 64 64
228.08212280 259.17254639 434.35665894 255 64 64
237.22615051 247.84236145 428.96490479 255 64 64
233.67349243 253.52330017 431.51083374 255 64 64
120.22113800 142.82171631 404.86541748 255 64 64
113.20588684 148.63314819 400.81469727 255 64 64
127.61315155 147.96231079 402.37689209 255 64 64
121.36063385 153.73513794 398.04864502 255 64 64
132.16838074 313.67208862 432.35159302 255 64 64
131.88351440 313.38342285 443.34588623 255 64 64
146.25401306 316.97695923 429.50216675 255 64 64
142.41603088 315.54547119 438.23583984 255 64 64
90.01203918 290.54287720 466.42871094 255 64 64
90.57283020 287.46392822 472.87054443 255 64 64
99.31045532 298.86669922 465.32598877 255 64 64
100.16572571 294.50720215 471.43328857 255 64 64
89.91278076 157.53068542 403.45230103 255 64 64
84.79791260 165.72218323 402.90737915 255 64 64
98.19985199 156.91682434 396.01153564 255 64 64
93.05374146 164.82345581 395.24902344 255 64 64
65.74246216 186.52070618 466.67727661 255 64 64
63.99232483 196.19723511 470.61828613 255 64 64
67.37824249 184.72875977 456.48614502 255 64 64
65.10569000 195.21946716 460.31909180 255 64 64
156.76493835 147.75213623 412.78512573 255 64 64
153.80638123 152.31564331 409.22790527 255 64 64
160.28082275 155.98385620 412.53335571 255 64 64
159.09814453 160.63096619 409.14886475 255 64 64
156.26460266 305.30801392 415.39364624 255 64 64
154.60314941 311.83071899 425.13079834 255 64 64
170.48440552 306.49023438 414.41494751 255 64 64
163.63641357 309.43295288 419.94381714 255 64 64
69.47550201 265.55816650 473.63537598 255 64 64
74.62712097 269.30197144 479.51663208 255 64 64
72.40510559 277.32806396 467.30200195 255 64 64
78.17977142 278.19262695 473.10699463 255 64 64
64.25548553 223.76940918 472.65914917 255 64 64
66.07868195 233.18495178 477.11627197 255 64 64
62.35970306 226.54463196 463.47518921 255 64 64
64.72782898 236.26710510 467.79516602 255 64 64
120.53411865 304.08737183 469.70706177 255 64 64
116.51464081 299.36950684 475.66000366 255 64 64
133.53677368 307.67150879 470.80612183 255 64 64
128.95857239 302.54010010 476.10293579 255 64 64
64.15278625 235.85757446 484.93316650 255 64 64
67.68890381 244.70520020 488.65472412 255 64 64
63.61244965 245.29516602 476.82620239 255 64 64
68.82656097 252.84524536 480.53784180 255 64 64
154.84483337 305.81890869 472.93981934 255 64 64
149.29071045 301.02566528 478.15026855 255 64 64
170.19218445 305.66635132 471.27651978 255 64 64
163.12547302 301.11480713 476.04769897 255 64 64
192.69831848 183.74087524 436.33651733 255 64 64
192.19433594 188.29701233 445.58480835 255 64 64
197.44244385 188.40660095 433.49237061 255 64 64
196.62066650 190.48342896 441.37509155 255 64 64
86.54660034 181.65809631 487.33410645 255 64 64
82.09981537 191.94480896 493.78146362 255 64 64
96.16982269 183.53643799 481.54382324 255 64 64
91.07518005 194.06022644 488.11614990 255 64 64
64.43609619 208.85855103 480.32437134 255 64 64
64.40416718 218.89897156 484.69036865 255 64 64
63.45569611 210.02468872 470.01010132 255 64 64
63.63299561 220.84254456 474.03509521 255 64 64
103.36735535 303.07223511 424.95211792 255 64 64
103.45074463 305.32757568 435.94271851 255 64 64
116.55815887 308.75720215 420.18643188 255 64 64
113.36297607 308.39776611 429.81335449 255 64 64
220.63162231 221.52999878 432.69033813 255 64 64
220.90991211 229.62408447 437.61959839 255 64 64
227.86488342 224.21659851 428.18383789 255 64 64
225.74761963 226.26515198 433.13327026 255 64 64
105.12043762 154.72134399 472.71441650 255 64 64
98.38455200 162.76397705 477.44885254 255 64 64
113.93314362 155.82409668 468.44314575 255 64 64
107.00060272 164.08543396 472.21267700 255 64 64
170.96199036 160.03527832 417.91702271 255 64 64
175.66883850 164.07681274 424.72274780 255 64 64
173.95016479 168.67247009 415.63766479 255 64 64
178.48242188 172.03306580 422.49118042 255 64 64
109.06813049 305.16348267 453.51727295 255 64 64
107.42999268 303.64077759 462.88687134 255 64 64
121.38294983 309.58224487 447.75366211 255 64 64
118.28104401 307.30279541 455.75769043 255 64 64
88.00164795 206.07101440 497.20870972 255 64 64
81.62415314 217.23806763 499.89019775 255 64 64
94.74397278 213.44831848 489.94351196 255 64 64
88.55577850 224.93884277 493.78286743 255 64 64
210.36137390 282.24810791 441.14913940 255 64 64
208.39253235 292.60189819 446.56390381 255 64 64
219.20280457 282.74508667 434.48678589 255 64 64
214.27056885 287.73187256 439.87710571 255 64 64
144.54696655 307.99957275 456.18334961 255 64 64
142.56800842 305.62915039 465.37469482 255 64 64
158.01208496 310.82626343 452.25256348 255 64 64
153.98065186 308.42413330 459.70523071 255 64 64
160.82579041 145.78744507 441.76971436 255 64 64
154.83517456 154.03961182 447.80261230 255 64 64
166.70246887 152.26419067 439.13922119 255 64 64
161.22554016 159.16732788 445.90267944 255 64 64
76.65037537 246.83045959 490.35519409 255 64 64
76.32808685 252.03814697 490.83303833 255 64 64
79.93908691 259.00653076 485.39102173 255 64 64
81.78501892 261.09252930 486.65792847 255 64 64
62.84521484 204.26661682 459.00219727 255 64 64
62.14759827 214.03503418 463.46640015 255 64 64
62.74057007 203.81082153 449.07391357 255 64 64
62.14359283 214.48898315 453.46188354 255 64 64
68.29635620 184.31504822 443.74124146 255 64 64
65.75362396 193.60377502 447.29089355 255 64 64
70.86618805 180.58779907 433.97467041 255 64 64
68.13783264 190.40583801 437.41473389 255 64 64
138.12705994 150.61306763 402.00561523 255 64 64
132.33401489 157.09164429 396.02694702 255 64 64
145.12759399 158.04458618 402.80142212 255 64 64
139.77932739 164.81999207 396.43310547 255 64 64
200.95126343 269.45114136 412.08996582 255 64 64
199.16667175 280.46014404 413.72845459 255 64 64
210.60148621 269.42276001 413.23544312 255 64 64
205.66604614 275.25646973 413.39270020 255 64 64
63.77502441 244.42591858 470.31546021 255 64 64
66.53186798 253.23863220 474.97842407 255 64 64
63.67485809 252.61926270 460.43859863 255 64 64
67.55465698 260.54058838 466.09747314 255 64 64
143.10314941 122.13391113 452.66583252 255 64 64
140.24368286 122.09016418 452.74432373 255 64 64
143.45960999 122.18063354 452.57647705 255 64 64
142.88973999 122.14522552 452.65737915 255 64 64
158.32876587 130.97033691 432.18508911 255 64 64
155.68457031 130.90957642 432.23934937 255 64 64
158.61267090 131.00553894 432.14004517 255 64 64
158.16238403 130.95515442 432.19302368 255 64 64
163.83274841 138.38920593 425.99426270 255 64 64
161.25265503 138.32415771 426.03152466 255 64 64
164.10131836 138.43261719 425.97509766 255 64 64
163.70146179 138.37852478 426.01400757 255 64 64
130.89048767 118.61719513 459.84201050 255 64 64
127.93383789 118.58071136 459.92687988 255 64 64
131.29005432 118.64057159 459.78106689 255 64 64
130.67401123 118.61759949 459.86807251 255 64 64
129.33499146 128.35592651 461.95175171 255 64 64
126.27880096 128.31597900 462.03924561 255 64 64
129.80377197 128.36878967 461.90246582 255 64 64
129.13729858 128.34735107 462.00048828 255 64 64
154.41967773 133.49363708 422.56048584 255 64 64
151.32038879 133.43057251 422.59271240 255 64 64
154.78211975 133.50463867 422.53948975 255 64 64
154.21582031 133.45758057 422.57879639 255 64 64
151.19737244 127.48310089 444.51641846 255 64 64
148.56440735 127.43530273 444.57189941 255 64 64
151.50119019 127.52680969 444.46679688 255 64 64
151.01644897 127.48858643 444.52264404 255 64 64
136.57225037 119.44982147 443.50466919 255 64 64
133.80078125 119.40482330 443.55767822 255 64 64
136.93473816 119.46156311 443.46658325 255 64 64
136.42242432 119.42968750 443.52224731 255 64 64
146.45744324 126.94705963 428.51562500 255 64 64
143.37841797 126.89452362 428.54138184 255 64 64
146.82810974 126.96241760 428.49221802 255 64 64
146.24365234 126.92554474 428.52636719 255 64 64
144.05561829 141.44763184 450.97421265 255 64 64
141.07403564 141.40325928 451.03030396 255 64 64
144.46994019 141.45584106 450.95730591 255 64 64
143.85241699 141.43087769 451.02819824 255 64 64
165.07263184 148.37011719 417.26327515 255 64 64
162.44537354 148.30914307 417.28848267 255 64 64
165.35780334 148.38415527 417.25610352 255 64 64
164.95599365 148.33697510 417.28460693 255 64 64
133.55046082 139.86991882 458.82388306 255 64 64
130.70774841 139.83235168 458.89474487 255 64 64
133.99334717 139.87094116 458.81451416 255 64 64
133.40533447 139.85357666 458.89611816 255 64 64
116.15115356 138.12759399 464.57015991 255 64 64
113.22833252 138.10337830 464.64572144 255 64 64
116.66020203 138.10742188 464.56671143 255 64 64
116.03668976 138.10432434 464.65167236 255 64 64
122.81856537 144.01834106 460.55239868 255 64 64
119.95001221 143.98838806 460.62179565 255 64 64
123.30375671 144.00056458 460.56665039 255 64 64
122.72441864 143.99395752 460.64743042 255 64 64
160.46060181 145.79159546 441.22833252 255 64 64
157.87884521 145.73562622 441.28396606 255 64 64
160.74090576 145.82788086 441.18765259 255 64 64
160.28327942 145.78408813 441.24658203 255 64 64
139.10818481 132.46691895 455.84970093 255 64 64
136.19052124 132.43594360 455.90515137 255 64 64
139.51875305 132.50135803 455.80841064 255 64 64
138.88352966 132.48287964 455.87408447 255 64 64
145.62864685 155.31695557 451.16183472 255 64 64
142.89051819 155.27389526 451.22503662 255 64 64
146.03573608 155.31744385 451.16516113 255 64 64
145.53031921 155.29461670 451.24298096 255 64 64
118.75460815 126.28776550 467.72341919 255 64 64
115.97119904 126.27612305 467.78277588 255 64 64
119.20729828 126.28641510 467.67721558 255 64 64
118.60733795 126.28839111 467.74322510 255 64 64
157.25112915 156.95718384 445.62133789 255 64 64
154.68006897 156.91816711 445.67562866 255 64 64
157.53782654 156.96211243 445.58273315 255 64 64
157.09260559 156.93930054 445.64999390 255 64 64
147.07469177 138.26902771 417.01504517 255 64 64
143.73466492 138.23721313 417.01928711 255 64 64
147.49197388 138.26599121 417.03479004 255 64 64
146.83193970 138.25057983 417.05432129 255 64 64
154.70584106 145.36993408 413.92419434 255 64 64
151.33099365 145.33862305 413.92526245 255 64 64
155.11578369 145.35963440 413.94644165 255 64 64
154.46102905 145.34536743 413.96487427 255 64 64
117.58049011 119.39400482 445.54809570 255 64 64
114.91215515 119.37905884 445.57736206 255 64 64
117.97659302 119.39111328 445.50891113 255 64 64
117.47863770 119.38898468 445.54052734 255 64 64
146.66793823 166.96453857 455.72552490 255 64 64
144.06954956 166.93841553 455.76004028 255 64 64
147.01300049 166.93856812 455.71661377 255 64 64
146.53848267 166.93136597 455.77038574 255 64 64
131.92539978 153.27821350 459.32464600 255 64 64
129.12252808 153.24691772 459.38940430 255 64 64
132.38420105 153.26962280 459.33020020 255 64 64
131.79791260 153.25909424 459.40951538 255 64 64
131.88668823 126.36832428 427.54272461 255 64 64
128.93534851 126.33827972 427.56646729 255 64 64
132.28329468 126.35713959 427.50921631 255 64 64
131.72871399 126.34291840 427.53781128 255 64 64
107.74073029 123.00861359 453.42218018 255 64 64
105.22814178 123.00032806 453.46173096 255 64 64
108.10830688 122.98641205 453.39279175 255 64 64
107.64642334 122.99171448 453.43005371 255 64 64
119.64356995 122.30552673 434.95773315 255 64 64
116.94798279 122.29012299 434.96926880 255 64 64
120.00067139 122.29438019 434.92962646 255 64 64
119.50886536 122.29240417 434.94082642 255 64 64
113.95703888 151.25537109 463.14312744 255 64 64
111.17983246 151.24278259 463.20422363 255 64 64
114.46258545 151.21691895 463.13589478 255 64 64
113.90702820 151.22630310 463.20736694 255 64 64
101.78766632 128.06396484 466.26153564 255 64 64
99.51358795 128.06829834 466.29873657 255 64 64
102.15157318 128.03903198 466.24520874 255 64 64
101.72862244 128.05415344 466.28073120 255 64 64
109.08579254 124.66068268 435.65338135 255 64 64
106.34230042 124.65576935 435.68121338 255 64 64
109.46007538 124.62431335 435.62530518 255 64 64
108.99928284 124.63282776 435.64877319 255 64 64
116.18361664 127.11325836 423.97604370 255 64 64
113.03243256 127.10150146 423.98837280 255 64 64
116.60290527 127.07633972 423.95300293 255 64 64
116.04245758 127.08316040 423.97174072 255 64 64
104.56509399 140.71632385 468.41677856 255 64 64
102.09510803 140.71429443 468.47122192 255 64 64
105.00237274 140.68209839 468.40377808 255 64 64
104.53402710 140.69589233 468.46289062 255 64 64
165.26516724 165.93862915 409.36886597 255 64 64
162.58293152 165.92457581 409.37619019 255 64 64
165.49963379 165.92398071 409.39254761 255 64 64
165.09231567 165.92158508 409.40768433 255 64 64
130.69952393 164.42214966 459.32449341 255 64 64
127.90206909 164.40388489 459.38406372 255 64 64
131.18592834 164.40827942 459.33517456 255 64 64
130.62893677 164.41195679 459.41134644 255 64 64
129.60586548 136.00267029 413.53897095 255 64 64
126.32674408 135.99645996 413.51876831 255 64 64
130.05996704 135.98153687 413.57449341 255 64 64
129.45828247 135.99087524 413.57226562 255 64 64
91.24305725 134.27677917 467.11981201 255 64 64
89.29940033 134.28147888 467.17706299 255 64 64
91.57128906 134.23912048 467.11801147 255 64 64
91.26983643 134.25256348 467.16622925 255 64 64
119.09988403 159.50416565 460.65756226 255 64 64
116.21085358 159.49502563 460.71264648 255 64 64
119.63085175 159.47988892 460.65808105 255 64 64
119.04714966 159.49093628 460.72933960 255 64 64
155.41401672 156.78167725 408.49771118 255 64 64
152.21647644 156.76539612 408.48394775 255 64 64
155.79922485 156.77056885 408.54223633 255 64 64
155.19226074 156.76907349 408.54232788 255 64 64
104.25263214 157.18116760 467.45825195 255 64 64
101.65293884 157.18133545 467.52383423 255 64 64
104.76579285 157.14901733 467.44451904 255 64 64
104.30316162 157.16900635 467.51791382 255 64 64
83.53339386 141.88200378 468.39572144 255 64 64
81.83279419 141.88957214 468.43978882 255 64 64
83.79888916 141.84648132 468.39996338 255 64 64
83.56380463 141.86093140 468.43048096 255 64 64
119.10482788 138.58651733 407.25668335 255 64 64
115.61891937 138.57603455 407.25808716 255 64 64
119.59735107 138.53988647 407.25042725 255 64 64
118.98590851 138.55206299 407.26647949 255 64 64
102.55799866 131.59678650 422.99417114 255 64 64
99.67324829 131.60913086 423.00201416 255 64 64
102.96398926 131.54418945 423.00076294 255 64 64
102.48645020 131.56994629 423.01080322 255 64 64
100.53354645 128.97021484 438.20477295 255 64 64
98.16063690 128.97866821 438.22900391 255 64 64
100.88151550 128.92330933 438.19781494 255 64 64
100.51106262 128.94116211 438.21594238 255 64 64
110.57457733 135.11152649 411.52770996 255 64 64
107.31564331 135.11895752 411.52841187 255 64 64
111.05620575 135.06689453 411.52438354 255 64 64
110.50265503 135.08822632 411.53756714 255 64 64
92.66522217 132.75418091 454.94519043 255 64 64
90.66484833 132.76516724 454.97753906 255 64 64
92.99987793 132.73327637 454.92071533 255 64 64
92.69098663 132.74951172 454.94732666 255 64 64
101.94393921 166.09020996 469.74398804 255 64 64
99.42109680 166.08642578 469.81481934 255 64 64
102.46394348 166.05560303 469.72259521 255 64 64
102.03038025 166.07067871 469.79837036 255 64 64
141.72520447 150.09306335 408.35601807 255 64 64
138.18495178 150.08953857 408.34127808 255 64 64
142.20022583 150.06785583 408.39593506 255 64 64
141.48045349 150.08084106 408.40173340 255 64 64
95.34867096 143.52810669 471.39450073 255 64 64
93.27601624 143.53427124 471.43338013 255 64 64
95.72310638 143.51260376 471.37875366 255 64 64
95.34928131 143.53063965 471.41723633 255 64 64
76.69332886 151.56271362 473.27175903 255 64 64
75.17149353 151.57991028 473.30700684 255 64 64
76.93516541 151.53401184 473.29022217 255 64 64
76.75270081 151.55578613 473.31332397 255 64 64
130.16453552 149.58735657 402.11105347 255 64 64
126.82814789 149.58248901 402.11184692 255 64 64
130.63554382 149.55334473 402.14523315 255 64 64
130.05064392 149.56611633 402.15911865 255 64 64
147.20782471 189.85278320 385.18542480 255 64 64
143.72163391 189.86785889 385.15731812 255 64 64
147.64524841 189.82025146 385.21981812 255 64 64
147.12501526 189.84609985 385.21380615 255 64 64
119.50798798 176.19349670 463.73712158 255 64 64
116.55567932 176.19268799 463.78427124 255 64 64
120.03668213 176.14949036 463.71835327 255 64 64
119.43914032 176.16926575 463.78869629 255 64 64
111.55984497 169.28981018 465.71694946 255 64 64
108.77577209 169.29107666 465.77862549 255 64 64
112.11007690 169.26029968 465.72085571 255 64 64
111.53949738 169.28211975 465.79510498 255 64 64
92.28334808 136.28515625 442.59527588 255 64 64
90.23771667 136.29574585 442.61822510 255 64 64
92.59635925 136.23794556 442.58493042 255 64 64
92.28840637 136.25688171 442.59957886 255 64 64
147.00808716 165.25346375 400.00692749 255 64 64
143.91197205 165.24673462 400.00430298 255 64 64
147.37820435 165.22506714 400.03460693 255 64 64
146.88220215 165.23710632 400.04174805 255 64 64
127.38322449 181.66670227 464.72570801 255 64 64
124.35985565 181.65423584 464.78671265 255 64 64
127.91448212 181.61312866 464.68157959 255 64 64
127.29293060 181.62422180 464.76782227 255 64 64
113.39376831 148.82946777 397.90649414 255 64 64
109.57852173 148.83802795 397.88424683 255 64 64
113.96687317 148.78234863 397.90960693 255 64 64
113.29409027 148.80834961 397.91726685 255 64 64
99.75966644 141.55838013 409.68496704 255 64 64
96.70278931 141.57794189 409.67855835 255 64 64
100.21003723 141.50671387 409.67462158 255 64 64
99.72500610 141.53616333 409.67849731 255 64 64
149.41059875 179.23924255 392.72100830 255 64 64
146.08374023 179.24246216 392.70211792 255 64 64
149.80578613 179.20541382 392.76046753 255 64 64
149.28462219 179.22219849 392.75906372 255 64 64
131.05809021 159.30387878 395.18585205 255 64 64
127.48280334 159.30099487 395.17858887 255 64 64
131.53195190 159.26394653 395.20587158 255 64 64
130.89984131 159.28018188 395.21768188 255 64 64
136.77127075 170.64071655 390.21572876 255 64 64
133.30281067 170.65045166 390.20336914 255 64 64
137.22827148 170.60041809 390.24124146 255 64 64
136.67942810 170.62208557 390.25003052 255 64 64
83.81465912 145.84176636 439.07180786 255 64 64
81.82981873 145.86199951 439.09704590 255 64 64
84.13148499 145.80209351 439.07165527 255 64 64
83.86191559 145.82707214 439.08743286 255 64 64
132.10984802 185.03067017 378.83538818 255 64 64
127.74499512 185.06201172 378.78640747 255 64 64
132.72381592 184.98591614 378.85015869 255 64 64
131.92225647 185.02226257 378.84603882 255 64 64
120.73091125 161.17016602 389.65890503 255 64 64
116.66514587 161.19546509 389.62783813 255 64 64
121.31317139 161.12576294 389.66644287 255 64 64
120.55986023 161.16458130 389.66836548 255 64 64
233.27923584 247.11502075 431.64373779 255 64 64
230.17059326 258.18652344 433.52804565 255 64 64
240.04080200 251.22824097 426.74023438 255 64 64
237.10865784 261.90274048 429.42999268 255 64 64
223.90521240 229.96929932 418.39447021 255 64 64
226.17570496 241.25398254 417.82092285 255 64 64
234.39224243 236.87243652 421.64895630 255 64 64
237.75651550 248.07992554 421.96353149 255 64 64
217.64166260 242.05070496 443.56799316 255 64 64
212.99362183 250.53442383 448.16275024 255 64 64
224.40603638 246.32565308 437.54244995 255 64 64
219.66702271 254.93435669 442.29800415 255 64 64
226.60232544 274.17803955 432.17855835 255 64 64
221.22189331 285.21643066 434.11569214 255 64 64
234.95280457 275.97183228 426.65155029 255 64 64
230.12832642 285.89645386 429.36749268 255 64 64
196.40019226 202.38249207 454.26364136 255 64 64
194.00265503 207.65541077 461.73284912 255 64 64
204.70379639 208.09925842 449.30499268 255 64 64
201.86700439 212.74913025 456.87713623 255 64 64
202.10868835 214.56222534 435.77441406 255 64 64
205.51890564 220.16963196 442.99182129 255 64 64
209.90689087 220.01341248 430.21844482 255 64 64
213.44207764 225.12277222 438.10119629 255 64 64
192.51579285 191.02796936 438.91812134 255 64 64
196.19067383 195.66865540 446.07489014 255 64 64
199.18551636 197.77947998 432.27688599 255 64 64
203.21786499 201.04357910 440.38018799 255 64 64
202.88336182 225.08784485 449.99557495 255 64 64
198.81059265 231.38632202 456.02203369 255 64 64
210.85891724 230.01524353 445.49456787 255 64 64
206.38272095 236.19424438 451.62213135 255 64 64
209.85633850 260.51879883 446.47647095 255 64 64
203.57073975 268.82977295 449.15429688 255 64 64
217.53874207 264.90032959 440.94348145 255 64 64
211.22557068 273.30319214 444.08169556 255 64 64
218.86846924 253.01100159 416.35324097 255 64 64
221.36431885 264.38757324 416.82489014 255 64 64
230.30384827 257.71969604 420.50976562 255 64 64
233.65524292 268.62207031 421.27807617 255 64 64
218.06805420 300.17507935 434.47317505 255 64 64
213.58175659 310.33496094 441.54171753 255 64 64
226.88903809 298.67901611 424.20669556 255 64 64
223.12411499 305.87622070 431.15026855 255 64 64
197.94403076 245.53994751 457.14730835 255 64 64
190.30572510 252.55335999 458.03771973 255 64 64
206.49758911 251.00492859 453.29852295 255 64 64
198.58177185 257.97790527 454.93997192 255 64 64
189.30867004 201.25585938 423.95996094 255 64 64
195.03187561 207.97152710 427.49697876 255 64 64
197.22631836 209.08712769 419.92254639 255 64 64
204.25442505 214.54107666 425.12011719 255 64 64
188.03317261 215.64474487 464.44351196 255 64 64
179.82328796 221.50395203 465.09182739 255 64 64
198.59922791 222.02867126 464.04608154 255 64 64
190.37832642 226.99374390 465.75506592 255 64 64
200.06036377 223.05329895 415.97360229 255 64 64
204.47131348 232.99263000 415.39422607 255 64 64
210.53820801 229.82043457 417.53088379 255 64 64
216.19891357 239.06687927 418.27947998 255 64 64
201.84931946 288.47042847 447.05725098 255 64 64
195.03991699 296.59027100 453.19949341 255 64 64
212.10476685 292.22711182 439.69647217 255 64 64
205.67765808 299.32873535 445.97103882 255 64 64
167.04739380 158.22705078 440.50723267 255 64 64
167.48561096 165.94253540 446.45095825 255 64 64
174.04678345 170.39758301 434.69738770 255 64 64
173.73342896 175.66683960 441.62994385 255 64 64
176.62994385 177.20700073 428.39916992 255 64 64
180.73580933 183.28491211 433.81176758 255 64 64
181.82751465 188.51924133 421.79721069 255 64 64
186.36068726 192.08108521 428.77203369 255 64 64
171.10983276 200.60523987 463.52340698 255 64 64
162.56361389 205.85794067 466.25912476 255 64 64
181.84497070 207.92396545 463.27346802 255 64 64
174.23425293 210.87770081 466.47094727 255 64 64
190.02865601 267.99075317 456.40753174 255 64 64
182.62745667 275.00967407 458.78717041 255 64 64
198.66033936 273.91339111 452.45697021 255 64 64
191.24534607 281.09219360 455.35717773 255 64 64
167.16754150 176.16490173 448.00518799 255 64 64
165.82392883 182.72251892 454.71536255 255 64 64
175.18002319 187.32827759 444.39047241 255 64 64
173.93374634 191.30181885 451.59317017 255 64 64
170.87182617 163.35476685 421.52246094 255 64 64
175.60623169 171.68411255 424.81137085 255 64 64
176.37448120 176.65377808 417.29620361 255 64 64
180.56947327 182.65359497 422.55993652 255 64 64
160.36721802 183.53486633 460.48675537 255 64 64
154.76530457 189.08898926 466.78338623 255 64 64
168.86196899 193.01335144 460.73669434 255 64 64
164.68443298 195.73205566 467.07009888 255 64 64
172.48854065 198.82432556 446.96694946 255 64 64
172.93600464 203.29959106 454.64569092 255 64 64
181.89459229 206.36244202 444.01370239 255 64 64
183.34931946 207.81208801 452.51211548 255 64 64
209.52368164 272.39526367 414.14627075 255 64 64
212.61181641 283.67626953 415.99197388 255 64 64
221.54534912 276.01226807 418.67279053 255 64 64
225.16876221 286.35961914 420.11279297 255 64 64
172.15008545 253.50355530 460.61401367 255 64 64
163.61856079 259.99316406 459.58984375 255 64 64
182.44596863 260.30926514 460.86398315 255 64 64
173.74536133 266.80441284 460.46405029 255 64 64
151.31340027 165.32867432 455.51431274 255 64 64
144.39187622 172.94859314 461.35516357 255 64 64
161.09835815 174.53607178 455.95449829 255 64 64
154.99102783 179.39178467 461.67587280 255 64 64
173.92272949 231.40745544 454.44192505 255 64 64
166.46638489 237.31077576 453.80325317 255 64 64
184.77734375 236.58848572 457.03414917 255 64 64
176.81188965 241.29348755 456.90246582 255 64 64
196.84173584 247.73806763 410.86679077 255 64 64
201.39053345 258.18466187 411.99893188 255 64 64
207.55667114 251.79063416 413.78308105 255 64 64
212.58515930 261.40832520 414.79498291 255 64 64
146.23207092 208.78594971 473.17730713 255 64 64
135.38113403 214.74624634 472.14910889 255 64 64
157.32928467 211.97698975 468.72235107 255 64 64
147.17308044 216.34199524 468.30493164 255 64 64
138.32176208 193.76458740 472.35449219 255 64 64
127.47818756 201.45802307 473.97689819 255 64 64
151.02529907 197.29243469 471.99084473 255 64 64
140.95362854 202.76844788 473.63412476 255 64 64
184.28018188 224.27366638 410.11886597 255 64 64
188.47334290 234.40782166 409.55773926 255 64 64
194.17173767 229.79101562 412.84176636 255 64 64
199.60455322 238.98509216 413.02713013 255 64 64
169.42080688 198.84269714 430.43496704 255 64 64
173.42741394 204.30493164 436.81799316 255 64 64
178.37870789 206.91105652 426.31292725 255 64 64
184.24526978 208.62811279 434.32983398 255 64 64
171.79536438 281.27691650 458.28585815 255 64 64
164.66799927 287.07916260 464.44833374 255 64 64
183.72514343 288.05599976 457.03793335 255 64 64
176.48934937 293.64871216 463.72052002 255 64 64
195.17247009 316.41287231 438.95581055 255 64 64
192.84753418 317.82760620 450.13021851 255 64 64
207.96055603 315.13323975 437.24771118 255 64 64
205.81848145 314.78152466 448.28979492 255 64 64
170.77624512 203.37495422 414.78472900 255 64 64
175.97933960 211.43963623 417.96795654 255 64 64
179.69372559 212.10127258 413.01022339 255 64 64
186.76226807 216.33067322 418.42834473 255 64 64
166.15486145 179.92707825 407.47357178 255 64 64
169.43182373 191.30732727 406.06573486 255 64 64
173.39616394 190.64935303 409.65124512 255 64 64
177.58105469 199.58245850 410.39031982 255 64 64
125.97961426 179.77981567 466.98095703 255 64 64
116.98127747 188.16979980 472.65270996 255 64 64
139.03602600 184.36743164 468.48297119 255 64 64
130.00093079 190.20826721 472.46063232 255 64 64
152.43681335 262.92462158 457.13214111 255 64 64
144.06335449 269.28005981 457.67706299 255 64 64
163.31347656 270.93231201 459.94854736 255 64 64
154.90325928 277.50463867 460.62219238 255 64 64
155.03221130 211.82696533 456.57870483 255 64 64
147.49133301 215.52665710 460.11114502 255 64 64
166.78739929 215.76190186 456.48104858 255 64 64
161.32884216 215.53675842 459.80212402 255 64 64
195.00521851 302.02490234 415.91043091 255 64 64
196.71263123 311.75842285 421.94241333 255 64 64
209.30680847 303.61468506 421.09329224 255 64 64
210.06747437 312.41085815 427.06094360 255 64 64
153.77479553 224.76162720 442.92105103 255 64 64
147.48551941 230.15124512 444.63168335 255 64 64
165.36824036 227.41921997 445.05532837 255 64 64
160.39489746 229.90588379 446.49163818 255 64 64
186.99108887 278.57244873 409.78839111 255 64 64
190.86444092 289.30575562 412.49194336 255 64 64
198.52388000 281.76855469 413.36126709 255 64 64
202.60217285 291.45059204 415.35424805 255 64 64
146.15487671 241.54252625 449.14370728 255 64 64
137.37158203 248.04316711 447.92242432 255 64 64
157.01684570 248.65885925 453.25027466 255 64 64
148.03320312 254.83418274 451.54608154 255 64 64
164.45571899 199.10000610 400.15322876 255 64 64
167.42759705 210.85150146 399.29171753 255 64 64
171.99201965 206.66477966 405.45672607 255 64 64
176.17323303 215.81474304 405.76434326 255 64 64
117.13818359 209.87834167 477.87966919 255 64 64
106.49309540 217.32917786 478.36062622 255 64 64
128.91357422 214.07701111 474.74145508 255 64 64
118.80148315 219.46205139 474.41891479 255 64 64
181.34046936 258.77371216 406.47283936 255 64 64
185.83964539 268.97036743 408.51104736 255 64 64
191.49484253 261.96798706 409.75900269 255 64 64
196.52883911 271.19787598 411.27261353 255 64 64
176.18609619 239.58700562 402.66104126 255 64 64
180.95910645 249.70645142 404.37304688 255 64 64
186.00596619 243.47967529 406.28628540 255 64 64
191.31381226 252.60482788 407.77270508 255 64 64
148.29786682 288.36566162 463.08276367 255 64 64
140.16885376 293.12490845 469.54113770 255 64 64
161.42779541 293.99884033 464.53448486 255 64 64
153.42927551 297.90893555 471.47253418 255 64 64
151.76965332 237.43206787 436.00598145 255 64 64
148.45317078 245.43978882 438.38330078 255 64 64
160.83737183 241.30566406 436.09420776 255 64 64
158.15817261 248.03971863 438.64611816 255 64 64
167.24288940 218.99522400 397.77728271 255 64 64
171.24307251 229.86820984 398.67211914 255 64 64
175.98025513 223.79397583 402.93350220 255 64 64
180.77348328 232.86122131 404.09414673 255 64 64
164.28227234 314.76095581 444.64224243 255 64 64
162.33593750 312.42498779 455.77621460 255 64 64
177.39013672 313.32061768 449.47409058 255 64 64
176.00436401 309.97015381 460.00155640 255 64 64
104.65887451 193.05056763 479.42626953 255 64 64
97.18966675 202.19226074 484.25808716 255 64 64
115.42618561 198.52841187 475.44171143 255 64 64
107.09317017 206.16487122 478.96310425 255 64 64
122.95696259 226.15199280 469.64797974 255 64 64
112.65003967 232.66917419 469.82061768 255 64 64
133.24366760 226.70588684 461.47186279 255 64 64
122.67576599 231.62960815 460.82009888 255 64 64
130.58790588 269.55572510 456.27246094 255 64 64
122.33023834 276.86322021 458.78854370 255 64 64
142.07843018 277.99166870 459.68865967 255 64 64
133.84832764 285.49395752 462.07516479 255 64 64
148.48303223 172.74826050 395.98120117 255 64 64
150.01033020 184.70193481 393.26388550 255 64 64
156.41217041 180.57952881 400.22766113 255 64 64
158.63786316 189.62243652 398.86166382 255 64 64
126.68788910 247.45320129 452.82778931 255 64 64
117.89907837 254.63752747 454.00909424 255 64 64
135.49784851 255.71636963 454.60565186 255 64 64
127.09866333 263.42819214 454.94894409 255 64 64
169.95585632 310.93331909 419.22232056 255 64 64
170.50837708 315.12463379 429.20944214 255 64 64
184.05815125 312.81610107 425.17343140 255 64 64
184.01300049 316.09860229 434.98043823 255 64 64
136.10534668 210.05409241 443.97875977 255 64 64
136.07150269 211.39712524 452.77127075 255 64 64
148.29740906 212.96417236 445.07049561 255 64 64
149.91522217 211.15109253 453.05798340 255 64 64
143.83544922 253.26829529 431.13647461 255 64 64
139.96209717 262.96502686 432.53970337 255 64 64
152.75384521 258.08105469 431.40847778 255 64 64
148.54046631 267.43411255 432.54888916 255 64 64
168.53791809 290.17507935 407.77038574 255 64 64
171.38574219 300.16955566 412.43130493 255 64 64
180.82516479 292.98797607 411.53256226 255 64 64
183.57189941 302.31347656 415.55664062 255 64 64
129.38592529 229.97756958 449.22503662 255 64 64
120.04940796 236.17127991 450.42059326 255 64 64
137.42855835 233.95294189 445.19500732 255 64 64
128.79411316 239.65592957 445.06015015 255 64 64
164.51545715 272.14349365 401.78710938 255 64 64
168.77937317 282.08651733 405.41421509 255 64 64
174.90875244 274.76708984 405.39675903 255 64 64
179.64134216 283.78381348 408.16552734 255 64 64
146.96722412 192.15460205 385.53186035 255 64 64
148.50096130 203.65246582 384.43417358 255 64 64
154.72866821 197.51940918 390.98214722 255 64 64
157.32009888 206.39874268 390.77099609 255 64 64
97.92849731 222.95585632 485.06951904 255 64 64
88.23176575 231.42488098 486.92282104 255 64 64
105.82547760 229.47122192 478.00488281 255 64 64
96.93741608 236.68313599 479.15975952 255 64 64
160.22396851 252.86396790 395.68899536 255 64 64
163.84002686 262.83270264 398.80789185 255 64 64
169.66708374 254.75148010 400.87460327 255 64 64
173.98797607 263.66711426 403.19656372 255 64 64
127.98348999 216.83982849 435.72906494 255 64 64
126.89327240 220.06257629 442.50540161 255 64 64
138.94848633 219.10871887 436.99996948 255 64 64
140.22859192 220.60154724 443.39401245 255 64 64
156.14384460 234.62147522 387.10418701 255 64 64
159.62390137 244.45420837 390.58883667 255 64 64
165.06683350 236.37069702 393.82077026 255 64 64
169.01829529 244.89576721 396.71270752 255 64 64
150.64669800 215.77247620 380.62744141 255 64 64
153.20780945 226.13453674 383.41091919 255 64 64
158.53494263 218.37034607 387.94592285 255 64 64
161.93321228 226.81294250 390.39123535 255 64 64
112.89448547 280.30834961 457.68762207 255 64 64
105.64949799 287.41546631 463.84826660 255 64 64
124.96945953 288.51361084 460.40069580 255 64 64
118.59747314 294.05303955 466.92889404 255 64 64
109.02203369 238.75122070 468.74810791 255 64 64
99.37860107 245.24082947 470.92828369 255 64 64
114.02157593 240.90707397 458.91970825 255 64 64
104.08958435 246.35459900 460.10034180 255 64 64
140.32852173 313.62118530 423.19952393 255 64 64
140.57548523 313.53796387 433.87768555 255 64 64
153.61972046 313.64752197 430.33056641 255 64 64
154.06713867 312.70883179 440.73672485 255 64 64
127.08533478 311.91830444 439.58621216 255 64 64
126.58071899 309.45828247 450.04016113 255 64 64
139.60714722 310.50955200 445.14859009 255 64 64
139.47505188 307.10119629 455.13940430 255 64 64
145.47256470 302.14346313 407.76855469 255 64 64
146.95529175 309.16055298 416.20816040 255 64 64
158.94801331 305.05926514 413.59835815 255 64 64
160.24050903 311.69226074 421.91851807 255 64 64
126.99424744 167.90356445 387.95236206 255 64 64
127.29313660 179.78739929 383.52761841 255 64 64
135.78994751 175.43525696 387.79568481 255 64 64
137.18675232 184.86871338 384.65472412 255 64 64
108.79046631 253.86193848 455.95632935 255 64 64
100.53831482 260.41403198 459.58709717 255 64 64
112.83015442 261.17034912 451.38366699 255 64 64
105.39402771 267.69671631 454.70196533 255 64 64
90.45561218 241.85128784 481.06015015 255 64 64
81.83589172 249.70645142 484.63668823 255 64 64
93.97380829 250.62356567 471.97451782 255 64 64
86.06350708 257.46054077 474.74145508 255 64 64
145.44729614 285.52154541 398.35116577 255 64 64
148.49267578 295.24032593 403.58734131 255 64 64
156.92126465 288.61791992 402.30999756 255 64 64
160.30300903 297.77984619 406.88085938 255 64 64
131.86708069 193.69842529 376.09576416 255 64 64
133.05194092 205.11543274 374.21835327 255 64 64
140.60995483 198.91438293 378.74371338 255 64 64
142.89628601 208.08685303 377.75665283 255 64 64
144.54948425 266.92111206 389.71432495 255 64 64
147.12345886 276.66931152 394.56268311 255 64 64
154.72682190 268.42358398 395.72793579 255 64 64
158.19218445 277.39434814 399.57095337 255 64 64
93.83366394 263.11758423 461.36343384 255 64 64
88.79415894 270.70623779 467.79974365 255 64 64
97.68578339 272.60296631 456.46636963 255 64 64
93.88696289 279.97293091 463.57534790 255 64 64
141.86799622 251.20802307 381.13836670 255 64 64
144.41439819 260.28723145 386.41497803 255 64 64
151.50315857 251.95420837 388.28594971 255 64 64
154.87477112 260.27160645 392.71527100 255 64 64
137.96429443 233.34826660 373.88647461 255 64 64
140.32598877 242.72888184 377.72677612 255 64 64
147.64909363 235.08599854 380.02874756 255 64 64
150.70550537 243.35653687 383.46191406 255 64 64
132.50666809 214.02188110 370.20977783 255 64 64
134.24761963 224.26631165 371.85974121 255 64 64
141.51786804 217.25289917 374.81231689 255 64 64
144.29768372 225.78027344 376.47747803 255 64 64
117.10096741 304.12377930 410.43350220 255 64 64
118.51890564 308.58251953 420.19641113 255 64 64
130.21389771 307.90344238 415.13668823 255 64 64
131.83308411 311.87878418 425.33331299 255 64 64
116.68721008 178.55967712 380.28512573 255 64 64
116.63781738 189.93258667 376.29321289 255 64 64
125.10684204 184.77911377 378.67199707 255 64 64
126.16638947 194.24244690 375.78375244 255 64 64
124.25589752 292.85656738 399.75347900 255 64 64
126.36396027 301.13446045 406.65847778 255 64 64
136.43930054 297.38882446 403.40390015 255 64 64
138.83224487 305.29913330 410.30334473 255 64 64
89.33265686 299.94522095 439.65237427 255 64 64
90.71981812 302.19479370 449.48510742 255 64 64
100.18910980 305.32946777 440.16146851 255 64 64
102.45133209 305.98684692 450.59335327 255 64 64
99.70850372 303.83224487 421.64834595 255 64 64
101.69021606 306.73153687 431.66854858 255 64 64
111.58130646 308.26916504 424.73785400 255 64 64
114.21823120 310.31198120 435.48217773 255 64 64
124.39873505 278.23059082 388.00198364 255 64 64
126.14381409 287.77664185 393.79504395 255 64 64
135.62460327 281.82366943 392.54617310 255 64 64
138.25370789 290.86428833 397.92111206 255 64 64
73.09577179 280.26699829 447.81307983 255 64 64
75.01959229 287.21057129 455.52120972 255 64 64
79.62306213 289.50057983 443.66082764 255 64 64
82.87751770 295.81375122 452.51580811 255 64 64
123.30432129 261.44235229 377.85128784 255 64 64
124.99334717 270.17233276 383.67190552 255 64 64
133.69302368 263.54489136 383.35028076 255 64 64
136.59046936 271.81542969 388.51385498 255 64 64
67.13524628 257.56713867 466.84954834 255 64 64
67.77644348 265.01245117 473.89971924 255 64 64
69.31063080 267.69027710 457.85119629 255 64 64
71.00379181 274.27728271 465.23220825 255 64 64
101.09289551 168.32260132 387.25946045 255 64 64
99.29865265 179.22132874 382.74743652 255 64 64
108.29629517 174.65783691 382.24386597 255 64 64
107.65188599 184.07704163 378.35855103 255 64 64
114.82427216 200.97097778 370.68649292 255 64 64
115.65351105 212.12333679 368.91522217 255 64 64
123.77391052 206.23838806 370.37588501 255 64 64
125.62145233 215.60522461 369.38891602 255 64 64
98.82539368 290.10708618 406.85879517 255 64 64
101.20087433 297.45129395 414.20852661 255 64 64
109.89503479 296.87054443 407.89352417 255 64 64
112.70333862 303.98318481 415.85162354 255 64 64
119.09922028 241.72814941 370.05401611 255 64 64
120.98719788 250.87719727 374.20031738 255 64 64
129.68917847 244.62559509 373.94668579 255 64 64
132.43038940 252.95217896 377.78143311 255 64 64
115.21666718 220.54089355 367.20483398 255 64 64
116.55223846 230.96176147 367.93261719 255 64 64
125.46109772 224.73681641 368.43115234 255 64 64
127.71435547 233.67173767 369.50885010 255 64 64
84.36390686 284.81027222 421.73471069 255 64 64
86.44165039 291.98541260 429.28112793 255 64 64
93.02958679 293.14697266 420.53274536 255 64 64
96.08969116 299.93246460 429.08264160 255 64 64
104.10475159 281.10873413 395.09442139 255 64 64
105.89531708 289.55203247 401.26425171 255 64 64
114.61843109 287.35116577 396.11813354 255 64 64
117.07752991 295.69335938 402.61694336 255 64 64
63.26314545 233.22053528 460.06402588 255 64 64
63.52148438 241.00585938 466.41580200 255 64 64
63.67081451 242.12516785 450.95175171 255 64 64
64.63318634 249.28193665 456.93777466 255 64 64
73.69493103 272.41549683 436.01562500 255 64 64
74.95572662 280.27066040 442.00900269 255 64 64
79.36299896 281.76303101 431.64831543 255 64 64
81.93696594 289.55755615 438.69299316 255 64 64
98.92980957 190.01161194 379.33355713 255 64 64
98.00660706 200.81843567 376.16043091 255 64 64
106.01087952 195.73114014 374.90423584 255 64 64
106.26964569 205.14117432 372.43041992 255 64 64
105.51808929 268.56326294 383.41644287 255 64 64
106.93786621 276.74191284 389.35833740 255 64 64
115.57229614 273.14285278 385.26190186 255 64 64
118.18394470 281.17813110 391.00900269 255 64 64
65.95509338 254.71472168 446.61248779 255 64 64
66.77111816 262.49453735 452.51763916 255 64 64
68.69952393 263.77691650 439.20208740 255 64 64
70.44277191 271.42074585 445.55017090 255 64 64
85.12663269 275.47192383 409.32156372 255 64 64
86.71228027 283.16717529 415.58328247 255 64 64
92.76953125 283.38360596 407.42852783 255 64 64
95.32052612 291.06967163 414.48791504 255 64 64
85.20014954 177.41835022 395.96926880 255 64 64
82.75483704 187.40914917 392.91836548 255 64 64
89.75859070 183.09974670 388.26663208 255 64 64
88.83137512 191.81320190 385.51348877 255 64 64
62.94599152 216.50924683 448.66357422 255 64 64
62.05139923 225.16572571 453.87399292 255 64 64
63.30651093 224.56013489 439.56597900 255 64 64
62.86633301 232.73510742 444.18463135 255 64 64
102.12074280 251.80166626 375.28741455 255 64 64
103.54648590 260.02807617 379.92810059 255 64 64
112.00126648 256.41201782 375.80981445 255 64 64
114.44566345 264.29660034 380.44131470 255 64 64
97.99558258 213.38229370 371.93603516 255 64 64
98.27081299 223.84727478 370.86544800 255 64 64
106.87445831 218.75125122 368.31146240 255 64 64
108.24943542 227.97012329 367.78076172 255 64 64
65.23601532 200.99349976 437.68399048 255 64 64
63.71836853 210.12048340 441.88955688 255 64 64
65.79059601 208.53323364 428.76467896 255 64 64
64.70141602 217.07577515 432.45288086 255 64 64
97.06974792 234.94081116 372.56103516 255 64 64
98.09873962 244.13763428 374.88415527 255 64 64
106.31205750 240.30723572 370.62377930 255 64 64
108.32455444 248.81484985 373.17291260 255 64 64
70.14962769 191.14277649 422.42025757 255 64 64
68.06820679 200.36166382 424.78906250 255 64 64
71.45545197 198.23602295 413.56158447 255 64 64
70.11057281 206.54330444 415.38726807 255 64 64
72.57909393 262.33648682 422.79977417 255 64 64
73.60073853 269.98580933 428.37780762 255 64 64
77.06838989 270.87994385 417.91006470 255 64 64
79.06295776 278.50720215 424.19015503 255 64 64
88.84929657 265.84317017 393.57998657 255 64 64
90.27734375 273.44104004 399.31423950 255 64 64
96.56661987 272.29391479 391.86340332 255 64 64
98.98345184 279.93405151 398.08651733 255 64 64
65.92688751 240.37179565 435.49505615 255 64 64
66.10993195 247.94575500 441.07489014 255 64 64
67.94432831 248.55799866 427.69500732 255 64 64
68.76885223 255.93347168 433.41821289 255 64 64
84.33220673 197.12794495 387.78970337 255 64 64
82.88899994 207.20327759 385.70462036 255 64 64
89.56492615 202.85643005 381.12091064 255 64 64
89.38880920 211.82168579 379.33996582 255 64 64
66.08787537 224.32511902 427.87329102 255 64 64
65.09082031 232.45413208 432.35314941 255 64 64
67.40220642 231.91104126 419.59725952 255 64 64
67.03772736 239.76620483 423.91354370 255 64 64
77.84443665 258.89593506 405.80538940 255 64 64
78.92327881 266.14093018 411.35766602 255 64 64
83.11965942 266.38305664 401.81195068 255 64 64
85.17074585 273.59497070 408.03503418 255 64 64
75.40049744 196.79298401 404.72775269 255 64 64
73.39994812 205.93835449 405.05029297 255 64 64
78.11828613 203.11721802 396.87811279 255 64 64
77.33907318 211.23703003 396.91256714 255 64 64
87.42216492 250.99850464 384.21057129 255 64 64
88.46632385 258.77648926 388.77960205 255 64 64
94.95570374 256.99636841 381.51513672 255 64 64
96.97830963 264.67141724 386.39013672 255 64 64
68.31081390 210.57031250 418.86209106 255 64 64
66.74630737 219.06323242 421.80776978 255 64 64
69.80318451 217.72982788 410.71838379 255 64 64
69.00461578 225.61441040 413.32498169 255 64 64
70.60060120 241.91011047 413.21606445 255 64 64
70.69020081 249.51899719 417.96520996 255 64 64
73.72663116 249.45925903 406.62905884 255 64 64
74.55069733 256.86413574 411.61987305 255 64 64
81.48439026 210.08648682 388.23666382 255 64 64
80.58703613 220.23167419 387.38720703 255 64 64
86.96688843 216.15084839 381.24713135 255 64 64
87.13378906 225.32929993 380.51348877 255 64 64
83.42324829 225.44715881 383.38977051 255 64 64
83.35835266 234.70648193 384.44772339 255 64 64
89.44844818 231.87542725 377.49841309 255 64 64
90.40599060 240.46206665 378.66955566 255 64 64
83.36455536 236.28247070 384.11944580 255 64 64
83.72274780 245.14848328 386.50042725 255 64 64
89.94376373 242.54325867 379.10107422 255 64 64
91.23947906 251.07293701 381.68515015 255 64 64
77.12179565 244.08250427 396.42965698 255 64 64
77.50373840 251.64727783 400.64025879 255 64 64
81.76972198 250.96472168 391.21093750 255 64 64
83.00065613 258.37695312 395.69082642 255 64 64
74.04367065 214.04945374 400.67242432 255 64 64
72.81182098 223.40800476 401.75897217 255 64 64
77.55979156 220.65748596 393.02313232 255 64 64
77.20182800 229.20002747 393.89782715 255 64 64
85.07783508 224.10714722 384.55239868 255 64 64
85.07873535 224.10656738 384.54998779 255 64 64
85.08000183 224.10237122 384.54702759 255 64 64
85.08871460 224.09806824 384.55401611 255 64 64
130.81903076 118.54878235 459.84457397 255 64 64
130.80966187 118.54516602 459.85308838 255 64 64
130.81562805 118.54801178 459.84530640 255 64 64
130.81628418 118.54092407 459.84954834 255 64 64
63.32703400 189.74372864 469.81158447 255 64 64
63.32690430 189.74026489 469.81359863 255 64 64
63.32028198 189.73852539 469.80511475 255 64 64
63.33109283 189.73753357 469.81045532 255 64 64
158.69442749 180.77011108 401.05099487 255 64 64
158.68103027 180.77163696 401.05709839 255 64 64
158.69439697 180.77662659 401.05111694 255 64 64
158.69363403 180.77540588 401.05603027 255 64 64
91.40293884 151.18785095 408.73236084 255 64 64
91.39697266 151.18452454 408.73284912 255 64 64
91.40523529 151.18957520 408.72897339 255 64 64
91.40469360 151.18165588 408.73193359 255 64 64
127.42527008 181.62022400 464.73068237 255 64 64
127.42472839 181.61834717 464.74005127 255 64 64
127.41849518 181.62115479 464.72338867 255 64 64
127.43135071 181.62225342 464.73062134 255 64 64
83.56777954 141.86163330 468.38018799 255 64 64
83.56208801 141.85896301 468.37890625 255 64 64
83.56028748 141.86424255 468.36956787 255 64 64
83.56322479 141.86172485 468.36770630 255 64 64
163.80712891 138.37330627 425.97271729 255 64 64
163.79406738 138.37631226 425.97888184 255 64 64
163.80880737 138.37243652 425.97088623 255 64 64
163.80874634 138.37028503 425.97296143 255 64 64
120.56808472 217.54521179 433.14627075 255 64 64
120.57110596 217.54656982 433.13845825 255 64 64
120.57345581 217.54524231 433.14559937 255 64 64
120.59022522 217.54748535 433.14224243 255 64 64
114.21058655 186.39884949 376.77972412 255 64 64
114.19825745 186.39999390 376.78414917 255 64 64
114.20694733 186.40092468 376.76779175 255 64 64
114.20599365 186.39730835 376.77471924 255 64 64
65.61158752 212.29814148 427.83898926 255 64 64
65.61098480 212.29331970 427.83404541 255 64 64
65.60645294 212.29022217 427.83612061 255 64 64
65.61463928 212.28486633 427.83755493 255 64 64
130.12564087 149.57933044 402.12307739 255 64 64
130.11534119 149.57942200 402.12579346 255 64 64
130.12841797 149.58224487 402.11944580 255 64 64
130.12728882 149.57748413 402.12106323 255 64 64
72.53402710 168.23342896 440.19955444 255 64 64
72.52976990 168.22959900 440.19552612 255 64 64
72.52854156 168.23207092 440.18994141 255 64 64
72.53202057 168.22715759 440.18994141 255 64 64
78.25289917 187.11346436 403.50747681 255 64 64
78.24800110 187.11138916 403.50582886 255 64 64
78.25485229 187.11341858 403.50180054 255 64 64
78.25686646 187.10777283 403.50466919 255 64 64
100.54147339 128.95214844 438.18746948 255 64 64
100.53524780 128.94808960 438.18695068 255 64 64
100.54373169 128.94912720 438.18588257 255 64 64
100.54502869 128.94223022 438.18554688 255 64 64
94.43151855 174.38327026 477.24542236 255 64 64
94.43128967 174.37788391 477.24938965 255 64 64
94.42369080 174.38436890 477.24246216 255 64 64
94.43472290 174.38429260 477.24725342 255 64 64
145.64414978 155.30766296 451.17758179 255 64 64
145.63710022 155.30622864 451.18301392 255 64 64
145.63467407 155.31259155 451.17327881 255 64 64
145.64199829 155.31040955 451.17526245 255 64 64
131.86183167 126.35504150 427.53414917 255 64 64
131.85107422 126.35417938 427.53842163 255 64 64
131.86369324 126.35609436 427.53604126 255 64 64
131.86228943 126.34959412 427.53695679 255 64 64
113.99629211 151.24450684 463.14569092 255 64 64
113.99387360 151.23979187 463.15246582 255 64 64
113.98933411 151.25012207 463.14358521 255 64 64
113.99744415 151.24658203 463.14996338 255 64 64
138.68916321 201.26266479 376.30728149 255 64 64
138.67614746 201.26589966 376.31265259 255 64 64
138.68756104 201.26448059 376.30371094 255 64 64
138.68670654 201.26377869 376.31161499 255 64 64
107.76622772 212.11291504 370.12625122 255 64 64
107.75888824 212.11552429 370.12554932 255 64 64
107.76821899 212.10679626 370.10931396 255 64 64
107.77190399 212.10403442 370.11614990 255 64 64
70.08470917 163.71617126 473.74584961 255 64 64
70.08239746 163.71366882 473.74194336 255 64 64
70.07855225 163.71090698 473.73431396 255 64 64
70.08550262 163.71034241 473.73248291 255 64 64
105.07821655 162.12286377 389.96572876 255 64 64
105.07120514 162.12135315 389.96795654 255 64 64
105.08047485 162.12541199 389.95462036 255 64 64
105.08155060 162.11917114 389.96038818 255 64 64
155.31111145 156.79028320 408.54187012 255 64 64
155.29667664 156.79367065 408.54367065 255 64 64
155.31187439 156.79626465 408.53411865 255 64 64
155.31044006 156.79531860 408.53540039 255 64 64
90.82736969 198.17106628 382.76669312 255 64 64
90.82044983 198.16938782 382.76791382 255 64 64
90.82690430 198.16842651 382.75973511 255 64 64
90.82867432 198.16366577 382.76861572 255 64 64
110.55174255 135.09289551 411.53051758 255 64 64
110.54731750 135.08898926 411.53231812 255 64 64
110.55345154 135.09362793 411.52963257 255 64 64
110.55541229 135.08549500 411.53286743 255 64 64
136.75132751 170.62474060 390.24691772 255 64 64
136.73715210 170.62677002 390.24975586 255 64 64
136.75006104 170.62829590 390.24057007 255 64 64
136.74853516 170.62693787 390.24389648 255 64 64
151.12664795 127.45648193 444.50695801 255 64 64
151.11125183 127.45742035 444.51486206 255 64 64
151.12699890 127.45291138 444.50183105 255 64 64
151.12339783 127.44915771 444.50402832 255 64 64
66.69892120 191.57051086 445.44732666 255 64 64
66.69670868 191.56648254 445.44253540 255 64 64
66.69414520 191.57212830 445.43823242 255 64 64
66.70055389 191.56838989 445.43899536 255 64 64
83.84629822 145.81787109 439.04547119 255 64 64
83.84111023 145.81472778 439.04244995 255 64 64
83.84454346 145.81942749 439.03805542 255 64 64
83.84640503 145.81443787 439.03738403 255 64 64
74.64115906 210.01461792 402.10382080 255 64 64
74.63899231 210.01260376 402.09973145 255 64 64
74.63808441 210.01232910 402.09506226 255 64 64
74.64386749 210.00726318 402.09924316 255 64 64
101.77513123 128.02185059 466.25305176 255 64 64
101.76836395 128.01976013 466.25347900 255 64 64
101.77295685 128.01977539 466.24639893 255 64 64
101.77555847 128.01712036 466.24530029 255 64 64
80.21601868 167.29258728 417.67358398 255 64 64
80.20965576 167.28932190 417.67306519 255 64 64
80.21423340 167.29156494 417.67025757 255 64 64
80.21509552 167.28620911 417.67395020 255 64 64
70.25547791 191.60107422 422.59472656 255 64 64
70.25210571 191.59857178 422.59341431 255 64 64
70.25070953 191.59710693 422.58975220 255 64 64
70.25556183 191.59292603 422.59332275 255 64 64
133.56402588 139.87683105 458.84082031 255 64 64
133.55677795 139.87298584 458.84759521 255 64 64
133.55494690 139.87362671 458.83905029 255 64 64
133.55836487 139.86946106 458.84265137 255 64 64
91.95715332 178.36633301 388.23742676 255 64 64
91.95014954 178.36355591 388.23876953 255 64 64
91.96215057 178.36456299 388.23037720 255 64 64
91.96339417 178.35852051 388.23785400 255 64 64
117.58203125 119.37755585 445.52801514 255 64 64
117.57377625 119.37369537 445.52917480 255 64 64
117.58237457 119.37536621 445.52618408 255 64 64
117.58183289 119.36764526 445.52432251 255 64 64
147.00817871 138.26528931 417.02462769 255 64 64
146.99748230 138.26557922 417.02844238 255 64 64
147.00338745 138.26895142 417.02749634 255 64 64
147.00498962 138.26364136 417.02899170 255 64 64
77.14651489 155.02694702 453.99560547 255 64 64
77.14457703 155.02394104 453.99456787 255 64 64
77.14076233 155.03073120 453.98696899 255 64 64
77.14585876 155.02719116 453.98715210 255 64 64
65.65377045 210.18196106 446.27658081 255 64 64
65.65392303 210.17776489 446.27725220 255 64 64
65.64675903 210.17457581 446.27688599 255 64 64
65.65708160 210.17112732 446.28161621 255 64 64
70.75587463 225.56387329 411.37512207 255 64 64
70.75532532 225.56111145 411.36825562 255 64 64
70.75436401 225.55361938 411.36911011 255 64 64
70.76129913 225.54869080 411.37014771 255 64 64
132.57669067 206.60513306 441.90304565 255 64 64
132.57550049 206.59912109 441.90872192 255 64 64
132.57804871 206.60081482 441.90814209 255 64 64
132.58959961 206.59704590 441.91290283 255 64 64
111.57952118 169.26747131 465.71707153 255 64 64
111.57630920 169.26484680 465.72387695 255 64 64
111.56996155 169.27445984 465.71572876 255 64 64
111.57834625 169.27420044 465.72113037 255 64 64
130.72113037 164.42666626 459.33734131 255 64 64
130.71591187 164.42655945 459.34304810 255 64 64
130.71333313 164.43298340 459.33114624 255 64 64
130.72111511 164.43356323 459.33370972 255 64 64
107.36294556 186.72782898 474.09072876 255 64 64
107.36170197 186.72488403 474.10046387 255 64 64
107.35592651 186.73242188 474.08718872 255 64 64
107.36701965 186.73451233 474.09564209 255 64 64
92.09082031 156.47575378 474.94055176 255 64 64
92.08690643 156.47395325 474.93927002 255 64 64
92.08560181 156.46887207 474.93713379 255 64 64
92.09018707 156.47036743 474.93441772 255 64 64
132.10070801 184.98907471 378.87786865 255 64 64
132.08749390 184.99119568 378.88061523 255 64 64
132.09666443 184.99093628 378.86489868 255 64 64
132.09632874 184.98985291 378.86959839 255 64 64
91.09304047 141.51947021 423.37017822 255 64 64
91.08778381 141.51654053 423.36941528 255 64 64
91.09413147 141.52264404 423.36706543 255 64 64
91.09440613 141.51647949 423.36816406 255 64 64
113.34413910 148.81326294 397.91381836 255 64 64
113.33937073 148.81079102 397.91497803 255 64 64
113.34532928 148.81657410 397.90948486 255 64 64
113.34859467 148.81005859 397.91217041 255 64 64
160.38148499 145.75991821 441.23077393 255 64 64
160.37480164 145.75936890 441.23800659 255 64 64
160.38076782 145.75447083 441.23040771 255 64 64
160.38539124 145.75054932 441.23315430 255 64 64
129.58470154 135.99330139 413.54464722 255 64 64
129.57614136 135.99243164 413.54791260 255 64 64
129.58338928 135.99938965 413.54077148 255 64 64
129.58526611 135.99290466 413.54312134 255 64 64
67.21652222 176.15548706 454.08145142 255 64 64
67.21363831 176.15188599 454.07943726 255 64 64
67.20862579 176.15643311 454.07171631 255 64 64
67.21517181 176.15353394 454.07330322 255 64 64
147.23153687 189.82614136 385.21694946 255 64 64
147.21841431 189.83041382 385.22000122 255 64 64
147.22966003 189.83273315 385.21353149 255 64 64
147.22949219 189.83280945 385.21868896 255 64 64
136.54830933 119.42785645 443.50057983 255 64 64
136.53869629 119.42665100 443.50323486 255 64 64
136.54525757 119.42934418 443.49929810 255 64 64
136.54565430 119.42245483 443.49862671 255 64 64
118.73616791 126.24273682 467.74255371 255 64 64
118.72438049 126.24100494 467.74676514 255 64 64
118.72920990 126.23755646 467.74343872 255 64 64
118.72778320 126.23542023 467.74566650 255 64 64
88.75878906 164.24481201 399.34646606 255 64 64
88.75158691 164.24255371 399.34756470 255 64 64
88.76247406 164.24707031 399.33807373 255 64 64
88.76309204 164.24041748 399.34375000 255 64 64
116.15452576 127.08802795 423.95776367 255 64 64
116.14849854 127.08478546 423.96051025 255 64 64
116.15875244 127.08840942 423.95944214 255 64 64
116.16135406 127.08106995 423.96127319 255 64 64
120.66371155 161.13760376 389.68060303 255 64 64
120.65515137 161.13751221 389.68209839 255 64 64
120.66234589 161.13897705 389.67285156 255 64 64
120.66421509 161.13446045 389.67712402 255 64 64
120.93787384 199.24195862 371.82269287 255 64 64
120.92532349 199.24487305 371.82543945 255 64 64
120.93531799 199.24618530 371.80902100 255 64 64
120.93519592 199.24513245 371.81570435 255 64 64
92.68869019 132.74343872 454.92227173 255 64 64
92.68312073 132.74108887 454.91961670 255 64 64
92.68975830 132.74563599 454.91128540 255 64 64
92.69155121 132.74124146 454.90927124 255 64 64
146.42153931 126.91095734 428.47073364 255 64 64
146.41331482 126.90823364 428.47741699 255 64 64
146.41755676 126.90990448 428.47940063 255 64 64
146.41854858 126.90299225 428.48184204 255 64 64
146.96099854 165.23510742 400.05358887 255 64 64
146.94868469 165.23619080 400.05572510 255 64 64
146.96720886 165.23692322 400.05065918 255 64 64
146.96646118 165.23423767 400.05154419 255 64 64
95.55121613 216.66436768 376.23809814 255 64 64
95.54606628 216.66554260 376.24218750 255 64 64
95.55367279 216.66043091 376.22738647 255 64 64
95.55729675 216.65716553 376.23834229 255 64 64
102.54168701 131.56463623 422.97888184 255 64 64
102.53525543 131.56216431 422.98046875 255 64 64
102.54528809 131.56539917 422.97949219 255 64 64
102.54572296 131.55892944 422.98086548 255 64 64
71.65060425 181.92951965 436.02630615 255 64 64
71.64686584 181.92654419 436.02447510 255 64 64
71.64694977 181.92950439 436.02249146 255 64 64
71.65065765 181.92503357 436.02508545 255 64 64
104.63198853 176.67060852 381.80282593 255 64 64
104.62450409 176.67088318 381.80340576 255 64 64
104.62993622 176.67359924 381.78939819 255 64 64
104.63249969 176.66989136 381.79522705 255 64 64
81.09452820 155.96405029 429.35012817 255 64 64
81.08982086 155.96069336 429.34872437 255 64 64
81.09448242 155.96286011 429.34338379 255 64 64
81.09542847 155.95690918 429.34439087 255 64 64
62.72418213 199.90409851 459.90585327 255 64 64
62.72329712 199.90055847 459.90560913 255 64 64
62.72138977 199.89788818 459.90264893 255 64 64
62.73068237 199.89561462 459.90661621 255 64 64
70.66396332 205.81013489 414.89178467 255 64 64
70.66262817 205.80717468 414.88800049 255 64 64
70.66140747 205.80548096 414.89059448 255 64 64
70.66821289 205.80099487 414.89352417 255 64 64
78.91993713 198.59272766 395.70501709 255 64 64
78.91526031 198.59048462 395.70248413 255 64 64
78.92066193 198.58932495 395.70257568 255 64 64
78.92359161 198.58438110 395.70782471 255 64 64
118.07591248 174.40206909 382.04199219 255 64 64
118.06645203 174.40422058 382.04306030 255 64 64
118.07316589 174.40589905 382.02868652 255 64 64
118.07576752 174.40362549 382.03356934 255 64 64
165.24835205 165.93109131 409.38854980 255 64 64
165.24023438 165.92953491 409.39453125 255 64 64
165.24557495 165.92984009 409.39065552 255 64 64
165.24972534 165.92419434 409.39498901 255 64 64
74.98277283 179.27145386 414.72613525 255 64 64
74.97663879 179.26939392 414.72283936 255 64 64
74.98257446 179.27117920 414.71972656 255 64 64
74.98355865 179.26643372 414.72171021 255 64 64
165.07421875 148.35418701 417.27590942 255 64 64
165.06512451 148.35687256 417.28012085 255 64 64
165.07841492 148.35478210 417.27441406 255 64 64
165.08093262 148.35160828 417.27584839 255 64 64
79.92025757 210.89630127 389.98983765 255 64 64
79.91825867 210.89558411 389.98608398 255 64 64
79.92025757 210.89376831 389.98510742 255 64 64
79.92684937 210.88996887 389.98992920 255 64 64
144.03431702 141.43937683 450.97521973 255 64 64
144.02597046 141.43588257 450.98272705 255 64 64
144.02511597 141.43763733 450.97241211 255 64 64
144.02902222 141.43272400 450.97634888 255 64 64
104.58006287 140.69866943 468.42297363 255 64 64
104.57177734 140.69509888 468.42782593 255 64 64
104.57492828 140.69659424 468.42266846 255 64 64
104.57577515 140.69430542 468.42587280 255 64 64
107.72094727 122.97129822 453.40576172 255 64 64
107.71395874 122.96903992 453.40631104 255 64 64
107.71892548 122.97174835 453.40576172 255 64 64
107.72000122 122.96693420 453.40499878 255 64 64
141.63555908 150.07656860 408.38348389 255 64 64
141.62321472 150.07748413 408.38507080 255 64 64
141.63462830 150.08314514 408.37658691 255 64 64
141.63403320 150.08013916 408.37692261 255 64 64
101.87042236 189.63270569 378.62835693 255 64 64
101.86478424 189.63188171 378.63055420 255 64 64
101.86816406 189.63188171 378.61593628 255 64 64
101.87210846 189.62670898 378.62274170 255 64 64
76.75468445 151.55958557 473.26235962 255 64 64
76.75024414 151.55734253 473.26068115 255 64 64
76.74555969 151.55484009 473.25170898 255 64 64
76.74992371 151.55346680 473.25024414 255 64 64
99.73646545 141.53244019 409.66256714 255 64 64
99.73010254 141.52932739 409.66485596 255 64 64
99.74012756 141.53266907 409.66036987 255 64 64
99.74057007 141.52523804 409.66470337 255 64 64
149.39505005 179.21850586 392.76461792 255 64 64
149.38095093 179.22134399 392.76770020 255 64 64
149.39558411 179.22517395 392.75833130 255 64 64
149.39514160 179.22496033 392.76016235 255 64 64
146.64163208 166.94601440 455.73434448 255 64 64
146.63748169 166.94557190 455.74014282 255 64 64
146.63758850 166.95083618 455.72833252 255 64 64
146.64743042 166.95156860 455.73159790 255 64 64
116.16790771 138.08631897 464.56237793 255 64 64
116.16368103 138.08081055 464.57086182 255 64 64
116.16188049 138.08676147 464.56723022 255 64 64
116.16711426 138.08097839 464.57254028 255 64 64
157.21493530 156.93322754 445.63626099 255 64 64
157.20840454 156.93179321 445.64242554 255 64 64
157.20974731 156.93334961 445.63061523 255 64 64
157.21697998 156.92984009 445.63290405 255 64 64
84.74774170 168.62878418 481.85354614 255 64 64
84.74369812 168.63003540 481.85412598 255 64 64
84.74372864 168.62445068 481.84152222 255 64 64
84.74989319 168.62977600 481.84185791 255 64 64
104.35267639 157.15881348 467.48593140 255 64 64
104.34870911 157.15423584 467.49313354 255 64 64
104.34487915 157.16378784 467.48477173 255 64 64
104.35094452 157.16125488 467.49008179 255 64 64
68.40279388 197.59857178 432.79470825 255 64 64
68.39967346 197.59622192 432.79031372 255 64 64
68.39425659 197.59796143 432.78930664 255 64 64
68.39984894 197.59545898 432.78903198 255 64 64
101.20291901 201.32043457 376.51733398 255 64 64
101.19441223 201.32110596 376.51904297 255 64 64
101.20537567 201.31887817 376.50552368 255 64 64
101.20739746 201.31607056 376.51239014 255 64 64
131.01995850 159.27168274 395.20098877 255 64 64
131.00848389 159.27334595 395.20468140 255 64 64
131.01765442 159.27233887 395.19363403 255 64 64
131.01766968 159.26977539 395.19665527 255 64 64
64.23873138 187.18635559 457.33715820 255 64 64
64.23728943 187.18197632 457.33312988 255 64 64
64.23223114 187.18699646 457.33044434 255 64 64
64.23954010 187.18395996 457.33181763 255 64 64
92.29148865 136.26733398 442.58068848 255 64 64
92.28732300 136.26394653 442.57907104 255 64 64
92.29071808 136.26643372 442.57952881 255 64 64
92.29287720 136.26008606 442.57907104 255 64 64
75.79133606 173.68876648 428.72088623 255 64 64
75.78689575 173.68537903 428.71862793 255 64 64
75.79103088 173.69155884 428.71789551 255 64 64
75.79418945 173.68699646 428.71853638 255 64 64
83.04680634 178.20983887 397.88986206 255 64 64
83.04077148 178.20689392 397.88757324 255 64 64
83.04846191 178.20974731 397.88500977 255 64 64
83.04919434 178.20326233 397.88909912 255 64 64
143.04573059 122.08444977 452.63958740 255 64 64
143.03373718 122.08287048 452.64898682 255 64 64
143.04211426 122.08325958 452.63650513 255 64 64
143.04083252 122.07859802 452.64086914 255 64 64
65.90779877 179.27981567 473.89685059 255 64 64
65.90649414 179.27825928 473.89642334 255 64 64
65.89901733 179.27761841 473.88919067 255 64 64
65.90956116 179.27737427 473.89114380 255 64 64
75.39949799 220.94245911 398.67517090 255 64 64
75.40111542 220.93812561 398.67208862 255 64 64
75.39698029 220.93360901 398.67282104 255 64 64
75.40578461 220.92646790 398.67935181 255 64 64
131.92668152 153.28469849 459.33303833 255 64 64
131.91972351 153.28256226 459.33853149 255 64 64
131.91719055 153.28814697 459.33139038 255 64 64
131.92315674 153.28683472 459.33374023 255 64 64
119.61086273 122.29443359 434.91091919 255 64 64
119.60253906 122.29186249 434.91452026 255 64 64
119.61790466 122.29779053 434.91680908 255 64 64
119.61703491 122.29078674 434.91778564 255 64 64
158.29187012 130.93128967 432.17022705 255 64 64
158.27949524 130.93190002 432.17672729 255 64 64
158.29098511 130.93002319 432.16952515 255 64 64
158.29101562 130.92536926 432.17178345 255 64 64
95.96340942 168.33856201 390.86688232 255 64 64
95.96002197 168.33573914 390.86834717 255 64 64
95.96801758 168.34352112 390.85723877 255 64 64
95.97129822 168.33593750 390.86376953 255 64 64
102.54371643 150.78199768 398.91522217 255 64 64
102.53772736 150.77833557 398.91815186 255 64 64
102.54829407 150.78005981 398.90783691 255 64 64
102.54994202 150.77249146 398.91290283 255 64 64
91.29621124 134.26438904 467.12609863 255 64 64
91.29112244 134.26142883 467.12252808 255 64 64
91.29019928 134.26266479 467.11599731 255 64 64
91.29270935 134.25952148 467.11178589 255 64 64
154.66064453 145.35968018 413.93945312 255 64 64
154.65002441 145.35946655 413.94168091 255 64 64
154.65676880 145.36009216 413.94036865 255 64 64
154.65765381 145.35510254 413.94104004 255 64 64
72.70159912 159.47140503 464.12545776 255 64 64
72.69806671 159.46853638 464.12286377 255 64 64
72.69493866 159.47418213 464.11624146 255 64 64
72.70036316 159.47120667 464.11599731 255 64 64
82.61302185 145.68933105 454.30673218 255 64 64
82.60902405 145.68603516 454.30493164 255 64 64
82.61029053 145.68907166 454.29916382 255 64 64
82.61258698 145.68591309 454.29785156 255 64 64
76.21583557 158.18695068 440.17926025 255 64 64
76.21032715 158.18252563 440.17419434 255 64 64
76.21073914 158.18630981 440.17007446 255 64 64
76.21263123 158.18125916 440.16851807 255 64 64
154.40592957 133.45614624 422.52734375 255 64 64
154.39694214 133.45492554 422.53237915 255 64 64
154.40798950 133.45477295 422.53027344 255 64 64
154.40922546 133.44918823 422.53240967 255 64 64
106.87384033 177.28793335 469.82406616 255 64 64
106.87207794 177.28637695 469.82995605 255 64 64
106.86673737 177.29449463 469.81750488 255 64 64
106.87748718 177.29693604 469.82312012 255 64 64
119.07482147 138.56472778 407.25796509 255 64 64
119.06820679 138.56344604 407.25939941 255 64 64
119.07661438 138.57073975 407.25567627 255 64 64
119.07952881 138.56410217 407.25741577 255 64 64
126.56852722 207.36572266 369.56439209 255 64 64
126.55635834 207.36978149 369.56759644 255 64 64
126.56853485 207.36811829 369.55551147 255 64 64
126.56919861 207.36871338 369.56314087 255 64 64
129.32569885 128.30847168 461.95114136 255 64 64
129.31689453 128.30407715 461.95892334 255 64 64
129.31686401 128.30566406 461.95239258 255 64 64
129.31906128 128.30027771 461.95611572 255 64 64
95.38786316 143.52160645 471.41519165 255 64 64
95.38181305 143.52032471 471.41305542 255 64 64
95.38407898 143.51580811 471.40704346 255 64 64
95.38702393 143.51556396 471.40377808 255 64 64
91.94018555 187.62789917 384.31515503 255 64 64
91.93211365 187.62680054 384.31732178 255 64 64
91.94345093 187.62806702 384.30871582 255 64 64
91.94467163 187.62240601 384.31631470 255 64 64
119.14964294 159.49789429 460.65966797 255 64 64
119.14587402 159.49295044 460.66815186 255 64 64
119.13841248 159.50096130 460.65820312 255 64 64
119.14741516 159.49752808 460.66415405 255 64 64
86.83047485 151.31100464 422.60165405 255 64 64
86.82521057 151.30761719 422.60086060 255 64 64
86.83373260 151.31195068 422.60086060 255 64 64
86.83383179 151.30545044 422.60308838 255 64 64
76.46452332 163.04655457 482.26498413 255 64 64
76.46118927 163.04579163 482.26614380 255 64 64
76.46170044 163.04092407 482.24993896 255 64 64
76.46893311 163.04254150 482.25097656 255 64 64
128.44827271 193.45935059 374.80416870 255 64 64
128.43528748 193.46208191 374.80767822 255 64 64
128.44293213 193.46128845 374.79598999 255 64 64
128.44390869 193.46127319 374.80267334 255 64 64
109.08068085 124.63670349 435.63977051 255 64 64
109.07501984 124.63218689 435.64193726 255 64 64
109.07888031 124.63375854 435.64511108 255 64 64
109.07997894 124.62635040 435.64611816 255 64 64
137.81187439 157.82070923 403.57867432 255 64 64
137.79798889 157.82260132 403.58251953 255 64 64
137.81304932 157.82438660 403.57638550 255 64 64
137.80972290 157.82168579 403.57852173 255 64 64
122.86697388 143.99871826 460.55645752 255 64 64
122.85977173 143.99362183 460.56423950 255 64 64
122.85496521 144.00314331 460.55297852 255 64 64
122.86029816 143.99822998 460.55789185 255 64 64
70.44108582 166.99851990 453.78784180 255 64 64
70.43716431 166.99514771 453.78390503 255 64 64
70.43383789 167.00157166 453.78128052 255 64 64
70.43767548 166.99766541 453.78149414 255 64 64
139.00680542 132.44866943 455.85906982 255 64 64
138.99504089 132.44607544 455.86553955 255 64 64
138.99871826 132.44601440 455.85424805 255 64 64
138.99856567 132.44134521 455.85723877 255 64 64
119.53376007 176.16894531 463.76019287 255 64 64
119.53176880 176.16687012 463.76763916 255 64 64
119.52429962 176.17401123 463.75167847 255 64 64
119.53596497 176.17500305 463.75775146 255 64 64
96.00784302 158.37457275 397.29443359 255 64 64
96.00126648 158.37176514 397.29653931 255 64 64
96.01147461 158.37564087 397.28546143 255 64 64
96.01193237 158.36843872 397.29080200 255 64 64
102.06286621 166.07112122 469.75396729 255 64 64
102.06147766 166.06684875 469.76052856 255 64 64
102.05308533 166.07577515 469.75042725 255 64 64
102.06314087 166.07409668 469.75646973 255 64 64
114.68167877 184.12275696 468.74667358 255 64 64
114.68002319 184.12071228 468.75558472 255 64 64
114.67625427 184.12796021 468.73904419 255 64 64
114.68704224 184.12937927 468.74658203 255 64 64
140.59753418 170.89418030 461.69305420 255 64 64
140.59608459 170.89346313 461.69863892 255 64 64
140.59434509 170.89634705 461.68609619 255 64 64
140.60569763 170.89816284 461.68960571 255 64 64
132.73097229 143.51260376 408.95642090 255 64 64
132.72444153 143.51037598 408.95880127 255 64 64
132.72949219 143.51473999 408.95181274 255 64 64
132.73277283 143.50883484 408.95410156 255 64 64
75.67381287 197.59451294 404.32110596 255 64 64
75.67098236 197.59066772 404.32043457 255 64 64
75.67185974 197.59086609 404.31619263 255 64 64
75.67510223 197.58477783 404.32180786 255 64 64
127.47622681 117.89616394 444.39328003 255 64 64
127.46691132 117.89292908 444.39859009 255 64 64
127.47605133 117.89759827 444.39590454 255 64 64
127.47524261 117.89112854 444.39746094 255 64 64
70.50360107 216.39852905 411.83282471 255 64 64
70.50374603 216.39453125 411.82629395 255 64 64
70.50191498 216.39312744 411.82556152 255 64 64
70.51081848 216.38691711 411.82763672 255 64 64
67.52629089 172.23248291 468.27667236 255 64 64
67.52480316 172.22976685 468.27438354 255 64 64
67.51898193 172.23187256 468.26947021 255 64 64
67.52693939 172.22949219 468.27062988 255 64 64
158.50735474 136.87622070 440.37945557 255 64 64
158.49784851 136.87586975 440.39044189 255 64 64
158.49995422 136.87205505 440.37854004 255 64 64
158.50329590 136.86807251 440.38439941 255 64 64
136.25833130 179.48629761 464.02310181 255 64 64
136.25607300 179.48519897 464.03060913 255 64 64
136.25524902 179.48663330 464.01705933 255 64 64
136.26623535 179.48803711 464.02313232 255 64 64
82.00180054 156.86712646 478.45324707 255 64 64
81.99776459 156.86639404 478.45324707 255 64 64
81.99610901 156.86206055 478.44390869 255 64 64
82.00241089 156.86370850 478.44403076 255 64 64
85.94622803 157.80142212 411.74533081 255 64 64
85.94139862 157.79772949 411.74386597 255 64 64
85.94636536 157.80258179 411.73849487 255 64 64
85.94712067 157.79626465 411.74133301 255 64 64
91.74067688 209.67564392 380.61474609 255 64 64
91.73621368 209.67437744 380.61993408 255 64 64
91.74255371 209.67243958 380.60848999 255 64 64
91.74588013 209.66789246 380.61987305 255 64 64
64.99913025 201.77749634 449.57882690 255 64 64
64.99673462 201.77476501 449.57675171 255 64 64
64.99443054 201.77464294 449.57296753 255 64 64
65.00261688 201.77210999 449.57577515 255 64 64
128.62915039 121.61232758 434.81256104 255 64 64
128.62431335 121.60694885 434.81863403 255 64 64
128.62887573 121.60740662 434.82202148 255 64 64
128.63098145 121.59854126 434.82543945 255 64 64
80.00014496 164.82432556 426.36495972 255 64 64
79.99607849 164.82203674 426.36199951 255 64 64
79.99885559 164.82751465 426.35864258 255 64 64
80.00215149 164.82400513 426.35922241 255 64 64
66.60343170 203.93273926 439.82238770 255 64 64
66.60312653 203.92924500 439.82040405 255 64 64
66.59886169 203.92910767 439.82284546 255 64 64
66.60880280 203.92623901 439.82519531 255 64 64
92.67501068 137.04914856 431.05041504 255 64 64
92.67120361 137.04537964 431.04946899 255 64 64
92.67452240 137.05142212 431.04669189 255 64 64
92.67588043 137.04461670 431.04708862 255 64 64
65.55077362 180.58624268 463.27996826 255 64 64
65.54906464 180.58226013 463.27865601 255 64 64
65.54322052 180.58489990 463.27288818 255 64 64
65.55113220 180.58265686 463.27548218 255 64 64
74.55733490 191.30259705 410.50030518 255 64 64
74.55332184 191.29977417 410.49777222 255 64 64
74.55620575 191.30145264 410.49749756 255 64 64
74.55952454 191.29544067 410.50201416 255 64 64
140.68064880 193.46673584 380.58895874 255 64 64
140.66685486 193.47079468 380.59399414 255 64 64
140.68235779 193.47077942 380.58288574 255 64 64
140.68064880 193.47186279 380.59027100 255 64 64
78.23013306 149.77111816 460.90322876 255 64 64
78.22804260 149.76766968 460.90185547 255 64 64
78.22341919 149.77188110 460.89718628 255 64 64
78.22850800 149.76924133 460.89831543 255 64 64
123.60153198 131.18714905 417.56103516 255 64 64
123.59510803 131.18486023 417.56359863 255 64 64
123.59668732 131.19320679 417.55862427 255 64 64
123.60019684 131.18630981 417.55987549 255 64 64
86.98147583 141.69784546 447.98489380 255 64 64
86.97765350 141.69430542 447.98223877 255 64 64
86.98123169 141.69839478 447.98056030 255 64 64
86.98413849 141.69429016 447.98007202 255 64 64
65.02275848 213.43092346 438.27804565 255 64 64
65.02077484 213.42768860 438.27648926 255 64 64
65.01738739 213.42312622 438.27828979 255 64 64
65.02497101 213.42008972 438.28167725 255 64 64
122.64292908 209.22946167 434.22872925 255 64 64
122.64314270 209.22802734 434.22543335 255 64 64
122.63823700 209.23318481 434.22482300 255 64 64
122.65431976 209.23281860 434.22314453 255 64 64
112.15404510 121.77292633 460.72171021 255 64 64
112.14775085 121.76816559 460.72415161 255 64 64
112.14970398 121.77013397 460.72406006 255 64 64
112.15034485 121.76448059 460.72473145 255 64 64
139.72546387 123.81182861 432.83160400 255 64 64
139.72013855 123.80734253 432.83618164 255 64 64
139.72277832 123.80843353 432.83685303 255 64 64
139.72607422 123.79916382 432.83740234 255 64 64
81.22397614 149.12197876 446.60882568 255 64 64
81.22006989 149.11947632 446.60815430 255 64 64
81.22165680 149.12246704 446.60446167 255 64 64
81.22447205 149.11825562 446.60488892 255 64 64
137.41726685 124.51644135 458.55615234 255 64 64
137.40559387 124.51496887 458.56393433 255 64 64
137.41288757 124.51351929 458.55490112 255 64 64
137.41329956 124.50949860 458.55752563 255 64 64
101.14224243 127.40108490 446.51776123 255 64 64
101.13770294 127.39875031 446.51702881 255 64 64
101.13967896 127.40413666 446.51727295 255 64 64
101.14292908 127.39807892 446.51663208 255 64 64
112.68506622 199.17623901 373.84356689 255 64 64
112.67558289 199.17691040 373.84930420 255 64 64
112.68418121 199.17861938 373.83627319 255 64 64
112.68547821 199.17877197 373.84548950 255 64 64
150.52635193 145.27667236 447.10134888 255 64 64
150.52014160 145.27381897 447.10739136 255 64 64
150.52066040 145.27706909 447.09799194 255 64 64
150.52664185 145.27200317 447.09994507 255 64 64
146.05671692 129.80000305 450.89416504 255 64 64
146.04409790 129.79914856 450.90368652 255 64 64
146.05360413 129.79733276 450.89407349 255 64 64
146.05221558 129.79327393 450.89770508 255 64 64
80.47610474 190.22038269 395.99124146 255 64 64
80.46989441 190.21890259 395.98944092 255 64 64
80.47560120 190.21957397 395.98489380 255 64 64
80.47747803 190.21434021 395.99075317 255 64 64
79.79850006 175.82635498 405.29019165 255 64 64
79.79248047 175.82331848 405.28930664 255 64 64
79.79962158 175.82383728 405.28713989 255 64 64
79.80052185 175.81790161 405.29092407 255 64 64
122.57022858 168.12960815 385.33981323 255 64 64
122.56205750 168.13159180 385.33975220 255 64 64
122.56837463 168.13639832 385.32891846 255 64 64
122.57174683 168.13430786 385.33145142 255 64 64
82.58010864 203.08044434 388.85824585 255 64 64
82.57568359 203.07852173 388.85720825 255 64 64
82.58000946 203.07546997 388.84942627 255 64 64
82.58409119 203.07102966 388.85559082 255 64 64
103.02052307 169.46420288 386.58483887 255 64 64
103.01152039 169.46389771 386.58627319 255 64 64
103.02336121 169.46612549 386.57409668 255 64 64
103.02346802 169.46090698 386.58026123 255 64 64
144.83250427 171.23727417 392.01635742 255 64 64
144.82118225 171.23869324 392.01748657 255 64 64
144.83158875 171.24070740 392.00668335 255 64 64
144.83352661 171.23852539 392.00814819 255 64 64
68.95168304 179.32675171 443.39733887 255 64 64
68.94832611 179.32266235 443.39355469 255 64 64
68.95205688 179.32696533 443.39224243 255 64 64
68.95711517 179.32312012 443.39297485 255 64 64
108.47373199 131.13525391 469.96963501 255 64 64
108.46114349 131.13348389 469.97366333 255 64 64
108.47209167 131.13354492 469.96261597 255 64 64
108.46959686 131.13137817 469.96377563 255 64 64
86.11039734 192.32633972 387.80438232 255 64 64
86.10476685 192.32550049 387.80422974 255 64 64
86.11431885 192.32827759 387.80136108 255 64 64
86.11630249 192.32308960 387.80749512 255 64 64
122.64217377 118.38465118 460.67401123 255 64 64
122.63151550 118.38246155 460.67898560 255 64 64
122.64024353 118.38542175 460.67111206 255 64 64
122.63842773 118.38021088 460.67147827 255 64 64
130.87126160 173.81648254 385.49072266 255 64 64
130.86004639 173.81800842 385.49282837 255 64 64
130.86991882 173.82031250 385.48107910 255 64 64
130.87171936 173.81767273 385.48559570 255 64 64
97.56472778 181.70132446 478.79443359 255 64 64
97.55575562 181.70143127 478.79714966 255 64 64
97.56163025 181.70043945 478.79434204 255 64 64
97.56401825 181.70626831 478.79489136 255 64 64
138.69461060 184.85276794 383.55499268 255 64 64
138.68173218 184.85635376 383.55999756 255 64 64
138.69067383 184.85888672 383.55041504 255 64 64
138.69091797 184.85928345 383.55648804 255 64 64
120.82612610 154.42965698 394.14898682 255 64 64
120.81777191 154.42922974 394.14907837 255 64 64
120.82534790 154.43203735 394.14010620 255 64 64
120.82729340 154.42668152 394.14196777 255 64 64
66.30178070 219.99017334 425.56237793 255 64 64
66.30171204 219.98796082 425.55786133 255 64 64
66.29721069 219.98071289 425.55905151 255 64 64
66.30517578 219.97743225 425.56173706 255 64 64
106.43109131 144.95202637 402.88253784 255 64 64
106.42491913 144.94918823 402.88427734 255 64 64
106.43671417 144.95172119 402.87973022 255 64 64
106.43742371 144.94287109 402.88388062 255 64 64
146.29167175 132.44924927 422.53900146 255 64 64
146.28053284 132.44862366 422.54455566 255 64 64
146.28610229 132.45207214 422.54016113 255 64 64
146.28654480 132.44706726 422.54309082 255 64 64
73.71485901 181.13365173 426.58789062 255 64 64
73.71074677 181.13076782 426.58505249 255 64 64
73.71083832 181.13317871 426.58520508 255 64 64
73.71516418 181.12863159 426.58554077 255 64 64
155.08180237 184.71978760 393.61730957 255 64 64
155.07005310 184.72216797 393.62100220 255 64 64
155.08139038 184.72288513 393.61944580 255 64 64
155.08268738 184.72154236 393.62188721 255 64 64
138.96784973 129.14419556 425.35501099 255 64 64
138.95938110 129.14228821 425.36169434 255 64 64
138.96153259 129.14416504 425.35894775 255 64 64
138.96284485 129.13790894 425.36273193 255 64 64
130.57499695 165.88237000 388.78713989 255 64 64
130.56483459 165.88442993 388.78955078 255 64 64
130.57771301 165.88909912 388.78176880 255 64 64
130.57818604 165.88612366 388.78622437 255 64 64
123.49436188 143.88644409 403.49899292 255 64 64
123.48606873 143.88583374 403.50329590 255 64 64
123.49723053 143.89276123 403.50027466 255 64 64
123.49806976 143.88755798 403.50415039 255 64 64
98.31253052 147.72586060 405.03033447 255 64 64
98.30632019 147.72204590 405.03182983 255 64 64
98.31640625 147.72500610 405.02764893 255 64 64
98.31696320 147.71612549 405.03192139 255 64 64
72.43452454 198.25791931 413.63391113 255 64 64
72.43157196 198.25430298 413.63125610 255 64 64
72.43109894 198.25607300 413.63040161 255 64 64
72.43546295 198.25086975 413.63442993 255 64 64
98.89172363 136.30889893 417.91076660 255 64 64
98.88400269 136.30624390 417.91125488 255 64 64
98.89618683 136.30934143 417.90911865 255 64 64
98.89497375 136.30166626 417.91146851 255 64 64
85.97438049 182.66998291 392.14865112 255 64 64
85.96771240 182.66921997 392.14724731 255 64 64
85.97442627 182.67147827 392.14144897 255 64 64
85.97691345 182.66635132 392.14819336 255 64 64
138.83316040 153.37100220 454.48345947 255 64 64
138.82829285 153.36685181 454.48934937 255 64 64
138.82376099 153.37400818 454.47930908 255 64 64
138.83210754 153.37002563 454.48254395 255 64 64
84.65898895 140.56835938 459.82986450 255 64 64
84.65366364 140.56608582 459.82690430 255 64 64
84.65219116 140.57048035 459.81829834 255 64 64
84.65466309 140.56765747 459.81588745 255 64 64
126.47770691 173.60745239 461.34790039 255 64 64
126.47425842 173.60580444 461.35580444 255 64 64
126.46981812 173.61083984 461.34100342 255 64 64
126.48035431 173.61112976 461.34622192 255 64 64
97.28656006 134.69223022 472.02935791 255 64 64
97.27764130 134.68859863 472.03033447 255 64 64
97.28688812 134.69253540 472.01968384 255 64 64
97.28692627 134.68934631 472.01840210 255 64 64
118.32260895 168.76086426 462.01812744 255 64 64
118.32092285 168.75836182 462.02386475 255 64 64
118.31273651 168.76383972 462.01473999 255 64 64
118.32258606 168.76333618 462.01910400 255 64 64
137.34271240 163.55360413 394.25762939 255 64 64
137.33169556 163.55493164 394.25973511 255 64 64
137.34609985 163.55776978 394.24966431 255 64 64
137.34591675 163.55482483 394.25225830 255 64 64
92.06893158 164.13235474 475.69424438 255 64 64
92.06704712 164.13211060 475.69305420 255 64 64
92.06187439 164.12884521 475.68310547 255 64 64
92.06977844 164.13194275 475.68023682 255 64 64
140.29650879 176.68730164 387.19744873 255 64 64
140.28401184 176.68968201 387.19879150 255 64 64
140.29470825 176.69351196 387.18637085 255 64 64
140.29658508 176.69293213 387.18817139 255 64 64
106.73250580 183.29891968 378.64285278 255 64 64
106.72401428 183.29815674 378.64691162 255 64 64
106.73223877 183.29888916 378.62609863 255 64 64
106.73431396 183.29360962 378.63427734 255 64 64
66.99862671 205.57261658 424.55657959 255 64 64
66.99516296 205.56933594 424.55133057 255 64 64
66.99369812 205.56582642 424.54949951 255 64 64
66.99903870 205.56137085 424.55068970 255 64 64
140.13700867 163.96502686 458.31488037 255 64 64
140.13459778 163.96348572 458.31939697 255 64 64
140.13487244 163.97116089 458.30996704 255 64 64
140.14524841 163.97138977 458.31192017 255 64 64
122.14693451 151.49618530 459.74114990 255 64 64
122.14106750 151.49098206 459.74813843 255 64 64
122.13635254 151.49917603 459.73843384 255 64 64
122.14346313 151.49533081 459.74368286 255 64 64
83.39009857 166.00894165 404.38864136 255 64 64
83.38245392 166.00561523 404.38766479 255 64 64
83.39326477 166.00938416 404.38626099 255 64 64
83.39292145 166.00334167 404.39016724 255 64 64
134.52043152 134.02513123 418.92776489 255 64 64
134.51071167 134.02444458 418.93093872 255 64 64
134.52130127 134.02847290 418.93283081 255 64 64
134.52085876 134.02314758 418.93371582 255 64 64
69.97405243 166.46423340 463.40130615 255 64 64
69.97099304 166.45964050 463.39932251 255 64 64
69.96544647 166.46572876 463.38796997 255 64 64
69.97103882 166.46249390 463.38934326 255 64 64
115.76159668 204.90267944 370.06237793 255 64 64
115.74890900 204.90682983 370.06552124 255 64 64
115.75962067 204.90350342 370.04885864 255 64 64
115.75886536 204.90237427 370.05773926 255 64 64
153.32594299 166.46060181 403.87069702 255 64 64
153.30914307 166.46249390 403.87393188 255 64 64
153.32655334 166.46504211 403.86288452 255 64 64
153.32327271 166.46305847 403.86492920 255 64 64
87.17929077 217.06333923 383.10754395 255 64 64
87.17834473 217.06198120 383.10678101 255 64 64
87.18090820 217.05824280 383.10244751 255 64 64
87.18727875 217.05351257 383.10968018 255 64 64
97.34770203 180.35189819 383.44799805 255 64 64
97.34178925 180.35183716 383.44909668 255 64 64
97.34416199 180.35038757 383.43392944 255 64 64
97.34667969 180.34494019 383.44018555 255 64 64
82.51878357 146.35609436 474.24462891 255 64 64
82.51419067 146.35461426 474.24395752 255 64 64
82.51074219 146.35459900 474.23007202 255 64 64
82.51570892 146.35333252 474.22955322 255 64 64
108.23404694 126.68610382 428.54553223 255 64 64
108.22859955 126.68258667 428.54653931 255 64 64
108.24016571 126.68635559 428.54888916 255 64 64
108.24121857 126.67823029 428.55004883 255 64 64
97.87545776 154.32620239 470.83932495 255 64 64
97.87081909 154.32374573 470.83978271 255 64 64
97.87312317 154.32450867 470.83514404 255 64 64
97.87687683 154.32461548 470.83480835 255 64 64
148.34706116 122.74559784 439.56945801 255 64 64
148.33370972 122.74568176 439.57748413 255 64 64
148.34483337 122.74584961 439.57098389 255 64 64
148.34246826 122.74127960 439.57412720 255 64 64
162.55760193 159.14999390 410.36538696 255 64 64
162.54788208 159.15023804 410.36993408 255 64 64
162.55891418 159.15191650 410.36495972 255 64 64
162.56156921 159.14868164 410.36831665 255 64 64
150.49409485 172.13835144 396.62399292 255 64 64
150.47969055 172.14120483 396.62573242 255 64 64
150.49050903 172.14230347 396.61761475 255 64 64
150.48915100 172.14051819 396.61853027 255 64 64
115.98995972 131.90646362 415.28063965 255 64 64
115.98262787 131.90447998 415.28292847 255 64 64
115.99143219 131.90921021 415.27593994 255 64 64
115.99186707 131.90112305 415.27850342 255 64 64
152.17941284 125.26277924 432.68099976 255 64 64
152.16902161 125.26258087 432.68734741 255 64 64
152.18048096 125.26113129 432.68084717 255 64 64
152.17985535 125.25523376 432.68246460 255 64 64
100.69465637 208.41726685 374.80731201 255 64 64
100.68759155 208.41842651 374.81103516 255 64 64
100.69053650 208.41836548 374.79037476 255 64 64
100.69369507 208.41545105 374.80020142 255 64 64
105.76818085 195.42453003 376.51998901 255 64 64
105.75875854 195.42532349 376.52301025 255 64 64
105.76393890 195.42654419 376.50708008 255 64 64
105.76625061 195.42362976 376.51528931 255 64 64
115.75804901 165.58566284 385.93792725 255 64 64
115.74644470 165.58686829 385.94055176 255 64 64
115.75669861 165.59149170 385.92742920 255 64 64
115.75560760 165.58764648 385.93322754 255 64 64
104.87780762 124.53717804 459.90856934 255 64 64
104.87152863 124.53424835 459.90823364 255 64 64
104.87404633 124.53713226 459.89944458 255 64 64
104.87622833 124.53227997 459.89700317 255 64 64
111.23324585 124.37703705 467.39068604 255 64 64
111.22441101 124.37332916 467.39389038 255 64 64
111.22499084 124.37110901 467.39050293 255 64 64
111.22416687 124.36667633 467.39086914 255 64 64
163.17237854 176.19314575 404.33798218 255 64 64
163.16149902 176.19383240 404.34329224 255 64 64
163.17291260 176.19314575 404.34063721 255 64 64
163.17504883 176.19033813 404.34439087 255 64 64
119.97315979 118.02333832 452.16921997 255 64 64
119.96704102 118.01844025 452.17251587 255 64 64
119.97055054 118.01658630 452.17092896 255 64 64
119.97219849 118.00918579 452.17156982 255 64 64
139.24729919 145.60040283 454.29626465 255 64 64
139.24211121 145.59757996 454.30102539 255 64 64
139.23942566 145.60696411 454.29269409 255 64 64
139.24691772 145.60302734 454.29455566 255 64 64
97.53540039 131.84652710 431.65213013 255 64 64
97.52906799 131.84323120 431.65213013 255 64 64
97.53836060 131.84457397 431.64910889 255 64 64
97.53922272 131.83802795 431.65005493 255 64 64
140.72067261 140.52239990 414.53112793 255 64 64
140.70941162 140.52319336 414.53408813 255 64 64
140.72039795 140.52725220 414.53057861 255 64 64
140.72113037 140.52236938 414.53204346 255 64 64
78.76846313 147.46173096 467.61248779 255 64 64
78.76399231 147.45864868 467.61035156 255 64 64
78.75858307 147.46154785 467.59713745 255 64 64
78.76309204 147.45944214 467.59606934 255 64 64
159.90713501 168.78588867 405.71319580 255 64 64
159.89599609 168.78610229 405.71978760 255 64 64
159.90710449 168.78837585 405.71218872 255 64 64
159.90824890 168.78570557 405.71652222 255 64 64
77.46706390 173.05000305 420.76339722 255 64 64
77.46135712 173.04841614 420.76043701 255 64 64
77.46556091 173.05041504 420.76013184 255 64 64
77.46707153 173.04595947 420.76077271 255 64 64
160.10142517 152.70587158 411.99142456 255 64 64
160.09120178 152.70712280 411.99606323 255 64 64
160.10133362 152.70767212 411.99041748 255 64 64
160.10350037 152.70458984 411.99298096 255 64 64
71.70337677 174.88916016 437.90350342 255 64 64
71.70027924 174.88580322 437.89837646 255 64 64
71.69754791 174.89086914 437.89288330 255 64 64
71.70254517 174.88671875 437.89224243 255 64 64
123.01615143 126.44584656 425.60577393 255 64 64
123.00884247 126.44262695 425.60836792 255 64 64
123.01394653 126.44817352 425.60446167 255 64 64
123.01574707 126.43978882 425.60635376 255 64 64
81.24321747 150.79354858 434.18374634 255 64 64
81.23920441 150.79058838 434.18057251 255 64 64
81.24174500 150.79635620 434.18197632 255 64 64
81.24431610 150.79244995 434.18234253 255 64 64
92.12336731 155.49679565 403.22821045 255 64 64
92.11630249 155.49400330 403.22711182 255 64 64
92.12361145 155.49700928 403.21737671 255 64 64
92.12446594 155.49002075 403.22106934 255 64 64
73.23480225 161.31365967 450.75213623 255 64 64
73.23178864 161.31039429 450.75109863 255 64 64
73.23017883 161.31579590 450.74212646 255 64 64
73.23449707 161.31271362 450.74389648 255 64 64
101.46150208 173.51670837 472.16598511 255 64 64
101.46080017 173.51329041 472.17205811 255 64 64
101.45384216 173.51762390 472.16094971 255 64 64
101.46535492 173.51733398 472.16653442 255 64 64
153.69024658 161.87783813 449.09542847 255 64 64
153.68730164 161.87709045 449.10006714 255 64 64
153.68672180 161.88214111 449.09158325 255 64 64
153.69702148 161.88102722 449.09240723 255 64 64
109.23610687 146.81163025 465.63485718 255 64 64
109.23126984 146.80662537 465.64233398 255 64 64
109.22579956 146.80899048 465.63659668 255 64 64
109.23105621 146.80563354 465.64221191 255 64 64
134.00296021 204.00323486 371.97393799 255 64 64
133.98968506 204.00787354 371.97601318 255 64 64
134.00054932 204.00248718 371.96759033 255 64 64
133.99975586 204.00373840 371.97354126 255 64 64
75.80517578 163.23115540 435.48117065 255 64 64
75.80110168 163.22705078 435.47784424 255 64 64
75.80201721 163.23004150 435.47134399 255 64 64
75.80398560 163.22518921 435.47158813 255 64 64
67.99453735 172.74432373 461.29882812 255 64 64
67.99193573 172.74105835 461.29675293 255 64 64
67.98642731 172.74484253 461.28887939 255 64 64
67.99254608 172.74156189 461.29116821 255 64 64
65.99098206 185.59814453 448.75717163 255 64 64
65.98701477 185.59432983 448.75369263 255 64 64
65.98444366 185.59939575 448.74536133 255 64 64
65.99034882 185.59503174 448.74694824 255 64 64
114.97544861 179.86946106 379.31063843 255 64 64
114.96414185 179.87234497 379.31393433 255 64 64
114.97589874 179.87339783 379.30090332 255 64 64
114.97598267 179.87094116 379.30838013 255 64 64
154.88807678 138.87507629 418.38818359 255 64 64
154.87710571 138.87490845 418.39215088 255 64 64
154.88539124 138.87591553 418.39111328 255 64 64
154.88653564 138.87124634 418.39257812 255 64 64
121.78443909 184.76116943 466.96456909 255 64 64
121.78388977 184.76043701 466.97448730 255 64 64
121.77848816 184.76330566 466.96203613 255 64 64
121.79155731 184.76544189 466.96990967 255 64 64
121.01860809 186.57852173 376.49035645 255 64 64
121.00614929 186.58143616 376.49261475 255 64 64
121.01789856 186.58071899 376.48117065 255 64 64
121.01837158 186.57894897 376.48632812 255 64 64
90.31896973 171.19274902 393.41757202 255 64 64
90.31165314 171.19026184 393.41766357 255 64 64
90.32463074 171.19136047 393.41339111 255 64 64
90.32406616 171.18475342 393.41860962 255 64 64
120.71422577 214.09301758 439.00299072 255 64 64
120.71167755 214.08947754 439.00247192 255 64 64
120.71309662 214.09643555 439.00723267 255 64 64
120.72470856 214.09504700 439.00732422 255 64 64
80.34069824 167.57319641 410.25048828 255 64 64
80.33319092 167.57083130 410.24923706 255 64 64
80.33885956 167.57299805 410.24761963 255 64 64
80.33891296 167.56700134 410.25167847 255 64 64
122.45265961 136.62454224 462.53967285 255 64 64
122.44796753 136.61837769 462.54785156 255 64 64
122.44013977 136.62518311 462.53713989 255 64 64
122.44610596 136.61894226 462.54190063 255 64 64
126.33044434 209.13607788 441.52957153 255 64 64
126.32753754 209.13330078 441.53259277 255 64 64
126.33013916 209.13491821 441.53253174 255 64 64
126.34070587 209.13386536 441.53497314 255 64 64
86.39353943 208.41247559 384.52279663 255 64 64
86.38755035 208.41258240 384.52218628 255 64 64
86.39390564 208.41018677 384.51495361 255 64 64
86.39743042 208.40618896 384.52227783 255 64 64
89.00105286 150.53381348 474.20281982 255 64 64
88.99653625 150.53326416 474.20172119 255 64 64
88.99864960 150.53416443 474.19134521 255 64 64
89.00405884 150.53503418 474.18957520 255 64 64
112.89221954 159.56214905 463.15798950 255 64 64
112.88905334 159.55801392 463.16674805 255 64 64
112.88332367 159.56683350 463.15371704 255 64 64
112.89154053 159.56491089 463.16107178 255 64 64
115.21371460 192.99386597 375.85183716 255 64 64
115.20056152 192.99566650 375.85595703 255 64 64
115.21096802 192.99723816 375.83694458 255 64 64
115.21051788 192.99478149 375.84509277 255 64 64
87.15954590 159.56753540 405.13360596 255 64 64
87.15306091 159.56459045 405.13195801 255 64 64
87.15982056 159.56965637 405.12432861 255 64 64
87.15986633 159.56222534 405.12731934 255 64 64
145.12774658 183.88600159 387.46728516 255 64 64
145.11450195 183.89064026 387.46832275 255 64 64
145.12350464 183.89450073 387.46023560 255 64 64
145.12477112 183.89564514 387.46209717 255 64 64
85.00246429 148.18290710 428.21765137 255 64 64
84.99726105 148.17874146 428.21566772 255 64 64
85.00273895 148.18122864 428.21334839 255 64 64
85.00375366 148.17507935 428.21398926 255 64 64
112.09426880 154.02253723 393.99404907 255 64 64
112.08534241 154.02177429 393.99749756 255 64 64
112.09883118 154.02627563 393.98529053 255 64 64
112.10013580 154.02020264 393.99105835 255 64 64
224.56027222 311.05767822 432.66137695 64 255 128
91.28666687 134.26615906 467.11914062 64 255 128
77.58486938 285.28054810 465.90066528 64 255 128
142.80064392 216.33302307 373.15606689 64 255 128
198.87199402 215.36099243 462.84698486 64 255 128
68.67140198 208.56971741 419.95986938 64 255 128
166.19999695 143.86900330 421.44598389 64 255 128
69.74648285 208.11726379 509.98913574 64 255 128
140.25843811 299.76962280 404.76882935 64 255 128
159.53012085 298.13357544 484.94720459 64 255 128
128.08639526 195.88861084 471.93695068 64 255 128
105.48223114 157.13003540 393.05953979 64 255 128
190.30499268 257.90499878 408.68197632 64 255 128
93.16442871 256.54138184 383.95162964 64 255 128
245.92300415 234.48100281 422.30401611 64 255 128
137.28807068 252.93000793 448.47088623 64 255 128
171.27799988 197.52999878 419.48501587 64 255 128
99.37876129 240.97698975 483.28793335 64 255 128
65.55382538 180.58502197 463.27371216 64 255 128
121.89066315 309.69686890 450.19723511 64 255 128
198.91299438 273.23300171 455.62802124 64 255 128
123.83262634 122.75251770 433.08193970 64 255 128
94.01449585 204.92922974 379.57885742 64 255 128
174.49383545 316.04577637 438.79568481 64 255 128
70.06697845 255.56674194 428.23138428 64 255 128
151.31561279 260.81680298 386.64828491 64 255 128
122.42035675 211.00831604 428.46218872 64 255 128
95.55081940 293.46154785 415.93695068 64 255 128
81.09697723 155.96919250 429.34378052 64 255 128
64.32682800 224.73493958 461.64770508 64 255 128
142.12899780 159.29399109 454.18499756 64 255 128
144.82836914 171.24621582 392.00814819 64 255 128
205.49101257 220.81300354 419.17602539 64 255 128
229.64799500 273.44400024 418.46798706 64 255 128
160.38999939 211.37699890 457.51898193 64 255 128
193.83639526 297.04537964 413.85028076 64 255 128
114.47343445 275.87396240 468.03845215 64 255 128
92.82958984 188.95156860 487.59594727 64 255 128
171.27600098 227.94599915 397.98699951 64 255 128
201.76559448 310.23834229 463.47946167 64 255 128
216.38015747 243.61795044 445.36367798 64 255 128
176.50672913 247.00706482 463.79928589 64 255 128
107.03643799 165.50514221 466.78698730 64 255 128
80.56307220 181.16418457 401.44799805 64 255 128
114.03316498 234.49865723 368.18603516 64 255 128
196.66099548 189.11700439 440.92102051 64 255 128
132.72840881 143.51969910 408.95016479 64 255 128
72.61117554 241.08712769 503.66925049 64 255 128
121.01531982 186.59262085 376.48327637 64 255 128
122.97621155 276.11917114 387.65267944 64 255 128
122.14005280 120.02494812 465.18054199 64 255 128
156.17976379 276.23696899 461.07525635 64 255 128
73.96760559 236.20780945 402.54904175 64 255 128
124.95077515 230.47488403 465.72488403 64 255 128
166.93598938 180.54200745 450.06399536 64 255 128
68.81037903 253.75845337 474.16897583 64 255 128
167.14666748 284.41897583 402.18365479 64 255 128
127.27220154 302.09643555 480.27484131 64 255 128
151.11700439 127.45499420 444.49899292 64 255 128
158.33381653 199.72709656 392.02587891 64 255 128
144.39968872 315.79626465 432.36318970 64 255 128
98.89193726 136.31364441 417.90582275 64 255 128
76.54550934 157.71952820 479.16448975 64 255 128
93.14730072 304.07913208 447.93173218 64 255 128
216.15100098 248.52799988 416.29299927 64 255 128
71.64903259 181.93217468 436.01562500 64 255 128
152.01696777 235.05314636 435.61135864 64 255 128
80.02859497 281.48703003 436.53448486 64 255 128
176.88299561 170.06100464 420.74002075 64 255 128
63.98455811 203.02787781 479.82275391 64 255 128
91.63396454 217.24296570 495.86083984 64 255 128
154.33885193 309.48657227 460.12222290 64 255 128
83.01460266 270.65164185 406.00411987 64 255 128
152.34437561 270.42727661 436.04565430 64 255 128
106.77601624 252.19273376 458.59497070 64 255 128
118.38436127 307.95904541 419.43612671 64 255 128
99.42977142 299.35556030 473.30157471 64 255 128
213.52375793 287.83218384 440.08233643 64 255 128
166.46139526 307.86956787 412.92892456 64 255 128
63.41017914 229.00312805 435.97967529 64 255 128
198.93582153 317.56039429 428.48556519 64 255 128
98.80957031 130.20445251 443.16592407 64 255 128
176.02487183 292.85351562 465.43325806 64 255 128
69.69393158 183.19711304 496.90197754 64 255 128
77.14443970 155.03424072 453.98892212 64 255 128
90.53652191 230.62855530 378.06765747 64 255 128
65.00503540 201.77592468 449.56900024 64 255 128
111.05346680 217.07691956 480.76446533 64 255 128
122.85620117 144.00695801 460.56063843 64 255 128
179.17700195 206.70899963 442.31701660 64 255 128
130.98605347 228.45576477 443.77523804 64 255 128
97.34503937 180.35871887 383.43869019 64 255 128
153.26148987 237.27949524 383.83166504 64 255 128
233.86997986 253.67536926 431.94735718 64 255 128
119.66048431 210.72145081 367.37734985 64 255 128
84.53779602 260.61828613 491.53488159 64 255 128
126.56105804 253.63131714 378.36526489 64 255 128
69.54453278 266.90982056 452.62048340 64 255 128
205.83300781 275.20001221 413.60198975 64 255 128
77.33209229 210.00827026 395.37612915 64 255 128
158.59800720 162.66299438 406.31298828 64 255 128
65.76739502 225.04949951 487.45172119 64 255 128
167.50817871 252.86192322 400.42056274 64 255 128
89.19572449 264.92224121 468.65231323 64 255 128
102.59026337 281.47009277 397.01077271 64 255 128
162.44601440 158.72601318 442.74700928 64 255 128
196.20600891 199.03599548 419.82998657 64 255 128
147.89601135 180.21299744 465.59301758 64 255 128
207.64183044 214.03031921 441.63943481 64 255 128
225.71267700 226.31027222 433.56219482 64 255 128
146.28399658 132.46099854 422.53698730 64 255 128
219.41000366 293.61001587 418.70901489 64 255 128
190.87500000 234.35800171 408.56701660 64 255 128
87.16164398 159.57182312 405.12503052 64 255 128
216.18037415 265.55142212 441.47787476 64 255 128
138.33712769 203.59161377 449.16586304 64 255 128
62.58062363 245.83993530 449.71530151 64 255 128
144.44104004 282.35482788 393.17987061 64 255 128
144.65202332 209.47531128 471.45526123 64 255 128
182.22399902 215.55000305 415.04998779 64 255 128
178.14399719 223.86300659 463.80999756 64 255 128
198.77099609 237.95401001 455.91000366 64 255 128
140.67745972 193.47912598 380.58325195 64 255 128
167.30599976 183.07800293 404.36102295 64 255 128
125.75685883 159.67730713 392.02108765 64 255 128
137.06819153 285.20874023 472.22119141 64 255 128
185.82800293 279.10800171 408.30697632 64 255 128
114.17855072 140.65686035 404.98214722 64 255 128
118.32278442 295.99441528 402.44659424 64 255 128
178.10255432 312.31732178 459.46081543 64 255 128
107.36496735 186.73544312 474.09335327 64 255 128
135.22096252 235.07887268 373.99768066 64 255 128
132.64024353 270.48046875 459.93267822 64 255 128
208.56486511 317.86105347 446.23425293 64 255 128
159.01918030 243.26181030 452.82040405 64 255 128
126.47705078 173.61392212 461.34817505 64 255 128
142.79505920 253.57630920 430.79959106 64 255 128
134.62481689 118.39000702 449.34481812 64 255 128
158.18034363 219.34460449 384.46411133 64 255 128
178.69125366 265.61810303 460.67263794 64 255 128
196.27989197 293.38873291 453.73199463 64 255 128
177.32398987 183.74800110 434.16500854 64 255 128
105.10399628 308.84634399 433.00323486 64 255 128
84.78526306 200.24835205 500.62979126 64 255 128
77.46909332 173.05627441 420.75567627 64 255 128
89.71442413 171.12826538 479.86935425 64 255 128
153.62275696 257.59130859 462.42010498 64 255 128
79.85141754 254.24150085 396.42764282 64 255 128
104.43512726 147.34948730 467.41061401 64 255 128
135.96400452 307.86401367 462.98028564 64 255 128
111.11000824 261.84695435 382.00378418 64 255 128
192.39500427 200.78500366 454.18399048 64 255 128
149.30899048 146.58300781 411.55999756 64 255 128
95.67568970 282.05325317 469.60736084 64 255 128
163.00199890 194.00100708 461.70999146 64 255 128
183.38912964 312.16986084 420.11203003 64 255 128
124.80655670 249.48052979 461.01901245 64 255 128
71.40090942 190.88911438 417.31933594 64 255 128
104.87026978 124.54055786 459.89987183 64 255 128
103.99964905 219.04293823 369.62106323 64 255 128
184.03363037 306.05325317 475.13299561 64 255 128
150.51699829 145.28300476 447.09799194 64 255 128
143.87170410 217.10621643 438.48178101 64 255 128
68.06027985 174.07046509 481.90029907 64 255 128
75.64557648 269.77807617 479.01342773 64 255 128
68.62034607 233.16668701 418.97116089 64 255 128
205.19499207 256.32000732 451.33599854 64 255 128
110.26096344 300.06036377 458.78146362 64 255 128
91.65219879 294.75851440 433.07458496 64 255 128
114.07857513 171.43774414 382.79974365 64 255 128
74.54228973 224.75880432 509.24844360 64 255 128
123.59775543 131.19703674 417.55499268 64 255 128
178.25735474 297.11691284 407.27917480 64 255 128
86.97939301 141.70402527 447.97814941 64 255 128
173.31787109 267.63739014 405.15292358 64 255 128
229.05599976 234.75801086 418.84698486 64 255 128
87.41871643 233.86140442 497.54516602 64 255 128
210.72299194 307.96200562 421.85198975 64 255 128
144.24526978 304.40185547 478.01919556 64 255 128
102.02610016 244.96398926 374.03149414 64 255 128
150.69805908 311.50860596 417.36267090 64 255 128
233.24797058 288.20858765 426.79180908 64 255 128
125.80902863 214.43281555 472.79318237 64 255 128
69.89662933 169.54562378 448.38964844 64 255 128
78.56794739 272.09286499 422.69769287 64 255 128
168.66700745 204.73100281 404.55499268 64 255 128
66.85015869 235.90905762 473.83477783 64 255 128
82.29142761 291.20971680 449.99282837 64 255 128
86.11535645 192.33494568 387.79824829 64 255 128
159.45556641 289.28512573 469.80651855 64 255 128
105.98609924 200.43467712 483.07827759 64 255 128
88.97459412 141.24421692 429.39871216 64 255 128
117.45426178 220.43426514 439.52145386 64 255 128
177.25799561 207.52400208 462.00601196 64 255 128
137.72619629 313.56912231 446.99255371 64 255 128
108.23371124 126.69207001 428.54327393 64 255 128
136.94618225 267.88879395 384.45443726 64 255 128
138.99299622 132.45100403 455.84698486 64 255 128
72.36128998 219.96534729 407.13540649 64 255 128
137.80200195 157.83200073 403.57199097 64 255 128
73.63459778 252.57855225 411.36248779 64 255 128
65.56408691 200.13790894 496.25933838 64 255 128
98.31501007 147.72880554 405.02761841 64 255 128
181.82200623 185.52499390 416.19400024 64 255 128
161.79299927 138.84399414 436.31802368 64 255 128
112.67862701 121.31580353 444.39260864 64 255 128
111.73186493 242.19831848 470.56097412 64 255 128
164.07640076 249.49406433 439.94616699 64 255 128
242.49296570 265.76669312 425.61276245 64 255 128
68.40502930 197.59985352 432.78848267 64 255 128
130.86468506 173.82763672 385.48303223 64 255 128
188.94790649 317.55450439 446.71932983 64 255 128
62.43432999 207.22343445 464.40911865 64 255 128
161.21450806 312.65280151 446.34582520 64 255 128
165.34506226 306.40771484 472.60119629 64 255 128
128.32868958 313.78369141 431.29553223 64 255 128
160.61631775 271.64099121 396.21609497 64 255 128
92.08657074 156.47969055 474.93176270 64 255 128
156.04699707 169.43598938 452.23098755 64 255 128
65.02738953 213.42977905 438.27172852 64 255 128
206.81900024 236.32701111 413.41098022 64 255 128
70.59641266 245.30172729 488.68609619 64 255 128
212.48429871 228.92117310 442.37918091 64 255 128
78.61524963 226.15322876 391.75711060 64 255 128
78.76136017 147.46360779 467.60128784 64 255 128
134.96273804 309.77801514 417.96804810 64 255 128
162.93699646 226.59799194 454.19100952 64 255 128
105.76342010 195.43869019 376.51037598 64 255 128
116.16461945 292.86614990 471.71768188 64 255 128
205.74499512 200.16899109 435.05297852 64 255 128
207.10998535 302.04800415 443.74838257 64 255 128
149.32000732 193.48500061 473.29299927 64 255 128
132.64268494 217.09841919 458.15921021 64 255 128
183.10299683 206.29499817 427.50399780 64 255 128
155.07794189 184.73512268 393.61203003 64 255 128
226.18472290 276.06137085 433.17596436 64 255 128
99.33969116 253.54429626 474.62423706 64 255 128
139.71900940 123.81631470 432.82958984 64 255 128
123.00925446 236.07897949 452.25814819 64 255 128
82.81034088 243.85815430 385.84149170 64 255 128
153.52569580 293.35833740 402.52368164 64 255 128
86.79759979 300.49301147 461.08850098 64 255 128
75.67535400 197.59797668 404.31433105 64 255 128
140.59356689 239.88230896 443.35885620 64 255 128
90.32176208 171.19522095 393.41122437 64 255 128
191.60899353 251.93598938 460.50097656 64 255 128
129.41976929 290.13967896 394.93511963 64 255 128
133.99618530 204.01918030 371.97039795 64 255 128
205.21099854 258.27999878 413.84301758 64 255 128
170.83700562 197.12300110 434.63299561 64 255 128
69.12640381 166.30354309 469.20495605 64 255 128
228.81600952 258.26699829 418.93099976 64 255 128
82.15827942 178.23599243 490.44268799 64 255 128
235.04911804 238.54820251 431.73037720 64 255 128
140.49671936 249.47863770 378.70523071 64 255 128
119.14472198 159.50556946 460.66421509 64 255 128
171.13200378 156.31100464 427.61999512 64 255 128
160.08439636 315.05856323 428.95831299 64 255 128
65.99414825 185.59701538 448.74795532 64 255 128
64.64225006 188.19491577 479.45989990 64 255 128
104.75617218 265.09143066 465.92718506 64 255 128
115.03711700 133.21324158 466.51480103 64 255 128
150.68713379 206.42645264 382.55355835 64 255 128
171.51893616 279.49148560 462.04858398 64 255 128
87.44802094 284.02319336 423.95309448 64 255 128
126.20381927 224.84536743 367.82595825 64 255 128
242.81999207 249.92401123 421.20401001 64 255 128
181.61499023 246.93598938 405.34899902 64 255 128
119.29943848 262.66848755 465.44979858 64 255 128
99.62034607 269.06106567 389.59194946 64 255 128
170.17500305 170.73098755 440.12799072 64 255 128
122.16269684 305.59542847 466.63229370 64 255 128
87.18262482 217.07041931 383.10311890 64 255 128
137.73271179 295.96939087 488.17340088 64 255 128
170.90100098 197.24200439 448.83401489 64 255 128
90.97783661 283.04681396 406.96713257 64 255 128
189.75999451 187.91000366 427.64401245 64 255 128
107.81230164 300.79699707 412.36175537 64 255 128
63.77223206 219.26100159 474.60513306 64 255 128
88.19167328 152.37062073 417.67272949 64 255 128
83.67957306 247.98461914 497.58004761 64 255 128
72.91628265 269.15469360 435.80880737 64 255 128
95.79341888 203.17686462 491.88009644 64 255 128
102.57795715 225.95945740 487.39779663 64 255 128
207.79461670 276.44107056 445.88546753 64 255 128
68.93338013 265.95770264 466.56567383 64 255 128
207.19799805 289.35400391 413.91101074 64 255 128
165.29100037 215.76499939 395.63900757 64 255 128
222.49693298 297.62338257 433.01242065 64 255 128
148.04736328 291.18386841 479.38052368 64 255 128
164.28599548 239.39299011 395.54101562 64 255 128
219.32600403 225.49099731 421.67300415 64 255 128
182.68299866 222.17799377 403.16998291 64 255 128
66.87886047 256.43167114 441.34295654 64 255 128
114.32387543 228.61280823 474.50167847 64 255 128
75.18205261 279.89624023 453.17684937 64 255 128
176.01800537 193.35900879 406.87100220 64 255 128
117.31728363 205.08125305 476.99932861 64 255 128
187.98989868 299.32492065 463.90985107 64 255 128
121.78752899 184.76577759 466.96765137 64 255 128
212.38444519 317.11413574 432.82574463 64 255 128
169.32701111 159.81300354 414.82601929 64 255 128
71.99887848 195.26219177 507.11035156 64 255 128
74.64348602 169.05242920 434.02932739 64 255 128
62.99948883 232.54150391 450.85922241 64 255 128
189.57899475 230.44499207 462.48699951 64 255 128
139.23600769 145.61000061 454.29199219 64 255 128
65.75323486 214.05151367 498.70339966 64 255 128
107.06111908 309.34902954 446.04714966 64 255 128
156.63899231 174.71299744 401.33499146 64 255 128
64.77021027 248.27662659 462.50912476 64 255 128
218.26200867 279.62500000 416.26400757 64 255 128
204.27600098 202.44300842 448.83599854 64 255 128
197.80337524 308.80230713 418.01687622 64 255 128
198.88700867 246.48300171 411.13598633 64 255 128
194.94200134 213.48899841 412.95599365 64 255 128
205.18699646 223.42201233 454.77102661 64 255 128
187.54499817 285.21371460 457.65109253 64 255 128
215.51100159 265.85800171 416.33901978 64 255 128
141.50396729 263.51611328 437.08685303 64 255 128
80.50920105 213.44125366 504.91708374 64 255 128
148.31657410 213.33409119 460.78536987 64 255 128
66.30973816 219.99284363 425.55621338 64 255 128
173.31100464 233.84721375 454.95529175 64 255 128
114.95551300 248.21551514 374.66296387 64 255 128
158.55899048 202.79499817 470.18399048 64 255 128
185.32501221 317.84619141 432.57061768 64 255 128
158.79899597 132.32600403 425.49499512 64 255 128
64.32495117 219.23858643 449.55599976 64 255 128
134.51614380 134.03817749 418.92733765 64 255 128
237.04199219 225.81900024 425.37899780 64 255 128
151.28581238 251.15313721 442.56747437 64 255 128
212.12760925 220.73591614 431.04443359 64 255 128
62.44805145 194.71636963 466.70471191 64 255 128
187.79400635 198.89799500 437.18600464 64 255 128
66.86841583 242.27612305 427.51058960 64 255 128
222.15208435 254.52285767 439.08914185 64 255 128
72.76557159 257.79238892 487.54458618 64 255 128
78.41988373 153.51773071 441.15975952 64 255 128
124.82087708 148.08279419 400.62371826 64 255 128
88.28974152 265.02185059 393.69879150 64 255 128
186.82501221 216.19000244 468.65100098 64 255 128
204.88000488 210.72200012 426.62100220 64 255 128
172.66145325 315.13079834 426.29983521 64 255 128
159.11700439 181.62199402 460.14700317 64 255 128
158.76296997 250.74092102 391.64318848 64 255 128
116.55448151 313.21011353 436.63943481 64 255 128
174.11238098 298.07913208 476.50350952 64 255 128
130.33013916 218.46299744 434.86157227 64 255 128
145.11894226 183.90275574 387.45861816 64 255 128
92.68619537 132.74656677 454.91311646 64 255 128
148.00523376 284.37271118 466.25567627 64 255 128
239.99005127 277.84509277 425.89929199 64 255 128
101.64266968 233.14758301 369.95571899 64 255 128
112.12233734 176.75234985 466.61544800 64 255 128
124.27597046 283.05673218 468.04501343 64 255 128
127.83525848 288.49835205 479.68225098 64 255 128
164.96212769 298.12066650 405.53240967 64 255 128
126.60942841 302.90270996 409.25646973 64 255 128
126.33362579 209.13705444 441.53195190 64 255 128
115.01217651 283.17739868 393.03509521 64 255 128
67.75907135 231.21644592 498.36837769 64 255 128
120.92887115 199.25564575 371.81417847 64 255 128
108.27959442 206.62382507 371.58206177 64 255 128
152.17100525 125.26400757 432.68002319 64 255 128
194.89399719 270.80398560 411.11999512 64 255 128
97.56282043 181.70372009 478.79132080 64 255 128
103.20684052 211.74594116 487.99826050 64 255 128
140.60099792 170.90299988 461.68399048 64 255 128
150.00347900 225.16500854 378.18136597 64 255 128
103.01939392 169.47244263 386.57556152 64 255 128
102.30757904 130.90960693 471.09341431 64 255 128
80.34325409 167.57637024 410.24694824 64 255 128
100.28112030 306.37762451 461.19461060 64 255 128
116.79826355 240.42147827 460.34680176 64 255 128
165.27655029 265.93673706 461.65036011 64 255 128
89.18006897 261.86215210 479.90875244 64 255 128
140.73667908 258.97845459 460.75201416 64 255 128
89.73282623 144.49014282 472.82107544 64 255 128
166.17208862 310.61068726 458.33755493 64 255 128
105.21020508 291.15283203 403.65945435 64 255 128
131.91600037 153.29399109 459.32901001 64 255 128
97.53533173 131.85115051 431.64990234 64 255 128
109.55818939 132.36434937 416.47354126 64 255 128
228.68286133 263.93954468 434.21438599 64 255 128
197.37799072 282.83398438 411.07897949 64 255 128
85.61631012 276.84289551 467.36318970 64 255 128
132.08738708 242.78448486 451.35156250 64 255 128
100.94857025 302.27139282 424.17706299 64 255 128
79.80171967 188.76235962 501.37692261 64 255 128
193.14900208 263.59298706 458.42199707 64 255 128
92.23725128 247.79747009 489.32730103 64 255 128
126.46706390 242.28289795 373.90405273 64 255 128
129.30755615 128.31372070 461.95016479 64 255 128
160.09700012 152.71400452 411.98599243 64 255 128
104.93359375 289.21044922 472.76416016 64 255 128
78.40233612 168.50286865 485.73202515 64 255 128
64.76865387 256.41302490 454.04000854 64 255 128
179.79998779 285.84381104 406.77752686 64 255 128
168.32099915 172.67500305 409.20300293 64 255 128
132.08802795 185.00204468 378.87069702 64 255 128
123.27977753 117.27725983 448.15905762 64 255 128
84.65171051 140.57612610 459.82138062 64 255 128
154.01121521 303.26284790 408.17208862 64 255 128
165.01499939 194.19099426 398.72198486 64 255 128
230.45100403 246.08300781 418.68200684 64 255 128
136.65476990 186.75308228 467.69699097 64 255 128
176.50599670 237.87500000 400.67800903 64 255 128
150.40754700 272.43475342 390.18905640 64 255 128
74.83637238 262.47607422 417.57318115 64 255 128
115.06121063 119.72545624 455.31262207 64 255 128
101.46145630 173.52516174 472.16473389 64 255 128
196.76699829 225.28999329 411.93499756 64 255 128
163.47146606 247.61653137 461.68942261 64 255 128
91.31616211 244.53544617 378.40066528 64 255 128
155.10278320 218.22396851 446.65924072 64 255 128
142.72605896 229.58642578 438.79275513 64 255 128
189.51010132 311.12014771 466.56695557 64 255 128
204.24757385 288.23403931 446.96734619 64 255 128
149.76445007 312.74099731 443.65969849 64 255 128
151.71701050 157.21299744 448.81600952 64 255 128
173.78500366 214.66499329 404.63500977 64 255 128
113.85829926 222.82015991 365.65460205 64 255 128
184.12202454 274.74029541 458.44720459 64 255 128
122.06123352 264.74264526 381.86218262 64 255 128
90.70494843 293.34677124 469.66879272 64 255 128
226.08607483 240.61390686 438.08807373 64 255 128
177.65200806 192.62899780 427.11999512 64 255 128
95.39483643 272.39526367 464.15383911 64 255 128
145.01922607 273.19812012 461.15121460 64 255 128
183.38999939 268.07000732 408.49099731 64 255 128
149.43600464 156.09700012 405.97799683 64 255 128
173.49800110 207.25399780 414.77999878 64 255 128
115.27559662 160.01507568 389.29785156 64 255 128
161.16600037 261.82897949 399.35699463 64 255 128
150.09829712 248.41146851 457.63601685 64 255 128
206.86460876 243.86787415 451.46795654 64 255 128
63.45264053 239.03804016 440.52328491 64 255 128
200.49913025 316.13931274 454.27554321 64 255 128
146.95750427 165.24522400 400.04660034 64 255 128
215.32893372 309.18966675 442.57992554 64 255 128
72.05181885 208.46862793 409.69171143 64 255 128
82.58259583 203.08663940 388.85433960 64 255 128
75.35562897 183.55052185 410.51800537 64 255 128
106.72932434 183.30847168 378.63589478 64 255 128
82.74517822 161.82385254 419.63241577 64 255 128
65.69171906 235.55296326 461.82760620 64 255 128
97.86909485 256.87045288 464.45666504 64 255 128
95.55355835 216.66972351 376.23266602 64 255 128
136.20573425 202.88032532 472.28479004 64 255 128
132.29304504 215.82958984 367.48483276 64 255 128
161.30400085 229.22100830 393.07901001 64 255 128
187.01499939 194.90400696 414.42800903 64 255 128
64.34519958 209.02301025 488.88461304 64 255 128
168.02200317 218.12799072 461.14700317 64 255 128
149.62547302 195.35733032 385.81652832 64 255 128
156.81044006 282.90542603 398.08496094 64 255 128
93.48573303 275.17898560 397.89962769 64 255 128
177.59500122 256.88998413 406.18099976 64 255 128
218.01300049 237.93600464 415.97598267 64 255 128
117.05278778 194.31250000 473.17098999 64 255 128
142.84999084 120.72899628 442.64999390 64 255 128
165.37625122 233.40557861 444.91213989 64 255 128
96.20578003 192.31098938 380.27459717 64 255 128
96.01211548 158.38014221 397.28695679 64 255 128
188.02400208 208.65899658 459.98699951 64 255 128
73.45205688 251.73599243 496.89370728 64 255 128
137.43721008 253.50680542 437.68188477 64 255 128
204.80899048 211.78599548 453.99002075 64 255 128
201.73069763 303.33612061 453.01058960 64 255 128
166.50000000 148.21598816 434.77600098 64 255 128
72.22560883 162.71615601 459.32656860 64 255 128
173.45024109 314.16531372 448.88842773 64 255 128
81.86605072 225.56959534 501.69442749 64 255 128
148.38482666 210.15036011 449.29193115 64 255 128
111.65715790 271.38226318 386.95639038 64 255 128
135.58177185 277.68804932 388.50637817 64 255 128
140.50340271 292.08261108 397.67694092 64 255 128
199.94400024 191.43200684 431.25799561 64 255 128
113.34104156 148.82073975 397.90997314 64 255 128
154.87701416 138.88299561 418.38601685 64 255 128
140.71699524 140.53399658 414.52600098 64 255 128
134.38574219 305.42724609 473.34411621 64 255 128
137.33869934 163.56614685 394.24923706 64 255 128
174.37001038 166.72200012 430.27200317 64 255 128
207.99499512 299.40399170 416.39797974 64 255 128
75.06402588 276.47869873 470.75659180 64 255 128
106.96739197 236.00427246 478.22344971 64 255 128
68.20781708 235.76216125 484.15463257 64 255 128
188.40299988 242.04299927 461.72900391 64 255 128
104.41567230 275.73641968 470.59497070 64 255 128
85.97692108 182.67694092 392.14157104 64 255 128
144.05760193 309.72854614 456.91165161 64 255 128
215.54421997 275.89593506 438.96960449 64 255 128
138.02990723 208.92874146 438.82797241 64 255 128
154.29577637 304.18798828 475.15029907 64 255 128
124.49243927 139.57112122 407.84588623 64 255 128
222.83000183 303.97799683 425.04000854 64 255 128
213.40437317 255.57884216 445.43667603 64 255 128
128.24894714 217.06156921 446.76672363 64 255 128
65.44825745 191.75819397 490.42550659 64 255 128
152.58914185 248.63635254 434.63116455 64 255 128
104.07915497 254.43008423 379.20254517 64 255 128
175.46009827 308.75445557 469.88970947 64 255 128
113.98888397 151.25688171 463.14752197 64 255 128
159.64859009 209.73167419 389.48498535 64 255 128
149.82383728 251.06254578 384.25173950 64 255 128
136.63259888 279.67337036 463.92855835 64 255 128
131.85723877 126.36200714 427.53054810 64 255 128
80.48068237 190.22738647 395.98471069 64 255 128
96.50260162 303.30715942 436.05154419 64 255 128
105.39801788 139.14344788 408.84805298 64 255 128
73.34699249 156.12367249 468.10336304 64 255 128
85.76298523 279.69827271 414.98846436 64 255 128
142.51889038 204.99693298 377.22848511 64 255 128
95.20869446 231.18998718 491.81396484 64 255 128
147.46800232 135.47499084 449.33502197 64 255 128
181.81260681 303.22946167 414.87149048 64 255 128
199.06982422 318.76388550 438.28332520 64 255 128
144.04724121 240.45712280 377.38308716 64 255 128
199.07200623 205.27600098 460.14300537 64 255 128
73.71686554 181.13697815 426.58224487 64 255 128
75.75771332 246.25268555 403.19033813 64 255 128
172.01751709 257.37799072 462.26416016 64 255 128
70.51261139 245.67211914 418.03054810 64 255 128
209.76240540 312.14343262 454.73403931 64 255 128
130.80744934 118.55173492 459.84362793 64 255 128
128.43794250 193.47413635 374.80056763 64 255 128
81.09264374 292.43035889 460.00128174 64 255 128
177.26400757 206.47799683 451.99298096 64 255 128
169.38288879 275.37310791 400.37973022 64 255 128
71.73970032 174.76921082 491.05691528 64 255 128
167.17100525 189.66500854 453.98300171 64 255 128
138.60504150 225.94708252 373.88967896 64 255 128
188.00256348 289.40740967 410.76373291 64 255 128
130.71650696 164.43777466 459.33245850 64 255 128
225.67999268 286.32598877 420.54598999 64 255 128
187.98696899 314.51321411 457.56542969 64 255 128
150.52458191 259.40316772 435.83663940 64 255 128
100.52639008 191.15635681 482.15295410 64 255 128
222.56321716 287.87210083 432.05023193 64 255 128
149.32621765 298.00686646 486.29379272 64 255 128
131.77278137 119.87113190 440.06628418 64 255 128
137.65484619 258.17703247 381.50488281 64 255 128
128.41447449 313.19659424 443.10446167 64 255 128
157.44729614 241.46684265 442.61611938 64 255 128
111.21883392 124.38066101 467.38629150 64 255 128
205.58700562 265.81500244 449.38598633 64 255 128
124.12333679 275.11923218 462.94689941 64 255 128
171.88400269 188.60700989 444.55099487 64 255 128
166.26499939 207.10400391 463.91998291 64 255 128
65.91219330 179.27824402 473.88787842 64 255 128
83.84596252 145.82460022 439.03689575 64 255 128
190.13800049 206.35000610 418.05499268 64 255 128
78.53881836 236.02737427 392.22564697 64 255 128
205.78286743 234.34028625 450.49383545 64 255 128
86.56164551 293.18890381 441.54721069 64 255 128
116.15332031 127.09259796 423.95648193 64 255 128
66.60874176 203.93196106 439.81726074 64 255 128
143.03399658 122.08899689 452.63497925 64 255 128
191.19100952 195.49499512 446.24298096 64 255 128
68.90290833 197.88076782 423.33450317 64 255 128
168.82331848 229.05525208 462.06820679 64 255 128
173.45100403 204.22799683 425.95700073 64 255 128
126.25907135 226.24308777 455.16500854 64 255 128
122.56365204 168.14041138 385.33035278 64 255 128
198.87899780 247.53799438 456.17999268 64 255 128
73.49581146 273.39721680 444.29415894 64 255 128
109.50012970 307.80572510 424.70404053 64 255 128
143.28173828 314.46859741 422.92462158 64 255 128
146.15023804 306.40939331 468.93203735 64 255 128
133.72602844 252.26361084 458.94320679 64 255 128
116.26682281 305.32308960 443.55972290 64 255 128
68.35719299 193.01647949 441.01931763 64 255 128
86.78730011 189.38661194 495.05627441 64 255 128
238.80699158 240.35200500 420.37500000 64 255 128
162.54586792 313.16085815 420.12899780 64 255 128
74.28119659 162.59362793 440.98242188 64 255 128
100.41780853 126.84638977 451.83755493 64 255 128
120.68002319 294.51116943 481.10308838 64 255 128
229.10099792 297.03302002 425.52899170 64 255 128
198.78399658 224.83299255 461.45700073 64 255 128
164.67163086 294.45053101 477.94863892 64 255 128
131.65214539 311.50424194 453.63644409 64 255 128
116.08422852 253.11807251 461.00860596 64 255 128
67.49250793 219.33033752 506.28018188 64 255 128
69.66468811 244.10787964 479.39273071 64 255 128
189.90998840 244.32400513 408.71798706 64 255 128
83.74833679 172.43171692 400.43457031 64 255 128
98.80910492 161.41184998 470.75564575 64 255 128
63.71660614 194.47926331 457.50677490 64 255 128
128.15986633 260.88928223 462.77108765 64 255 128
84.85066986 270.16632080 480.84686279 64 255 128
177.26499939 175.85299683 429.30798340 64 255 128
176.79299927 178.00100708 414.19299316 64 255 128
95.15116882 143.68742371 412.97225952 64 255 128
133.55099487 139.88000488 458.83599854 64 255 128
84.25125885 162.93907166 479.81213379 64 255 128
68.65663147 223.35585022 417.24496460 64 255 128
135.98179626 208.33026123 456.47277832 64 255 128
63.49378204 215.70033264 458.01751709 64 255 128
189.95599365 199.05699158 426.61999512 64 255 128
84.75772095 252.79176331 388.00033569 64 255 128
136.32225037 315.33151245 436.66171265 64 255 128
67.21793365 176.15719604 454.07659912 64 255 128
154.14784241 314.32501221 435.58596802 64 255 128
199.89100647 194.47100830 450.17901611 64 255 128
118.32244110 168.76673889 462.01962280 64 255 128
121.96654510 223.31231689 471.24377441 64 255 128
204.94543457 224.64714050 445.26745605 64 255 128
178.26106262 277.00726318 404.98489380 64 255 128
181.18399048 182.99501038 425.08300781 64 255 128
99.40179443 140.24482727 470.12805176 64 255 128
112.49667358 142.09684753 464.96548462 64 255 128
131.27931213 154.30444336 399.73492432 64 255 128
168.26507568 287.64044189 465.01733398 64 255 128
227.79800415 224.07600403 424.94799805 64 255 128
241.48301697 256.37860107 427.54806519 64 255 128
114.50971222 122.55670166 435.69839478 64 255 128
122.70980835 177.99287415 379.66357422 64 255 128
164.74720764 314.55310059 437.25970459 64 255 128
142.51251221 246.47183228 436.30166626 64 255 128
219.45947266 235.78536987 442.01870728 64 255 128
75.40574646 220.94398499 398.67098999 64 255 128
186.19400024 206.59199524 450.44897461 64 255 128
63.02747726 209.24653625 473.23236084 64 255 128
233.54347229 271.13632202 430.84017944 64 255 128
69.50355530 232.24743652 508.29528809 64 255 128
146.64599609 166.95498657 455.72998047 64 255 128
141.62799072 150.08799744 408.37500000 64 255 128
141.74456787 306.92065430 413.03985596 64 255 128
165.20700073 172.01599121 447.68899536 64 255 128
220.21499634 258.00100708 416.24899292 64 255 128
181.18699646 236.71899414 460.91397095 64 255 128
127.44559479 296.84750366 401.97454834 64 255 128
107.24044800 298.64013672 468.77172852 64 255 128
78.70526123 266.44174194 486.76272583 64 255 128
163.84600830 205.40800476 396.01498413 64 255 128
202.57000732 199.30101013 426.12298584 64 255 128
72.36235809 274.78768921 460.06564331 64 255 128
123.78967285 233.46775818 368.78536987 64 255 128
132.95541382 216.27041626 468.18551636 64 255 128
120.02703094 301.09118652 474.95291138 64 255 128
174.89663696 308.89492798 416.29956055 64 255 128
78.33007050 233.72363281 502.54864502 64 255 128
83.46781158 152.46377563 476.98422241 64 255 128
153.55299377 186.86399841 467.34301758 64 255 128
138.04806519 290.29901123 481.26522827 64 255 128
168.45098877 159.45201111 436.23901367 64 255 128
184.04499817 231.01901245 403.97900391 64 255 128
205.48666382 314.38226318 423.51580811 64 255 128
116.20576477 301.76895142 408.73635864 64 255 128
70.34746552 165.90771484 479.33047485 64 255 128
125.81375122 205.27853394 474.20828247 64 255 128
156.40428162 227.51522827 441.39044189 64 255 128
115.19271088 305.94714355 454.69955444 64 255 128
168.29598999 200.05999756 456.78601074 64 255 128
91.40329742 151.19303894 408.72418213 64 255 128
70.42443085 190.36076355 428.02288818 64 255 128
152.93544006 268.12097168 461.71569824 64 255 128
92.28974915 136.27389526 442.57440186 64 255 128
212.86999512 230.30799866 418.15899658 64 255 128
83.32200623 230.28733826 385.51776123 64 255 128
214.22883606 297.34243774 437.19854736 64 255 128
92.25135803 254.44624329 483.54086304 64 255 128
77.88214874 262.16729736 409.47262573 64 255 128
87.70958710 210.07987976 498.92449951 64 255 128
117.71438599 257.23379517 379.01251221 64 255 128
106.36428070 249.36201477 469.87963867 64 255 128
65.97407532 233.04620361 428.66650391 64 255 128
90.65128326 180.54907227 483.83856201 64 255 128
70.68270111 263.13528442 476.27542114 64 255 128
172.08000183 245.58000183 399.38598633 64 255 128
68.24989319 191.29780579 499.62683105 64 255 128
236.92098999 260.65200806 421.39102173 64 255 128
218.85314941 316.20288086 438.47753906 64 255 128
200.53199768 281.73397827 455.16198730 64 255 128
65.66067505 210.18099976 446.27081299 64 255 128
115.20779419 193.00894165 375.84219360 64 255 128
142.05659485 215.75344849 454.24230957 64 255 128
156.97999573 130.79100037 437.26901245 64 255 128
173.98600769 205.23500061 435.58200073 64 255 128
78.94764709 203.45312500 506.09832764 64 255 128
189.31120300 307.55368042 416.66085815 64 255 128
140.28898621 176.70195007 387.18777466 64 255 128
160.37899780 145.76399231 441.22601318 64 255 128
147.40238953 236.94250488 448.46945190 64 255 128
207.24000549 246.63600159 413.14102173 64 255 128
146.81703186 249.06636047 449.41891479 64 255 128
65.51586914 227.82487488 479.31185913 64 255 128
100.41477966 308.47549438 451.38354492 64 255 128
233.64039612 229.50782776 433.04513550 64 255 128
65.08421326 227.68534851 469.64370728 64 255 128
97.38282013 224.50761414 372.77249146 64 255 128
190.22401428 221.10900879 407.01300049 64 255 128
63.01905060 226.46856689 444.91104126 64 255 128
131.69873047 237.94622803 444.65676880 64 255 128
192.99850464 314.93008423 422.70547485 64 255 128
110.31954193 208.66624451 482.29571533 64 255 128
98.54326630 219.23048401 491.35943604 64 255 128
138.95899963 129.15499878 425.35498047 64 255 128
78.93746948 217.34478760 390.93209839 64 255 128
110.69912720 283.47857666 470.14248657 64 255 128
111.96255493 289.40621948 397.86041260 64 255 128
151.86492920 315.70553589 425.76382446 64 255 128
69.69839478 265.63937378 444.13647461 64 255 128
126.00769043 308.99514771 459.87017822 64 255 128
63.33330154 220.81207275 433.64779663 64 255 128
100.69091034 208.42735291 374.79800415 64 255 128
149.22990417 214.99403381 378.27108765 64 255 128
64.27346039 216.29193115 482.56381226 64 255 128
90.39194489 197.07194519 494.78204346 64 255 128
92.75603485 304.73236084 456.37643433 64 255 128
196.39230347 303.60995483 459.70947266 64 255 128
156.73333740 230.33499146 383.14486694 64 255 128
96.86898804 264.89886475 460.53829956 64 255 128
180.86125183 297.80609131 471.23214722 64 255 128
172.41113281 302.38848877 409.30801392 64 255 128
78.92517090 198.59767151 395.70181274 64 255 128
170.39900208 198.36599731 410.58499146 64 255 128
128.71104431 269.85949707 384.40930176 64 255 128
68.95566559 179.32664490 443.38946533 64 255 128
98.74317932 307.75631714 442.84396362 64 255 128
161.02711487 289.69625854 402.77905273 64 255 128
130.57252502 165.89167786 388.78015137 64 255 128
136.26263428 179.49240112 464.01885986 64 255 128
89.83911133 240.76304626 493.12429810 64 255 128
120.56546021 217.55123901 433.12561035 64 255 128
129.51060486 295.91757202 486.30450439 64 255 128
183.54466248 293.03646851 460.19058228 64 255 128
77.86750031 175.48683167 410.95315552 64 255 128
240.96199036 233.10101318 428.85534668 64 255 128
68.97434235 237.46638489 492.35604858 64 255 128
198.16200256 261.80200195 411.18402100 64 255 128
157.06695557 264.27728271 393.05264282 64 255 128
160.27200317 187.38200378 398.63699341 64 255 128
169.75698853 152.19500732 420.54699707 64 255 128
108.24803925 239.97857666 370.42721558 64 255 128
189.65100098 189.15100098 436.49102783 64 255 128
94.25206757 137.22666931 424.92718506 64 255 128
116.88079834 135.09344482 411.02966309 64 255 128
137.40299988 124.51999664 458.55200195 64 255 128
67.62284851 243.33140564 470.38095093 64 255 128
89.85236359 225.29916382 496.43041992 64 255 128
76.99507904 274.84100342 430.26409912 64 255 128
86.30602264 288.33084106 434.07284546 64 255 128
67.28949738 181.33888245 488.47940063 64 255 128
71.19542694 230.45100403 411.75299072 64 255 128
80.00328827 164.83357239 426.35583496 64 255 128
138.80863953 227.23165894 445.52868652 64 255 128
136.65963745 259.76519775 430.98806763 64 255 128
105.28563690 125.07624817 442.65301514 64 255 128
154.08599854 136.02200317 444.51098633 64 255 128
171.66000366 178.50399780 442.28399658 64 255 128
185.49829102 297.17556763 411.82180786 64 255 128
79.30569458 283.89498901 444.31622314 64 255 128
108.36834717 225.15498352 481.76248169 64 255 128
158.45904541 243.02905273 388.54754639 64 255 128
169.14648438 261.33639526 401.79379272 64 255 128
79.61994934 260.67105103 401.69635010 64 255 128
121.20508575 290.65759277 395.72393799 64 255 128
137.38946533 193.78262329 470.88983154 64 255 128
106.43220520 144.95564270 402.87622070 64 255 128
107.03404236 227.36499023 367.88259888 64 255 128
103.42733002 245.05764771 477.66183472 64 255 128
135.51127625 301.48965454 482.44647217 64 255 128
72.44080353 198.26313782 413.62698364 64 255 128
149.38957214 179.23063660 392.75714111 64 255 128
125.06148529 311.19546509 423.51736450 64 255 128
64.31971741 200.98211670 487.94638062 64 255 128
85.89579773 286.93777466 468.45617676 64 255 128
96.73613739 289.40365601 409.01217651 64 255 128
79.24832153 257.37905884 497.06546021 64 255 128
174.46499634 161.77099609 420.76599121 64 255 128
62.94462204 201.47074890 471.07812500 64 255 128
175.88398743 221.34700012 398.67898560 64 255 128
66.49656677 250.66864014 435.70358276 64 255 128
166.46069336 301.37570190 482.10110474 64 255 128
157.83589172 310.81814575 453.20803833 64 255 128
109.74159241 193.69038391 477.34182739 64 255 128
85.96137238 237.29119873 382.06616211 64 255 128
153.70957947 210.13255310 467.99441528 64 255 128
196.15100098 290.66900635 412.51699829 64 255 128
99.29630280 164.02490234 391.47210693 64 255 128
114.97372437 179.88162231 379.30337524 64 255 128
215.49600220 311.90600586 426.95001221 64 255 128
96.56940460 238.89981079 373.56277466 64 255 128
96.38622284 250.91511536 379.19180298 64 255 128
173.87300110 183.73399353 408.90802002 64 255 128
197.47300720 238.11000061 411.11300659 64 255 128
67.99339294 172.74516296 461.29162598 64 255 128
133.32554626 313.59396362 424.74420166 64 255 128
97.43833923 284.24874878 402.35165405 64 255 128
80.28979492 270.37533569 415.18161011 64 255 128
102.68507385 263.53057861 384.73883057 64 255 128
225.37300110 265.45001221 418.78500366 64 255 128
171.75442505 241.93991089 460.51919556 64 255 128
204.02699280 197.02499390 443.00299072 64 255 128
191.05400085 222.79701233 464.14700317 64 255 128
236.88299561 269.45498657 421.36700439 64 255 128
85.00234222 148.19126892 428.20913696 64 255 128
126.56674957 207.38003540 369.55905151 64 255 128
135.40838623 242.88941956 376.16583252 64 255 128
73.25958252 182.13664246 418.76107788 64 255 128
197.06376648 318.08312988 447.12295532 64 255 128
115.32946014 299.96209717 468.27429199 64 255 128
65.61846161 212.29798889 427.83343506 64 255 128
97.94884491 128.55130005 461.05380249 64 255 128
181.96884155 316.94042969 442.03179932 64 255 128
197.64479065 230.46812439 453.60305786 64 255 128
90.82532501 198.17892456 382.76007080 64 255 128
126.38867188 221.75167847 439.24243164 64 255 128
160.06199646 144.53700256 416.48901367 64 255 128
156.69400024 151.14698792 445.68197632 64 255 128
65.61863708 255.77201843 464.86434937 64 255 128
124.48497009 284.25808716 391.93682861 64 255 128
73.23480988 161.31883240 450.74273682 64 255 128
71.70329285 251.38417053 482.96023560 64 255 128
83.83097839 272.01821899 472.95407104 64 255 128
239.66835022 243.59663391 427.47836304 64 255 128
63.40208054 188.14714050 462.32153320 64 255 128
182.21640015 256.09509277 460.81845093 64 255 128
157.97317505 307.48727417 469.08181763 64 255 128
107.83245087 136.73260498 468.16256714 64 255 128
128.76171875 209.63153076 435.05017090 64 255 128
122.22631836 243.07437134 456.06768799 64 255 128
129.58050537 136.00416565 413.53866577 64 255 128
122.22508240 234.19963074 459.08932495 64 255 128
219.38346863 228.49079895 437.77255249 64 255 128
122.43973541 136.63256836 462.53924561 64 255 128
142.90507507 232.30241394 376.76168823 64 255 128
182.82510376 314.99880981 451.57821655 64 255 128
102.54734802 150.78656006 398.90963745 64 255 128
73.83171082 267.03277588 426.56036377 64 255 128
201.31398010 296.63021851 448.79382324 64 255 128
97.52479553 149.10946655 470.77673340 64 255 128
207.01600647 267.47702026 413.72100830 64 255 128
159.55500793 175.97801208 454.76098633 64 255 128
81.89709473 240.74630737 499.80776978 64 255 128
65.17573547 217.60650635 490.28091431 64 255 128
150.48622131 172.14790344 396.61605835 64 255 128
162.85665894 282.62396240 462.93569946 64 255 128
134.57162476 304.03427124 410.10638428 64 255 128
222.90100098 244.23500061 418.07800293 64 255 128
62.36197662 214.66044617 466.73358154 64 255 128
179.56900024 209.19700623 421.19400024 64 255 128
185.05400085 194.09400940 430.08898926 64 255 128
115.82085419 311.32928467 429.05578613 64 255 128
232.41134644 280.72848511 428.65454102 64 255 128
199.96400452 215.40499878 419.92898560 64 255 128
152.39801025 173.72299194 457.57800293 64 255 128
93.26123810 293.50546265 425.66571045 64 255 128
204.34500122 229.02799988 414.29598999 64 255 128
104.35068512 157.16851807 467.48870850 64 255 128
90.35266876 286.15603638 415.91519165 64 255 128
67.95653534 202.85894775 504.55761719 64 255 128
72.73708344 244.35337830 410.05078125 64 255 128
188.33898926 189.94000244 420.22100830 64 255 128
121.84133911 119.84584045 439.75802612 64 255 128
110.99228668 296.74420166 405.30590820 64 255 128
207.74053955 293.16226196 442.30331421 64 255 128
118.62329865 212.75262451 476.64816284 64 255 128
96.44232941 173.55265808 387.43273926 64 255 128
86.94947815 297.48028564 450.01644897 64 255 128
142.15338135 274.08258057 388.03915405 64 255 128
200.38800049 262.16900635 453.77697754 64 255 128
86.39435577 208.42222595 384.51739502 64 255 128
109.00289154 163.99249268 387.56588745 64 255 128
161.46751404 259.68054199 463.57785034 64 255 128
92.06460571 164.13125610 475.67996216 64 255 128
172.14617920 290.22552490 403.73925781 64 255 128
103.95677948 259.42269897 459.69647217 64 255 128
138.68908691 184.86845398 383.54980469 64 255 128
179.72999573 193.04299927 416.06799316 64 255 128
177.61500549 216.63899231 466.36700439 64 255 128
207.16505432 216.97918701 448.67770386 64 255 128
219.10954285 281.46984863 435.13562012 64 255 128
113.37741852 268.46997070 466.72491455 64 255 128
82.61050415 145.69580078 454.29641724 64 255 128
206.07901001 219.60200500 435.54400635 64 255 128
136.68380737 222.46258545 437.42666626 64 255 128
149.63394165 311.13067627 452.03097534 64 255 128
200.74990845 300.94982910 416.82788086 64 255 128
174.18930054 305.70581055 476.79736328 64 255 128
66.79794312 223.84637451 499.99331665 64 255 128
220.71980286 304.93600464 434.77520752 64 255 128
170.99800110 202.10699463 442.96099854 64 255 128
119.03945160 242.36810303 371.79766846 64 255 128
74.56198120 191.30867004 410.49285889 64 255 128
76.73050690 180.07234192 496.76168823 64 255 128
191.50227356 304.42956543 469.57333374 64 255 128
175.25866699 285.88262939 461.38296509 64 255 128
161.22688293 235.26451111 388.16445923 64 255 128
84.96050262 217.82765198 499.31091309 64 255 128
119.34882355 236.02622986 466.58972168 64 255 128
227.21221924 249.08206177 437.48361206 64 255 128
136.74639893 170.63308716 390.24017334 64 255 128
126.69325256 305.34646606 473.38632202 64 255 128
157.24801636 292.90209961 479.22192383 64 255 128
162.36599731 247.90200806 396.42901611 64 255 128
113.01207733 214.24026489 367.96368408 64 255 128
149.96687317 287.91091919 472.50830078 64 255 128
126.79942322 232.64892578 447.12292480 64 255 128
191.03810120 318.72909546 437.69360352 64 255 128
211.46800232 254.10899353 414.16799927 64 255 128
102.54258728 131.56704712 422.97674561 64 255 128
70.02050781 262.05993652 436.08877563 64 255 128
220.76127625 270.19540405 437.79986572 64 255 128
74.07653809 228.62583923 401.56188965 64 255 128
163.80200195 138.37899780 425.97000122 64 255 128
63.18330765 205.48213196 457.16741943 64 255 128
221.36299133 271.14801025 416.02502441 64 255 128
135.78587341 284.41128540 391.91302490 64 255 128
161.20199585 221.07299805 392.30297852 64 255 128
236.05928040 264.08496094 430.99395752 64 255 128
206.42800903 218.24200439 426.98498535 64 255 128
119.53559875 176.17799377 463.75900269 64 255 128
165.66343689 275.06915283 460.80154419 64 255 128
184.60301208 252.99000549 408.54000854 64 255 128
146.37657166 202.31294250 472.65216064 64 255 128
74.48049164 205.05371094 403.51654053 64 255 128
93.50982666 260.03329468 472.45382690 64 255 128
222.15699768 231.93800354 418.55300903 64 255 128
129.55517578 223.30963135 463.66912842 64 255 128
104.63090515 176.68038940 381.79498291 64 255 128
168.09237671 292.96023560 470.00402832 64 255 128
120.81934357 154.43658447 394.14123535 64 255 128
111.78781128 246.08750916 461.97494507 64 255 128
222.44302368 262.52209473 438.54202271 64 255 128
111.74650574 302.04565430 448.33807373 64 255 128
216.91000366 300.38000488 420.52001953 64 255 128
182.42500305 205.88000488 434.89999390 64 255 128
172.53599548 169.09399414 414.17700195 64 255 128
192.46199036 250.97399902 410.83401489 64 255 128
122.13939667 151.50433350 459.74380493 64 255 128
144.27128601 261.65686035 383.39733887 64 255 128
88.76430511 164.25291443 399.34103394 64 255 128
163.03810120 239.42980957 448.28231812 64 255 128
74.86445618 217.38038635 509.54498291 64 255 128
165.24600220 165.94099426 409.38800049 64 255 128
90.70847321 145.60168457 420.21069336 64 255 128
175.53498840 190.72698975 435.81201172 64 255 128
110.62147522 257.91580200 462.72897339 64 255 128
158.41729736 308.31738281 411.84500122 64 255 128
124.25018311 306.34313965 415.23110962 64 255 128
91.94401550 187.63409424 384.31054688 64 255 128
118.71919250 126.24539185 467.73410034 64 255 128
228.31318665 304.79400635 430.55941772 64 255 128
93.49378967 263.41320801 388.80755615 64 255 128
81.22383881 149.12951660 446.60006714 64 255 128
79.04021454 243.51191711 392.88049316 64 255 128
157.42358398 192.76068115 394.06259155 64 255 128
198.15499878 206.10700989 419.19299316 64 255 128
107.71383667 122.97834015 453.40109253 64 255 128
236.15600586 251.51899719 418.52999878 64 255 128
146.84645081 263.90988159 462.33636475 64 255 128
100.62700653 298.98809814 416.61715698 64 255 128
138.35101318 247.55273438 442.04568481 64 255 128
158.26499939 193.81498718 467.31698608 64 255 128
138.63717651 210.11329651 372.78237915 64 255 128
163.16799927 176.20599365 404.33499146 64 255 128
107.64136505 305.03320312 453.69509888 64 255 128
115.75541687 204.91567993 370.05551147 64 255 128
120.52063751 287.23461914 473.70608521 64 255 128
100.00563049 197.74813843 486.18142700 64 255 128
155.18325806 284.22393799 463.81326294 64 255 128
64.88738251 192.61222839 450.56698608 64 255 128
164.96966553 309.48776245 465.35415649 64 255 128
87.77358246 275.52371216 402.43572998 64 255 128
211.63270569 248.33410645 448.16183472 64 255 128
153.20884705 244.96047974 447.02636719 64 255 128
146.41499329 126.91899872 428.47299194 64 255 128
145.55099487 149.40499878 450.53500366 64 255 128
216.67570496 315.60464478 445.72888184 64 255 128
179.68099976 217.08399963 408.38000488 64 255 128
66.68659210 203.87765503 429.19296265 64 255 128
78.06732941 158.89602661 434.92211914 64 255 128
79.02476501 196.24137878 505.05947876 64 255 128
206.79600525 207.28399658 436.15002441 64 255 128
123.01127625 126.45383453 425.60134888 64 255 128
139.25764465 266.61758423 460.05233765 64 255 128
150.96218872 279.45904541 393.86029053 64 255 128
83.55907440 141.86837769 468.37200928 64 255 128
76.74884796 151.56315613 473.25418091 64 255 128
208.72679138 318.58352661 438.84851074 64 255 128
84.12133026 294.36776733 466.59078979 64 255 128
168.70500183 148.88600159 427.89001465 64 255 128
93.03169250 302.66915894 464.30380249 64 255 128
103.29262543 127.59423065 433.57901001 64 255 128
200.65400696 200.34800720 455.06600952 64 255 128
183.17199707 238.21499634 403.95098877 64 255 128
212.80300903 222.56599426 422.86199951 64 255 128
155.60401917 211.45303345 384.36059570 64 255 128
117.08773804 287.81954956 466.62057495 64 255 128
134.12704468 149.59971619 405.24795532 64 255 128
142.79902649 264.17938232 431.07882690 64 255 128
146.91799927 185.76699829 470.08700562 64 255 128
122.63709259 219.21929932 364.72122192 64 255 128
135.00566101 196.26132202 375.72601318 64 255 128
202.12001038 294.45001221 413.83001709 64 255 128
82.80242920 278.10205078 422.99435425 64 255 128
147.68133545 268.20626831 439.88391113 64 255 128
192.03700256 212.31399536 465.59301758 64 255 128
71.70288849 174.88926697 437.89425659 64 255 128
228.54298401 233.60212708 436.11077881 64 255 128
239.13299561 232.55799866 421.05599976 64 255 128
66.14623260 181.20352173 480.80010986 64 255 128
105.72801208 303.72601318 418.97879028 64 255 128
231.67900085 279.69802856 421.26199341 64 255 128
197.00099182 255.11300659 457.06399536 64 255 128
102.21099091 234.42195129 484.36083984 64 255 128
132.57350159 227.75120544 369.78552246 64 255 128
64.55229187 194.38490295 482.97463989 64 255 128
146.99900818 138.27799988 417.02301025 64 255 128
114.68220520 184.13104248 468.74414062 64 255 128
75.79389954 173.69468689 428.71096802 64 255 128
96.04267120 210.26599121 492.76257324 64 255 128
101.20180511 201.33259583 376.51016235 64 255 128
213.97200012 289.06100464 416.00201416 64 255 128
88.27652740 254.88687134 489.55633545 64 255 128
143.66671753 252.43231201 458.52212524 64 255 128
144.02600098 141.44200134 450.97500610 64 255 128
171.96099854 202.35200500 462.39297485 64 255 128
131.04347229 264.02261353 381.30508423 64 255 128
140.48469543 215.15235901 466.79541016 64 255 128
147.07910156 304.51739502 409.02490234 64 255 128
110.83232117 253.50730896 377.45614624 64 255 128
142.98049927 300.72653198 484.28640747 64 255 128
118.70048523 144.68850708 401.67303467 64 255 128
129.59382629 246.09526062 457.06607056 64 255 128
63.71523285 240.68473816 457.33505249 64 255 128
78.22280884 149.77665710 460.89752197 64 255 128
96.00699615 289.97494507 473.00979614 64 255 128
196.89401245 192.24000549 424.96301270 64 255 128
147.72587585 257.70037842 440.72943115 64 255 128
167.07106018 239.35487366 455.80224609 64 255 128
146.01370239 240.89845276 434.56640625 64 255 128
211.39700317 280.98898315 416.39797974 64 255 128
185.63600159 204.43699646 440.94500732 64 255 128
171.74400330 196.32099915 427.48800659 64 255 128
89.56159973 223.76676941 379.85903931 64 255 128
221.49038696 245.14971924 440.90853882 64 255 128
131.33874512 282.47100830 467.81506348 64 255 128
67.15719604 261.12844849 448.89443970 64 255 128
125.62346649 268.53930664 464.65679932 64 255 128
222.64300537 251.00898743 415.96902466 64 255 128
153.31700134 166.46798706 403.86099243 64 255 128
188.50299072 264.38098145 411.41699219 64 255 128
170.04998779 234.67098999 396.73800659 64 255 128
211.47541809 239.49139404 447.96847534 64 255 128
124.97862244 117.10752869 456.45501709 64 255 128
81.24483490 150.80020142 434.18014526 64 255 128
92.05551910 136.83512878 435.75875854 64 255 128
82.93428040 183.60734558 494.75653076 64 255 128
163.47099304 199.96101379 465.20297241 64 255 128
63.22649765 193.18434143 473.43194580 64 255 128
77.10481262 285.68722534 458.96865845 64 255 128
67.29648590 263.58471680 460.22885132 64 255 128
165.55117798 267.74935913 398.96447754 64 255 128
96.73600006 300.03765869 429.99584961 64 255 128
210.57951355 282.40808105 442.97683716 64 255 128
177.03799438 231.48500061 462.58801270 64 255 128
218.27287292 223.73272705 430.41314697 64 255 128
83.39483643 166.01260376 404.38574219 64 255 128
172.59899902 212.29598999 463.67700195 64 255 128
143.72969055 314.43542480 439.00537109 64 255 128
205.08999634 282.02700806 413.72601318 64 255 128
212.40599060 271.97302246 416.03500366 64 255 128
85.94580078 157.80787659 411.73699951 64 255 128
167.40165710 315.44616699 431.18328857 64 255 128
129.44506836 280.27059937 389.45584106 64 255 128
168.83398438 311.05001831 418.86764526 64 255 128
67.95651245 171.29837036 473.74197388 64 255 128
69.28758240 247.96292114 424.30203247 64 255 128
70.79558563 244.01023865 497.71478271 64 255 128
153.67202759 209.90095520 458.16778564 64 255 128
172.03228760 309.97021484 464.00546265 64 255 128
112.68893433 199.18463135 373.83993530 64 255 128
183.01499939 210.39199829 464.27499390 64 255 128
204.71870422 318.21691895 432.33020020 64 255 128
159.09999084 163.16600037 446.69000244 64 255 128
113.72750854 311.64736938 444.28063965 64 255 128
92.12584686 155.50158691 403.21679688 64 255 128
125.84342194 225.76463318 448.49343872 64 255 128
147.22872925 295.99533081 401.97723389 64 255 128
187.71710205 316.79260254 426.46594238 64 255 128
164.91099548 153.75299072 438.82901001 64 255 128
151.49649048 288.39617920 398.16137695 64 255 128
70.61007690 237.05490112 413.52774048 64 255 128
138.82600403 153.37899780 454.47900391 64 255 128
82.51158905 146.35856628 474.23406982 64 255 128
106.18803406 310.72616577 439.44955444 64 255 128
162.51905823 304.19903564 408.53298950 64 255 128
203.59500122 252.24798584 411.24099731 64 255 128
165.34201050 164.82600403 442.37500000 64 255 128
93.81569672 270.09375000 393.33264160 64 255 128
176.81799316 230.35700989 401.00900269 64 255 128
170.89900208 188.78500366 404.75698853 64 255 128
111.70484924 201.20896912 479.74841309 64 255 128
149.34925842 225.36401367 438.78768921 64 255 128
78.25864410 187.11968994 403.49819946 64 255 128
180.05799866 178.55699158 420.13101196 64 255 128
183.33299255 261.13198853 408.55801392 64 255 128
137.34397888 233.38706970 442.82250977 64 255 128
193.09100342 234.95899963 458.93899536 64 255 128
167.00201416 223.20399475 395.87597656 64 255 128
211.86238098 224.62957764 437.31997681 64 255 128
154.06611633 245.50650024 384.32196045 64 255 128
170.49600220 198.03201294 403.88299561 64 255 128
72.05577087 186.38858032 502.35528564 64 255 128
232.32626343 244.57708740 432.94610596 64 255 128
154.87869263 254.57492065 389.78216553 64 255 128
189.85598755 196.96600342 420.22601318 64 255 128
167.99894714 312.35873413 452.38119507 64 255 128
112.88769531 159.57246399 463.16119385 64 255 128
84.80486298 268.24899292 400.04992676 64 255 128
100.16888428 275.88006592 393.74298096 64 255 128
172.16900635 221.02198792 465.49200439 64 255 128
102.22142029 294.24069214 408.66412354 64 255 128
85.78018188 174.37232971 483.97952271 64 255 128
168.58134460 252.23175049 463.88754272 64 255 128
91.96254730 178.37245178 388.23233032 64 255 128
162.55299377 159.16099548 410.36297607 64 255 128
151.93196106 188.85023499 389.83251953 64 255 128
157.25543213 251.72981262 440.53286743 64 255 128
172.92300415 194.66101074 440.48800659 64 255 128
117.29676819 268.42230225 384.36962891 64 255 128
107.94872284 280.30502319 393.37658691 64 255 128
112.11493683 305.24414062 417.47186279 64 255 128
98.36727905 303.65243530 468.26742554 64 255 128
130.27000427 147.13090515 458.77795410 64 255 128
120.71775055 214.09411621 438.99591064 64 255 128
182.48747253 291.81451416 408.36166382 64 255 128
223.70600891 276.67901611 418.82000732 64 255 128
160.20393372 303.14941406 478.38839722 64 255 128
119.82099915 228.74891663 365.83715820 64 255 128
103.17145538 252.77423096 463.67675781 64 255 128
102.79479980 204.77880859 486.78030396 64 255 128
193.00801086 270.15899658 459.15499878 64 255 128
148.33399963 122.75099945 439.56698608 64 255 128
167.85099792 209.81100464 400.41400146 64 255 128
153.59393311 301.46246338 482.60015869 64 255 128
64.25964355 227.42547607 455.62466431 64 255 128
147.03059387 246.00091553 380.33047485 64 255 128
202.39601135 192.87200928 437.20300293 64 255 128
74.26041412 214.84483337 401.33676147 64 255 128
147.19210815 308.50878906 462.73898315 64 255 128
127.42978668 181.62445068 464.72888184 64 255 128
164.59199524 223.69299316 460.41900635 64 255 128
141.50747681 204.13505554 444.45532227 64 255 128
207.84375000 307.49230957 447.33032227 64 255 128
136.05818176 296.23556519 400.61489868 64 255 128
128.77728271 187.48873901 467.96972656 64 255 128
132.58082581 206.60639954 441.90414429 64 255 128
142.68269348 208.66998291 452.42480469 64 255 128
132.43977356 211.03640747 472.07452393 64 255 128
116.85584259 304.60696411 462.65924072 64 255 128
87.83416748 259.39596558 390.13912964 64 255 128
85.06130981 155.93318176 422.04208374 64 255 128
140.13600159 163.97599792 458.30899048 64 255 128
183.85073853 249.40155029 462.11923218 64 255 128
114.20326996 186.41229248 376.77169800 64 255 128
66.97149658 226.34570312 423.65039062 64 255 128
189.06242371 273.19430542 410.30822754 64 255 128
113.66106415 277.29846191 390.05471802 64 255 128
173.31652832 280.25820923 405.05862427 64 255 128
99.09482574 249.42594910 480.04800415 64 255 128
172.73797607 272.86782837 460.29415894 64 255 128
231.89599609 265.83401489 418.75100708 64 255 128
101.40853119 270.65884399 466.76809692 64 255 128
101.86708069 189.64118958 378.62030029 64 255 128
93.34736633 299.87939453 470.78720093 64 255 128
128.30586243 285.45989990 473.93588257 64 255 128
103.29320526 219.50230408 486.65914917 64 255 128
141.33665466 163.25796509 398.98022461 64 255 128
112.14537048 121.77635956 460.71936035 64 255 128
165.73600769 154.34899902 414.79699707 64 255 128
193.42214966 298.27960205 457.79489136 64 255 128
122.19522095 200.00729370 473.68185425 64 255 128
63.31280518 250.36149597 456.03875732 64 255 128
122.19210052 311.01037598 442.01669312 64 255 128
180.67201233 189.80500793 421.61499023 64 255 128
104.34858704 181.03329468 473.19857788 64 255 128
117.58654022 246.80320740 458.63037109 64 255 128
148.40200806 161.85800171 451.90600586 64 255 128
203.78799438 271.99102783 450.23999023 64 255 128
64.79090118 246.86903381 440.74154663 64 255 128
131.01417542 159.28146362 395.19308472 64 255 128
71.04618073 269.79129028 471.41754150 64 255 128
106.16287231 172.34388733 468.05920410 64 255 128
202.77865601 282.12185669 448.67773438 64 255 128
159.70538330 233.96159363 447.14685059 64 255 128
68.21225739 225.72106934 506.68667603 64 255 128
193.80509949 280.16604614 457.24777222 64 255 128
155.42556763 202.11683655 387.38403320 64 255 128
149.86816406 279.95928955 462.12152100 64 255 128
194.45300293 188.04200745 432.31698608 64 255 128
205.55015564 306.69036865 418.23104858 64 255 128
226.90415955 292.49658203 429.58151245 64 255 128
104.99930573 272.98120117 390.04193115 64 255 128
132.68954468 299.43453979 405.79187012 64 255 128
94.17467499 241.67871094 488.46054077 64 255 128
65.60595703 206.32926941 497.95126343 64 255 128
155.30200195 156.80200195 408.53100586 64 255 128
72.31606293 201.18249512 509.55944824 64 255 128
163.56199646 216.84199524 456.39398193 64 255 128
158.68901062 180.78799438 401.04800415 64 255 128
130.90306091 209.18519592 447.45989990 64 255 128
200.73098755 271.01901245 413.76098633 64 255 128
227.58633423 257.82974243 435.75469971 64 255 128
74.38429260 279.94274902 464.22802734 64 255 128
149.76504517 213.96018982 443.65029907 64 255 128
112.09756470 154.03202820 393.98886108 64 255 128
86.53163147 248.51644897 383.30184937 64 255 128
239.47834778 249.98030090 427.71939087 64 255 128
97.07569122 168.96037292 473.23889160 64 255 128
191.44013977 283.17324829 410.62347412 64 255 128
152.99099731 129.76300049 426.12399292 64 255 128
85.08520508 224.11575317 384.54898071 64 255 128
146.96299744 123.33100128 447.02600098 64 255 128
211.91110229 261.78530884 444.52795410 64 255 128
125.35111237 313.03811646 436.79718018 64 255 128
165.26100159 141.23399353 431.47097778 64 255 128
192.96427917 289.95874023 457.42993164 64 255 128
146.75366211 199.14567566 381.64501953 64 255 128
115.75536346 165.59465027 385.93035889 64 255 128
136.21224976 247.39099121 452.78683472 64 255 128
83.47563171 260.63922119 394.52764893 64 255 128
76.42733765 277.05184937 439.45773315 64 255 128
122.05456543 249.71028137 375.48880005 64 255 128
153.22399902 180.11300659 462.18298340 64 255 128
115.00827789 220.15940857 477.04083252 64 255 128
159.90200806 168.80000305 405.71099854 64 255 128
141.25700378 134.72900391 419.50100708 64 255 128
156.80639648 252.01371765 461.63583374 64 255 128
183.35501099 230.88499451 463.30899048 64 255 128
202.37399292 205.37899780 423.80398560 64 255 128
173.12599182 171.80299377 434.67700195 64 255 128
81.65724182 281.02334595 470.07604980 64 255 128
158.33810425 277.40686035 396.55349731 64 255 128
143.96652222 285.65631104 470.87066650 64 255 128
212.98971558 304.32339478 439.49435425 64 255 128
94.43026733 174.38594055 477.24453735 64 255 128
158.79429626 299.09750366 406.05682373 64 255 128
181.60311890 315.70172119 425.06643677 64 255 128
130.23886108 278.67306519 463.09411621 64 255 128
173.62648010 316.25521851 432.58099365 64 255 128
137.98347473 310.79901123 454.70654297 64 255 128
133.93890381 122.06184387 434.84765625 64 255 128
163.37500000 181.79098511 455.57998657 64 255 128
193.97200012 243.17201233 459.13601685 64 255 128
84.83178711 276.00595093 408.97186279 64 255 128
167.50698853 199.90299988 398.52700806 64 255 128
174.78999329 211.71400452 410.61898804 64 255 128
75.06945801 155.28166199 462.19561768 64 255 128
88.99684143 150.53782654 474.18850708 64 255 128
158.50668335 245.27227783 458.17993164 64 255 128
165.07199097 148.35700989 417.27200317 64 255 128
91.39197540 289.03973389 421.38833618 64 255 128
126.28932190 214.30764771 366.09478760 64 255 128
99.73856354 141.53659058 409.65954590 64 255 128
134.49555969 262.64447021 459.23904419 64 255 128
159.40399170 187.41000366 462.41900635 64 255 128
91.64765930 137.32406616 472.56527710 64 255 128
130.88368225 249.42747498 377.45046997 64 255 128
101.09929657 282.02969360 472.79882812 64 255 128
64.10803223 210.17547607 481.58511353 64 255 128
144.04367065 294.67239380 486.51275635 64 255 128
76.46800995 163.04278564 482.25442505 64 255 128
178.93399048 187.51600647 411.07199097 64 255 128
161.00401306 139.62399292 420.15902710 64 255 128
82.61286163 197.08427429 390.96380615 64 255 128
95.81659698 232.67613220 372.92141724 64 255 128
105.94677734 287.10900879 398.99935913 64 255 128
212.77828979 311.41128540 448.14688110 64 255 128
72.22702789 158.93595886 473.49758911 64 255 128
205.72698975 202.76499939 440.66198730 64 255 128
67.30481720 212.46380615 504.54843140 64 255 128
80.21644592 167.29737854 417.66714478 64 255 128
181.20497131 280.80157471 459.42388916 64 255 128
211.43199158 242.11799622 413.47302246 64 255 128
194.57234192 304.03372192 415.58584595 64 255 128
121.75130463 130.88719177 464.18624878 64 255 128
156.25099182 142.02200317 443.86300659 64 255 128
205.64399719 214.50900269 431.81900024 64 255 128
75.45890045 157.88502502 444.96496582 64 255 128
161.78799438 255.79499817 398.30899048 64 255 128
174.67300415 262.30001831 405.93698120 64 255 128
70.99835205 187.71903992 433.72927856 64 255 128
64.59788513 185.31021118 473.91574097 64 255 128
96.18745422 246.29508972 484.37399292 64 255 128
198.68600464 277.15298462 413.02301025 64 255 128
122.10742188 312.91302490 430.67126465 64 255 128
92.31382751 301.07675171 442.59985352 64 255 128
90.25995636 237.09217834 377.70593262 64 255 128
85.85562897 264.04846191 486.62997437 64 255 128
183.45802307 310.04891968 467.75344849 64 255 128
112.88071442 295.26321411 465.05920410 64 255 128
196.21154785 310.53509521 466.42440796 64 255 128
87.26966858 138.83515930 454.67358398 64 255 128
90.60240173 202.93362427 496.56188965 64 255 128
97.28139496 134.69601440 472.01937866 64 255 128
135.01142883 242.87829590 446.17266846 64 255 128
65.19824982 241.37358093 435.13479614 64 255 128
189.48699951 217.51399231 411.89398193 64 255 128
76.23390198 241.46611023 399.39880371 64 255 128
131.34825134 130.36692810 421.59735107 64 255 128
70.51295471 216.39839172 411.82745361 64 255 128
199.18704224 288.43572998 451.11172485 64 255 128
62.81020355 232.98683167 441.44833374 64 255 128
101.72638702 186.13990784 478.15225220 64 255 128
160.31953430 224.89265442 387.84341431 64 255 128
88.90827942 281.78747559 467.14727783 64 255 128
188.04800415 261.77401733 461.18997192 64 255 128
227.30931091 283.37689209 430.93774414 64 255 128
173.69699097 204.17800903 456.86401367 64 255 128
173.72007751 273.09548950 404.46249390 64 255 128
154.18075562 311.97247314 448.20462036 64 255 128
192.15544128 318.46585083 431.87628174 64 255 128
143.07261658 251.85388184 443.06787109 64 255 128
205.33999634 250.28198242 451.87899780 64 255 128
133.15420532 178.58949280 382.29434204 64 255 128
144.74218750 235.25817871 438.18405151 64 255 128
91.64143372 267.94342041 463.62228394 64 255 128
72.41484070 257.13766479 419.51565552 64 255 128
85.42287445 193.92178345 498.79122925 64 255 128
154.78109741 221.29278564 379.90847778 64 255 128
146.04600525 129.80200195 450.88699341 64 255 128
199.56700134 219.36799622 415.37600708 64 255 128
84.17398071 254.48146057 494.96829224 64 255 128
185.91098022 301.32293701 470.94824219 64 255 128
238.46797180 270.78915405 427.23452759 64 255 128
137.33389282 218.17221069 371.54299927 64 255 128
190.20600891 201.45500183 414.50799561 64 255 128
79.80091095 175.83111572 405.28430176 64 255 128
144.35820007 226.19317627 375.50302124 64 255 128
175.86900330 193.50199890 420.69500732 64 255 128
65.69063568 209.13450623 433.03491211 64 255 128
79.92276764 210.90385437 389.98858643 64 255 128
107.88543701 241.08906555 474.91662598 64 255 128
86.80673981 142.81388855 434.54147339 64 255 128
152.39576721 307.61227417 413.22982788 64 255 128
124.27436829 256.32443237 462.37927246 64 255 128
122.62700653 135.01690674 412.71020508 64 255 128
201.49899292 287.40399170 413.80102539 64 255 128
211.51347351 268.78488159 443.85980225 64 255 128
71.53053284 186.36109924 422.48379517 64 255 128
228.27200317 292.07199097 422.21701050 64 255 128
142.92112732 289.02099609 476.86111450 64 255 128
80.56273651 249.32122803 391.54531860 64 255 128
76.50614166 231.10343933 396.59622192 64 255 128
62.73534012 199.90190125 459.90103149 64 255 128
143.70298767 312.81359863 445.93499756 64 255 128
169.92700195 165.23399353 436.92098999 64 255 128
216.34327698 250.45433044 444.65203857 64 255 128
134.17700195 133.04998779 459.37899780 64 255 128
111.57868195 169.27868652 465.71810913 64 255 128
147.22644043 189.84219360 385.21173096 64 255 128
71.50570679 261.66394043 430.33322144 64 255 128
199.99499512 232.70199585 411.67898560 64 255 128
64.59860992 213.58921814 452.54782104 64 255 128
192.69033813 315.88705444 454.06811523 64 255 128
160.19599915 207.22000122 466.49200439 64 255 128
87.24366760 270.41903687 467.28897095 64 255 128
203.13101196 205.79800415 454.96099854 64 255 128
121.10125732 193.55799866 375.19006348 64 255 128
71.72605896 258.97543335 481.74288940 64 255 128
180.60900879 186.43400574 429.93701172 64 255 128
70.44126892 167.00386047 453.78463745 64 255 128
70.34061432 221.14653015 511.48873901 64 255 128
154.65100098 145.36698914 413.93798828 64 255 128
67.64324188 230.33491516 492.38623047 64 255 128
172.64112854 263.54077148 461.30316162 64 255 128
79.66585541 221.17010498 505.05035400 64 255 128
152.97723389 177.72776794 396.97695923 64 255 128
177.25900269 244.29899597 402.04598999 64 255 128
136.55667114 315.42642212 430.71578979 64 255 128
206.80200195 208.77999878 444.36801147 64 255 128
115.90713501 234.05651855 470.91534424 64 255 128
70.66861725 205.81306458 414.88647461 64 255 128
154.43806458 240.57719421 436.63482666 64 255 128
88.33310699 247.21951294 493.75466919 64 255 128
154.66336060 195.25718689 389.68893433 64 255 128
212.10522461 233.76554871 445.70654297 64 255 128
145.64199829 155.31399536 451.17599487 64 255 128
194.07400513 207.65000916 413.61999512 64 255 128
241.97093201 238.54089355 425.32287598 64 255 128
146.95556641 245.90287781 441.78585815 64 255 128
155.94438171 213.31747437 451.08575439 64 255 128
97.32025146 298.14999390 421.43481445 64 255 128
103.05762482 213.19845581 371.86422729 64 255 128
108.79602051 128.84677124 423.01556396 64 255 128
137.56045532 259.29437256 437.50573730 64 255 128
175.25898743 177.73100281 434.55300903 64 255 128
172.29600525 204.01200867 419.58300781 64 255 128
107.51118469 234.53359985 368.01055908 64 255 128
165.55003357 231.16899109 451.74676514 64 255 128
129.20770264 199.25308228 373.22979736 64 255 128
136.53677368 119.42914581 443.49401855 64 255 128
231.04690552 224.02966309 429.84017944 64 255 128
64.52482605 184.84420776 467.19778442 64 255 128
62.80056381 238.50315857 446.36096191 64 255 128
157.17086792 238.73953247 448.27154541 64 255 128
76.37779236 255.03843689 406.73501587 64 255 128
212.45298767 259.73400879 415.59100342 64 255 128
202.98400879 318.75076294 442.71261597 64 255 128
125.26593781 153.26377869 397.37924194 64 255 128
69.97074127 166.46464539 463.39199829 64 255 128
169.22700500 154.07901001 432.71499634 64 255 128
143.59388733 210.79641724 376.16412354 64 255 128
153.76945496 204.77282715 472.89315796 64 255 128
145.46200562 247.68521118 432.80453491 64 255 128
186.98400879 202.86799622 430.28198242 64 255 128
128.36238098 307.08483887 467.98937988 64 255 128
143.58200073 156.16999817 405.51400757 64 255 128
79.39588165 251.63772583 499.35446167 64 255 128
69.65461731 185.83790588 439.73065186 64 255 128
72.53378296 168.23693848 440.18954468 64 255 128
157.67582703 234.96659851 440.52902222 64 255 128
84.03566742 296.61849976 457.08886719 64 255 128
86.65540314 175.65562439 394.27423096 64 255 128
76.85865021 260.62145996 492.77078247 64 255 128
106.41619110 304.53662109 459.59387207 64 255 128
146.86415100 257.24774170 461.25164795 64 255 128
144.70668030 287.46542358 395.95260620 64 255 128
84.74925232 168.62542725 481.84170532 64 255 128
70.92149353 170.92990112 486.76110840 64 255 128
110.53160095 291.40551758 470.33724976 64 255 128
233.81100464 230.11300659 421.13302612 64 255 128
165.74800110 187.95199585 401.52001953 64 255 128
122.64178467 209.23313904 434.23071289 64 255 128
163.93199158 188.33999634 458.67199707 64 255 128
134.45443726 209.99603271 368.61346436 64 255 128
189.56999207 200.95600891 447.55300903 64 255 128
68.10453033 261.22543335 469.90374756 64 255 128
225.98005676 269.50125122 435.00326538 64 255 128
192.38800049 227.60499573 408.83599854 64 255 128
108.46408844 131.14805603 469.96438599 64 255 128
63.85391235 221.60609436 456.07479858 64 255 128
157.82540894 314.93905640 422.85739136 64 255 128
132.29426575 222.98478699 445.26788330 64 255 128
123.34287262 163.60809326 460.13900757 64 255 128
74.15558624 265.01910400 481.89752197 64 255 128
127.46585846 117.89962006 444.39318848 64 255 128
205.73892212 312.99224854 459.07144165 64 255 128
128.93302917 144.93910217 405.04391479 64 255 128
145.71456909 254.14332581 381.73098755 64 255 128
109.07497406 124.63658905 435.63806152 64 255 128
197.84100342 255.98498535 411.13598633 64 255 128
101.39480591 253.62045288 469.28213501 64 255 128
142.92613220 310.68637085 417.42294312 64 255 128
224.65200806 238.55799866 418.59899902 64 255 128
150.40139771 254.45321655 433.39071655 64 255 128
242.44599915 257.81802368 421.99398804 64 255 128
93.45003510 194.60836792 490.56823730 64 255 128
133.20275879 291.83151245 484.33398438 64 255 128
157.21400452 156.93501282 445.62799072 64 255 128
127.67392731 181.62156677 380.69985962 64 255 128
133.38778687 287.15820312 476.35290527 64 255 128
207.39599609 219.98301697 442.74969482 64 255 128
236.24000549 284.29998779 423.68298340 64 255 128
132.48161316 255.56277466 379.86093140 64 255 128
149.65180969 234.73170471 379.49526978 64 255 128
65.24637604 253.20780945 445.91653442 64 255 128
135.02400208 158.09300232 458.47299194 64 255 128
184.94599915 219.49499512 408.92898560 64 255 128
102.06472778 166.07942200 469.75653076 64 255 128
104.05989838 306.28121948 427.17602539 64 255 128
184.46907043 284.35311890 408.11706543 64 255 128
205.38999939 203.34599304 429.10900879 64 255 128
212.15798950 235.73200989 416.34500122 64 255 128
92.90506744 262.45474243 464.83966064 64 255 128
94.44920349 139.43148804 419.43756104 64 255 128
185.47599792 223.18998718 465.52600098 64 255 128
68.14867401 239.53968811 422.67153931 64 255 128
220.44700623 284.26000977 418.88497925 64 255 128
119.58213043 280.13204956 466.82604980 64 255 128
193.27600098 207.51799011 462.67501831 64 255 128
181.38374329 295.25183105 465.14874268 64 255 128
69.18194580 214.10060120 509.79388428 64 255 128
67.55314636 249.75599670 430.16381836 64 255 128
103.48571777 294.70205688 471.85391235 64 255 128
130.10438538 232.85414124 370.66323853 64 255 128
71.88809204 250.86746216 488.79425049 64 255 128
119.99390411 274.32315063 467.22274780 64 255 128
196.24400330 191.56999207 446.83398438 64 255 128
86.80136871 157.65892029 476.86712646 64 255 128
75.56547546 207.32595825 508.65887451 64 255 128
148.50325012 265.65997314 433.74081421 64 255 128
89.71824646 288.46292114 427.00445557 64 255 128
203.38200378 226.77299500 450.30401611 64 255 128
162.28002930 281.83889771 400.09774780 64 255 128
219.67562866 292.63336182 433.77288818 64 255 128
137.02900696 146.90100098 409.53100586 64 255 128
143.19673157 281.70626831 464.58847046 64 255 128
160.27412415 313.46969604 440.74050903 64 255 128
92.99338531 163.90863037 395.66607666 64 255 128
83.92436218 288.00857544 439.21743774 64 255 128
77.26517487 243.93925476 500.91201782 64 255 128
103.24510193 136.62596130 413.49237061 64 255 128
183.61152649 312.31494141 461.40908813 64 255 128
178.65747070 301.61010742 476.91174316 64 255 128
65.93589783 233.34069824 468.80285645 64 255 128
202.02999878 220.37600708 460.07098389 64 255 128
130.42263794 218.68862915 452.19464111 64 255 128
155.14605713 270.22509766 392.43328857 64 255 128
67.96258545 216.47502136 421.52487183 64 255 128
132.16937256 117.43842316 454.38369751 64 255 128
154.08200073 196.25900269 471.92098999 64 255 128
89.48752594 134.97502136 461.72406006 64 255 128
135.71954346 189.37219238 379.38687134 64 255 128
107.76222992 123.40122223 447.83340454 64 255 128
202.12200928 211.85900879 458.98501587 64 255 128
138.70579529 251.91992188 433.11306763 64 255 128
106.60951996 270.49792480 469.19363403 64 255 128
222.13200378 298.52301025 421.68899536 64 255 128
80.96907806 238.10528564 387.51119995 64 255 128
63.73237991 218.05082703 444.10372925 64 255 128
77.37393951 175.68029785 492.20819092 64 255 128
67.24284363 199.27305603 443.05291748 64 255 128
192.27301025 205.50399780 457.30200195 64 255 128
137.52609253 254.91642761 455.50280762 64 255 128
174.19700623 185.06201172 440.80297852 64 255 128
128.39895630 275.16131592 386.60961914 64 255 128
98.49966431 258.51199341 383.20425415 64 255 128
101.76946259 128.02481079 466.24813843 64 255 128
110.55287170 135.09428406 411.52529907 64 255 128
63.11179733 223.57362366 440.12124634 64 255 128
69.14813232 235.89326477 503.98587036 64 255 128
97.45262909 279.52166748 398.65075684 64 255 128
235.19400024 275.28900146 421.27697754 64 255 128
100.53964996 128.95486450 438.18392944 64 255 128
161.02500916 196.99700928 395.92199707 64 255 128
175.36270142 312.99176025 454.55899048 64 255 128
115.63343811 189.17178345 471.47445679 64 255 128
177.74299622 211.44599915 415.39199829 64 255 128
120.65683746 161.14530945 389.67401123 64 255 128
96.00250244 130.25759888 450.38452148 64 255 128
218.00671387 287.69985962 435.89834595 64 255 128
217.18299866 307.17501831 424.43902588 64 255 128
137.96398926 139.29901123 455.41998291 64 255 128
151.43786621 265.99987793 388.52066040 64 255 128
95.60733032 254.51838684 478.62399292 64 255 128
124.07490540 192.23751831 470.34365845 64 255 128
84.12905884 281.79037476 427.89105225 64 255 128
142.23339844 214.72691345 459.35360718 64 255 128
132.91714478 222.12971497 370.02697754 64 255 128
67.19258881 249.97560120 470.32650757 64 255 128
119.07569885 138.57298279 407.25296021 64 255 128
158.49499512 136.88301086 440.37802124 64 255 128
119.03513336 129.02378845 419.80990601 64 255 128
149.72492981 299.64089966 405.70071411 64 255 128
135.47700500 148.94898987 457.42199707 64 255 128
114.16219330 120.04940033 449.87954712 64 255 128
107.81044769 188.81349182 377.60861206 64 255 128
110.13834381 310.10238647 429.78134155 64 255 128
175.64700317 252.43600464 403.46301270 64 255 128
91.13311005 215.55677795 379.45208740 64 255 128
136.10235596 217.30867004 435.25393677 64 255 128
166.82365417 313.63491821 446.32821655 64 255 128
132.94232178 174.53781128 462.16314697 64 255 128
192.45100403 258.08502197 458.73800659 64 255 128
110.49047089 312.09347534 436.19711304 64 255 128
186.72799683 212.69300842 416.60299683 64 255 128
100.05687714 184.48793030 380.65933228 64 255 128
173.13774109 295.38967896 405.66671753 64 255 128
190.09478760 301.12573242 413.77593994 64 255 128
121.22274017 205.10218811 369.12191772 64 255 128
126.12966919 221.82179260 467.71514893 64 255 128
155.24278259 262.91412354 462.18725586 64 255 128
147.11981201 220.72169495 441.06173706 64 255 128
188.33000183 239.01699829 406.96099854 64 255 128
92.99919128 280.32894897 402.58511353 64 255 128
150.29100037 151.85501099 448.68002319 64 255 128
145.29899597 123.06700134 434.93597412 64 255 128
67.52538300 172.23286438 468.26840210 64 255 128
127.21745300 238.53503418 450.40502930 64 255 128
86.57992554 183.02011108 490.66470337 64 255 128
80.11123657 289.73062134 454.88610840 64 255 128
209.42900085 253.58900452 449.04800415 64 255 128
63.27295303 199.02140808 454.34255981 64 255 128
179.11680603 316.78704834 432.05111694 64 255 128
186.56800842 193.80299377 424.77999878 64 255 128
217.74304199 315.31106567 432.74670410 64 255 128
208.00373840 316.38043213 451.65689087 64 255 128
125.86906433 258.88308716 380.12716675 64 255 128
72.68753815 261.93307495 424.59075928 64 255 128
95.89888763 235.97340393 489.13327026 64 255 128
108.68251801 172.08132935 383.02770996 64 255 128
150.37399292 161.81599426 403.57501221 64 255 128
88.10671997 258.58447266 485.45446777 64 255 128
170.56399536 205.97000122 409.57702637 64 255 128
226.52400208 229.06700134 420.29397583 64 255 128
161.97299194 135.25900269 430.11999512 64 255 128
170.39201355 209.88600159 405.37701416 64 255 128
78.30006409 204.52493286 395.06982422 64 255 128
127.98553467 219.78482056 366.08184814 64 255 128
81.53276062 273.75729370 477.63824463 64 255 128
67.24682617 196.81263733 500.37820435 64 255 128
133.19604492 198.57168579 472.07983398 64 255 128
115.80832672 145.82102966 462.97235107 64 255 128
135.66215515 139.18504333 413.98214722 64 255 128
96.37046814 152.46870422 401.92285156 64 255 128
152.96099854 151.86700439 409.05599976 64 255 128
126.25028229 292.31939697 483.31298828 64 255 128
95.96952057 168.34928894 390.85766602 64 255 128
65.55177307 187.95536804 486.48684692 64 255 128
82.86470032 231.09039307 500.87600708 64 255 128
194.03800964 227.38400269 463.35900879 64 255 128
187.57499695 197.95100403 442.94500732 64 255 128
196.67799377 267.93301392 455.76098633 64 255 128
136.97358704 273.63528442 461.09689331 64 255 128
230.05799866 251.53700256 418.64599609 64 255 128
205.62901306 207.67900085 449.62701416 64 255 128
195.73156738 305.35256958 464.86349487 64 255 128
163.36399841 210.97900391 393.84500122 64 255 128
75.76149750 229.42965698 506.71707153 64 255 128
68.89350128 246.63519287 474.61404419 64 255 128
89.50465393 298.87060547 466.03305054 64 255 128
118.48764038 310.34933472 424.36474609 64 255 128
79.46908569 286.47860718 449.58419800 64 255 128
65.72380829 240.97138977 462.43923950 64 255 128
143.19999695 144.66198730 411.99301147 64 255 128
71.30093384 247.66186523 493.62255859 64 255 128
99.44829559 196.26269531 378.08828735 64 255 128
65.42910004 224.31239319 428.69891357 64 255 128
171.02700806 182.80500793 445.54498291 64 255 128
96.90201569 276.74914551 467.03668213 64 255 128
145.63581848 214.08859253 464.83074951 64 255 128
116.12250519 305.05282593 413.87374878 64 255 128
175.96372986 295.23944092 471.05700684 64 255 128
198.35774231 314.65634155 422.15744019 64 255 128
174.02600098 227.33900452 464.44699097 64 255 128
163.44157410 276.86001587 398.90716553 64 255 128
237.01000977 246.16200256 418.46200562 64 255 128
134.16741943 307.22030640 468.18389893 64 255 128
134.69596863 288.90408325 394.70034790 64 255 128
108.51744843 249.01345825 375.03509521 64 255 128
143.78723145 208.68330383 443.47848511 64 255 128
127.77474213 123.78192139 463.97070312 64 255 128
201.30099487 267.33499146 452.44799805 64 255 128
90.32111359 137.38990784 449.01293945 64 255 128
148.04899597 174.79800415 460.61199951 64 255 128
69.23064423 238.89297485 498.23706055 64 255 128
73.01457977 239.91954041 406.34356689 64 255 128
157.23437500 312.23318481 418.16339111 64 255 128
151.67507935 306.91571045 469.25103760 64 255 128
183.05429077 268.92153931 460.09539795 64 255 128
125.55083466 174.92543030 383.14599609 64 255 128
166.62100220 213.05899048 459.96298218 64 255 128
128.07687378 309.52517700 419.48190308 64 255 128
138.68486023 201.28239441 376.30114746 64 255 128
234.93246460 259.25878906 433.07043457 64 255 128
119.96369171 118.02022552 452.16778564 64 255 128
74.98617554 179.27795410 414.71875000 64 255 128
165.58100891 231.92300415 395.55902100 64 255 128
122.59585571 217.56889343 442.40396118 64 255 128
102.94483185 238.38796997 370.77572632 64 255 128
172.04699707 162.33299255 432.31900024 64 255 128
142.08064270 311.82446289 451.47509766 64 255 128
70.25758362 191.60299683 422.59014893 64 255 128
67.10103607 186.69201660 493.63400269 64 255 128
159.56742859 226.46514893 448.05249023 64 255 128
185.17300415 188.63398743 424.42398071 64 255 128
125.71659851 216.59394836 432.47622681 64 255 128
167.28746033 313.84579468 423.08572388 64 255 128
77.52127075 246.95837402 398.19711304 64 255 128
106.87411499 177.30073547 469.82131958 64 255 128
83.05096436 178.21499634 397.88354492 64 255 128
179.01651001 290.33453369 459.22210693 64 255 128
154.40299988 133.46299744 422.52798462 64 255 128
128.25547791 138.86915588 460.02517700 64 255 128
77.08760071 192.38088989 402.76263428 64 255 128
173.34599304 161.07400513 426.61999512 64 255 128
133.04704285 257.35012817 460.38204956 64 255 128
157.96720886 246.69476318 438.51477051 64 255 128
103.79995728 304.46646118 464.81445312 64 255 128
69.68103027 173.78468323 445.05252075 64 255 128
116.14941406 120.63750458 440.67990112 64 255 128
149.82141113 315.65158081 432.09082031 64 255 128
130.12187195 149.58654785 402.11578369 64 255 128
129.09289551 253.88667297 461.28616333 64 255 128
184.54200745 208.22300720 455.98001099 64 255 128
111.46916199 300.97900391 453.54617310 64 255 128
63.51990891 220.25439453 464.36761475 64 255 128
212.04200745 303.18200684 419.92800903 64 255 128
172.63301086 207.44100952 465.84899902 64 255 128
91.74141693 209.68267822 380.61019897 64 255 128
177.81999207 206.15899658 432.01800537 64 255 128
169.29985046 234.77880859 449.05642700 64 255 128
107.53256989 149.56513977 398.40499878 64 255 128
187.73899841 226.13101196 406.74298096 64 255 128
154.48194885 287.54611206 468.56982422 64 255 128
185.72700500 208.04199219 420.46600342 64 255 128
71.56454468 271.46466064 450.60848999 64 255 128
140.70265198 279.06842041 389.95281982 64 255 128
108.06768799 230.97065735 479.69903564 64 255 128
115.98627472 131.91525269 415.27334595 64 255 128
178.96600342 225.47200012 401.32702637 64 255 128
243.45100403 242.49699402 421.75100708 64 255 128
106.22634888 259.51727295 381.33447266 64 255 128
130.41563416 223.17843628 458.61169434 64 255 128
87.79387665 186.18356323 388.44607544 64 255 128
103.22972870 129.08522034 427.75045776 64 255 128
145.28652954 219.62765503 376.79617310 64 255 128
141.97000122 136.46200562 453.45602417 64 255 128
207.27301025 294.01202393 416.39398193 64 255 128
196.58500671 200.84799194 458.39102173 64 255 128
107.43226624 249.40048218 463.66546631 64 255 128
177.03442383 277.58105469 460.27737427 64 255 128
130.24998474 266.23986816 461.48046875 64 255 128
115.97127533 240.34524536 467.08328247 64 255 128
197.87455750 300.54449463 455.33007812 64 255 128
172.84500122 174.07099915 412.47601318 64 255 128
158.28199768 130.93499756 432.16799927 64 255 128
177.04129028 311.95217896 420.24441528 64 255 128
132.94348145 213.25885010 434.64724731 64 255 128
180.49099731 207.13099670 447.89901733 64 255 128
65.54872131 181.25927734 458.07629395 64 255 128
114.04497528 262.48345947 466.18460083 64 255 128
95.37815094 143.52227783 471.40301514 64 255 128
153.17778015 295.08328247 484.14340210 64 255 128
128.62025452 121.61398315 434.81497192 64 255 128
76.68709564 215.70364380 395.41442871 64 255 128
106.54370880 151.99813843 466.38424683 64 255 128
67.60238647 237.73286438 478.73410034 64 255 128
92.02648926 208.57760620 495.60046387 64 255 128
71.18785095 161.29357910 468.86065674 64 255 128
93.02235413 298.74484253 436.26864624 64 255 128
70.97814178 178.84187317 494.19210815 64 255 128
171.98200989 216.86999512 400.24502563 64 255 128
80.37478638 145.31565857 462.90167236 64 255 128
153.11526489 211.53149414 379.79699707 64 255 128
154.29798889 131.36000061 442.16000366 64 255 128
180.12684631 270.58959961 406.65341187 64 255 128
141.65701294 305.91516113 471.62991333 64 255 128
120.66260529 307.27322388 460.28216553 64 255 128
85.54571533 242.78298950 496.68261719 64 255 128
81.63060760 220.30993652 387.47262573 64 255 128
223.56828308 235.27687073 438.78897095 64 255 128
97.87233734 154.33110046 470.83093262 64 255 128
128.06278992 188.85629272 377.50137329 64 255 128
157.24200439 257.32202148 396.25997925 64 255 128
193.00180054 314.10311890 459.30215454 64 255 128
139.05630493 304.56231689 476.80899048 64 255 128
149.00337219 304.70806885 474.47329712 64 255 128
203.63600159 240.42900085 412.98199463 64 255 128
220.54405212 276.38748169 434.82003784 64 255 128
207.34652710 230.46118164 447.52413940 64 255 128
127.94192505 159.56553650 459.68966675 64 255 128
79.99474335 269.92956543 483.20471191 64 255 128
67.65937805 256.26184082 436.22161865 64 255 128
192.37542725 292.71002197 411.42245483 64 255 128
70.08576202 163.71632385 473.73568726 64 255 128
75.45024872 257.57192993 411.49783325 64 255 128
159.36689758 294.17202759 404.34735107 64 255 128
169.61732483 297.90637207 479.30166626 64 255 128
169.06199646 174.43499756 444.19699097 64 255 128
176.98001099 171.58900452 425.70199585 64 255 128
129.48454285 306.46435547 414.51098633 64 255 128
113.33865356 293.28414917 401.21289062 64 255 128
113.94280243 165.36912537 463.32153320 64 255 128
102.34581757 225.95805359 369.69146729 64 255 128
194.20599365 229.92700195 458.38299561 64 255 128
95.69374847 243.68528748 375.48666382 64 255 128
64.24439240 187.18716431 457.33087158 64 255 128
99.83140564 217.18025208 372.74108887 64 255 128
178.81480408 310.33526611 465.22015381 64 255 128
116.15790558 138.09632874 464.56930542 64 255 128
144.89236450 176.97949219 389.33749390 64 255 128
138.60377502 120.04937744 455.16699219 64 255 128
109.47059631 275.43951416 469.36181641 64 255 128
221.16600037 264.19500732 416.05599976 64 255 128
70.13068390 197.11329651 418.08062744 64 255 128
79.00712585 152.36776733 449.77764893 64 255 128
139.87385559 236.49127197 376.23098755 64 255 128
203.19143677 307.33062744 455.78713989 64 255 128
72.69801331 159.47666931 464.12011719 64 255 128
166.17399597 244.44699097 396.83999634 64 255 128
190.40800476 191.77400208 440.86700439 64 255 128
141.86592102 258.68673706 429.60821533 64 255 128
76.42083740 279.62750244 445.28775024 64 255 128
107.76501465 212.12315369 370.11877441 64 255 128
133.43560791 314.50704956 442.50622559 64 255 128
111.87720490 175.58665466 380.55209351 64 255 128
137.53073120 212.42227173 470.72262573 64 255 128
140.76815796 224.73760986 440.04226685 64 255 128
123.49665833 143.89939880 403.49722290 64 255 128
65.91769409 219.91928101 494.86618042 64 255 128
64.01365662 215.49867249 433.63668823 64 255 128
172.71701050 178.80499268 409.82299805 64 255 128
182.11692810 244.01477051 462.18811035 64 255 128
211.66511536 274.68423462 442.82046509 64 255 128
147.32113647 262.97079468 440.13998413 64 255 128
81.51589203 289.93743896 466.84185791 64 255 128
140.01051331 198.33596802 471.69876099 64 255 128
117.57156372 119.37769318 445.52285767 64 255 128
141.93725586 189.06262207 383.02246094 64 255 128
105.25904846 284.64190674 470.45581055 64 255 128
66.25459290 181.77542114 452.20239258 64 255 128
110.33456421 218.61592102 367.35998535 64 255 128
77.71790314 165.19348145 430.67166138 64 255 128
62.96974564 214.35305786 473.47338867 64 255 128
66.55401611 261.22988892 454.16830444 64 255 128
202.10899353 226.92799377 456.86502075 64 255 128
227.56700134 302.35101318 426.07501221 64 255 128
234.48300171 238.42900085 418.44100952 64 255 128
147.16123962 204.74917603 379.16540527 64 255 128
66.49173737 225.03897095 492.55743408 64 255 128
215.44741821 237.46936035 444.69470215 64 255 128
109.22853851 146.81565857 465.64300537 64 255 128
72.20870972 274.29986572 467.07186890 64 255 128
121.66410065 218.38781738 472.85238647 64 255 128
111.50510406 266.75424194 384.56097412 64 255 128
217.93901062 253.29499817 416.07498169 64 255 128
243.48199463 230.22300720 425.46099854 64 255 128
118.15278625 293.32455444 476.76425171 64 255 128
67.05014801 232.42338562 423.78082275 64 255 128
144.06533813 166.47738647 395.58694458 64 255 128
63.78904724 252.35720825 451.11065674 64 255 128
213.68099976 294.12902832 416.31298828 64 255 128
86.67060089 267.61611938 472.16473389 64 255 128
134.16482544 214.26058960 455.13195801 64 255 128
189.52832031 312.23440552 419.91790771 64 255 128
201.33233643 276.77026367 451.17276001 64 255 128
91.03544617 250.68226624 382.09216309 64 255 128
69.58280182 168.74105835 458.61703491 64 255 128
153.69099426 161.88499451 449.08898926 64 255 128
166.70799255 143.55799866 427.19299316 64 255 128
125.83821869 311.69305420 447.77096558 64 255 128
128.20550537 131.98216248 417.58499146 64 255 128
221.06497192 311.66638184 437.31893921 64 255 128
86.79827881 169.78302002 397.52752686 64 255 128
93.43885040 178.36071777 480.05764771 64 255 128
140.52098083 119.31447601 446.92153931 64 255 128
231.13031006 238.16802979 434.95541382 64 255 128
207.06538391 316.46289062 427.80892944 64 255 128
136.66870117 263.22244263 382.34469604 64 255 128
160.13369751 214.93344116 390.44805908 64 255 128
163.00415039 254.87658691 462.67559814 64 255 128
216.74064636 257.17584229 442.05493164 64 255 128
62.95523071 200.55726624 466.09298706 64 255 128
194.50999451 241.77000427 409.26901245 64 255 128
201.88299561 244.12199402 453.97799683 64 255 128
210.78617859 312.04092407 424.59289551 64 255 128
147.25889587 211.19972229 453.76882935 64 255 128
150.57800293 142.43798828 414.52099609 64 255 128
85.09465027 198.78393555 386.85382080 64 255 128
123.50665283 294.46286011 399.36828613 64 255 128
198.38000488 313.30538940 461.28134155 64 255 128
223.43600464 223.44300842 427.40399170 64 255 128
141.50587463 307.20794678 466.67999268 64 255 128
137.12686157 126.00317383 429.22738647 64 255 128
140.76939392 206.39578247 472.02291870 64 255 128
106.55599213 212.59982300 484.40029907 64 255 128
147.06167603 316.25204468 427.19039917 64 255 128
64.73175049 231.09414673 459.01736450 64 255 128
142.16848755 244.80764771 378.94677734 64 255 128
188.16851807 278.92117310 458.38244629 64 255 128
162.31236267 241.47630310 391.66058350 64 255 128
181.13031006 298.89370728 411.96783447 64 255 128
84.44548035 145.09819031 443.92034912 64 255 128
93.87528229 223.59332275 493.99102783 64 255 128
109.68685913 285.39709473 395.48825073 64 255 128
160.14109802 265.48187256 463.36248779 64 255 128
149.93899536 135.40100098 419.90200806 64 255 128
240.50990295 261.27294922 428.12307739 64 255 128
160.59472656 219.20426941 452.11758423 64 255 128
222.01487732 311.03213501 428.37338257 64 255 128
184.95999146 242.56500244 405.87100220 64 255 128
193.25920105 318.43930054 442.19473267 64 255 128
75.30471802 262.80010986 487.23709106 64 255 128
215.35971069 271.23437500 440.78109741 64 255 128
143.63354492 250.67436218 452.72561646 64 255 128
96.45962524 209.08787537 377.33007812 64 255 128
213.73518372 292.48196411 438.28292847 64 255 128
145.64175415 194.19316101 381.43530273 64 255 128
176.47361755 304.06726074 411.97717285 64 255 128
63.33487320 189.73881531 469.80596924 64 255 128
143.26600647 181.35699463 467.10501099 64 255 128
118.06980896 174.41271973 382.03472900 64 255 128
200.62300110 251.98098755 454.68301392 64 255 128
91.09231567 141.52627563 423.36059570 64 255 128
124.05391693 279.95864868 462.78591919 64 255 128
146.34899902 151.73100281 408.39999390 64 255 128
66.70396423 191.56938171 445.43988037 64 255 128
73.32772064 235.03717041 506.69009399 64 255 128
191.58200073 278.43499756 411.33001709 64 255 128
166.86999512 195.89599609 454.42501831 64 255 128
236.83058167 233.87399292 431.65390015 64 255 128
132.71528625 233.38702393 443.25942993 64 255 128
182.40199280 218.05599976 466.30297852 64 255 128
224.68313599 230.50708008 436.77929688 64 255 128
160.21307373 308.85574341 463.43267822 64 255 128
74.56755829 158.93504333 455.78332520 64 255 128
104.57516479 140.70918274 468.42166138 64 255 128
124.65769958 155.84297180 459.60208130 64 255 128
64.95743561 223.01535034 478.16076660 64 255 128
75.51262665 176.74703979 423.24322510 64 255 128
84.80750275 207.11500549 501.67202759 64 255 128
181.42698669 308.21206665 417.55932617 64 255 128
146.68438721 266.05340576 386.37310791 64 255 128
159.01660156 305.41354370 473.81805420 64 255 128
204.98600769 216.60398865 455.22900391 64 255 128
165.42308044 272.39215088 399.42816162 64 255 128
72.70042419 232.67240906 405.93710327 64 255 128
98.47805786 264.56579590 387.09140015 64 255 128
161.27200317 205.81831360 391.81689453 64 255 128
80.20954895 264.62576294 405.80044556 64 255 128
148.02066040 314.25241089 421.42358398 64 255 128
184.30635071 274.24615479 407.60910034 64 255 128
241.15000916 273.55300903 423.70700073 64 255 128
179.25367737 265.21926880 408.49508667 64 255 128
77.36132812 266.86514282 417.61819458 64 255 128
141.70143127 277.58425903 462.54284668 64 255 128
76.31636810 201.81459045 400.36166382 64 255 128
105.07920837 162.12763977 389.95764160 64 255 128
149.61299133 131.06300354 447.69601440 64 255 128
124.38220978 164.12831116 388.21243286 64 255 128
230.46299744 285.80499268 421.69500732 64 255 128
67.00244904 205.57348633 424.54614258 64 255 128
165.83538818 290.60797119 404.13742065 64 255 128
65.74398041 197.19236755 447.22418213 64 255 128
104.52986145 193.20613098 480.18762207 64 255 128
67.78168488 233.42727661 488.53659058 64 255 128
110.09535217 182.86045837 470.25384521 64 255 128
167.75799561 177.08499146 407.04699707 64 255 128
87.44664001 137.53028870 467.11038208 64 255 128
66.75386047 238.70649719 468.88973999 64 255 128
79.38687134 167.87199402 422.37899780 64 255 128
89.75301361 276.29974365 464.85247803 64 255 128
120.68178558 267.37155151 465.54553223 64 255 128
113.46200562 227.72657776 366.41864014 64 255 128
126.74021912 274.65866089 458.78228760 64 255 128
208.36399841 231.27500916 416.40402222 64 255 128
121.73469543 229.17422485 469.16192627 64 255 128
208.36700439 261.14999390 447.67498779 64 255 128
203.83988953 310.76312256 419.91815186 64 255 128
130.81710815 204.39488220 473.07238770 64 255 128
177.35000610 209.63899231 466.45098877 64 255 128
118.78318024 222.45503235 365.79092407 64 255 128
170.02000427 200.91400146 414.77700806 64 255 128
96.33005524 132.60568237 439.44409180 64 255 128
87.06932831 280.37982178 410.13616943 64 255 128
171.70234680 258.07690430 402.77239990 64 255 128
151.97071838 255.74990845 439.69570923 64 255 128
119.60566711 122.30416107 434.91085815 64 255 128
75.06271362 249.39460754 406.87445068 64 255 128
186.57099915 232.16600037 459.00402832 64 255 128
87.07411194 282.46563721 418.88488770 64 255 128
177.58099365 206.87899780 426.14001465 64 255 128
75.80540466 163.23809814 435.46722412 64 255 128
215.40818787 282.78906250 438.45565796 64 255 128
108.92296600 244.59863281 372.77667236 64 255 128
149.55950928 302.73269653 479.88131714 64 255 128
170.10620117 269.21481323 401.61657715 64 255 128
153.30599976 127.07999420 439.99697876 64 255 128
177.34700012 174.15499878 417.17202759 64 255 128
97.35436249 187.40188599 482.28903198 64 255 128
77.57772827 274.82632446 474.86578369 64 255 128
113.17595673 144.92967224 401.13348389 64 255 128
117.44900513 120.43340302 463.62713623 64 255 128
224.50700378 260.28201294 416.76501465 64 255 128
201.69000244 195.29501343 428.82699585 64 255 128
170.88960266 315.03640747 441.71340942 64 255 128
81.99823761 156.86663818 478.44522095 64 255 128
97.88380432 130.92480469 468.83432007 64 255 128
69.51640320 202.81826782 418.65118408 64 255 128
161.32067871 310.79147339 415.92620850 64 255 128
113.16168213 240.08203125 370.47637939 64 255 128
203.90058899 317.96865845 448.08544922 64 255 128
97.87096405 134.07093811 424.30160522 64 255 128
217.19400024 223.20599365 425.41400146 64 255 128
168.17323303 304.60470581 409.41683960 64 255 128
86.83174133 151.32000732 422.59432983 64 255 128
161.51298523 291.55236816 473.56860352 64 255 128
207.77952576 271.15567017 445.97195435 64 255 128
117.94243622 292.54800415 398.67910767 64 255 128
85.80248260 226.28225708 498.95471191 64 255 128
212.23999023 247.15299988 413.74798584 64 255 128
205.93099976 224.82099915 416.45700073 64 255 128
76.21403503 158.19053650 440.17074585 64 255 128
135.89364624 272.23547363 386.28662109 64 255 128
192.20399475 218.85800171 466.74902344 64 255 128
93.90935516 228.51074219 374.79574585 64 255 128
112.44412994 224.31770325 477.80465698 64 255 128
198.17399597 209.26899719 462.75799561 64 255 128
241.39698792 262.54498291 421.66000366 64 255 128
194.43200684 194.79000854 449.98101807 64 255 128
97.42749023 256.31091309 470.41616821 64 255 128
169.91828918 280.64202881 401.41668701 64 255 128
89.71300507 301.50149536 450.38989258 64 255 128
148.65017700 229.42350769 380.04815674 64 255 128
92.16532898 234.51695251 493.60177612 64 255 128
92.67293549 137.05276489 431.04467773 64 255 128
202.90599060 216.83599854 423.50598145 64 255 128
105.80459595 269.02172852 387.26568604 64 255 128
138.85009766 230.84587097 373.41897583 64 255 128
119.66313934 308.68029785 445.86859131 64 255 128
82.92305756 183.38307190 395.77392578 64 255 128
170.79600525 241.01499939 398.39898682 64 255 128
119.07488251 256.03173828 463.50955200 64 255 128
90.18989563 263.30587769 473.98452759 64 255 128
65.89981842 205.63442993 444.63546753 64 255 128
108.39094543 156.34353638 464.99398804 64 255 128
70.76044464 225.56471252 411.36767578 64 255 128
101.58655548 264.63177490 462.20693970 64 255 128
188.05464172 309.02636719 470.70208740 64 255 128
203.67300415 237.83599854 452.94500732 64 255 128
78.62596130 171.42472839 413.70596313 64 255 128
76.46707916 235.96887207 397.34378052 64 255 128
170.99900818 156.17700195 418.12197876 64 255 128
86.65377045 230.05793762 382.06237793 64 255 128
134.82937622 240.32771301 442.28747559 64 255 128
132.88345337 191.88114929 376.20263672 64 255 128
196.15499878 220.01298523 412.03399658 64 255 128
127.53170776 222.01510620 443.82623291 64 255 128
200.90100098 209.73699951 420.77099609 64 255 128
134.03454590 223.56843567 440.74780273 64 255 128
75.92314148 192.61158752 505.69485474 64 255 128
87.92910767 241.86978149 380.64312744 64 255 128
122.62980652 118.38753510 460.66979980 64 255 128
66.10978699 244.89268494 465.70031738 64 255 128
187.45199585 193.35398865 437.27301025 64 255 128
178.14199829 219.50000000 402.49899292 64 255 128
101.13854218 127.40682220 446.51208496 64 255 128
119.06330109 239.69815063 455.16366577 64 255 128
89.50141907 299.08721924 445.96163940 64 255 128
63.83135986 247.78198242 445.47433472 64 255 128
95.51631927 216.05979919 493.33853149 64 255 128
234.38656616 248.65249634 431.47366333 64 255 128
154.92735291 315.36706543 431.02380371 64 255 128
63.46411896 226.15049744 449.66668701 64 255 128
117.64048004 237.61332703 369.46221924 64 255 128
188.90798950 237.27198792 461.62097168 64 255 128
63.38142776 204.91264343 475.25238037 64 255 128
171.93171692 231.40722656 459.53408813 64 255 128
68.12045288 199.48390198 427.93139648 64 255 128
199.77900696 285.93701172 457.34997559 64 255 128
91.92069244 286.39596558 411.42428589 64 255 128
70.79810333 271.21792603 462.93246460 64 255 128
74.64604187 210.01954651 402.09753418 64 255 128
130.67283630 309.42956543 458.63064575 64 255 128
73.84623718 256.64422607 492.09149170 64 255 128
112.33485413 249.69703674 459.49014282 64 255 128
166.90179443 257.11419678 400.32620239 64 255 128
80.15863800 231.65043640 388.80261230 64 255 128
67.85655975 230.17625427 504.24618530 64 255 128
