ply
format ascii 1.0
element vertex 4096
property float x
property float y
property float z
property uchar red
property uchar green
property uchar blue
end_header
293.03707886 224.36425781 414.26779175 255 64 64
295.16806030 225.71792603 426.20632935 255 64 64
299.74688721 219.04083252 408.40417480 255 64 64
301.27844238 220.80152893 417.59057617 255 64 64
282.00653076 215.44332886 392.46447754 255 64 64
288.42932129 218.23391724 399.56698608 255 64 64
290.63476562 209.96662903 394.39691162 255 64 64
294.18713379 213.64144897 397.34020996 255 64 64
78.02449799 175.47903442 523.39123535 255 64 64
82.96272278 186.57022095 531.59710693 255 64 64
69.54421997 179.21398926 516.52166748 255 64 64
75.90730286 191.02621460 523.55523682 255 64 64
275.07473755 237.55068970 448.29168701 255 64 64
273.97509766 240.72619629 455.09219360 255 64 64
283.29211426 233.56658936 444.32077026 255 64 64
280.12664795 236.14822388 450.14193726 255 64 64
276.11953735 226.21467590 426.60763550 255 64 64
277.65719604 228.84783936 436.53689575 255 64 64
284.79071045 222.58966064 423.38821411 255 64 64
282.65484619 224.93003845 430.67037964 255 64 64
80.66242218 166.19821167 513.90014648 255 64 64
79.07366180 176.70614624 522.36437988 255 64 64
76.14672852 163.45870972 503.89971924 255 64 64
75.40042114 175.43168640 511.95288086 255 64 64
261.18872070 202.54707336 390.25848389 255 64 64
266.48056030 206.81362915 393.44461060 255 64 64
272.42715454 200.92214966 390.22604370 255 64 64
273.00619507 203.73684692 391.68536377 255 64 64
88.60937500 157.86210632 511.26821899 255 64 64
85.12299347 165.59838867 521.83355713 255 64 64
93.73876190 152.15750122 502.70755005 255 64 64
90.68122101 162.15563965 512.26251221 255 64 64
259.76162720 251.58576965 452.93072510 255 64 64
257.72021484 252.24438477 460.28927612 255 64 64
268.25625610 248.26617432 453.34118652 255 64 64
264.12347412 249.74040222 457.89312744 255 64 64
134.19369507 100.78273773 390.42910767 255 64 64
122.91879272 100.07690430 391.90032959 255 64 64
142.65330505 102.07067871 382.56927490 255 64 64
129.54135132 100.04074097 381.54180908 255 64 64
118.68353271 104.23519897 378.53613281 255 64 64
107.57627869 108.97593689 377.70715332 255 64 64
126.27600861 104.62442017 371.76889038 255 64 64
115.03785706 108.64756012 369.75616455 255 64 64
93.21932983 120.81938171 391.44873047 255 64 64
85.92853546 128.47299194 394.95562744 255 64 64
97.85328674 115.89837646 382.32147217 255 64 64
89.77026367 123.09043121 384.87237549 255 64 64
108.71833801 108.95006561 406.91357422 255 64 64
98.41937256 114.26258850 408.69665527 255 64 64
113.65827942 105.27395630 398.05322266 255 64 64
102.76457214 109.65417480 398.32852173 255 64 64
85.63786316 204.08255005 517.99652100 255 64 64
92.32472229 206.63462830 527.85687256 255 64 64
93.07188416 212.41392517 508.75155640 255 64 64
101.09979248 216.47610474 517.56024170 255 64 64
268.84326172 227.27600098 403.56701660 255 64 64
269.12799072 234.97207642 410.15515137 255 64 64
279.83032227 224.86444092 405.98187256 255 64 64
275.52029419 230.26557922 409.45306396 255 64 64
125.45719147 105.58025360 408.00653076 255 64 64
117.64743042 108.19689941 416.01150513 255 64 64
134.55519104 103.29943848 399.09454346 255 64 64
125.36074829 104.93154907 405.05462646 255 64 64
141.95184326 104.46157837 375.15652466 255 64 64
130.21308899 105.23353577 371.60412598 255 64 64
150.90171814 110.00286865 369.74786377 255 64 64
137.93214417 110.49916077 364.70745850 255 64 64
80.27949524 161.36512756 496.53540039 255 64 64
78.55539703 171.03720093 505.04785156 255 64 64
79.74790192 161.70498657 485.02398682 255 64 64
78.85578156 172.75024414 493.24249268 255 64 64
90.37738037 151.71769714 494.63479614 255 64 64
86.22737122 157.83793640 504.13464355 255 64 64
92.68202209 148.57977295 483.23590088 255 64 64
88.73580170 155.60879517 492.14559937 255 64 64
94.50805664 124.36533356 425.33340454 255 64 64
87.29074860 131.67506409 429.93988037 255 64 64
97.37873840 119.09873962 414.79333496 255 64 64
88.88926697 125.85678864 418.48980713 255 64 64
93.06599426 172.12492371 521.91931152 255 64 64
90.06069946 183.08293152 530.13555908 255 64 64
100.89355469 175.83117676 514.68139648 255 64 64
98.92388916 188.43333435 521.70349121 255 64 64
111.14994049 116.35138702 426.02157593 255 64 64
104.02505493 122.06002045 434.48348999 255 64 64
119.54066467 110.69212341 416.30816650 255 64 64
111.77684021 116.44898224 423.37048340 255 64 64
141.75592041 105.84012604 393.14169312 255 64 64
139.81237793 109.83111572 405.56475830 255 64 64
154.07220459 108.97458649 387.19079590 255 64 64
152.50267029 112.31343079 399.14080811 255 64 64
87.39798737 138.29916382 450.91918945 255 64 64
81.73069000 146.76452637 456.71334839 255 64 64
88.15491486 132.68237305 439.57540894 255 64 64
81.34864044 141.09606934 444.94073486 255 64 64
84.85151672 152.91043091 475.36749268 255 64 64
80.85478973 162.08535767 482.07330322 255 64 64
83.77339935 149.52682495 463.80328369 255 64 64
79.15551758 158.51458740 470.24786377 255 64 64
81.53789520 136.39331055 421.18533325 255 64 64
77.61694336 145.63597107 426.73278809 255 64 64
82.55056763 131.34143066 410.66592407 255 64 64
77.50212860 140.53585815 415.91412354 255 64 64
151.48408508 110.87070465 371.64938354 255 64 64
151.52313232 109.45288086 380.83001709 255 64 64
158.31590271 117.31301117 365.77999878 255 64 64
158.94366455 115.36803436 374.76776123 255 64 64
248.13966370 250.10174561 420.14218140 255 64 64
247.74124146 253.44718933 430.08752441 255 64 64
259.25009155 249.41615295 420.70104980 255 64 64
254.15686035 251.96578979 426.16531372 255 64 64
239.32890320 256.69360352 455.33071899 255 64 64
236.88174438 255.53781128 460.74084473 255 64 64
248.88687134 254.56536865 458.55975342 255 64 64
244.10867310 255.09681702 461.57553101 255 64 64
102.96048737 156.62821960 497.67492676 255 64 64
104.06099701 163.75827026 511.49414062 255 64 64
111.89141846 158.58352661 488.20492554 255 64 64
113.61422729 167.83766174 501.61538696 255 64 64
103.57582092 119.10126495 364.37145996 255 64 64
95.30105591 127.54940796 366.06729126 255 64 64
113.34318542 119.05993652 357.65618896 255 64 64
104.13957214 127.00977325 358.13970947 255 64 64
94.66020966 142.44192505 465.82324219 255 64 64
92.38858032 147.26618958 476.63198853 255 64 64
96.79118347 138.99285889 453.57470703 255 64 64
94.45124817 143.72785950 464.00915527 255 64 64
248.56199646 229.08163452 447.54769897 255 64 64
249.04421997 234.24029541 454.37060547 255 64 64
256.95272827 229.61408997 445.12307739 255 64 64
253.23614502 231.62135315 450.53491211 255 64 64
140.40744019 111.48260498 361.87155151 255 64 64
128.95343018 116.27041626 357.30075073 255 64 64
150.79710388 118.34706879 361.27105713 255 64 64
139.71051025 123.54707336 355.51651001 255 64 64
77.87118530 153.66455078 451.93426514 255 64 64
76.65729523 163.72239685 459.20324707 255 64 64
75.88214874 149.90432739 440.19665527 255 64 64
74.32740021 160.08618164 447.64361572 255 64 64
78.83842468 185.53802490 504.94604492 255 64 64
81.46569824 195.38230896 515.10034180 255 64 64
82.89859772 192.11581421 494.74468994 255 64 64
86.27532196 203.42285156 504.71069336 255 64 64
88.54496765 133.10057068 376.84625244 255 64 64
83.54474640 142.76345825 381.95141602 255 64 64
94.47634125 127.90631866 366.91702271 255 64 64
88.03059387 137.22476196 371.30929565 255 64 64
236.03805542 195.61131287 387.22717285 255 64 64
239.51351929 192.08360291 391.51898193 255 64 64
247.52952576 194.59059143 386.94686890 255 64 64
246.99017334 192.46536255 389.35168457 255 64 64
77.00733948 172.96327209 476.76312256 255 64 64
80.51840210 182.54808044 485.95983887 255 64 64
75.30577087 175.70965576 464.77865601 255 64 64
79.73076630 185.70091248 474.50585938 255 64 64
101.50843811 148.60458374 480.73367310 255 64 64
102.93975830 152.30909729 494.25897217 255 64 64
106.22636414 149.40368652 468.02130127 255 64 64
108.85850525 154.72769165 481.45932007 255 64 64
103.76660919 131.96748352 442.18505859 255 64 64
99.60353851 137.54753113 452.69757080 255 64 64
109.44654083 128.76986694 430.59783936 255 64 64
105.95958710 134.93547058 440.63504028 255 64 64
81.15489197 137.54183960 395.16787720 255 64 64
77.57953644 147.43435669 401.11505127 255 64 64
84.76125336 132.71040344 384.16625977 255 64 64
79.95507050 142.63046265 389.74972534 255 64 64
247.60510254 211.71775818 426.22277832 255 64 64
247.26870728 218.26052856 434.91662598 255 64 64
256.58627319 213.89566040 422.74789429 255 64 64
251.94944763 215.64500427 429.83831787 255 64 64
108.97073364 178.90736389 508.77374268 255 64 64
104.99409485 189.74597168 517.89465332 255 64 64
118.42235565 183.77439880 500.78570557 255 64 64
114.32917786 195.88975525 509.75970459 255 64 64
248.25311279 199.70664978 406.39447021 255 64 64
251.28999329 205.88717651 414.27886963 255 64 64
257.68487549 202.08863831 402.50335693 255 64 64
255.11878967 203.28344727 408.90261841 255 64 64
103.90599060 206.63720703 504.87652588 255 64 64
99.95776367 210.96919250 514.47052002 255 64 64
115.96772766 212.82461548 496.64538574 255 64 64
110.19479370 217.91094971 505.64004517 255 64 64
220.18408203 246.60743713 454.59378052 255 64 64
217.03411865 249.55992126 460.42755127 255 64 64
229.53594971 246.73765564 454.90664673 255 64 64
223.69201660 248.04676819 458.66320801 255 64 64
92.90284729 134.61373901 365.65216064 255 64 64
88.24133301 146.31576538 369.72982788 255 64 64
101.98016357 132.72618103 356.83862305 255 64 64
95.93627167 143.92300415 359.76239014 255 64 64
117.93034363 122.31601715 355.17593384 255 64 64
109.39953613 131.67120361 355.21899414 255 64 64
130.33273315 126.17841339 353.40948486 255 64 64
121.75370789 135.78160095 351.60113525 255 64 64
231.84400940 249.06275940 407.05999756 255 64 64
229.31921387 254.12268066 414.07522583 255 64 64
242.22033691 248.91235352 409.71237183 255 64 64
236.18031311 252.13925171 413.11196899 255 64 64
161.44129944 116.78797913 386.55014038 255 64 64
160.17228699 124.51737213 397.60687256 255 64 64
170.20416260 122.64817810 380.93334961 255 64 64
168.98927307 130.40052795 391.99240112 255 64 64
239.38171387 207.95457458 391.31921387 255 64 64
235.19094849 215.94345093 392.22509766 255 64 64
249.78643799 208.32398987 392.23437500 255 64 64
243.38290405 212.27423096 393.28723145 255 64 64
112.04393005 164.27235413 485.78402710 255 64 64
114.12452698 171.40699768 498.89596558 255 64 64
119.13105774 168.07275391 474.98217773 255 64 64
121.02609253 176.33029175 488.53039551 255 64 64
77.03771210 171.61674500 459.34411621 255 64 64
80.85877991 181.16252136 467.85540771 255 64 64
75.61744690 171.95201111 447.82138062 255 64 64
80.01488495 181.70674133 456.78387451 255 64 64
75.37828827 151.44448853 406.91271973 255 64 64
74.89261627 163.14649963 413.96353149 255 64 64
77.77879333 147.28816223 395.50119019 255 64 64
76.41650391 159.25195312 402.29711914 255 64 64
115.98684692 124.82487488 419.43869019 255 64 64
109.48483276 132.54507446 427.02914429 255 64 64
124.69676208 127.26930237 410.43023682 255 64 64
118.78146362 135.36151123 417.41333008 255 64 64
74.29409790 157.26193237 430.70129395 255 64 64
75.13454437 168.42201233 438.45022583 255 64 64
74.88424683 153.86338806 418.50787354 255 64 64
75.57199097 165.72613525 426.68505859 255 64 64
167.52491760 121.93437195 360.73992920 255 64 64
166.46862793 129.31242371 361.71960449 255 64 64
173.39544678 132.46755981 365.62188721 255 64 64
172.94306946 142.44044495 366.17358398 255 64 64
133.19509888 121.38965607 405.17684937 255 64 64
125.01448059 130.09957886 410.76837158 255 64 64
143.74894714 124.12456512 399.36602783 255 64 64
135.62458801 132.49691772 403.87942505 255 64 64
197.41847229 258.29559326 456.07391357 255 64 64
192.65820312 256.39828491 462.05178833 255 64 64
206.85638428 257.96807861 459.14926147 255 64 64
200.58366394 257.24047852 462.53036499 255 64 64
235.82513428 227.04797363 394.66363525 255 64 64
234.36697388 236.46974182 398.65005493 255 64 64
245.67709351 227.57633972 396.65182495 255 64 64
240.10452271 232.61308289 398.65679932 255 64 64
222.34927368 255.96136475 427.78781128 255 64 64
219.68670654 257.13479614 436.67453003 255 64 64
232.94992065 256.74127197 429.11004639 255 64 64
226.78726196 257.20104980 433.78964233 255 64 64
82.44589233 149.39077759 382.29827881 255 64 64
80.83100891 161.39129639 388.58789062 255 64 64
86.89384460 144.81192017 370.60317993 255 64 64
83.96030426 156.31185913 375.93292236 255 64 64
226.88816833 198.71098328 401.49673462 255 64 64
228.21055603 200.53569031 410.08724976 255 64 64
237.00915527 199.12231445 400.75360107 255 64 64
233.48396301 199.15776062 406.36807251 255 64 64
277.97955322 224.85562134 431.94223022 255 64 64
274.06823730 224.87425232 431.96127319 255 64 64
278.19186401 224.88095093 431.98104858 255 64 64
278.04934692 224.88050842 431.96817017 255 64 64
265.52294922 225.55078125 439.11492920 255 64 64
261.30166626 225.54846191 439.10440063 255 64 64
265.86004639 225.57469177 439.13705444 255 64 64
265.57839966 225.56594849 439.11309814 255 64 64
271.62789917 231.29385376 446.87316895 255 64 64
267.41149902 231.29238892 446.89419556 255 64 64
271.93945312 231.31530762 446.90969849 255 64 64
271.66390991 231.30682373 446.90573120 255 64 64
272.81066895 243.06922913 456.69869995 255 64 64
268.39685059 243.10980225 456.69265747 255 64 64
273.09130859 243.10147095 456.73229980 255 64 64
272.75476074 243.13037109 456.70968628 255 64 64
280.71884155 235.97213745 443.40469360 255 64 64
276.80291748 236.00489807 443.40341187 255 64 64
280.92376709 235.99316406 443.46057129 255 64 64
280.77413940 236.00689697 443.43371582 255 64 64
262.08966064 230.96881104 447.85711670 255 64 64
257.86499023 230.96920776 447.85220337 255 64 64
262.42480469 230.98889160 447.89666748 255 64 64
262.10754395 230.98745728 447.87899780 255 64 64
224.62637329 214.20245361 389.59323120 255 64 64
219.62991333 214.21401978 389.53756714 255 64 64
225.15365601 214.20755005 389.59249878 255 64 64
224.53909302 214.23725891 389.54864502 255 64 64
274.90609741 231.19989014 407.35031128 255 64 64
270.65682983 231.21392822 407.32342529 255 64 64
275.18972778 231.21224976 407.41815186 255 64 64
275.06271362 231.21540833 407.37536621 255 64 64
261.08874512 219.79132080 396.35379028 255 64 64
256.43368530 219.76757812 396.33392334 255 64 64
261.47756958 219.79867554 396.33764648 255 64 64
261.12387085 219.77842712 396.30499268 255 64 64
264.08950806 249.57099915 456.78115845 255 64 64
259.33282471 249.58282471 456.73834229 255 64 64
264.47003174 249.59785461 456.81927490 255 64 64
264.01440430 249.61045837 456.77694702 255 64 64
263.19082642 213.62712097 418.20996094 255 64 64
259.29840088 213.63191223 418.20541382 255 64 64
263.46228027 213.63993835 418.22885132 255 64 64
263.28179932 213.63175964 418.20654297 255 64 64
237.43658447 208.06332397 388.83367920 255 64 64
232.32635498 208.03901672 388.79080200 255 64 64
237.93994141 208.08503723 388.78875732 255 64 64
237.32723999 208.07626343 388.75137329 255 64 64
239.35498047 207.28973389 423.66976929 255 64 64
235.24780273 207.29985046 423.66744995 255 64 64
239.73840332 207.31242371 423.65231323 255 64 64
239.33489990 207.32524109 423.64450073 255 64 64
243.01315308 225.18559265 395.14501953 255 64 64
237.37449646 225.19616699 395.08523560 255 64 64
243.56796265 225.20025635 395.12927246 255 64 64
242.83442688 225.23031616 395.08004761 255 64 64
264.57049561 230.96452332 401.81881714 255 64 64
259.74087524 230.94970703 401.78924561 255 64 64
264.99523926 230.95458984 401.87078857 255 64 64
264.66305542 230.94299316 401.83331299 255 64 64
268.05990601 244.11749268 445.44128418 255 64 64
263.64456177 244.11926270 445.43258667 255 64 64
268.38241577 244.13265991 445.49011230 255 64 64
268.10433960 244.13046265 445.46636963 255 64 64
251.15744019 210.17781067 422.57644653 255 64 64
247.19458008 210.17767334 422.57394409 255 64 64
251.48564148 210.18081665 422.57458496 255 64 64
251.17588806 210.18087769 422.56076050 255 64 64
246.19924927 236.71392822 452.93698120 255 64 64
241.52499390 236.71282959 452.90274048 255 64 64
246.66143799 236.72346497 452.97674561 255 64 64
246.17462158 236.73501587 452.94775391 255 64 64
217.22348022 207.00721741 387.01535034 255 64 64
212.96940613 206.99743652 386.96707153 255 64 64
217.68019104 207.04133606 386.99847412 255 64 64
217.33645630 207.04621887 386.95852661 255 64 64
245.05134583 216.93807983 430.57324219 255 64 64
240.94708252 216.94917297 430.55908203 255 64 64
245.40992737 216.94142151 430.57037354 255 64 64
245.04287720 216.95799255 430.55200195 255 64 64
237.85356140 228.05796814 443.14819336 255 64 64
233.62316895 228.06555176 443.09793091 255 64 64
238.24085999 228.07394409 443.18289185 255 64 64
237.79763794 228.09263611 443.13848877 255 64 64
257.08193970 238.43684387 454.99279785 255 64 64
252.48127747 238.43533325 454.99877930 255 64 64
257.49044800 238.46377563 455.02362061 255 64 64
257.06582642 238.46514893 455.01205444 255 64 64
228.52256775 220.47245789 433.70190430 255 64 64
224.07037354 220.49165344 433.66711426 255 64 64
228.99897766 220.47657776 433.72195435 255 64 64
228.47735596 220.50634766 433.69519043 255 64 64
260.13668823 220.15710449 431.83306885 255 64 64
255.97013855 220.14474487 431.81921387 255 64 64
260.48724365 220.16372681 431.86706543 255 64 64
260.16146851 220.15116882 431.84017944 255 64 64
272.12115479 237.61386108 414.24493408 255 64 64
267.71676636 237.62020874 414.21670532 255 64 64
272.43963623 237.59983826 414.31564331 255 64 64
272.19570923 237.60374451 414.27313232 255 64 64
273.53826904 239.28392029 427.76892090 255 64 64
269.22384644 239.28466797 427.74072266 255 64 64
273.84912109 239.26666260 427.82238770 255 64 64
273.60601807 239.26571655 427.78460693 255 64 64
243.28805542 202.80583191 415.86221313 255 64 64
239.38711548 202.80245972 415.85968018 255 64 64
243.63421631 202.81582642 415.85040283 255 64 64
243.29446411 202.81564331 415.83474731 255 64 64
248.28147888 214.59494019 393.44039917 255 64 64
243.25323486 214.57519531 393.41900635 255 64 64
248.74539185 214.61462402 393.38275146 255 64 64
248.22509766 214.60224915 393.35305786 255 64 64
250.40028381 223.68406677 439.09963989 255 64 64
246.12048340 223.68273926 439.10388184 255 64 64
250.80130005 223.69882202 439.11450195 255 64 64
250.44963074 223.69570923 439.10089111 255 64 64
205.94506836 208.50257874 384.77670288 255 64 64
201.62039185 208.49121094 384.71548462 255 64 64
206.47154236 208.52658081 384.77130127 255 64 64
206.03909302 208.53729248 384.72604370 255 64 64
254.48294067 237.65100098 402.72076416 255 64 64
249.09408569 237.64654541 402.66705322 255 64 64
255.01565552 237.64624023 402.75506592 255 64 64
254.42959595 237.65359497 402.70544434 255 64 64
222.18060303 199.79682922 394.10098267 255 64 64
217.93006897 199.78636169 394.04925537 255 64 64
222.63677979 199.81655884 394.07391357 255 64 64
222.24659729 199.81703186 394.03475952 255 64 64
272.83563232 218.47001648 419.07177734 255 64 64
268.97045898 218.45201111 419.10546875 255 64 64
273.13159180 218.46272278 419.11523438 255 64 64
272.97778320 218.43754578 419.11672974 255 64 64
243.71635437 246.82199097 458.72256470 255 64 64
238.72225952 246.81877136 458.67568970 255 64 64
244.22621155 246.83090210 458.76788330 255 64 64
243.64941406 246.84492493 458.72760010 255 64 64
255.93228149 251.67021179 447.96185303 255 64 64
251.14392090 251.68496704 447.91830444 255 64 64
256.35711670 251.68186951 448.03063965 255 64 64
255.97183228 251.70108032 447.98406982 255 64 64
230.54832458 243.73120117 456.33630371 255 64 64
225.67901611 243.70697021 456.30780029 255 64 64
231.08660889 243.75753784 456.36343384 255 64 64
230.50488281 243.75708008 456.34417725 255 64 64
208.89416504 224.87155151 434.98693848 255 64 64
204.31289673 224.87301636 434.95956421 255 64 64
209.43505859 224.86837769 434.98162842 255 64 64
208.79647827 224.89468384 434.96878052 255 64 64
215.16790771 212.76734924 424.47607422 255 64 64
210.89172363 212.75782776 424.45159912 255 64 64
215.65104675 212.76785278 424.43936157 255 64 64
215.09857178 212.77641296 424.42562866 255 64 64
254.90411377 251.75808716 461.78256226 255 64 64
250.19876099 251.78999329 461.77954102 255 64 64
255.30996704 251.78414917 461.88397217 255 64 64
254.89353943 251.81860352 461.86437988 255 64 64
249.60211182 201.59832764 405.09576416 255 64 64
245.78396606 201.57165527 405.11694336 255 64 64
249.92965698 201.63514709 405.06210327 255 64 64
249.67439270 201.61192322 405.05349731 255 64 64
231.89440918 222.59756470 392.04031372 255 64 64
226.19973755 222.59371948 391.98843384 255 64 64
232.55029297 222.60220337 392.03353882 255 64 64
231.75032043 222.61929321 391.99114990 255 64 64
217.08648682 226.68562317 390.82785034 255 64 64
211.56390381 226.67993164 390.79144287 255 64 64
217.75769043 226.70294189 390.83868408 255 64 64
216.99761963 226.73078918 390.80831909 255 64 64
200.40087891 204.59632874 426.13861084 255 64 64
196.82572937 204.59326172 426.11434937 255 64 64
200.79760742 204.59700012 426.12176514 255 64 64
200.41921997 204.60786438 426.10235596 255 64 64
226.88308716 234.52975464 448.20184326 255 64 64
221.99708557 234.50135803 448.18942261 255 64 64
227.44500732 234.53085327 448.20693970 255 64 64
226.81718445 234.52931213 448.20184326 255 64 64
247.61695862 256.15130615 454.54821777 255 64 64
242.69692993 256.16418457 454.52047729 255 64 64
248.06408691 256.17187500 454.63037109 255 64 64
247.59040833 256.19726562 454.59283447 255 64 64
218.27873230 230.73379517 440.06478882 255 64 64
213.73928833 230.71430969 440.04156494 255 64 64
218.80932617 230.73348999 440.07119751 255 64 64
218.24600220 230.73921204 440.05804443 255 64 64
263.33941650 245.57666016 427.37762451 255 64 64
258.76150513 245.57209778 427.33886719 255 64 64
263.72869873 245.56481934 427.44573975 255 64 64
263.43374634 245.56642151 427.40750122 255 64 64
257.31292725 206.61563110 411.95932007 255 64 64
253.41638184 206.60661316 412.00695801 255 64 64
257.65582275 206.62982178 411.95648193 255 64 64
257.44216919 206.61668396 411.96875000 255 64 64
225.55262756 204.97425842 415.87191772 255 64 64
221.56356812 204.95541382 415.85577393 255 64 64
225.98681641 204.96946716 415.85638428 255 64 64
225.56335449 204.96563721 415.83630371 255 64 64
240.79598999 238.96270752 400.91516113 255 64 64
235.16668701 238.96420288 400.90530396 255 64 64
241.39831543 238.96159363 400.95333862 255 64 64
240.70431519 238.98469543 400.93045044 255 64 64
261.04568481 243.51284790 416.33685303 255 64 64
256.31530762 243.49606323 416.31362915 255 64 64
261.45541382 243.49226379 416.39111328 255 64 64
261.11154175 243.48754883 416.35955811 255 64 64
242.62194824 255.67768860 445.57379150 255 64 64
237.41690063 255.64788818 445.54107666 255 64 64
243.16615295 255.68193054 445.62597656 255 64 64
242.63301086 255.67817688 445.59973145 255 64 64
194.77330017 244.11383057 451.88357544 255 64 64
189.41345215 244.07369995 451.84906006 255 64 64
195.51239014 244.14175415 451.90206909 255 64 64
194.62744141 244.14398193 451.88967896 255 64 64
210.92776489 242.42037964 453.43511963 255 64 64
205.79956055 242.38798523 453.40698242 255 64 64
211.59451294 242.43707275 453.44244385 255 64 64
210.83200073 242.43965149 453.42535400 255 64 64
195.49885559 234.62019348 446.02233887 255 64 64
190.51377869 234.58854675 446.02920532 255 64 64
196.16070557 234.63427734 446.00231934 255 64 64
195.39108276 234.63796997 446.02279663 255 64 64
197.56265259 220.86456299 433.53848267 255 64 64
192.89942932 220.85012817 433.52062988 255 64 64
198.18347168 220.88619995 433.49371338 255 64 64
197.49781799 220.89662170 433.49005127 255 64 64
250.14031982 249.80589294 415.29452515 255 64 64
244.76843262 249.77346802 415.25329590 255 64 64
250.68562317 249.79881287 415.34332275 255 64 64
250.11618042 249.79338074 415.30496216 255 64 64
206.28178406 200.30984497 415.21228027 255 64 64
202.75967407 200.29489136 415.19744873 255 64 64
206.70474243 200.32304382 415.19348145 255 64 64
206.40553284 200.32051086 415.17932129 255 64 64
193.68893433 197.71311951 412.52804565 255 64 64
190.23492432 197.68829346 412.49826050 255 64 64
194.14627075 197.71707153 412.53015137 255 64 64
193.82472229 197.71032715 412.50921631 255 64 64
182.09617615 206.62687683 435.83593750 255 64 64
178.20747375 206.60290527 435.82247925 255 64 64
182.62084961 206.61802673 435.85250854 255 64 64
182.02186584 206.61880493 435.84924316 255 64 64
191.61425781 203.99206543 431.09567261 255 64 64
187.63450623 203.97732544 431.07803345 255 64 64
192.12380981 204.00381470 431.06616211 255 64 64
191.54779053 204.00839233 431.05606079 255 64 64
228.37013245 238.37451172 395.99090576 255 64 64
222.37167358 238.34863281 395.96520996 255 64 64
229.08317566 238.38711548 396.00393677 255 64 64
228.23828125 238.39498901 395.98107910 255 64 64
208.99188232 220.67742920 387.70800781 255 64 64
203.78022766 220.64962769 387.68249512 255 64 64
209.64387512 220.69863892 387.69216919 255 64 64
208.95512390 220.70388794 387.67239380 255 64 64
238.61837769 254.20027161 462.97769165 255 64 64
233.78854370 254.18678284 462.95208740 255 64 64
239.12918091 254.22770691 463.07315063 255 64 64
238.62086487 254.23828125 463.04785156 255 64 64
280.75399780 216.95605469 407.61306763 255 64 64
281.91394043 227.21138000 417.27597046 255 64 64
287.96844482 217.61509705 402.10421753 255 64 64
286.55908203 227.37670898 412.16665649 255 64 64
273.27835083 235.06533813 426.86880493 255 64 64
270.54058838 241.03115845 437.82681274 255 64 64
280.79534912 232.38784790 420.99829102 255 64 64
276.52420044 237.93344116 431.49703979 255 64 64
238.27566528 240.33222961 450.93530273 255 64 64
230.40390015 243.88117981 458.58663940 255 64 64
250.28192139 241.25677490 448.21188354 255 64 64
243.00720215 244.56117249 457.08483887 255 64 64
244.20193481 202.47492981 406.34896851 255 64 64
243.93383789 206.87007141 417.58251953 255 64 64
256.93780518 204.98995972 403.94815063 255 64 64
257.11462402 209.87422180 416.20587158 255 64 64
258.09744263 201.62873840 385.95425415 255 64 64
262.35687256 211.15614319 389.00604248 255 64 64
273.25424194 206.53594971 388.52554321 255 64 64
278.25103760 215.83602905 394.61077881 255 64 64
237.49319458 217.24653625 430.35671997 255 64 64
232.19560242 222.41323853 439.10568237 255 64 64
249.47363281 220.46080017 428.70156860 255 64 64
244.09796143 226.02935791 438.13479614 255 64 64
216.52842712 228.84635925 442.02175903 255 64 64
209.62112427 233.77424622 447.24816895 255 64 64
227.89288330 232.34651184 443.92639160 255 64 64
220.45053101 237.37658691 450.07592773 255 64 64
200.98928833 239.17387390 449.57647705 255 64 64
193.08767700 243.66661072 452.50885010 255 64 64
211.22395325 243.08981323 453.01348877 255 64 64
203.19145203 247.36094666 457.30297852 255 64 64
233.34385681 254.64675903 423.04660034 255 64 64
232.62042236 254.99504089 435.19866943 255 64 64
247.49212646 252.89305115 429.33621216 255 64 64
245.63993835 252.97686768 441.45153809 255 64 64
212.62010193 211.41964722 424.71200562 255 64 64
208.40982056 216.19596863 430.39306641 255 64 64
223.79397583 214.81530762 427.53244019 255 64 64
218.99237061 219.77075195 434.03903198 255 64 64
179.92520142 243.44229126 455.84396362 255 64 64
171.49543762 246.79663086 459.20462036 255 64 64
189.38372803 248.61589050 457.50793457 255 64 64
181.14685059 250.83987427 461.52761841 255 64 64
215.29588318 203.03250122 412.03463745 255 64 64
214.11070251 207.44487000 419.61935425 255 64 64
227.27345276 206.11917114 414.34100342 255 64 64
226.29580688 210.23646545 422.54110718 255 64 64
198.62667847 220.79663086 435.20443726 255 64 64
193.33712769 225.66252136 439.66729736 255 64 64
208.51690674 224.96041870 438.13681030 255 64 64
202.36277771 229.99279785 443.39077759 255 64 64
186.83251953 195.93904114 420.28182983 255 64 64
185.36640930 200.34222412 427.48538208 255 64 64
196.96377563 201.37384033 422.92996216 255 64 64
195.44712830 205.60365295 430.18859863 255 64 64
215.00282288 198.65644836 394.87771606 255 64 64
220.33026123 202.75996399 401.39926147 255 64 64
227.40060425 202.32911682 396.38571167 255 64 64
234.05761719 205.31948853 403.62600708 255 64 64
182.85070801 228.77975464 442.91198730 255 64 64
176.65756226 233.24723816 446.77783203 255 64 64
191.90966797 233.91374207 446.23477173 255 64 64
184.91738892 238.51440430 450.76882935 255 64 64
206.84373474 260.10174561 435.85083008 255 64 64
204.34878540 259.64501953 446.25314331 255 64 64
218.11174011 259.41171265 441.86486816 255 64 64
215.25167847 258.47366333 451.69308472 255 64 64
192.63299561 189.16815186 405.96203613 255 64 64
195.45516968 192.83880615 413.89807129 255 64 64
203.36367798 194.07272339 407.52868652 255 64 64
207.30184937 196.96377563 415.59564209 255 64 64
190.79020691 259.02795410 444.83172607 255 64 64
186.01388550 257.67224121 453.09155273 255 64 64
200.47836304 258.67974854 450.05007935 255 64 64
196.39779663 256.78302002 457.45797729 255 64 64
164.62028503 230.98480225 451.59692383 255 64 64
158.17224121 235.17785645 456.29058838 255 64 64
173.51734924 237.38117981 453.61395264 255 64 64
166.50555420 241.11383057 458.46148682 255 64 64
195.57514954 182.15141296 394.79736328 255 64 64
200.43875122 186.70845032 400.94686890 255 64 64
204.77819824 189.32739258 393.91326904 255 64 64
211.54313660 192.10478210 401.01806641 255 64 64
223.89270020 225.90191650 393.09234619 255 64 64
228.84585571 235.01597595 397.10171509 255 64 64
237.25955200 228.73670959 396.43002319 255 64 64
241.82461548 237.82780457 400.78155518 255 64 64
150.56454468 235.69854736 468.24951172 255 64 64
143.44139099 238.19981384 474.90423584 255 64 64
159.66712952 241.28662109 465.86077881 255 64 64
153.10427856 241.97839355 471.62222290 255 64 64
178.64157104 209.97640991 429.61404419 255 64 64
174.23034668 214.51622009 434.67626953 255 64 64
187.42152405 215.88424683 432.50167847 255 64 64
182.90351868 220.39649963 438.13909912 255 64 64
215.76089478 243.51118469 395.77444458 255 64 64
219.57736206 250.63894653 402.60595703 255 64 64
229.11164856 245.05200195 400.23272705 255 64 64
232.21856689 251.74806213 407.28930664 255 64 64
214.82830811 203.91357422 387.62994385 255 64 64
220.18789673 212.40992737 388.73910522 255 64 64
225.89193726 208.33396912 390.82876587 255 64 64
232.62701416 216.32398987 392.16235352 255 64 64
199.06611633 188.27682495 387.45288086 255 64 64
204.45097351 195.47805786 389.14611816 255 64 64
208.67044067 196.25537109 388.28643799 255 64 64
216.83843994 201.45765686 391.41287231 255 64 64
202.42749023 255.56983948 410.39620972 255 64 64
203.96989441 258.31509399 419.97644043 255 64 64
214.13424683 256.44473267 415.22305298 255 64 64
214.70277405 258.56768799 424.78030396 255 64 64
166.98777771 217.11047363 437.78460693 255 64 64
161.56159973 221.15313721 443.15109253 255 64 64
176.00999451 223.53440857 440.74313354 255 64 64
170.48506165 227.29920959 446.24624634 255 64 64
163.76605225 254.37876892 448.01785278 255 64 64
162.50106812 252.30003357 457.26739502 255 64 64
173.60231018 255.10771179 452.67361450 255 64 64
172.51615906 252.29241943 460.30886841 255 64 64
145.96504211 172.76809692 439.17361450 255 64 64
144.47415161 179.59388733 451.55072021 255 64 64
154.93544006 178.17706299 432.81970215 255 64 64
153.06523132 184.03208923 444.19564819 255 64 64
159.93063354 191.85391235 436.03683472 255 64 64
158.15443420 197.32832336 446.78817749 255 64 64
165.87521362 199.04797363 428.77590942 255 64 64
165.31950378 202.77000427 438.92330933 255 64 64
123.48356628 182.92469788 483.83688354 255 64 64
122.50705719 189.76541138 496.00732422 255 64 64
130.85415649 189.17755127 474.17169189 255 64 64
129.56018066 195.88737488 485.75430298 255 64 64
152.53938293 216.96351624 452.36132812 255 64 64
146.91111755 220.59742737 459.30767822 255 64 64
161.35435486 224.18713379 453.41476440 255 64 64
156.28007507 227.13388062 459.86740112 255 64 64
141.78689575 189.64399719 460.19461060 255 64 64
139.53811646 196.23556519 472.05279541 255 64 64
148.57020569 194.56010437 450.36871338 255 64 64
145.68258667 200.26817322 461.30374146 255 64 64
120.43119049 225.33702087 477.97668457 255 64 64
119.30617523 228.20855713 489.25616455 255 64 64
125.96013641 231.26678467 466.32980347 255 64 64
126.73801422 232.54284668 477.01684570 255 64 64
184.73512268 259.73562622 422.15676880 255 64 64
185.46160889 260.45611572 431.48898315 255 64 64
194.91902161 260.26898193 426.89865112 255 64 64
194.86410522 260.35565186 435.73257446 255 64 64
123.53694916 170.01310730 459.64981079 255 64 64
123.65176392 176.56677246 472.32546997 255 64 64
133.11730957 175.29174805 453.68743896 255 64 64
132.70268250 182.02224731 465.63745117 255 64 64
172.48284912 257.61657715 433.26376343 255 64 64
172.78712463 257.53076172 442.75671387 255 64 64
182.10232544 259.03985596 438.24905396 255 64 64
181.92572021 258.15463257 446.99798584 255 64 64
166.15974426 187.71307373 420.26345825 255 64 64
166.02218628 193.40104675 429.63702393 255 64 64
173.26361084 197.99697876 417.30120850 255 64 64
175.35267639 200.86405945 426.96868896 255 64 64
203.86138916 220.47514343 385.69995117 255 64 64
208.23013306 229.27001953 388.15985107 255 64 64
214.84924316 222.93621826 390.11172485 255 64 64
219.71284485 231.04565430 392.40576172 255 64 64
117.87424469 205.30857849 485.50170898 255 64 64
116.69781494 210.27549744 496.71002197 255 64 64
121.51217651 211.62974548 471.68478394 255 64 64
121.48777771 215.93246460 482.73007202 255 64 64
163.03811646 152.35905457 406.67617798 255 64 64
160.11262512 159.82206726 415.59045410 255 64 64
170.98968506 163.72407532 403.21105957 255 64 64
169.37135315 169.40286255 412.75912476 255 64 64
152.78279114 161.41571045 419.60729980 255 64 64
150.41070557 168.35287476 430.44128418 255 64 64
162.01167297 170.63023376 416.87469482 255 64 64
160.05636597 175.95137024 426.57888794 255 64 64
158.73597717 132.03668213 396.73431396 255 64 64
156.32040405 140.51007080 406.22036743 255 64 64
171.15559387 142.43266296 396.22335815 255 64 64
169.06709290 149.17694092 405.85180664 255 64 64
180.55267334 226.54487610 419.28350830 255 64 64
178.79110718 231.19491577 423.74295044 255 64 64
188.03060913 230.98364258 421.19116211 255 64 64
186.14018250 235.00679016 426.15350342 255 64 64
196.10072327 245.98402405 391.08020020 255 64 64
199.15826416 251.87866211 397.89105225 255 64 64
208.26084900 246.65655518 395.84045410 255 64 64
211.02331543 252.01271057 402.59161377 255 64 64
176.18910217 213.93467712 418.42813110 255 64 64
175.52403259 218.91996765 423.49609375 255 64 64
183.35388184 220.97746277 419.59552002 255 64 64
183.67819214 224.76408386 425.60498047 255 64 64
131.34126282 220.76046753 464.36184692 255 64 64
130.85156250 222.71691895 475.78372192 255 64 64
139.60310364 227.15921021 461.10961914 255 64 64
140.44815063 228.81478882 471.30755615 255 64 64
124.86537170 160.31347656 429.92404175 255 64 64
124.85962677 166.24026489 443.67895508 255 64 64
137.19483948 164.97886658 425.62649536 255 64 64
135.95597839 170.16165161 438.57312012 255 64 64
176.39634705 153.02957153 388.83154297 255 64 64
175.34942627 161.05978394 395.43801880 255 64 64
179.63357544 169.19331360 382.73022461 255 64 64
181.89199829 174.10054016 391.92468262 255 64 64
150.58264160 204.75860596 445.19110107 255 64 64
147.73750305 209.00219727 454.55545044 255 64 64
156.55218506 211.36567688 439.08862305 255 64 64
155.13851929 213.55578613 447.83874512 255 64 64
193.38504028 201.99613953 380.06335449 255 64 64
197.26811218 211.54650879 380.88745117 255 64 64
202.78269958 207.71855164 384.18838501 255 64 64
209.12281799 215.78091431 385.41174316 255 64 64
132.33068848 204.03656006 469.36093140 255 64 64
130.42330933 208.64985657 480.38323975 255 64 64
136.14729309 209.32540894 456.16171265 255 64 64
134.56442261 212.82785034 466.29763794 255 64 64
167.51306152 180.86892700 408.04565430 255 64 64
167.49583435 187.16426086 416.29629517 255 64 64
174.00071716 194.42089844 405.02828979 255 64 64
177.33496094 196.73643494 414.44088745 255 64 64
160.20016479 207.10314941 426.99279785 255 64 64
158.91738892 211.44546509 434.70153809 255 64 64
167.98437500 215.10177612 427.46755981 255 64 64
168.44277954 217.62255859 435.21762085 255 64 64
129.64399719 142.48260498 406.57858276 255 64 64
127.91429901 149.68844604 419.24044800 255 64 64
145.27613831 148.79861450 407.66473389 255 64 64
142.25650024 154.82644653 419.21978760 255 64 64
172.34329224 131.73815918 381.89208984 255 64 64
175.23663330 141.40335083 387.50427246 255 64 64
176.92787170 148.88014221 378.49713135 255 64 64
180.47912598 155.92523193 385.94406128 255 64 64
134.39965820 248.35496521 452.25338745 255 64 64
137.82116699 247.19848633 462.55236816 255 64 64
145.21987915 250.46398926 456.51535034 255 64 64
148.35321045 248.41912842 465.45718384 255 64 64
107.27999115 157.58775330 454.91253662 255 64 64
108.86810303 163.33084106 467.66165161 255 64 64
115.44474792 162.38647461 446.13830566 255 64 64
116.66380310 167.77821350 458.59811401 255 64 64
181.16249084 255.54817200 401.07232666 255 64 64
182.93682861 257.88293457 409.22424316 255 64 64
191.57267761 256.00543213 405.74761963 255 64 64
192.87239075 257.82409668 413.52291870 255 64 64
190.41705322 230.53242493 383.45126343 255 64 64
194.04638672 239.24005127 386.66955566 255 64 64
201.48069763 232.87237549 387.89233398 255 64 64
205.60142517 240.81990051 390.98202515 255 64 64
171.10765076 179.29939270 393.19796753 255 64 64
171.65446472 186.46388245 400.16497803 255 64 64
177.80801392 194.99986267 391.40341187 255 64 64
182.94026184 197.29158020 400.53814697 255 64 64
114.52507019 239.71423340 463.10693359 255 64 64
120.20270538 239.41972351 473.55053711 255 64 64
126.17082214 243.50622559 465.60302734 255 64 64
131.32145691 242.05610657 474.64358521 255 64 64
107.93924713 147.70672607 428.62432861 255 64 64
108.38932800 154.26383972 441.82354736 255 64 64
118.90199280 152.72186279 421.61370850 255 64 64
118.26605225 158.71064758 434.70266724 255 64 64
143.74220276 251.67271423 438.19882202 255 64 64
146.70559692 251.19737244 447.90533447 255 64 64
153.44642639 253.88507080 442.49752808 255 64 64
156.32945251 252.64791870 451.51052856 255 64 64
165.52400208 256.80914307 412.63510132 255 64 64
167.13475037 257.86428833 421.41162109 255 64 64
174.80987549 258.39349365 416.80752563 255 64 64
176.19943237 258.76760864 425.25335693 255 64 64
175.80332947 180.93437195 378.34054565 255 64 64
176.03237915 190.68450928 381.77926636 255 64 64
182.56596375 196.48728943 379.33972168 255 64 64
188.50422668 202.02026367 385.37902832 255 64 64
146.01612854 189.62361145 432.54415894 255 64 64
146.11502075 194.91201782 442.48257446 255 64 64
152.73226929 198.07575989 427.47503662 255 64 64
154.24008179 199.85139465 436.66833496 255 64 64
155.29611206 254.79562378 425.21145630 255 64 64
157.51203918 254.77603149 434.53677368 255 64 64
164.56288147 257.00689697 429.06005859 255 64 64
166.62725830 256.27322388 437.98812866 255 64 64
101.06035614 221.83628845 474.73114014 255 64 64
107.34880829 224.16934204 483.78549194 255 64 64
108.97459412 229.38311768 467.71017456 255 64 64
115.45938110 230.00140381 476.30755615 255 64 64
183.05622864 214.67868042 376.02499390 255 64 64
186.54777527 224.07978821 378.18353271 255 64 64
192.96136475 218.57092285 380.82772827 255 64 64
198.09822083 226.73316956 383.02529907 255 64 64
173.98637390 243.99743652 383.53280640 255 64 64
176.91589355 250.59472656 389.43432617 255 64 64
185.17228699 245.87524414 388.09097290 255 64 64
188.45256042 251.90191650 394.00628662 255 64 64
171.09674072 138.21089172 367.70001221 255 64 64
170.76220703 151.74076843 367.68157959 255 64 64
176.59497070 153.65588379 373.20986938 255 64 64
178.86430359 164.10182190 373.92575073 255 64 64
175.03521729 193.56637573 369.30944824 255 64 64
177.03874207 204.10646057 370.75955200 255 64 64
182.63945007 201.10058594 374.70690918 255 64 64
187.84059143 209.73701477 376.69091797 255 64 64
136.96751404 197.37596130 430.46139526 255 64 64
137.34916687 201.75158691 439.26315308 255 64 64
144.92825317 205.15615845 428.64328003 255 64 64
146.73947144 207.02162170 436.92492676 255 64 64
171.28417969 164.37069702 366.10665894 255 64 64
170.73974609 176.50442505 365.73693848 255 64 64
176.92391968 174.76840210 372.68759155 255 64 64
179.98031616 184.49787903 373.13967896 255 64 64
158.49774170 253.19186401 393.06994629 255 64 64
160.85891724 256.14950562 400.96237183 255 64 64
168.50277710 255.22697449 397.12066650 255 64 64
170.85017395 257.42684937 404.99700928 255 64 64
169.77206421 229.99967957 375.47619629 255 64 64
173.08448792 238.50981140 379.69680786 255 64 64
180.63247681 232.91600037 380.36044312 255 64 64
185.11717224 240.60635376 384.46395874 255 64 64
109.79122925 237.20378113 446.52066040 255 64 64
114.38844299 239.21018982 455.21334839 255 64 64
119.71932983 242.95576477 448.96737671 255 64 64
124.39577484 244.20237732 457.42700195 255 64 64
88.84827423 200.42546082 472.68139648 255 64 64
93.81634521 205.97795105 480.80346680 255 64 64
93.18429565 210.04241943 463.97003174 255 64 64
98.54618073 214.76937866 472.10818481 255 64 64
122.13619995 242.65179443 431.84378052 255 64 64
126.23741150 243.93026733 441.10708618 255 64 64
131.65786743 247.53985596 434.56030273 255 64 64
135.94622803 248.10438538 443.76623535 255 64 64
95.64823914 221.84030151 458.40408325 255 64 64
100.54397583 225.86918640 465.85559082 255 64 64
103.91725159 230.65354919 455.88586426 255 64 64
108.82676697 233.88676453 463.42926025 255 64 64
135.86241150 248.85685730 416.03939819 255 64 64
139.26210022 249.41873169 425.46575928 255 64 64
145.04995728 252.67935181 418.67211914 255 64 64
148.56216431 252.45672607 428.05255127 255 64 64
144.83036804 252.50239563 403.13360596 255 64 64
147.75300598 253.92495728 411.98590088 255 64 64
154.00585938 255.72785950 406.22674561 255 64 64
157.06340027 256.30194092 415.12268066 255 64 64
153.97055054 241.50650024 378.83166504 255 64 64
157.27207947 247.84202576 385.09027100 255 64 64
164.70524597 244.65245056 382.83758545 255 64 64
168.81794739 250.29449463 389.34762573 255 64 64
162.23785400 212.18518066 364.76962280 255 64 64
165.65707397 221.36354065 368.48620605 255 64 64
171.83758545 215.65374756 370.16711426 255 64 64
176.62081909 223.95147705 373.79412842 255 64 64
153.03581238 136.19760132 354.75463867 255 64 64
152.64945984 149.72288513 354.40176392 255 64 64
162.36587524 145.81915283 361.62854004 255 64 64
163.47787476 156.83341980 361.12908936 255 64 64
81.15505981 192.22418213 454.75866699 255 64 64
84.99219513 198.40242004 462.33651733 255 64 64
84.87221527 201.12124634 446.98336792 255 64 64
88.89535522 206.90222168 454.59103394 255 64 64
102.99528503 228.89715576 431.97351074 255 64 64
106.77616882 232.44152832 439.72814941 255 64 64
111.39749146 236.15580750 432.33432007 255 64 64
115.56530762 239.19956970 440.58496094 255 64 64
156.59352112 187.17689514 356.35305786 255 64 64
159.24461365 198.66763306 358.97946167 255 64 64
165.23339844 192.49055481 362.95324707 255 64 64
169.00509644 202.77919006 365.52624512 255 64 64
137.05764771 245.74319458 387.00540161 255 64 64
140.26329041 249.92248535 394.43167114 255 64 64
146.59881592 250.21067810 389.67486572 255 64 64
150.62884521 253.60806274 397.64306641 255 64 64
152.81034851 162.38934326 353.18243408 255 64 64
153.62956238 174.45417786 354.29672241 255 64 64
162.03808594 169.42984009 359.44848633 255 64 64
164.34759521 180.03994751 360.43420410 255 64 64
89.06356049 212.09533691 442.00265503 255 64 64
92.94087982 217.28958130 448.96737671 255 64 64
95.96684265 221.20193481 438.74075317 255 64 64
100.05772400 226.07241821 446.23132324 255 64 64
117.20257568 237.39653015 413.48361206 255 64 64
120.81582642 239.69570923 421.83529663 255 64 64
125.66333771 244.08197021 414.24053955 255 64 64
129.80130005 245.57542419 422.97799683 255 64 64
147.92379761 226.04026794 367.54013062 255 64 64
152.07553101 234.29321289 373.06045532 255 64 64
158.63838196 229.48817444 371.40710449 255 64 64
163.91990662 237.19230652 377.17889404 255 64 64
125.85967255 242.66555786 397.74523926 255 64 64
129.17210388 245.63986206 405.75250244 255 64 64
134.56384277 248.73242188 399.23669434 255 64 64
138.71328735 250.85594177 407.78128052 255 64 64
74.13465118 171.34851074 442.67892456 255 64 64
76.50157928 178.89074707 450.24069214 255 64 64
75.87525940 179.38905334 433.59814453 255 64 64
78.40579224 186.76940918 440.98770142 255 64 64
101.22712708 224.36166382 416.37637329 255 64 64
104.84497070 228.44049072 423.85202026 255 64 64
108.85547638 232.60598755 415.56005859 255 64 64
113.02902222 236.12739563 423.78543091 255 64 64
79.67336273 190.77005005 432.15234375 255 64 64
82.57991791 197.26402283 438.85986328 255 64 64
83.64627075 199.30084229 425.85928345 255 64 64
86.76810455 205.71215820 432.80105591 255 64 64
131.81459045 232.77661133 372.54263306 255 64 64
135.83599854 239.76887512 378.87701416 255 64 64
141.96716309 237.56211853 374.73791504 255 64 64
147.10859680 244.02050781 381.82434082 255 64 64
140.89477539 208.64167786 355.17907715 255 64 64
145.37487793 218.28848267 360.48126221 255 64 64
151.83671570 211.81977844 359.21368408 255 64 64
157.08378601 221.10147095 364.78570557 255 64 64
131.04244995 141.01068115 347.44909668 255 64 64
131.32963562 153.37402344 348.03179932 255 64 64
142.65950012 147.66539001 350.28085327 255 64 64
143.89189148 158.69227600 350.25949097 255 64 64
87.40160370 208.21914673 423.09640503 255 64 64
90.69508362 213.77622986 429.84985352 255 64 64
93.99517822 217.15295410 420.37597656 255 64 64
97.72094727 222.55158997 427.87573242 255 64 64
117.30877686 233.64752197 383.82327271 255 64 64
120.79055786 239.14028931 390.46652222 255 64 64
126.16967773 240.59156799 384.27752686 255 64 64
130.79789734 245.44367981 391.92425537 255 64 64
108.43812561 229.22583008 396.70043945 255 64 64
111.84872437 233.55436707 403.76272583 255 64 64
116.16808319 237.51550293 395.87719727 255 64 64
120.45989227 241.10694885 403.84310913 255 64 64
135.74415588 189.85554504 349.24884033 255 64 64
139.41481018 200.36117554 353.36843872 255 64 64
146.70674133 193.78912354 353.01824951 255 64 64
151.13174438 203.89289856 357.16079712 255 64 64
75.45330811 175.95854187 421.42425537 255 64 64
77.37647247 183.55244446 427.61740112 255 64 64
78.36417389 184.01860046 413.78787231 255 64 64
80.42166901 191.68139648 420.05450439 255 64 64
131.09066772 164.02891541 346.96343994 255 64 64
133.33876038 176.39685059 348.87969971 255 64 64
142.46659851 169.47576904 349.38317871 255 64 64
145.16247559 181.30636597 351.03796387 255 64 64
74.62921906 161.31753540 414.20349121 255 64 64
75.21248627 170.28463745 420.02578735 255 64 64
76.81129456 168.49581909 405.18359375 255 64 64
77.45455170 177.63513184 410.93814087 255 64 64
93.86859131 213.20445251 402.87188721 255 64 64
97.01913452 218.76382446 409.38308716 255 64 64
100.29826355 222.23355103 399.98416138 255 64 64
104.06766510 227.38876343 407.41961670 255 64 64
124.37165833 215.86816406 359.94964600 255 64 64
128.94935608 224.80541992 365.53430176 255 64 64
135.31015015 220.92924500 361.13455200 255 64 64
140.85115051 229.60700989 367.68594360 255 64 64
82.81012726 196.23124695 409.82672119 255 64 64
85.61105347 202.77459717 416.11172485 255 64 64
88.06882477 205.17826843 405.53607178 255 64 64
91.25724792 211.73423767 412.43649292 255 64 64
100.82182312 216.27346802 384.38729858 255 64 64
103.96777344 222.96148682 389.81808472 255 64 64
107.94039917 225.10279846 381.57434082 255 64 64
111.99798584 231.46127319 388.26577759 255 64 64
109.46801758 217.79592896 370.17227173 255 64 64
113.43317413 225.66998291 375.44689941 255 64 64
118.63891602 225.00634766 368.98422241 255 64 64
123.63110352 232.62092590 375.50344849 255 64 64
109.80586243 144.11529541 351.79818726 255 64 64
110.08155823 156.50160217 350.81362915 255 64 64
120.20614624 150.02714539 348.37869263 255 64 64
121.71482849 162.13789368 347.35769653 255 64 64
79.67967224 179.32121277 399.34866333 255 64 64
81.45357513 187.12637329 404.76565552 255 64 64
83.82910919 187.74752808 392.87762451 255 64 64
85.92966461 195.80299377 398.84805298 255 64 64
115.30467224 193.58245850 352.46051025 255 64 64
119.58959198 203.94342041 356.31604004 255 64 64
126.57727051 199.01782227 351.60198975 255 64 64
131.74742126 209.35583496 356.07061768 255 64 64
89.32935333 199.51612854 389.26898193 255 64 64
92.03383636 206.75640869 394.57116699 255 64 64
95.02478027 208.60780334 384.65051270 255 64 64
98.28324890 215.81362915 391.00442505 255 64 64
80.14146423 160.42829895 389.60079956 255 64 64
80.46185303 170.62391663 393.08660889 255 64 64
83.57135010 167.78567505 381.09756470 255 64 64
84.33142853 178.38085938 384.86007690 255 64 64
111.45834351 167.96020508 348.46408081 255 64 64
114.30348206 180.23168945 349.54852295 255 64 64
122.93761444 173.51153564 345.93841553 255 64 64
126.52560425 185.65443420 347.38336182 255 64 64
92.01891327 195.86270142 377.42691040 255 64 64
94.70904541 204.38661194 381.50054932 255 64 64
98.31884766 204.68283081 372.28201294 255 64 64
101.74494934 213.23889160 377.62094116 255 64 64
102.65543365 197.46551514 361.53582764 255 64 64
106.59016418 207.01818848 365.15197754 255 64 64
112.09442139 204.49913025 358.24121094 255 64 64
116.94538879 214.07475281 362.88092041 255 64 64
85.08979034 177.84640503 379.02398682 255 64 64
86.91650391 187.18550110 382.98281860 255 64 64
90.08197021 185.98970032 372.24298096 255 64 64
92.51147461 195.46427917 376.97222900 255 64 64
88.41025543 177.11473083 373.64141846 255 64 64
90.35293579 186.91769409 376.76440430 255 64 64
93.94667053 185.43943787 366.64916992 255 64 64
96.61038971 195.31817627 370.70330811 255 64 64
94.14759827 195.94076538 370.47912598 255 64 64
97.20054626 205.13749695 374.12911987 255 64 64
101.46364594 204.07373047 365.78833008 255 64 64
105.22959900 213.24520874 370.58648682 255 64 64
92.93011475 150.01451111 361.06896973 255 64 64
93.24542999 162.42608643 360.26367188 255 64 64
100.47967529 156.27999878 353.24041748 255 64 64
102.03514099 168.85461426 352.67422485 255 64 64
86.53524780 159.41561890 371.95364380 255 64 64
87.03103638 170.81451416 373.38006592 255 64 64
91.47927856 166.37803650 363.66680908 255 64 64
92.86968994 177.86878967 365.46597290 255 64 64
280.77539062 235.96029663 443.49111938 255 64 64
280.78674316 235.96652222 443.48583984 255 64 64
280.78381348 235.95091248 443.48687744 255 64 64
280.79843140 235.95434570 443.48968506 255 64 64
152.96836853 257.48754883 420.64562988 255 64 64
152.97337341 257.49203491 420.64712524 255 64 64
152.98271179 257.48635864 420.64248657 255 64 64
152.98847961 257.48171997 420.64611816 255 64 64
217.23419189 207.01246643 387.01647949 255 64 64
217.25305176 207.01512146 387.01864624 255 64 64
217.23782349 207.01792908 387.01309204 255 64 64
217.25947571 207.01243591 387.01663208 255 64 64
214.58396912 258.51403809 460.71173096 255 64 64
214.59278870 258.50915527 460.70980835 255 64 64
214.59143066 258.50933838 460.72143555 255 64 64
214.60241699 258.50277710 460.72198486 255 64 64
182.03091431 206.58947754 435.82293701 255 64 64
182.03756714 206.59065247 435.82574463 255 64 64
182.03057861 206.59202576 435.82205200 255 64 64
182.03904724 206.58671570 435.82202148 255 64 64
240.24523926 249.32225037 409.92614746 255 64 64
240.25827026 249.32208252 409.92651367 255 64 64
240.25421143 249.31977844 409.92260742 255 64 64
240.26864624 249.31544495 409.92849731 255 64 64
175.34471130 236.65635681 380.53488159 255 64 64
175.35720825 236.65826416 380.53836060 255 64 64
175.34669495 236.65568542 380.53005981 255 64 64
175.35986328 236.64894104 380.53494263 255 64 64
257.35382080 206.57907104 412.00732422 255 64 64
257.36254883 206.57897949 412.00933838 255 64 64
257.35449219 206.57818604 412.00427246 255 64 64
257.36630249 206.57226562 412.00830078 255 64 64
195.64443970 259.58865356 415.95388794 255 64 64
195.65548706 259.58526611 415.95465088 255 64 64
195.65269470 259.58694458 415.94476318 255 64 64
195.66598511 259.57662964 415.94857788 255 64 64
171.15489197 253.31147766 459.20153809 255 64 64
171.16056824 253.30851746 459.20022583 255 64 64
171.16551208 253.30586243 459.20800781 255 64 64
171.17169189 253.29956055 459.20785522 255 64 64
237.85073853 228.03347778 443.18679810 255 64 64
237.85812378 228.04191589 443.17892456 255 64 64
237.85401917 228.03266907 443.18841553 255 64 64
237.86444092 228.03709412 443.18325806 255 64 64
254.94729614 251.77154541 461.88766479 255 64 64
254.95620728 251.77481079 461.88452148 255 64 64
254.95309448 251.76847839 461.88146973 255 64 64
254.96531677 251.76901245 461.88430786 255 64 64
208.21104431 240.92605591 390.39736938 255 64 64
208.22390747 240.92665100 390.39468384 255 64 64
208.21360779 240.92785645 390.39852905 255 64 64
208.22781372 240.92083740 390.40032959 255 64 64
215.11390686 212.77278137 424.46658325 255 64 64
215.12854004 212.77413940 424.46218872 255 64 64
215.11880493 212.77481079 424.46780396 255 64 64
215.13743591 212.77023315 424.46444702 255 64 64
195.45561218 234.62603760 446.03900146 255 64 64
195.46200562 234.62814331 446.03286743 255 64 64
195.46290588 234.61647034 446.04260254 255 64 64
195.47204590 234.61492920 446.03771973 255 64 64
274.97607422 231.17169189 407.40893555 255 64 64
274.99322510 231.17898560 407.39935303 255 64 64
274.98229980 231.17413330 407.40783691 255 64 64
275.00177002 231.17379761 407.40652466 255 64 64
165.75453186 229.40560913 423.92465210 255 64 64
165.76220703 229.40628052 423.92370605 255 64 64
165.75842285 229.40802002 423.92532349 255 64 64
165.76812744 229.40213013 423.92443848 255 64 64
226.75302124 257.15499878 434.31436157 255 64 64
226.76116943 257.15194702 434.31100464 255 64 64
226.76138306 257.14892578 434.31262207 255 64 64
226.77291870 257.14279175 434.31274414 255 64 64
242.91430664 225.19186401 395.12960815 255 64 64
242.93148804 225.19787598 395.12414551 255 64 64
242.91213989 225.19793701 395.12326050 255 64 64
242.93206787 225.19570923 395.12326050 255 64 64
193.70231628 197.69830322 412.51516724 255 64 64
193.71711731 197.69721985 412.52215576 255 64 64
193.70419312 197.70135498 412.50585938 255 64 64
193.72142029 197.69223022 412.51089478 255 64 64
256.27493286 250.48970032 435.29934692 255 64 64
256.28741455 250.49026489 435.29888916 255 64 64
256.28082275 250.48684692 435.29367065 255 64 64
256.29425049 250.48419189 435.29821777 255 64 64
168.54933167 255.73608398 399.13821411 255 64 64
168.56416321 255.73641968 399.14172363 255 64 64
168.56295776 255.73168945 399.13415527 255 64 64
168.57595825 255.72285461 399.13973999 255 64 64
233.84712219 199.43714905 404.46200562 255 64 64
233.86035156 199.43315125 404.46585083 255 64 64
233.84893799 199.43692017 404.46612549 255 64 64
233.86471558 199.42718506 404.47027588 255 64 64
192.89506531 262.73025513 440.83547974 255 64 64
192.90203857 262.72937012 440.83447266 255 64 64
192.90728760 262.72772217 440.83465576 255 64 64
192.91313171 262.72204590 440.83673096 255 64 64
260.19546509 220.13812256 431.85421753 255 64 64
260.20355225 220.14241028 431.84866333 255 64 64
260.19476318 220.13551331 431.84954834 255 64 64
260.20834351 220.13597107 431.84991455 255 64 64
168.15048218 231.28933716 447.55969238 255 64 64
168.15109253 231.28787231 447.56164551 255 64 64
168.15045166 231.28494263 447.55743408 255 64 64
168.15261841 231.28001404 447.55963135 255 64 64
218.26666260 255.27198792 407.31274414 255 64 64
218.28108215 255.27365112 407.31314087 255 64 64
218.26478577 255.27070618 407.31231689 255 64 64
218.27871704 255.26530457 407.31784058 255 64 64
197.62376404 217.36181641 381.93875122 255 64 64
197.64031982 217.36119080 381.94561768 255 64 64
197.63137817 217.36936951 381.94079590 255 64 64
197.64808655 217.36219788 381.94692993 255 64 64
173.69212341 258.40359497 429.43060303 255 64 64
173.70187378 258.40191650 429.42871094 255 64 64
173.70487976 258.40078735 429.43112183 255 64 64
173.71519470 258.39190674 429.43081665 255 64 64
230.54908752 243.72113037 456.38851929 255 64 64
230.55429077 243.72439575 456.38070679 255 64 64
230.55496216 243.71505737 456.38983154 255 64 64
230.56390381 243.71691895 456.38528442 255 64 64
239.35072327 207.31103516 423.70718384 255 64 64
239.36062622 207.31471252 423.69952393 255 64 64
239.34666443 207.30882263 423.70559692 255 64 64
239.36181641 207.30931091 423.70318604 255 64 64
261.08227539 243.47520447 416.37734985 255 64 64
261.09463501 243.47932434 416.37380981 255 64 64
261.08447266 243.47451782 416.37646484 255 64 64
261.09912109 243.47251892 416.37789917 255 64 64
156.78332520 255.22315979 440.43920898 255 64 64
156.79138184 255.22358704 440.43356323 255 64 64
156.80303955 255.21936035 440.42810059 255 64 64
156.81166077 255.21189880 440.42602539 255 64 64
218.27275085 230.72721863 440.10311890 255 64 64
218.28228760 230.73112488 440.09689331 255 64 64
218.27604675 230.72846985 440.10858154 255 64 64
218.28860474 230.72631836 440.10525513 255 64 64
195.25743103 253.90243530 460.12728882 255 64 64
195.26251221 253.90003967 460.12185669 255 64 64
195.26506042 253.89492798 460.13043213 255 64 64
195.27125549 253.89108276 460.12692261 255 64 64
228.32022095 238.37155151 396.01068115 255 64 64
228.33370972 238.37335205 396.00781250 255 64 64
228.31954956 238.37796021 396.00735474 255 64 64
228.33508301 238.37385559 396.00912476 255 64 64
262.14984131 230.94833374 447.93246460 255 64 64
262.15362549 230.95669556 447.92294312 255 64 64
262.14761353 230.94561768 447.92999268 255 64 64
262.15734863 230.95085144 447.92605591 255 64 64
192.30722046 252.51072693 398.26867676 255 64 64
192.32214355 252.51187134 398.27014160 255 64 64
192.31605530 252.50965881 398.26904297 255 64 64
192.32853699 252.50173950 398.27349854 255 64 64
214.59613037 203.51457214 405.75781250 255 64 64
214.60760498 203.50982666 405.76324463 255 64 64
214.59927368 203.51722717 405.75857544 255 64 64
214.61360168 203.50634766 405.76336670 255 64 64
261.10913086 219.74386597 396.37127686 255 64 64
261.12799072 219.74888611 396.36477661 255 64 64
261.11184692 219.74966431 396.37051392 255 64 64
261.13159180 219.74745178 396.37234497 255 64 64
197.53460693 220.89898682 433.50323486 255 64 64
197.54866028 220.89808655 433.49884033 255 64 64
197.54472351 220.89212036 433.50500488 255 64 64
197.56089783 220.88720703 433.50112915 255 64 64
237.37675476 208.06602478 388.80599976 255 64 64
237.39877319 208.06776428 388.80029297 255 64 64
237.37576294 208.07058716 388.80435181 255 64 64
237.40005493 208.06558228 388.80459595 255 64 64
210.92736816 242.42784119 453.46997070 255 64 64
210.93394470 242.42813110 453.46328735 255 64 64
210.94030762 242.41957092 453.47573853 255 64 64
210.94982910 242.41758728 453.47134399 255 64 64
242.65849304 255.67874146 445.62805176 255 64 64
242.66839600 255.67808533 445.62139893 255 64 64
242.66873169 255.66989136 445.62762451 255 64 64
242.68113708 255.66702271 445.62731934 255 64 64
210.30418396 261.64395142 442.98229980 255 64 64
210.31532288 261.63919067 442.98397827 255 64 64
210.30804443 261.64035034 442.98483276 255 64 64
210.31993103 261.63195801 442.99108887 255 64 64
273.59713745 239.26342773 427.82882690 255 64 64
273.60626221 239.26976013 427.82409668 255 64 64
273.60223389 239.26295471 427.82437134 255 64 64
273.61322021 239.26547241 427.82522583 255 64 64
272.88861084 218.41836548 419.13482666 255 64 64
272.89910889 218.42053223 419.13192749 255 64 64
272.89120483 218.41754150 419.13058472 255 64 64
272.90570068 218.41412354 419.13281250 255 64 64
193.59889221 234.53233337 383.58056641 255 64 64
193.61370850 234.53298950 383.58264160 255 64 64
193.60620117 234.53320312 383.58499146 255 64 64
193.62199402 234.52548218 383.58767700 255 64 64
212.29414368 259.04461670 425.00656128 255 64 64
212.30558777 259.03796387 425.01116943 255 64 64
212.29653931 259.03970337 425.01019287 255 64 64
212.30889893 259.02856445 425.01806641 255 64 64
272.83984375 243.08192444 456.76794434 255 64 64
272.84951782 243.09059143 456.76040649 255 64 64
272.84442139 243.07281494 456.75875854 255 64 64
272.85931396 243.07907104 456.75967407 255 64 64
217.04129028 226.69020081 390.85452271 255 64 64
217.05738831 226.69326782 390.85522461 255 64 64
217.04092407 226.69427490 390.85565186 255 64 64
217.05917358 226.68811035 390.85864258 255 64 64
200.40074158 204.58279419 426.13485718 255 64 64
200.41580200 204.58309937 426.13403320 255 64 64
200.39555359 204.57637024 426.13623047 255 64 64
200.41357422 204.57145691 426.13613892 255 64 64
176.73397827 238.79312134 431.93643188 255 64 64
176.74336243 238.79554749 431.93249512 255 64 64
176.74234009 238.79310608 431.94192505 255 64 64
176.75061035 238.78955078 431.94058228 255 64 64
181.11515808 222.73268127 438.05664062 255 64 64
181.12191772 222.73333740 438.05511475 255 64 64
181.11869812 222.73043823 438.05679321 255 64 64
181.12760925 222.72637939 438.05603027 255 64 64
254.48417664 237.63760376 402.76898193 255 64 64
254.49810791 237.64358521 402.76321411 255 64 64
254.48870850 237.63958740 402.76434326 255 64 64
254.50480652 237.63916016 402.76638794 255 64 64
174.99795532 216.60606384 422.71713257 255 64 64
175.00759888 216.60461426 422.71899414 255 64 64
175.00753784 216.60476685 422.72045898 255 64 64
175.01736450 216.59666443 422.72100830 255 64 64
246.23048401 236.69140625 452.98190308 255 64 64
246.23519897 236.69717407 452.97277832 255 64 64
246.23489380 236.68539429 452.97778320 255 64 64
246.24472046 236.68887329 452.97277832 255 64 64
226.00872803 258.62069702 449.54885864 255 64 64
226.02050781 258.61599731 449.54794312 255 64 64
226.01425171 258.61352539 449.55929565 255 64 64
226.02609253 258.60632324 449.56240845 255 64 64
278.02975464 224.82460022 432.05255127 255 64 64
278.04092407 224.83346558 432.04263306 255 64 64
278.03778076 224.81588745 432.05065918 255 64 64
278.05145264 224.81999207 432.04766846 255 64 64
228.52026367 220.49566650 433.74414062 255 64 64
228.52981567 220.50100708 433.73632812 255 64 64
228.51800537 220.49241638 433.74743652 255 64 64
228.53076172 220.49340820 433.74157715 255 64 64
181.29919434 202.51394653 421.23425293 255 64 64
181.31311035 202.51193237 421.24182129 255 64 64
181.29464722 202.51525879 421.23123169 255 64 64
181.30950928 202.50646973 421.23703003 255 64 64
225.56353760 204.95277405 415.86718750 255 64 64
225.57833862 204.95068359 415.86752319 255 64 64
225.56292725 204.95391846 415.86685181 255 64 64
225.58026123 204.94644165 415.86904907 255 64 64
238.61383057 254.19914246 463.02832031 255 64 64
238.62274170 254.19750977 463.02767944 255 64 64
238.62017822 254.20185852 463.03012085 255 64 64
238.63208008 254.19906616 463.03372192 255 64 64
161.55447388 237.61399841 435.30917358 255 64 64
161.55976868 237.61408997 435.30725098 255 64 64
161.56201172 237.61134338 435.30166626 255 64 64
161.57000732 237.60549927 435.30065918 255 64 64
246.34327698 252.98461914 425.20214844 255 64 64
246.35385132 252.98541260 425.20330811 255 64 64
246.34402466 252.98593140 425.19827271 255 64 64
246.35681152 252.98258972 425.20462036 255 64 64
225.78411865 255.62614441 419.56259155 255 64 64
225.79388428 255.62414551 419.56369019 255 64 64
225.78411865 255.62446594 419.56158447 255 64 64
225.79534912 255.61721802 419.56729126 255 64 64
176.68792725 259.70690918 443.37487793 255 64 64
176.69609070 259.70422363 443.37310791 255 64 64
176.69671631 259.70117188 443.37756348 255 64 64
176.70555115 259.69274902 443.37847900 255 64 64
179.72888184 243.55880737 453.55883789 255 64 64
179.73484802 243.55688477 453.55413818 255 64 64
179.74235535 243.55276489 453.55523682 255 64 64
179.74914551 243.54768372 453.55239868 255 64 64
166.29591370 258.50622559 417.40655518 255 64 64
166.30804443 258.50518799 417.40878296 255 64 64
166.30841064 258.49914551 417.40377808 255 64 64
166.32054138 258.49011230 417.40905762 255 64 64
161.72883606 243.76791382 447.57278442 255 64 64
161.73341370 243.76725769 447.57110596 255 64 64
161.73246765 243.75843811 447.56945801 255 64 64
161.73770142 243.75244141 447.56970215 255 64 64
240.74230957 238.96423340 400.97503662 255 64 64
240.75851440 238.96771240 400.97091675 255 64 64
240.74130249 238.96743774 400.97076416 255 64 64
240.75856018 238.96319580 400.97235107 255 64 64
182.89364624 248.51438904 389.61660767 255 64 64
182.90890503 248.51527405 389.61932373 255 64 64
182.90037537 248.51332092 389.61892700 255 64 64
182.91374207 248.50558472 389.62484741 255 64 64
204.08047485 255.10725403 403.82952881 255 64 64
204.09333801 255.10693359 403.82949829 255 64 64
204.08558655 255.10604858 403.82971191 255 64 64
204.09895325 255.09777832 403.83410645 255 64 64
180.00515747 258.29605103 417.85049438 255 64 64
180.01551819 258.29449463 417.85394287 255 64 64
180.01116943 258.29385376 417.85113525 255 64 64
180.02130127 258.28588867 417.85671997 255 64 64
245.07119751 216.92619324 430.60369873 255 64 64
245.08070374 216.93170166 430.59658813 255 64 64
245.07308960 216.92396545 430.60641479 255 64 64
245.08755493 216.92526245 430.60302734 255 64 64
164.00967407 220.74488831 440.91757202 255 64 64
164.01495361 220.74653625 440.92138672 255 64 64
164.01261902 220.74140930 440.91546631 255 64 64
164.01869202 220.73698425 440.91897583 255 64 64
206.32917786 200.31082153 415.21289062 255 64 64
206.34487915 200.30747986 415.21810913 255 64 64
206.33047485 200.30740356 415.21115112 255 64 64
206.34858704 200.29766846 415.21566772 255 64 64
255.98144531 251.68389893 448.05029297 255 64 64
255.99078369 251.68702698 448.04339600 255 64 64
255.98703003 251.67851257 448.04895020 255 64 64
255.99893188 251.67912292 448.04724121 255 64 64
157.02856445 256.58837891 404.49740601 255 64 64
157.03805542 256.59069824 404.50048828 255 64 64
157.04196167 256.58215332 404.49362183 255 64 64
157.05123901 256.57543945 404.49893188 255 64 64
197.57504272 261.73504639 429.14944458 255 64 64
197.58580017 261.73123169 429.15255737 255 64 64
197.57835388 261.73339844 429.14871216 255 64 64
197.58897400 261.72406006 429.15386963 255 64 64
185.42483521 260.64511108 456.04312134 255 64 64
185.43446350 260.64080811 456.04434204 255 64 64
185.43331909 260.64410400 456.05050659 255 64 64
185.44293213 260.63745117 456.05346680 255 64 64
182.66644287 231.25579834 447.21109009 255 64 64
182.66772461 231.25794983 447.20950317 255 64 64
182.67378235 231.24957275 447.20974731 255 64 64
182.67773438 231.24551392 447.21035767 255 64 64
226.90307617 234.51089478 448.23223877 255 64 64
226.90774536 234.51403809 448.22650146 255 64 64
226.90589905 234.50650024 448.23608398 255 64 64
226.91577148 234.50677490 448.23211670 255 64 64
217.51760864 247.72482300 397.59255981 255 64 64
217.53103638 247.72668457 397.58947754 255 64 64
217.51461792 247.72613525 397.59106445 255 64 64
217.53002930 247.72052002 397.59368896 255 64 64
268.10556030 244.11331177 445.53662109 255 64 64
268.11477661 244.11915588 445.52923584 255 64 64
268.11108398 244.11106873 445.53005981 255 64 64
268.12377930 244.11511230 445.52819824 255 64 64
250.45623779 223.67953491 439.15740967 255 64 64
250.46362305 223.68328857 439.15075684 255 64 64
250.45614624 223.67773438 439.15808105 255 64 64
250.46920776 223.67840576 439.15606689 255 64 64
251.18466187 210.14488220 422.60012817 255 64 64
251.19483948 210.14739990 422.59848022 255 64 64
251.18087769 210.14544678 422.60195923 255 64 64
251.19612122 210.14370728 422.60333252 255 64 64
208.84259033 224.87652588 435.00137329 255 64 64
208.85325623 224.88237000 434.99395752 255 64 64
208.84869385 224.87379456 435.00454712 255 64 64
208.86274719 224.87351990 434.99899292 255 64 64
248.25888062 214.57862854 393.40423584 255 64 64
248.27586365 214.58177185 393.40139771 255 64 64
248.25521851 214.58178711 393.40371704 255 64 64
248.27494812 214.57795715 393.40661621 255 64 64
231.84478760 222.60871887 392.03991699 255 64 64
231.86065674 222.60894775 392.03918457 255 64 64
231.84547424 222.61351013 392.03549194 255 64 64
231.86520386 222.60801697 392.03906250 255 64 64
264.62808228 230.90765381 401.88208008 255 64 64
264.64462280 230.91419983 401.87475586 255 64 64
264.63482666 230.91226196 401.88308716 255 64 64
264.65460205 230.91189575 401.88342285 255 64 64
205.97062683 208.52192688 384.73745728 255 64 64
205.98913574 208.52252197 384.74316406 255 64 64
205.98028564 208.52862549 384.74108887 255 64 64
205.99974060 208.51933289 384.74798584 255 64 64
162.35665894 256.23822021 428.02716064 255 64 64
162.36518860 256.23733521 428.02999878 255 64 64
162.36380005 256.23358154 428.02478027 255 64 64
162.37393188 256.22515869 428.02893066 255 64 64
249.60978699 201.56843567 405.09994507 255 64 64
249.62576294 201.56805420 405.10183716 255 64 64
249.60403442 201.56651306 405.10324097 255 64 64
249.62219238 201.55889893 405.10830688 255 64 64
263.38845825 245.52349854 427.42388916 255 64 64
263.40106201 245.52526855 427.42132568 255 64 64
263.39202881 245.52090454 427.41616821 255 64 64
263.40695190 245.51838684 427.41976929 255 64 64
181.38851929 255.27209473 400.06036377 255 64 64
181.40377808 255.27087402 400.06390381 255 64 64
181.39881897 255.26596069 400.06085205 255 64 64
181.41247559 255.25714111 400.06796265 255 64 64
222.21450806 199.79800415 394.06451416 255 64 64
222.23074341 199.79455566 394.06665039 255 64 64
222.21305847 199.79687500 394.05996704 255 64 64
222.23370361 199.78622437 394.06405640 255 64 64
257.10720825 238.41708374 455.07025146 255 64 64
257.11181641 238.42285156 455.06332397 255 64 64
257.10913086 238.41325378 455.06552124 255 64 64
257.11822510 238.41749573 455.06323242 255 64 64
194.75947571 244.11755371 451.90798950 255 64 64
194.76376343 244.11822510 451.90069580 255 64 64
194.77450562 244.10966492 451.90679932 255 64 64
194.78068542 244.10731506 451.90307617 255 64 64
250.14068604 249.79408264 415.33105469 255 64 64
250.15548706 249.79690552 415.32781982 255 64 64
250.14241028 249.79148865 415.32937622 255 64 64
250.15802002 249.78805542 415.33251953 255 64 64
205.86656189 261.63214111 453.09765625 255 64 64
205.87696838 261.62869263 453.09283447 255 64 64
205.87702942 261.62722778 453.10665894 255 64 64
205.88879395 261.62213135 453.10382080 255 64 64
168.15202332 257.11682129 449.50775146 255 64 64
168.16261292 257.11285400 449.50558472 255 64 64
168.15927124 257.11410522 449.51147461 255 64 64
168.16935730 257.10653687 449.51162720 255 64 64
263.26165771 213.57807922 418.24005127 255 64 64
263.27529907 213.58325195 418.23315430 255 64 64
263.26345825 213.57678223 418.23846436 255 64 64
263.27978516 213.57655334 418.23757935 255 64 64
184.27621460 231.02444458 378.61364746 255 64 64
184.29298401 231.02398682 378.61703491 255 64 64
184.28434753 231.02471924 378.61135864 255 64 64
184.30070496 231.01654053 378.61590576 255 64 64
264.10253906 249.59567261 456.85006714 255 64 64
264.10809326 249.60374451 456.84188843 255 64 64
264.10913086 249.59252930 456.84323120 255 64 64
264.12051392 249.59904480 456.84045410 255 64 64
193.22148132 244.17192078 388.12887573 255 64 64
193.23771667 244.17300415 388.12918091 255 64 64
193.22836304 244.17062378 388.13342285 255 64 64
193.24385071 244.16256714 388.13647461 255 64 64
233.86338806 254.30059814 426.33575439 255 64 64
233.87313843 254.29945374 426.33627319 255 64 64
233.86276245 254.29891968 426.33657837 255 64 64
233.87390137 254.29345703 426.34176636 255 64 64
224.58581543 214.21023560 389.61859131 255 64 64
224.60757446 214.21405029 389.61706543 255 64 64
224.58837891 214.21749878 389.61724854 255 64 64
224.61300659 214.21203613 389.62042236 255 64 64
265.59735107 225.54260254 439.18884277 255 64 64
265.60217285 225.55035400 439.17941284 255 64 64
265.59436035 225.53710938 439.17926025 255 64 64
265.60473633 225.54290771 439.17675781 255 64 64
208.97970581 220.67498779 387.69433594 255 64 64
208.99526978 220.67205811 387.69766235 255 64 64
208.98532104 220.67764282 387.70089722 255 64 64
209.00312805 220.66886902 387.70513916 255 64 64
183.62326050 260.77416992 435.64706421 255 64 64
183.63150024 260.77050781 435.64941406 255 64 64
183.62779236 260.77203369 435.65087891 255 64 64
183.63729858 260.76226807 435.65515137 255 64 64
165.10893250 219.58831787 420.48751831 255 64 64
165.11625671 219.58779907 420.48870850 255 64 64
165.10855103 219.59225464 420.48263550 255 64 64
165.11894226 219.58651733 420.48092651 255 64 64
175.12918091 226.43284607 427.26901245 255 64 64
175.13810730 226.43159485 427.26995850 255 64 64
175.13255310 226.43136597 427.27368164 255 64 64
175.14257812 226.42485046 427.27545166 255 64 64
247.61441040 256.17706299 454.63702393 255 64 64
247.62030029 256.17843628 454.63192749 255 64 64
247.62086487 256.17349243 454.63259888 255 64 64
247.63165283 256.17257690 454.63302612 255 64 64
205.71733093 258.25671387 414.36370850 255 64 64
205.72808838 258.25521851 414.36358643 255 64 64
205.72299194 258.25341797 414.35839844 255 64 64
205.73533630 258.24578857 414.36215210 255 64 64
191.55227661 203.99206543 431.06317139 255 64 64
191.56497192 203.99105835 431.06518555 255 64 64
191.54698181 203.98493958 431.06332397 255 64 64
191.56454468 203.97982788 431.06369019 255 64 64
172.17060852 210.19738770 429.88574219 255 64 64
172.17597961 210.19921875 429.89038086 255 64 64
172.16906738 210.19984436 429.88595581 255 64 64
172.17942810 210.19506836 429.88793945 255 64 64
243.72572327 246.81217957 458.75854492 255 64 64
243.72994995 246.81692505 458.75207520 255 64 64
243.72775269 246.80587769 458.75930786 255 64 64
243.73730469 246.80810547 458.75640869 255 64 64
243.29394531 202.78909302 415.88485718 255 64 64
243.30596924 202.79158020 415.88208008 255 64 64
243.29144287 202.79248047 415.88766479 255 64 64
243.30587769 202.78984070 415.88681030 255 64 64
171.21821594 244.78126526 384.25030518 255 64 64
171.22976685 244.78474426 384.25341797 255 64 64
171.22743225 244.77880859 384.24285889 255 64 64
171.23789978 244.77276611 384.24887085 255 64 64
272.16482544 237.60325623 414.29873657 255 64 64
272.17901611 237.60968018 414.29251099 255 64 64
272.16867065 237.60556030 414.29739380 255 64 64
272.18304443 237.60649109 414.29803467 255 64 64
170.83352661 233.38368225 437.54623413 255 64 64
170.84002686 233.38363647 437.54772949 255 64 64
170.83981323 233.38066101 437.54956055 255 64 64
170.84671021 233.37593079 437.55200195 255 64 64
159.33352661 250.63383484 453.98983765 255 64 64
159.33843994 250.63276672 453.99041748 255 64 64
159.34323120 250.62606812 453.98986816 255 64 64
159.34861755 250.62110901 453.99148560 255 64 64
228.23669434 251.61836243 461.48004150 255 64 64
228.24641418 251.61357117 461.48223877 255 64 64
228.24215698 251.62063599 461.48336792 255 64 64
228.25390625 251.61468506 461.48626709 255 64 64
176.86949158 258.63049316 407.91656494 255 64 64
176.88262939 258.63012695 407.92352295 255 64 64
176.87457275 258.62454224 407.91583252 255 64 64
176.88685608 258.61660767 407.92456055 255 64 64
271.69174194 231.29197693 446.95001221 255 64 64
271.69769287 231.29949951 446.94137573 255 64 64
271.69491577 231.28094482 446.94692993 255 64 64
271.70578003 231.28622437 446.94461060 255 64 64
232.54786682 256.97247314 441.90780640 255 64 64
232.55989075 256.97058105 441.90499878 255 64 64
232.55735779 256.97048950 441.91061401 255 64 64
232.56941223 256.96569824 441.91256714 255 64 64
207.74876404 248.86822510 395.60302734 255 64 64
207.76359558 248.87133789 395.60192871 255 64 64
207.75027466 248.87088013 395.60119629 255 64 64
207.76528931 248.86656189 395.60467529 255 64 64
269.09506226 242.68858337 436.20214844 255 64 64
269.10342407 242.69168091 436.20217896 255 64 64
269.09643555 242.69235229 436.19998169 255 64 64
269.10806274 242.69192505 436.20516968 255 64 64
191.69699097 227.43855286 441.12295532 255 64 64
191.70245361 227.44094849 441.11837769 255 64 64
191.70283508 227.43408203 441.12115479 255 64 64
191.71102905 227.43083191 441.11865234 255 64 64
204.86611938 234.87355042 445.02200317 255 64 64
204.86901855 234.87705994 445.01489258 255 64 64
204.87400818 234.86981201 445.02346802 255 64 64
204.88192749 234.86842346 445.01812744 255 64 64
233.58940125 247.43563843 403.57070923 255 64 64
233.60556030 247.43937683 403.56799316 255 64 64
233.59197998 247.43983459 403.56875610 255 64 64
233.60855103 247.43603516 403.57107544 255 64 64
225.70863342 214.05477905 427.64840698 255 64 64
225.72259521 214.05854797 427.64166260 255 64 64
225.70808411 214.05500793 427.64883423 255 64 64
225.72557068 214.05331421 427.64593506 255 64 64
197.67936707 211.07449341 432.18035889 255 64 64
197.69226074 211.07591248 432.17800903 255 64 64
197.67607117 211.07225037 432.18704224 255 64 64
197.69119263 211.06832886 432.18466187 255 64 64
215.54888916 259.81857300 435.54138184 255 64 64
215.55738831 259.81500244 435.54104614 255 64 64
215.55435181 259.81475830 435.54299927 255 64 64
215.56338501 259.80761719 435.54556274 255 64 64
211.74511719 207.78422546 414.96890259 255 64 64
211.75794983 207.78247070 414.96862793 255 64 64
211.74273682 207.78533936 414.96127319 255 64 64
211.76011658 207.77816772 414.96051025 255 64 64
167.63410950 240.46636963 453.85711670 255 64 64
167.63487244 240.46354675 453.85711670 255 64 64
167.64265442 240.46252441 453.85293579 255 64 64
167.64485168 240.45684814 453.85321045 255 64 64
243.23458862 253.33045959 436.79922485 255 64 64
243.24633789 253.32893372 436.79992676 255 64 64
243.23629761 253.32548523 436.79782104 255 64 64
243.24938965 253.31974792 436.80285645 255 64 64
253.11032104 231.47273254 449.96606445 255 64 64
253.11697388 231.47763062 449.95928955 255 64 64
253.11544800 231.46937561 449.96133423 255 64 64
253.12718201 231.47210693 449.95916748 255 64 64
208.59869385 196.79452515 406.55996704 255 64 64
208.61512756 196.78961182 406.56857300 255 64 64
208.60227966 196.79377747 406.56341553 255 64 64
208.61941528 196.78224182 406.56988525 255 64 64
261.69219971 238.57991028 408.11138916 255 64 64
261.70611572 238.58232117 408.10632324 255 64 64
261.69506836 238.57965088 408.11087036 255 64 64
261.71087646 238.57693481 408.11358643 255 64 64
221.75350952 242.19401550 455.38809204 255 64 64
221.75820923 242.19685364 455.38146973 255 64 64
221.75488281 242.19184875 455.39544678 255 64 64
221.76466370 242.19238281 455.39175415 255 64 64
281.15258789 234.47679138 427.93371582 255 64 64
281.16491699 234.48268127 427.92608643 255 64 64
281.15884399 234.47306824 427.92950439 255 64 64
281.17367554 234.47428894 427.92913818 255 64 64
217.33532715 257.46661377 417.60195923 255 64 64
217.34349060 257.46670532 417.60198975 255 64 64
217.33906555 257.46578979 417.60043335 255 64 64
217.34799194 257.46026611 417.60385132 255 64 64
251.54153442 226.12310791 396.93725586 255 64 64
251.55865479 226.12657166 396.93188477 255 64 64
251.54107666 226.12860107 396.93356323 255 64 64
251.56091309 226.12442017 396.93579102 255 64 64
212.04011536 201.20629883 391.08755493 255 64 64
212.05621338 201.20474243 391.09304810 255 64 64
212.04466248 201.20509338 391.08706665 255 64 64
212.06463623 201.19656372 391.09234619 255 64 64
234.82159424 232.77326965 397.10253906 255 64 64
234.83850098 232.77670288 397.09902954 255 64 64
234.82189941 232.77539062 397.10464478 255 64 64
234.84109497 232.77084351 397.10430908 255 64 64
189.75219727 257.42904663 410.01162720 255 64 64
189.76153564 257.42938232 410.01156616 255 64 64
189.76148987 257.42752075 410.00711060 255 64 64
189.77275085 257.41928101 410.01138306 255 64 64
200.82913208 230.21778870 385.40280151 255 64 64
200.84420776 230.21864319 385.40509033 255 64 64
200.83425903 230.22286987 385.40289307 255 64 64
200.85057068 230.21556091 385.40606689 255 64 64
224.97924805 248.96246338 401.62841797 255 64 64
224.99438477 248.96308899 401.62738037 255 64 64
224.98245239 248.95806885 401.62835693 255 64 64
224.99687195 248.95132446 401.63241577 255 64 64
167.84564209 251.21957397 391.92651367 255 64 64
167.85975647 251.21850586 391.92938232 255 64 64
167.85713196 251.21139526 391.92156982 255 64 64
167.87100220 251.20089722 391.92755127 255 64 64
245.87361145 228.93231201 446.36273193 255 64 64
245.87945557 228.93861389 446.35180664 255 64 64
245.87504578 228.92402649 446.36029053 255 64 64
245.88632202 228.92781067 446.35314941 255 64 64
216.71424866 250.42372131 460.52661133 255 64 64
216.72085571 250.42376709 460.52279663 255 64 64
216.72314453 250.41902161 460.52914429 255 64 64
216.73271179 250.41833496 460.52740479 255 64 64
195.88513184 262.20919800 448.54034424 255 64 64
195.89691162 262.20416260 448.53942871 255 64 64
195.89369202 262.20266724 448.55325317 255 64 64
195.90592957 262.19366455 448.55383301 255 64 64
207.40164185 214.25073242 427.05123901 255 64 64
207.41143799 214.25337219 427.04815674 255 64 64
207.40052795 214.25572205 427.04858398 255 64 64
207.41523743 214.25318909 427.04547119 255 64 64
236.01960754 200.69859314 412.31286621 255 64 64
236.02784729 200.69880676 412.31057739 255 64 64
236.01176453 200.69953918 412.31173706 255 64 64
236.02586365 200.69506836 412.31015015 255 64 64
225.39205933 226.86810303 438.70547485 255 64 64
225.40060425 226.87275696 438.69699097 255 64 64
225.39407349 226.87001038 438.70916748 255 64 64
225.40609741 226.87072754 438.70489502 255 64 64
234.41259766 234.88386536 451.51959229 255 64 64
234.41528320 234.89025879 451.51046753 255 64 64
234.41271973 234.87881470 451.51840210 255 64 64
234.42208862 234.88223267 451.51382446 255 64 64
178.64138794 214.63682556 432.11291504 255 64 64
178.64436340 214.64208984 432.11355591 255 64 64
178.64437866 214.63740540 432.11654663 255 64 64
178.65119934 214.63632202 432.11669922 255 64 64
191.62908936 221.08288574 377.90759277 255 64 64
191.64880371 221.08291626 377.91241455 255 64 64
191.63478088 221.08432007 377.90048218 255 64 64
191.65600586 221.07621765 377.90542603 255 64 64
162.60577393 220.63243103 428.12286377 255 64 64
162.61239624 220.63085938 428.12753296 255 64 64
162.60536194 220.63229370 428.12673950 255 64 64
162.61404419 220.62596130 428.13076782 255 64 64
203.32775879 253.59849548 460.63973999 255 64 64
203.33126831 253.59835815 460.63339233 255 64 64
203.33877563 253.59228516 460.65023804 255 64 64
203.34313965 253.59001160 460.64575195 255 64 64
201.25238037 247.70167542 455.07138062 255 64 64
201.25738525 247.69976807 455.06604004 255 64 64
201.26112366 247.69351196 455.08117676 255 64 64
201.26681519 247.69027710 455.07681274 255 64 64
183.53913879 254.41748047 460.71646118 255 64 64
183.54788208 254.41275024 460.71472168 255 64 64
183.54864502 254.41372681 460.71990967 255 64 64
183.55740356 254.40750122 460.72021484 255 64 64
208.52630615 233.08659363 388.81042480 255 64 64
208.54167175 233.08898926 388.81005859 255 64 64
208.52722168 233.08909607 388.81164551 255 64 64
208.54299927 233.08360291 388.81469727 255 64 64
218.28817749 259.63116455 451.42578125 255 64 64
218.30072021 259.62759399 451.42388916 255 64 64
218.29794312 259.63027954 451.43267822 255 64 64
218.31089783 259.62368774 451.43374634 255 64 64
155.71165466 254.93515015 432.28585815 255 64 64
155.72030640 254.93405151 432.29034424 255 64 64
155.72717285 254.92630005 432.28460693 255 64 64
155.73562622 254.91860962 432.29071045 255 64 64
201.14523315 246.93820190 391.55184937 255 64 64
201.16125488 246.94055176 391.55065918 255 64 64
201.14993286 246.94010925 391.54913330 255 64 64
201.16755676 246.93354797 391.55142212 255 64 64
228.73532104 253.52182007 412.47415161 255 64 64
228.74958801 253.52127075 412.47647095 255 64 64
228.73760986 253.51687622 412.47085571 255 64 64
228.75189209 253.51187134 412.47860718 255 64 64
259.30358887 215.22396851 424.92749023 255 64 64
259.31182861 215.22717285 424.92050171 255 64 64
259.30471802 215.21836853 424.92395020 255 64 64
259.31726074 215.21835327 424.92242432 255 64 64
169.63523865 257.98428345 440.17749023 255 64 64
169.64468384 257.98135376 440.17388916 255 64 64
169.64866638 257.97924805 440.17672729 255 64 64
169.65924072 257.97067261 440.17602539 255 64 64
279.26022339 235.31155396 435.58209229 255 64 64
279.27066040 235.31912231 435.57308960 255 64 64
279.26916504 235.30609131 435.57571411 255 64 64
279.28347778 235.31040955 435.57485962 255 64 64
182.76556396 239.20899963 381.26898193 255 64 64
182.78187561 239.20989990 381.27215576 255 64 64
182.77490234 239.20753479 381.26257324 255 64 64
182.79118347 239.20063782 381.26770020 255 64 64
254.04293823 251.90583801 426.15625000 255 64 64
254.05198669 251.90948486 426.14978027 255 64 64
254.04934692 251.90385437 426.15026855 255 64 64
254.06214905 251.90312195 426.14996338 255 64 64
189.06446838 202.73771667 423.75079346 255 64 64
189.08038330 202.73446655 423.75540161 255 64 64
189.06384277 202.73039246 423.75167847 255 64 64
189.08242798 202.72276306 423.75418091 255 64 64
154.92645264 253.60394287 447.79891968 255 64 64
154.93592834 253.60481262 447.79547119 255 64 64
154.93916321 253.59788513 447.79470825 255 64 64
154.94905090 253.59158325 447.79458618 255 64 64
199.33460999 238.83047485 386.53985596 255 64 64
199.34928894 238.83274841 386.53823853 255 64 64
199.33912659 238.83236694 386.54013062 255 64 64
199.35490417 238.82644653 386.54119873 255 64 64
228.56231689 257.93353271 456.82235718 255 64 64
228.57183838 257.93200684 456.81884766 255 64 64
228.57098389 257.93261719 456.82672119 255 64 64
228.58197021 257.92929077 456.82687378 255 64 64
204.88133240 261.61853027 431.54370117 255 64 64
204.88845825 261.61648560 431.54464722 255 64 64
204.88740540 261.61517334 431.54440308 255 64 64
204.89672852 261.60827637 431.54833984 255 64 64
214.78109741 235.43762207 445.03756714 255 64 64
214.78814697 235.44293213 445.02813721 255 64 64
214.79159546 235.42889404 445.04223633 255 64 64
214.80120850 235.42823792 445.03732300 255 64 64
169.37857056 240.86494446 431.53976440 255 64 64
169.38717651 240.86543274 431.53921509 255 64 64
169.38537598 240.86270142 431.53900146 255 64 64
169.39338684 240.85766602 431.54049683 255 64 64
219.38818359 257.97711182 427.61984253 255 64 64
219.39610291 257.97564697 427.61917114 255 64 64
219.39739990 257.97222900 427.61819458 255 64 64
219.40699768 257.96499634 427.62210083 255 64 64
185.69389343 260.08108521 422.61563110 255 64 64
185.70367432 260.07699585 422.61734009 255 64 64
185.69900513 260.07534790 422.61889648 255 64 64
185.70822144 260.06594849 422.62228394 255 64 64
215.07809448 239.82449341 393.52075195 255 64 64
215.09130859 239.82519531 393.51763916 255 64 64
215.07809448 239.82794189 393.52285767 255 64 64
215.09188843 239.82232666 393.52365112 255 64 64
265.87890625 235.47958374 452.75854492 255 64 64
265.88629150 235.48693848 452.75161743 255 64 64
265.88394165 235.47445679 452.75717163 255 64 64
265.89569092 235.47854614 452.75524902 255 64 64
252.16903687 215.42320251 428.35110474 255 64 64
252.17849731 215.42477417 428.34640503 255 64 64
252.17166138 215.42266846 428.35247803 255 64 64
252.18557739 215.42131042 428.35150146 255 64 64
172.34841919 226.10038757 443.93493652 255 64 64
172.35229492 226.10281372 443.93505859 255 64 64
172.35272217 226.09727478 443.93414307 255 64 64
172.35821533 226.09530640 443.93530273 255 64 64
209.62394714 248.56311035 458.73309326 255 64 64
209.62904358 248.56164551 458.72698975 255 64 64
209.63244629 248.55792236 458.73657227 255 64 64
209.63874817 248.55442810 458.73352051 255 64 64
225.91577148 208.35490417 422.74102783 255 64 64
225.92846680 208.35536194 422.73782349 255 64 64
225.91708374 208.35441589 422.74322510 255 64 64
225.93408203 208.34881592 422.74288940 255 64 64
242.68823242 252.27635193 418.68341064 255 64 64
242.70046997 252.27780151 418.68139648 255 64 64
242.69209290 252.27589417 418.68142700 255 64 64
242.70625305 252.27243042 418.68481445 255 64 64
189.06369019 209.02273560 436.24584961 255 64 64
189.07513428 209.02365112 436.24435425 255 64 64
189.06420898 209.01986694 436.24847412 255 64 64
189.07730103 209.01594543 436.24682617 255 64 64
176.60635376 234.26455688 450.13824463 255 64 64
176.60919189 234.26651001 450.13375854 255 64 64
176.61827087 234.25285339 450.13442993 255 64 64
176.62269592 234.25009155 450.13165283 255 64 64
258.64074707 226.59312439 443.16064453 255 64 64
258.64706421 226.60058594 443.15182495 255 64 64
258.63961792 226.58799744 443.15350342 255 64 64
258.65258789 226.59251404 443.15069580 255 64 64
258.73165894 244.90794373 458.62377930 255 64 64
258.74029541 244.91358948 458.61624146 255 64 64
258.73504639 244.90408325 458.62265015 255 64 64
258.74777222 244.90899658 458.62118530 255 64 64
250.23358154 243.57484436 457.91870117 255 64 64
250.24040222 243.57931519 457.91256714 255 64 64
250.24008179 243.57058716 457.91735840 255 64 64
250.25094604 243.57327271 457.91561890 255 64 64
241.85198975 217.98277283 394.18695068 255 64 64
241.87100220 217.98817444 394.18338013 255 64 64
241.85923767 217.99087524 394.18853760 255 64 64
241.87893677 217.98910522 394.18997192 255 64 64
176.09957886 250.53834534 391.21936035 255 64 64
176.11425781 250.53863525 391.22232056 255 64 64
176.11071777 250.53309631 391.21655273 255 64 64
176.12434387 250.52499390 391.22213745 255 64 64
242.12045288 221.22317505 435.62069702 255 64 64
242.12722778 221.22808838 435.61090088 255 64 64
242.11715698 221.22000122 435.61993408 255 64 64
242.12890625 221.22177124 435.61575317 255 64 64
226.79287720 200.81509399 403.84692383 255 64 64
226.80552673 200.81388855 403.85098267 255 64 64
226.78521729 200.81831360 403.84451294 255 64 64
226.80230713 200.81079102 403.85025024 255 64 64
163.71832275 233.18051147 430.05718994 255 64 64
163.72804260 233.17944336 430.05697632 255 64 64
163.71929932 233.18287659 430.05557251 255 64 64
163.72894287 233.17672729 430.05502319 255 64 64
177.77619934 250.97087097 457.69610596 255 64 64
177.78678894 250.96577454 457.69488525 255 64 64
177.78526306 250.96951294 457.69842529 255 64 64
177.79638672 250.96305847 457.69815063 255 64 64
218.79682922 217.29951477 428.64144897 255 64 64
218.81312561 217.29747009 428.63449097 255 64 64
218.79876709 217.29855347 428.64413452 255 64 64
218.81832886 217.29309082 428.64144897 255 64 64
267.69485474 222.90103149 432.85269165 255 64 64
267.70462036 222.90586853 432.84494019 255 64 64
267.69696045 222.89924622 432.85025024 255 64 64
267.71081543 222.90048218 432.84872437 255 64 64
156.65669250 258.05850220 411.48367310 255 64 64
156.66911316 258.05868530 411.48846436 255 64 64
156.66929626 258.04992676 411.48062134 255 64 64
156.68002319 258.04150391 411.48880005 255 64 64
160.77603149 238.60107422 454.62631226 255 64 64
160.77894592 238.59895325 454.63073730 255 64 64
160.78207397 238.59295654 454.62634277 255 64 64
160.78541565 238.58692932 454.63085938 255 64 64
258.56311035 247.00794983 422.04870605 255 64 64
258.57531738 247.01055908 422.04864502 255 64 64
258.56179810 247.01284790 422.05014038 255 64 64
258.57485962 247.01101685 422.05505371 255 64 64
196.04708862 260.92239380 459.11114502 255 64 64
196.05455017 260.92196655 459.10501099 255 64 64
196.06127930 260.91589355 459.11926270 255 64 64
196.06913757 260.91116333 459.11621094 255 64 64
178.62524414 258.70568848 456.99923706 255 64 64
178.63314819 258.70544434 456.99639893 255 64 64
178.63726807 258.70190430 457.00088501 255 64 64
178.64459229 258.69711304 456.99996948 255 64 64
173.80102539 221.74664307 417.95965576 255 64 64
173.81137085 221.74688721 417.95690918 255 64 64
173.80455017 221.75119019 417.95654297 255 64 64
173.81765747 221.74487305 417.95516968 255 64 64
213.04342651 220.86332703 430.90017700 255 64 64
213.05520630 220.86782837 430.89245605 255 64 64
213.04624939 220.86721802 430.89968872 255 64 64
213.06054688 220.86601257 430.89413452 255 64 64
187.65126038 244.11398315 451.81866455 255 64 64
187.65525818 244.11349487 451.81179810 255 64 64
187.66453552 244.10653687 451.81842041 255 64 64
187.67192078 244.10140991 451.81433105 255 64 64
166.87464905 258.85940552 410.33996582 255 64 64
166.88661194 258.85922241 410.34152222 255 64 64
166.89021301 258.85150146 410.34091187 255 64 64
166.90245056 258.84201050 410.34463501 255 64 64
273.96725464 238.87097168 439.67095947 255 64 64
273.97760010 238.87600708 439.66436768 255 64 64
273.97076416 238.86152649 439.66567993 255 64 64
273.98455811 238.86450195 439.66476440 255 64 64
166.91162109 247.13253784 456.18377686 255 64 64
166.92024231 247.12945557 456.18081665 255 64 64
166.92253113 247.12582397 456.18444824 255 64 64
166.93029785 247.11984253 456.18429565 255 64 64
222.04513550 236.64915466 393.26754761 255 64 64
222.05880737 236.65341187 393.26290894 255 64 64
222.04757690 236.65014648 393.26663208 255 64 64
222.06312561 236.64608765 393.26739502 255 64 64
180.18031311 259.94793701 426.99798584 255 64 64
180.18969727 259.94497681 426.99597168 255 64 64
180.19038391 259.94662476 426.99588013 255 64 64
180.20071411 259.93798828 426.99670410 255 64 64
178.75662231 260.06808472 450.07373047 255 64 64
178.76676941 260.06347656 450.07339478 255 64 64
178.76530457 260.06423950 450.07464600 255 64 64
178.77587891 260.05703735 450.07598877 255 64 64
165.74659729 236.60574341 441.09796143 255 64 64
165.75025940 236.60626221 441.09899902 255 64 64
165.75317383 236.60025024 441.09649658 255 64 64
165.75817871 236.59608459 441.09796143 255 64 64
265.16824341 211.68032837 411.79052734 255 64 64
265.17919922 211.68220520 411.78872681 255 64 64
265.16815186 211.67863464 411.78979492 255 64 64
265.18161011 211.67465210 411.79254150 255 64 64
250.03753662 204.60824585 415.96530151 255 64 64
250.04855347 204.61196899 415.96215820 255 64 64
250.03395081 204.60847473 415.96624756 255 64 64
250.04928589 204.60739136 415.96716309 255 64 64
275.76559448 228.54565430 441.98892212 255 64 64
275.77188110 228.55043030 441.98364258 255 64 64
275.76831055 228.53454590 441.98382568 255 64 64
275.77941895 228.53562927 441.98464966 255 64 64
219.65739441 219.04385376 390.43011475 255 64 64
219.67759705 219.04516602 390.43161011 255 64 64
219.65905762 219.05018616 390.43908691 255 64 64
219.67980957 219.04342651 390.44287109 255 64 64
201.53608704 259.77569580 419.68444824 255 64 64
201.54661560 259.77154541 419.68673706 255 64 64
201.53900146 259.77203369 419.68234253 255 64 64
201.55084229 259.76303101 419.68545532 255 64 64
165.40437317 222.79948425 434.08541870 255 64 64
165.40942383 222.80006409 434.08624268 255 64 64
165.40794373 222.79910278 434.08334351 255 64 64
165.41468811 222.79336548 434.08511353 255 64 64
273.64932251 235.20297241 452.28738403 255 64 64
273.65942383 235.20799255 452.28585815 255 64 64
273.66082764 235.19850159 452.28344727 255 64 64
273.67410278 235.20112610 452.28634644 255 64 64
261.70608521 247.15469360 437.90628052 255 64 64
261.71658325 247.15571594 437.90563965 255 64 64
261.71041870 247.15313721 437.90692139 255 64 64
261.72271729 247.15039062 437.91067505 255 64 64
210.12065125 254.00538635 463.38903809 255 64 64
210.12568665 254.00506592 463.38479614 255 64 64
210.12451172 254.00045776 463.39422607 255 64 64
210.13226318 253.99858093 463.39196777 255 64 64
234.79937744 213.70028687 391.79440308 255 64 64
234.81951904 213.70199585 391.79046631 255 64 64
234.80278015 213.70732117 391.79324341 255 64 64
234.82431030 213.70269775 391.79440308 255 64 64
223.25796509 258.79315186 443.26742554 255 64 64
223.26638794 258.79119873 443.26513672 255 64 64
223.26589966 258.79010010 443.26800537 255 64 64
223.27664185 258.78375244 443.26892090 255 64 64
182.91398621 237.42736816 450.19888306 255 64 64
182.92034912 237.42446899 450.19415283 255 64 64
182.92849731 237.41870117 450.19973755 255 64 64
182.93646240 237.41223145 450.19647217 255 64 64
173.45568848 218.35835266 429.59759521 255 64 64
173.46403503 218.35604858 429.60189819 255 64 64
173.46098328 218.35760498 429.59875488 255 64 64
173.47012329 218.34963989 429.60003662 255 64 64
191.39456177 222.08189392 436.28009033 255 64 64
191.40150452 222.08486938 436.27416992 255 64 64
191.39688110 222.07666016 436.27749634 255 64 64
191.40809631 222.07363892 436.27371216 255 64 64
216.71231079 239.55924988 451.24612427 255 64 64
216.71817017 239.56231689 451.23934937 255 64 64
216.71702576 239.55355835 451.25140381 255 64 64
216.72625732 239.55326843 451.24716187 255 64 64
233.19023132 253.36325073 419.61859131 255 64 64
233.19781494 253.36331177 419.61657715 255 64 64
233.19227600 253.36149597 419.61904907 255 64 64
233.20373535 253.35784912 419.62179565 255 64 64
197.83654785 224.68284607 382.79840088 255 64 64
197.85162354 224.68382263 382.80139160 255 64 64
197.84445190 224.68975830 382.79895020 255 64 64
197.86062622 224.68139648 382.80319214 255 64 64
243.53787231 244.19444275 404.25894165 255 64 64
243.55215454 244.19708252 404.25366211 255 64 64
243.54351807 244.19197083 404.25408936 255 64 64
243.55886841 244.19039917 404.25534058 255 64 64
270.02655029 241.24601746 419.59399414 255 64 64
270.03973389 241.25062561 419.59423828 255 64 64
270.02926636 241.24754333 419.58892822 255 64 64
270.04418945 241.24618530 419.59472656 255 64 64
191.50711060 261.26885986 425.86779785 255 64 64
191.51737976 261.26486206 425.86727905 255 64 64
191.51171875 261.26342773 425.86694336 255 64 64
191.52322388 261.25311279 425.87078857 255 64 64
206.14886475 220.26159668 430.85305786 255 64 64
206.16310120 220.26414490 430.84713745 255 64 64
206.15129089 220.25729370 430.85107422 255 64 64
206.16862488 220.25451660 430.84774780 255 64 64
160.92565918 255.37611389 399.11260986 255 64 64
160.93736267 255.37783813 399.11312866 255 64 64
160.93804932 255.37370300 399.10632324 255 64 64
160.94956970 255.36636353 399.11083984 255 64 64
227.04203796 231.81257629 395.28033447 255 64 64
227.05821228 231.81376648 395.27774048 255 64 64
227.04132080 231.81364441 395.28515625 255 64 64
227.05912781 231.80838013 395.28713989 255 64 64
235.98924255 224.31658936 437.92361450 255 64 64
235.99618530 224.32449341 437.91390991 255 64 64
235.98788452 224.31378174 437.92697144 255 64 64
235.99987793 224.31697083 437.92196655 255 64 64
189.92872620 261.97604370 433.71582031 255 64 64
189.93777466 261.97369385 433.71591187 255 64 64
189.93666077 261.97073364 433.71878052 255 64 64
189.94502258 261.96237183 433.72109985 255 64 64
251.40180969 251.47918701 439.77902222 255 64 64
251.41079712 251.47857666 439.78121948 255 64 64
251.40559387 251.48089600 439.77407837 255 64 64
251.41793823 251.47805786 439.78085327 255 64 64
168.19905090 257.42529297 424.99212646 255 64 64
168.20660400 257.42419434 424.99316406 255 64 64
168.21148682 257.42016602 424.99105835 255 64 64
168.21910095 257.41229248 424.99475098 255 64 64
243.47201538 201.01965332 409.44662476 255 64 64
243.48306274 201.02091980 409.44573975 255 64 64
243.47367859 201.01997375 409.44177246 255 64 64
243.48779297 201.01576233 409.44418335 255 64 64
172.96311951 232.07476807 424.43124390 255 64 64
172.97413635 232.07362366 424.42935181 255 64 64
172.96879578 232.07301331 424.43649292 255 64 64
172.98025513 232.06658936 424.43450928 255 64 64
213.63648987 201.37561035 397.53732300 255 64 64
213.65060425 201.37367249 397.54464722 255 64 64
213.63711548 201.37710571 397.54244995 255 64 64
213.65213013 201.36810303 397.54974365 255 64 64
191.58917236 249.05276489 455.01480103 255 64 64
191.59375000 249.05020142 455.00894165 255 64 64
191.59910583 249.04794312 455.01736450 255 64 64
191.60603333 249.04255676 455.01370239 255 64 64
237.47509766 239.63157654 454.93359375 255 64 64
237.48110962 239.63565063 454.92498779 255 64 64
237.48233032 239.62609863 454.92868042 255 64 64
237.49310303 239.63037109 454.92373657 255 64 64
222.83360291 255.00924683 463.11364746 255 64 64
222.83943176 255.01182556 463.10742188 255 64 64
222.84492493 255.00567627 463.11401367 255 64 64
222.85461426 255.00686646 463.11163330 255 64 64
205.31091309 207.46542358 422.84899902 255 64 64
205.32849121 207.46697998 422.84692383 255 64 64
205.31297302 207.46310425 422.85174561 255 64 64
205.33226013 207.45806885 422.84957886 255 64 64
233.03359985 209.04823303 424.24859619 255 64 64
233.04507446 209.05184937 424.24304199 255 64 64
233.03323364 209.05067444 424.24700928 255 64 64
233.05047607 209.04978943 424.24575806 255 64 64
266.51599121 223.38690186 397.15328979 255 64 64
266.53652954 223.39276123 397.14498901 255 64 64
266.51675415 223.39775085 397.14916992 255 64 64
266.53857422 223.39659119 397.14862061 255 64 64
236.35946655 257.01995850 447.23526001 255 64 64
236.36962891 257.01800537 447.23419189 255 64 64
236.36297607 257.01760864 447.24020386 255 64 64
236.37466431 257.01260376 447.24316406 255 64 64
205.09652710 240.61698914 451.16143799 255 64 64
205.09851074 240.61959839 451.15554810 255 64 64
205.10659790 240.60940552 451.16226196 255 64 64
205.11096191 240.60827637 451.15713501 255 64 64
303.52893066 221.00238037 417.88983154 64 255 128
83.43882751 178.07121277 531.59515381 64 255 128
134.88609314 141.33993530 345.36627197 64 255 128
164.35200500 256.54598999 440.23498535 64 255 128
80.72723389 185.27626038 427.87115479 64 255 128
218.52398682 201.65965271 389.13354492 64 255 128
125.50599670 222.20500183 369.28497314 64 255 128
115.95198822 110.49542236 419.37982178 64 255 128
244.05500793 255.10499573 461.76699829 64 255 128
158.97404480 174.25843811 427.02630615 64 255 128
117.97171783 224.74801636 485.56735229 64 255 128
115.09349060 148.90534973 479.10232544 64 255 128
82.14918518 139.46450806 377.84689331 64 255 128
213.81999207 256.88400269 410.17498779 64 255 128
168.90011597 187.08305359 358.23468018 64 255 128
112.25800323 233.29299927 425.67898560 64 255 128
169.48648071 130.80355835 386.39562988 64 255 128
175.35699463 236.65299988 380.53598022 64 255 128
87.70214844 190.23805237 377.32159424 64 255 128
252.17968750 215.42878723 428.35815430 64 255 128
194.11119080 215.22862244 435.13189697 64 255 128
85.24216461 139.67999268 442.91278076 64 255 128
127.61540985 103.00886536 372.50241089 64 255 128
84.77932739 185.37956238 477.08419800 64 255 128
140.95594788 185.35678101 467.90255737 64 255 128
272.46243286 205.01681519 388.19458008 64 255 128
123.41281891 185.73771667 346.24191284 64 255 128
122.82039642 184.12728882 507.98898315 64 255 128
122.03063202 154.45588684 428.32617188 64 255 128
200.61500549 257.34600830 463.20999146 64 255 128
280.43887329 235.98632812 450.77066040 64 255 128
142.44599915 252.91499329 405.05200195 64 255 128
154.93099976 243.12600708 478.73602295 64 255 128
177.35081482 198.22908020 400.95040894 64 255 128
155.33720398 215.37896729 444.96231079 64 255 128
94.42222595 215.88487244 456.82403564 64 255 128
240.13760376 233.09724426 397.88641357 64 255 128
102.44048309 210.39738464 525.28033447 64 255 128
125.84100342 248.14399719 457.04299927 64 255 128
103.01427460 152.66780090 513.91351318 64 255 128
254.05201721 251.91000366 426.15301514 64 255 128
168.49996948 151.88319397 354.33343506 64 255 128
101.18913269 155.10861206 351.85528564 64 255 128
136.18437195 131.79400635 400.66299438 64 255 128
176.88000488 258.62600708 407.92300415 64 255 128
90.15153503 209.26319885 410.00497437 64 255 128
181.45816040 163.09451294 388.74099731 64 255 128
75.30966187 153.96836853 413.00170898 64 255 128
223.35554504 231.96304321 443.37258911 64 255 128
98.79177856 112.86803436 390.76651001 64 255 128
106.72700500 122.57868195 357.60061646 64 255 128
208.53399658 233.08500671 388.80899048 64 255 128
274.98971558 231.17739868 407.40731812 64 255 128
156.61293030 214.51869202 365.14685059 64 255 128
153.64578247 119.34099579 361.14575195 64 255 128
170.22016907 227.96151733 420.23184204 64 255 128
221.90966797 208.03967285 419.68893433 64 255 128
85.63571167 154.45764160 470.15240479 64 255 128
107.71099854 227.61199951 394.57397461 64 255 128
190.44810486 210.24427795 376.29098511 64 255 128
91.37085724 191.94636536 504.86654663 64 255 128
133.25262451 200.18106079 429.33523560 64 255 128
246.15609741 192.37716675 386.34210205 64 255 128
120.12818909 165.51316833 456.21664429 64 255 128
198.40399170 262.61099243 434.77899170 64 255 128
88.33801270 128.71546936 414.93402100 64 255 128
182.92703247 237.42170715 450.19647217 64 255 128
146.13636780 168.56376648 345.92120361 64 255 128
140.68240356 217.49482727 470.70104980 64 255 128
149.72241211 108.91764069 389.86062622 64 255 128
106.70248413 203.24139404 362.10385132 64 255 128
79.34336853 167.45111084 388.65457153 64 255 128
145.41499329 238.80900574 379.88497925 64 255 128
76.55298615 167.60968018 446.90402222 64 255 128
154.19825745 152.84169006 406.50302124 64 255 128
86.94302368 164.69842529 495.34066772 64 255 128
226.76100159 257.15301514 434.31500244 64 255 128
110.25345612 131.13208008 438.37777710 64 255 128
139.67399597 250.13398743 431.73901367 64 255 128
199.49595642 183.65855408 386.81518555 64 255 128
253.12445068 231.48114014 449.97256470 64 255 128
170.02813721 199.34750366 425.99520874 64 255 128
132.40133667 197.71708679 488.15176392 64 255 128
98.66630554 179.82575989 355.49835205 64 255 128
127.12062836 170.87310791 483.71286011 64 255 128
199.76300049 195.28712463 412.53958130 64 255 128
144.10693359 198.61964417 352.34460449 64 255 128
294.43518066 215.18734741 394.33502197 64 255 128
119.45646667 208.99029541 505.96112061 64 255 128
140.71089172 174.80815125 442.92868042 64 255 128
255.45668030 203.83421326 406.45608521 64 255 128
127.18650818 101.94150543 398.79794312 64 255 128
99.35464478 207.70971680 476.93057251 64 255 128
88.38669586 208.81765747 434.07162476 64 255 128
106.25144958 175.26260376 522.38940430 64 255 128
85.29129028 192.32395935 455.59228516 64 255 128
101.77048492 138.92489624 461.94900513 64 255 128
156.94987488 190.66914368 450.71887207 64 255 128
282.66790771 225.10142517 429.52380371 64 255 128
191.52299500 249.25300598 391.22198486 64 255 128
108.27399445 236.81799316 466.52798462 64 255 128
95.93022919 208.70059204 387.84689331 64 255 128
121.72006226 163.45950317 344.52944946 64 255 128
166.96818542 175.17674255 403.22436523 64 255 128
126.26899719 242.74900818 392.60198975 64 255 128
130.95100403 243.97799683 479.46499634 64 255 128
160.78500366 238.58900452 454.62799072 64 255 128
132.17561340 120.44276428 354.09689331 64 255 128
80.74383545 186.40434265 402.11148071 64 255 128
170.25276184 183.85679626 381.11868286 64 255 128
120.36809540 133.02593994 416.00482178 64 255 128
178.63699341 258.70498657 456.99700928 64 255 128
160.46800232 252.75701904 392.34997559 64 255 128
236.38099670 251.92498779 413.13101196 64 255 128
223.49299622 247.88400269 459.19702148 64 255 128
181.99368286 169.78393555 367.85192871 64 255 128
86.69448090 166.38403320 367.47998047 64 255 128
119.20643616 158.03410339 499.26412964 64 255 128
178.48365784 145.52261353 374.58673096 64 255 128
243.37185669 212.82435608 391.32608032 64 255 128
264.11804199 249.60112000 456.85183716 64 255 128
205.10501099 240.61599731 451.15701294 64 255 128
233.85409546 199.44079590 404.47070312 64 255 128
158.66899109 257.94601440 417.63601685 64 255 128
146.00000000 252.90200806 452.90802002 64 255 128
85.59123993 164.54270935 515.55474854 64 255 128
98.95428467 147.98313904 491.83407593 64 255 128
108.87999725 236.16200256 445.76098633 64 255 128
256.55194092 242.26289368 407.80093384 64 255 128
90.50359344 121.46347809 373.83593750 64 255 128
108.02813721 108.68889618 373.06369019 64 255 128
114.92733765 139.50997925 348.36959839 64 255 128
134.89115906 150.46932983 413.50772095 64 255 128
269.10873413 242.69195557 436.20935059 64 255 128
84.34319305 128.31240845 394.07110596 64 255 128
126.31310272 207.94065857 357.22232056 64 255 128
261.12295532 219.75019836 396.36810303 64 255 128
126.40899658 244.42599487 417.92398071 64 255 128
93.94051361 137.12217712 359.33007812 64 255 128
109.78694153 149.37763977 448.06533813 64 255 128
168.64599609 132.45307922 363.79876709 64 255 128
180.19198608 259.94400024 426.99398804 64 255 128
104.54342651 204.13059998 494.56304932 64 255 128
153.18167114 136.63313293 350.08129883 64 255 128
173.73405457 204.83923340 365.05059814 64 255 128
95.68286896 194.51449585 533.90991211 64 255 128
224.91400146 244.08000183 398.50100708 64 255 128
169.92643738 148.77033997 395.78082275 64 255 128
151.83062744 193.87701416 433.29464722 64 255 128
175.59681702 221.11103821 436.47714233 64 255 128
225.48350525 219.16636658 392.40869141 64 255 128
195.65699768 259.59100342 415.95001221 64 255 128
161.56506348 237.61192322 435.29953003 64 255 128
213.05516052 220.86961365 430.89834595 64 255 128
74.71280670 166.36366272 428.62805176 64 255 128
214.26800537 260.57699585 447.75997925 64 255 128
234.07254028 218.65615845 432.26025391 64 255 128
108.12900543 217.39199829 377.33297729 64 255 128
247.92900085 253.76098633 443.52200317 64 255 128
276.39520264 211.88540649 404.93814087 64 255 128
100.88751221 118.65914917 426.26651001 64 255 128
152.42803955 128.53140259 392.17401123 64 255 128
77.43178558 150.23107910 393.29708862 64 255 128
111.07931519 194.85005188 521.06408691 64 255 128
124.61999512 242.51901245 439.52700806 64 255 128
98.69000244 223.90800476 433.30999756 64 255 128
164.75846863 169.22489929 353.99795532 64 255 128
124.49104309 210.83871460 472.27285767 64 255 128
207.45315552 215.00553894 385.46414185 64 255 128
78.97391510 170.91566467 466.75692749 64 255 128
161.33222961 115.04005432 377.92645264 64 255 128
141.65531921 164.84518433 426.37115479 64 255 128
154.91996765 221.87724304 462.26309204 64 255 128
127.55620575 117.63333130 407.23348999 64 255 128
171.55400085 221.27099609 372.95898438 64 255 128
76.91851807 171.26306152 412.27389526 64 255 128
79.98676300 141.76115417 426.41732788 64 255 128
109.88475037 105.01437378 401.30285645 64 255 128
190.96640015 198.58384705 389.03051758 64 255 128
145.79794312 105.54653931 373.52978516 64 255 128
189.07449341 202.73278809 423.75585938 64 255 128
265.60162354 225.54908752 439.18878174 64 255 128
194.31388855 228.71432495 380.55273438 64 255 128
98.16058350 116.79452515 407.72186279 64 255 128
267.79516602 217.36177063 421.57720947 64 255 128
153.54199219 185.23304749 350.31060791 64 255 128
142.96499634 226.04699707 369.20401001 64 255 128
207.75698853 248.87199402 395.60601807 64 255 128
161.44245911 215.18872070 426.81991577 64 255 128
83.66485596 198.05534363 419.37280273 64 255 128
104.99099731 226.28599548 412.43197632 64 255 128
239.17732239 205.11178589 419.21997070 64 255 128
237.48722839 239.63572693 454.93441772 64 255 128
205.32341003 207.47152710 422.85317993 64 255 128
149.29988098 199.71894836 462.81427002 64 255 128
290.96725464 228.03504944 407.53491211 64 255 128
270.04364014 241.25042725 419.59640503 64 255 128
115.24656677 101.55077362 385.86465454 64 255 128
86.30328369 197.96115112 394.20248413 64 255 128
214.60565186 203.51679993 405.76354980 64 255 128
152.44137573 152.68901062 348.30718994 64 255 128
117.79999542 233.36399841 382.23800659 64 255 128
159.91101074 232.36300659 375.67800903 64 255 128
84.99280548 189.63690186 520.18951416 64 255 128
128.63333130 174.03628540 467.74609375 64 255 128
139.69026184 230.78036499 482.13189697 64 255 128
176.28489685 198.99717712 382.37469482 64 255 128
115.51807404 168.17343140 511.50225830 64 255 128
117.06399536 237.79000854 404.47900391 64 255 128
87.62687683 182.30271912 493.24224854 64 255 128
98.25717163 129.51731873 448.35980225 64 255 128
125.82463074 165.87800598 442.46621704 64 255 128
84.99606323 195.49395752 440.41119385 64 255 128
104.83957672 224.78405762 475.52072144 64 255 128
130.96763611 183.13806152 494.77029419 64 255 128
86.46739197 151.16494751 365.88125610 64 255 128
231.13800049 257.77798462 449.91400146 64 255 128
113.59403992 154.75781250 465.05502319 64 255 128
176.74877930 238.80282593 431.93634033 64 255 128
76.93656158 153.30500793 440.12295532 64 255 128
142.79699707 247.99600220 467.21499634 64 255 128
176.11599731 250.53199768 391.22598267 64 255 128
110.56780243 174.72784424 346.57894897 64 255 128
118.88742065 111.90572357 362.37258911 64 255 128
113.35209656 141.64733887 428.40362549 64 255 128
162.21041870 164.88931274 413.35156250 64 255 128
79.01377869 139.00491333 403.98599243 64 255 128
83.99029541 170.65904236 481.88729858 64 255 128
137.22106934 156.24014282 343.87802124 64 255 128
141.44802856 213.43692017 361.40301514 64 255 128
197.67761230 229.97937012 442.01626587 64 255 128
136.25392151 99.88635254 384.59588623 64 255 128
91.67655182 128.58224487 433.44949341 64 255 128
94.21363068 167.48303223 529.38281250 64 255 128
95.79987335 193.05346680 364.54681396 64 255 128
81.40288544 151.51084900 456.18139648 64 255 128
96.90373993 146.76281738 476.82699585 64 255 128
205.79443359 191.26348877 398.36791992 64 255 128
98.65599823 216.75599670 401.78799438 64 255 128
203.99401855 198.59255981 381.44082642 64 255 128
212.30499268 259.04101562 425.01699829 64 255 128
140.03788757 199.12759399 474.37615967 64 255 128
184.40699768 261.28399658 441.35299683 64 255 128
163.70100403 254.07800293 454.98098755 64 255 128
256.89733887 207.87445068 388.00628662 64 255 128
158.30194092 203.26406860 357.07788086 64 255 128
78.73354340 181.22257996 441.01766968 64 255 128
116.91447449 198.22140503 351.36480713 64 255 128
145.63700867 248.72399902 390.91900635 64 255 128
140.14949036 190.43862915 440.39834595 64 255 128
95.13997650 200.32281494 516.26971436 64 255 128
191.59999084 249.05000305 455.01300049 64 255 128
120.28735352 205.97564697 489.40435791 64 255 128
118.06099701 236.99699402 477.52697754 64 255 128
164.24011230 198.70123291 439.92459106 64 255 128
136.33522034 176.91465759 456.49530029 64 255 128
237.85948181 228.04750061 443.18963623 64 255 128
182.03559875 206.59249878 435.82189941 64 255 128
138.94123840 111.88408661 400.01098633 64 255 128
92.49039459 154.13621521 503.97634888 64 255 128
233.22714233 198.90942383 386.31204224 64 255 128
83.40887451 176.88485718 379.02914429 64 255 128
165.81007385 226.69480896 446.16021729 64 255 128
124.27073669 171.67771912 500.62609863 64 255 128
83.06587982 178.13980103 511.39520264 64 255 128
166.79418945 190.17453003 413.80764771 64 255 128
92.71566772 200.67077637 465.67462158 64 255 128
178.61932373 156.81373596 363.29013062 64 255 128
132.45199585 234.18598938 376.69799805 64 255 128
136.52571106 179.93997192 345.31539917 64 255 128
281.25683594 218.82313538 416.82443237 64 255 128
126.38643646 197.86021423 500.79864502 64 255 128
101.04199982 225.20600891 449.70898438 64 255 128
112.50234985 214.81871033 516.53497314 64 255 128
78.41253662 179.31344604 454.91979980 64 255 128
149.15133667 141.31706238 398.98944092 64 255 128
92.36036682 194.89784241 484.27444458 64 255 128
92.12557983 214.27708435 424.48791504 64 255 128
137.73965454 110.71852112 362.07394409 64 255 128
145.23899841 255.47000122 419.97097778 64 255 128
239.19200134 253.68699646 429.51397705 64 255 128
265.89782715 235.48118591 452.76898193 64 255 128
253.50836182 231.28590393 399.78588867 64 255 128
281.23934937 222.53108215 397.79266357 64 255 128
120.10101318 126.29568481 351.79916382 64 255 128
289.73977661 231.88294983 438.90206909 64 255 128
195.90100098 262.20300293 448.54598999 64 255 128
191.90399170 255.57199097 403.22698975 64 255 128
144.07099915 244.72500610 486.65402222 64 255 128
150.58984375 207.66821289 430.68707275 64 255 128
282.99548340 233.63496399 419.08135986 64 255 128
155.27999878 235.52999878 467.57699585 64 255 128
114.08917999 120.08412170 430.53317261 64 255 128
108.50215912 147.89390564 501.20223999 64 255 128
96.17667389 166.84931946 355.77124023 64 255 128
136.35835266 186.96520996 481.24432373 64 255 128
121.24246979 158.88185120 485.81628418 64 255 128
143.54756165 127.29510498 351.47052002 64 255 128
178.42904663 199.77539062 414.35824585 64 255 128
250.24629211 243.57702637 457.91943359 64 255 128
81.34011841 159.01647949 377.06350708 64 255 128
250.46380615 223.68919373 439.16430664 64 255 128
151.35000610 254.05799866 438.71200562 64 255 128
152.84815979 178.72393799 442.08795166 64 255 128
124.99417114 150.06396484 344.27963257 64 255 128
128.53099060 246.57099915 405.05999756 64 255 128
150.22911072 207.39071655 452.65859985 64 255 128
157.04299927 256.58898926 404.50299072 64 255 128
76.64187622 162.40422058 402.05700684 64 255 128
243.54701233 244.19799805 404.26000977 64 255 128
214.59700012 258.51199341 460.72097778 64 255 128
116.73717499 211.47886658 366.98397827 64 255 128
294.15972900 229.18296814 424.57556152 64 255 128
89.97161102 157.51493835 485.18600464 64 255 128
102.80523682 205.55186462 507.23052979 64 255 128
105.54982758 190.40927124 354.62994385 64 255 128
227.05290222 231.81561279 395.28616333 64 255 128
135.26699829 249.53399658 446.44799805 64 255 128
225.79100037 255.62699890 419.56600952 64 255 128
79.97910309 185.16427612 414.61242676 64 255 128
141.46664429 204.73100281 438.75668335 64 255 128
148.62385559 181.64067078 453.81668091 64 255 128
96.83148193 179.93354797 530.97058105 64 255 128
89.51044464 182.01937866 367.05331421 64 255 128
172.39421082 163.50300598 398.15390015 64 255 128
187.93701172 239.57099915 383.59799194 64 255 128
258.00167847 209.85852051 418.00723267 64 255 128
174.46586609 175.71885681 359.56509399 64 255 128
301.38168335 218.53216553 405.50881958 64 255 128
169.37303162 125.41210938 374.27578735 64 255 128
84.17195892 186.29815674 388.79104614 64 255 128
162.73200989 242.60101318 382.57501221 64 255 128
170.50949097 174.26640320 388.05838013 64 255 128
162.11662292 186.84117126 427.76516724 64 255 128
284.15359497 208.51791382 391.30200195 64 255 128
184.03703308 222.31864929 375.68792725 64 255 128
90.70661926 140.63069153 454.16812134 64 255 128
96.21328735 202.71356201 372.93682861 64 255 128
175.01202393 216.60577393 422.72033691 64 255 128
183.28353882 158.84220886 376.96707153 64 255 128
100.44260406 116.69120026 367.49176025 64 255 128
124.74621582 144.75958252 416.30828857 64 255 128
123.26319885 106.10942078 410.06149292 64 255 128
250.85362244 199.19288635 395.90127563 64 255 128
173.82598877 245.02900696 453.93698120 64 255 128
146.06747437 157.72114563 415.08990479 64 255 128
115.90850830 154.01312256 438.58578491 64 255 128
168.86441040 189.35684204 395.38397217 64 255 128
191.41554260 197.23925781 401.40905762 64 255 128
121.14884949 166.03858948 472.91659546 64 255 128
154.17300415 246.30500793 461.76202393 64 255 128
128.21876526 226.59573364 479.38391113 64 255 128
147.88780212 227.82562256 473.63217163 64 255 128
120.02392578 198.10687256 513.42730713 64 255 128
88.67147827 203.20619202 451.66976929 64 255 128
178.07446289 150.12680054 386.75540161 64 255 128
108.79561615 210.58778381 485.21105957 64 255 128
164.40066528 140.51950073 354.81530762 64 255 128
259.11270142 249.19931030 443.71377563 64 255 128
171.16616821 191.39230347 369.83074951 64 255 128
168.21199036 257.42401123 424.99600220 64 255 128
112.37657166 153.33686829 347.30041504 64 255 128
120.50099945 243.44000244 466.75698853 64 255 128
115.21700287 242.62200928 455.86801147 64 255 128
96.20932770 213.37236023 467.16168213 64 255 128
289.16879272 216.09262085 405.13546753 64 255 128
128.80101013 236.74899292 488.79598999 64 255 128
161.61941528 140.86875916 392.80325317 64 255 128
212.12519836 230.03219604 439.50003052 64 255 128
132.09519958 197.89065552 349.80978394 64 255 128
271.97857666 216.02792358 393.54150391 64 255 128
125.92890930 174.47082520 344.01443481 64 255 128
107.77017212 136.36451721 449.86245728 64 255 128
75.05429077 152.97985840 428.51965332 64 255 128
91.78619385 213.72875977 445.60421753 64 255 128
85.14776611 197.54095459 405.75430298 64 255 128
174.20011902 143.62823486 363.63778687 64 255 128
103.99028778 133.85839844 353.98837280 64 255 128
225.20899963 252.58299255 406.60101318 64 255 128
162.95791626 176.92315674 415.69256592 64 255 128
101.18235779 227.44775391 464.70214844 64 255 128
250.15299988 249.79699707 415.33200073 64 255 128
114.41233063 181.64671326 517.03662109 64 255 128
266.12225342 205.87962341 401.93084717 64 255 128
216.72399902 239.55999756 451.24700928 64 255 128
81.56252289 184.99272156 464.60870361 64 255 128
103.04396820 160.86837769 522.11535645 64 255 128
186.49790955 226.41076660 442.03411865 64 255 128
89.60546112 122.52936554 402.82220459 64 255 128
279.27688599 235.31793213 435.58438110 64 255 128
102.77593231 122.43430328 438.41870117 64 255 128
84.89524841 190.68453979 532.36047363 64 255 128
165.41909790 155.78242493 404.68627930 64 255 128
264.64022827 230.91700745 401.88381958 64 255 128
117.50000000 236.61199951 415.97302246 64 255 128
131.33010864 158.11408997 423.91503906 64 255 128
96.89099884 218.42799377 414.56600952 64 255 128
182.83081055 202.11863708 371.92736816 64 255 128
254.07499695 254.32499695 453.23602295 64 255 128
159.49307251 119.94654846 388.16986084 64 255 128
143.37088013 122.09400940 393.37161255 64 255 128
159.55499268 128.37303162 357.49627686 64 255 128
78.87194061 175.53155518 398.62316895 64 255 128
231.94099426 256.61401367 461.22698975 64 255 128
88.65666199 131.71502686 367.95260620 64 255 128
119.93105316 122.11482239 418.88623047 64 255 128
96.46916199 195.89440918 494.35980225 64 255 128
107.65128326 109.74041748 411.60150146 64 255 128
209.63198853 248.55999756 458.73001099 64 255 128
104.84845734 187.78794861 527.21063232 64 255 128
107.53173065 142.65466309 473.43127441 64 255 128
164.99057007 227.05616760 429.95236206 64 255 128
134.15663147 166.78784180 434.40704346 64 255 128
132.32133484 130.36366272 349.01904297 64 255 128
175.10133362 134.84169006 375.92767334 64 255 128
236.43794250 221.43521118 392.06219482 64 255 128
152.18370056 164.61306763 422.49310303 64 255 128
176.10047913 173.22209167 376.85769653 64 255 128
136.07400513 251.72299194 414.78298950 64 255 128
217.04974365 226.69421387 390.85351562 64 255 128
189.31700134 259.79699707 459.89001465 64 255 128
106.61388397 164.65884399 348.17410278 64 255 128
83.71068573 197.97052002 430.50155640 64 255 128
199.34700012 238.83099365 386.53900146 64 255 128
243.48275757 201.02784729 409.44866943 64 255 128
215.55801392 259.82000732 435.54400635 64 255 128
90.94376373 144.81939697 464.32485962 64 255 128
92.71228790 208.11572266 397.32220459 64 255 128
292.03253174 220.59927368 417.72799683 64 255 128
168.56600952 255.73301697 399.14001465 64 255 128
84.37506866 173.38876343 501.80090332 64 255 128
129.30799866 243.28399658 429.63800049 64 255 128
204.08900452 255.11300659 403.83099365 64 255 128
173.00300598 258.80700684 446.54901123 64 255 128
133.76100159 241.53999329 384.68499756 64 255 128
263.40063477 245.52827454 427.42391968 64 255 128
197.64381409 217.36254883 381.94317627 64 255 128
152.80899048 255.16700745 427.96600342 64 255 128
96.70018768 114.45018768 379.18222046 64 255 128
191.51799011 261.26199341 425.86700439 64 255 128
105.81943512 144.94323730 350.87771606 64 255 128
206.98161316 199.92556763 391.99343872 64 255 128
77.07436371 143.44374084 414.43414307 64 255 128
87.49094391 123.13545227 384.84600830 64 255 128
178.54920959 212.86924744 369.80709839 64 255 128
198.29527283 183.93072510 400.89733887 64 255 128
115.90400696 235.15499878 392.74499512 64 255 128
113.52086639 147.57000732 489.67169189 64 255 128
127.74978638 134.44425964 408.57699585 64 255 128
139.02868652 141.94645691 404.24206543 64 255 128
147.51350403 171.46739197 434.87783813 64 255 128
161.10700989 222.52600098 370.56900024 64 255 128
168.68356323 197.81434631 358.69451904 64 255 128
113.79576874 211.01570129 496.22232056 64 255 128
78.65312958 160.90214539 460.97067261 64 255 128
225.48640442 199.63504028 397.92733765 64 255 128
217.70823669 212.43051147 389.17053223 64 255 128
272.85903931 243.08430481 456.77267456 64 255 128
189.37644958 199.53227234 411.74673462 64 255 128
228.46151733 209.30743408 389.53747559 64 255 128
241.52442932 212.68321228 426.44555664 64 255 128
250.70738220 221.13363647 396.08776855 64 255 128
112.67462158 155.66668701 510.50729370 64 255 128
132.63475037 177.80119324 476.80999756 64 255 128
156.65095520 163.57608032 349.72302246 64 255 128
114.79299927 237.80499268 437.10299683 64 255 128
160.27999878 200.54277039 429.19238281 64 255 128
225.72001648 214.06414795 427.65164185 64 255 128
243.46081543 202.48703003 388.05502319 64 255 128
115.55500031 224.47299194 374.71301270 64 255 128
162.26370239 121.53063965 367.00769043 64 255 128
153.20783997 203.08319092 442.26724243 64 255 128
147.95243835 206.66133118 357.10522461 64 255 128
115.67292786 205.27552795 519.93981934 64 255 128
171.57725525 234.99609375 450.58209229 64 255 128
96.02945709 127.06105042 361.95123291 64 255 128
142.23168945 189.61953735 348.09024048 64 255 128
129.81547546 215.57237244 362.87069702 64 255 128
109.84409332 142.72756958 438.23199463 64 255 128
215.08799744 239.82499695 393.52398682 64 255 128
113.71192932 129.45008850 426.13632202 64 255 128
153.62069702 112.59600830 369.07177734 64 255 128
101.39899445 218.72801208 391.88198853 64 255 128
127.27948761 204.28498840 480.06484985 64 255 128
185.18699646 258.32000732 414.24600220 64 255 128
272.36886597 241.06855774 445.74163818 64 255 128
172.40617371 180.81768799 370.67929077 64 255 128
93.73786163 202.84461975 526.18847656 64 255 128
109.03427124 145.18052673 458.26358032 64 255 128
238.79722595 194.54425049 393.84655762 64 255 128
105.19299316 230.95401001 437.60998535 64 255 128
90.01284027 199.76728821 385.16458130 64 255 128
160.59126282 186.77171326 437.85516357 64 255 128
202.39247131 223.53591919 435.28884888 64 255 128
233.60099792 247.44300842 403.57101440 64 255 128
172.17379761 210.20481873 429.88888550 64 255 128
193.04551697 238.61402893 448.55792236 64 255 128
166.89300537 258.85702515 410.34100342 64 255 128
82.86296082 174.18571472 522.19860840 64 255 128
222.51597595 223.65602112 434.05880737 64 255 128
172.62800598 258.44601440 434.17999268 64 255 128
93.27263641 151.27122498 358.06680298 64 255 128
136.99400330 248.62599182 396.38800049 64 255 128
227.57879639 238.55647278 452.58563232 64 255 128
161.38922119 217.20568848 437.28875732 64 255 128
82.87802124 163.15829468 475.18316650 64 255 128
139.22247314 102.58237457 393.95877075 64 255 128
92.96171570 156.43457031 513.76806641 64 255 128
85.70294189 163.21885681 505.11514282 64 255 128
136.11746216 167.19369507 343.57485962 64 255 128
92.16764069 197.83647156 474.66711426 64 255 128
80.41535950 139.22210693 388.01693726 64 255 128
194.15518188 200.64294434 376.37197876 64 255 128
136.68965149 206.27375793 355.67126465 64 255 128
196.54174805 206.35743713 430.82379150 64 255 128
161.76721191 228.76791382 456.49444580 64 255 128
107.42900085 224.14300537 384.84399414 64 255 128
144.87599182 143.10169983 346.71652222 64 255 128
106.85607910 106.84915161 384.92346191 64 255 128
211.75291443 207.79168701 414.96487427 64 255 128
133.46693420 209.42465210 468.24453735 64 255 128
124.82364655 100.16731262 388.24319458 64 255 128
144.43896484 198.05294800 429.02365112 64 255 128
80.26659393 149.03579712 379.75024414 64 255 128
272.80599976 223.16928101 429.70697021 64 255 128
147.83779907 189.29000854 462.35430908 64 255 128
225.33354187 202.28086853 409.24707031 64 255 128
144.56898499 150.02713013 407.41586304 64 255 128
86.06288910 141.56570435 368.08758545 64 255 128
205.88000488 261.62899780 453.10000610 64 255 128
275.77819824 228.54460144 441.99697876 64 255 128
177.19615173 228.47914124 445.18115234 64 255 128
101.15999603 208.94000244 377.35302734 64 255 128
133.99400330 249.47599792 462.66101074 64 255 128
260.20294189 220.14161682 431.85922241 64 255 128
104.02574921 197.57229614 529.05108643 64 255 128
99.80099487 223.06900024 422.90899658 64 255 128
121.56500244 238.18600464 424.93298340 64 255 128
161.84782410 178.45805359 353.42858887 64 255 128
113.36948395 157.25729370 455.84490967 64 255 128
140.83799744 248.82901001 476.89199829 64 255 128
170.84423828 233.38229370 437.54885864 64 255 128
149.44000244 256.66601562 410.96899414 64 255 128
104.74687195 144.28738403 482.64730835 64 255 128
104.94899750 233.44000244 457.84802246 64 255 128
223.53099060 258.54699707 456.16201782 64 255 128
117.93582153 104.22838593 373.95739746 64 255 128
256.03643799 198.05926514 387.24313354 64 255 128
127.46131134 170.89984131 451.35238647 64 255 128
87.16795349 132.75143433 424.10675049 64 255 128
261.09140015 243.48222351 416.37750244 64 255 128
174.44261169 166.07980347 360.29339600 64 255 128
200.84480286 207.96839905 381.74349976 64 255 128
201.28099060 260.65899658 425.00698853 64 255 128
119.09439087 214.91984558 479.35406494 64 255 128
250.04672241 204.61767578 415.96939087 64 255 128
128.31147766 113.28381348 359.61422729 64 255 128
240.66300964 256.32199097 451.66799927 64 255 128
158.42839050 192.95062256 353.83035278 64 255 128
154.94200134 253.60200500 447.78900146 64 255 128
96.45365906 119.05148315 417.46350098 64 255 128
195.76716614 191.41284180 394.79025269 64 255 128
173.88021851 139.23234558 384.78094482 64 255 128
110.83827972 184.54804993 348.56884766 64 255 128
223.26699829 258.79202271 443.26800537 64 255 128
147.39553833 178.01490784 348.02359009 64 255 128
183.78799438 252.25401306 396.92398071 64 255 128
99.56398773 202.17472839 484.19836426 64 255 128
153.74200439 244.95999146 385.09698486 64 255 128
118.13103485 102.06021118 395.08752441 64 255 128
123.77580261 165.92250061 491.97146606 64 255 128
179.84078979 199.95831299 392.04357910 64 255 128
117.35838318 204.62213135 358.27230835 64 255 128
174.44300842 257.88900757 417.15301514 64 255 128
145.90562439 102.97673798 383.43365479 64 255 128
157.57090759 219.90361023 453.37622070 64 255 128
80.70166016 176.70361328 389.35473633 64 255 128
143.08531189 117.37879944 357.75146484 64 255 128
76.71046448 175.24690247 432.27673340 64 255 128
265.17321777 211.68617249 411.79425049 64 255 128
166.12402344 214.50617981 367.61602783 64 255 128
145.57455444 211.53318787 463.59417725 64 255 128
185.16070557 201.88180542 381.48281860 64 255 128
236.59298706 255.50100708 438.43798828 64 255 128
91.68768311 118.51953125 393.21008301 64 255 128
116.53105927 159.50762939 446.94299316 64 255 128
204.10035706 223.78132629 385.73330688 64 255 128
167.12828064 122.21990967 383.13076782 64 255 128
184.29499817 231.02099609 378.61499023 64 255 128
267.35635376 238.46684265 410.97946167 64 255 128
185.15263367 218.18847656 436.56616211 64 255 128
236.79000854 248.60099792 460.60897827 64 255 128
109.27200317 230.22300720 403.44699097 64 255 128
204.39399719 262.21600342 441.98599243 64 255 128
183.91012573 167.95440674 378.83795166 64 255 128
74.53903198 163.33244324 416.07040405 64 255 128
264.27136230 202.20758057 391.73822021 64 255 128
74.94333649 161.75575256 436.44631958 64 255 128
149.70600891 232.57600403 374.39401245 64 255 128
202.36131287 215.61695862 429.86886597 64 255 128
154.10940552 109.31229401 379.30380249 64 255 128
179.24877930 204.39102173 427.15011597 64 255 128
77.36176300 159.73548889 451.98553467 64 255 128
109.66543579 112.89789581 364.85086060 64 255 128
132.71786499 122.16997528 401.22732544 64 255 128
147.86499023 237.12100220 478.19500732 64 255 128
117.25399780 241.90899658 445.14901733 64 255 128
273.60736084 239.27101135 427.82714844 64 255 128
93.27022552 124.10067749 424.80639648 64 255 128
215.12660217 212.77897644 424.46762085 64 255 128
146.45071411 159.48034668 346.55007935 64 255 128
198.15892029 200.97023010 423.00039673 64 255 128
92.05023193 133.24101257 441.64312744 64 255 128
273.01394653 226.40823364 398.96347046 64 255 128
79.15072632 157.98669434 386.05947876 64 255 128
123.92288208 113.84471130 416.38107300 64 255 128
82.90493774 189.11596680 447.25949097 64 255 128
211.42158508 205.86642456 385.51205444 64 255 128
133.09001160 246.45901489 438.03701782 64 255 128
91.63136292 160.66467285 521.77679443 64 255 128
205.72898865 258.25500488 414.36300659 64 255 128
90.85546875 159.61126709 360.89367676 64 255 128
102.63567352 111.47035217 399.04959106 64 255 128
256.28958130 250.49510193 435.29956055 64 255 128
151.86700439 252.87199402 396.27001953 64 255 128
118.19351959 157.83224487 475.84884644 64 255 128
81.83267212 146.74331665 447.84609985 64 255 128
124.06413269 138.65054321 347.33724976 64 255 128
96.83699799 221.09700012 442.70199585 64 255 128
132.65046692 106.45547485 404.51995850 64 255 128
154.77937317 172.32322693 349.63833618 64 255 128
133.56079102 179.85762024 486.17825317 64 255 128
242.12760925 221.23272705 435.62551880 64 255 128
254.96632385 251.77546692 461.89117432 64 255 128
167.19622803 187.45205688 404.78442383 64 255 128
124.88199615 229.58000183 374.66101074 64 255 128
80.23265839 145.77328491 435.99520874 64 255 128
180.07501221 244.08300781 384.22799683 64 255 128
215.97300720 253.33801270 402.09899902 64 255 128
158.85209656 146.56829834 349.92492676 64 255 128
87.71735382 183.89936829 502.54052734 64 255 128
208.60766602 196.79006958 406.56555176 64 255 128
84.47795105 130.82304382 381.47894287 64 255 128
83.07823944 131.23605347 405.61734009 64 255 128
137.67071533 102.07865143 375.54232788 64 255 128
81.81883240 135.84957886 414.06097412 64 255 128
156.36984253 200.06625366 450.11453247 64 255 128
246.23815918 236.69590759 452.98083496 64 255 128
86.43312073 191.61810303 468.93313599 64 255 128
160.01251221 149.66651917 399.94961548 64 255 128
230.80804443 225.39674377 438.30038452 64 255 128
201.26300049 247.69599915 455.07101440 64 255 128
86.38597107 188.28654480 511.58279419 64 255 128
175.13941956 226.43159485 427.27172852 64 255 128
144.27587891 204.81347656 469.13485718 64 255 128
77.99293518 177.30712891 423.72113037 64 255 128
111.60131836 129.60070801 352.16964722 64 255 128
110.84724426 211.49401855 506.11096191 64 255 128
165.89248657 160.59339905 353.19866943 64 255 128
171.23199463 244.77900696 384.25201416 64 255 128
106.63679504 114.19312286 421.02136230 64 255 128
170.95339966 202.38377380 434.38906860 64 255 128
86.57264709 135.66862488 435.03982544 64 255 128
165.11657715 219.58866882 420.48516846 64 255 128
149.78199768 220.10299683 366.80599976 64 255 128
116.49796295 190.15292358 514.76599121 64 255 128
230.02938843 204.69149780 417.89648438 64 255 128
120.05388641 118.50885010 356.63754272 64 255 128
138.32658386 157.58946228 418.90820312 64 255 128
161.73799133 243.76100159 447.56698608 64 255 128
257.11679077 238.42175293 455.07318115 64 255 128
264.40090942 211.08180237 391.09710693 64 255 128
101.62251282 206.31790161 515.99932861 64 255 128
124.31900024 246.04100037 448.30700684 64 255 128
93.66585541 174.30773926 359.94830322 64 255 128
153.19200134 248.22500610 470.25201416 64 255 128
85.96910858 174.64909363 370.70727539 64 255 128
87.55745697 187.61752319 486.20556641 64 255 128
109.51676941 219.73889160 480.05114746 64 255 128
168.74101257 167.56369019 406.64645386 64 255 128
112.36775208 230.38594055 479.00256348 64 255 128
125.63900757 236.98500061 383.34301758 64 255 128
183.73699951 261.13900757 450.02999878 64 255 128
248.25599670 252.49299622 432.99600220 64 255 128
131.69999695 246.01100159 470.29098511 64 255 128
206.34083557 200.31282043 415.21994019 64 255 128
98.81533051 148.96446228 500.94424438 64 255 128
128.47564697 157.87225342 343.23007202 64 255 128
77.57987213 171.01029968 457.37960815 64 255 128
134.69743347 188.83631897 489.48953247 64 255 128
146.42697144 111.60089874 364.35629272 64 255 128
276.93087769 207.21878052 395.91906738 64 255 128
282.74096680 228.25698853 405.06860352 64 255 128
171.78030396 193.06469727 385.84408569 64 255 128
197.43728638 194.11553955 385.62597656 64 255 128
168.56379700 234.39025879 426.97610474 64 255 128
161.96284485 131.67535400 390.43811035 64 255 128
171.16899109 253.30799866 459.20602417 64 255 128
81.91137695 167.37518311 378.10629272 64 255 128
292.17718506 223.11468506 400.55596924 64 255 128
102.82271576 173.68345642 351.05599976 64 255 128
169.88499451 231.34300232 376.61499023 64 255 128
133.95799255 222.37699890 367.86499023 64 255 128
197.75498962 251.82301331 398.21197510 64 255 128
143.46499634 251.61001587 440.99700928 64 255 128
98.06469727 143.29283142 355.07125854 64 255 128
143.59184265 133.47117615 397.21118164 64 255 128
135.91900635 242.23298645 486.78799438 64 255 128
245.87954712 228.93855286 446.36172485 64 255 128
124.86554718 193.65769958 348.28839111 64 255 128
86.03929901 169.85797119 528.94616699 64 255 128
234.51542664 238.95024109 399.00204468 64 255 128
213.64472961 201.37738037 397.54214478 64 255 128
147.01553345 195.21830750 441.00796509 64 255 128
104.62500000 228.05699158 427.77499390 64 255 128
297.07363892 226.69619751 414.70339966 64 255 128
124.50016022 160.91479492 434.52816772 64 255 128
89.99752045 153.92475891 477.11993408 64 255 128
75.34879303 169.99472046 439.14257812 64 255 128
87.80089569 206.60664368 422.68609619 64 255 128
127.26186371 189.06878662 502.83258057 64 255 128
99.78254700 142.54370117 470.00866699 64 255 128
135.40100098 250.21699524 423.07000732 64 255 128
85.76245880 171.97827148 491.15567017 64 255 128
98.19985962 199.10682678 501.74145508 64 255 128
115.73173523 150.19819641 497.46588135 64 255 128
242.69999695 252.27799988 418.68798828 64 255 128
154.32591248 137.06784058 393.45715332 64 255 128
109.19352722 161.58761597 516.37963867 64 255 128
109.30000305 230.55499268 418.26501465 64 255 128
283.43811035 211.73925781 400.24084473 64 255 128
183.28399658 249.49499512 456.11599731 64 255 128
133.64961243 189.45268250 347.19952393 64 255 128
287.66943359 232.34475708 430.79327393 64 255 128
231.99291992 232.81256104 447.23309326 64 255 128
117.59180450 162.98414612 463.21646118 64 255 128
136.56799316 251.48999023 454.44400024 64 255 128
241.99996948 198.73963928 401.50964355 64 255 128
122.97309113 100.77487183 380.11886597 64 255 128
160.89299011 256.06799316 432.68701172 64 255 128
124.44129181 201.85078430 352.59948730 64 255 128
166.82716370 181.74169922 397.09695435 64 255 128
233.04190063 209.05891418 424.25238037 64 255 128
142.90299988 135.10157776 349.03649902 64 255 128
265.52655029 246.53387451 449.10476685 64 255 128
180.76687622 151.54280090 369.58917236 64 255 128
124.78499603 238.98098755 481.88598633 64 255 128
217.34399414 257.46600342 417.60198975 64 255 128
106.42051697 208.43569946 368.85736084 64 255 128
93.84709930 216.66549683 435.55331421 64 255 128
119.24508667 147.08488464 424.28195190 64 255 128
204.03501892 190.46195984 390.33816528 64 255 128
86.41914368 202.53883362 413.00430298 64 255 128
115.74649048 104.60437775 407.41680908 64 255 128
74.62517548 156.10244751 421.09378052 64 255 128
192.90600586 262.73001099 440.83599854 64 255 128
152.43919373 128.89924622 353.46459961 64 255 128
113.71008301 167.24041748 344.92007446 64 255 128
107.49282837 106.82968903 393.68249512 64 255 128
91.56935883 188.83598328 496.27075195 64 255 128
175.32397461 198.43746948 373.85192871 64 255 128
100.30793762 199.37014771 364.48495483 64 255 128
150.98767090 119.66468811 391.90850830 64 255 128
117.35285187 178.84040833 344.67013550 64 255 128
276.04519653 234.61117554 415.26382446 64 255 128
140.25900269 233.02899170 374.78399658 64 255 128
242.92503357 225.19970703 395.12612915 64 255 128
204.87615967 234.87580872 445.02069092 64 255 128
122.50045776 204.76115417 498.90765381 64 255 128
81.21697235 179.43133545 470.18600464 64 255 128
87.69050598 203.44012451 401.03622437 64 255 128
84.28636169 191.17662048 396.57186890 64 255 128
155.98901367 246.72900391 452.39898682 64 255 128
101.16141510 170.42967224 526.32067871 64 255 128
259.47540283 202.77003479 398.69491577 64 255 128
135.08039856 199.97131348 480.48233032 64 255 128
92.57436371 196.18980408 372.46835327 64 255 128
237.39312744 208.07658386 388.80569458 64 255 128
175.19538879 157.62117004 392.91519165 64 255 128
137.78591919 223.70393372 477.40747070 64 255 128
271.92340088 215.47982788 413.72171021 64 255 128
109.30935669 197.09034729 355.86190796 64 255 128
86.83769226 203.68994141 441.77731323 64 255 128
119.95593262 165.09088135 502.98196411 64 255 128
136.30442810 179.18214417 463.97521973 64 255 128
116.77568817 190.53468323 349.99505615 64 255 128
289.37130737 231.09725952 414.80319214 64 255 128
84.65547943 177.92408752 485.35638428 64 255 128
163.33503723 209.56185913 362.40298462 64 255 128
201.15899658 246.94299316 391.55502319 64 255 128
81.64220428 192.65426636 412.98123169 64 255 128
89.03110504 197.73542786 530.90588379 64 255 128
150.19691467 218.55818176 467.34390259 64 255 128
77.17763519 177.31683350 447.32000732 64 255 128
191.64788818 221.08226013 377.90945435 64 255 128
100.43299866 214.49899292 385.20898438 64 255 128
94.70481873 184.98104858 361.86706543 64 255 128
76.55346680 147.03517151 421.64550781 64 255 128
236.02120972 200.70680237 412.31997681 64 255 128
101.52453613 216.01910400 475.54440308 64 255 128
79.10573578 180.14033508 405.82815552 64 255 128
77.03073120 146.61158752 404.32971191 64 255 128
90.67182159 200.45802307 458.56234741 64 255 128
158.18423462 184.52124023 444.72775269 64 255 128
129.86520386 142.47117615 410.58142090 64 255 128
239.58476257 233.25784302 450.40258789 64 255 128
109.94885254 212.75953674 524.44195557 64 255 128
258.64682007 226.60179138 443.16180420 64 255 128
144.66122437 114.08521271 395.22012329 64 255 128
129.16984558 175.50219727 493.79922485 64 255 128
246.25529480 237.29968262 402.59490967 64 255 128
202.51068115 190.62854004 405.52438354 64 255 128
81.32439423 191.51284790 422.11813354 64 255 128
168.29179382 182.47866821 388.59719849 64 255 128
113.65699768 217.58399963 371.45001221 64 255 128
154.47000122 158.41169739 413.04928589 64 255 128
118.11450195 209.93200684 513.54943848 64 255 128
283.64080811 231.09744263 443.94146729 64 255 128
90.50794983 186.05908203 535.29693604 64 255 128
131.17744446 193.03623962 495.04690552 64 255 128
222.84400940 255.01098633 463.11700439 64 255 128
92.97187042 122.78228760 411.58517456 64 255 128
161.22985840 193.45332336 443.86206055 64 255 128
91.15762329 155.18568420 496.48062134 64 255 128
130.54920959 219.83496094 474.40896606 64 255 128
99.64899445 224.37500000 457.34399414 64 255 128
259.31207275 215.22865295 424.93231201 64 255 128
116.22596741 136.30380249 422.02090454 64 255 128
175.61366272 168.63383484 389.09362793 64 255 128
118.28973389 116.94397736 424.54443359 64 255 128
143.25642395 151.46636963 344.86254883 64 255 128
150.66079712 194.48094177 351.60940552 64 255 128
282.37591553 216.68965149 408.95135498 64 255 128
162.79302979 184.55921936 420.17300415 64 255 128
109.51330566 143.44209290 465.73193359 64 255 128
94.50183105 151.20921326 486.39529419 64 255 128
251.19375610 210.15322876 422.60723877 64 255 128
125.55825806 171.04666138 458.59152222 64 255 128
189.94100952 261.97201538 433.71798706 64 255 128
96.38773346 116.42467499 400.02835083 64 255 128
285.39349365 222.15405273 422.71670532 64 255 128
160.83587646 153.90277100 351.22607422 64 255 128
122.21472168 106.96842194 367.20767212 64 255 128
111.67900085 232.32699585 410.47601318 64 255 128
96.44197845 127.09550476 439.32562256 64 255 128
116.41819763 146.89208984 346.43392944 64 255 128
82.87346649 184.35153198 525.40869141 64 255 128
123.46783447 123.33490753 410.82937622 64 255 128
76.14202118 155.09989929 399.30841064 64 255 128
86.86547089 165.42835999 487.25488281 64 255 128
132.03352356 170.02844238 441.60797119 64 255 128
172.87034607 198.39878845 418.85107422 64 255 128
151.83187866 192.70220947 457.26885986 64 255 128
159.60900879 239.23907471 462.47235107 64 255 128
164.66458130 194.32637024 430.70379639 64 255 128
126.80452728 152.35258484 420.50415039 64 255 128
164.87661743 181.21522522 410.25024414 64 255 128
116.44522095 212.67892456 488.53311157 64 255 128
219.39801025 257.97900391 427.62301636 64 255 128
123.30100250 239.35200500 432.26901245 64 255 128
161.15426636 171.07276917 419.73281860 64 255 128
208.22000122 240.92599487 390.39999390 64 255 128
178.64393616 214.64195251 432.11553955 64 255 128
254.23371887 214.92497253 393.47332764 64 255 128
169.38809204 240.86412048 431.53570557 64 255 128
119.43811798 155.82756042 345.48443604 64 255 128
92.81259155 210.01541138 460.52215576 64 255 128
155.41699219 237.68299866 378.75198364 64 255 128
84.01866913 152.40522766 463.17630005 64 255 128
80.10366821 163.46115112 468.28936768 64 255 128
120.02534485 177.10171509 508.31329346 64 255 128
109.95914459 170.34571838 517.95227051 64 255 128
108.40090179 182.80455017 522.71704102 64 255 128
164.74754333 206.30844116 427.61999512 64 255 128
126.30725098 178.79814148 502.14462280 64 255 128
167.86299133 251.21501160 391.93200684 64 255 128
230.62078857 196.12399292 392.88339233 64 255 128
159.16830444 179.78411865 434.25939941 64 255 128
77.81077576 170.71797180 404.82809448 64 255 128
81.45617676 186.38154602 435.15023804 64 255 128
166.92700195 247.12300110 456.18099976 64 255 128
139.02464294 191.75942993 472.55526733 64 255 128
171.81066895 194.62734985 404.05358887 64 255 128
216.82899475 245.08200073 457.07199097 64 255 128
281.16531372 234.48223877 427.93286133 64 255 128
109.58100128 234.16499329 473.75198364 64 255 128
282.40057373 215.70657349 392.64328003 64 255 128
125.75499725 242.22999573 474.32397461 64 255 128
110.38096619 135.42906189 432.53146362 64 255 128
85.54737091 183.38600159 376.27029419 64 255 128
246.35299683 252.98399353 425.20599365 64 255 128
135.54246521 105.19110870 369.08334351 64 255 128
123.00862122 169.27119446 465.53897095 64 255 128
106.16660309 128.46310425 443.90136719 64 255 128
258.74658203 244.90957642 458.62942505 64 255 128
91.67364502 144.07695007 360.42611694 64 255 128
168.81588745 223.50837708 439.12878418 64 255 128
151.93000793 226.09100342 370.69699097 64 255 128
182.00326538 199.65586853 407.13961792 64 255 128
176.09500122 254.69401550 397.40600586 64 255 128
213.94435120 219.93949890 390.32174683 64 255 128
222.05358887 236.65098572 393.26635742 64 255 128
112.69400024 230.83900452 387.03201294 64 255 128
135.39299011 250.89698792 407.42001343 64 255 128
184.89801025 257.01098633 405.27099609 64 255 128
121.64799500 240.83999634 398.10897827 64 255 128
168.55426025 212.16583252 422.26589966 64 255 128
108.02957916 207.55905151 500.05841064 64 255 128
129.95700073 247.73399353 412.29501343 64 255 128
123.28299713 242.85099792 408.77398682 64 255 128
86.21048737 194.04655457 385.94232178 64 255 128
126.58866882 202.42811584 487.91961670 64 255 128
100.96348572 114.00787354 414.00238037 64 255 128
182.09785461 160.37782288 368.87542725 64 255 128
138.52499390 246.78799438 389.37500000 64 255 128
122.66813660 191.76490784 508.00854492 64 255 128
89.73857117 195.25688171 517.07751465 64 255 128
173.28695679 137.10650635 367.31155396 64 255 128
157.46661377 211.78730774 431.28414917 64 255 128
233.19299316 253.36500549 419.62100220 64 255 128
168.79331970 141.66606140 392.19772339 64 255 128
135.33552551 149.20289612 344.35208130 64 255 128
125.88526154 171.31250000 475.52328491 64 255 128
214.79209900 235.43931580 445.03540039 64 255 128
262.15682983 230.95848083 447.93685913 64 255 128
131.30586243 100.23639679 378.84793091 64 255 128
81.41403961 175.21781921 475.98324585 64 255 128
96.05500031 219.81201172 451.86401367 64 255 128
217.52400208 247.72801208 397.59698486 64 255 128
174.76322937 197.77075195 365.87081909 64 255 128
109.72750854 122.79804993 436.35668945 64 255 128
163.62266541 234.32508850 448.97976685 64 255 128
134.65853882 174.67742920 449.54168701 64 255 128
91.78626251 148.99121094 472.03155518 64 255 128
225.59317017 200.85395813 388.59545898 64 255 128
189.07037354 209.02537537 436.24737549 64 255 128
166.34187317 193.15397644 421.86187744 64 255 128
144.81684875 196.68014526 467.40347290 64 255 128
178.02597046 175.71282959 369.27380371 64 255 128
249.55775452 209.03482056 391.01321411 64 255 128
101.39299774 221.92199707 407.76501465 64 255 128
121.82100677 202.02691650 505.85656738 64 255 128
99.38043213 206.14918518 530.36981201 64 255 128
154.23121643 211.06074524 438.65762329 64 255 128
204.88800049 261.61599731 431.54498291 64 255 128
259.34213257 235.27499390 404.05621338 64 255 128
169.50163269 172.81126404 396.30862427 64 255 128
106.83437347 210.85043335 513.55413818 64 255 128
173.81211853 221.75041199 417.95727539 64 255 128
123.91535950 231.47567749 485.27947998 64 255 128
164.03100586 255.74600220 447.47000122 64 255 128
121.54108429 165.00007629 448.39990234 64 255 128
110.12280273 204.63693237 524.59771729 64 255 128
102.54800415 221.98500061 398.53799438 64 255 128
293.87197876 228.59632874 431.87969971 64 255 128
200.84199524 230.21900940 385.40399170 64 255 128
101.45478058 112.60339355 373.41610718 64 255 128
182.90800476 248.50900269 389.62298584 64 255 128
99.71501923 220.48857117 469.98986816 64 255 128
148.98281860 209.63804626 446.97128296 64 255 128
296.60443115 218.81394958 412.28488159 64 255 128
162.22650146 220.34426880 446.51559448 64 255 128
187.29402161 199.66230774 395.23098755 64 255 128
147.98800659 248.41799927 478.04901123 64 255 128
101.72131348 135.41506958 455.43240356 64 255 128
86.54421997 165.98466492 522.88909912 64 255 128
172.69737244 184.35662842 364.43978882 64 255 128
75.55509186 160.76774597 408.92633057 64 255 128
110.20999908 238.62998962 452.43600464 64 255 128
233.60836792 227.39710999 394.97732544 64 255 128
143.17480469 177.86978149 450.60943604 64 255 128
84.56555939 158.90470886 370.49624634 64 255 128
83.55968475 170.13049316 511.43597412 64 255 128
141.27445984 173.53251648 344.20712280 64 255 128
129.42950439 111.02605438 409.35165405 64 255 128
95.86304474 205.31092834 470.96472168 64 255 128
82.89062500 146.30374146 372.50625610 64 255 128
191.40037537 222.08090210 436.27893066 64 255 128
92.38355255 117.22853851 384.30676270 64 255 128
142.20271301 180.45458984 459.07168579 64 255 128
99.50598145 189.71424866 358.62228394 64 255 128
146.95300293 251.16598511 459.80899048 64 255 128
132.89537048 115.05477142 403.12048340 64 255 128
243.73591614 246.81335449 458.75906372 64 255 128
195.67900085 257.00500488 409.14498901 64 255 128
166.04800415 237.23399353 379.18298340 64 255 128
151.83702087 215.58784485 459.59564209 64 255 128
154.91746521 112.85318756 387.11401367 64 255 128
172.62596130 156.66355896 357.78500366 64 255 128
100.44480896 150.62548828 507.61776733 64 255 128
101.68814850 127.75364685 357.52691650 64 255 128
89.00199890 192.00895691 478.73107910 64 255 128
144.02302551 206.09451294 432.76727295 64 255 128
151.14801025 244.45700073 484.63101196 64 255 128
94.61690521 122.15853119 366.92816162 64 255 128
119.95056152 170.17088318 342.92745972 64 255 128
113.20707703 160.34306335 346.12054443 64 255 128
288.87542725 219.50894165 395.30505371 64 255 128
129.86886597 183.22750854 344.12002563 64 255 128
127.19136810 125.45296478 351.32525635 64 255 128
222.27774048 207.53280640 386.81051636 64 255 128
107.11267853 117.08496094 429.03833008 64 255 128
166.31401062 258.50399780 417.40701294 64 255 128
151.91365051 145.27818298 348.61691284 64 255 128
167.63999939 240.46101379 453.85299683 64 255 128
75.99168396 169.95948792 418.94665527 64 255 128
129.03526306 108.42553711 364.69680786 64 255 128
145.81599426 254.21801758 427.32598877 64 255 128
187.66300964 244.10800171 451.81500244 64 255 128
284.02630615 227.65588379 437.65399170 64 255 128
140.81202698 170.26899719 435.11181641 64 255 128
195.27000427 253.89399719 460.12500000 64 255 128
169.31658936 179.40431213 356.59735107 64 255 128
112.40126038 104.58879852 378.42990112 64 255 128
127.62741852 201.60992432 494.76730347 64 255 128
142.10325623 196.95660400 435.69644165 64 255 128
154.13546753 210.25904846 360.94754028 64 255 128
173.46383667 218.35858154 429.60131836 64 255 128
114.26900482 241.16101074 464.35101318 64 255 128
121.53399658 215.59800720 366.29800415 64 255 128
103.13763428 109.48310852 379.61065674 64 255 128
152.38879395 200.33193970 426.66394043 64 255 128
238.09187317 193.91616821 385.67498779 64 255 128
148.20187378 207.47007751 439.19625854 64 255 128
111.89616394 207.08348083 362.90045166 64 255 128
97.96909332 122.83282471 433.31665039 64 255 128
281.04937744 231.59486389 411.06539917 64 255 128
249.55258179 200.23123169 385.49719238 64 255 128
158.08105469 231.44912720 461.95089722 64 255 128
95.97124481 206.25798035 379.69384766 64 255 128
77.65238190 160.75259399 395.18453979 64 255 128
111.50462341 149.36897278 441.08953857 64 255 128
230.55628967 243.72755432 456.38690186 64 255 128
118.00699615 233.06800842 483.43099976 64 255 128
76.62625122 159.31846619 445.21920776 64 255 128
143.12699890 254.26199341 412.68301392 64 255 128
218.81324768 217.30122375 428.64630127 64 255 128
172.39695740 148.13877869 358.69787598 64 255 128
148.39747620 121.72094727 356.35952759 64 255 128
172.20967102 191.87145996 362.19668579 64 255 128
100.36665344 162.38154602 352.37670898 64 255 128
273.66958618 235.20590210 452.29486084 64 255 128
94.21974945 135.11985779 449.18569946 64 255 128
135.47038269 201.98428345 436.09747314 64 255 128
139.82022095 209.85850525 466.16448975 64 255 128
172.57598877 257.91998291 453.73098755 64 255 128
110.35100555 233.73100281 433.69601440 64 255 128
228.74299622 253.52200317 412.47900391 64 255 128
258.57305908 247.01429749 422.05627441 64 255 128
79.26120758 153.03268433 449.48376465 64 255 128
84.49813843 133.62556458 375.04779053 64 255 128
112.51268768 149.24920654 468.92355347 64 255 128
133.90946960 137.58500671 404.86172485 64 255 128
153.41615295 170.44848633 427.33560181 64 255 128
181.66961670 153.09974670 381.69247437 64 255 128
170.81896973 156.24447632 398.13641357 64 255 128
245.08303833 216.93627930 430.61019897 64 255 128
79.20518494 177.29934692 461.15695190 64 255 128
101.39243317 204.89840698 368.92083740 64 255 128
80.68972778 134.44609070 398.94692993 64 255 128
90.35270691 211.54112244 417.64157104 64 255 128
176.50599670 229.50500488 376.07601929 64 255 128
190.16078186 232.75344849 445.72915649 64 255 128
210.12699890 254.00599670 463.38998413 64 255 128
90.89909363 178.12057495 533.94866943 64 255 128
196.06100464 260.91998291 459.11199951 64 255 128
147.24372864 177.20004272 445.47756958 64 255 128
86.35994720 193.15524292 462.07751465 64 255 128
234.81355286 213.70773315 391.79501343 64 255 128
100.34272003 121.79476166 361.71932983 64 255 128
177.52787781 144.29675293 382.24206543 64 255 128
86.87562561 196.27665710 449.15936279 64 255 128
247.62899780 256.17999268 454.63497925 64 255 128
91.06563568 210.77792358 452.11721802 64 255 128
171.72265625 130.98399353 371.27960205 64 255 128
121.90183258 163.15066528 480.59890747 64 255 128
184.49046326 213.98446655 372.66900635 64 255 128
111.89199829 226.72100830 380.01699829 64 255 128
297.19711304 215.51542664 401.02929688 64 255 128
148.49600220 254.23300171 402.18200684 64 255 128
171.69052124 192.56909180 378.63043213 64 255 128
135.74902344 193.72889709 483.18148804 64 255 128
156.92999268 242.68400574 472.24200439 64 255 128
277.87548828 210.80664062 390.07617188 64 255 128
273.61129761 225.49652100 436.12561035 64 255 128
271.70233154 231.29112244 446.95388794 64 255 128
171.43098450 127.76768494 380.37670898 64 255 128
78.98917389 148.18032837 386.87243652 64 255 128
153.89143372 147.58111572 401.23947144 64 255 128
269.99246216 210.27131653 406.61041260 64 255 128
85.60951233 145.17762756 454.23464966 64 255 128
82.45957947 180.02690125 518.70013428 64 255 128
116.03369141 149.77055359 432.68640137 64 255 128
101.03400421 226.39199829 440.41601562 64 255 128
185.63517761 205.09625244 429.77197266 64 255 128
148.05427551 214.07260132 362.78363037 64 255 128
165.75401306 236.60551453 441.09411621 64 255 128
172.34385681 195.00923157 394.33666992 64 255 128
136.55938721 183.09971619 475.15066528 64 255 128
296.90426636 223.06695557 423.61273193 64 255 128
185.70100403 260.07199097 422.61801147 64 255 128
131.02708435 100.71704102 393.27496338 64 255 128
160.94000244 255.37600708 399.11401367 64 255 128
154.65800476 250.68699646 389.59802246 64 255 128
153.05224609 200.29736328 455.99966431 64 255 128
81.57790375 182.77143860 393.40634155 64 255 128
97.10863495 188.11270142 532.32666016 64 255 128
105.00000000 232.27499390 449.67300415 64 255 128
183.55299377 254.41300964 460.71801758 64 255 128
82.29043579 153.26789856 373.69424438 64 255 128
262.29425049 207.53446960 407.38720703 64 255 128
117.04699707 236.06399536 429.50100708 64 255 128
115.64697266 108.00419617 368.20214844 64 255 128
144.71229553 222.04150391 475.31594849 64 255 128
246.26100159 247.05200195 409.70001221 64 255 128
228.32641602 238.37786865 396.01327515 64 255 128
106.61212921 158.06262207 348.68099976 64 255 128
119.98174286 159.51754761 439.15307617 64 255 128
92.23839569 195.61563110 510.31112671 64 255 128
109.91100311 239.07099915 459.10800171 64 255 128
122.03219604 210.70321655 362.09329224 64 255 128
137.15460205 124.58692169 397.07867432 64 255 128
103.21978760 184.09341431 353.39672852 64 255 128
245.64648438 195.19427490 392.40646362 64 255 128
129.50399780 246.00199890 397.45397949 64 255 128
86.44487762 161.55352783 481.31851196 64 255 128
108.23134613 142.74055481 447.81707764 64 255 128
78.80876923 179.31866455 416.83743286 64 255 128
296.30169678 224.53848267 405.59710693 64 255 128
145.70922852 190.26943970 435.44250488 64 255 128
134.87791443 211.75288391 358.20385742 64 255 128
257.65127563 226.24298096 399.11968994 64 255 128
181.30532837 202.51661682 421.23855591 64 255 128
120.62297821 158.47108459 492.79965210 64 255 128
117.32180786 132.21315002 349.81268311 64 255 128
154.14686584 175.74490356 434.89178467 64 255 128
109.85237885 150.64756775 507.23822021 64 255 128
158.47654724 134.36991882 353.40350342 64 255 128
250.51364136 241.58605957 405.77124023 64 255 128
134.31106567 233.71971130 483.86053467 64 255 128
95.53700256 214.59400940 407.21398926 64 255 128
165.54400635 248.08999634 386.57998657 64 255 128
113.55841827 119.66078186 357.32287598 64 255 128
88.79032898 158.22534180 508.22836304 64 255 128
198.04112244 182.54490662 394.41473389 64 255 128
193.61199951 234.53199768 383.58499146 64 255 128
131.03392029 128.84754944 403.08892822 64 255 128
155.33618164 198.00160217 437.35937500 64 255 128
266.52615356 223.39712524 397.15145874 64 255 128
90.94993591 188.01150513 368.90432739 64 255 128
96.91402435 200.33152771 509.99182129 64 255 128
84.09652710 182.39337158 383.06231689 64 255 128
140.38999939 243.21598816 384.19198608 64 255 128
227.34037781 225.94468689 392.35247803 64 255 128
179.08383179 218.94984436 373.52877808 64 255 128
85.20266724 203.05743408 427.48370361 64 255 128
180.21974182 156.05999756 388.40313721 64 255 128
273.97821045 238.86956787 439.67590332 64 255 128
95.41260529 160.15863037 356.11526489 64 255 128
210.94099426 242.43000793 453.47198486 64 255 128
208.15199280 259.41000366 460.11999512 64 255 128
289.84848022 211.26234436 389.64584351 64 255 128
138.86479187 147.65652466 408.73529053 64 255 128
97.74700165 213.58500671 396.16201782 64 255 128
227.12500000 256.12802124 425.92599487 64 255 128
138.90699768 238.47299194 379.81701660 64 255 128
134.08599854 229.41300964 372.57598877 64 255 128
154.68017578 228.67242432 466.74392700 64 255 128
91.55275726 168.38697815 360.80480957 64 255 128
208.85398865 224.88063049 435.00112915 64 255 128
192.51620483 199.53752136 382.62005615 64 255 128
80.42151642 139.61460876 419.32455444 64 255 128
154.69471741 183.93902588 449.82015991 64 255 128
96.27825165 116.36846161 372.83026123 64 255 128
122.91649628 218.17749023 475.44421387 64 255 128
129.98062134 165.22308350 342.29284668 64 255 128
263.27346802 213.58749390 418.24462891 64 255 128
245.41421509 207.49481201 421.54669189 64 255 128
261.72009277 247.15711975 437.90985107 64 255 128
151.82536316 199.78097534 354.73443604 64 255 128
156.67100525 258.05899048 411.48901367 64 255 128
257.35540771 206.58332825 412.01138306 64 255 128
133.79554749 204.15644836 475.72167969 64 255 128
97.66254425 157.45512390 521.07922363 64 255 128
147.14785767 167.11889648 429.01110840 64 255 128
160.80516052 180.00535583 425.09158325 64 255 128
194.77200317 244.11700439 451.90100098 64 255 128
81.67155457 186.66642761 455.82034302 64 255 128
152.98100281 257.49798584 420.64602661 64 255 128
87.72386932 159.87693787 500.08023071 64 255 128
249.61636353 201.56985474 405.10476685 64 255 128
161.45100403 256.39099121 423.22998047 64 255 128
140.71081543 121.95175171 353.97674561 64 255 128
81.08865356 171.60237122 384.30090332 64 255 128
95.49171448 138.75704956 457.97299194 64 255 128
118.80860138 153.72021484 488.83303833 64 255 128
95.67499542 219.86100769 429.31500244 64 255 128
209.34071350 196.43893433 399.72091675 64 255 128
109.39059448 208.57008362 492.37002563 64 255 128
140.51599121 218.17300415 365.33801270 64 255 128
117.27231598 160.30824280 506.28567505 64 255 128
128.71475220 143.16229248 345.88995361 64 255 128
220.42164612 204.71185303 412.79116821 64 255 128
136.50494385 125.98480225 350.98001099 64 255 128
110.72418976 151.49288940 459.18338013 64 255 128
96.48967743 218.09472656 462.64041138 64 255 128
134.98690796 163.32949829 428.44363403 64 255 128
137.16099548 246.48899841 482.17800903 64 255 128
166.18646240 127.09787750 366.13262939 64 255 128
143.35301208 107.84678650 394.85626221 64 255 128
182.67382812 231.25170898 447.20977783 64 255 128
221.75186157 236.67988586 448.28601074 64 255 128
136.86462402 115.80014038 357.38778687 64 255 128
87.03914642 141.98835754 448.86437988 64 255 128
147.41400146 244.90499878 385.88101196 64 255 128
177.71899414 259.72900391 437.79699707 64 255 128
83.98662567 184.66593933 534.27282715 64 255 128
92.44340515 204.58468628 389.17736816 64 255 128
216.72500610 250.42501831 460.53201294 64 255 128
178.50100708 169.25343323 382.03002930 64 255 128
219.68652344 201.59707642 399.71353149 64 255 128
91.07309723 171.79396057 533.50891113 64 255 128
243.24700928 253.32901001 436.80398560 64 255 128
98.82664490 199.67906189 532.02789307 64 255 128
173.24018860 146.44886780 388.18423462 64 255 128
159.67369080 157.82675171 409.41616821 64 255 128
196.11100769 193.77043152 407.54751587 64 255 128
96.69223022 201.55793762 478.88143921 64 255 128
208.60099792 261.73699951 437.27801514 64 255 128
142.54600525 251.13002014 398.98199463 64 255 128
133.54374695 102.51036835 398.80111694 64 255 128
79.76691437 138.78404236 394.38171387 64 255 128
163.10847473 224.68392944 451.73834229 64 255 128
151.63381958 235.28639221 472.59695435 64 255 128
165.08700562 257.78201294 403.97900391 64 255 128
137.70100403 247.51399231 471.46600342 64 255 128
111.30520630 187.60418701 519.92022705 64 255 128
301.78713989 222.85012817 412.11770630 64 255 128
78.78708649 170.73332214 394.23059082 64 255 128
87.28108215 127.12408447 408.77667236 64 255 128
126.19596863 127.25187683 407.02346802 64 255 128
249.18901062 249.39808655 460.82254028 64 255 128
191.89320374 200.37406921 418.63806152 64 255 128
120.20511627 207.90190125 481.26727295 64 255 128
135.07719421 179.48703003 470.22769165 64 255 128
91.44940186 198.80999756 521.93621826 64 255 128
166.49299622 224.96701050 372.89300537 64 255 128
220.51699829 255.84501648 412.44699097 64 255 128
131.54373169 136.37927246 347.26568604 64 255 128
118.80899811 240.29100037 472.25601196 64 255 128
111.63816071 145.90130615 483.99224854 64 255 128
240.75173950 238.96691895 400.97650146 64 255 128
113.17649841 113.49448395 424.70648193 64 255 128
144.18399048 144.95469666 402.94458008 64 255 128
113.00366211 102.78054810 391.71057129 64 255 128
191.88598633 261.87500000 454.56600952 64 255 128
288.98883057 218.50361633 410.93582153 64 255 128
103.82734680 195.61320496 358.48327637 64 255 128
179.60099792 206.65501404 368.92117310 64 255 128
130.26200867 246.70100403 422.72299194 64 255 128
164.38670349 203.82472229 359.31713867 64 255 128
146.88047791 161.99783325 420.71102905 64 255 128
234.32325745 196.89540100 397.82400513 64 255 128
233.86799622 254.30101013 426.34201050 64 255 128
209.05200195 226.73812866 388.08172607 64 255 128
157.95999146 165.73985291 418.38507080 64 255 128
85.07330322 128.27857971 387.33932495 64 255 128
85.03918457 191.70716858 526.24407959 64 255 128
134.83999634 247.49700928 428.85501099 64 255 128
74.42027283 159.75776672 426.23501587 64 255 128
228.25399780 251.62300110 461.48800659 64 255 128
155.93778992 178.19593811 350.85809326 64 255 128
86.15692902 176.55035400 495.31481934 64 255 128
166.35797119 120.63297272 376.71264648 64 255 128
100.13513184 146.92514038 485.88964844 64 255 128
123.43527985 138.63502502 414.94741821 64 255 128
156.14160156 205.67245483 427.32800293 64 255 128
83.27954865 192.52119446 434.90826416 64 255 128
193.23899841 244.16999817 388.13201904 64 255 128
134.64033508 173.09414673 343.85830688 64 255 128
119.64876556 103.50382996 400.96365356 64 255 128
104.40800476 226.87800598 419.07098389 64 255 128
103.94651031 211.74580383 479.48138428 64 255 128
183.48551941 160.44030762 382.98529053 64 255 128
103.80201721 228.89149475 471.71426392 64 255 128
163.28582764 188.27207947 355.86053467 64 255 128
276.34332275 240.67259216 451.72573853 64 255 128
149.52400208 253.90699768 444.59201050 64 255 128
109.58300018 235.21800232 439.61901855 64 255 128
164.89006042 147.13990784 352.72085571 64 255 128
158.09127808 140.23371887 351.28988647 64 255 128
216.11531067 232.71893311 390.81076050 64 255 128
130.27900696 249.46699524 452.99899292 64 255 128
126.79000092 247.48199463 463.07998657 64 255 128
237.14999390 256.78500366 457.96902466 64 255 128
161.29022217 198.76971436 434.30941772 64 255 128
97.82461548 205.03585815 520.60510254 64 255 128
141.52360535 106.54300690 368.55773926 64 255 128
130.45423889 174.70080566 460.15930176 64 255 128
246.94931030 229.47650146 396.97268677 64 255 128
185.09016418 170.47042847 373.11117554 64 255 128
116.62490845 159.35125732 470.25427246 64 255 128
108.85571289 135.69573975 442.71856689 64 255 128
140.36102295 195.22904968 348.78030396 64 255 128
205.98645020 208.52803040 384.74365234 64 255 128
278.36975098 220.07998657 422.22222900 64 255 128
160.32138062 115.85705566 371.95809937 64 255 128
103.20408630 111.32128906 407.83477783 64 255 128
185.33592224 207.29129028 373.92742920 64 255 128
172.70481873 216.22033691 369.84631348 64 255 128
218.28492737 230.73301697 440.10748291 64 255 128
165.32637024 173.21896362 410.72232056 64 255 128
152.61572266 159.24302673 346.94531250 64 255 128
150.24900818 205.07334900 459.65985107 64 255 128
179.74099731 243.55299377 453.55401611 64 255 128
174.47406006 233.79986572 428.82443237 64 255 128
97.36509705 173.96040344 529.86944580 64 255 128
290.46737671 212.21192932 397.87890625 64 255 128
169.12025452 141.30241394 358.67422485 64 255 128
88.02044678 126.77787018 372.47827148 64 255 128
131.80300903 244.85499573 389.39898682 64 255 128
104.11682892 204.98701477 487.17550659 64 255 128
108.58941650 139.60112000 350.56347656 64 255 128
241.86874390 217.99046326 394.18838501 64 255 128
122.37693024 224.05805969 479.59384155 64 255 128
165.41041565 222.80339050 434.08551025 64 255 128
116.17147064 176.03321838 512.86810303 64 255 128
277.54837036 236.00070190 423.44589233 64 255 128
78.49777222 144.49346924 391.77401733 64 255 128
123.88761902 130.43167114 349.42971802 64 255 128
181.11820984 222.72988892 438.05661011 64 255 128
251.96031189 219.72006226 434.59832764 64 255 128
89.79502869 136.28041077 364.20297241 64 255 128
94.15838623 150.57659912 480.55331421 64 255 128
177.17575073 151.02542114 362.91226196 64 255 128
99.95882416 111.33626556 384.48187256 64 255 128
88.31886292 149.59254456 467.28552246 64 255 128
78.82935333 181.04750061 432.87173462 64 255 128
210.53572083 210.75859070 421.05249023 64 255 128
169.69483948 163.90519714 356.56277466 64 255 128
256.19027710 246.12721252 415.52474976 64 255 128
189.76499939 257.43099976 410.01098633 64 255 128
215.42878723 224.84359741 434.89373779 64 255 128
85.43070984 127.23252106 401.75024414 64 255 128
242.67199707 255.68101501 445.62701416 64 255 128
79.82655334 162.28141785 381.96444702 64 255 128
265.33087158 243.85743713 457.99145508 64 255 128
165.65982056 161.17797852 407.81518555 64 255 128
162.38253784 116.60382080 383.60305786 64 255 128
120.36990356 170.55885315 505.34100342 64 255 128
119.15799713 244.94200134 459.70098877 64 255 128
91.60649872 126.12535095 419.14019775 64 255 128
105.50569916 169.37394714 522.09588623 64 255 128
170.80728149 187.05918884 376.20812988 64 255 128
210.31700134 261.64099121 442.98498535 64 255 128
103.25095367 203.99687195 501.61798096 64 255 128
264.05471802 245.79214478 443.02746582 64 255 128
287.83377075 226.53036499 432.00619507 64 255 128
118.86315155 154.31439209 482.74896240 64 255 128
164.00054932 132.26054382 358.46102905 64 255 128
175.05200195 258.15600586 424.60198975 64 255 128
228.52633667 220.50398254 433.74942017 64 255 128
127.93500519 245.76699829 443.23599243 64 255 128
118.21699524 238.48399353 410.25701904 64 255 128
165.76443481 229.40748596 423.91973877 64 255 128
119.90022278 204.28826904 512.84356689 64 255 128
141.97300720 252.62498474 448.56597900 64 255 128
236.37300110 257.02200317 447.23999023 64 255 128
119.41877747 107.58462524 414.41510010 64 255 128
219.67379761 219.04637146 390.43603516 64 255 128
221.76382446 242.19795227 455.39282227 64 255 128
112.96294403 125.88179016 431.94329834 64 255 128
202.78462219 186.03775024 394.82983398 64 255 128
146.46649170 201.65946960 440.76348877 64 255 128
129.65463257 160.97274780 429.26831055 64 255 128
206.15866089 220.26321411 430.85327148 64 255 128
118.20977783 209.90763855 499.93377686 64 255 128
177.78900146 250.96499634 457.69598389 64 255 128
152.93748474 187.05249023 454.59927368 64 255 128
80.37539673 170.15803528 472.23266602 64 255 128
117.80908966 184.76968384 512.71459961 64 255 128
115.41511536 197.52917480 518.17871094 64 255 128
108.99917603 146.76779175 495.47808838 64 255 128
94.17100525 216.34899902 420.03500366 64 255 128
121.71099854 237.91099548 387.62301636 64 255 128
197.85301208 224.68687439 382.80386353 64 255 128
142.60800171 239.33100891 484.82498169 64 255 128
150.38800049 241.64900208 381.58200073 64 255 128
267.70526123 222.90487671 432.85961914 64 255 128
250.90515137 194.51223755 383.62329102 64 255 128
121.60520935 164.32269287 497.39047241 64 255 128
112.96395874 107.72966003 412.68630981 64 255 128
210.49041748 201.71406555 411.29498291 64 255 128
105.74900055 211.59799194 374.84899902 64 255 128
163.72793579 233.18127441 430.04937744 64 255 128
173.25498962 257.62701416 402.09399414 64 255 128
79.14536285 182.73632812 449.23724365 64 255 128
277.57995605 216.58483887 412.62326050 64 255 128
129.42700195 226.18099976 371.01501465 64 255 128
85.08158875 167.59196472 500.93905640 64 255 128
117.98983765 128.43460083 418.33309937 64 255 128
145.45899963 184.91804504 349.04998779 64 255 128
273.46411133 220.98632812 396.27450562 64 255 128
122.19200134 241.13800049 415.58200073 64 255 128
169.88473511 217.02375793 417.97329712 64 255 128
156.80200195 255.22300720 440.42001343 64 255 128
160.94558716 198.29333496 357.90835571 64 255 128
115.32337952 214.82400513 511.48361206 64 255 128
270.02270508 233.40957642 405.61608887 64 255 128
210.99301147 252.20001221 399.12799072 64 255 128
158.25498962 244.06799316 458.25897217 64 255 128
175.07031250 206.87818909 433.49807739 64 255 128
207.40895081 214.25971985 427.05166626 64 255 128
202.42134094 210.14169312 427.21295166 64 255 128
271.57980347 205.15699768 396.93624878 64 255 128
176.54942322 198.20410156 408.39199829 64 255 128
181.15876770 150.49542236 375.75347900 64 255 128
83.89764404 185.83239746 471.59371948 64 255 128
264.93807983 243.77194214 421.98696899 64 255 128
125.83976746 118.36631775 355.80554199 64 255 128
208.99343872 220.67535400 387.69979858 64 255 128
168.48225403 162.58212280 402.98379517 64 255 128
196.08140564 205.96829224 379.27819824 64 255 128
84.11037445 137.81230164 427.13272095 64 255 128
97.80731964 172.27522278 355.35501099 64 255 128
183.19871521 163.93214417 373.36386108 64 255 128
198.45600891 262.83300781 442.52899170 64 255 128
224.99099731 248.96299744 401.63400269 64 255 128
159.06498718 244.48699951 464.88299561 64 255 128
168.72634888 240.37217712 437.35119629 64 255 128
74.79692078 165.04663086 421.64050293 64 255 128
140.81675720 101.25218964 387.83856201 64 255 128
206.98199463 259.09399414 419.95999146 64 255 128
258.77697754 249.06779480 427.56079102 64 255 128
192.60546875 196.20060730 394.55117798 64 255 128
277.40618896 232.30191040 446.96737671 64 255 128
183.63200378 260.76800537 435.64999390 64 255 128
93.93903351 193.89546204 489.73934937 64 255 128
142.63302612 209.25436401 357.85986328 64 255 128
92.01602936 154.90162659 490.93185425 64 255 128
110.65126801 177.57250977 519.48419189 64 255 128
122.99045563 129.12062073 411.61730957 64 255 128
176.63235474 139.47430420 379.15042114 64 255 128
201.80799866 262.18301392 449.06802368 64 255 128
118.20999908 228.96200562 377.13598633 64 255 128
158.84553528 125.19830322 390.52676392 64 255 128
104.07400513 232.64900208 465.22097778 64 255 128
169.66445923 188.94807434 388.54064941 64 255 128
90.19863892 176.97154236 364.39328003 64 255 128
195.65855408 192.10984802 400.55123901 64 255 128
164.71418762 146.68273926 395.98501587 64 255 128
135.29168701 217.23834229 471.29608154 64 255 128
77.17776489 171.82588196 451.93423462 64 255 128
75.13389587 156.01332092 433.45483398 64 255 128
138.27854919 199.69540405 352.37268066 64 255 128
207.22525024 202.13922119 386.35101318 64 255 128
106.99497986 152.47674561 349.36526489 64 255 128
142.02400208 252.11199951 456.94598389 64 255 128
87.45069885 204.37132263 407.37734985 64 255 128
175.26484680 239.52119446 451.06472778 64 255 128
113.12886047 201.03054810 355.76583862 64 255 128
89.08143616 209.06977844 441.39010620 64 255 128
201.56384277 190.24044800 384.89477539 64 255 128
82.86301422 192.64048767 406.40585327 64 255 128
78.76215363 139.12225342 409.77099609 64 255 128
254.49652100 237.64230347 402.76757812 64 255 128
180.80052185 201.43229675 377.61264038 64 255 128
224.59809875 214.21859741 389.62057495 64 255 128
110.73487091 190.60702515 352.01116943 64 255 128
95.90424347 142.34071350 465.74664307 64 255 128
250.26100159 255.19401550 459.60101318 64 255 128
127.63037109 104.23961639 405.94204712 64 255 128
82.17579651 190.93989563 429.24414062 64 255 128
148.43840027 132.02821350 350.92938232 64 255 128
239.43162537 217.38548279 429.95101929 64 255 128
104.90453339 178.84906006 350.65673828 64 255 128
188.91975403 216.33018494 375.03945923 64 255 128
98.95718384 163.52580261 525.07391357 64 255 128
171.48890686 226.40319824 431.66232300 64 255 128
93.13332367 203.25433350 383.40878296 64 255 128
261.70294189 238.58453369 408.11410522 64 255 128
160.78765869 173.09495544 352.17062378 64 255 128
243.30418396 202.79968262 415.89120483 64 255 128
272.89566040 218.42390442 419.13803101 64 255 128
226.79765320 200.82093811 403.85006714 64 255 128
211.48901367 260.74401855 453.06500244 64 255 128
87.60353088 123.96623993 395.34420776 64 255 128
120.09000397 221.87800598 370.94198608 64 255 128
103.21493530 120.31990051 432.98284912 64 255 128
83.81344604 183.65032959 513.68975830 64 255 128
182.78401184 239.20799255 381.27099609 64 255 128
211.44400024 245.15699768 393.43701172 64 255 128
108.07720947 194.79858398 525.85736084 64 255 128
240.25799561 249.32398987 409.93099976 64 255 128
140.05857849 161.09861755 344.40924072 64 255 128
201.52699280 261.31500244 457.70401001 64 255 128
280.79559326 235.96212769 443.49990845 64 255 128
197.58300781 261.73202515 429.15100098 64 255 128
177.28907776 165.99876404 393.69799805 64 255 128
140.22000122 253.28999329 421.37301636 64 255 128
216.91600037 260.17401123 442.78799438 64 255 128
243.08808899 241.68467712 455.92822266 64 255 128
168.71704102 172.92262268 355.74682617 64 255 128
137.08070374 192.98013306 477.87225342 64 255 128
115.59514618 153.98277283 471.70370483 64 255 128
238.63198853 254.20498657 463.03701782 64 255 128
171.26866150 175.55322266 382.63107300 64 255 128
117.34482574 122.52136230 424.30249023 64 255 128
139.11401367 249.62699890 437.32800293 64 255 128
248.26388550 214.58776855 393.40380859 64 255 128
101.21153259 125.96791840 444.36871338 64 255 128
148.27612305 184.84927368 458.56701660 64 255 128
85.52484131 187.32403564 381.79156494 64 255 128
100.32959747 184.17575073 529.85223389 64 255 128
84.54332733 182.49925232 482.11318970 64 255 128
97.69301605 211.32366943 471.63809204 64 255 128
84.95103455 178.69195557 503.70269775 64 255 128
107.45379639 155.81015015 515.33581543 64 255 128
106.11299896 226.85800171 406.94299316 64 255 128
180.01499939 258.29299927 417.85299683 64 255 128
147.47557068 130.06794739 394.68087769 64 255 128
78.04953766 165.75715637 397.89688110 64 255 128
189.45350647 203.40444946 374.23370361 64 255 128
251.44052124 238.63459778 455.08801270 64 255 128
129.68989563 204.63235474 353.94989014 64 255 128
197.22837830 187.38528442 390.35012817 64 255 128
199.51861572 239.90759277 450.71023560 64 255 128
105.74108124 139.07832336 458.06802368 64 255 128
197.54934692 220.89561462 433.50320435 64 255 128
86.42122650 158.34216309 476.70236206 64 255 128
156.41200256 219.34700012 367.87997437 64 255 128
291.30752563 223.15536499 423.68630981 64 255 128
133.08059692 154.97157288 419.09002686 64 255 128
79.59843445 182.45834351 421.68692017 64 255 128
91.00256348 191.60939026 535.81610107 64 255 128
149.74899292 253.86500549 432.46798706 64 255 128
255.99398804 251.68240356 448.04959106 64 255 128
110.60475922 147.03822327 348.72607422 64 255 128
172.77600098 258.61499023 411.86401367 64 255 128
119.41533661 207.42436218 495.12667847 64 255 128
100.24041748 149.79541016 352.98425293 64 255 128
75.79533386 155.92895508 404.90109253 64 255 128
106.33152008 116.69437408 362.58728027 64 255 128
137.16807556 136.00816345 347.33831787 64 255 128
204.94415283 230.64062500 441.11187744 64 255 128
260.09796143 215.05468750 393.48641968 64 255 128
98.54183197 132.30545044 357.49331665 64 255 128
143.59179688 103.01113129 378.37234497 64 255 128
112.50270081 135.03068542 426.74221802 64 255 128
247.91200256 255.32800293 448.87500000 64 255 128
171.48004150 168.93663025 399.50729370 64 255 128
124.04800415 233.46499634 379.32199097 64 255 128
123.15797424 118.73014069 413.91964722 64 255 128
89.79835510 196.39147949 469.76800537 64 255 128
139.27618408 136.34727478 400.66394043 64 255 128
230.56443787 200.47319031 409.81973267 64 255 128
88.32300568 195.40940857 381.06442261 64 255 128
225.40270996 226.87585449 438.70944214 64 255 128
81.93342590 156.86692810 465.92022705 64 255 128
155.71823120 116.44437408 365.66384888 64 255 128
250.52699280 251.41799927 420.63998413 64 255 128
115.59400177 236.09899902 399.39001465 64 255 128
75.88645935 172.77705383 425.77114868 64 255 128
78.47620392 141.71415710 399.18041992 64 255 128
217.26557922 208.14349365 416.05450439 64 255 128
138.52687073 201.58071899 428.66665649 64 255 128
209.63299561 255.17498779 403.91702271 64 255 128
137.66653442 185.65782166 346.61709595 64 255 128
147.06474304 148.37846375 347.41256714 64 255 128
149.46794128 153.77743530 409.15954590 64 255 128
218.30299377 259.63400269 451.43099976 64 255 128
218.27499390 255.26899719 407.31497192 64 255 128
168.06599426 257.14199829 430.51901245 64 255 128
272.87838745 208.20635986 402.28521729 64 255 128
136.63143921 171.15356445 439.46661377 64 255 128
98.34300232 213.39898682 390.66699219 64 255 128
116.72439575 184.09562683 345.98541260 64 255 128
166.27217102 152.30776978 400.02615356 64 255 128
287.43566895 232.66908264 422.12271118 64 255 128
114.85723877 218.45024109 485.06588745 64 255 128
185.43699646 260.64398193 456.04898071 64 255 128
104.08277130 145.84002686 492.17590332 64 255 128
115.93101501 210.87393188 518.51281738 64 255 128
232.56100464 256.97698975 441.90899658 64 255 128
181.18554688 200.82011414 386.78994751 64 255 128
112.90419769 124.64549255 354.09359741 64 255 128
158.19134521 122.50876617 361.58059692 64 255 128
157.59802246 157.82514954 348.96157837 64 255 128
191.55924988 203.99072266 431.06530762 64 255 128
144.44099426 251.59400940 434.09298706 64 255 128
154.47792053 216.00270081 450.61795044 64 255 128
122.63436890 208.49832153 476.69668579 64 255 128
198.11431885 187.30577087 405.29306030 64 255 128
151.09799194 248.00999451 457.52700806 64 255 128
251.41647339 251.48350525 439.78314209 64 255 128
85.76800537 184.06265259 507.56198120 64 255 128
109.11602783 106.58573914 406.62033081 64 255 128
269.94009399 242.79339600 426.04132080 64 255 128
82.61071014 173.10104370 516.87683105 64 255 128
169.65100098 257.98300171 440.17300415 64 255 128
173.64530945 132.64976501 381.46566772 64 255 128
113.10686493 224.20843506 482.33105469 64 255 128
150.17703247 106.11823273 384.80136108 64 255 128
171.83772278 209.79676819 366.23184204 64 255 128
87.67881775 146.09243774 459.15411377 64 255 128
182.62973022 199.70532227 400.45803833 64 255 128
222.61199951 258.41598511 437.83798218 64 255 128
192.31900024 252.51000977 398.27099609 64 255 128
229.06399536 204.51043701 386.37979126 64 255 128
89.32170105 201.77830505 391.35919189 64 255 128
77.51396179 155.20558167 391.29895020 64 255 128
172.35037231 226.09889221 443.93389893 64 255 128
141.11370850 128.16368103 396.82882690 64 255 128
234.83343506 232.77590942 397.10336304 64 255 128
201.37512207 213.31632996 383.05099487 64 255 128
82.02786255 133.00038147 392.79968262 64 255 128
165.72499084 219.61599731 370.38400269 64 255 128
102.17109680 206.62995911 481.89819336 64 255 128
204.98768616 196.58332825 388.18258667 64 255 128
195.98092651 196.95437622 417.34555054 64 255 128
231.50399780 251.06001282 407.07598877 64 255 128
139.36900330 249.98800659 463.43698120 64 255 128
253.72010803 228.52725220 445.28109741 64 255 128
178.53289795 169.45448303 363.62506104 64 255 128
152.62800598 252.38900757 452.56298828 64 255 128
160.58259583 183.89994812 354.01052856 64 255 128
84.66153717 198.14721680 436.26876831 64 255 128
151.45787048 108.95287323 372.46917725 64 255 128
203.75000000 235.53199768 387.98400879 64 255 128
177.95986938 163.48382568 363.50686646 64 255 128
163.21900940 246.41899109 452.27102661 64 255 128
102.53799438 228.60301208 455.53900146 64 255 128
158.07586670 145.06707764 397.36154175 64 255 128
93.71835327 216.20304871 441.57360840 64 255 128
78.17380524 168.18635559 462.19390869 64 255 128
123.14319611 179.01052856 344.86904907 64 255 128
212.05284119 201.20901489 391.08993530 64 255 128
114.26937103 115.37310028 360.50183105 64 255 128
151.35478210 223.83192444 469.24774170 64 255 128
188.47387695 227.63545227 378.88244629 64 255 128
137.93951416 205.74911499 433.70584106 64 255 128
161.96232605 192.07116699 438.05215454 64 255 128
119.61854553 142.40736389 420.76916504 64 255 128
97.75770569 154.27078247 515.11956787 64 255 128
88.95313263 121.56576538 379.79257202 64 255 128
188.72200012 259.73699951 418.15100098 64 255 128
201.54299927 259.77099609 419.68399048 64 255 128
120.79399872 239.21099854 392.78298950 64 255 128
89.49466705 137.24374390 445.08508301 64 255 128
226.91151428 234.51214600 448.23516846 64 255 128
191.70310974 227.44026184 441.12088013 64 255 128
93.90000153 214.18499756 413.12701416 64 255 128
98.21417999 184.73611450 357.57336426 64 255 128
159.34400940 250.62701416 453.98901367 64 255 128
159.89422607 215.54861450 442.31182861 64 255 128
107.67337036 140.81549072 453.31552124 64 255 128
88.45993805 161.87014771 490.86801147 64 255 128
146.01463318 216.45433044 469.50662231 64 255 128
164.53637695 127.20928955 388.72085571 64 255 128
150.50506592 165.94403076 347.67242432 64 255 128
84.46050262 131.42639160 412.55557251 64 255 128
106.41320038 212.53446960 518.58752441 64 255 128
124.87870026 166.87089539 486.84161377 64 255 128
116.25344086 150.12785339 485.74270630 64 255 128
208.00137329 205.68898010 418.25192261 64 255 128
92.10459900 119.23886108 398.78375244 64 255 128
238.00399780 253.49598694 423.01602173 64 255 128
111.51000214 232.36801147 399.06799316 64 255 128
165.82031250 231.12873840 437.53222656 64 255 128
160.88264465 185.25607300 432.52325439 64 255 128
261.65060425 249.86579895 452.26596069 64 255 128
296.89355469 227.13600159 420.07568359 64 255 128
118.52270508 154.02612305 494.91839600 64 255 128
139.88212585 152.12663269 412.31604004 64 255 128
188.68499756 234.72698975 381.44299316 64 255 128
168.93008423 203.77690125 429.64602661 64 255 128
79.01316833 156.35420227 455.92330933 64 255 128
123.35456848 168.28114319 453.43234253 64 255 128
158.91668701 168.20933533 351.22521973 64 255 128
83.69027710 173.03030396 506.97427368 64 255 128
127.41099548 242.15499878 434.98297119 64 255 128
148.88301086 124.49884796 390.83953857 64 255 128
94.26199341 211.27299500 402.90399170 64 255 128
90.11991119 164.72773743 526.63757324 64 255 128
103.63144684 178.60690308 525.62298584 64 255 128
157.15621948 200.11940002 444.11059570 64 255 128
234.42167664 234.88955688 451.52102661 64 255 128
121.40345001 142.93406677 345.81109619 64 255 128
93.79174805 120.36243439 405.10565186 64 255 128
144.29406738 204.83190918 353.77255249 64 255 128
238.64599609 246.68299866 405.60598755 64 255 128
126.78727722 169.35453796 343.10397339 64 255 128
127.01499176 242.63400269 424.88699341 64 255 128
107.83499908 145.07655334 487.61117554 64 255 128
270.10046387 238.86929321 455.24139404 64 255 128
148.41896057 138.35842896 348.45101929 64 255 128
276.98800659 236.20928955 430.86941528 64 255 128
109.89778137 134.62263489 351.58529663 64 255 128
111.90573883 154.19615173 450.08377075 64 255 128
93.61161041 201.82182312 377.74884033 64 255 128
203.34100342 253.59300232 460.64199829 64 255 128
200.01016235 197.63198853 378.10040283 64 255 128
171.93437195 179.02215576 375.64337158 64 255 128
130.00369263 215.10499573 470.27243042 64 255 128
196.30772400 225.62828064 438.93750000 64 255 128
101.20025635 201.28149414 491.62503052 64 255 128
112.37799835 238.20100403 469.57998657 64 255 128
139.25605774 144.25712585 346.39346313 64 255 128
82.24445343 177.47152710 384.35415649 64 255 128
130.87159729 175.56919861 487.80123901 64 255 128
174.72499084 246.83900452 387.70498657 64 255 128
114.44489288 163.01580811 511.66009521 64 255 128
150.32347107 180.14495850 449.09426880 64 255 128
164.01321411 220.74476624 440.91619873 64 255 128
81.91469574 142.08549500 432.52893066 64 255 128
86.56774902 198.47962952 444.90139771 64 255 128
230.94200134 242.56100464 399.21200562 64 255 128
129.11500549 241.79800415 483.89498901 64 255 128
78.40791321 175.30033875 409.61178589 64 255 128
101.25164795 116.61013794 421.25265503 64 255 128
200.40415955 204.58425903 426.13772583 64 255 128
75.78392029 148.36592102 415.83135986 64 255 128
235.99346924 224.32920837 437.92855835 64 255 128
157.83297729 181.18777466 439.41168213 64 255 128
77.34421539 165.11936951 458.03591919 64 255 128
88.69269562 155.12983704 363.34207153 64 255 128
201.27398682 256.52700806 408.04202271 64 255 128
102.35299683 227.72200012 434.58798218 64 255 128
145.21800232 230.41400146 372.71499634 64 255 128
194.96353149 211.18009949 379.31811523 64 255 128
176.23861694 178.98925781 363.36035156 64 255 128
144.39273071 185.94058228 464.30688477 64 255 128
90.30215454 207.01510620 455.59082031 64 255 128
148.63999939 247.60200500 463.26898193 64 255 128
105.02545166 112.01248932 369.55392456 64 255 128
168.41632080 176.43147278 392.76437378 64 255 128
115.42538452 152.53448486 502.13903809 64 255 128
128.69732666 164.08450317 434.99819946 64 255 128
195.46665955 234.62707520 446.03823853 64 255 128
160.08900452 246.15100098 385.37500000 64 255 128
156.12109375 111.55484009 375.03979492 64 255 128
82.04331970 134.87655640 383.69354248 64 255 128
140.22129822 203.98977661 472.35403442 64 255 128
278.84323120 226.91645813 437.73538208 64 255 128
155.18626404 196.84329224 429.07647705 64 255 128
153.19142151 123.88673401 356.75177002 64 255 128
170.40388489 202.06555176 362.07254028 64 255 128
247.46028137 199.67047119 399.91857910 64 255 128
161.97499084 258.37600708 408.63800049 64 255 128
105.80459595 202.09407043 527.20416260 64 255 128
88.25699615 161.48835754 365.12197876 64 255 128
87.95235443 146.51673889 364.11779785 64 255 128
199.00900269 254.58898926 402.46002197 64 255 128
155.72999573 254.93400574 432.28701782 64 255 128
175.89544678 138.91601562 371.52438354 64 255 128
262.75585938 218.29896545 427.32061768 64 255 128
272.20394897 209.75988770 390.37582397 64 255 128
126.75392914 169.97348022 490.63192749 64 255 128
89.44369507 209.91329956 429.70693970 64 255 128
159.77400208 238.61000061 449.52099609 64 255 128
173.45075989 197.42674255 413.87057495 64 255 128
153.55726624 203.99969482 448.37783813 64 255 128
266.45809937 203.52322388 396.25537109 64 255 128
168.84960938 191.73370361 408.53649902 64 255 128
226.01998901 258.61801147 449.55798340 64 255 128
233.11474609 194.04788208 388.16159058 64 255 128
149.10630798 146.74032593 402.56997681 64 255 128
134.88499451 216.27398682 363.72302246 64 255 128
139.44760132 197.55973816 431.79598999 64 255 128
113.20757294 103.48132324 396.92993164 64 255 128
259.56130981 200.14413452 391.29882812 64 255 128
144.17298889 247.53799438 481.45300293 64 255 128
129.57672119 208.34024048 471.20761108 64 255 128
129.59240723 150.07167053 416.51361084 64 255 128
217.25073242 207.02024841 387.01742554 64 255 128
162.47270203 126.11968994 362.60211182 64 255 128
278.04641724 224.82794189 432.05776978 64 255 128
93.03937531 117.76143646 376.68811035 64 255 128
143.38642883 234.78366089 479.65072632 64 255 128
120.28900146 244.99900818 451.38601685 64 255 128
117.96104431 101.78849030 380.77560425 64 255 128
109.92360687 150.91044617 454.11270142 64 255 128
95.39739990 195.05256653 500.01007080 64 255 128
178.60041809 201.81660461 367.72180176 64 255 128
105.19647217 108.98018646 403.52093506 64 255 128
159.47674561 223.66918945 456.54870605 64 255 128
94.16868591 205.66661072 464.54214478 64 255 128
212.44606018 215.61016846 427.97808838 64 255 128
120.24600220 239.76899719 436.41098022 64 255 128
110.95407867 111.44992065 419.13616943 64 255 128
176.84799194 224.35600281 376.04299927 64 255 128
81.95537567 144.59660339 443.15289307 64 255 128
119.55261993 100.99742889 390.15731812 64 255 128
176.84815979 143.94961548 369.88372803 64 255 128
112.74099731 239.46200562 448.02001953 64 255 128
131.24237061 173.79658508 453.88494873 64 255 128
125.85860443 109.70645142 412.78598022 64 255 128
261.30322266 205.26774597 388.26147461 64 255 128
245.63177490 226.04800415 441.97711182 64 255 128
278.94586182 222.97573853 426.50509644 64 255 128
134.07844543 160.26585388 343.99673462 64 255 128
176.61544800 234.26278687 450.13729858 64 255 128
152.55700684 247.86399841 475.75500488 64 255 128
161.34100342 227.03300476 373.03298950 64 255 128
278.95611572 226.23832703 400.52099609 64 255 128
145.06700134 235.16499329 376.28497314 64 255 128
220.87580872 213.50296021 425.64862061 64 255 128
272.00158691 243.40898132 451.14221191 64 255 128
164.36163330 169.51228333 414.32891846 64 255 128
106.53022003 169.71232605 348.29791260 64 255 128
171.73600769 248.77899170 456.83599854 64 255 128
166.79342651 134.33464050 389.11413574 64 255 128
168.15089417 231.28236389 447.55950928 64 255 128
116.72853088 208.42614746 362.30450439 64 255 128
93.38907623 154.43052673 508.95114136 64 255 128
228.57699585 257.93701172 456.82800293 64 255 128
77.55868530 146.08087158 396.65594482 64 255 128
268.07275391 246.62210083 453.43972778 64 255 128
103.61900330 229.51600647 443.54699707 64 255 128
148.61900330 256.82699585 416.02099609 64 255 128
80.97158051 188.58494568 409.40045166 64 255 128
116.35043335 213.06994629 506.45178223 64 255 128
207.47200012 257.07199097 409.70098877 64 255 128
105.50100708 223.66799927 389.55798340 64 255 128
80.80109406 155.74893188 461.07473755 64 255 128
252.80091858 201.44352722 400.07211304 64 255 128
162.33944702 164.13705444 352.58822632 64 255 128
128.72596741 169.67280579 445.17303467 64 255 128
258.40429688 222.74230957 436.04962158 64 255 128
222.22517395 199.80224609 394.06634521 64 255 128
210.98634338 237.68704224 447.70816040 64 255 128
251.54992676 226.12785339 396.93948364 64 255 128
104.82504272 108.60639191 389.74569702 64 255 128
173.70893860 237.97792053 435.97589111 64 255 128
115.54286957 171.89413452 345.35299683 64 255 128
125.74605560 101.32614136 393.14956665 64 255 128
230.81161499 214.50001526 427.89257812 64 255 128
252.14314270 196.33007812 390.04281616 64 255 128
111.22487640 166.05511475 515.06683350 64 255 128
212.34199524 258.05599976 416.85000610 64 255 128
225.92614746 208.35900879 422.74926758 64 255 128
131.54811096 200.58786011 484.08050537 64 255 128
178.76599121 260.06399536 450.07299805 64 255 128
160.78916931 215.95095825 432.07925415 64 255 128
274.53222656 214.16966248 409.39611816 64 255 128
131.70201111 250.16900635 457.82101440 64 255 128
147.10700989 249.06698608 473.09301758 64 255 128
238.11199951 242.88600159 402.28302002 64 255 128
154.07324219 189.39367676 353.00973511 64 255 128
80.00195312 182.18643188 459.79882812 64 255 128
272.17819214 237.61035156 414.29635620 64 255 128
183.94863892 213.03611755 436.37429810 64 255 128
106.09800720 226.89199829 401.33200073 64 255 128
85.79412842 182.03366089 488.12350464 64 255 128
130.45999146 247.62899780 447.21002197 64 255 128
90.78339386 126.58081818 368.17355347 64 255 128
202.59887695 199.53529358 418.55429077 64 255 128
154.12097168 142.04779053 397.51367188 64 255 128
229.28907776 214.66467285 391.20889282 64 255 128
172.63876343 150.64570618 391.99868774 64 255 128
205.43714905 197.43138123 411.07888794 64 255 128
78.44629669 145.77330017 429.18408203 64 255 128
105.43013000 219.56958008 477.52114868 64 255 128
188.38700867 244.53799438 386.78698730 64 255 128
197.68229675 211.07936096 432.18420410 64 255 128
143.06629944 226.35577393 477.96002197 64 255 128
88.50370026 197.61071777 454.55548096 64 255 128
220.28613281 229.77284241 393.19577026 64 255 128
219.08386230 203.32977295 408.00244141 64 255 128
86.69230652 125.93319702 380.64416504 64 255 128
80.59907532 185.24768066 444.39401245 64 255 128
148.19570923 153.18869019 345.53881836 64 255 128
123.45055389 158.72795105 343.32772827 64 255 128
112.31527710 143.93383789 433.00778198 64 255 128
164.14784241 184.74897766 414.51705933 64 255 128
145.19628906 103.59796143 388.48287964 64 255 128
162.60894775 220.62985229 428.12561035 64 255 128
130.47163391 175.47590637 480.54937744 64 255 128
101.27471161 144.21844482 477.05291748 64 255 128
82.98254395 189.75372314 442.62448120 64 255 128
98.57099915 209.86199951 382.63601685 64 255 128
133.40499878 249.62500000 418.46902466 64 255 128
101.86631012 138.33128357 353.66549683 64 255 128
128.01644897 210.27919006 360.92272949 64 255 128
102.73560333 156.85882568 519.15869141 64 255 128
167.51199341 241.38000488 381.72799683 64 255 128
230.25004578 229.13633728 441.81811523 64 255 128
101.70034027 168.91685486 351.44799805 64 255 128
135.58018494 185.45028687 485.95162964 64 255 128
129.19247437 174.73597717 472.54507446 64 255 128
111.40499878 220.67199707 375.46200562 64 255 128
220.52099609 258.33999634 432.47698975 64 255 128
153.28199768 255.21000671 401.14401245 64 255 128
83.68690491 198.36972046 425.16387939 64 255 128
203.24499512 250.77798462 396.56799316 64 255 128
175.40322876 198.07388306 387.16406250 64 255 128
224.94023132 218.05068970 430.74227905 64 255 128
157.67799377 241.14799500 381.53399658 64 255 128
297.63894653 220.47160339 401.19104004 64 255 128
267.22262573 205.67231750 389.69198608 64 255 128
159.91766357 190.19042969 446.90142822 64 255 128
278.83163452 218.19003296 395.06582642 64 255 128
83.14385986 184.74668884 520.17132568 64 255 128
90.17134857 191.35729980 373.16058350 64 255 128
136.39895630 119.78214264 397.99533081 64 255 128
111.25607300 145.95953369 474.03860474 64 255 128
122.09440613 122.29319763 353.87380981 64 255 128
239.35797119 207.32133484 423.71334839 64 255 128
179.48545837 148.20481873 380.07015991 64 255 128
170.64900208 258.32199097 406.26599121 64 255 128
107.76100159 230.27899170 424.62997437 64 255 128
109.37293243 211.04507446 370.18533325 64 255 128
75.97893524 158.21066284 440.41577148 64 255 128
181.40100098 255.26800537 400.06198120 64 255 128
152.19912720 161.32196045 418.19113159 64 255 128
141.10226440 188.52699280 435.67254639 64 255 128
161.70109558 213.94999695 365.22586060 64 255 128
276.54400635 238.42962646 444.53826904 64 255 128
253.49200439 204.31028748 388.45086670 64 255 128
150.02944946 175.54414368 439.05624390 64 255 128
139.54614258 107.21125031 398.43170166 64 255 128
176.69999695 259.70700073 443.37100220 64 255 128
87.44322968 181.49237061 498.35412598 64 255 128
95.49427032 145.63113403 472.19226074 64 255 128
106.15139008 143.17726135 478.09384155 64 255 128
155.37890625 121.23919678 390.66455078 64 255 128
281.95077515 209.03672791 395.71691895 64 255 128
85.80422211 173.85498047 532.68048096 64 255 128
119.77388763 113.64185333 421.01840210 64 255 128
135.83695984 100.44716644 391.09844971 64 255 128
147.84515381 193.20666504 430.64462280 64 255 128
129.92036438 186.85296631 497.85339355 64 255 128
84.73004150 137.39074707 371.92266846 64 255 128
225.57394409 204.95620728 415.87280273 64 255 128
143.53292847 138.29373169 398.83508301 64 255 128
115.05315399 155.98071289 443.27719116 64 255 128
231.19700623 255.94898987 430.14199829 64 255 128
150.98194885 115.55163574 362.83233643 64 255 128
255.38072205 219.82556152 395.84967041 64 255 128
219.83200073 243.61000061 396.19400024 64 255 128
175.16938782 221.31442261 425.28308105 64 255 128
182.51194763 154.70608521 372.98010254 64 255 128
90.00308990 172.23448181 363.60086060 64 255 128
122.86104584 204.28675842 485.32748413 64 255 128
97.99900055 222.96099854 438.08599854 64 255 128
94.40544891 131.57339478 361.13812256 64 255 128
160.08441162 234.80934143 459.07156372 64 255 128
83.08268738 135.58575439 419.88720703 64 255 128
88.66291046 206.64613342 445.80200195 64 255 128
101.22045135 201.02069092 496.57739258 64 255 128
172.97938538 232.07241821 424.43249512 64 255 128
263.37023926 226.68338013 398.89218140 64 255 128
244.28579712 207.19671631 389.24703979 64 255 128
184.82846069 200.64634705 390.17364502 64 255 128
151.36120605 175.22372437 347.46099854 64 255 128
136.50000000 237.37399292 486.50900269 64 255 128
287.63592529 224.42863464 426.79217529 64 255 128
84.97833252 195.38188171 401.03189087 64 255 128
92.14329529 201.52122498 530.94128418 64 255 128
136.23699951 247.19700623 477.25201416 64 255 128
287.23495483 214.64649963 392.02450562 64 255 128
172.69200134 253.38101196 394.14401245 64 255 128
118.55072021 154.02706909 433.93618774 64 255 128
110.76734161 147.15905762 462.91030884 64 255 128
134.97306824 144.95701599 409.34765625 64 255 128
95.77749634 198.63633728 484.02713013 64 255 128
148.06565857 137.23316956 396.12002563 64 255 128
174.42546082 233.35966492 433.86413574 64 255 128
268.22506714 243.69883728 431.58508301 64 255 128
111.77484131 130.46276855 430.75088501 64 255 128
162.36700439 256.23800659 428.03002930 64 255 128
88.15878296 188.35069275 507.04931641 64 255 128
193.79299927 260.53900146 420.35800171 64 255 128
143.48594666 179.90870667 345.64642334 64 255 128
273.78060913 238.21948242 419.17779541 64 255 128
173.70500183 258.40301514 429.42602539 64 255 128
247.87576294 212.50874329 425.48300171 64 255 128
206.80200195 244.66699219 454.73999023 64 255 128
120.01137543 161.49615479 443.83276367 64 255 128
115.93800354 234.36700439 387.89300537 64 255 128
172.64001465 170.18835449 358.63482666 64 255 128
259.79757690 250.57301331 460.88070679 64 255 128
120.52024078 166.26927185 468.16442871 64 255 128
77.44789124 174.70590210 417.33258057 64 255 128
168.89703369 145.96697998 356.02578735 64 255 128
95.40585327 197.28488159 368.60296631 64 255 128
165.03900146 251.35299683 458.78100586 64 255 128
243.69712830 196.54940796 385.96118164 64 255 128
102.36499023 131.39871216 450.15200806 64 255 128
268.12173462 244.11872864 445.53997803 64 255 128
283.92095947 234.01261902 440.10620117 64 255 128
197.59300232 250.90199280 457.08599854 64 255 128
95.34235382 114.86154938 388.09939575 64 255 128
95.35147858 150.92829895 493.29571533 64 255 128
79.97527313 153.57737732 381.31030273 64 255 128
221.08900452 256.83502197 420.61297607 64 255 128
127.41400146 217.79899597 366.12002563 64 255 128
247.19790649 202.53689575 412.12438965 64 255 128
159.57699585 254.22299194 449.04901123 64 255 128
115.39763641 159.89817810 459.62518311 64 255 128
74.62689972 165.95742798 434.19226074 64 255 128
74.50396729 161.68894958 430.69067383 64 255 128
123.25300598 242.36300659 403.96099854 64 255 128
147.50888062 109.19754791 368.38604736 64 255 128
156.76873779 226.64727783 462.33236694 64 255 128
104.02326965 206.99850464 511.91723633 64 255 128
234.40921021 203.55694580 387.08312988 64 255 128
91.92839050 198.10389709 534.75543213 64 255 128
128.90104675 105.24180603 368.32260132 64 255 128
135.60272217 205.91517639 471.70715332 64 255 128
98.72823334 206.34634399 375.05462646 64 255 128
178.07650757 148.31422424 367.18093872 64 255 128
216.00100708 254.36898804 463.21401978 64 255 128
135.71508789 193.62956238 348.34619141 64 255 128
138.85896301 161.23150635 422.73770142 64 255 128
91.21300507 208.86685181 405.61883545 64 255 128
255.12701416 250.15399170 421.29000854 64 255 128
180.52479553 171.96192932 372.90145874 64 255 128
144.58326721 174.03256226 440.52102661 64 255 128
245.29084778 232.18431091 451.46267700 64 255 128
168.16699219 257.11700439 449.50802612 64 255 128
106.53590393 124.24985504 440.78540039 64 255 128
104.80224609 206.93461609 527.64575195 64 255 128
164.50935364 119.90376282 372.31158447 64 255 128
85.96413422 129.23809814 376.10873413 64 255 128
130.53330994 153.81768799 344.64340210 64 255 128
297.35848999 220.02976990 416.89630127 64 255 128
231.85723877 222.61499023 392.04159546 64 255 128
98.80699921 223.19699097 427.84500122 64 255 128
194.40707397 216.42192078 378.62887573 64 255 128
88.95084381 193.49890137 474.42639160 64 255 128
129.25698853 241.45199585 387.16900635 64 255 128
157.55776978 169.02497864 422.49462891 64 255 128
167.31196594 199.21441650 436.70755005 64 255 128
143.43666077 113.89766693 360.98745728 64 255 128
115.77200317 234.90800476 422.85098267 64 255 128
87.04599762 204.78895569 417.61080933 64 255 128
151.60736084 215.96842957 365.55734253 64 255 128
85.87145996 171.73802185 495.96786499 64 255 128
205.76155090 194.25788879 392.66308594 64 255 128
113.13288879 209.56681824 522.81616211 64 255 128
103.54222870 148.24932861 501.38043213 64 255 128
149.59751892 106.45516205 376.26284790 64 255 128
193.71708679 197.70704651 412.51882935 64 255 128
175.59675598 224.95507812 421.38552856 64 255 128
193.51547241 201.40052795 424.96212769 64 255 128
129.62287903 177.43124390 344.64212036 64 255 128
168.87858582 223.20332336 419.31271362 64 255 128
