ply
format ascii 1.0
element vertex 4096
property float x
property float y
property float z
property uchar red
property uchar green
property uchar blue
end_header
275.76257324 290.41128540 458.00207520 255 64 64
276.69284058 295.43310547 467.50619507 255 64 64
283.09140015 283.90115356 459.83889771 255 64 64
284.01974487 291.20730591 465.21551514 255 64 64
261.31613159 222.10140991 435.07666016 255 64 64
270.13873291 227.28848267 440.83129883 255 64 64
268.92297363 225.20362854 430.39797974 255 64 64
277.41687012 228.36993408 434.53207397 255 64 64
75.53690338 155.34092712 480.10586548 255 64 64
70.26081085 165.80490112 484.89190674 255 64 64
75.40103149 149.38906860 468.96475220 255 64 64
69.07444000 160.05465698 473.47082520 255 64 64
91.48255157 132.69491577 460.21237183 255 64 64
82.54544067 140.34127808 463.96597290 255 64 64
98.35261536 126.45377350 448.85650635 255 64 64
88.27651215 133.74240112 452.58737183 255 64 64
73.93987274 171.69325256 497.69116211 255 64 64
71.80269623 183.99581909 502.42568970 255 64 64
72.72445679 171.02706909 491.27032471 255 64 64
69.93726349 183.29457092 496.20977783 255 64 64
173.37899780 125.57109070 388.41714478 255 64 64
167.23826599 120.29691315 393.53515625 255 64 64
182.71878052 132.73370361 382.66250610 255 64 64
176.60585022 126.21865082 386.38021851 255 64 64
123.56787872 115.83770752 433.21664429 255 64 64
115.24121094 121.60440063 440.60168457 255 64 64
137.77258301 115.67335510 424.05218506 255 64 64
129.58329773 119.32862091 432.17642212 255 64 64
108.14213562 123.94918823 450.21743774 255 64 64
101.08525085 132.27380371 457.44033813 255 64 64
122.77197266 122.41520691 442.28015137 255 64 64
116.03285217 130.03472900 450.28811646 255 64 64
146.17909241 120.54778290 391.85272217 255 64 64
135.45214844 125.63951874 390.84466553 255 64 64
157.01123047 121.30210876 383.71548462 255 64 64
144.93437195 124.71714020 382.06481934 255 64 64
66.74227142 196.03408813 499.99865723 255 64 64
71.56336975 206.87716675 504.94573975 255 64 64
67.16302490 207.45132446 495.85467529 255 64 64
73.30554199 218.45219421 501.41210938 255 64 64
81.42915344 136.72756958 454.89230347 255 64 64
73.91645813 146.58560181 459.07952881 255 64 64
87.93927765 132.44555664 441.55978394 255 64 64
79.23062134 142.28057861 445.43637085 255 64 64
107.46512604 121.73359680 439.17251587 255 64 64
97.48873901 128.49409485 442.79162598 255 64 64
117.35932922 119.33400726 428.14755249 255 64 64
105.41177368 124.95716095 431.21881104 255 64 64
163.17759705 117.14379883 401.13851929 255 64 64
161.45075989 119.06429291 413.84869385 255 64 64
175.63356018 124.44638824 394.82727051 255 64 64
173.32382202 124.33586121 406.74633789 255 64 64
147.43011475 118.72100067 422.78518677 255 64 64
143.10043335 125.57353973 433.83428955 255 64 64
163.26522827 124.32662964 418.73547363 255 64 64
159.40219116 129.53997803 430.22283936 255 64 64
148.32246399 116.37284851 405.48434448 255 64 64
137.73411560 119.06718445 409.20727539 255 64 64
160.50236511 119.90539551 396.86553955 255 64 64
148.67752075 119.96456909 399.85351562 255 64 64
264.87466431 263.58209229 451.48330688 255 64 64
265.51235962 277.36605835 454.58908081 255 64 64
273.63098145 260.82495117 451.56323242 255 64 64
270.81256104 270.86187744 453.78448486 255 64 64
63.54322815 172.44233704 479.57369995 255 64 64
62.26673126 184.38331604 485.28341675 255 64 64
65.56096649 173.02963257 468.01400757 255 64 64
63.81604004 185.30590820 473.83767700 255 64 64
262.60137939 236.94265747 445.19924927 255 64 64
265.45596313 250.78579712 449.49935913 255 64 64
271.36700439 234.97457886 440.71646118 255 64 64
270.74465942 244.64746094 445.66738892 255 64 64
180.26892090 128.63247681 391.03463745 255 64 64
183.18566895 128.17448425 403.52566528 255 64 64
188.50860596 137.99911499 385.87603760 255 64 64
191.78915405 136.52209473 397.88497925 255 64 64
73.79631042 148.64474487 451.45602417 255 64 64
68.56363678 159.70916748 456.59555054 255 64 64
79.79692841 146.50155640 438.20675659 255 64 64
73.21394348 157.68650818 443.05499268 255 64 64
92.11635590 132.46563721 431.96487427 255 64 64
84.33494568 141.99386597 436.54656982 255 64 64
100.37459564 130.38818359 419.25033569 255 64 64
91.00413513 139.66221619 423.46057129 255 64 64
126.40420532 119.03125000 416.72088623 255 64 64
115.67233276 125.69532013 418.48825073 255 64 64
137.39932251 119.22409058 406.58999634 255 64 64
124.81625366 124.43745422 407.94647217 255 64 64
248.20880127 294.14813232 466.20950317 255 64 64
244.39245605 300.84399414 474.13473511 255 64 64
258.11450195 292.56100464 467.55502319 255 64 64
251.87002563 297.91223145 471.37918091 255 64 64
207.64360046 312.45980835 499.46505737 255 64 64
202.49488831 309.44992065 508.01156616 255 64 64
217.69805908 311.24673462 500.65609741 255 64 64
211.41885376 310.91720581 505.26873779 255 64 64
70.20584106 221.09304810 496.47662354 255 64 64
77.55801392 230.27723694 501.11474609 255 64 64
75.88689423 234.61895752 494.87689209 255 64 64
83.48231506 242.67239380 500.32693481 255 64 64
220.08810425 306.74456787 459.03344727 255 64 64
216.64649963 312.03192139 469.32431030 255 64 64
230.34500122 307.73947144 460.81808472 255 64 64
223.52377319 311.21395874 465.72164917 255 64 64
113.99050903 129.91043091 403.50964355 255 64 64
105.30979919 139.49783325 404.98062134 255 64 64
125.32337952 128.57803345 392.16033936 255 64 64
115.36781311 138.10629272 394.06903076 255 64 64
186.64147949 309.19271851 505.95434570 255 64 64
181.17337036 306.13623047 510.79299927 255 64 64
195.57141113 308.09368896 509.91610718 255 64 64
190.12451172 307.49172974 512.12042236 255 64 64
173.66567993 128.64021301 413.78915405 255 64 64
170.35446167 136.58187866 424.41088867 255 64 64
185.60227966 136.78787231 409.21786499 255 64 64
182.64306641 142.84054565 420.54306030 255 64 64
90.04441071 155.31814575 473.93344116 255 64 64
82.66046143 166.45050049 480.05844116 255 64 64
104.73561096 159.03475952 465.72882080 255 64 64
98.01565552 169.82307434 473.36587524 255 64 64
98.27206421 143.60351562 411.33410645 255 64 64
90.96672821 153.70809937 413.02423096 255 64 64
108.91134644 140.53115845 398.99209595 255 64 64
100.00546265 150.09448242 400.91339111 255 64 64
133.14810181 129.12525940 435.74035645 255 64 64
124.96975708 139.36790466 442.66519165 255 64 64
147.35719299 134.16549683 428.76290894 255 64 64
139.70698547 143.02317810 436.79550171 255 64 64
189.55372620 141.87899780 395.78073120 255 64 64
194.91787720 146.14477539 405.84368896 255 64 64
193.99694824 152.61051941 392.09478760 255 64 64
200.49665833 156.32714844 402.80200195 255 64 64
82.42576599 171.40940857 490.43316650 255 64 64
75.91564178 183.22767639 494.20349121 255 64 64
93.06066895 177.10707092 481.34323120 255 64 64
87.84073639 189.83477783 486.99047852 255 64 64
252.34024048 240.51028442 465.35949707 255 64 64
252.52540588 253.55902100 471.78799438 255 64 64
261.60083008 243.96421814 459.82235718 255 64 64
257.26239014 250.67951965 466.96142578 255 64 64
172.26783752 131.07699585 386.58380127 255 64 64
161.39845276 138.26699829 382.81951904 255 64 64
181.43669128 140.72247314 383.45721436 255 64 64
170.61552429 146.83978271 381.44110107 255 64 64
84.48699188 153.05725098 424.95919800 255 64 64
78.81158447 164.43942261 428.87509155 255 64 64
93.75856781 149.07766724 410.67779541 255 64 64
86.62772369 160.53434753 414.97076416 255 64 64
63.15856171 198.37605286 480.26626587 255 64 64
64.50955963 210.88023376 486.53259277 255 64 64
66.82971954 201.69822693 470.17263794 255 64 64
68.95538330 214.69328308 476.85205078 255 64 64
69.31890106 171.56504822 446.85015869 255 64 64
66.33502197 183.79530334 452.74832153 255 64 64
75.86682892 168.35682678 432.62570190 255 64 64
71.76451111 181.18533325 438.84820557 255 64 64
222.34657288 295.23013306 484.26345825 255 64 64
217.40521240 300.27172852 492.81103516 255 64 64
231.79742432 296.34197998 482.92068481 255 64 64
224.89785767 298.91812134 487.70465088 255 64 64
244.89083862 264.53695679 474.86254883 255 64 64
242.06391907 276.15582275 480.65609741 255 64 64
254.06585693 266.74563599 470.32879639 255 64 64
248.19671631 272.71313477 475.72009277 255 64 64
238.05850220 220.54908752 444.54000854 255 64 64
242.03262329 222.47206116 452.25158691 255 64 64
249.34616089 222.61065674 440.97131348 255 64 64
247.88888550 222.47151184 448.13394165 255 64 64
217.55738831 220.73089600 487.48635864 255 64 64
213.98443604 227.19445801 495.35461426 255 64 64
227.05065918 224.20811462 485.76885986 255 64 64
221.74772644 225.97329712 492.51400757 255 64 64
123.01716614 140.64013672 390.21380615 255 64 64
114.26194763 150.09388733 388.23345947 255 64 64
134.60314941 140.73437500 380.96347046 255 64 64
124.30571747 149.29183960 379.02404785 255 64 64
192.83218384 310.17773438 478.08843994 255 64 64
187.94642639 311.56463623 488.05276489 255 64 64
202.32151794 311.69296265 479.85128784 255 64 64
195.16567993 312.70404053 484.58621216 255 64 64
145.92813110 131.90281677 386.09802246 255 64 64
134.85057068 139.72613525 382.81201172 255 64 64
156.68357849 135.95254517 380.04425049 255 64 64
144.53878784 142.96286011 376.61141968 255 64 64
111.43279266 142.20095825 451.01177979 255 64 64
104.19436646 153.08349609 458.56558228 255 64 64
124.30074310 147.96875000 443.72753906 255 64 64
117.60380554 158.28369141 452.29595947 255 64 64
232.36674500 241.33746338 483.68322754 255 64 64
229.25659180 251.63488770 489.41650391 255 64 64
240.91981506 246.26339722 481.13476562 255 64 64
235.49552917 249.39372253 486.16360474 255 64 64
102.96721649 152.77819824 402.45364380 255 64 64
96.35546112 163.33419800 402.45309448 255 64 64
113.31942749 149.43849182 391.40100098 255 64 64
105.45446777 159.28010559 391.70587158 255 64 64
146.53765869 146.97229004 379.02719116 255 64 64
136.59742737 155.33468628 373.52017212 255 64 64
157.14407349 152.30398560 377.26528931 255 64 64
147.09864807 160.20401001 371.58953857 255 64 64
84.80240631 255.12672424 489.97036743 255 64 64
91.24295044 257.23767090 499.78350830 255 64 64
94.48733521 267.87628174 488.54162598 255 64 64
97.67583466 268.14593506 496.70025635 255 64 64
144.33724976 304.26873779 496.08016968 255 64 64
138.66149902 301.00286865 503.22964478 255 64 64
152.23234558 305.22363281 500.23150635 255 64 64
146.81730652 304.21917725 503.85543823 255 64 64
170.59924316 305.99359131 493.84252930 255 64 64
164.22387695 305.38848877 501.08514404 255 64 64
178.85330200 306.49081421 496.65655518 255 64 64
172.09530640 306.92703247 500.27301025 255 64 64
234.74768066 222.47399902 466.75454712 255 64 64
234.73454285 228.90687561 477.11334229 255 64 64
245.25445557 227.54327393 462.05944824 255 64 64
240.70678711 228.94659424 471.57675171 255 64 64
189.05050659 148.57739258 419.21914673 255 64 64
190.66119385 155.22613525 429.54946899 255 64 64
197.00421143 156.16844177 415.91012573 255 64 64
198.06376648 161.88801575 427.95410156 255 64 64
224.00021362 265.51205444 485.86672974 255 64 64
219.79817200 274.74554443 492.12542725 255 64 64
233.13317871 269.46517944 483.61648560 255 64 64
226.66030884 272.62960815 488.24090576 255 64 64
118.59088135 292.40985107 493.62387085 255 64 64
115.70780945 287.44195557 502.63711548 255 64 64
128.34840393 295.65643311 497.74041748 255 64 64
124.12915039 293.39251709 502.97680664 255 64 64
70.70447540 227.31729126 473.70147705 255 64 64
74.30496216 237.80537415 483.36340332 255 64 64
75.91674042 236.63516235 464.52056885 255 64 64
78.32729340 246.20285034 474.00500488 255 64 64
232.62738037 269.98052979 448.55596924 255 64 64
229.62734985 280.73815918 450.98348999 255 64 64
241.82301331 271.23620605 449.88476562 255 64 64
235.78883362 276.99844360 450.97033691 255 64 64
82.95706177 192.35406494 498.89129639 255 64 64
76.15274048 204.15261841 501.03100586 255 64 64
92.46339417 200.25628662 489.54711914 255 64 64
86.26390076 212.94454956 492.69015503 255 64 64
165.41513062 142.79745483 379.99041748 255 64 64
155.27330017 151.51705933 373.93115234 255 64 64
175.02445984 149.71353149 380.59744263 255 64 64
164.97904968 158.15702820 374.47027588 255 64 64
154.24700928 143.32009888 432.18875122 255 64 64
147.93574524 155.02221680 438.96020508 255 64 64
167.36697388 147.01919556 427.85852051 255 64 64
161.80900574 156.95065308 435.59637451 255 64 64
208.37544250 205.36169434 468.55343628 255 64 64
208.15136719 205.49015808 478.23287964 255 64 64
218.41319275 206.21905518 467.43798828 255 64 64
215.13662720 205.65065002 475.83877563 255 64 64
203.40820312 295.30261230 453.93353271 255 64 64
197.84887695 302.87612915 459.98837280 255 64 64
212.37243652 297.42498779 454.93786621 255 64 64
205.00573730 301.14233398 457.79162598 255 64 64
228.27325439 230.09014893 436.56658936 255 64 64
224.32345581 230.08979797 436.56057739 255 64 64
228.78520203 230.10363770 436.56726074 255 64 64
228.28549194 230.11691284 436.58212280 255 64 64
214.07485962 223.64479065 432.05023193 255 64 64
210.64140320 223.60171509 432.04626465 255 64 64
214.53662109 223.67903137 432.04620361 255 64 64
214.16241455 223.65063477 432.06430054 255 64 64
192.45834351 203.00160217 402.05078125 255 64 64
189.87960815 202.99574280 401.98141479 255 64 64
192.81369019 203.01405334 402.07476807 255 64 64
192.61372375 202.99658203 402.00878906 255 64 64
234.11105347 241.04849243 440.46124268 255 64 64
230.15238953 241.03472900 440.46636963 255 64 64
234.59899902 241.03974915 440.45779419 255 64 64
234.06072998 241.03706360 440.48422241 255 64 64
202.48081970 230.49035645 424.93170166 255 64 64
199.11433411 230.45874023 424.93072510 255 64 64
202.93907166 230.49766541 424.91436768 255 64 64
202.54534912 230.48355103 424.92630005 255 64 64
171.91760254 219.73663330 367.34725952 255 64 64
167.49177551 219.69972229 367.16448975 255 64 64
172.58410645 219.81753540 367.37435913 255 64 64
171.95671082 219.76393127 367.24023438 255 64 64
238.00158691 255.10778809 443.40304565 255 64 64
233.80744934 255.09625244 443.45199585 255 64 64
238.48312378 255.10362244 443.39755249 255 64 64
237.95669556 255.10882568 443.46154785 255 64 64
193.10179138 231.94618225 470.55029297 255 64 64
190.16975403 231.91697693 470.61642456 255 64 64
193.50752258 231.90499878 470.52978516 255 64 64
193.07398987 231.89958191 470.60821533 255 64 64
204.06929016 212.79187012 438.72436523 255 64 64
201.22134399 212.76022339 438.71481323 255 64 64
204.47642517 212.77156067 438.72729492 255 64 64
204.17822266 212.75045776 438.73626709 255 64 64
219.54966736 245.13162231 436.56457520 255 64 64
214.96551514 245.10710144 436.58767700 255 64 64
220.13714600 245.13682556 436.51031494 255 64 64
219.43959045 245.13504028 436.55477905 255 64 64
151.54875183 223.81108093 358.20190430 255 64 64
145.37760925 223.78375244 358.06655884 255 64 64
152.60110474 223.91401672 358.19070435 255 64 64
151.31213379 223.86457825 358.12780762 255 64 64
208.95787048 251.38192749 438.88568115 255 64 64
204.82864380 251.36389160 438.92001343 255 64 64
209.44805908 251.36914062 438.86819458 255 64 64
208.80645752 251.38179016 438.91702271 255 64 64
178.45471191 204.72288513 383.58108521 255 64 64
175.03378296 204.69984436 383.46890259 255 64 64
179.02200317 204.75820923 383.63281250 255 64 64
178.58995056 204.72514343 383.53579712 255 64 64
220.42010498 256.64904785 440.28057861 255 64 64
215.58169556 256.63226318 440.28326416 255 64 64
221.02052307 256.67034912 440.23037720 255 64 64
220.27140808 256.67977905 440.26370239 255 64 64
190.01202393 216.91957092 409.17303467 255 64 64
186.76667786 216.90275574 409.09991455 255 64 64
190.48330688 216.94963074 409.19863892 255 64 64
190.10234070 216.93360901 409.14837646 255 64 64
174.39881897 215.69274902 453.58093262 255 64 64
171.16662598 215.65901184 453.63742065 255 64 64
174.92413330 215.70068359 453.52642822 255 64 64
174.40240479 215.67959595 453.59454346 255 64 64
199.21365356 241.30703735 429.58239746 255 64 64
195.53794861 241.28494263 429.58755493 255 64 64
199.72384644 241.27903748 429.60507202 255 64 64
199.20600891 241.28204346 429.63076782 255 64 64
180.38752747 229.23275757 460.34326172 255 64 64
177.10485840 229.19975281 460.39892578 255 64 64
180.89274597 229.22885132 460.30746460 255 64 64
180.32139587 229.21514893 460.37643433 255 64 64
182.31477356 211.83744812 390.66830444 255 64 64
179.22521973 211.82504272 390.59594727 255 64 64
182.82330322 211.84603882 390.72921753 255 64 64
182.47746277 211.82780457 390.66403198 255 64 64
189.57366943 226.43447876 416.07205200 255 64 64
186.23027039 226.40672302 416.03201294 255 64 64
190.06959534 226.45288086 416.07510376 255 64 64
189.64593506 226.43492126 416.05279541 255 64 64
197.61582947 218.40263367 425.96856689 255 64 64
194.83479309 218.35485840 425.98651123 255 64 64
198.01631165 218.42639160 425.95538330 255 64 64
197.71315002 218.38772583 425.97720337 255 64 64
176.84968567 215.54336548 380.17282104 255 64 64
173.27720642 215.52638245 380.04959106 255 64 64
177.42263794 215.57107544 380.21392822 255 64 64
176.95703125 215.54267883 380.11233521 255 64 64
201.24404907 258.27334595 438.93536377 255 64 64
196.81384277 258.25955200 438.95315552 255 64 64
201.80763245 258.26110840 438.89752197 255 64 64
201.09542847 258.27944946 438.93756104 255 64 64
236.02285767 276.76953125 451.03683472 255 64 64
231.24044800 276.75585938 451.09689331 255 64 64
236.57083130 276.77923584 451.03067017 255 64 64
235.83518982 276.78964233 451.10491943 255 64 64
191.64118958 206.92689514 422.80752563 255 64 64
189.05046082 206.89166260 422.79626465 255 64 64
192.03428650 206.94726562 422.80300903 255 64 64
191.78015137 206.91300964 422.79534912 255 64 64
219.07904053 290.25390625 451.07180786 255 64 64
213.44876099 290.26107788 451.08480835 255 64 64
219.77757263 290.25592041 451.07489014 255 64 64
218.80554199 290.30081177 451.12136841 255 64 64
181.72738647 221.24356079 400.41006470 255 64 64
178.49758911 221.23181152 400.34555054 255 64 64
182.25746155 221.24739075 400.46664429 255 64 64
181.83509827 221.23860168 400.41860962 255 64 64
169.47868347 226.11419678 375.02117920 255 64 64
165.02468872 226.11482239 374.89050293 255 64 64
170.21571350 226.15025330 375.05529785 255 64 64
169.46292114 226.13862610 374.96313477 255 64 64
162.24620056 219.48280334 450.70571899 255 64 64
158.53732300 219.44168091 450.75125122 255 64 64
162.93182373 219.48864746 450.66720581 255 64 64
162.24269104 219.46617126 450.73147583 255 64 64
203.10289001 271.82849121 441.77954102 255 64 64
198.02313232 271.80718994 441.81686401 255 64 64
203.74427795 271.82965088 441.72979736 255 64 64
202.86100769 271.84701538 441.78790283 255 64 64
211.96423340 264.85784912 441.77963257 255 64 64
206.98275757 264.82241821 441.83691406 255 64 64
212.59591675 264.86306763 441.69616699 255 64 64
211.74441528 264.85794067 441.76586914 255 64 64
166.48481750 227.04676819 461.42877197 255 64 64
163.20088196 227.00956726 461.49975586 255 64 64
167.05091858 227.01881409 461.42926025 255 64 64
166.41638184 227.00442505 461.50601196 255 64 64
149.28796387 212.79234314 446.24786377 255 64 64
145.20907593 212.75772095 446.25308228 255 64 64
150.07621765 212.83795166 446.20706177 255 64 64
149.32627869 212.81730652 446.25177002 255 64 64
229.06298828 297.11276245 454.32366943 255 64 64
223.23623657 297.09655762 454.34082031 255 64 64
229.79421997 297.11108398 454.29089355 255 64 64
228.80508423 297.12756348 454.34094238 255 64 64
167.00946045 239.54649353 478.22738647 255 64 64
163.57844543 239.51243591 478.29992676 255 64 64
167.62222290 239.49108887 478.23919678 255 64 64
166.92158508 239.48521423 478.32110596 255 64 64
217.77441406 277.16409302 446.03775024 255 64 64
212.41629028 277.11895752 446.08752441 255 64 64
218.48059082 277.16860962 446.00827026 255 64 64
217.56423950 277.16293335 446.08193970 255 64 64
161.25418091 233.41787720 371.56283569 255 64 64
156.26210022 233.41065979 371.45254517 255 64 64
162.13691711 233.45056152 371.61196899 255 64 64
161.18652344 233.43675232 371.54019165 255 64 64
226.28314209 281.26708984 451.05871582 255 64 64
221.03294373 281.22436523 451.10858154 255 64 64
226.95846558 281.25885010 451.02664185 255 64 64
226.10009766 281.24844360 451.09436035 255 64 64
203.88175964 281.62023926 445.51190186 255 64 64
198.38873291 281.57946777 445.57778931 255 64 64
204.64300537 281.62597656 445.46490479 255 64 64
203.61700439 281.62210083 445.54745483 255 64 64
178.46684265 247.72508240 464.43014526 255 64 64
174.91439819 247.68518066 464.48425293 255 64 64
179.06729126 247.68003845 464.43405151 255 64 64
178.40887451 247.66773987 464.50448608 255 64 64
176.20420837 266.21591187 472.89447021 255 64 64
172.50808716 266.16986084 472.92800903 255 64 64
176.79568481 266.17572021 472.93527222 255 64 64
176.14323425 266.17321777 472.98773193 255 64 64
142.17895508 242.25639343 369.20187378 255 64 64
136.35707092 242.26835632 369.15475464 255 64 64
143.24626160 242.32603455 369.20721436 255 64 64
141.99235535 242.31669617 369.20437622 255 64 64
157.28828430 229.80012512 465.24819946 255 64 64
153.87907410 229.77075195 465.32720947 255 64 64
157.92395020 229.79037476 465.24081421 255 64 64
157.23638916 229.78025818 465.32574463 255 64 64
210.06275940 298.31829834 455.02395630 255 64 64
204.00885010 298.25436401 455.07757568 255 64 64
210.89881897 298.32901001 454.94387817 255 64 64
209.77600098 298.31649780 455.01882935 255 64 64
182.90910339 240.86540222 422.16525269 255 64 64
179.19309998 240.83915710 422.17898560 255 64 64
183.51078796 240.86042786 422.16363525 255 64 64
182.95707703 240.85237122 422.18612671 255 64 64
154.01390076 237.77799988 471.12612915 255 64 64
150.44430542 237.75248718 471.19595337 255 64 64
154.68809509 237.76287842 471.12506104 255 64 64
153.91682434 237.76438904 471.20190430 255 64 64
198.07583618 290.25738525 449.45358276 255 64 64
192.30435181 290.21725464 449.53027344 255 64 64
198.91270447 290.24804688 449.46951294 255 64 64
197.77618408 290.26351929 449.55960083 255 64 64
172.08372498 256.24566650 462.99902344 255 64 64
168.09220886 256.18777466 463.06369019 255 64 64
172.74337769 256.22930908 462.98583984 255 64 64
171.98818970 256.20773315 463.06683350 255 64 64
180.73437500 229.18115234 410.43777466 255 64 64
177.55470276 229.14932251 410.42065430 255 64 64
181.28153992 229.18646240 410.47991943 255 64 64
180.86561584 229.16445923 410.46920776 255 64 64
190.97802734 298.59616089 455.09765625 255 64 64
185.05081177 298.55908203 455.16482544 255 64 64
191.85229492 298.61111450 455.10079956 255 64 64
190.72331238 298.63565063 455.18359375 255 64 64
162.94451904 306.55072021 480.47738647 255 64 64
157.78999329 306.48031616 480.54351807 255 64 64
163.74404907 306.57861328 480.46572876 255 64 64
162.72489929 306.57315063 480.53292847 255 64 64
186.35430908 274.65594482 440.45062256 255 64 64
181.18217468 274.62530518 440.48312378 255 64 64
187.11082458 274.64889526 440.39422607 255 64 64
186.11729431 274.66070557 440.44903564 255 64 64
185.98558044 304.49536133 467.30737305 255 64 64
180.11849976 304.43734741 467.39642334 255 64 64
186.87707520 304.50402832 467.25305176 255 64 64
185.69207764 304.50274658 467.35067749 255 64 64
170.99755859 227.23757935 390.32681274 255 64 64
167.38307190 227.22071838 390.27770996 255 64 64
171.64692688 227.27139282 390.39648438 255 64 64
171.10119629 227.25573730 390.35931396 255 64 64
192.85673523 308.57400513 476.60882568 255 64 64
187.00129700 308.53024292 476.68371582 255 64 64
193.72830200 308.58627319 476.57449341 255 64 64
192.55671692 308.60113525 476.66220093 255 64 64
178.95416260 310.36444092 480.09600830 255 64 64
172.80575562 310.29724121 480.21832275 255 64 64
179.95217896 310.37014771 480.05416870 255 64 64
178.67582703 310.37048340 480.17095947 255 64 64
180.31011963 288.60513306 446.99719238 255 64 64
175.06732178 288.53890991 447.06219482 255 64 64
181.09426880 288.62548828 446.97225952 255 64 64
180.12608337 288.61648560 447.04772949 255 64 64
176.14038086 300.30569458 460.53253174 255 64 64
170.60433960 300.25946045 460.62896729 255 64 64
176.98345947 300.34741211 460.51553345 255 64 64
175.93344116 300.36553955 460.60797119 255 64 64
148.70536804 248.11024475 478.33877563 255 64 64
144.86314392 248.07302856 478.42340088 255 64 64
149.43641663 248.07830811 478.32293701 255 64 64
148.52012634 248.07740784 478.40713501 255 64 64
141.22778320 230.97547913 466.45001221 255 64 64
137.30337524 230.95013428 466.52587891 255 64 64
141.99526978 230.99996948 466.41717529 255 64 64
141.08854675 230.99681091 466.49978638 255 64 64
133.18325806 244.06248474 468.17453003 255 64 64
129.24598694 244.00953674 468.23538208 255 64 64
133.96098328 244.08401489 468.14031982 255 64 64
133.09300232 244.06497192 468.21151733 255 64 64
137.62333679 230.66934204 365.58456421 255 64 64
131.53970337 230.66983032 365.55282593 255 64 64
138.71195984 230.76168823 365.55758667 255 64 64
137.32946777 230.73284912 365.56588745 255 64 64
205.09687805 309.34109497 472.98416138 255 64 64
198.92916870 309.27770996 473.08978271 255 64 64
206.03771973 309.34179688 472.90390015 255 64 64
204.80627441 309.33215332 473.01641846 255 64 64
172.18775940 303.79043579 469.73748779 255 64 64
166.50064087 303.71484375 469.83212280 255 64 64
173.12219238 303.81463623 469.71453857 255 64 64
171.95347595 303.80960083 469.80984497 255 64 64
263.62649536 251.84667969 460.14453125 255 64 64
260.19692993 264.09664917 463.56643677 255 64 64
274.41918945 255.33593750 452.97644043 255 64 64
271.39721680 267.21777344 457.26940918 255 64 64
257.69433594 228.00195312 439.10919189 255 64 64
259.34487915 240.82608032 441.50140381 255 64 64
273.64013672 232.86688232 440.83822632 255 64 64
274.34588623 245.84002686 445.63082886 255 64 64
259.07766724 278.75061035 467.25155640 255 64 64
251.86135864 288.92529297 471.82611084 255 64 64
270.08074951 280.41387939 459.80844116 255 64 64
263.95574951 290.16564941 465.01632690 255 64 64
244.47357178 233.43884277 468.28125000 255 64 64
238.63348389 240.85237122 475.55233765 255 64 64
255.26626587 238.57331848 461.25558472 255 64 64
249.53793335 246.22352600 468.75457764 255 64 64
238.06370544 258.93890381 477.69116211 255 64 64
229.64431763 266.03466797 482.25256348 255 64 64
248.91775513 264.30264282 471.52670288 255 64 64
240.77229309 271.77752686 477.01620483 255 64 64
249.93676758 301.13021851 468.91674805 255 64 64
241.51080322 307.92138672 476.52969360 255 64 64
260.30212402 297.86627197 465.36996460 255 64 64
253.99305725 303.78305054 473.47378540 255 64 64
227.01846313 216.68484497 455.47463989 255 64 64
226.65879822 220.55267334 464.74212646 255 64 64
239.94886780 220.61280823 451.74377441 255 64 64
238.99670410 224.19903564 461.31365967 255 64 64
223.89843750 221.24913025 479.45523071 255 64 64
216.89251709 226.21267700 486.34503174 255 64 64
236.03445435 228.13453674 473.88357544 255 64 64
228.60997009 232.96330261 481.13055420 255 64 64
244.20623779 254.52868652 446.22360229 255 64 64
247.02658081 266.52883911 448.64483643 255 64 64
258.09976196 258.22149658 449.39785767 255 64 64
259.28625488 270.68402100 453.28817749 255 64 64
207.44335938 198.88444519 451.70541382 255 64 64
208.91687012 201.46263123 460.37243652 255 64 64
218.02546692 202.63366699 449.66482544 255 64 64
219.83174133 204.61962891 458.26828003 255 64 64
224.37179565 296.03753662 487.30267334 255 64 64
214.15106201 301.79217529 491.97473145 255 64 64
235.98625183 299.78375244 480.98593140 255 64 64
226.56320190 305.30609131 486.75918579 255 64 64
204.41024780 203.06976318 470.48361206 255 64 64
200.65582275 206.76556396 478.97531128 255 64 64
216.61749268 207.65582275 468.41601562 255 64 64
212.62255859 211.01416016 476.57681274 255 64 64
216.28549194 234.42634583 487.33773804 255 64 64
207.28536987 240.21823120 490.36611938 255 64 64
226.99929810 242.46197510 482.86505127 255 64 64
218.09121704 248.74801636 487.28076172 255 64 64
230.15054321 228.92124939 438.78268433 255 64 64
235.09216309 238.90530396 441.38827515 255 64 64
244.15802002 232.55789185 442.15747070 255 64 64
248.83886719 243.34400940 445.62973022 255 64 64
214.68438721 270.51034546 489.85125732 255 64 64
205.69523621 277.01226807 492.65518188 255 64 64
224.67721558 277.34918213 485.44982910 255 64 64
215.90281677 284.23132324 489.50064087 255 64 64
212.41766357 210.25703430 438.66232300 255 64 64
217.24971008 216.00619507 442.37127686 255 64 64
224.34988403 215.16249084 440.32104492 255 64 64
230.51211548 220.61471558 444.57128906 255 64 64
198.01251221 210.08663940 486.87097168 255 64 64
188.28703308 215.31973267 489.09796143 255 64 64
209.68176270 215.88127136 486.79425049 255 64 64
200.53044128 221.63810730 489.94549561 255 64 64
239.13531494 277.83074951 448.83795166 255 64 64
241.14974976 289.00692749 453.23284912 255 64 64
252.15994263 279.97558594 453.34896851 255 64 64
252.53906250 291.57034302 458.64453125 255 64 64
197.58181763 247.69723511 489.81375122 255 64 64
188.48529053 253.62500000 490.73989868 255 64 64
206.81860352 255.05490112 488.91061401 255 64 64
197.86889648 261.34753418 491.18200684 255 64 64
197.81192017 285.42343140 496.47589111 255 64 64
188.16094971 290.95016479 499.18063354 255 64 64
208.70321655 292.48086548 494.85836792 255 64 64
199.34152222 298.12265015 499.08560181 255 64 64
222.94519043 315.61721802 473.90219116 255 64 64
215.53602600 316.02166748 485.27999878 255 64 64
233.18891907 311.66732788 475.22799683 255 64 64
227.49235535 311.89413452 486.58825684 255 64 64
217.57199097 250.36692810 439.57815552 255 64 64
221.38941956 260.06170654 443.58624268 255 64 64
229.70129395 253.24479675 443.38684082 255 64 64
233.21084595 263.45019531 447.50338745 255 64 64
197.19668579 171.74520874 421.14184570 255 64 64
197.26844788 178.57035828 428.35375977 255 64 64
201.53512573 183.94479370 415.76852417 255 64 64
203.20497131 188.15995789 424.18353271 255 64 64
219.68888855 298.32809448 452.18041992 255 64 64
220.59167480 306.47357178 459.99935913 255 64 64
232.24223328 299.22656250 457.72521973 255 64 64
231.94091797 307.54187012 465.96929932 255 64 64
188.77563477 222.67683411 484.50424194 255 64 64
178.83541870 228.40956116 484.09335327 255 64 64
199.53108215 229.16340637 487.78039551 255 64 64
189.88888550 235.41329956 488.94360352 255 64 64
203.97305298 228.39860535 428.78109741 255 64 64
206.43182373 237.19929504 434.53134155 255 64 64
214.61563110 230.85298157 434.57299805 255 64 64
218.49990845 240.23878479 439.63513184 255 64 64
192.93000793 151.15145874 407.47787476 255 64 64
195.30604553 162.31887817 412.88299561 255 64 64
199.47355652 166.12315369 407.29598999 255 64 64
201.05465698 175.14518738 413.85049438 255 64 64
184.67004395 261.87127686 492.60449219 255 64 64
175.48583984 267.19641113 494.02865601 255 64 64
193.58030701 270.19534302 492.52450562 255 64 64
184.52760315 275.67605591 495.27746582 255 64 64
174.92265320 200.95121765 469.37680054 255 64 64
169.34552002 204.99435425 477.05987549 255 64 64
186.52616882 207.30520630 474.00299072 255 64 64
182.55862427 210.50575256 481.07247925 255 64 64
177.52604675 171.68057251 436.91998291 255 64 64
172.96162415 178.31396484 446.03405762 255 64 64
187.86073303 179.38555908 434.84472656 255 64 64
184.00166321 183.91848755 443.96975708 255 64 64
175.83647156 155.22090149 426.06375122 255 64 64
170.34973145 162.65634155 435.40792847 255 64 64
188.82714844 162.55938721 424.00546265 255 64 64
183.91180420 167.53935242 433.17871094 255 64 64
180.92382812 200.19790649 450.95376587 255 64 64
180.71345520 203.74307251 459.61422729 255 64 64
191.28562927 206.97293091 454.40084839 255 64 64
192.84837341 208.79864502 462.94515991 255 64 64
195.11703491 317.16708374 487.78695679 255 64 64
188.81234741 315.28576660 499.30499268 255 64 64
206.06968689 316.36230469 493.08578491 255 64 64
200.79934692 314.31057739 504.43728638 255 64 64
175.56912231 291.88616943 498.69360352 255 64 64
165.64204407 296.28869629 500.40563965 255 64 64
186.65765381 299.07263184 500.98526001 255 64 64
176.80946350 303.33380127 504.39782715 255 64 64
211.16210938 278.05865479 444.00918579 255 64 64
213.91671753 287.06533813 449.52496338 255 64 64
223.06790161 280.23855591 448.44021606 255 64 64
225.17507935 289.57397461 453.85629272 255 64 64
164.34034729 180.79463196 457.77343750 255 64 64
158.16166687 186.79470825 466.57412720 255 64 64
175.01634216 187.67620850 458.11145020 255 64 64
169.36030579 192.10614014 466.28759766 255 64 64
189.34486389 199.80291748 436.02590942 255 64 64
190.19567871 204.09149170 443.76812744 255 64 64
196.07632446 209.11366272 437.33966064 255 64 64
199.42260742 210.90020752 445.68453979 255 64 64
199.93099976 257.32025146 437.32540894 255 64 64
202.76559448 265.83609009 442.83459473 255 64 64
210.79382324 259.79272461 441.58331299 255 64 64
214.14996338 268.70300293 446.79229736 255 64 64
189.90640259 160.24142456 402.06015015 255 64 64
191.33192444 174.58638000 400.32482910 255 64 64
197.33090210 172.67108154 408.43386841 255 64 64
197.58346558 183.92396545 407.09191895 255 64 64
193.76794434 202.44793701 418.23822021 255 64 64
194.66285706 210.46411133 423.00015259 255 64 64
198.07049561 209.43196106 425.69558716 255 64 64
200.89741516 215.65228271 430.27127075 255 64 64
166.80786133 204.74015808 471.42919922 255 64 64
158.02690125 209.39251709 478.22256470 255 64 64
177.18254089 211.51324463 474.55303955 255 64 64
170.60394287 215.31480408 480.66268921 255 64 64
174.43835449 238.12298584 484.27496338 255 64 64
164.75671387 243.87104797 483.53344727 255 64 64
182.73393250 245.20999146 488.01541138 255 64 64
173.06105042 251.57603455 488.46673584 255 64 64
151.46362305 194.06361389 476.26452637 255 64 64
140.92733765 200.31898499 481.69046021 255 64 64
162.83813477 199.57637024 477.37121582 255 64 64
153.36248779 205.38250732 482.32815552 255 64 64
147.97489929 162.27285767 441.74765015 255 64 64
139.90174866 169.35548401 450.70175171 255 64 64
162.30781555 168.22088623 444.44281006 255 64 64
153.23538208 173.49670410 452.28588867 255 64 64
195.84608459 304.86151123 457.16882324 255 64 64
195.82211304 309.26513672 467.23614502 255 64 64
207.28208923 306.48205566 462.93640137 255 64 64
206.73204041 310.73394775 473.20532227 255 64 64
162.75376892 268.69641113 490.54183960 255 64 64
153.46218872 273.81115723 490.73962402 255 64 64
171.37037659 277.09606934 493.43533325 255 64 64
162.12483215 282.48037720 494.94302368 255 64 64
187.07127380 241.08685303 416.24404907 255 64 64
188.52636719 249.26300049 424.13970947 255 64 64
196.54638672 240.75924683 425.63641357 255 64 64
199.45657349 249.39338684 432.28955078 255 64 64
188.81727600 187.28778076 394.68798828 255 64 64
188.48637390 201.23390198 394.76412964 255 64 64
193.33377075 193.88282776 403.74316406 255 64 64
192.92863464 204.95491028 403.47033691 255 64 64
137.64050293 179.54772949 464.79251099 255 64 64
128.52642822 186.35533142 472.48217773 255 64 64
150.80154419 184.23583984 467.06170654 255 64 64
141.20756531 190.14715576 473.56802368 255 64 64
186.80282593 220.19396973 399.88739014 255 64 64
186.24195862 231.49725342 404.43673706 255 64 64
191.77787781 221.97175598 410.76553345 255 64 64
191.65214539 232.37435913 414.02963257 255 64 64
171.83058167 224.42776489 462.14678955 255 64 64
164.92764282 230.66014099 467.25936890 255 64 64
179.89495850 230.37840271 467.41494751 255 64 64
173.57055664 236.37628174 472.80361938 255 64 64
190.99006653 287.77261353 444.55047607 255 64 64
192.81030273 295.05468750 452.39132690 255 64 64
202.15419006 289.92678833 449.56878662 255 64 64
204.01243591 297.36441040 457.09628296 255 64 64
178.45904541 238.71630859 457.89395142 255 64 64
173.64451599 245.35408020 462.40716553 255 64 64
185.01573181 244.05238342 461.29940796 255 64 64
180.76660156 250.64195251 466.49743652 255 64 64
150.67033386 244.13729858 478.74011230 255 64 64
141.11141968 250.51649475 478.62322998 255 64 64
158.44982910 252.64215088 484.30163574 255 64 64
148.74409485 259.48153687 484.54394531 255 64 64
181.05531311 274.33489990 428.72412109 255 64 64
182.62545776 280.90911865 437.02517700 255 64 64
191.00759888 273.66873169 436.66577148 255 64 64
193.23652649 280.65164185 444.12097168 255 64 64
174.85527039 153.57514954 387.19583130 255 64 64
175.69512939 167.92887878 383.52630615 255 64 64
185.02395630 163.76957703 392.02899170 255 64 64
184.81576538 175.77520752 389.07003784 255 64 64
173.52343750 258.28723145 460.71978760 255 64 64
168.93243408 264.82858276 465.62963867 255 64 64
179.56515503 264.11636353 463.47875977 255 64 64
174.74624634 270.60293579 468.94195557 255 64 64
177.05941772 308.30502319 467.87145996 255 64 64
176.83377075 310.81256104 478.44717407 255 64 64
187.79443359 311.10565186 473.32806396 255 64 64
187.30300903 313.29980469 484.01773071 255 64 64
119.37702179 163.65782166 454.01187134 255 64 64
110.74287415 170.90699768 463.53353882 255 64 64
134.52072144 168.88528442 456.65417480 255 64 64
124.04139709 174.16658020 464.18823242 255 64 64
119.22801208 191.34298706 476.84088135 255 64 64
108.50325012 199.13343811 481.16452026 255 64 64
132.31564331 196.34158325 477.74703979 255 64 64
121.58650970 203.77703857 481.25436401 255 64 64
142.54240417 278.54461670 488.10910034 255 64 64
134.37503052 284.75942993 491.26144409 255 64 64
151.67619324 288.25912476 492.95867920 255 64 64
143.54606628 294.45642090 496.95471191 255 64 64
178.89512634 262.28872681 407.46746826 255 64 64
177.74409485 270.86590576 414.58953857 255 64 64
185.47099304 260.65655518 417.33755493 255 64 64
184.02522278 269.68515015 422.86318970 255 64 64
149.43876648 224.66664124 470.36581421 255 64 64
140.28086853 231.90924072 474.24243164 255 64 64
158.06962585 230.53138733 472.88101196 255 64 64
149.36096191 237.72578430 476.20428467 255 64 64
158.33314514 306.65039062 479.31127930 255 64 64
157.67010498 307.80895996 490.45239258 255 64 64
168.94613647 310.30743408 485.45532227 255 64 64
167.85316467 310.97540283 496.35974121 255 64 64
153.28250122 204.37419128 463.46450806 255 64 64
149.75541687 210.61094666 471.53329468 255 64 64
161.31510925 210.44110107 463.54779053 255 64 64
158.20878601 214.45521545 470.49456787 255 64 64
130.35159302 211.41957092 481.67129517 255 64 64
119.60273743 218.53836060 483.07159424 255 64 64
140.96130371 214.07666016 477.14001465 255 64 64
130.33953857 221.76849365 479.14788818 255 64 64
169.98979187 298.17852783 445.76998901 255 64 64
170.33795166 301.81954956 456.03234863 255 64 64
180.12396240 298.75323486 452.31683350 255 64 64
180.95259094 302.56573486 462.30526733 255 64 64
171.97412109 177.77706909 379.40209961 255 64 64
172.90765381 192.25350952 377.09893799 255 64 64
180.94081116 185.56094360 385.36492920 255 64 64
181.02407837 197.39236450 383.36978149 255 64 64
172.80465698 237.80358887 386.92520142 255 64 64
172.40609741 250.22010803 390.48077393 255 64 64
179.41448975 239.82598877 396.72955322 255 64 64
178.36480713 251.08106995 399.10229492 255 64 64
104.26945496 180.33087158 471.14978027 255 64 64
94.52645111 188.61659241 480.47204590 255 64 64
118.95216370 184.81210327 472.19180298 255 64 64
107.76283264 191.47288513 479.53082275 255 64 64
168.12628174 294.79061890 421.93951416 255 64 64
166.71035767 297.95721436 432.26983643 255 64 64
176.21722412 290.29492188 430.54299927 255 64 64
175.21520996 294.35781860 440.30133057 255 64 64
169.51644897 206.75132751 374.72549438 255 64 64
169.81393433 220.63609314 375.29922485 255 64 64
176.75302124 211.97523499 382.36557007 255 64 64
176.56895447 223.57545471 382.65905762 255 64 64
130.84686279 249.79113770 474.00903320 255 64 64
121.48515320 256.66558838 476.14840698 255 64 64
138.64131165 259.67877197 479.93515015 255 64 64
129.15252686 267.16024780 481.73321533 255 64 64
147.39418030 209.09010315 454.61233521 255 64 64
145.76350403 215.60296631 462.37869263 255 64 64
155.34242249 215.85115051 456.72155762 255 64 64
153.42712402 220.50296021 463.46234131 255 64 64
164.34143066 281.89172363 400.94912720 255 64 64
163.01782227 288.98748779 409.41015625 255 64 64
172.37898254 279.20776367 409.99304199 255 64 64
170.65707397 287.32476807 417.39126587 255 64 64
99.28619385 205.22007751 487.67083740 255 64 64
87.87552643 213.63508606 494.10040283 255 64 64
111.79803467 213.59344482 486.42938232 255 64 64
100.70074463 221.35542297 491.63507080 255 64 64
151.69276428 305.46960449 448.86535645 255 64 64
151.59100342 305.31622314 460.19274902 255 64 64
161.15731812 304.68988037 455.36288452 255 64 64
161.35948181 304.29608154 466.55661011 255 64 64
117.57568359 226.61013794 478.82189941 255 64 64
107.28921509 234.19021606 482.24380493 255 64 64
125.61514282 231.76789856 471.36550903 255 64 64
114.94955444 240.23988342 474.87832642 255 64 64
153.01513672 151.56344604 374.24133301 255 64 64
153.20251465 165.29919434 369.57800293 255 64 64
164.91120911 161.69869995 373.91479492 255 64 64
163.91877747 173.94976807 370.19543457 255 64 64
109.43460083 257.29452515 474.70480347 255 64 64
102.21171570 264.41220093 481.62307739 255 64 64
119.45783234 270.25012207 479.29196167 255 64 64
113.02960205 278.17864990 485.12768555 255 64 64
155.86767578 259.54290771 380.11428833 255 64 64
155.64674377 270.87249756 385.56652832 255 64 64
164.68507385 260.49835205 388.65859985 255 64 64
163.95904541 271.74465942 393.57501221 255 64 64
148.41413879 304.32489014 420.28280640 255 64 64
147.34487915 305.47811890 431.42395020 255 64 64
157.50479126 301.65466309 426.40341187 255 64 64
156.44633484 303.10400391 437.59274292 255 64 64
123.66232300 298.74664307 473.09686279 255 64 64
126.81904602 299.27273560 484.53381348 255 64 64
134.36405945 303.23303223 478.54360962 255 64 64
137.37286377 303.19274902 489.96520996 255 64 64
134.37338257 304.09286499 459.47616577 255 64 64
135.54577637 303.20288086 470.93502808 255 64 64
144.37989807 305.24609375 465.48062134 255 64 64
145.63783264 303.93316650 476.74884033 255 64 64
150.11557007 180.84942627 363.81735229 255 64 64
151.32611084 195.14617920 361.78973389 255 64 64
161.14930725 188.23994446 366.02246094 255 64 64
161.80158997 201.00489807 364.63092041 255 64 64
98.54110718 232.31903076 492.63873291 255 64 64
89.00848389 239.94952393 499.76519775 255 64 64
105.36843872 244.62927246 484.85021973 255 64 64
96.99945068 252.32220459 491.03436279 255 64 64
151.37049866 232.80114746 367.27813721 255 64 64
152.62590027 245.91891479 369.89138794 255 64 64
161.18800354 237.36460876 372.59228516 255 64 64
162.11209106 249.59706116 375.09323120 255 64 64
148.29539490 208.37899780 362.18801880 255 64 64
150.09399414 222.24623108 363.21963501 255 64 64
158.48599243 213.95503235 365.93313599 255 64 64
159.98710632 226.54028320 367.24963379 255 64 64
142.53869629 292.99963379 397.24017334 255 64 64
142.15287781 298.68850708 406.70703125 255 64 64
152.88499451 292.00588989 403.83410645 255 64 64
152.52618408 298.59545898 413.51574707 255 64 64
128.97483826 303.31777954 433.09762573 255 64 64
129.94152832 302.87335205 444.90933228 255 64 64
138.32229614 304.47033691 437.24652100 255 64 64
139.18064880 303.40011597 449.39129639 255 64 64
102.35963440 283.43856812 471.91445923 255 64 64
107.12704468 285.07446289 481.94015503 255 64 64
112.65816498 291.51721191 474.39089966 255 64 64
117.48364258 292.47137451 485.16824341 255 64 64
134.63621521 270.66650391 379.58398438 255 64 64
136.60409546 281.41314697 384.65490723 255 64 64
146.24081421 274.87838745 383.51153564 255 64 64
148.29663086 285.52423096 389.17633057 255 64 64
112.67459869 295.31030273 450.26184082 255 64 64
115.24841309 295.16491699 461.41390991 255 64 64
122.14805603 300.05944824 453.02465820 255 64 64
124.43698120 299.17068481 464.45941162 255 64 64
124.16634369 297.15295410 408.52044678 255 64 64
125.25300598 301.03723145 419.16192627 255 64 64
133.92962646 301.62890625 411.29583740 255 64 64
135.05462646 304.98614502 422.66049194 255 64 64
131.70478821 163.40580750 366.40963745 255 64 64
131.61329651 176.87420654 362.63494873 255 64 64
142.98342896 171.35623169 362.39361572 255 64 64
142.20220947 184.22857666 359.26483154 255 64 64
82.65668488 257.51693726 475.95843506 255 64 64
87.97852325 262.22299194 484.48959351 255 64 64
91.43437195 270.00030518 473.36489868 255 64 64
97.12765503 273.98867798 483.02023315 255 64 64
130.74824524 243.63984680 370.22665405 255 64 64
133.02401733 255.74519348 373.79428101 255 64 64
141.59461975 248.75268555 371.66366577 255 64 64
144.25498962 260.48986816 375.18524170 255 64 64
96.81428528 277.80172729 451.51394653 255 64 64
100.31614685 281.09979248 461.03781128 255 64 64
105.05506897 286.07537842 451.87854004 255 64 64
108.87689209 288.87927246 462.49371338 255 64 64
118.40020752 279.18667603 389.62280273 255 64 64
120.33795166 287.88656616 396.39428711 255 64 64
128.57437134 286.13345337 389.65515137 255 64 64
131.20295715 294.43450928 397.65597534 255 64 64
127.45565033 218.70819092 363.23031616 255 64 64
129.94180298 231.60244751 364.51995850 255 64 64
138.30969238 224.08700562 362.60028076 255 64 64
141.36233521 236.61309814 364.14523315 255 64 64
126.67523193 192.86709595 359.47232056 255 64 64
128.36508179 206.40124512 358.78448486 255 64 64
137.78814697 199.10180664 357.70275879 255 64 64
139.70727539 212.12533569 357.44198608 255 64 64
106.56221008 287.70141602 426.37179565 255 64 64
108.50927734 291.05755615 436.63635254 255 64 64
114.38499451 295.56747437 426.38150024 255 64 64
116.68816376 297.98843384 437.47442627 255 64 64
82.58162689 258.24450684 458.87954712 255 64 64
85.89010620 263.90820312 466.88037109 255 64 64
89.53661346 268.50576782 456.04605103 255 64 64
93.32774353 274.11138916 465.32229614 255 64 64
69.57836151 231.64517212 470.72314453 255 64 64
72.96298981 239.34577942 478.41281128 255 64 64
76.08300781 243.55110168 464.54336548 255 64 64
79.67034149 251.70094299 473.31338501 255 64 64
114.61180115 252.87390137 379.94692993 255 64 64
116.69035339 263.66876221 383.16281128 255 64 64
124.02609253 259.21447754 377.26217651 255 64 64
127.22226715 269.90197754 380.94482422 255 64 64
111.63696289 160.27647400 378.04833984 255 64 64
110.35951233 173.27590942 375.14746094 255 64 64
119.81639862 167.15092468 369.82781982 255 64 64
118.26625061 180.08462524 367.01351929 255 64 64
105.05465698 275.94338989 405.71514893 255 64 64
106.19076538 283.67031860 413.21197510 255 64 64
112.57489014 285.24594116 403.08245850 255 64 64
114.85176086 292.03491211 411.88970947 255 64 64
90.95513916 266.35162354 436.86029053 255 64 64
92.55198669 272.37359619 444.90713501 255 64 64
97.00602722 276.05078125 434.29412842 255 64 64
99.23030853 281.61914062 443.54187012 255 64 64
66.89059448 210.38960266 454.48742676 255 64 64
67.96328735 220.11288452 461.33776855 255 64 64
71.84893036 220.45858765 447.56475830 255 64 64
72.99750519 231.06500244 455.03747559 255 64 64
78.85599518 237.73690796 444.58306885 255 64 64
80.22203064 246.17822266 451.13977051 255 64 64
83.42641449 247.64974976 439.51159668 255 64 64
85.12475586 256.67834473 447.06100464 255 64 64
109.98190308 182.41409302 369.95382690 255 64 64
110.41854858 195.55377197 368.16125488 255 64 64
119.59999847 189.05296326 363.44644165 255 64 64
120.15441895 202.12471008 361.77331543 255 64 64
94.11885071 262.83221436 419.52542114 255 64 64
94.79982758 270.54376221 426.43273926 255 64 64
99.31083679 272.40756226 415.71154785 255 64 64
100.87496185 279.71810913 423.88330078 255 64 64
69.68683624 187.84878540 439.20562744 255 64 64
68.69029236 198.73130798 444.94165039 255 64 64
73.48673248 195.93945312 430.69857788 255 64 64
72.68193817 207.65692139 436.47732544 255 64 64
109.89096069 226.73751831 375.77380371 255 64 64
111.88569641 238.81217957 376.57025146 255 64 64
118.83683777 232.79895020 371.35250854 255 64 64
121.83797455 244.84950256 372.53695679 255 64 64
101.93628693 254.30543518 393.37121582 255 64 64
103.46520996 264.54806519 396.89392090 255 64 64
109.15629578 261.87738037 388.28607178 255 64 64
111.99855042 272.20327759 392.67434692 255 64 64
107.99211121 203.93371582 372.27249146 255 64 64
109.36119080 216.70524597 372.21865845 255 64 64
117.22615051 210.28222656 366.62548828 255 64 64
119.22252655 223.05595398 366.68725586 255 64 64
84.62676239 238.74752808 426.66528320 255 64 64
84.97190857 247.85502625 432.39144897 255 64 64
88.59868622 247.99034119 421.53686523 255 64 64
89.49771118 257.46600342 428.31707764 255 64 64
75.31984711 215.03320312 434.24536133 255 64 64
75.36367798 224.86166382 439.71511841 255 64 64
79.42038727 223.87882996 427.74456787 255 64 64
79.94097900 234.52468872 433.79943848 255 64 64
79.08468628 173.48190308 416.74368286 255 64 64
76.97641754 185.51274109 419.62954712 255 64 64
82.29729462 180.96775818 407.72714233 255 64 64
80.45404816 193.61437988 410.52886963 255 64 64
96.66279602 167.78863525 391.64190674 255 64 64
95.26221466 180.43304443 390.11590576 255 64 64
101.80603027 174.79675293 381.78414917 255 64 64
100.48365784 187.76770020 380.24578857 255 64 64
92.75634003 243.51383972 407.90573120 255 64 64
93.10916138 253.82661438 411.98724365 255 64 64
97.24653625 252.17210388 401.60763550 255 64 64
98.45564270 262.78729248 406.88891602 255 64 64
97.62290955 184.40826416 387.33636475 255 64 64
97.11176300 196.78973389 386.97177124 255 64 64
103.34138489 191.29367065 378.46194458 255 64 64
103.01432800 204.22737122 378.34161377 255 64 64
76.89328003 194.39233398 421.03555298 255 64 64
75.78141785 205.50715637 425.69998169 255 64 64
80.30859375 202.85334778 413.76116943 255 64 64
79.56734467 214.88856506 418.88690186 255 64 64
99.06376648 224.04866028 390.07699585 255 64 64
100.24438477 235.75297546 391.19680786 255 64 64
105.37611389 231.23866272 382.52154541 255 64 64
107.38618469 243.25196838 384.25714111 255 64 64
83.97372437 215.38601685 414.89688110 255 64 64
83.56831360 226.47892761 419.13946533 255 64 64
87.50901031 223.90402222 407.49374390 255 64 64
87.67446136 235.62806702 412.54055786 255 64 64
87.35068512 176.75149536 402.70114136 255 64 64
85.86600494 189.22937012 403.22326660 255 64 64
91.14291382 184.36006165 392.97787476 255 64 64
89.90285492 197.38140869 393.67156982 255 64 64
90.72818756 219.76882935 400.48016357 255 64 64
90.94787598 231.37014771 402.70989990 255 64 64
95.23413849 227.80253601 392.11553955 255 64 64
96.21054840 240.01745605 395.21856689 255 64 64
86.44453430 198.17086792 404.81256104 255 64 64
85.64466858 210.07020569 407.45074463 255 64 64
90.01433563 206.61436462 396.31866455 255 64 64
89.70206451 219.29385376 399.78219604 255 64 64
228.90599060 297.14825439 454.34979248 255 64 64
228.91491699 297.13555908 454.36199951 255 64 64
228.90878296 297.14105225 454.35711670 255 64 64
228.91484070 297.13330078 454.37524414 255 64 64
111.82946777 238.11384583 381.19836426 255 64 64
111.83777618 238.10798645 381.22750854 255 64 64
111.83459473 238.11126709 381.19854736 255 64 64
111.83593750 238.10502625 381.23077393 255 64 64
125.47418213 297.13702393 466.33575439 255 64 64
125.47104645 297.13485718 466.35839844 255 64 64
125.48078156 297.12326050 466.33709717 255 64 64
125.47523499 297.12615967 466.36056519 255 64 64
193.94515991 209.65200806 430.07275391 255 64 64
193.94906616 209.63854980 430.10055542 255 64 64
193.94375610 209.65071106 430.08145142 255 64 64
193.94856262 209.63781738 430.10366821 255 64 64
168.92510986 281.11633301 405.63143921 255 64 64
168.92846680 281.10534668 405.65997314 255 64 64
168.92842102 281.11315918 405.64089966 255 64 64
168.92642212 281.10678101 405.66833496 255 64 64
141.10617065 231.02400208 466.42440796 255 64 64
141.10702515 231.01565552 466.45086670 255 64 64
141.09562683 231.03233337 466.40536499 255 64 64
141.09945679 231.02714539 466.42761230 255 64 64
171.95892334 219.67436218 367.32333374 255 64 64
171.97080994 219.66723633 367.33706665 255 64 64
171.96095276 219.67683411 367.32315063 255 64 64
171.97378540 219.66926575 367.33853149 255 64 64
178.83277893 310.44561768 480.12600708 255 64 64
178.83700562 310.43225098 480.14794922 255 64 64
178.83322144 310.43551636 480.13284302 255 64 64
178.83375549 310.43035889 480.15676880 255 64 64
99.89849854 274.10614014 423.45648193 255 64 64
99.90365601 274.10275269 423.48123169 255 64 64
99.90718079 274.09664917 423.44784546 255 64 64
99.90647888 274.09667969 423.47534180 255 64 64
234.06372070 241.04452515 440.52117920 255 64 64
234.08012390 241.02833557 440.53463745 255 64 64
234.06640625 241.03817749 440.53747559 255 64 64
234.08226013 241.02381897 440.55297852 255 64 64
193.07838440 231.89060974 470.56289673 255 64 64
193.08840942 231.88490295 470.58328247 255 64 64
193.07781982 231.88357544 470.56835938 255 64 64
193.08995056 231.88209534 470.58712769 255 64 64
132.53480530 303.10070801 423.97476196 255 64 64
132.54116821 303.09780884 423.99850464 255 64 64
132.54312134 303.09378052 423.97555542 255 64 64
132.54193115 303.09521484 424.00262451 255 64 64
190.50477600 280.41149902 443.59094238 255 64 64
190.50109863 280.40127563 443.60467529 255 64 64
190.51049805 280.40707397 443.59634399 255 64 64
190.50531006 280.39715576 443.61053467 255 64 64
131.51019287 275.87994385 388.89413452 255 64 64
131.51696777 275.87649536 388.91885376 255 64 64
131.51719666 275.88327026 388.90383911 255 64 64
131.51722717 275.88299561 388.92984009 255 64 64
176.83865356 242.11315918 405.48364258 255 64 64
176.84089661 242.09855652 405.51226807 255 64 64
176.84182739 242.10638428 405.49105835 255 64 64
176.84031677 242.09365845 405.51620483 255 64 64
167.71080017 260.73110962 471.14599609 255 64 64
167.71046448 260.72192383 471.16604614 255 64 64
167.71548462 260.72967529 471.15133667 255 64 64
167.71356201 260.72525024 471.16897583 255 64 64
157.49662781 296.52288818 450.22253418 255 64 64
157.49505615 296.51446533 450.24249268 255 64 64
157.50444031 296.51580811 450.22116089 255 64 64
157.50093079 296.50997925 450.24267578 255 64 64
198.90185547 247.49453735 433.80331421 255 64 64
198.90330505 247.48320007 433.82110596 255 64 64
198.90336609 247.49562073 433.80642700 255 64 64
198.90626526 247.48466492 433.82238770 255 64 64
164.22589111 212.73150635 448.24560547 255 64 64
164.22964478 212.72030640 448.26538086 255 64 64
164.21392822 212.73056030 448.24273682 255 64 64
164.22465515 212.72261047 448.25820923 255 64 64
151.68206787 250.38931274 377.94769287 255 64 64
151.68551636 250.38250732 377.96990967 255 64 64
151.69273376 250.39091492 377.95629883 255 64 64
151.69245911 250.38626099 377.97894287 255 64 64
185.54168701 206.42515564 395.47088623 255 64 64
185.54521179 206.41358948 395.49273682 255 64 64
185.54650879 206.42010498 395.48171997 255 64 64
185.54983521 206.40959167 395.49951172 255 64 64
202.22058105 305.58065796 464.35632324 255 64 64
202.22164917 305.56781006 464.37384033 255 64 64
202.22546387 305.56726074 464.35827637 255 64 64
202.22351074 305.55935669 464.37829590 255 64 64
233.67044067 269.60729980 448.74111938 255 64 64
233.67805481 269.59335327 448.75466919 255 64 64
233.66754150 269.60092163 448.74920654 255 64 64
233.67515564 269.59011841 448.76501465 255 64 64
103.77569580 261.99874878 397.98034668 255 64 64
103.78453064 261.99700928 398.00024414 255 64 64
103.78825378 261.99444580 397.98291016 255 64 64
103.79018402 261.99234009 398.00616455 255 64 64
169.47029114 285.25463867 487.96212769 255 64 64
169.47244263 285.23712158 487.99148560 255 64 64
169.47219849 285.24957275 487.95831299 255 64 64
169.47348022 285.24130249 487.98596191 255 64 64
135.69313049 256.63485718 475.64752197 255 64 64
135.68179321 256.63156128 475.66461182 255 64 64
135.69393921 256.63806152 475.64660645 255 64 64
135.68447876 256.64053345 475.66250610 255 64 64
137.48132324 230.76661682 365.51687622 255 64 64
137.48501587 230.76112366 365.53863525 255 64 64
137.47557068 230.77001953 365.51354980 255 64 64
137.47821045 230.76431274 365.53787231 255 64 64
109.48628235 288.80831909 446.10296631 255 64 64
109.48440552 288.80920410 446.12915039 255 64 64
109.49833679 288.80242920 446.10159302 255 64 64
109.49313354 288.80703735 446.12918091 255 64 64
148.13861084 303.38793945 478.98864746 255 64 64
148.13931274 303.37982178 479.01312256 255 64 64
148.14358521 303.38070679 478.98858643 255 64 64
148.14318848 303.37933350 479.01370239 255 64 64
178.19630432 261.78015137 422.48291016 255 64 64
178.19392395 261.76806641 422.50604248 255 64 64
178.19714355 261.77838135 422.49349976 255 64 64
178.19599915 261.76782227 422.51382446 255 64 64
156.50064087 301.89477539 412.87628174 255 64 64
156.51129150 301.88958740 412.89263916 255 64 64
156.50080872 301.89776611 412.87994385 255 64 64
156.50700378 301.89343262 412.90292358 255 64 64
165.70402527 234.58081055 469.58184814 255 64 64
165.70204163 234.57664490 469.60592651 255 64 64
165.70552063 234.58406067 469.57373047 255 64 64
165.70541382 234.58348083 469.59313965 255 64 64
214.12030029 223.60133362 432.05816650 255 64 64
214.12782288 223.58764648 432.07278442 255 64 64
214.10902405 223.59980774 432.07049561 255 64 64
214.12109375 223.58671570 432.08410645 255 64 64
117.79717255 289.81024170 409.86026001 255 64 64
117.80467224 289.80749512 409.88153076 255 64 64
117.81452179 289.80368042 409.86331177 255 64 64
117.81469727 289.80377197 409.88970947 255 64 64
170.43737793 286.41082764 432.51837158 255 64 64
170.43911743 286.39904785 432.54467773 255 64 64
170.43530273 286.40557861 432.51284790 255 64 64
170.43386841 286.39770508 432.53915405 255 64 64
158.41120911 270.87478638 387.59674072 255 64 64
158.41664124 270.86911011 387.61782837 255 64 64
158.41716003 270.87521362 387.61337280 255 64 64
158.41627502 270.87316895 387.63525391 255 64 64
211.83024597 264.84271240 441.76828003 255 64 64
211.83035278 264.83007812 441.78399658 255 64 64
211.82279968 264.83801270 441.77633667 255 64 64
211.82524109 264.82769775 441.79229736 255 64 64
189.59756470 226.39765930 416.04800415 255 64 64
189.60133362 226.38304138 416.06289673 255 64 64
189.59461975 226.40237427 416.05743408 255 64 64
189.60264587 226.38911438 416.07040405 255 64 64
171.04698181 227.23001099 390.32318115 255 64 64
171.04869080 227.21644592 390.34637451 255 64 64
171.04621887 227.22697449 390.33078003 255 64 64
171.04753113 227.21492004 390.35107422 255 64 64
145.57693481 292.47274780 396.34109497 255 64 64
145.58250427 292.46942139 396.36517334 255 64 64
145.58250427 292.47290039 396.34841919 255 64 64
145.58207703 292.47192383 396.37579346 255 64 64
129.57084656 303.73071289 445.59887695 255 64 64
129.57263184 303.73156738 445.62133789 255 64 64
129.57643127 303.72528076 445.59558105 255 64 64
129.57350159 303.73022461 445.61947632 255 64 64
175.99772644 300.39096069 460.58023071 255 64 64
175.99476624 300.38125610 460.59683228 255 64 64
176.00981140 300.37994385 460.58108521 255 64 64
176.00384521 300.37405396 460.60034180 255 64 64
211.90386963 285.09625244 448.97705078 255 64 64
211.90147400 285.08547974 448.99029541 255 64 64
211.90002441 285.09313965 448.97924805 255 64 64
211.89767456 285.08541870 448.99407959 255 64 64
126.20584106 253.52697754 377.36029053 255 64 64
126.21015167 253.52253723 377.38317871 255 64 64
126.20933533 253.52740479 377.36093140 255 64 64
126.20988464 253.52294922 377.38735962 255 64 64
150.61767578 307.47525024 435.01901245 255 64 64
150.62278748 307.47006226 435.04693604 255 64 64
150.61936951 307.47259521 435.01678467 255 64 64
150.61900330 307.47378540 435.04730225 255 64 64
169.90126038 261.96789551 401.12634277 255 64 64
169.90545654 261.95391846 401.15557861 255 64 64
169.90571594 261.96527100 401.13439941 255 64 64
169.90533447 261.95599365 401.16162109 255 64 64
178.44781494 247.68580627 464.46435547 255 64 64
178.45036316 247.67431641 464.48645020 255 64 64
178.44815063 247.68276978 464.47341919 255 64 64
178.45083618 247.67645264 464.49234009 255 64 64
182.45823669 222.12422180 459.62908936 255 64 64
182.46574402 222.11579895 459.65081787 255 64 64
182.45347595 222.12292480 459.63659668 255 64 64
182.46455383 222.11683655 459.65390015 255 64 64
114.56729126 292.46038818 429.24795532 255 64 64
114.57265472 292.45788574 429.26583862 255 64 64
114.57839966 292.45642090 429.25057983 255 64 64
114.57671356 292.45867920 429.27239990 255 64 64
161.25067139 233.42269897 371.54711914 255 64 64
161.25349426 233.41343689 371.56796265 255 64 64
161.25007629 233.41932678 371.55706787 255 64 64
161.25225830 233.41192627 371.57791138 255 64 64
151.41287231 223.82737732 358.13525391 255 64 64
151.42654419 223.82289124 358.15316772 255 64 64
151.41027832 223.82585144 358.13201904 255 64 64
151.42343140 223.81805420 358.15222168 255 64 64
140.83718872 301.51043701 458.24029541 255 64 64
140.83926392 301.50268555 458.27224731 255 64 64
140.84091187 301.50277710 458.23385620 255 64 64
140.83724976 301.50146484 458.26617432 255 64 64
182.95864868 240.82717896 422.13031006 255 64 64
182.95736694 240.81204224 422.15457153 255 64 64
182.96343994 240.82560730 422.14080811 255 64 64
182.96427917 240.81221008 422.16253662 255 64 64
166.32943726 249.94326782 389.86981201 255 64 64
166.33361816 249.93171692 389.89685059 255 64 64
166.33583069 249.94004822 389.88131714 255 64 64
166.33464050 249.93225098 389.90576172 255 64 64
191.67532349 201.16522217 416.07681274 255 64 64
191.68031311 201.14965820 416.10202026 255 64 64
191.68199158 201.16046143 416.08233643 255 64 64
191.68621826 201.14495850 416.10235596 255 64 64
157.70674133 298.47137451 466.64096069 255 64 64
157.70416260 298.46221924 466.66601562 255 64 64
157.71430969 298.46005249 466.63836670 255 64 64
157.70974731 298.45797729 466.66421509 255 64 64
186.58732605 265.47534180 435.77124023 255 64 64
186.58190918 265.46469116 435.78942871 255 64 64
186.58451843 265.47656250 435.77523804 255 64 64
186.58151245 265.46719360 435.79312134 255 64 64
114.39520264 273.22656250 402.34783936 255 64 64
114.40290833 273.22164917 402.37408447 255 64 64
114.40864563 273.22171021 402.35153198 255 64 64
114.40804291 273.21966553 402.38049316 255 64 64
141.04940796 263.90777588 384.27691650 255 64 64
141.05502319 263.90213013 384.30429077 255 64 64
141.05902100 263.90896606 384.28417969 255 64 64
141.05755615 263.90643311 384.31137085 255 64 64
181.80285645 221.20455933 400.41317749 255 64 64
181.80496216 221.19197083 400.43444824 255 64 64
181.80323792 221.20597839 400.42602539 255 64 64
181.80743408 221.19401550 400.44354248 255 64 64
190.82344055 298.66146851 455.15991211 255 64 64
190.82113647 298.65170288 455.17413330 255 64 64
190.83102417 298.65057373 455.16229248 255 64 64
190.82656860 298.64340210 455.17932129 255 64 64
148.64761353 248.11614990 478.31338501 255 64 64
148.64295959 248.10966492 478.33538818 255 64 64
148.64535522 248.11083984 478.31042480 255 64 64
148.64199829 248.11033630 478.32986450 255 64 64
219.46066284 245.13882446 436.58355713 255 64 64
219.46769714 245.12527466 436.60000610 255 64 64
219.46034241 245.13687134 436.59301758 255 64 64
219.47149658 245.12454224 436.60906982 255 64 64
112.52982330 253.26437378 384.21020508 255 64 64
112.53961945 253.25888062 384.23229980 255 64 64
112.54171753 253.25988770 384.21124268 255 64 64
112.54467010 253.25439453 384.23831177 255 64 64
168.55126953 291.34783936 416.97399902 255 64 64
168.55606079 291.33535767 416.99932861 255 64 64
168.55232239 291.34524536 416.97882080 255 64 64
168.55195618 291.33755493 417.00384521 255 64 64
202.51754761 230.43688965 424.93441772 255 64 64
202.52333069 230.42172241 424.95056152 255 64 64
202.51943970 230.43772888 424.94219971 255 64 64
202.52737427 230.42337036 424.95812988 255 64 64
129.49536133 292.79443359 400.62969971 255 64 64
129.50343323 292.79122925 400.65078735 255 64 64
129.50915527 292.79367065 400.63302612 255 64 64
129.50827026 292.79324341 400.65759277 255 64 64
149.20124817 212.78161621 446.19152832 255 64 64
149.20303345 212.77256775 446.20568848 255 64 64
149.17779541 212.78953552 446.17410278 255 64 64
149.18666077 212.78428650 446.18438721 255 64 64
162.84886169 306.61154175 480.48098755 255 64 64
162.85108948 306.60278320 480.50384521 255 64 64
162.86184692 306.59957886 480.48083496 255 64 64
162.86164856 306.59799194 480.50570679 255 64 64
237.95132446 255.13569641 443.45782471 255 64 64
237.96673584 255.12246704 443.47134399 255 64 64
237.95118713 255.12638855 443.47341919 255 64 64
237.96685791 255.11511230 443.48913574 255 64 64
133.05969238 244.09739685 468.10089111 255 64 64
133.05398560 244.09324646 468.11694336 255 64 64
133.04650879 244.10339355 468.09585571 255 64 64
133.04429626 244.10270691 468.11047363 255 64 64
168.17744446 286.58731079 448.14648438 255 64 64
168.17227173 286.57470703 448.17349243 255 64 64
168.17640686 286.58059692 448.14593506 255 64 64
168.16925049 286.57400513 448.17111206 255 64 64
173.82133484 278.32388306 420.83657837 255 64 64
173.82351685 278.31292725 420.86312866 255 64 64
173.82572937 278.31451416 420.84054565 255 64 64
173.82443237 278.30621338 420.86587524 255 64 64
216.28901672 303.22741699 458.21105957 255 64 64
216.29307556 303.21234131 458.22637939 255 64 64
216.29226685 303.22033691 458.21655273 255 64 64
216.29405212 303.21023560 458.23556519 255 64 64
120.59359741 266.37094116 387.81829834 255 64 64
120.60007477 266.36614990 387.83670044 255 64 64
120.59783936 266.36880493 387.82092285 255 64 64
120.59957123 266.36544800 387.84411621 255 64 64
142.56466675 302.64196777 408.99478149 255 64 64
142.57304382 302.63687134 409.01834106 255 64 64
142.57377625 302.64242554 409.00115967 255 64 64
142.57543945 302.64019775 409.02746582 255 64 64
192.74931335 308.64266968 476.64535522 255 64 64
192.75199890 308.62786865 476.66888428 255 64 64
192.75711060 308.62896729 476.64193726 255 64 64
192.75791931 308.62231445 476.66802979 255 64 64
176.94241333 215.51576233 380.16162109 255 64 64
176.94494629 215.50662231 380.18157959 255 64 64
176.93577576 215.51672363 380.16949463 255 64 64
176.94100952 215.50778198 380.18664551 255 64 64
158.49568176 283.81417847 393.67846680 255 64 64
158.49948120 283.80841064 393.70245361 255 64 64
158.50001526 283.81423950 393.68933105 255 64 64
158.49958801 283.81219482 393.71429443 255 64 64
176.53785706 274.54931641 440.13064575 255 64 64
176.52905273 274.53771973 440.15127563 255 64 64
176.53628540 274.54913330 440.13055420 255 64 64
176.52928162 274.53942871 440.14849854 255 64 64
126.61000061 236.98539734 372.24133301 255 64 64
126.61349487 236.98017883 372.26501465 255 64 64
126.60945892 236.98118591 372.23742676 255 64 64
126.61022186 236.97543335 372.26495361 255 64 64
226.15747070 281.26931763 451.10705566 255 64 64
226.16508484 281.25396729 451.12454224 255 64 64
226.15701294 281.26736450 451.11401367 255 64 64
226.16250610 281.25628662 451.13220215 255 64 64
148.25793457 239.58316040 366.69952393 255 64 64
148.26388550 239.57833862 366.71679688 255 64 64
148.25205994 239.58888245 366.70166016 255 64 64
148.25755310 239.58367920 366.72091675 255 64 64
159.71438599 223.25340271 456.21322632 255 64 64
159.71530151 223.24288940 456.23345947 255 64 64
159.71040344 223.25605774 456.21377563 255 64 64
159.71595764 223.24971008 456.23001099 255 64 64
176.35720825 238.02287292 477.74197388 255 64 64
176.35784912 238.01568604 477.77035522 255 64 64
176.35563660 238.02024841 477.73532104 255 64 64
176.35766602 238.01904297 477.75894165 255 64 64
204.18138123 212.72866821 438.69647217 255 64 64
204.19038391 212.71104431 438.72229004 255 64 64
204.17214966 212.72325134 438.71066284 255 64 64
204.18392944 212.70764160 438.73193359 255 64 64
121.18313599 295.63064575 452.63763428 255 64 64
121.18106079 295.63104248 452.66552734 255 64 64
121.19039917 295.62243652 452.63357544 255 64 64
121.18471527 295.62847900 452.66302490 255 64 64
176.68962097 253.81272888 411.84597778 255 64 64
176.69229126 253.80014038 411.86920166 255 64 64
176.68969727 253.80793762 411.85571289 255 64 64
176.69149780 253.79643250 411.87576294 255 64 64
127.62895203 298.74710083 412.27871704 255 64 64
127.64083862 298.74237061 412.30014038 255 64 64
127.63722229 298.74395752 412.28088379 255 64 64
127.64013672 298.74349976 412.30633545 255 64 64
135.06855774 300.17022705 474.65191650 255 64 64
135.06420898 300.16531372 474.68145752 255 64 64
135.07173157 300.15670776 474.64645386 255 64 64
135.06678772 300.15954590 474.67581177 255 64 64
146.04829407 282.04623413 388.56048584 255 64 64
146.05346680 282.04049683 388.58300781 255 64 64
146.05888367 282.04580688 388.56677246 255 64 64
146.05734253 282.04153442 388.59194946 255 64 64
228.28768921 230.07455444 436.63116455 255 64 64
228.30480957 230.06051636 436.64364624 255 64 64
228.28686523 230.06753540 436.64111328 255 64 64
228.30645752 230.05383301 436.65557861 255 64 64
106.29145813 277.40551758 411.55273438 255 64 64
106.30043030 277.40136719 411.57366943 255 64 64
106.30589294 277.40045166 411.55352783 255 64 64
106.30847168 277.39938354 411.57818604 255 64 64
164.33065796 236.77777100 384.77972412 255 64 64
164.33222961 236.76832581 384.80249023 255 64 64
164.32902527 236.77796936 384.79165649 255 64 64
164.32850647 236.77101135 384.81353760 255 64 64
163.81182861 297.29434204 432.38595581 255 64 64
163.81489563 297.28460693 432.40951538 255 64 64
163.81253052 297.28704834 432.38949585 255 64 64
163.81011963 297.28207397 432.41293335 255 64 64
103.95043945 248.14988708 392.04882812 255 64 64
103.95718384 248.14480591 392.07128906 255 64 64
103.95938110 248.14477539 392.04202271 255 64 64
103.95957184 248.13865662 392.06903076 255 64 64
208.22366333 239.01524353 432.28793335 255 64 64
208.23159790 239.00527954 432.30404663 255 64 64
208.22488403 239.01382446 432.29580688 255 64 64
208.23391724 239.00326538 432.31164551 255 64 64
173.48141479 233.86349487 459.89541626 255 64 64
173.48106384 233.85478210 459.91506958 255 64 64
173.47473145 233.86477661 459.89682007 255 64 64
173.47883606 233.86038208 459.91339111 255 64 64
150.13093567 306.79644775 422.25714111 255 64 64
150.13789368 306.79034424 422.27569580 255 64 64
150.13583374 306.79010010 422.25845337 255 64 64
150.13688660 306.78771973 422.28094482 255 64 64
197.92102051 290.28942871 449.52825928 255 64 64
197.92199707 290.27731323 449.54287720 255 64 64
197.92358398 290.28125000 449.53073120 255 64 64
197.92134094 290.27163696 449.54687500 255 64 64
96.38352966 263.96951294 417.39935303 255 64 64
96.38699341 263.96566772 417.42434692 255 64 64
96.39404297 263.96026611 417.39181519 255 64 64
96.39147186 263.95770264 417.42004395 255 64 64
185.84538269 304.51199341 467.33871460 255 64 64
185.84149170 304.50158691 467.35653687 255 64 64
185.84454346 304.50732422 467.33721924 255 64 64
185.83886719 304.50140381 467.35699463 255 64 64
153.99395752 237.76730347 471.13290405 255 64 64
153.99401855 237.76083374 471.15502930 255 64 64
153.99400330 237.76934814 471.12384033 255 64 64
153.99516296 237.76670837 471.14312744 255 64 64
180.16804504 288.62683105 446.99841309 255 64 64
180.16151428 288.61746216 447.01428223 255 64 64
180.17100525 288.62307739 446.99905396 255 64 64
180.16403198 288.61636353 447.01678467 255 64 64
156.49421692 294.64819336 401.30453491 255 64 64
156.50015259 294.64398193 401.32406616 255 64 64
156.49917603 294.65194702 401.31881714 255 64 64
156.49874878 294.65127563 401.34057617 255 64 64
201.14430237 258.26583862 438.94406128 255 64 64
201.14266968 258.25613403 438.96148682 255 64 64
201.13980103 258.26724243 438.94500732 255 64 64
201.13864136 258.25805664 438.96243286 255 64 64
139.73756409 308.07159424 440.36120605 255 64 64
139.74458313 308.06677246 440.39248657 255 64 64
139.73901367 308.06414795 440.35266113 255 64 64
139.74124146 308.06591797 440.38644409 255 64 64
137.97654724 250.87316895 376.25787354 255 64 64
137.98196411 250.86685181 376.28170776 255 64 64
137.98483276 250.87268066 376.26684570 255 64 64
137.98455811 250.86856079 376.29293823 255 64 64
120.03750610 283.75109863 399.64535522 255 64 64
120.04681396 283.74731445 399.66891479 255 64 64
120.05247498 283.74615479 399.65197754 255 64 64
120.05245209 283.74520874 399.67944336 255 64 64
104.38836670 282.42523193 437.50061035 255 64 64
104.38865662 282.42407227 437.52267456 255 64 64
104.39775085 282.41690063 437.49740601 255 64 64
104.39335632 282.41928101 437.52188110 255 64 64
220.28637695 256.67849731 440.28903198 255 64 64
220.28965759 256.66729736 440.30371094 255 64 64
220.28240967 256.67895508 440.29241943 255 64 64
220.28820801 256.66818237 440.30752563 255 64 64
174.38992310 215.67965698 453.55383301 255 64 64
174.39953613 215.66662598 453.57598877 255 64 64
174.38278198 215.67999268 453.55841064 255 64 64
174.39790344 215.67028809 453.57519531 255 64 64
190.07617188 216.89163208 409.13534546 255 64 64
190.07933044 216.87567139 409.14758301 255 64 64
190.06390381 216.89102173 409.14196777 255 64 64
190.07145691 216.87791443 409.15344238 255 64 64
188.36381531 254.61868286 432.21426392 255 64 64
188.36119080 254.60736084 432.23721313 255 64 64
188.36303711 254.61824036 432.21823120 255 64 64
188.35940552 254.60752869 432.23818970 255 64 64
158.71200562 257.02676392 384.28198242 255 64 64
158.71429443 257.01873779 384.30307007 255 64 64
158.71453857 257.03048706 384.29019165 255 64 64
158.71249390 257.02401733 384.31024170 255 64 64
178.54835510 204.69528198 383.58593750 255 64 64
178.55149841 204.68685913 383.60968018 255 64 64
178.54837036 204.69042969 383.59313965 255 64 64
178.55523682 204.68008423 383.61273193 255 64 64
182.53630066 234.59001160 466.88937378 255 64 64
182.53495789 234.58586121 466.91244507 255 64 64
182.53196716 234.59175110 466.89447021 255 64 64
182.53376770 234.59031677 466.91265869 255 64 64
106.29468536 283.46896362 426.29077148 255 64 64
106.29938507 283.46627808 426.30953979 255 64 64
106.30626678 283.46484375 426.29058838 255 64 64
106.30654144 283.46499634 426.31356812 255 64 64
172.02093506 237.54939270 394.73736572 255 64 64
172.02209473 237.53590393 394.76330566 255 64 64
172.02578735 237.54640198 394.74661255 255 64 64
172.02510071 237.53547668 394.76992798 255 64 64
202.98028564 271.82043457 441.80749512 255 64 64
202.97816467 271.81097412 441.82040405 255 64 64
202.98400879 271.81484985 441.81103516 255 64 64
202.98141479 271.80657959 441.82409668 255 64 64
192.66600037 237.87701416 426.98693848 255 64 64
192.66476440 237.86180115 427.00314331 255 64 64
192.65872192 237.87948608 426.99884033 255 64 64
192.66040039 237.86677551 427.01278687 255 64 64
166.66741943 271.76239014 397.26354980 255 64 64
166.67153931 271.75186157 397.28762817 255 64 64
166.67715454 271.76397705 397.27377319 255 64 64
166.67630005 271.75735474 397.29663086 255 64 64
180.84069824 229.12879944 410.44226074 255 64 64
180.84031677 229.11480713 410.46585083 255 64 64
180.84829712 229.12850952 410.45269775 255 64 64
180.84826660 229.11512756 410.47320557 255 64 64
172.08088684 303.83203125 469.76654053 255 64 64
172.08108521 303.82135010 469.78649902 255 64 64
172.08888245 303.81936646 469.76232910 255 64 64
172.08622742 303.81369019 469.78448486 255 64 64
124.93121338 300.28054810 430.58267212 255 64 64
124.93902588 300.27804565 430.60607910 255 64 64
124.93610382 300.27801514 430.58770752 255 64 64
124.93803406 300.27868652 430.61346436 255 64 64
100.44661713 268.13720703 408.72171021 255 64 64
100.45326233 268.13397217 408.74023438 255 64 64
100.45968628 268.12869263 408.71722412 255 64 64
100.45973969 268.12530518 408.74066162 255 64 64
157.25724792 229.78073120 465.24594116 255 64 64
157.25813293 229.77426147 465.26751709 255 64 64
157.25729370 229.78590393 465.24002075 255 64 64
157.25984192 229.78318787 465.25878906 255 64 64
197.67932129 218.38743591 425.96423340 255 64 64
197.68074036 218.37442017 425.98486328 255 64 64
197.66949463 218.38742065 425.97106934 255 64 64
197.67373657 218.37533569 425.98767090 255 64 64
208.84936523 251.36958313 438.91848755 255 64 64
208.84872437 251.36134338 438.93576050 255 64 64
208.84457397 251.36622620 438.92276001 255 64 64
208.84613037 251.35757446 438.94015503 255 64 64
146.06999207 304.72006226 447.80331421 255 64 64
146.07144165 304.71386719 447.82669067 255 64 64
146.07769775 304.71414185 447.80133057 255 64 64
146.07469177 304.71276855 447.82687378 255 64 64
169.49281311 226.08554077 375.00140381 255 64 64
169.49868774 226.07598877 375.02017212 255 64 64
169.49183655 226.08822632 375.01559448 255 64 64
169.49794006 226.07888794 375.03186035 255 64 64
163.16384888 298.83905029 421.56344604 255 64 64
163.17054749 298.83020020 421.58447266 255 64 64
163.16743469 298.83520508 421.56466675 255 64 64
163.16767883 298.83041382 421.58724976 255 64 64
163.69075012 294.83267212 458.21789551 255 64 64
163.68571472 294.82235718 458.24368286 255 64 64
163.69427490 294.82388306 458.21102905 255 64 64
163.68676758 294.81890869 458.23641968 255 64 64
171.99220276 256.20288086 463.01446533 255 64 64
171.99107361 256.19302368 463.03100586 255 64 64
171.98889160 256.20700073 463.01895142 255 64 64
171.98910522 256.20196533 463.03302002 255 64 64
192.60423279 202.98777771 402.01818848 255 64 64
192.61245728 202.97442627 402.03463745 255 64 64
192.60623169 202.98806763 402.02389526 255 64 64
192.61767578 202.97390747 402.03759766 255 64 64
136.34400940 288.92587280 393.84255981 255 64 64
136.35015869 288.92254639 393.86532593 255 64 64
136.35848999 288.92556763 393.85025024 255 64 64
136.35614014 288.92529297 393.87588501 255 64 64
129.82476807 264.05007935 384.16818237 255 64 64
129.82963562 264.04492188 384.18847656 255 64 64
129.83497620 264.04876709 384.17025757 255 64 64
129.83377075 264.04467773 384.19577026 255 64 64
217.59851074 277.17620850 446.06701660 255 64 64
217.59741211 277.16567993 446.08151245 255 64 64
217.59216309 277.17178345 446.07196045 255 64 64
217.59204102 277.16461182 446.08715820 255 64 64
115.50002289 294.35513306 440.07363892 255 64 64
115.50468445 294.35485840 440.09130859 255 64 64
115.50724030 294.35150146 440.07797241 255 64 64
115.50672913 294.35531616 440.10083008 255 64 64
176.12533569 266.15106201 472.94412231 255 64 64
176.12043762 266.14114380 472.96472168 255 64 64
176.13014221 266.14453125 472.95022583 255 64 64
176.12457275 266.13925171 472.96786499 255 64 64
163.07546997 219.90190125 362.66030884 255 64 64
163.08880615 219.89758301 362.67437744 255 64 64
163.07627869 219.90167236 362.65979004 255 64 64
163.09159851 219.89567566 362.67620850 255 64 64
150.30053711 299.13891602 460.10040283 255 64 64
150.29972839 299.12957764 460.12173462 255 64 64
150.30990601 299.12606812 460.10076904 255 64 64
150.30583191 299.12255859 460.12249756 255 64 64
204.99414062 309.36318970 473.00723267 255 64 64
205.00102234 309.34481812 473.03073120 255 64 64
205.00064087 309.35266113 473.01373291 255 64 64
205.00453186 309.34057617 473.03900146 255 64 64
97.54656982 272.05828857 432.71289062 255 64 64
97.54422760 272.05569458 432.73416138 255 64 64
97.55963135 272.04840088 432.70925903 255 64 64
97.55331421 272.04849243 432.73364258 255 64 64
99.40793610 252.28799438 399.53628540 255 64 64
99.41654968 252.28245544 399.55725098 255 64 64
99.41687012 252.28094482 399.52752686 255 64 64
99.41809082 252.27571106 399.55276489 255 64 64
203.71527100 281.60226440 445.54498291 255 64 64
203.70967102 281.59210205 445.55773926 255 64 64
203.70935059 281.59753418 445.54641724 255 64 64
203.70542908 281.59063721 445.56045532 255 64 64
166.96672058 239.50526428 478.25280762 255 64 64
166.96789551 239.49897766 478.27688599 255 64 64
166.96749878 239.49688721 478.25067139 255 64 64
166.97006226 239.49624634 478.27264404 255 64 64
171.43814087 241.28724670 466.16348267 255 64 64
171.43951416 241.27899170 466.18634033 255 64 64
171.43637085 241.28982544 466.16635132 255 64 64
171.43847656 241.28570557 466.18753052 255 64 64
131.98406982 244.32653809 369.72348022 255 64 64
131.98776245 244.32373047 369.74252319 255 64 64
131.98072815 244.32785034 369.72070312 255 64 64
131.98138428 244.32571411 369.74313354 255 64 64
156.96665955 304.05230713 429.00161743 255 64 64
156.97381592 304.04486084 429.02435303 255 64 64
156.96943665 304.04904175 429.00476074 255 64 64
156.97109985 304.04489136 429.03045654 255 64 64
193.68826294 212.64268494 416.63330078 255 64 64
193.69482422 212.62767029 416.65347290 255 64 64
193.68872070 212.64477539 416.64477539 255 64 64
193.69863892 212.63096619 416.66125488 255 64 64
153.97163391 216.03184509 453.54437256 255 64 64
153.97349548 216.02091980 453.56451416 255 64 64
153.96426392 216.03700256 453.53625488 255 64 64
153.97155762 216.02911377 453.55236816 255 64 64
166.46948242 227.00042725 461.42700195 255 64 64
166.46978760 226.99194336 461.44815063 255 64 64
166.46853638 227.00378418 461.42477417 255 64 64
166.47148132 226.99948120 461.44265747 255 64 64
173.99194336 271.30377197 414.70095825 255 64 64
173.99389648 271.29168701 414.72528076 255 64 64
173.99790955 271.30252075 414.70648193 255 64 64
173.99717712 271.29306030 414.72827148 255 64 64
228.16308594 259.89294434 444.06750488 255 64 64
228.16973877 259.87899780 444.08374023 255 64 64
228.15863037 259.89028931 444.07675171 255 64 64
228.16598511 259.88073730 444.09240723 255 64 64
155.64465332 239.81553650 375.23687744 255 64 64
155.64892578 239.80570984 375.25955200 255 64 64
155.65170288 239.81680298 375.24743652 255 64 64
155.65223694 239.80819702 375.26889038 255 64 64
164.34317017 259.11679077 391.33105469 255 64 64
164.34852600 259.10586548 391.35671997 255 64 64
164.34822083 259.11929321 391.34378052 255 64 64
164.34771729 259.11090088 391.36648560 255 64 64
174.13337708 224.78276062 456.58721924 255 64 64
174.13560486 224.77262878 456.60733032 255 64 64
174.12402344 224.78581238 456.59100342 255 64 64
174.13150024 224.77957153 456.60742188 255 64 64
204.09904480 223.20985413 430.49411011 255 64 64
204.10528564 223.19776917 430.51367188 255 64 64
204.09346008 223.21366882 430.49920654 255 64 64
204.10121155 223.20111084 430.51641846 255 64 64
121.33525085 274.01892090 396.45480347 255 64 64
121.34256744 274.01477051 396.48080444 255 64 64
121.34620667 274.01617432 396.46102905 255 64 64
121.34548950 274.01617432 396.48901367 255 64 64
140.27197266 306.97457886 426.79644775 255 64 64
140.28025818 306.97012329 426.81521606 255 64 64
140.27726746 306.97326660 426.79650879 255 64 64
140.27847290 306.97344971 426.81948853 255 64 64
179.75749207 252.95579529 421.01681519 255 64 64
179.76229858 252.94216919 421.04598999 255 64 64
179.75732422 252.94749451 421.02005005 255 64 64
179.75978088 252.93589783 421.04467773 255 64 64
123.45615387 246.89878845 371.43417358 255 64 64
123.46313477 246.89442444 371.45312500 255 64 64
123.45460510 246.90138245 371.43389893 255 64 64
123.45855713 246.89601135 371.45846558 255 64 64
127.13921356 250.81130981 469.44396973 255 64 64
127.12504578 250.80957031 469.45590210 255 64 64
127.12500000 250.82095337 469.43884277 255 64 64
127.11577606 250.82374573 469.44818115 255 64 64
143.64686584 300.25430298 471.86221313 255 64 64
143.64540100 300.24768066 471.88592529 255 64 64
143.65008545 300.24948120 471.86001587 255 64 64
143.64630127 300.24880981 471.88360596 255 64 64
218.88842773 290.29501343 451.14059448 255 64 64
218.88742065 290.28851318 451.14923096 255 64 64
218.88569641 290.28582764 451.14108276 255 64 64
218.88504028 290.28186035 451.15319824 255 64 64
123.85215759 297.02545166 420.17150879 255 64 64
123.85964203 297.02310181 420.19546509 255 64 64
123.86001587 297.02307129 420.17544556 255 64 64
123.86155701 297.02426147 420.20126343 255 64 64
139.55882263 297.81295776 402.32199097 255 64 64
139.56636047 297.80819702 402.34457397 255 64 64
139.56831360 297.81417847 402.32672119 255 64 64
139.56974792 297.81216431 402.35293579 255 64 64
158.56575012 225.90026855 367.92645264 255 64 64
158.57080078 225.89324951 367.94659424 255 64 64
158.56454468 225.89872742 367.93539429 255 64 64
158.57041931 225.89210510 367.95611572 255 64 64
194.42890930 305.77597046 468.33587646 255 64 64
194.43133545 305.76010132 468.35769653 255 64 64
194.43176270 305.76861572 468.33813477 255 64 64
194.43124390 305.75952148 468.36114502 255 64 64
222.10757446 236.83314514 436.68893433 255 64 64
222.11965942 236.82229614 436.70303345 255 64 64
222.10824585 236.83059692 436.70742798 255 64 64
222.12152100 236.81974792 436.72167969 255 64 64
136.46360779 304.09240723 415.03732300 255 64 64
136.46926880 304.08987427 415.06134033 255 64 64
136.47300720 304.08789062 415.03894043 255 64 64
136.47261047 304.08831787 415.06536865 255 64 64
209.87890625 298.31585693 455.03390503 255 64 64
209.87850952 298.30422974 455.04998779 255 64 64
209.87882996 298.31390381 455.03179932 255 64 64
209.87794495 298.30615234 455.05084229 255 64 64
160.10023499 298.32089233 440.16146851 255 64 64
160.09973145 298.31146240 440.18740845 255 64 64
160.09967041 298.31494141 440.15554810 255 64 64
160.09539795 298.31140137 440.18194580 255 64 64
144.61511230 254.48719788 380.61987305 255 64 64
144.61764526 254.48046875 380.64456177 255 64 64
144.62625122 254.48936462 380.63192749 255 64 64
144.62326050 254.48426819 380.65728760 255 64 64
146.51626587 241.94664001 470.92337036 255 64 64
146.51463318 241.93978882 470.94866943 255 64 64
146.51756287 241.94493103 470.91952515 255 64 64
146.51774597 241.94270325 470.94018555 255 64 64
175.29931641 271.97357178 432.07110596 255 64 64
175.29472351 271.96087646 432.09808350 255 64 64
175.30209351 271.96826172 432.06973267 255 64 64
175.29711914 271.95788574 432.09457397 255 64 64
180.56979370 260.75317383 430.58938599 255 64 64
180.56896973 260.74014282 430.61672974 255 64 64
180.57283020 260.74847412 430.58905029 255 64 64
180.57170105 260.73721313 430.61267090 255 64 64
174.68159485 230.11392212 397.80728149 255 64 64
174.68605042 230.10037231 397.83642578 255 64 64
174.68963623 230.11167908 397.82247925 255 64 64
174.68992615 230.10028076 397.84606934 255 64 64
187.05357361 232.90287781 420.79177856 255 64 64
187.05474854 232.88801575 420.81082153 255 64 64
187.04861450 232.91165161 420.80401611 255 64 64
187.05334473 232.89741516 420.82086182 255 64 64
170.63230896 307.58471680 477.46047974 255 64 64
170.63208008 307.57626343 477.48031616 255 64 64
170.64352417 307.56811523 477.45483398 255 64 64
170.64115906 307.56552124 477.47692871 255 64 64
110.85415649 260.06921387 388.81484985 255 64 64
110.86113739 260.06729126 388.83093262 255 64 64
110.85828400 260.06628418 388.81353760 255 64 64
110.85992432 260.06378174 388.83569336 255 64 64
176.29719543 220.79530334 389.17047119 255 64 64
176.29644775 220.78248596 389.19091797 255 64 64
176.29391479 220.79641724 389.17654419 255 64 64
176.29327393 220.78544617 389.19573975 255 64 64
110.14485168 268.48776245 397.07995605 255 64 64
110.15238953 268.48535156 397.09704590 255 64 64
110.15882874 268.48687744 397.08566284 255 64 64
110.16065979 268.48562622 397.10836792 255 64 64
206.07638550 291.60635376 449.49798584 255 64 64
206.07714844 291.59356689 449.51300049 255 64 64
206.07798767 291.60388184 449.49703979 255 64 64
206.07766724 291.59396362 449.51284790 255 64 64
107.86892700 282.01348877 418.17221069 255 64 64
107.87541962 282.01071167 418.19482422 255 64 64
107.88021088 282.00469971 418.16839600 255 64 64
107.88021088 282.00524902 418.19534302 255 64 64
106.97019958 243.58558655 385.92279053 255 64 64
106.97808838 243.58090210 385.94979858 255 64 64
106.97737122 243.58261108 385.92120361 255 64 64
106.97962952 243.57743835 385.95086670 255 64 64
232.38629150 285.88171387 453.64318848 255 64 64
232.39349365 285.86907959 453.65905762 255 64 64
232.38560486 285.87203979 453.64724731 255 64 64
232.39212036 285.86328125 453.66613770 255 64 64
164.78315735 287.32565308 402.36407471 255 64 64
164.78898621 287.31649780 402.38632202 255 64 64
164.79235840 287.32290649 402.37548828 255 64 64
164.79225159 287.31713867 402.39895630 255 64 64
197.07469177 223.87202454 419.98345947 255 64 64
197.08016968 223.85839844 419.99835205 255 64 64
197.06886292 223.87200928 419.99328613 255 64 64
197.08026123 223.85833740 420.00625610 255 64 64
209.11444092 218.67147827 436.13546753 255 64 64
209.11883545 218.65916443 436.15432739 255 64 64
209.10629272 218.66894531 436.14062500 255 64 64
209.11541748 218.65687561 436.15716553 255 64 64
191.74829102 206.89654541 422.76376343 255 64 64
191.75387573 206.88018799 422.78762817 255 64 64
191.74325562 206.89387512 422.77200317 255 64 64
191.75027466 206.88040161 422.79132080 255 64 64
128.41412354 298.68621826 454.71905518 255 64 64
128.41632080 298.68218994 454.73345947 255 64 64
128.42655945 298.67370605 454.71682739 255 64 64
128.42451477 298.67291260 454.73577881 255 64 64
170.98095703 254.23568726 398.98660278 255 64 64
170.98617554 254.22160339 399.01126099 255 64 64
170.98783875 254.23344421 398.99768066 255 64 64
170.98954773 254.22299194 399.01992798 255 64 64
188.42800903 287.65072632 446.35586548 255 64 64
188.42509460 287.63998413 446.36898804 255 64 64
188.43406677 287.64355469 446.35549927 255 64 64
188.42967224 287.63543701 446.37210083 255 64 64
156.97434998 241.40570068 477.59667969 255 64 64
156.97349548 241.40078735 477.61843872 255 64 64
156.97068787 241.40834045 477.58645630 255 64 64
156.97088623 241.40779114 477.60665894 255 64 64
184.63430786 308.33264160 475.10543823 255 64 64
184.63691711 308.31893921 475.12640381 255 64 64
184.63568115 308.32135010 475.10317993 255 64 64
184.63572693 308.31414795 475.12652588 255 64 64
168.80145264 284.05773926 439.91226196 255 64 64
168.80274963 284.04406738 439.94338989 255 64 64
168.79899597 284.05133057 439.90402222 255 64 64
168.79656982 284.04214478 439.93307495 255 64 64
172.57220459 224.50521851 383.03405762 255 64 64
172.57742310 224.49519348 383.05596924 255 64 64
172.57643127 224.50555420 383.04995728 255 64 64
172.58062744 224.49641418 383.06924438 255 64 64
235.88824463 276.79772949 451.10501099 255 64 64
235.89553833 276.78497314 451.11947632 255 64 64
235.88755798 276.78860474 451.11614990 255 64 64
235.89335632 276.77957153 451.13253784 255 64 64
171.37432861 287.82281494 423.40975952 255 64 64
171.37936401 287.81161499 423.42932129 255 64 64
171.38381958 287.82418823 423.41705322 255 64 64
171.38435364 287.81558228 423.43847656 255 64 64
129.97654724 304.09957886 435.24499512 255 64 64
129.98484802 304.09729004 435.26718140 255 64 64
129.98181152 304.09472656 435.24447632 255 64 64
129.98258972 304.09619141 435.27032471 255 64 64
165.44604492 292.35836792 409.82864380 255 64 64
165.45173645 292.34707642 409.85272217 255 64 64
165.44659424 292.35421753 409.83120728 255 64 64
165.44602966 292.34762573 409.85729980 255 64 64
114.15468597 292.20410156 452.01736450 255 64 64
114.15359497 292.20263672 452.04492188 255 64 64
114.16523743 292.19561768 452.01815796 255 64 64
114.16076660 292.20019531 452.04638672 255 64 64
182.44815063 211.80572510 390.68753052 255 64 64
182.45080566 211.79428101 390.70565796 255 64 64
182.44674683 211.80763245 390.69244385 255 64 64
182.44978333 211.79609680 390.70822144 255 64 64
167.10043335 299.20605469 463.73480225 255 64 64
167.09767151 299.19287109 463.75930786 255 64 64
167.10739136 299.19189453 463.73590088 255 64 64
167.10188293 299.18527222 463.76086426 255 64 64
186.28140259 274.65435791 440.41699219 255 64 64
186.27604675 274.64343262 440.43377686 255 64 64
186.28765869 274.65106201 440.42404175 255 64 64
186.28204346 274.64077759 440.43981934 255 64 64
175.49578857 263.75524902 414.17718506 255 64 64
175.50016785 263.74078369 414.20407104 255 64 64
175.50141907 263.74835205 414.18435669 255 64 64
175.50195312 263.73675537 414.20870972 255 64 64
201.35656738 296.12353516 453.51028442 255 64 64
201.35389709 296.11126709 453.52569580 255 64 64
201.36151123 296.12170410 453.51098633 255 64 64
201.35675049 296.11248779 453.52905273 255 64 64
122.76355743 261.27636719 382.54742432 255 64 64
122.76913452 261.27212524 382.56781006 255 64 64
122.76753235 261.27603149 382.55197144 255 64 64
122.76907349 261.27310181 382.57507324 255 64 64
178.29383850 297.23156738 454.01892090 255 64 64
178.29164124 297.22308350 454.03234863 255 64 64
178.30422974 297.21798706 454.01971436 255 64 64
178.29859924 297.21130371 454.03607178 255 64 64
144.52571106 306.04016113 417.16424561 255 64 64
144.53314209 306.03598022 417.18518066 255 64 64
144.53054810 306.03808594 417.16278076 255 64 64
144.53106689 306.03790283 417.18655396 255 64 64
151.88629150 304.70950317 442.91076660 255 64 64
151.88815308 304.70129395 442.93511963 255 64 64
151.89347839 304.69805908 442.90802002 255 64 64
151.88989258 304.69427490 442.93484497 255 64 64
169.62243652 292.20785522 453.02310181 255 64 64
169.61874390 292.19702148 453.04678345 255 64 64
169.62528992 292.19384766 453.02044678 255 64 64
169.61912537 292.18792725 453.04504395 255 64 64
118.62259674 292.51794434 417.08715820 255 64 64
118.63053894 292.51434326 417.10729980 255 64 64
118.62848663 292.51409912 417.08963013 255 64 64
118.63082886 292.51416016 417.11334229 255 64 64
135.94966125 299.18695068 467.20944214 255 64 64
135.94555664 299.18179321 467.23385620 255 64 64
135.95431519 299.17651367 467.20767212 255 64 64
135.94924927 299.17773438 467.23345947 255 64 64
166.40380859 290.79217529 437.47106934 255 64 64
166.40345764 290.78298950 437.49401855 255 64 64
166.40512085 290.78460693 437.46466064 255 64 64
166.40075684 290.77685547 437.48773193 255 64 64
159.38537598 302.31051636 472.93194580 255 64 64
159.38172913 302.30175781 472.95208740 255 64 64
159.39042664 302.30166626 472.92578125 255 64 64
159.38583374 302.29803467 472.94726562 255 64 64
179.65451050 241.39009094 468.47903442 255 64 64
179.65293884 241.38265991 468.50262451 255 64 64
179.65118408 241.38728333 468.48223877 255 64 64
179.65139771 241.38438416 468.50250244 255 64 64
180.24501038 280.95480347 441.54675293 255 64 64
180.23944092 280.94354248 441.56488037 255 64 64
180.24855042 280.95086670 441.54943848 255 64 64
180.24195862 280.94137573 441.56689453 255 64 64
125.31963348 282.57116699 394.39871216 255 64 64
125.33032227 282.56787109 394.42047119 255 64 64
125.32821655 282.57043457 394.40631104 255 64 64
125.33041382 282.57006836 394.43145752 255 64 64
199.22027588 241.26992798 429.61065674 255 64 64
199.22341919 241.25656128 429.62707520 255 64 64
199.21737671 241.26806641 429.61914062 255 64 64
199.22297668 241.25601196 429.63348389 255 64 64
192.46627808 269.06509399 438.70614624 255 64 64
192.46475220 269.05749512 438.72027588 255 64 64
192.47015381 269.06066895 438.70828247 255 64 64
192.46780396 269.05377197 438.72445679 255 64 64
152.43542480 268.46774292 383.80276489 255 64 64
152.44029236 268.46182251 383.82397461 255 64 64
152.44618225 268.46578979 383.81829834 255 64 64
152.44525146 268.46273804 383.84042358 255 64 64
170.27154541 273.81744385 406.43002319 255 64 64
170.27447510 273.80282593 406.45877075 255 64 64
170.27236938 273.81030273 406.43475342 255 64 64
170.26969910 273.80072021 406.46151733 255 64 64
168.92277527 250.52290344 466.76931763 255 64 64
168.92323303 250.51159668 466.79086304 255 64 64
168.92446899 250.52592468 466.76980591 255 64 64
168.92549133 250.52154541 466.78787231 255 64 64
180.33804321 229.21719360 460.34777832 255 64 64
180.33793640 229.21029663 460.36843872 255 64 64
180.32858276 229.21968079 460.34875488 255 64 64
180.33323669 229.21556091 460.36480713 255 64 64
209.03446960 228.60311890 428.01870728 255 64 64
209.03883362 228.59214783 428.03369141 255 64 64
209.02716064 228.60816956 428.02636719 255 64 64
209.03555298 228.59655762 428.04016113 255 64 64
234.69935608 262.44644165 447.14279175 255 64 64
234.70843506 262.43249512 447.15594482 255 64 64
234.69512939 262.44180298 447.15444946 255 64 64
234.70401001 262.43148804 447.16973877 255 64 64
132.33467102 258.56320190 379.87786865 255 64 64
132.33784485 258.55810547 379.89916992 255 64 64
132.34240723 258.56161499 379.87957764 255 64 64
132.34172058 258.55718994 379.90277100 255 64 64
223.22222900 301.54931641 456.04483032 255 64 64
223.22872925 301.53533936 456.05654907 255 64 64
223.22836304 301.53842163 456.05078125 255 64 64
223.23097229 301.52972412 456.06738281 255 64 64
136.71730042 269.38406372 386.67016602 255 64 64
136.72326660 269.37808228 386.69573975 255 64 64
136.72760010 269.38888550 386.67431641 255 64 64
136.72756958 269.38610840 386.70184326 255 64 64
185.38322449 227.82441711 466.17239380 255 64 64
185.38485718 227.82032776 466.19604492 255 64 64
185.37924194 227.82345581 466.17700195 255 64 64
185.38478088 227.82237244 466.19561768 255 64 64
101.52539062 277.90292358 430.65460205 255 64 64
101.52735901 277.90063477 430.67553711 255 64 64
101.54092407 277.89593506 430.65402222 255 64 64
101.53712463 277.89541626 430.67703247 255 64 64
114.16098022 283.96350098 407.22964478 255 64 64
114.16952515 283.96041870 407.25558472 255 64 64
114.17333984 283.95663452 407.23236084 255 64 64
114.17407990 283.95700073 407.26138306 255 64 64
134.41555786 282.39501953 391.10140991 255 64 64
134.42021179 282.39224243 391.12396240 255 64 64
134.42599487 282.39608765 391.10742188 255 64 64
134.42454529 282.39566040 391.13262939 255 64 64
159.50074768 241.96649170 382.85400391 255 64 64
159.50352478 241.95684814 382.87988281 255 64 64
159.50657654 241.96513367 382.86444092 255 64 64
159.50521851 241.95835876 382.88891602 255 64 64
124.51618195 301.09088135 440.98559570 255 64 64
124.52128601 301.08947754 441.00564575 255 64 64
124.52259064 301.08398438 440.98376465 255 64 64
124.52345276 301.08612061 441.00872803 255 64 64
194.77423096 209.26744080 437.34280396 255 64 64
194.77993774 209.25332642 437.37533569 255 64 64
194.77119446 209.27062988 437.34909058 255 64 64
194.77764893 209.25634766 437.37490845 255 64 64
110.90032959 289.73602295 434.97222900 255 64 64
110.90356445 289.73416138 434.99267578 255 64 64
110.91339111 289.72595215 434.97381592 255 64 64
110.91169739 289.72821045 434.99789429 255 64 64
136.26487732 236.80290222 369.47418213 255 64 64
136.26852417 236.79977417 369.49783325 255 64 64
136.26245117 236.80741882 369.47784424 255 64 64
136.26431274 236.80397034 369.50305176 255 64 64
167.55690002 293.85302734 425.04135132 255 64 64
167.56201172 293.84158325 425.06845093 255 64 64
167.56025696 293.84704590 425.04019165 255 64 64
167.55938721 293.84106445 425.06768799 255 64 64
209.63766479 274.33200073 443.50592041 255 64 64
209.63748169 274.32061768 443.52191162 255 64 64
209.62991333 274.32937622 443.50640869 255 64 64
209.62989807 274.32083130 443.52221680 255 64 64
185.06101990 213.27261353 397.97686768 255 64 64
185.06181335 213.25923157 397.99325562 255 64 64
185.05677795 213.27438354 397.98226929 255 64 64
185.06201172 213.26208496 397.99627686 255 64 64
195.54019165 302.23394775 459.41003418 255 64 64
195.54078674 302.21929932 459.42617798 255 64 64
195.54342651 302.22808838 459.41290283 255 64 64
195.54190063 302.21865845 459.43228149 255 64 64
200.22673035 265.47882080 439.31445312 255 64 64
200.22760010 265.46853638 439.32940674 255 64 64
200.22677612 265.47875977 439.31588745 255 64 64
200.22866821 265.46905518 439.33352661 255 64 64
226.78250122 271.80255127 448.58187866 255 64 64
226.78367615 271.79132080 448.59637451 255 64 64
226.77563477 271.79843140 448.58450317 255 64 64
226.77792358 271.79110718 448.60092163 255 64 64
192.95468140 207.63842773 407.52749634 255 64 64
192.95977783 207.62582397 407.54437256 255 64 64
192.95339966 207.64025879 407.53341675 255 64 64
192.96054077 207.62660217 407.54660034 255 64 64
120.41761017 241.94857788 375.68017578 255 64 64
120.42234802 241.94303894 375.70681763 255 64 64
120.41991425 241.94538879 375.68457031 255 64 64
120.42092896 241.93969727 375.71386719 255 64 64
142.09831238 242.35734558 369.14721680 255 64 64
142.10028076 242.35273743 369.16741943 255 64 64
142.09492493 242.35914612 369.14556885 255 64 64
142.09790039 242.35331726 369.16973877 255 64 64
162.23918152 219.46228027 450.67608643 255 64 64
162.24108887 219.45169067 450.69387817 255 64 64
162.22994995 219.46423340 450.67532349 255 64 64
162.23664856 219.45751953 450.68930054 255 64 64
113.56783295 286.33145142 414.45623779 255 64 64
113.57354736 286.32830811 414.47955322 255 64 64
113.58267212 286.31964111 414.46179199 255 64 64
113.58189392 286.32107544 414.48843384 255 64 64
192.82156372 258.22741699 436.43991089 255 64 64
192.82012939 258.21578979 436.46173096 255 64 64
192.82287598 258.22494507 436.44268799 255 64 64
192.82269287 258.21441650 436.46347046 255 64 64
172.08010864 280.82116699 414.41790771 255 64 64
172.08354187 280.80960083 414.43826294 255 64 64
172.08636475 280.81790161 414.42279053 255 64 64
172.08496094 280.80889893 414.44409180 255 64 64
149.08682251 287.91387939 392.17883301 255 64 64
149.09130859 287.90942383 392.20245361 255 64 64
149.09339905 287.91342163 392.18664551 255 64 64
149.09185791 287.91061401 392.21191406 255 64 64
126.80680084 267.52081299 390.97854614 255 64 64
126.81266022 267.51516724 391.00625610 255 64 64
126.81865692 267.51818848 390.99029541 255 64 64
126.81649017 267.51644897 391.01898193 255 64 64
284.22567749 292.21270752 465.28778076 64 255 128
59.94330215 150.43214417 448.94750977 64 255 128
125.33200073 282.57598877 394.41101074 64 255 128
193.19813538 161.42492676 394.65783691 64 255 128
172.14700317 306.70800781 500.43301392 64 255 128
99.72686768 198.03662109 370.65496826 64 255 128
80.85832214 253.73786926 464.03024292 64 255 128
150.03280640 189.23898315 473.24148560 64 255 128
208.84298706 251.35897827 438.92401123 64 255 128
123.36621094 117.87799835 405.51712036 64 255 128
169.49636841 226.08065796 375.01052856 64 255 128
274.51324463 227.60050964 421.51577759 64 255 128
56.87602997 200.42642212 491.54324341 64 255 128
128.42700195 298.69198608 454.71502686 64 255 128
223.36700439 310.70199585 465.84100342 64 255 128
213.20825195 218.90826416 483.66223145 64 255 128
70.20153046 203.90777588 424.27487183 64 255 128
135.26043701 145.98492432 355.60314941 64 255 128
91.28900146 249.78343201 408.50585938 64 255 128
83.69690704 154.86788940 399.23284912 64 255 128
171.38400269 287.82498169 423.41598511 64 255 128
133.04682922 244.10710144 468.10687256 64 255 128
152.96478271 156.81774902 427.90499878 64 255 128
97.37857056 183.90342712 467.63977051 64 255 128
254.31805420 247.41883850 463.07226562 64 255 128
215.88470459 202.21041870 436.91717529 64 255 128
123.51100159 294.51800537 503.91799927 64 255 128
179.22752380 251.35856628 492.32876587 64 255 128
123.46625519 246.90159607 371.43603516 64 255 128
145.97125244 190.74252319 356.86029053 64 255 128
164.71772766 126.73744202 384.58596802 64 255 128
110.27486420 149.67123413 436.18023682 64 255 128
164.34399414 259.12100220 391.34698486 64 255 128
168.98559570 219.62239075 451.28744507 64 255 128
223.10015869 268.48233032 485.51406860 64 255 128
98.53282928 223.71606445 485.59729004 64 255 128
190.06808472 216.88046265 409.14056396 64 255 128
183.84300232 302.00897217 461.52600098 64 255 128
211.60499573 310.71401978 505.32400513 64 255 128
106.31034088 283.47100830 426.29489136 64 255 128
235.89299011 276.79299927 451.10299683 64 255 128
178.78976440 190.52204895 379.31500244 64 255 128
54.71668625 187.02711487 455.14749146 64 255 128
138.36898804 305.55599976 420.11599731 64 255 128
82.43627167 128.75207520 424.76550293 64 255 128
179.31408691 179.61613464 443.98092651 64 255 128
108.58381653 163.75164795 372.62753296 64 255 128
244.37815857 222.20053101 438.65087891 64 255 128
166.33952332 259.56045532 463.76925659 64 255 128
162.65011597 159.88043213 373.07604980 64 255 128
85.51306152 216.82507324 398.84048462 64 255 128
65.72060394 220.81205750 460.96847534 64 255 128
179.75900269 252.94700623 421.02301025 64 255 128
122.30461884 217.60737610 357.94848633 64 255 128
78.32220459 236.53814697 431.23254395 64 255 128
99.13149261 280.12658691 456.21240234 64 255 128
154.15670776 274.08801270 492.88275146 64 255 128
66.26893616 169.63954163 422.71878052 64 255 128
121.94134521 206.01766968 474.32656860 64 255 128
251.92001343 297.69900513 471.56100464 64 255 128
181.21360779 203.19271851 484.16799927 64 255 128
148.14900208 303.38497925 478.99499512 64 255 128
123.94833374 174.32826233 454.91589355 64 255 128
203.70899963 281.59201050 445.54901123 64 255 128
81.66902161 187.03225708 397.85861206 64 255 128
156.21800232 289.49600220 396.33700562 64 255 128
56.46255112 167.04612732 478.32882690 64 255 128
100.76436615 234.06294250 376.26458740 64 255 128
175.18519592 142.68707275 411.65539551 64 255 128
117.26641083 136.66084290 382.85156250 64 255 128
94.48184204 255.79840088 490.86441040 64 255 128
194.77073669 280.77291870 495.26284790 64 255 128
193.07882690 231.89653015 470.57019043 64 255 128
152.02650452 123.71784210 410.80566406 64 255 128
70.67652130 227.67048645 491.04391479 64 255 128
157.50500488 296.52600098 450.22601318 64 255 128
108.79538727 263.80252075 393.45379639 64 255 128
87.14414978 158.05593872 454.19723511 64 255 128
199.31497192 187.88887024 405.59732056 64 255 128
137.32301331 259.79400635 383.53799438 64 255 128
269.35305786 270.00717163 452.89498901 64 255 128
148.42738342 218.23048401 467.92355347 64 255 128
234.22883606 247.33927917 441.48822021 64 255 128
116.45227814 267.33947754 477.65731812 64 255 128
211.03938293 200.40122986 464.23687744 64 255 128
236.80783081 224.98524475 465.04443359 64 255 128
99.00428772 128.77897644 402.78186035 64 255 128
190.01156616 164.61123657 421.33935547 64 255 128
154.89660645 176.06958008 450.72366333 64 255 128
89.28043365 261.86688232 434.96688843 64 255 128
176.16699219 234.28900146 402.38400269 64 255 128
194.95500183 312.30300903 484.88500977 64 255 128
151.52577209 216.41333008 356.62442017 64 255 128
153.54631042 243.20826721 376.78671265 64 255 128
267.82681274 245.04859924 440.13150024 64 255 128
119.30429077 184.06542969 359.03771973 64 255 128
81.27950287 198.60955811 481.38751221 64 255 128
132.41941833 137.47734070 420.60165405 64 255 128
167.71720886 138.45619202 360.31198120 64 255 128
108.71553040 122.19513702 426.24899292 64 255 128
204.09327698 223.20603943 430.50253296 64 255 128
140.90759277 129.52243042 375.29129028 64 255 128
230.83001709 243.62973022 480.70697021 64 255 128
224.36895752 298.08215332 487.71603394 64 255 128
146.52700806 303.95098877 503.89398193 64 255 128
245.68090820 269.54986572 474.36148071 64 255 128
183.21546936 142.42997742 380.30090332 64 255 128
205.26898193 249.37068176 487.84423828 64 255 128
180.25698853 270.19900513 438.20898438 64 255 128
188.23954773 201.62098694 435.98803711 64 255 128
121.21199799 297.48498535 477.67098999 64 255 128
139.73397827 169.12509155 361.91473389 64 255 128
177.90014648 201.62721252 461.67440796 64 255 128
179.23939514 210.97596741 385.77465820 64 255 128
130.51486206 160.24203491 437.18234253 64 255 128
76.46730042 177.05737305 472.61517334 64 255 128
97.12669373 274.67630005 476.46566772 64 255 128
165.46261597 200.81269836 363.46975708 64 255 128
72.09074402 147.44996643 418.61038208 64 255 128
93.54102325 179.92758179 379.29806519 64 255 128
151.48918152 251.14956665 484.68002319 64 255 128
170.27400208 273.80899048 406.43899536 64 255 128
137.48347473 230.76866150 365.51596069 64 255 128
162.05372620 180.14753723 367.74676514 64 255 128
120.47499847 297.91799927 433.99301147 64 255 128
170.63999939 307.57598877 477.46301270 64 255 128
204.90699768 300.42202759 457.91000366 64 255 128
190.10501099 307.45300293 512.09002686 64 255 128
112.79047394 236.16990662 475.32110596 64 255 128
222.45468140 216.81451416 451.25643921 64 255 128
61.35586166 187.94042969 433.71289062 64 255 128
78.99815369 140.66365051 442.13467407 64 255 128
55.18701172 201.83142090 470.79959106 64 255 128
68.38907623 223.88595581 441.60305786 64 255 128
175.43951416 284.56002808 497.84011841 64 255 128
122.41500092 294.89199829 412.03698730 64 255 128
192.65499878 237.86099243 426.99700928 64 255 128
250.22181702 261.33956909 448.74487305 64 255 128
134.47335815 275.38299561 491.19998169 64 255 128
156.97700500 304.05300903 429.00799561 64 255 128
98.31642914 266.95062256 414.28335571 64 255 128
173.14781189 236.57400513 472.51797485 64 255 128
235.51699829 297.23098755 456.21401978 64 255 128
139.75399780 308.08300781 440.36901855 64 255 128
215.52899170 316.84600830 486.24798584 64 255 128
100.45996094 149.35441589 383.38192749 64 255 128
259.83609009 229.38421631 450.44515991 64 255 128
178.08430481 171.21952820 381.64825439 64 255 128
101.17066193 203.01136780 475.99002075 64 255 128
69.47623444 158.85894775 464.82495117 64 255 128
139.75291443 121.13243103 393.98751831 64 255 128
71.59088898 239.30195618 473.58563232 64 255 128
162.15530396 207.95001221 476.53057861 64 255 128
180.16499329 288.62100220 447.00000000 64 255 128
56.83779144 169.58776855 443.85058594 64 255 128
149.19769287 212.78207397 446.19680786 64 255 128
222.47573853 229.07843018 435.66976929 64 255 128
111.09300232 276.41601562 406.98999023 64 255 128
103.67177582 215.74360657 365.14550781 64 255 128
129.56217957 188.59640503 468.81826782 64 255 128
234.73100281 314.74600220 481.31900024 64 255 128
172.05368042 160.30783081 426.53457642 64 255 128
75.87393188 219.03768921 415.52288818 64 255 128
255.55101013 285.11898804 457.08700562 64 255 128
139.57199097 297.81900024 402.33200073 64 255 128
103.95346069 248.14834595 392.04776001 64 255 128
142.37199402 278.85299683 385.98300171 64 255 128
197.16204834 207.71469116 474.46398926 64 255 128
106.53926849 165.02607727 450.65814209 64 255 128
222.72888184 263.34542847 445.43115234 64 255 128
135.68719482 205.72406006 350.08486938 64 255 128
62.61848831 203.13043213 446.63812256 64 255 128
119.68527222 231.43988037 374.16250610 64 255 128
87.01738739 198.95947266 385.04559326 64 255 128
148.84844971 145.47694397 369.48620605 64 255 128
51.03236008 184.53649902 482.65487671 64 255 128
124.12567902 151.06246948 370.36920166 64 255 128
189.76771545 201.10446167 396.58248901 64 255 128
258.25799561 219.53077698 425.61611938 64 255 128
89.97972107 231.66528320 391.81393433 64 255 128
268.42395020 302.37384033 463.69445801 64 255 128
74.46150208 173.70988464 406.13488770 64 255 128
197.09901428 178.54049683 432.83004761 64 255 128
156.19705200 141.23124695 416.79949951 64 255 128
218.88700867 290.28298950 451.13900757 64 255 128
109.50075531 288.82031250 446.10876465 64 255 128
96.17945862 135.82899475 434.15048218 64 255 128
115.49485016 201.39747620 358.13525391 64 255 128
87.62963867 236.36999512 492.05804443 64 255 128
164.12199402 294.24301147 490.13299561 64 255 128
79.34172821 248.16546631 446.86682129 64 255 128
167.06805420 187.92312622 468.42056274 64 255 128
62.55015564 216.94902039 477.94616699 64 255 128
83.45229340 234.97357178 415.03683472 64 255 128
161.38800049 297.70202637 411.05599976 64 255 128
191.67765808 201.15277100 416.08721924 64 255 128
198.44694519 208.31689453 454.21963501 64 255 128
164.31184387 143.08087158 377.75476074 64 255 128
174.22099304 252.17800903 404.44400024 64 255 128
53.44599915 167.63734436 461.19360352 64 255 128
178.37254333 134.19625854 394.93188477 64 255 128
192.82099915 258.22000122 436.44900513 64 255 128
122.76840210 261.27835083 382.55496216 64 255 128
248.76609802 239.35057068 439.77636719 64 255 128
212.13366699 283.19808960 491.42871094 64 255 128
83.89899445 138.86203003 408.89559937 64 255 128
63.43994904 155.55596924 431.63851929 64 255 128
91.23651123 163.99989319 385.35107422 64 255 128
234.76585388 282.42535400 480.64785767 64 255 128
191.22117615 178.25892639 393.55337524 64 255 128
78.14741516 203.89881897 403.42736816 64 255 128
166.95100403 240.38699341 388.67300415 64 255 128
87.38374329 265.41244507 455.36273193 64 255 128
142.20835876 204.11590576 475.89666748 64 255 128
72.36177826 236.33303833 454.11529541 64 255 128
68.16223907 185.77610779 418.72897339 64 255 128
72.08947754 208.92553711 490.73757935 64 255 128
98.65160370 275.96887207 438.11514282 64 255 128
110.85224152 285.95770264 488.94458008 64 255 128
144.82800293 300.16601562 462.93197632 64 255 128
221.63627625 215.05279541 469.57357788 64 255 128
258.95803833 264.37188721 465.34384155 64 255 128
114.36799622 292.13299561 462.08300781 64 255 128
112.69829559 190.80563354 468.42758179 64 255 128
135.68099976 304.75100708 491.51901245 64 255 128
132.14129639 219.48072815 474.53421021 64 255 128
167.11199951 299.19799805 463.73999023 64 255 128
94.44627380 211.50567627 379.32702637 64 255 128
154.84490967 230.79576111 366.80419922 64 255 128
68.48780823 188.18946838 482.99810791 64 255 128
168.44554138 265.76824951 492.21267700 64 255 128
157.57299805 309.04098511 492.04699707 64 255 128
116.01591492 136.70004272 426.54318237 64 255 128
194.10478210 262.71026611 491.43652344 64 255 128
189.13711548 238.93397522 485.70452881 64 255 128
123.62601471 166.10313416 363.30163574 64 255 128
165.57139587 128.76441956 403.64965820 64 255 128
175.70899963 272.37500000 422.38500977 64 255 128
153.26799011 253.79899597 380.99798584 64 255 128
161.70401001 275.04501343 392.05499268 64 255 128
187.47999573 315.80902100 498.66198730 64 255 128
115.46056366 125.59558105 393.90478516 64 255 128
103.36539459 248.89106750 481.22866821 64 255 128
82.61934662 252.10618591 478.81729126 64 255 128
137.97851562 250.87702942 376.27267456 64 255 128
141.75205994 180.90954590 461.17825317 64 255 128
103.70616913 183.08786011 367.15246582 64 255 128
156.82986450 130.78970337 370.73083496 64 255 128
188.13481140 153.85522461 407.56481934 64 255 128
205.72254944 232.31518555 484.70144653 64 255 128
205.00199890 309.35800171 473.01501465 64 255 128
199.84053040 298.13653564 501.16735840 64 255 128
164.17720032 171.77880859 439.16973877 64 255 128
113.55066681 217.61471558 480.39700317 64 255 128
178.45565796 247.67929077 464.47653198 64 255 128
125.00530243 123.32191467 419.84732056 64 255 128
165.98640442 244.59419250 486.64849854 64 255 128
174.72428894 154.91882324 381.33187866 64 255 128
137.88638306 171.78439331 447.54815674 64 255 128
206.12800598 267.15298462 441.17501831 64 255 128
136.80574036 213.90957642 363.02597046 64 255 128
181.80250549 221.19645691 400.42764282 64 255 128
264.65084839 232.35910034 432.22195435 64 255 128
97.32284546 151.82867432 443.65084839 64 255 128
166.40501404 290.79199219 437.47399902 64 255 128
166.86271667 216.27928162 363.59429932 64 255 128
181.98475647 233.04275513 415.41555786 64 255 128
269.77972412 284.48361206 461.10562134 64 255 128
84.11575317 218.44763184 489.24545288 64 255 128
84.08782196 247.98567200 425.45736694 64 255 128
96.76020813 123.50954437 417.38211060 64 255 128
242.34298706 308.75598145 468.59197998 64 255 128
195.44322205 173.59841919 407.70526123 64 255 128
74.38294220 159.82858276 411.27206421 64 255 128
183.54191589 213.53475952 473.70043945 64 255 128
243.83204651 251.24240112 473.30047607 64 255 128
140.44374084 260.13125610 482.49957275 64 255 128
182.45590210 222.11996460 459.63787842 64 255 128
128.98799133 137.24975586 371.48754883 64 255 128
154.53547668 124.27547455 394.98056030 64 255 128
137.60945129 291.45840454 502.16799927 64 255 128
109.09006500 120.42751312 409.75332642 64 255 128
96.16420746 169.99053955 459.49008179 64 255 128
92.11270905 143.16227722 395.91113281 64 255 128
161.55511475 216.61801147 462.12554932 64 255 128
249.79302979 232.31738281 463.07870483 64 255 128
204.17582703 212.72459412 438.71554565 64 255 128
219.46093750 245.12677002 436.59677124 64 255 128
128.42591858 193.99839783 354.69509888 64 255 128
126.81500244 267.53198242 390.99499512 64 255 128
265.27752686 250.28094482 453.70001221 64 255 128
128.44316101 127.76668549 384.89596558 64 255 128
140.02711487 150.63708496 425.64111328 64 255 128
193.22900391 293.34500122 450.52297974 64 255 128
186.24235535 146.73890686 393.90628052 64 255 128
203.20556641 183.66514587 418.48574829 64 255 128
151.58842468 290.52453613 498.64450073 64 255 128
234.03506470 260.81256104 479.45046997 64 255 128
164.27114868 194.68196106 480.10699463 64 255 128
226.60131836 229.57446289 478.61410522 64 255 128
137.84519958 155.30673218 368.97134399 64 255 128
83.48077393 173.33151245 394.21737671 64 255 128
171.44963074 184.54037476 454.49172974 64 255 128
184.63800049 308.32601929 475.10900879 64 255 128
135.07499695 300.17199707 474.65597534 64 255 128
125.96568298 258.14019775 473.72525024 64 255 128
217.59300232 277.16699219 446.06997681 64 255 128
136.87368774 117.88150787 409.68338013 64 255 128
281.99899292 279.79162598 456.62274170 64 255 128
117.26574707 161.05317688 442.56790161 64 255 128
183.14002991 170.21801758 432.73251343 64 255 128
146.51420593 241.94841003 470.92962646 64 255 128
152.44599915 268.47000122 383.82101440 64 255 128
218.63418579 253.50004578 486.39785767 64 255 128
153.08390808 169.60600281 367.30593872 64 255 128
175.95135498 206.78576660 371.87524414 64 255 128
107.76599884 289.93402100 474.17102051 64 255 128
113.45023346 248.36903381 382.55310059 64 255 128
238.45552063 297.40554810 478.43365479 64 255 128
179.69236755 195.60462952 444.44219971 64 255 128
105.52889252 136.00332642 390.58871460 64 255 128
219.51699829 203.39967346 452.98547363 64 255 128
184.42648315 295.91293335 504.03881836 64 255 128
171.04600525 227.22000122 390.33599854 64 255 128
144.79277039 165.05255127 437.51324463 64 255 128
111.13189697 178.71223450 461.13000488 64 255 128
93.47827148 122.72948456 430.63793945 64 255 128
176.12153625 266.14212036 472.94961548 64 255 128
239.47003174 235.69216919 473.65954590 64 255 128
81.01613617 166.09654236 464.02264404 64 255 128
133.22305298 181.79724121 358.48699951 64 255 128
177.57299805 313.35699463 489.61898804 64 255 128
273.72421265 258.38476562 446.69647217 64 255 128
60.82006454 207.64573669 460.31063843 64 255 128
198.89262390 216.47621155 484.97546387 64 255 128
70.31720734 218.51805115 427.36975098 64 255 128
237.63276672 222.31970215 451.85336304 64 255 128
207.13774109 266.81533813 489.39920044 64 255 128
234.69764709 262.43942261 447.14840698 64 255 128
100.37174988 259.46655273 400.98583984 64 255 128
190.50500488 280.40502930 443.59799194 64 255 128
142.10577393 242.35562134 369.14587402 64 255 128
71.78451538 139.43569946 430.95755005 64 255 128
51.57353592 179.65237427 467.22976685 64 255 128
163.67242432 235.03692627 376.41470337 64 255 128
92.75878143 211.29307556 482.51101685 64 255 128
257.96585083 278.63137817 468.21929932 64 255 128
150.56005859 202.51110840 357.52969360 64 255 128
203.71568298 238.95489502 429.94354248 64 255 128
197.06559753 223.86315918 419.99462891 64 255 128
75.13920593 191.38705444 410.38079834 64 255 128
110.26998901 228.35755920 366.52923584 64 255 128
150.02400208 304.51800537 414.01998901 64 255 128
198.63200378 315.69000244 506.36398315 64 255 128
94.68277740 264.54757690 424.70666504 64 255 128
111.71691132 149.47994995 374.74740601 64 255 128
260.69201660 222.06375122 439.24139404 64 255 128
141.15209961 137.01383972 363.10641479 64 255 128
126.17372131 146.68817139 428.01831055 64 255 128
87.35246277 264.11035156 471.89273071 64 255 128
122.32573700 284.53448486 491.25134277 64 255 128
223.23399353 301.54202271 456.04501343 64 255 128
180.16386414 153.89183044 417.79870605 64 255 128
71.93247986 150.19648743 455.33712769 64 255 128
173.84956360 134.83650208 375.01052856 64 255 128
182.25233459 267.12106323 493.23474121 64 255 128
210.50645447 208.05621338 477.43579102 64 255 128
116.33399963 291.99600220 423.13299561 64 255 128
248.42298889 296.76300049 459.23800659 64 255 128
245.85926819 284.64004517 473.92974854 64 255 128
121.70399475 298.66098022 491.97399902 64 255 128
187.86672974 189.44635010 389.64065552 64 255 128
93.94501495 242.92178345 394.27990723 64 255 128
145.01921082 133.07833862 415.88317871 64 255 128
136.35798645 288.93499756 393.85198975 64 255 128
221.56700134 310.05999756 495.07299805 64 255 128
169.62799072 292.20199585 453.02502441 64 255 128
87.59085846 190.49417114 474.03698730 64 255 128
113.47925568 173.42466736 366.36608887 64 255 128
57.54654694 158.36196899 468.90338135 64 255 128
216.28306580 216.81823730 436.06735229 64 255 128
123.85068512 228.39439392 472.18814087 64 255 128
167.33999634 287.47698975 406.87600708 64 255 128
171.52200317 279.17700195 437.48400879 64 255 128
99.27731323 237.02006531 487.08395386 64 255 128
168.19589233 149.27127075 420.34014893 64 255 128
256.37341309 248.61042786 444.07327271 64 255 128
78.33602905 242.19438171 485.47091675 64 255 128
159.38800049 302.30902100 472.93200684 64 255 128
92.87367249 273.36239624 465.14358521 64 255 128
208.51261902 195.12387085 453.34716797 64 255 128
127.92499542 300.50500488 424.39801025 64 255 128
234.04701233 230.44216919 438.55923462 64 255 128
154.39410400 182.88328552 464.00885010 64 255 128
159.31759644 208.32322693 450.87191772 64 255 128
151.89799500 304.70999146 442.91299438 64 255 128
105.05265045 264.77920532 485.78097534 64 255 128
61.35948563 215.91255188 489.87774658 64 255 128
247.95199585 275.54101562 452.96697998 64 255 128
210.80610657 297.43728638 496.10263062 64 255 128
61.80168533 177.88677979 481.67257690 64 255 128
66.83132172 227.21897888 471.67999268 64 255 128
67.17510223 208.86680603 435.27835083 64 255 128
132.01800537 303.20199585 503.29602051 64 255 128
180.57099915 260.74499512 430.59899902 64 255 128
103.46176147 269.87875366 403.85006714 64 255 128
194.43400574 305.77200317 468.34201050 64 255 128
125.48099518 297.14099121 466.33898926 64 255 128
96.81921387 223.15457153 374.30737305 64 255 128
171.53907776 211.27708435 464.98175049 64 255 128
119.83699799 296.82299805 446.47198486 64 255 128
222.99923706 281.81793213 486.83657837 64 255 128
193.98233032 249.42689514 491.56668091 64 255 128
106.86897278 192.83943176 361.70376587 64 255 128
252.73742676 228.81663513 433.12841797 64 255 128
93.32026672 265.12054443 483.61373901 64 255 128
57.93609238 182.30099487 443.10073853 64 255 128
191.45967102 192.72827148 424.26477051 64 255 128
156.96516418 241.41107178 477.60101318 64 255 128
176.28932190 220.78785706 389.17657471 64 255 128
170.04447937 190.11799622 370.18615723 64 255 128
204.23500061 316.07601929 495.82998657 64 255 128
146.84669495 179.24374390 357.80950928 64 255 128
220.20578003 237.76084900 483.98989868 64 255 128
175.50300598 263.75000000 414.19000244 64 255 128
145.50599670 308.09701538 429.96099854 64 255 128
193.94093323 209.64337158 430.08877563 64 255 128
140.32000732 303.75399780 452.56900024 64 255 128
188.23500061 248.24101257 430.58898926 64 255 128
212.70046997 233.24650574 431.61203003 64 255 128
148.56642151 125.80696869 383.42254639 64 255 128
157.17488098 261.43548584 489.60754395 64 255 128
269.93701172 234.32374573 444.34622192 64 255 128
167.12808228 170.40658569 371.89764404 64 255 128
86.99355316 236.86749268 403.28039551 64 255 128
180.77842712 200.67869568 384.83255005 64 255 128
187.73204041 185.50810242 434.72933960 64 255 128
159.34107971 191.85575867 359.13778687 64 255 128
149.29830933 158.71910095 368.31048584 64 255 128
92.99383545 269.87368774 444.64096069 64 255 128
61.37469482 171.59397888 433.02056885 64 255 128
206.93087769 204.53952026 445.72402954 64 255 128
215.53100586 314.09298706 474.57901001 64 255 128
88.12442780 175.51916504 465.77493286 64 255 128
118.48600006 287.25601196 404.16601562 64 255 128
115.80062866 116.38639069 418.34985352 64 255 128
111.82887268 238.11184692 381.20916748 64 255 128
67.45546722 142.09396362 441.83926392 64 255 128
132.76583862 224.55242920 358.26467896 64 255 128
74.91550446 236.37635803 441.44152832 64 255 128
173.47712708 233.85955811 459.90515137 64 255 128
178.73500061 244.50099182 411.64099121 64 255 128
85.98719025 187.35166931 387.36605835 64 255 128
184.32304382 156.39772034 388.47198486 64 255 128
129.99198914 304.11099243 435.25000000 64 255 128
65.56629944 215.78712463 450.53152466 64 255 128
152.03199768 297.83300781 402.89898682 64 255 128
90.46282959 219.33956909 387.65335083 64 255 128
180.62100220 312.06799316 507.83096313 64 255 128
192.31005859 207.86991882 462.52349854 64 255 128
90.14315033 254.76470947 420.71743774 64 255 128
229.71186829 220.72557068 442.96252441 64 255 128
197.00010681 173.50692749 418.88571167 64 255 128
90.89730072 154.03587341 389.72900391 64 255 128
174.65954590 179.73046875 375.83303833 64 255 128
176.17211914 240.50358582 483.49005127 64 255 128
146.47799683 307.59298706 493.15499878 64 255 128
169.90299988 261.96798706 401.14001465 64 255 128
82.05209351 248.13607788 435.98901367 64 255 128
73.40333557 204.19810486 413.49261475 64 255 128
249.25680542 224.80859375 454.79455566 64 255 128
52.40476227 191.50946045 474.20663452 64 255 128
260.95730591 259.75592041 448.76171875 64 255 128
115.21952057 269.81137085 394.38006592 64 255 128
196.35055542 223.62985229 477.08465576 64 255 128
126.10848236 121.73275757 393.80291748 64 255 128
233.70001221 306.86398315 461.39700317 64 255 128
192.46199036 269.05999756 438.70800781 64 255 128
110.91699982 289.74398804 434.97500610 64 255 128
94.52527618 189.26608276 374.54806519 64 255 128
240.79299927 286.19900513 454.24398804 64 255 128
165.32496643 136.37583923 411.82440186 64 255 128
83.70853424 133.28221130 435.10806274 64 255 128
206.07598877 291.60101318 449.50000000 64 255 128
99.27464294 166.71830750 378.25775146 64 255 128
173.03053284 198.10589600 473.38439941 64 255 128
78.56823730 150.17375183 407.36370850 64 255 128
259.46600342 295.00601196 459.84701538 64 255 128
151.93400574 199.07702637 478.12011719 64 255 128
184.23519897 232.39041138 476.37310791 64 255 128
259.65518188 274.05541992 453.79479980 64 255 128
157.25599670 229.78701782 465.24850464 64 255 128
74.50110626 242.26118469 463.78082275 64 255 128
68.57712555 232.05128479 462.78390503 64 255 128
126.61277008 236.98121643 372.24658203 64 255 128
55.45701599 205.17430115 481.14764404 64 255 128
56.06087875 157.34397888 456.53359985 64 255 128
87.27722168 148.01921082 444.97640991 64 255 128
68.94869995 169.16589355 472.67843628 64 255 128
175.14523315 218.39134216 371.79089355 64 255 128
87.85277557 209.21569824 390.38479614 64 255 128
152.01147461 210.11758423 473.94232178 64 255 128
245.84805298 249.53775024 444.47821045 64 255 128
113.53330994 211.81739807 359.75308228 64 255 128
68.05309296 198.78466797 489.31872559 64 255 128
169.84300232 248.97499084 395.11401367 64 255 128
112.06214142 248.95756531 473.49822998 64 255 128
172.08799744 280.81799316 414.42297363 64 255 128
54.24631882 176.47073364 451.89852905 64 255 128
131.18696594 199.13330078 471.01690674 64 255 128
163.17900085 298.83898926 421.56600952 64 255 128
226.16000366 281.26400757 451.11001587 64 255 128
113.58599854 286.33697510 414.46499634 64 255 128
120.91812897 225.93565369 364.97192383 64 255 128
125.54642487 208.15892029 353.81695557 64 255 128
164.34971619 278.39044189 493.33987427 64 255 128
108.01084900 230.70883179 483.19766235 64 255 128
139.99870300 193.38055420 472.73852539 64 255 128
173.67424011 209.00505066 478.08157349 64 255 128
262.05670166 240.11167908 454.02923584 64 255 128
162.54800415 250.36698914 385.58898926 64 255 128
77.89869690 188.41183472 478.30895996 64 255 128
154.43919373 138.27095032 363.61218262 64 255 128
143.97430420 223.71701050 358.60189819 64 255 128
224.93399048 317.95599365 478.84100342 64 255 128
90.20592499 129.70306396 411.99331665 64 255 128
227.46723938 219.47999573 460.12860107 64 255 128
99.90974426 274.11129761 423.45898438 64 255 128
266.97677612 272.07943726 462.73004150 64 255 128
183.18562317 180.08303833 384.28747559 64 255 128
179.41783142 142.55047607 401.52996826 64 255 128
130.71105957 181.11582947 461.18676758 64 255 128
83.57687378 225.92967224 408.04739380 64 255 128
157.88200378 300.85198975 498.60699463 64 255 128
159.70973206 223.24594116 456.22589111 64 255 128
135.26364136 125.69868469 416.51034546 64 255 128
155.42637634 165.97651672 435.40261841 64 255 128
68.28569031 158.94502258 419.53259277 64 255 128
132.69299316 300.50000000 409.73098755 64 255 128
65.26979065 198.50102234 433.15078735 64 255 128
198.89799500 247.48500061 433.81198120 64 255 128
102.44876862 275.07312012 413.74377441 64 255 128
63.94201660 179.94848633 425.60641479 64 255 128
175.36621094 131.73619080 384.87405396 64 255 128
250.33894348 260.04302979 470.27093506 64 255 128
156.45599365 296.73400879 460.57702637 64 255 128
129.51399231 292.80599976 400.63800049 64 255 128
129.58699036 303.74099731 445.60302734 64 255 128
132.41662598 266.34466553 483.05572510 64 255 128
185.05543518 213.26556396 397.98690796 64 255 128
159.90075684 209.17349243 359.99490356 64 255 128
58.59941101 192.73161316 444.31332397 64 255 128
144.33256531 276.06948853 490.48745728 64 255 128
100.09159851 207.83235168 369.88891602 64 255 128
152.71600342 282.44998169 389.68701172 64 255 128
84.94679260 258.82110596 442.38861084 64 255 128
167.88000488 310.35699463 487.94699097 64 255 128
110.95288849 203.79241943 473.53732300 64 255 128
53.90768051 192.53887939 464.28024292 64 255 128
81.26858521 197.84260559 394.94915771 64 255 128
146.95100403 120.03462219 402.76583862 64 255 128
225.63095093 253.28404236 440.25012207 64 255 128
140.32542419 214.01864624 474.32397461 64 255 128
160.10800171 298.32299805 440.16500854 64 255 128
196.10368347 199.38781738 406.39236450 64 255 128
144.61683655 254.49284363 380.63607788 64 255 128
182.53384399 234.59019470 466.89736938 64 255 128
102.91676331 192.45860291 470.22491455 64 255 128
136.72000122 269.39599609 386.68600464 64 255 128
187.26071167 167.48982239 389.28976440 64 255 128
173.47900391 295.75399780 499.48800659 64 255 128
105.45052338 134.75085449 430.31118774 64 255 128
188.63368225 205.72879028 446.77554321 64 255 128
127.61700439 145.53480530 362.36608887 64 255 128
178.29899597 297.22500610 454.02200317 64 255 128
194.08183289 163.74098206 405.73931885 64 255 128
219.92683411 206.76928711 464.11080933 64 255 128
58.19278717 188.77676392 488.33728027 64 255 128
157.57406616 149.51107788 372.95550537 64 255 128
90.00862122 173.76148987 386.75588989 64 255 128
162.42788696 158.30268860 425.66537476 64 255 128
126.21253967 253.52925110 377.36752319 64 255 128
135.72537231 228.97434998 467.41708374 64 255 128
79.23192596 229.60308838 420.12991333 64 255 128
145.59100342 292.47900391 396.35501099 64 255 128
198.40892029 192.23617554 416.59844971 64 255 128
121.35501099 183.34866333 464.56649780 64 255 128
204.85099792 313.83700562 484.74499512 64 255 128
173.08294678 173.21264648 436.17935181 64 255 128
67.96634674 226.43574524 451.25033569 64 255 128
236.16874695 272.08593750 477.79071045 64 255 128
168.93016052 250.51901245 466.77981567 64 255 128
114.76621246 257.61181641 384.55960083 64 255 128
145.72062683 143.77235413 420.72872925 64 255 128
104.14470673 215.02290344 480.21975708 64 255 128
104.15733337 174.30581665 370.87161255 64 255 128
80.75463867 164.76860046 397.46066284 64 255 128
228.63400269 310.33001709 487.75601196 64 255 128
163.71441650 182.95982361 459.50994873 64 255 128
123.31266022 218.70628357 478.17611694 64 255 128
154.77404785 239.25910950 370.27069092 64 255 128
193.68568420 212.63600159 416.64581299 64 255 128
125.92636108 166.24302673 444.61611938 64 255 128
132.81411743 117.75492096 400.19549561 64 255 128
265.81500244 261.91125488 457.73092651 64 255 128
275.42401123 293.95101929 461.30999756 64 255 128
201.79252625 205.56074524 466.28930664 64 255 128
170.35780334 210.48019409 456.18624878 64 255 128
182.77220154 203.79318237 454.95538330 64 255 128
256.18609619 289.16104126 468.24066162 64 255 128
211.67599487 305.70199585 462.56802368 64 255 128
77.38561249 245.27503967 455.36279297 64 255 128
80.34936523 229.09411621 493.37713623 64 255 128
132.33802795 258.56631470 379.88061523 64 255 128
267.88943481 223.47689819 429.96615601 64 255 128
219.75363159 222.42607117 475.21557617 64 255 128
191.68336487 291.16510010 499.15203857 64 255 128
174.87094116 198.26139832 374.82318115 64 255 128
93.85708618 228.52156067 382.57122803 64 255 128
182.95700073 240.81599426 422.14797974 64 255 128
123.65763092 175.29777527 361.63409424 64 255 128
189.59378052 226.39102173 416.05764771 64 255 128
195.54299927 302.23300171 459.41497803 64 255 128
121.34300232 274.02801514 396.46899414 64 255 128
117.87250519 158.28036499 369.19042969 64 255 128
108.26211548 123.91084290 400.92486572 64 255 128
253.32482910 222.15589905 445.73171997 64 255 128
226.77700806 271.79299927 448.58599854 64 255 128
169.47445679 285.24645996 487.95947266 64 255 128
214.96589661 228.81675720 482.01089478 64 255 128
199.53288269 241.27349854 488.35302734 64 255 128
133.76345825 147.21081543 370.39010620 64 255 128
84.02074432 207.46853638 484.90985107 64 255 128
100.53869629 280.58883667 447.04776001 64 255 128
62.83893585 215.18176270 467.53961182 64 255 128
230.26641846 290.90545654 483.14035034 64 255 128
154.24266052 183.69160461 362.27960205 64 255 128
87.19602203 247.11358643 491.19284058 64 255 128
107.13308716 204.24093628 362.64379883 64 255 128
166.80252075 178.04229736 447.67837524 64 255 128
118.97561646 153.40284729 435.28347778 64 255 128
161.71673584 252.59620667 489.34481812 64 255 128
97.92115021 239.18725586 384.52273560 64 255 128
157.68054199 224.11964417 362.28329468 64 255 128
165.62339783 133.87031555 368.37536621 64 255 128
174.23004150 143.44973755 383.03366089 64 255 128
76.37508392 139.36686707 421.12680054 64 255 128
134.63301086 299.38900757 461.89099121 64 255 128
57.84840775 199.34349060 453.25546265 64 255 128
129.45201111 300.77600098 482.24801636 64 255 128
258.07333374 239.63562012 439.73663330 64 255 128
188.30413818 177.72816467 440.03143311 64 255 128
204.08892822 277.57345581 492.92089844 64 255 128
251.83561707 218.79309082 434.11163330 64 255 128
192.13124084 209.05789185 481.21545410 64 255 128
78.53430176 156.56021118 457.65408325 64 255 128
107.59788513 143.51484680 380.76788330 64 255 128
177.56100464 304.74798584 470.00500488 64 255 128
201.11801147 307.17901611 509.54098511 64 255 128
246.51943970 240.40289307 468.63421631 64 255 128
180.24400330 280.94799805 441.55099487 64 255 128
72.66784668 227.33364868 431.32638550 64 255 128
131.40982056 160.86174011 364.77795410 64 255 128
172.19400024 283.72201538 446.34899902 64 255 128
220.35322571 209.05027771 445.65188599 64 255 128
156.86872864 132.51724243 412.15292358 64 255 128
120.00687408 196.95156860 470.21020508 64 255 128
172.14390564 164.44494629 376.81930542 64 255 128
159.49800110 241.96299744 382.86999512 64 255 128
67.08356476 192.94100952 425.29379272 64 255 128
215.37351990 258.95819092 441.10641479 64 255 128
59.16812515 160.95318604 440.60177612 64 255 128
168.46543884 127.25244141 394.86636353 64 255 128
228.51811218 237.41316223 436.98776245 64 255 128
168.73899841 302.37899780 492.68499756 64 255 128
273.28836060 234.87770081 434.64532471 64 255 128
175.03996277 193.42950439 451.30673218 64 255 128
51.09281921 174.65722656 474.94692993 64 255 128
86.99095154 226.87704468 398.29376221 64 255 128
172.83067322 136.08076477 405.30017090 64 255 128
185.70588684 280.70904541 495.44857788 64 255 128
123.37346649 238.90989685 469.68176270 64 255 128
96.50121307 255.53984070 407.52728271 64 255 128
231.18899536 314.01101685 469.57098389 64 255 128
77.91088867 181.52331543 403.12322998 64 255 128
129.91123962 285.30508423 497.11560059 64 255 128
73.32659912 217.92376709 493.39038086 64 255 128
178.15699768 302.49899292 506.96401978 64 255 128
102.35783386 158.28543091 379.13067627 64 255 128
213.08718872 197.24514771 444.13296509 64 255 128
106.33634949 155.51484680 442.35653687 64 255 128
166.96563721 239.50311279 478.25799561 64 255 128
176.87626648 224.87539673 402.07907104 64 255 128
157.02268982 149.64869690 422.96868896 64 255 128
138.46414185 197.60693359 353.35610962 64 255 128
95.24545288 158.33998108 450.10070801 64 255 128
100.02305603 281.61938477 465.20129395 64 255 128
197.70440674 209.63661194 444.87384033 64 255 128
269.59027100 243.46414185 449.11105347 64 255 128
146.38995361 176.03248596 453.23120117 64 255 128
115.91054535 127.66411591 424.79122925 64 255 128
165.58100891 282.17300415 399.68099976 64 255 128
95.89831543 245.68125916 488.48962402 64 255 128
99.10810852 142.16868591 388.70843506 64 255 128
113.33166504 170.89677429 454.03662109 64 255 128
91.28212738 227.18777466 489.10940552 64 255 128
71.49802399 211.42060852 419.65197754 64 255 128
140.33399963 303.83102417 483.60800171 64 255 128
90.67590332 137.09495544 402.22445679 64 255 128
92.72417450 199.90248108 477.19485474 64 255 128
68.88433075 231.50296021 479.49533081 64 255 128
104.40097809 282.43075562 437.50314331 64 255 128
63.01760101 207.04005432 492.93746948 64 255 128
155.56199646 306.39801025 483.21099854 64 255 128
146.87100220 261.39199829 383.05200195 64 255 128
132.08959961 210.41860962 472.90792847 64 255 128
105.85108185 118.17279816 417.86614990 64 255 128
176.08956909 140.49975586 368.37805176 64 255 128
149.06500244 301.61499023 452.33099365 64 255 128
102.83924103 142.50772095 434.48196411 64 255 128
143.65200806 300.25601196 471.86401367 64 255 128
192.80961609 192.88647461 396.72796631 64 255 128
184.53500366 312.19699097 484.07598877 64 255 128
213.17500305 316.59399414 495.27099609 64 255 128
99.80619812 118.91352081 425.46450806 64 255 128
117.69907379 225.65643311 479.28546143 64 255 128
66.76619720 147.26452637 432.63198853 64 255 128
111.62900543 292.45300293 481.82800293 64 255 128
94.56614685 202.98886108 378.03482056 64 255 128
141.97796631 208.23529053 358.57928467 64 255 128
69.36376190 175.29815674 413.30899048 64 255 128
107.71546173 286.55450439 455.85162354 64 255 128
128.95722961 229.22848511 366.74340820 64 255 128
192.95367432 207.62855530 407.53878784 64 255 128
81.22904968 254.03764343 455.69720459 64 255 128
107.88552094 282.01763916 418.17828369 64 255 128
79.44812012 149.18788147 450.76397705 64 255 128
117.18643951 192.47235107 358.77343750 64 255 128
91.71274567 142.07986450 438.81420898 64 255 128
182.23680115 204.54638672 472.90908813 64 255 128
258.35333252 255.74871826 461.59963989 64 255 128
266.53009033 253.56652832 444.91546631 64 255 128
105.97980499 239.61523438 480.13531494 64 255 128
202.51277161 230.42416382 424.94219971 64 255 128
227.28698730 289.99200439 453.77200317 64 255 128
148.55012512 132.76109314 368.31619263 64 255 128
238.82113647 238.03063965 439.73873901 64 255 128
101.66180420 126.81217194 430.04882812 64 255 128
180.18481445 162.69577026 425.06869507 64 255 128
77.16763306 246.38197327 472.04312134 64 255 128
170.73535156 257.03909302 491.03701782 64 255 128
83.65116882 182.19459534 472.31900024 64 255 128
253.70597839 269.69696045 470.03204346 64 255 128
239.44898987 308.41400146 477.48501587 64 255 128
195.40692139 171.08815002 399.19430542 64 255 128
58.55546951 209.79760742 473.33609009 64 255 128
142.58200073 302.64999390 409.00601196 64 255 128
167.24133301 204.03308105 482.13806152 64 255 128
80.13537598 217.76234436 408.05392456 64 255 128
137.27516174 126.72427368 384.66998291 64 255 128
211.90100098 285.08697510 448.97900391 64 255 128
185.31896973 258.11831665 492.61676025 64 255 128
202.57614136 257.79150391 490.88580322 64 255 128
178.87783813 162.46966553 382.67971802 64 255 128
163.75799561 289.66098022 445.71600342 64 255 128
97.66072845 136.41610718 394.92864990 64 255 128
226.79501343 253.79333496 483.42208862 64 255 128
146.97552490 260.44473267 487.89987183 64 255 128
173.46699524 277.78500366 429.10998535 64 255 128
176.66700745 314.11001587 498.22500610 64 255 128
201.13598633 258.26098633 438.94897461 64 255 128
202.22500610 305.57299805 464.35699463 64 255 128
63.79582596 150.92205811 458.28259277 64 255 128
119.67697906 142.57241821 377.29904175 64 255 128
194.54479980 172.26423645 427.42010498 64 255 128
163.81999207 297.29397583 432.39199829 64 255 128
125.80566406 132.11408997 421.70147705 64 255 128
205.05892944 203.07444763 456.57974243 64 255 128
72.02012634 194.92601013 417.84576416 64 255 128
135.19200134 305.27600098 428.47799683 64 255 128
53.48392487 197.10848999 484.32394409 64 255 128
131.51499939 275.89099121 388.91101074 64 255 128
205.81124878 211.39826965 483.77633667 64 255 128
117.83556366 145.92123413 430.35037231 64 255 128
215.26699829 305.79699707 499.08599854 64 255 128
183.92153931 224.63061523 410.06372070 64 255 128
87.79308319 265.25302124 464.07736206 64 255 128
123.97757721 276.29711914 483.77450562 64 255 128
204.55632019 289.79263306 494.65899658 64 255 128
102.03701019 274.93249512 484.24966431 64 255 128
163.36544800 210.19941711 468.58804321 64 255 128
188.89900208 314.54000854 507.44699097 64 255 128
65.10057068 224.30566406 485.29251099 64 255 128
131.99151611 244.32847595 369.72366333 64 255 128
150.14599609 306.79898071 422.25598145 64 255 128
230.35589600 224.80429077 471.35122681 64 255 128
186.60311890 222.26452637 469.25552368 64 255 128
193.97915649 301.23266602 507.07315063 64 255 128
67.28697205 150.79370117 425.02505493 64 255 128
180.89770508 148.30139160 387.44445801 64 255 128
181.55610657 137.52061462 387.04687500 64 255 128
182.05296326 148.86393738 410.48144531 64 255 128
216.66969299 272.92813110 488.90899658 64 255 128
70.38653564 166.47561646 415.89306641 64 255 128
139.40638733 157.67277527 431.37396240 64 255 128
125.04464722 116.19345856 413.64886475 64 255 128
157.80975342 214.31024170 446.39392090 64 255 128
178.19400024 261.77600098 422.49798584 64 255 128
139.70872498 283.02301025 494.69924927 64 255 128
167.71455383 260.72775269 471.15502930 64 255 128
142.75225830 123.01948547 413.56808472 64 255 128
72.31192017 144.46791077 448.36688232 64 255 128
102.80932617 178.69630432 462.65548706 64 255 128
198.36199951 275.76101685 442.51000977 64 255 128
242.75285339 230.46160889 437.72033691 64 255 128
93.01283264 273.04534912 456.94494629 64 255 128
203.51501465 183.66369629 426.87295532 64 255 128
214.10731506 223.59222412 432.06890869 64 255 128
224.37500000 317.61398315 487.92498779 64 255 128
237.95460510 255.12557983 443.46524048 64 255 128
146.15614319 170.92477417 444.75491333 64 255 128
168.74641418 208.47969055 365.42822266 64 255 128
158.11334229 141.13430786 372.15841675 64 255 128
172.02099609 237.54000854 394.75302124 64 255 128
167.21217346 152.00228882 378.33465576 64 255 128
174.22799683 244.36900330 401.32098389 64 255 128
137.75189209 187.27165222 467.14794922 64 255 128
106.05033875 257.01654053 392.59652710 64 255 128
164.75730896 223.11705017 367.86389160 64 255 128
214.19036865 242.65144348 486.85665894 64 255 128
78.33155823 194.88188171 401.82791138 64 255 128
87.60391235 246.28038025 413.82766724 64 255 128
229.47874451 274.91879272 482.61959839 64 255 128
143.21978760 250.13592529 475.83007812 64 255 128
99.41037750 252.28794861 399.53552246 64 255 128
87.39457703 255.03077698 486.57229614 64 255 128
216.22993469 291.96691895 491.59735107 64 255 128
146.59443665 228.33575439 466.43209839 64 255 128
210.72073364 258.60412598 488.98712158 64 255 128
240.88882446 268.06314087 450.25286865 64 255 128
131.98312378 174.16629028 452.52511597 64 255 128
237.02702332 252.77659607 478.05108643 64 255 128
209.63299561 274.32501221 443.51300049 64 255 128
104.08930206 170.41967773 457.21450806 64 255 128
150.28587341 128.34193420 375.68969727 64 255 128
269.34228516 228.48083496 438.11553955 64 255 128
197.66778564 218.37644958 425.97671509 64 255 128
214.82754517 205.88218689 470.58206177 64 255 128
84.07327271 132.90280151 416.74154663 64 255 128
175.04496765 261.30996704 465.91882324 64 255 128
161.40399170 291.84298706 402.34399414 64 255 128
129.83288574 264.05398560 384.17166138 64 255 128
57.06290817 159.18576050 448.26412964 64 255 128
136.27142334 236.80654907 369.48181152 64 255 128
192.75599670 308.64001465 476.64700317 64 255 128
87.56792450 255.20855713 428.51437378 64 255 128
85.47609711 181.46864319 392.44070435 64 255 128
189.62042236 153.34986877 397.96667480 64 255 128
140.08439636 147.61180115 365.03320312 64 255 128
157.05706787 126.37965393 381.50488281 64 255 128
196.07493591 179.63101196 402.28311157 64 255 128
132.21099854 212.67778015 356.37472534 64 255 128
171.44073486 241.28457642 466.17352295 64 255 128
110.13494873 234.58593750 372.16406250 64 255 128
84.13208771 146.55863953 402.27429199 64 255 128
121.80400085 295.13101196 458.04400635 64 255 128
166.46745300 227.00111389 461.43634033 64 255 128
69.16710663 178.55226135 478.19308472 64 255 128
189.00453186 207.28800964 469.00494385 64 255 128
112.90124512 131.77593994 389.39431763 64 255 128
217.43699646 212.50247192 477.59954834 64 255 128
215.80700684 298.60897827 454.16198730 64 255 128
216.45399475 269.25900269 444.22500610 64 255 128
204.22010803 203.52528381 474.75122070 64 255 128
75.42540741 201.16795349 486.29840088 64 255 128
221.01602173 216.59143066 442.69628906 64 255 128
94.06951904 267.57949829 434.08721924 64 255 128
118.18747711 288.79989624 497.22305298 64 255 128
245.35639954 222.16294861 447.31991577 64 255 128
75.77677917 135.18580627 437.01641846 64 255 128
118.31508636 121.98155975 400.44320679 64 255 128
144.28399658 269.27502441 383.77401733 64 255 128
195.99179077 186.67825317 427.59313965 64 255 128
115.51699829 294.36499023 440.07598877 64 255 128
114.35385895 279.63607788 486.87814331 64 255 128
81.55766296 237.46604919 424.80133057 64 255 128
108.79038239 266.74264526 479.93853760 64 255 128
173.22657776 198.71604919 482.04129028 64 255 128
241.89500427 301.42199707 460.09399414 64 255 128
78.74648285 242.14727783 438.92263794 64 255 128
124.19466400 266.90573120 478.49600220 64 255 128
279.46591187 287.12811279 458.77859497 64 255 128
53.69544220 176.41589355 482.33264160 64 255 128
232.96099854 301.93499756 482.32202148 64 255 128
157.48562622 285.01235962 495.50946045 64 255 128
182.93984985 242.96853638 488.87506104 64 255 128
184.78158569 211.34712219 483.07675171 64 255 128
156.25962830 213.00889587 467.32858276 64 255 128
211.15557861 244.15647888 435.06500244 64 255 128
131.49787903 132.12623596 378.90460205 64 255 128
188.43301392 287.64099121 446.35998535 64 255 128
137.97520447 188.87345886 356.98117065 64 255 128
157.66799927 262.46197510 384.76699829 64 255 128
176.93945312 215.50630188 380.16909790 64 255 128
117.89060211 239.78396606 379.47827148 64 255 128
166.28800964 231.02999878 384.67700195 64 255 128
78.04412079 162.48699951 404.40185547 64 255 128
193.79701233 315.00302124 493.82098389 64 255 128
147.12203979 233.92691040 365.42977905 64 255 128
152.10198975 300.27700806 470.34799194 64 255 128
197.77655029 271.58590698 491.94638062 64 255 128
183.28691101 206.81584167 390.58853149 64 255 128
176.68800354 253.80700684 411.85900879 64 255 128
158.81056213 124.54563141 403.47070312 64 255 128
142.54719543 162.30548096 365.78552246 64 255 128
114.56163788 219.49356079 360.79208374 64 255 128
166.02178955 129.40902710 377.16418457 64 255 128
102.97129822 225.56433105 367.91210938 64 255 128
141.77444458 266.62771606 488.75604248 64 255 128
83.13284302 206.47016907 395.48809814 64 255 128
253.66217041 269.04391479 450.71948242 64 255 128
211.66433716 208.97962952 437.06909180 64 255 128
273.21130371 275.84814453 457.74392700 64 255 128
242.39999390 230.76065063 468.10867310 64 255 128
178.00437927 213.46931458 460.81582642 64 255 128
162.45399475 267.21899414 390.93301392 64 255 128
119.29477692 168.74803162 449.50234985 64 255 128
170.94075012 274.71807861 494.12109375 64 255 128
68.25824738 216.63955688 434.64932251 64 255 128
93.74173737 259.05313110 417.55337524 64 255 128
166.67300415 271.76498413 397.27899170 64 255 128
90.20359039 124.04951477 423.59570312 64 255 128
168.75622559 166.33198547 431.44869995 64 255 128
266.67193604 221.13406372 422.48678589 64 255 128
151.68904114 250.39002991 377.96258545 64 255 128
135.68855286 256.64218140 475.65615845 64 255 128
94.39686584 248.38513184 401.00836182 64 255 128
263.44201660 284.34399414 456.82598877 64 255 128
196.00700378 285.45001221 446.13800049 64 255 128
157.46228027 187.54080200 471.03234863 64 255 128
208.51646423 303.12683105 502.25936890 64 255 128
193.61723328 184.97274780 397.19784546 64 255 128
114.16800690 292.21600342 452.02600098 64 255 128
153.25703430 176.38534546 363.59182739 64 255 128
73.33829498 183.16708374 409.29101562 64 255 128
144.38320923 293.82501221 499.48962402 64 255 128
76.00503540 210.00308228 408.78231812 64 255 128
168.55900574 291.34600830 416.98101807 64 255 128
185.87200928 295.73397827 452.54702759 64 255 128
246.80101013 303.11001587 474.03799438 64 255 128
74.55160522 223.39442444 424.08190918 64 255 128
157.12699890 303.30300903 419.38900757 64 255 128
89.18752289 190.36125183 380.40411377 64 255 128
187.86698914 157.82737732 414.56558228 64 255 128
163.69499207 294.83099365 458.21899414 64 255 128
61.91703033 164.27566528 473.45568848 64 255 128
111.26055145 180.37721252 364.23321533 64 255 128
152.80699158 308.37802124 498.20397949 64 255 128
276.23855591 300.34695435 465.69061279 64 255 128
186.28300476 274.64602661 440.42501831 64 255 128
85.62376404 161.83859253 391.87887573 64 255 128
146.83000183 124.10802460 392.28634644 64 255 128
162.86000061 306.60900879 480.48800659 64 255 128
120.59951019 266.37295532 387.82116699 64 255 128
222.77642822 211.73245239 457.04595947 64 255 128
101.54086304 277.90762329 430.65850830 64 255 128
84.01445007 242.36134338 418.73678589 64 255 128
169.90696716 190.41804504 462.21603394 64 255 128
54.66467285 168.73908997 452.86828613 64 255 128
170.44000244 286.40600586 432.52200317 64 255 128
143.86599731 286.89001465 391.27999878 64 255 128
168.67477417 229.86746216 380.22003174 64 255 128
55.99129486 199.72238159 462.27581787 64 255 128
107.99264526 129.53077698 395.80798340 64 255 128
76.82447052 144.45132446 413.18469238 64 255 128
206.69146729 223.62280273 482.55184937 64 255 128
135.95225525 144.10626221 423.39331055 64 255 128
173.99699402 271.29998779 414.71298218 64 255 128
70.29942322 231.93022156 444.57403564 64 255 128
248.22399902 283.13699341 455.76998901 64 255 128
131.29766846 153.85604858 432.04467773 64 255 128
92.24192047 218.56297302 485.70446777 64 255 128
161.96511841 228.30838013 370.98284912 64 255 128
60.36476898 180.53407288 436.10678101 64 255 128
116.35900116 295.14300537 487.71301270 64 255 128
159.79647827 173.69447327 370.06707764 64 255 128
115.80982971 209.01718140 477.47390747 64 255 128
193.36978149 167.54484558 415.15734863 64 255 128
141.17799377 307.24798584 499.49398804 64 255 128
196.05183411 233.77900696 480.74951172 64 255 128
60.36972427 153.49359131 442.00671387 64 255 128
127.68115234 144.37786865 374.40887451 64 255 128
118.71445465 246.50524902 470.48040771 64 255 128
166.58772278 193.05477905 363.88125610 64 255 128
188.98574829 207.70362854 400.79483032 64 255 128
176.00099182 300.38400269 460.58300781 64 255 128
111.94726562 187.12113953 360.59521484 64 255 128
121.22646332 130.37515259 385.32647705 64 255 128
107.31002808 222.94204712 482.23428345 64 255 128
91.30325317 164.24508667 457.52691650 64 255 128
179.57499695 235.74600220 409.56802368 64 255 128
135.56759644 133.61236572 370.22207642 64 255 128
162.88000488 306.73599243 496.97302246 64 255 128
132.08119202 139.10351562 364.74011230 64 255 128
237.51394653 223.42033386 441.14205933 64 255 128
93.15504456 221.25340271 380.80972290 64 255 128
106.97143555 243.58412170 385.93093872 64 255 128
134.98287964 174.63256836 359.88549805 64 255 128
255.32537842 231.22651672 457.45639038 64 255 128
185.06909180 195.77920532 387.87271118 64 255 128
119.78301239 250.84780884 377.45074463 64 255 128
98.01549530 264.45364380 488.84176636 64 255 128
240.15579224 244.32757568 474.87844849 64 255 128
173.66815186 224.13288879 390.54458618 64 255 128
187.04716492 232.89961243 420.80456543 64 255 128
65.51394653 146.54724121 452.16433716 64 255 128
162.63655090 186.83766174 365.45022583 64 255 128
97.64900970 182.33580017 373.68908691 64 255 128
253.65344238 239.95700073 461.58554077 64 255 128
117.74600220 278.62600708 401.19100952 64 255 128
129.09829712 233.69032288 468.01773071 64 255 128
74.49163818 235.97697449 488.45291138 64 255 128
161.30137634 164.46609497 431.26477051 64 255 128
260.65005493 226.95182800 428.88647461 64 255 128
186.58000183 265.46902466 435.77899170 64 255 128
253.29101562 300.54400635 464.77197266 64 255 128
184.49697876 148.62277222 403.35513306 64 255 128
136.68521118 166.94435120 440.96102905 64 255 128
161.79652405 268.57720947 492.57397461 64 255 128
177.08200073 267.44299316 427.82800293 64 255 128
146.80944824 160.23031616 431.43457031 64 255 128
52.38553238 168.24188232 471.24862671 64 255 128
80.67424011 210.37010193 402.36672974 64 255 128
216.33497620 251.62458801 438.30114746 64 255 128
174.13026428 224.77545166 456.60031128 64 255 128
51.05511093 183.46305847 473.65759277 64 255 128
273.98260498 239.36639404 440.54006958 64 255 128
183.94839478 173.37921143 386.79879761 64 255 128
140.15039062 137.90153503 418.88409424 64 255 128
149.28735352 244.86509705 369.96005249 64 255 128
97.75814056 175.02471924 375.24710083 64 255 128
216.23300171 310.49600220 467.81097412 64 255 128
273.26632690 248.11459351 444.69149780 64 255 128
165.50779724 142.97068787 416.93658447 64 255 128
209.10523987 218.66583252 436.14776611 64 255 128
63.83609772 162.17436218 428.58404541 64 255 128
86.74199677 259.10375977 480.49127197 64 255 128
170.55664062 222.94523621 470.32815552 64 255 128
228.16085815 259.88400269 444.07662964 64 255 128
178.65803528 277.04083252 494.59429932 64 255 128
194.77511597 209.26313782 437.36605835 64 255 128
182.93200684 253.91099548 429.21002197 64 255 128
175.78837585 166.29890442 430.10479736 64 255 128
130.25799561 301.49499512 417.50000000 64 255 128
77.67115021 244.80935669 479.04840088 64 255 128
146.80502319 171.16798401 363.10632324 64 255 128
134.42700195 282.40002441 391.11300659 64 255 128
218.48880005 262.16610718 487.23019409 64 255 128
124.53400421 301.09500122 440.98999023 64 255 128
76.96878815 134.81796265 426.73410034 64 255 128
153.96893311 216.02853394 453.55157471 64 255 128
199.96299744 310.67599487 479.79000854 64 255 128
265.01397705 238.43830872 436.32363892 64 255 128
144.42504883 214.70732117 362.48339844 64 255 128
222.49371338 220.77711487 436.39907837 64 255 128
167.56599426 293.85501099 425.04400635 64 255 128
124.70326996 134.95620728 379.96969604 64 255 128
232.04156494 236.58621216 478.85308838 64 255 128
109.52694702 272.60192871 401.61944580 64 255 128
160.05729675 199.82868958 358.33810425 64 255 128
149.07682800 227.59342957 362.14544678 64 255 128
125.40292358 187.87059021 356.52032471 64 255 128
124.61499786 300.12597656 499.38500977 64 255 128
146.14390564 184.54286194 466.55801392 64 255 128
241.14289856 278.55664062 477.29214478 64 255 128
111.46301270 156.96281433 372.43981934 64 255 128
189.86994934 173.34278870 432.93890381 64 255 128
159.16467285 216.03088379 361.04800415 64 255 128
91.98886871 196.11331177 377.70880127 64 255 128
87.59011078 168.50296021 462.16314697 64 255 128
209.88301086 313.65698242 479.50500488 64 255 128
57.01410294 208.89514160 487.23852539 64 255 128
78.25699615 212.94009399 490.12161255 64 255 128
138.60798645 301.02999878 505.36401367 64 255 128
233.67098999 269.59698486 448.74798584 64 255 128
212.79217529 234.98733521 485.52209473 64 255 128
150.63301086 307.48699951 435.02398682 64 255 128
155.26016235 163.20785522 368.64581299 64 255 128
151.62062073 266.54348755 489.02655029 64 255 128
122.17224121 198.79528809 355.88323975 64 255 128
128.91101074 302.29898071 492.04098511 64 255 128
143.06353760 184.67500305 353.85827637 64 255 128
242.59765625 224.24952698 458.14959717 64 255 128
180.59188843 185.58717346 440.43453979 64 255 128
120.69100189 296.74200439 426.90701294 64 255 128
97.39691925 157.17004395 384.19628906 64 255 128
127.65899658 296.21801758 406.67999268 64 255 128
198.25920105 177.93450928 412.83871460 64 255 128
60.77393723 164.48634338 434.66729736 64 255 128
62.77430725 197.70207214 439.45898438 64 255 128
115.27272797 166.71397400 367.20458984 64 255 128
173.40667725 221.44828796 378.51730347 64 255 128
154.16499329 274.75000000 386.80899048 64 255 128
105.38799286 282.07159424 479.15124512 64 255 128
177.74815369 259.13665771 492.11907959 64 255 128
178.83599854 310.43600464 480.13497925 64 255 128
197.68959045 234.88502502 424.88201904 64 255 128
248.92729187 277.84713745 472.98242188 64 255 128
170.65399170 294.82702637 492.94598389 64 255 128
183.88591003 197.73970032 440.04544067 64 255 128
208.56199646 316.05899048 501.71203613 64 255 128
175.57080078 183.34339905 448.92010498 64 255 128
109.77452850 137.82373047 385.17718506 64 255 128
143.04344177 247.27282715 372.96646118 64 255 128
214.82649231 199.18460083 456.18347168 64 255 128
151.20907593 280.62503052 491.69592285 64 255 128
174.38670349 215.67132568 453.56423950 64 255 128
201.35700989 296.11502075 453.51400757 64 255 128
94.82190704 176.79072571 463.90734863 64 255 128
99.62111664 163.45300293 452.94708252 64 255 128
151.54299927 299.26199341 501.38003540 64 255 128
111.48168945 162.50579834 446.21267700 64 255 128
183.30000305 305.18902588 511.04098511 64 255 128
243.63800049 292.36001587 456.43298340 64 255 128
74.99838257 168.60998535 469.11169434 64 255 128
82.65371704 254.63250732 449.28225708 64 255 128
71.58811951 153.83248901 415.70620728 64 255 128
147.18727112 140.17559814 365.09405518 64 255 128
150.14566040 149.45658875 423.79830933 64 255 128
81.32750702 239.00312805 492.01898193 64 255 128
97.48522949 216.43898010 372.26983643 64 255 128
180.42098999 246.33300781 418.55499268 64 255 128
65.77677155 212.28695679 444.21994019 64 255 128
97.05270386 194.91259766 472.98669434 64 255 128
103.44831848 123.95965576 407.50033569 64 255 128
89.53548431 242.77635193 403.01812744 64 255 128
158.54534912 198.85281372 481.29336548 64 255 128
165.70420837 234.58409119 469.58572388 64 255 128
269.91311646 261.70855713 452.07934570 64 255 128
193.46104431 170.56010437 392.41979980 64 255 128
224.82853699 246.20127869 483.20056152 64 255 128
52.31790161 176.31127930 461.08062744 64 255 128
121.81351471 140.38092041 425.40725708 64 255 128
259.84396362 266.71923828 450.49575806 64 255 128
191.74185181 206.88589478 422.77932739 64 255 128
61.47958755 194.84419250 489.68536377 64 255 128
109.76568604 256.70999146 475.31637573 64 255 128
163.04486084 284.99890137 490.99282837 64 255 128
186.49082947 192.35968018 432.43121338 64 255 128
101.15425110 254.67553711 484.95883179 64 255 128
159.61199951 294.10101318 495.43600464 64 255 128
157.21653748 170.70971680 441.55682373 64 255 128
107.81911469 197.76921082 470.44400024 64 255 128
89.13013458 129.49482727 432.74826050 64 255 128
83.99242401 259.28976440 460.79953003 64 255 128
106.73663330 207.54277039 477.46130371 64 255 128
197.61483765 227.42802429 471.55746460 64 255 128
139.26379395 222.79347229 468.84866333 64 255 128
189.03042603 269.41543579 493.69485474 64 255 128
216.40534973 238.41862488 435.20965576 64 255 128
178.83837891 141.63024902 374.75097656 64 255 128
76.15644073 240.38536072 447.69204712 64 255 128
182.52925110 217.13600159 393.77276611 64 255 128
270.30136108 231.09034729 428.46420288 64 255 128
96.45444489 275.17367554 449.10180664 64 255 128
176.54521179 203.73722839 378.44198608 64 255 128
230.42109680 266.55410767 481.89477539 64 255 128
129.56869507 273.68728638 486.13864136 64 255 128
164.22434998 212.72084045 448.26309204 64 255 128
140.19432068 118.60838318 403.66662598 64 255 128
248.36199951 304.67001343 467.29699707 64 255 128
114.12291718 263.06152344 388.60971069 64 255 128
228.89196777 219.75920105 452.14410400 64 255 128
207.03651428 242.29650879 486.29058838 64 255 128
144.47325134 151.72773743 368.38293457 64 255 128
264.89801025 289.01998901 462.78598022 64 255 128
153.42231750 194.29244995 356.25192261 64 255 128
201.61244202 184.17124939 411.89788818 64 255 128
171.23699951 311.59100342 494.83001709 64 255 128
224.86999512 315.05099487 472.08599854 64 255 128
105.52324677 238.75340271 379.89712524 64 255 128
116.13455200 258.99380493 473.11563110 64 255 128
228.91799927 297.14199829 454.35397339 64 255 128
163.04678345 209.96711731 456.26901245 64 255 128
253.49444580 234.94985962 436.18933105 64 255 128
170.22448730 202.42231750 368.56210327 64 255 128
190.01834106 200.50556946 426.31781006 64 255 128
265.00891113 226.30244446 443.06988525 64 255 128
200.49099731 314.74700928 489.94400024 64 255 128
57.98715210 175.10302734 440.20056152 64 255 128
255.71601868 255.15902710 446.00885010 64 255 128
168.53350830 178.41314697 372.51919556 64 255 128
236.39608765 289.77996826 479.82406616 64 255 128
145.80665588 198.06838989 355.56530762 64 255 128
169.04077148 138.95429993 372.44104004 64 255 128
173.76614380 172.66995239 376.45028687 64 255 128
102.67750549 159.02687073 447.00726318 64 255 128
162.44163513 125.21357727 397.31005859 64 255 128
131.06755066 153.84744263 369.26281738 64 255 128
87.12176514 202.56242371 481.35412598 64 255 128
108.34358978 185.56451416 466.21716309 64 255 128
244.25344849 262.94345093 446.43643188 64 255 128
180.83900452 229.11900330 410.45599365 64 255 128
123.86699677 297.03399658 420.18197632 64 255 128
90.75753784 268.96774292 450.32885742 64 255 128
83.58766937 161.14665222 459.11907959 64 255 128
75.80895233 193.51252747 482.36508179 64 255 128
220.48600769 316.72799683 494.38699341 64 255 128
224.26774597 289.99133301 486.70385742 64 255 128
78.74860382 173.99351501 401.00192261 64 255 128
85.02845764 231.84507751 407.40899658 64 255 128
166.51620483 190.95228577 475.34030151 64 255 128
200.57501221 193.28906250 409.63320923 64 255 128
87.80601501 220.92556763 394.42990112 64 255 128
218.62408447 209.55062866 439.09808350 64 255 128
98.79306793 210.62789917 479.94274902 64 255 128
116.45333099 117.31359863 411.68402100 64 255 128
220.80999756 303.72302246 492.80599976 64 255 128
97.89563751 270.92022705 427.54067993 64 255 128
155.14738464 204.91189575 479.13113403 64 255 128
206.00000000 313.90100098 507.58999634 64 255 128
172.78532410 185.69636536 374.53445435 64 255 128
156.79496765 247.40274048 485.19351196 64 255 128
102.11036682 189.55136108 367.58911133 64 255 128
170.22369385 266.20370483 467.52340698 64 255 128
190.88134766 217.21449280 478.44378662 64 255 128
99.35529327 243.69180298 389.71157837 64 255 128
110.87660980 144.13664246 431.92947388 64 255 128
131.84420776 297.10290527 506.12014771 64 255 128
106.31154633 277.41113281 411.55847168 64 255 128
56.45553207 186.65626526 448.77786255 64 255 128
122.95664215 190.04000854 467.95684814 64 255 128
190.49327087 207.80685425 456.13833618 64 255 128
109.89617920 129.17379761 427.44943237 64 255 128
180.75581360 237.62663269 462.21658325 64 255 128
202.28527832 218.26217651 434.54565430 64 255 128
79.41904449 129.73753357 431.35772705 64 255 128
84.16569519 252.70677185 432.54711914 64 255 128
161.31872559 238.57185364 380.50146484 64 255 128
285.00732422 286.03036499 462.47537231 64 255 128
158.55592346 125.34829712 389.68994141 64 255 128
165.89300537 303.03900146 471.45901489 64 255 128
67.10015869 215.18200684 493.79739380 64 255 128
179.65238953 241.38822937 468.48562622 64 255 128
91.58133698 208.22627258 383.91503906 64 255 128
236.06796265 229.93949890 472.38134766 64 255 128
63.11758041 209.51301575 450.99465942 64 255 128
105.74081421 151.12615967 377.54751587 64 255 128
118.39779663 207.41510010 357.32669067 64 255 128
259.73931885 245.81883240 456.94860840 64 255 128
156.50900269 301.90200806 412.87600708 64 255 128
209.02218628 228.59445190 428.02453613 64 255 128
183.26632690 186.56436157 384.84347534 64 255 128
79.98374176 138.74841309 414.56738281 64 255 128
193.45071411 231.17605591 420.96823120 64 255 128
172.24087524 249.35169983 462.01593018 64 255 128
137.76361084 255.14689636 382.16781616 64 255 128
86.28596497 262.55484009 448.43722534 64 255 128
89.40526581 181.59844971 469.14642334 64 255 128
229.90345764 225.19985962 437.69482422 64 255 128
111.74400330 287.32202148 424.38998413 64 255 128
168.92999268 281.11801147 405.64199829 64 255 128
158.50000000 283.82000732 393.68798828 64 255 128
149.59077454 139.58432007 417.07757568 64 255 128
258.44073486 218.46559143 433.85745239 64 255 128
148.26416016 239.58583069 366.69854736 64 255 128
177.66098022 211.78305054 468.54144287 64 255 128
118.99500275 294.55102539 466.20397949 64 255 128
104.35113525 168.70593262 374.37661743 64 255 128
148.64245605 248.11485291 478.32049561 64 255 128
185.84400940 304.51000977 467.34100342 64 255 128
170.98399353 254.23300171 398.99798584 64 255 128
217.89099121 311.77600098 500.32199097 64 255 128
120.21430969 177.16567993 459.45935059 64 255 128
253.98251343 223.60017395 428.54623413 64 255 128
173.95156860 147.11735535 416.65853882 64 255 128
180.33074951 229.21105957 460.35601807 64 255 128
172.14556885 245.26177979 489.27865601 64 255 128
75.83416748 199.06442261 406.82138062 64 255 128
57.69890976 181.54530334 485.35168457 64 255 128
132.79267883 249.79136658 374.21987915 64 255 128
92.68815613 132.06298828 405.80624390 64 255 128
238.85198975 313.86599731 473.81500244 64 255 128
93.84019470 148.35720825 391.05670166 64 255 128
225.04603577 243.14254761 438.30172729 64 255 128
138.87899780 306.49798584 446.70501709 64 255 128
244.58151245 260.61486816 473.71084595 64 255 128
105.21636200 198.41453552 364.83438110 64 255 128
249.16416931 255.66833496 445.19509888 64 255 128
172.53500366 263.61199951 406.93701172 64 255 128
184.71229553 289.56378174 499.18975830 64 255 128
76.70278931 161.28401184 462.56060791 64 255 128
149.01466370 208.50418091 357.14010620 64 255 128
126.60309601 142.34622192 368.08892822 64 255 128
87.65660095 150.22711182 396.47555542 64 255 128
232.39299011 285.87298584 453.63900757 64 255 128
247.11259460 292.97259521 473.80700684 64 255 128
70.10133362 228.31584167 437.75314331 64 255 128
148.62098694 306.74801636 487.01599121 64 255 128
161.94032288 138.43420410 365.47213745 64 255 128
114.74886322 184.64469910 465.44512939 64 255 128
63.73357010 155.74000549 464.80130005 64 255 128
134.92762756 203.91923523 473.98031616 64 255 128
207.54377747 196.71408081 460.12219238 64 255 128
68.37863159 203.87759399 430.22930908 64 255 128
93.13562775 235.15623474 387.77380371 64 255 128
235.94812012 222.17649841 458.24731445 64 255 128
54.09512711 199.41609192 476.60086060 64 255 128
154.38301086 303.92700195 477.16201782 64 255 128
247.86746216 223.52842712 432.12860107 64 255 128
92.02674866 269.46795654 473.63912964 64 255 128
100.45905304 268.14035034 408.72183228 64 255 128
172.13664246 155.01547241 422.01119995 64 255 128
178.98194885 136.07772827 381.17120361 64 255 128
82.91688538 193.27572632 477.48419189 64 255 128
176.08241272 200.08027649 468.49600220 64 255 128
144.54301453 306.04602051 417.16900635 64 255 128
69.93251038 154.32025146 460.15960693 64 255 128
174.49658203 205.00854492 483.98196411 64 255 128
185.38058472 227.82395935 466.18011475 64 255 128
76.28714752 229.33131409 427.08801270 64 255 128
118.63700104 292.52401733 417.09500122 64 255 128
188.10691833 167.55635071 426.99017334 64 255 128
265.04119873 234.70349121 448.75866699 64 255 128
124.40568542 212.11000061 475.48178101 64 255 128
158.19425964 179.45925903 456.78884888 64 255 128
124.51624298 156.81877136 367.94912720 64 255 128
138.39482117 241.28535461 466.83038330 64 255 128
200.34452820 176.66235352 423.40661621 64 255 128
132.09037781 122.45804596 391.26959229 64 255 128
162.92799377 299.78701782 493.80999756 64 255 128
175.29499817 271.96697998 432.07699585 64 255 128
131.26669312 166.69012451 362.48706055 64 255 128
198.07324219 287.42501831 496.45388794 64 255 128
70.22840118 230.90005493 485.64221191 64 255 128
58.30181885 211.08026123 480.99948120 64 255 128
131.49845886 117.92262268 413.28472900 64 255 128
125.45484161 181.62306213 359.61544800 64 255 128
170.24263000 230.54853821 467.36233521 64 255 128
84.29145813 259.30905151 467.23159790 64 255 128
100.51434326 280.91860962 471.33618164 64 255 128
177.98799133 293.57800293 503.53997803 64 255 128
227.76899719 305.09701538 458.91299438 64 255 128
218.89799500 284.25000000 448.90200806 64 255 128
157.71701050 298.47000122 466.64199829 64 255 128
128.86837769 202.63255310 353.52896118 64 255 128
152.92250061 121.44350433 404.72744751 64 255 128
142.21382141 132.37214661 369.65780640 64 255 128
181.07501221 239.48899841 415.67901611 64 255 128
55.34056473 158.82215881 462.91674805 64 255 128
173.82901001 278.31597900 420.84500122 64 255 128
71.42488098 143.59385681 426.17416382 64 255 128
200.12719727 208.10887146 483.18692017 64 255 128
200.22299194 265.47198486 439.32000732 64 255 128
84.65683746 193.85400391 387.39883423 64 255 128
64.91230774 221.29119873 491.07302856 64 255 128
168.50823975 209.31594849 471.83276367 64 255 128
101.69761658 229.55694580 485.48727417 64 255 128
111.17488861 197.25596619 361.14047241 64 255 128
187.43106079 182.34715271 388.80328369 64 255 128
179.22904968 233.33612061 472.01809692 64 255 128
171.24992371 137.19876099 365.75241089 64 255 128
206.22230530 218.62261963 486.42877197 64 255 128
212.95700073 292.64501953 451.01602173 64 255 128
222.10316467 236.82810974 436.70590210 64 255 128
65.32450867 206.41619873 440.79803467 64 255 128
161.45274353 167.35650635 371.02456665 64 255 128
114.58499908 292.46701050 429.24899292 64 255 128
132.78732300 217.95730591 359.55749512 64 255 128
145.91760254 209.57041931 475.58505249 64 255 128
240.95143127 246.81729126 441.14672852 64 255 128
139.65863037 219.08898926 361.41149902 64 255 128
102.76338196 278.90728760 422.10845947 64 255 128
193.03399658 315.76602173 501.76696777 64 255 128
141.72010803 141.44248962 358.57672119 64 255 128
187.67509460 248.69479370 491.07955933 64 255 128
174.68699646 230.10699463 397.82501221 64 255 128
254.31401062 291.39999390 458.92001343 64 255 128
110.15972137 268.48907471 397.08486938 64 255 128
161.43194580 129.33619690 408.40466309 64 255 128
183.56929016 237.58338928 481.15069580 64 255 128
119.18400574 295.93301392 498.99899292 64 255 128
66.82205963 219.55650330 445.28210449 64 255 128
124.51823425 158.80046082 438.20074463 64 255 128
81.91269684 248.04010010 484.46978760 64 255 128
151.02377319 179.98196411 458.80383301 64 255 128
190.82699585 298.65301514 455.16397095 64 255 128
148.08856201 165.25144958 367.10354614 64 255 128
87.69403076 168.20887756 388.75027466 64 255 128
135.17700195 305.91101074 498.08099365 64 255 128
129.10231018 116.24948120 407.72018433 64 255 128
121.44800568 297.99499512 485.33697510 64 255 128
163.95704651 180.07786560 452.75012207 64 255 128
129.33071899 226.66268921 470.12661743 64 255 128
181.72499084 315.03201294 494.60299683 64 255 128
117.81899261 289.81900024 409.86697388 64 255 128
51.89405441 173.33245850 467.37628174 64 255 128
259.70465088 270.61395264 467.67343140 64 255 128
220.28070068 256.66534424 440.29263306 64 255 128
72.30838013 237.09819031 480.67932129 64 255 128
95.17741394 172.52444458 380.13806152 64 255 128
57.14960098 205.28640747 465.39779663 64 255 128
66.60042572 222.34207153 455.36099243 64 255 128
140.56060791 179.05912781 356.67108154 64 255 128
192.02120972 158.57667542 402.67675781 64 255 128
208.80204773 273.67437744 491.84902954 64 255 128
193.40509033 184.07215881 432.56591797 64 255 128
114.40599823 273.23699951 402.35800171 64 255 128
195.67399597 243.55999756 430.15399170 64 255 128
63.47154236 150.80651855 436.69201660 64 255 128
150.31300354 299.13601685 460.10400391 64 255 128
146.08499146 304.72698975 447.80499268 64 255 128
156.83000183 247.44400024 381.50299072 64 255 128
188.36000061 254.61099243 432.22201538 64 255 128
97.21879578 228.92118835 376.65512085 64 255 128
69.55406189 234.88110352 469.15884399 64 255 128
83.84633636 200.82476807 390.36700439 64 255 128
265.52490234 274.00991821 455.62994385 64 255 128
133.83738708 145.89088440 362.54266357 64 255 128
188.69799805 242.68199158 427.20999146 64 255 128
241.26200867 278.48699951 453.78399658 64 255 128
179.50616455 182.72819519 380.03445435 64 255 128
81.75744629 242.63645935 429.48336792 64 255 128
114.17900085 283.97399902 407.24200439 64 255 128
123.55899811 290.32098389 402.25601196 64 255 128
90.07603455 152.86869812 447.93243408 64 255 128
63.59183121 173.60977173 427.83047485 64 255 128
130.61485291 291.11831665 502.06668091 64 255 128
170.10745239 132.15449524 401.19592285 64 255 128
80.77555847 223.12066650 411.86883545 64 255 128
177.87194824 212.28683472 373.95681763 64 255 128
274.15579224 281.98156738 455.93551636 64 255 128
263.57839966 279.62384033 465.34930420 64 255 128
151.42541504 223.83329773 358.13253784 64 255 128
171.74891663 148.75666809 380.87487793 64 255 128
93.90982056 205.56361389 480.03799438 64 255 128
122.36902618 235.09872437 375.78778076 64 255 128
84.51396179 152.76411438 450.99374390 64 255 128
176.09199524 309.24499512 504.67495728 64 255 128
143.92176819 203.89189148 354.32803345 64 255 128
109.03081512 217.08435059 362.18588257 64 255 128
85.87616730 125.61723328 429.18283081 64 255 128
145.94999695 195.08572388 474.77883911 64 255 128
130.07499695 298.65597534 470.20501709 64 255 128
188.90998840 314.19198608 490.10598755 64 255 128
131.73225403 187.67266846 357.12515259 64 255 128
185.21319580 144.06727600 386.47109985 64 255 128
53.45264435 192.72071838 488.65600586 64 255 128
182.45616150 139.18986511 393.01895142 64 255 128
66.19553375 180.15217590 419.84738159 64 255 128
79.99983978 134.34129333 421.31707764 64 255 128
112.65000153 292.38702393 471.27700806 64 255 128
79.83535004 156.58358765 404.53106689 64 255 128
161.05426025 242.39363098 482.71997070 64 255 128
211.82600403 264.83499146 441.77600098 64 255 128
105.77698517 186.99565125 363.04626465 64 255 128
181.96981812 176.66116333 438.98818970 64 255 128
161.91198730 308.91799927 487.34701538 64 255 128
171.35276794 176.96934509 444.11306763 64 255 128
98.82855225 145.40016174 438.28250122 64 255 128
89.69739532 225.93920898 389.62847900 64 255 128
216.29499817 303.22097778 458.21600342 64 255 128
194.04962158 218.76759338 415.36502075 64 255 128
222.30647278 218.89474487 464.15808105 64 255 128
153.98934937 237.77424622 471.13577271 64 255 128
133.09263611 149.12252808 428.10699463 64 255 128
173.33076477 251.59729004 490.21798706 64 255 128
217.41839600 281.07443237 489.19793701 64 255 128
171.10800171 297.82800293 457.88897705 64 255 128
71.40018463 237.52886963 460.16433716 64 255 128
157.25079346 193.69613647 478.47180176 64 255 128
135.30873108 132.36111450 418.58215332 64 255 128
172.04609680 192.30485535 457.30340576 64 255 128
133.68099976 306.38500977 439.58898926 64 255 128
140.85200500 301.51400757 458.24600220 64 255 128
74.42515564 167.73417664 407.05364990 64 255 128
147.79577637 127.39345551 413.25253296 64 255 128
104.98622131 256.41052246 479.34411621 64 255 128
189.70993042 157.24826050 391.81082153 64 255 128
189.67599487 303.48901367 462.55999756 64 255 128
190.94830322 222.92941284 473.88784790 64 255 128
182.84599304 249.37300110 425.13000488 64 255 128
128.79025269 205.04075623 472.80584717 64 255 128
135.72128296 179.32524109 458.55480957 64 255 128
67.09952545 226.56733704 464.88592529 64 255 128
167.68899536 291.51699829 486.00399780 64 255 128
124.94699860 300.28900146 430.59399414 64 255 128
192.60322571 202.97846985 402.02890015 64 255 128
191.31620789 232.87821960 476.32931519 64 255 128
84.95433807 141.59832764 441.36190796 64 255 128
168.80000305 284.05401611 439.91699219 64 255 128
185.62715149 218.26686096 406.09188843 64 255 128
91.93115234 261.15963745 427.18280029 64 255 128
119.24895477 231.99038696 473.07754517 64 255 128
250.21418762 253.85069275 468.31405640 64 255 128
65.34339142 223.92919922 476.26501465 64 255 128
157.15066528 157.50312805 371.45782471 64 255 128
106.89263153 248.42083740 476.97869873 64 255 128
126.47576904 118.33084869 400.29675293 64 255 128
86.98265839 250.22476196 420.87326050 64 255 128
52.61073303 182.48457336 462.09466553 64 255 128
162.02099609 174.31875610 445.20123291 64 255 128
117.44750214 150.74224854 373.02896118 64 255 128
195.61633301 256.41384888 491.86462402 64 255 128
78.93754578 220.20455933 492.28463745 64 255 128
74.12704468 181.64030457 476.62765503 64 255 128
64.76376343 189.42330933 429.07958984 64 255 128
108.40086365 286.79373169 461.92745972 64 255 128
198.10899353 316.21398926 497.89199829 64 255 128
142.15188599 126.97136688 380.59805298 64 255 128
122.89210510 125.06313324 390.01409912 64 255 128
250.22875977 220.45605469 439.79125977 64 255 128
157.95759583 210.31556702 473.28417969 64 255 128
176.53199768 274.54400635 440.13800049 64 255 128
217.42578125 202.88697815 442.75143433 64 255 128
267.89703369 255.93960571 452.32226562 64 255 128
88.57327271 263.50546265 442.25729370 64 255 128
269.17300415 292.29598999 460.06900024 64 255 128
253.90600586 276.33999634 453.51498413 64 255 128
95.38749695 232.28555298 488.42752075 64 255 128
156.62300110 302.96002197 434.92700195 64 255 128
81.84112549 191.90634155 394.33905029 64 255 128
127.12419128 250.81356812 469.44845581 64 255 128
78.64678192 187.34492493 403.75064087 64 255 128
207.92399597 315.67001343 489.58599854 64 255 128
113.96822357 120.35419464 406.13360596 64 255 128
165.45500183 292.35900879 409.83502197 64 255 128
124.68905640 153.83491516 433.80966187 64 255 128
145.75700378 308.09701538 440.28500366 64 255 128
75.52767181 233.05397034 434.03155518 64 255 128
113.61009216 142.86538696 378.07568359 64 255 128
126.37899780 299.99499512 449.22702026 64 255 128
172.11251831 129.71632385 390.79327393 64 255 128
145.88877869 250.59312439 378.67773438 64 255 128
209.87899780 298.31298828 455.03900146 64 255 128
161.25430298 233.41539001 371.55126953 64 255 128
220.06001282 317.40200806 482.28900146 64 255 128
95.50555420 276.10266113 470.23770142 64 255 128
69.18041229 231.58029175 455.51361084 64 255 128
88.18598175 136.41604614 437.50592041 64 255 128
234.06620789 241.03573608 440.53549194 64 255 128
85.52161407 224.39340210 490.58590698 64 255 128
69.47100067 212.66328430 427.78927612 64 255 128
99.25347137 217.15513611 482.45602417 64 255 128
189.97016907 213.28764343 403.45968628 64 255 128
80.63819122 247.85520935 441.39044189 64 255 128
95.60478973 127.81807709 408.70446777 64 255 128
195.05900574 310.75701904 511.64901733 64 255 128
240.41952515 266.65084839 476.58990479 64 255 128
180.24519348 203.10020447 477.82901001 64 255 128
263.60098267 221.50874329 433.66207886 64 255 128
150.30657959 187.10775757 359.04037476 64 255 128
214.25772095 266.56387329 487.47598267 64 255 128
180.49176025 211.59027100 478.39559937 64 255 128
120.12643433 270.36209106 392.24700928 64 255 128
225.36006165 221.88157654 469.08612061 64 255 128
156.19483948 204.62120056 359.19036865 64 255 128
203.73553467 189.50692749 416.42065430 64 255 128
150.94183350 134.22686768 414.59613037 64 255 128
130.78099060 286.99600220 394.51501465 64 255 128
221.90998840 274.88833618 486.75439453 64 255 128
225.48773193 262.65823364 484.39300537 64 255 128
160.06333923 185.33494568 465.87097168 64 255 128
108.47233582 252.48802185 388.80859375 64 255 128
63.56217575 145.76588440 444.52966309 64 255 128
174.07379150 192.35227966 376.02493286 64 255 128
153.39671326 219.62272644 450.38687134 64 255 128
100.95743561 131.99995422 396.95352173 64 255 128
226.47868347 236.02066040 481.40673828 64 255 128
61.27103424 205.08396912 453.99954224 64 255 128
127.12599182 297.21200562 460.64901733 64 255 128
84.55775452 258.82312012 473.45666504 64 255 128
142.08906555 174.08396912 360.44512939 64 255 128
127.64599609 298.75799561 412.28802490 64 255 128
145.21508789 153.27679443 427.01068115 64 255 128
126.75379181 137.95404053 422.70782471 64 255 128
103.78626251 261.99707031 397.98843384 64 255 128
93.80462646 189.81056213 471.92477417 64 255 128
246.98641968 247.74626160 469.62408447 64 255 128
192.92999268 250.60498047 433.28799438 64 255 128
196.17677307 196.42236328 412.23333740 64 255 128
193.13919067 211.81820679 486.56433105 64 255 128
96.38768768 263.96948242 417.40270996 64 255 128
153.50975037 208.58216858 446.82995605 64 255 128
192.98188782 180.30479431 437.73706055 64 255 128
78.24391937 206.39622498 487.56210327 64 255 128
197.32797241 220.66687012 481.35971069 64 255 128
117.17800140 295.11401367 473.88198853 64 255 128
248.01765442 267.35617065 450.10043335 64 255 128
125.55874634 213.92218018 354.16104126 64 255 128
104.98605347 149.68226624 438.62112427 64 255 128
165.51548767 259.29284668 490.92300415 64 255 128
166.74482727 164.06970215 373.62002563 64 255 128
102.04528046 202.63096619 367.82247925 64 255 128
208.77882385 199.82450867 448.56292725 64 255 128
133.87500000 296.62500000 403.08599854 64 255 128
218.33195496 247.17658997 485.62072754 64 255 128
242.78482056 226.69515991 463.47579956 64 255 128
170.84989929 197.01945496 369.35150146 64 255 128
210.88958740 251.20506287 487.78475952 64 255 128
205.49577332 297.39428711 498.40240479 64 255 128
140.64498901 175.71057129 454.17965698 64 255 128
85.91930389 241.20083618 410.89178467 64 255 128
230.16299438 310.69100952 464.87200928 64 255 128
195.97822571 189.14733887 400.73587036 64 255 128
185.49932861 161.04141235 420.19702148 64 255 128
120.05400085 283.76000977 399.65600586 64 255 128
58.53831482 154.13803101 461.43646240 64 255 128
202.94212341 228.12052917 480.46319580 64 255 128
185.74125671 207.46038818 487.03872681 64 255 128
162.23510742 219.45570374 450.68743896 64 255 128
177.21740723 186.76428223 444.91934204 64 255 128
72.05923462 163.68537903 466.91232300 64 255 128
69.43902588 222.44500732 435.12524414 64 255 128
110.43003845 278.29421997 489.65560913 64 255 128
83.77379608 220.77140808 404.55938721 64 255 128
125.39788818 223.72055054 361.35183716 64 255 128
118.43831635 178.17228699 362.01629639 64 255 128
260.19860840 285.64532471 465.85598755 64 255 128
95.74631500 271.63204956 439.32153320 64 255 128
71.49336243 189.28913879 416.03012085 64 255 128
208.21939087 239.00462341 432.29550171 64 255 128
176.93309021 196.73701477 380.22888184 64 255 128
104.54726410 284.30920410 445.62344360 64 255 128
100.77279663 123.53652954 413.12036133 64 255 128
139.05900574 307.62500000 432.12301636 64 255 128
162.68099976 292.47299194 453.00799561 64 255 128
201.84800720 286.91299438 446.94201660 64 255 128
158.41799927 270.88101196 387.61401367 64 255 128
83.43857574 172.56050110 467.49322510 64 255 128
193.31394958 274.18365479 494.72860718 64 255 128
250.10800171 288.65701294 456.01599121 64 255 128
139.42620850 199.00642395 475.50103760 64 255 128
216.47988892 298.86413574 493.56896973 64 255 128
55.79740143 195.20269775 458.39987183 64 255 128
107.04169464 209.90196228 362.94110107 64 255 128
200.63676453 206.92141724 460.96713257 64 255 128
170.16921997 141.13206482 377.75527954 64 255 128
125.77499390 276.40597534 393.61599731 64 255 128
202.62348938 206.96632385 450.56494141 64 255 128
53.45552444 163.99342346 467.42675781 64 255 128
116.05722809 199.97023010 472.97479248 64 255 128
159.46672058 237.36604309 473.73736572 64 255 128
262.00555420 249.16610718 443.42190552 64 255 128
141.07006836 233.91813660 366.95977783 64 255 128
188.26199341 310.66000366 479.95199585 64 255 128
193.26206970 242.18891907 488.19149780 64 255 128
64.79201508 170.59832764 476.37771606 64 255 128
80.59900665 144.81178284 407.82315063 64 255 128
187.86599731 299.87600708 508.15899658 64 255 128
272.02395630 222.49697876 420.57852173 64 255 128
157.08065796 128.09046936 376.00540161 64 255 128
154.44021606 221.14794922 465.38769531 64 255 128
111.87595367 154.49224854 439.39889526 64 255 128
115.45406342 235.10394287 377.20581055 64 255 128
163.80926514 152.25579834 422.63311768 64 255 128
107.10489655 285.79498291 432.72137451 64 255 128
166.33099365 249.94100952 389.88400269 64 255 128
91.47828674 253.56430054 413.74136353 64 255 128
153.41799927 300.88897705 408.14999390 64 255 128
125.20800781 287.43099976 397.45797729 64 255 128
78.82112885 249.08090210 466.33728027 64 255 128
276.33810425 280.46829224 460.84533691 64 255 128
98.57552338 203.46670532 372.71728516 64 255 128
131.14468384 169.06312561 445.81353760 64 255 128
89.67951202 238.03260803 398.54666138 64 255 128
126.11000061 298.57800293 474.33001709 64 255 128
158.18519592 134.18737793 366.31500244 64 255 128
166.40652466 213.73699951 462.38250732 64 255 128
155.96200562 300.72399902 443.42602539 64 255 128
192.39898682 196.63870239 418.77359009 64 255 128
156.50700378 294.65600586 401.31500244 64 255 128
139.28562927 226.60803223 360.60696411 64 255 128
97.16587830 247.11021423 395.86901855 64 255 128
59.51344681 191.16810608 438.92013550 64 255 128
185.62983704 206.40971375 480.37701416 64 255 128
199.54328918 265.28790283 491.41452026 64 255 128
51.71564102 190.22021484 483.12765503 64 255 128
91.66957855 259.88305664 487.73208618 64 255 128
166.59288025 250.05119324 489.94836426 64 255 128
197.92599487 290.28100586 449.52899170 64 255 128
176.35598755 238.02377319 477.74813843 64 255 128
163.96699524 296.82299805 416.05099487 64 255 128
168.89199829 233.53100586 389.07098389 64 255 128
71.95536041 138.75598145 440.60830688 64 255 128
162.75399780 280.16998291 394.64199829 64 255 128
207.03050232 208.65574646 440.89453125 64 255 128
210.19639587 258.43530273 440.23004150 64 255 128
89.51047516 126.57739258 418.60482788 64 255 128
130.45092773 122.76029968 416.98910522 64 255 128
230.48384094 249.94912720 481.32876587 64 255 128
269.21640015 278.17013550 461.25836182 64 255 128
151.37686157 122.20118713 399.21432495 64 255 128
75.08370209 230.92849731 493.39651489 64 255 128
132.92727661 265.47021484 385.37738037 64 255 128
188.42102051 207.12701416 475.41558838 64 255 128
193.26829529 225.60832214 466.94644165 64 255 128
198.53816223 247.16375732 489.01400757 64 255 128
88.16950989 181.23143005 387.48449707 64 255 128
113.16851044 243.45397949 382.53509521 64 255 128
65.41136169 158.13005066 424.77236938 64 255 128
123.75872803 287.26287842 497.26507568 64 255 128
100.55676270 273.64129639 417.65176392 64 255 128
235.71015930 245.93043518 478.27294922 64 255 128
202.97900391 271.80902100 441.81201172 64 255 128
145.26173401 284.40441895 494.91912842 64 255 128
162.72850037 148.86019897 376.48800659 64 255 128
119.72485352 122.73898315 421.76327515 64 255 128
95.34642792 121.65248871 423.27496338 64 255 128
176.05499268 307.47500610 474.72198486 64 255 128
172.56031799 256.57513428 469.86666870 64 255 128
167.21699524 292.50698853 432.15899658 64 255 128
110.87763214 211.51487732 477.21621704 64 255 128
271.26272583 253.34667969 448.53820801 64 255 128
263.21908569 219.78997803 428.25274658 64 255 128
155.90069580 246.01058960 377.64578247 64 255 128
125.51995850 196.95460510 471.59753418 64 255 128
266.91207886 226.40701294 424.47219849 64 255 128
100.41265869 244.82752991 484.70709229 64 255 128
59.42845917 173.04261780 479.96307373 64 255 128
181.26499939 315.07098389 501.33001709 64 255 128
258.08901978 294.93798828 467.27499390 64 255 128
66.98252869 216.43516541 440.32562256 64 255 128
151.91101074 308.60400391 492.10501099 64 255 128
50.56674194 179.87376404 479.21139526 64 255 128
183.64355469 190.40997314 436.32012939 64 255 128
131.57600403 302.04901123 450.58200073 64 255 128
135.52677917 161.18545532 435.09454346 64 255 128
169.03228760 159.85740662 377.10385132 64 255 128
120.42252350 241.94702148 375.69238281 64 255 128
126.82167816 171.64208984 450.65496826 64 255 128
223.74600220 294.34799194 453.64999390 64 255 128
168.00500488 254.88200378 394.28298950 64 255 128
81.73603058 181.74368286 398.69534302 64 255 128
103.35916138 270.05111694 488.24243164 64 255 128
141.05198669 263.91900635 384.29199219 64 255 128
91.02248383 158.95007324 387.39324951 64 255 128
136.47900391 304.10501099 415.03997803 64 255 128
219.50451660 224.87814331 432.49588013 64 255 128
222.11007690 231.79908752 481.56991577 64 255 128
112.70252991 229.32069397 480.96249390 64 255 128
220.99765015 225.76631165 479.37219238 64 255 128
115.49001312 229.26280212 367.99734497 64 255 128
232.68412781 257.50308228 443.26800537 64 255 128
211.37391663 202.30194092 440.20574951 64 255 128
104.03681946 142.09320068 384.82229614 64 255 128
171.96937561 219.67153931 367.31924438 64 255 128
194.58978271 165.56665039 399.52755737 64 255 128
105.51597595 284.91204834 466.21411133 64 255 128
197.66799927 308.29302979 474.01101685 64 255 128
217.79640198 217.31324768 480.25338745 64 255 128
152.72659302 141.57690430 368.88446045 64 255 128
156.08950806 255.85395813 487.89871216 64 255 128
257.46228027 224.90928650 448.04064941 64 255 128
231.60000610 317.13800049 477.38000488 64 255 128
127.40769958 282.51449585 490.79019165 64 255 128
69.29387665 231.64277649 449.79168701 64 255 128
167.66899109 308.53500366 482.69097900 64 255 128
203.72389221 303.84567261 505.58996582 64 255 128
92.67568207 238.69355774 490.77633667 64 255 128
179.32513428 221.28460693 394.34045410 64 255 128
268.83786011 268.71157837 458.65118408 64 255 128
151.72662354 125.26823425 387.95281982 64 255 128
199.91369629 234.74171448 484.40167236 64 255 128
91.83963013 146.90925598 441.98437500 64 255 128
249.56887817 245.88706970 443.30426025 64 255 128
187.87355042 162.04048157 389.55566406 64 255 128
195.09329224 195.46875000 401.27297974 64 255 128
172.08898926 303.82498169 469.77001953 64 255 128
255.95274353 261.73498535 448.97863770 64 255 128
242.77452087 288.87634277 476.02111816 64 255 128
176.28001404 291.42498779 449.80697632 64 255 128
77.34190369 168.75848389 401.49557495 64 255 128
95.96461487 233.19491577 381.47933960 64 255 128
199.02098083 213.43296814 435.80664062 64 255 128
158.70698547 257.03201294 384.29400635 64 255 128
119.86814117 280.05944824 485.26065063 64 255 128
115.50199890 293.21499634 494.14599609 64 255 128
97.69123840 130.38584900 431.70739746 64 255 128
96.00861359 259.40344238 412.41186523 64 255 128
149.27700806 277.32000732 386.37200928 64 255 128
171.00599670 301.03900146 497.55700684 64 255 128
197.50802612 215.34542847 430.02218628 64 255 128
61.51859283 156.03683472 436.82037354 64 255 128
180.45843506 283.94589233 498.54537964 64 255 128
264.30471802 255.30102539 456.50381470 64 255 128
157.14657593 269.41134644 489.92388916 64 255 128
110.08938599 137.47749329 429.23678589 64 255 128
115.46805573 224.53100586 362.69577026 64 255 128
208.49398804 307.78598022 466.57400513 64 255 128
144.99391174 254.05955505 480.92535400 64 255 128
84.60920715 213.13488770 487.35208130 64 255 128
146.05499268 282.05001831 388.56900024 64 255 128
254.73463440 226.89749146 454.10723877 64 255 128
96.05100250 150.91316223 386.52069092 64 255 128
109.89232635 287.93914795 484.94915771 64 255 128
169.42843628 129.03607178 381.51168823 64 255 128
222.78199768 277.71697998 448.57202148 64 255 128
214.85545349 223.57087708 480.16262817 64 255 128
205.68116760 201.28227234 470.13589478 64 255 128
70.52461243 181.20669556 413.26388550 64 255 128
147.23699951 301.28399658 406.39498901 64 255 128
127.12821198 231.59701538 371.45736694 64 255 128
136.71499634 294.12200928 399.08599854 64 255 128
118.25842285 171.04428101 364.47344971 64 255 128
167.21641541 183.10404968 371.19119263 64 255 128
103.17485809 256.14739990 396.82888794 64 255 128
140.29000854 306.98202515 426.80099487 64 255 128
108.99800110 288.98501587 452.11300659 64 255 128
177.31254578 243.62809753 488.86874390 64 255 128
135.95999146 299.18798828 467.21499634 64 255 128
172.57177734 224.49765015 383.04898071 64 255 128
162.49340820 204.31962585 360.58731079 64 255 128
83.91914368 254.46795654 438.19021606 64 255 128
137.54840088 121.25531006 413.95062256 64 255 128
106.04508972 201.42210388 474.39096069 64 255 128
190.09753418 253.82623291 491.80612183 64 255 128
174.86441040 210.86024475 472.99456787 64 255 128
142.63334656 124.37186432 388.79595947 64 255 128
206.57649231 233.34136963 428.15945435 64 255 128
174.65544128 160.00781250 379.82699585 64 255 128
126.84400177 300.46798706 487.04998779 64 255 128
72.48348999 200.20848083 417.42617798 64 255 128
103.42461395 162.89033508 376.87902832 64 255 128
77.77078247 223.70071411 418.25064087 64 255 128
190.28794861 188.30783081 429.91528320 64 255 128
153.70500183 245.69357300 480.61227417 64 255 128
173.17298889 279.64199829 442.84899902 64 255 128
63.03429413 160.41262817 469.74368286 64 255 128
134.32485962 194.95394897 472.32699585 64 255 128
121.19599915 295.64398193 452.64398193 64 255 128
86.10448456 221.93075562 400.00262451 64 255 128
155.64610291 239.81398010 375.25335693 64 255 128
182.44398499 211.79536438 390.69494629 64 255 128
189.09793091 194.28234863 392.02850342 64 255 128
111.54898834 117.34500885 421.67208862 64 255 128
238.63500977 307.47198486 464.80899048 64 255 128
182.88632202 205.12474060 466.94830322 64 255 128
263.02847290 242.45304871 440.09503174 64 255 128
172.36685181 287.81298828 496.19839478 64 255 128
130.19183350 171.70625305 361.19384766 64 255 128
185.23559570 202.42956543 390.45626831 64 255 128
100.72972870 264.95062256 403.69165039 64 255 128
126.42481995 222.21337891 475.40036011 64 255 128
144.32493591 120.99194336 396.93295288 64 255 128
247.49505615 232.23780823 435.89294434 64 255 128
172.79089355 210.82859802 368.62384033 64 255 128
164.28199768 309.72000122 492.65600586 64 255 128
172.24000549 276.20800781 411.55801392 64 255 128
112.54094696 253.26055908 384.21307373 64 255 128
227.51544189 284.48727417 484.65383911 64 255 128
226.73121643 218.52282715 447.06793213 64 255 128
53.21521378 180.09452820 455.91976929 64 255 128
149.60723877 167.68336487 439.29840088 64 255 128
96.48765564 208.36212158 375.01647949 64 255 128
229.68626404 246.21546936 438.72384644 64 255 128
176.83799744 242.10099792 405.49099731 64 255 128
169.83357239 241.90122986 484.26141357 64 255 128
191.96749878 296.54956055 502.86270142 64 255 128
67.26902771 204.05523682 491.54278564 64 255 128
108.75965118 247.13883972 387.49157715 64 255 128
244.23582458 236.32391357 439.27929688 64 255 128
156.78758240 160.79611206 429.41604614 64 255 128
149.09599304 287.91900635 392.19097900 64 255 128
259.10299683 281.07699585 456.55200195 64 255 128
74.69803619 214.20008850 412.90295410 64 255 128
57.04600143 164.55122375 445.75415039 64 255 128
154.00000000 297.71102905 455.86199951 64 255 128
95.08049774 134.81677246 399.87716675 64 255 128
97.55208588 272.06082153 432.71572876 64 255 128
136.39131165 210.24757385 359.23535156 64 255 128
136.94717407 218.80261230 472.65206909 64 255 128
103.94862366 127.35602570 400.90097046 64 255 128
148.05516052 120.12402344 408.03375244 64 255 128
142.82899475 302.47698975 478.94998169 64 255 128
173.45500183 309.64599609 481.57400513 64 255 128
240.28546143 257.64547729 476.16677856 64 255 128
153.05615234 216.50740051 444.83590698 64 255 128
182.50149536 165.57395935 385.41415405 64 255 128
191.94047546 285.70077515 496.00131226 64 255 128
141.09532166 231.02848816 466.41952515 64 255 128
250.06044006 228.01101685 459.84255981 64 255 128
52.49633408 189.01547241 469.39450073 64 255 128
105.95892334 117.30960846 423.17312622 64 255 128
82.96518707 137.13064575 439.02420044 64 255 128
57.24945831 194.27607727 451.03216553 64 255 128
54.30445862 162.04420471 458.63955688 64 255 128
55.31396484 181.19079590 449.67239380 64 255 128
222.48190308 211.74905396 462.44766235 64 255 128
77.50526428 145.25230408 447.17730713 64 255 128
97.38819885 270.63937378 481.90267944 64 255 128
69.80130005 198.62088013 424.53256226 64 255 128
276.49578857 276.40985107 453.63525391 64 255 128
193.76075745 169.42892456 422.86785889 64 255 128
163.08901978 219.90200806 362.66253662 64 255 128
168.96598816 269.52099609 401.59402466 64 255 128
274.94033813 286.16302490 461.70776367 64 255 128
191.62400818 274.44198608 440.97000122 64 255 128
129.91313171 206.66003418 350.24114990 64 255 128
198.48583984 188.21302795 423.20297241 64 255 128
117.31289673 128.19680786 389.62301636 64 255 128
103.54505157 283.60070801 457.94204712 64 255 128
179.14999390 264.57000732 434.07699585 64 255 128
235.38699341 311.28698730 467.65399170 64 255 128
147.57539368 254.63414001 485.75125122 64 255 128
73.07789612 241.37036133 468.44827271 64 255 128
279.70056152 289.56387329 464.20901489 64 255 128
174.28506470 250.54144287 468.60769653 64 255 128
149.57630920 153.96733093 370.21844482 64 255 128
143.94985962 156.78376770 368.87249756 64 255 128
203.81700134 247.11300659 435.85699463 64 255 128
159.07600403 295.89398193 445.16198730 64 255 128
167.49717712 156.05751038 424.27725220 64 255 128
261.27957153 234.62551880 435.65838623 64 255 128
134.61080933 283.13513184 496.46710205 64 255 128
132.55200195 303.11099243 423.98001099 64 255 128
260.81634521 234.12384033 452.56250000 64 255 128
179.93399048 257.39099121 424.96697998 64 255 128
91.13202667 266.11645508 439.40875244 64 255 128
198.06849670 229.27577209 422.06991577 64 255 128
219.51890564 288.20440674 489.32995605 64 255 128
220.52799988 316.20098877 474.92999268 64 255 128
157.95899963 297.77600098 406.99398804 64 255 128
214.97825623 203.69633484 465.72430420 64 255 128
91.72883606 214.99406433 384.38397217 64 255 128
88.51936340 216.11460876 391.91769409 64 255 128
132.54519653 150.26225281 365.70114136 64 255 128
213.98074341 213.42803955 481.61831665 64 255 128
61.34044647 216.01231384 484.64364624 64 255 128
161.83807373 140.21862793 414.20669556 64 255 128
102.38189697 184.87236023 466.22427368 64 255 128
88.89952087 196.09942627 476.26223755 64 255 128
246.67083740 234.09684753 467.24511719 64 255 128
126.98777008 249.45140076 373.98880005 64 255 128
258.21295166 244.84950256 440.91964722 64 255 128
199.74423218 252.65553284 489.67617798 64 255 128
72.33109283 216.51635742 421.56582642 64 255 128
120.81289673 164.65739441 445.09329224 64 255 128
78.63542175 250.42077637 459.89904785 64 255 128
244.28999329 307.74600220 474.40298462 64 255 128
126.80123901 220.12115479 357.28015137 64 255 128
171.99516296 256.19808960 463.02349854 64 255 128
111.86885834 207.01078796 359.53085327 64 255 128
150.53900146 258.32998657 380.80200195 64 255 128
187.74400330 260.39300537 434.92999268 64 255 128
63.61985016 182.61315918 483.28143311 64 255 128
152.59616089 185.70472717 467.80831909 64 255 128
163.33999634 245.16000366 385.64199829 64 255 128
153.30926514 236.27087402 366.45117188 64 255 128
168.08900452 298.31201172 489.41497803 64 255 128
176.01223755 253.87153625 465.53704834 64 255 128
222.36595154 216.96304321 456.84237671 64 255 128
168.17698669 286.58398438 448.15298462 64 255 128
176.02500916 247.38900757 405.60702515 64 255 128
269.59765625 238.35647583 448.00625610 64 255 128
165.39199829 265.62197876 394.97500610 64 255 128
65.74931335 163.79127502 424.11953735 64 255 128
266.03326416 279.51968384 457.34506226 64 255 128
89.52059174 268.55517578 460.93127441 64 255 128
110.86022949 260.07299805 388.81430054 64 255 128
84.21122742 168.08775330 392.63043213 64 255 128
182.93145752 218.45643616 463.66116333 64 255 128
228.28121948 230.06216431 436.64266968 64 255 128
100.80852509 119.82900238 420.41235352 64 255 128
148.27651978 270.68719482 489.65905762 64 255 128
69.85172272 139.60684204 435.81039429 64 255 128
185.58221436 228.07571411 414.73934937 64 255 128
156.23143005 211.96063232 357.49987793 64 255 128
243.43118286 273.71337891 450.91421509 64 255 128
161.93646240 155.17124939 374.72985840 64 255 128
137.82499695 277.55297852 388.20202637 64 255 128
127.76288605 185.54818726 464.70465088 64 255 128
88.05764008 135.78727722 406.51629639 64 255 128
115.58899689 292.64001465 457.02999878 64 255 128
128.08226013 142.75260925 424.70971680 64 255 128
187.97953796 221.60006714 411.15417480 64 255 128
158.57264709 225.89369202 367.93566895 64 255 128
192.16215515 163.31649780 412.12539673 64 255 128
169.77000427 285.05999756 410.80700684 64 255 128
175.07299805 258.57998657 410.51400757 64 255 128
200.44400024 253.65600586 436.60101318 64 255 128
186.02378845 151.71051025 392.55059814 64 255 128
153.34898376 144.27291870 420.05856323 64 255 128
150.75999451 292.09201050 395.82199097 64 255 128
232.35900879 301.25497437 457.20300293 64 255 128
164.76943970 168.21583557 434.21304321 64 255 128
224.74600220 303.84500122 489.39898682 64 255 128
142.02340698 187.82603455 470.60650635 64 255 128
238.19801331 222.51313782 446.24783325 64 255 128
233.28675842 235.84898376 439.69705200 64 255 128
177.98782349 172.69190979 436.27856445 64 255 128
126.65374756 139.93525696 376.59536743 64 255 128
199.21060181 241.25543213 429.62075806 64 255 128
108.23857117 169.38772583 370.95275879 64 255 128
146.32299805 307.94702148 499.69699097 64 255 128
157.42797852 188.32685852 362.12243652 64 255 128
121.30716705 149.75473022 431.61282349 64 255 128
129.20600891 302.87500000 497.19400024 64 255 128
84.62127686 236.44479370 410.64385986 64 255 128
185.53984070 206.41516113 395.48101807 64 255 128
151.11343384 213.34283447 470.17831421 64 255 128
177.24868774 267.97149658 493.07318115 64 255 128
195.45953369 168.49839783 404.29733276 64 255 128
194.69834900 207.94273376 469.61886597 64 255 128
235.10099792 292.06298828 456.22598267 64 255 128
166.05390930 254.97973633 467.04641724 64 255 128
162.12625122 202.63877869 482.19961548 64 255 128
193.71784973 208.57395935 450.85729980 64 255 128
112.99483490 161.71281433 370.48760986 64 255 128
119.34616852 213.72875977 356.77130127 64 255 128
71.95298004 171.03349304 410.40774536 64 255 128
68.80697632 231.78678894 474.00451660 64 255 128
164.79499817 287.32800293 402.37500000 64 255 128
73.51087189 236.68122864 449.37811279 64 255 128
110.29199982 287.39102173 429.35101318 64 255 128
114.12599945 292.73501587 444.77798462 64 255 128
86.50124359 241.68194580 492.24212646 64 255 128
61.11106110 197.29713440 444.85736084 64 255 128
223.85522461 248.05903625 439.57690430 64 255 128
135.87930298 193.64227295 355.16058350 64 255 128
271.48727417 228.81100464 432.96542358 64 255 128
181.01211548 194.70249939 382.56219482 64 255 128
65.87796783 191.14810181 486.30966187 64 255 128
219.33784485 210.98127747 471.82449341 64 255 128
146.44654846 201.56837463 477.49072266 64 255 128
279.80120850 294.62637329 466.39508057 64 255 128
122.61582184 201.04777527 472.56280518 64 255 128
116.75400543 295.52502441 482.58901978 64 255 128
110.44963074 223.81781006 364.06759644 64 255 128
249.94371033 243.89956665 466.48074341 64 255 128
134.83399963 300.94500732 456.98602295 64 255 128
198.65452576 183.18579102 431.28366089 64 255 128
64.35998535 220.32333374 468.27832031 64 255 128
164.32299805 236.77400208 384.79199219 64 255 128
129.38017273 176.84138489 455.95101929 64 255 128
178.55012512 204.68002319 383.59738159 64 255 128
55.77294159 176.26512146 447.06958008 64 255 128
214.80757141 198.50511169 451.06985474 64 255 128
78.57685089 181.88026428 474.18307495 64 255 128
173.53785706 132.22837830 397.36837769 64 255 128
207.97300720 278.74197388 445.61599731 64 255 128
176.78556824 147.85575867 383.93542480 64 255 128
132.99659729 129.33874512 382.90969849 64 255 128
168.16900635 276.70098877 402.77200317 64 255 128
178.81724548 153.87101746 384.27426147 64 255 128
90.79466248 185.53053284 379.82211304 64 255 128
270.18261719 296.57415771 462.62106323 64 255 128
206.09500122 199.92588806 465.35156250 64 255 128
