ply
format ascii 1.0
element vertex 4096
property float x
property float y
property float z
property uchar red
property uchar green
property uchar blue
end_header
136.16705322 162.58126831 617.32635498 255 64 64
132.10011292 170.06027222 621.46124268 255 64 64
132.86666870 161.17576599 612.70837402 255 64 64
129.85751343 167.94328308 615.83404541 255 64 64
261.70544434 249.33691406 482.58508301 255 64 64
263.61624146 257.31036377 491.16149902 255 64 64
269.59442139 243.09780884 476.86401367 255 64 64
268.98626709 250.78439331 484.96768188 255 64 64
247.39666748 270.52175903 494.22949219 255 64 64
247.84298706 268.79754639 506.40011597 255 64 64
258.70104980 265.86767578 491.50579834 255 64 64
256.75177002 266.71243286 501.64764404 255 64 64
133.05343628 154.72367859 607.02819824 255 64 64
127.96835327 161.54122925 612.75964355 255 64 64
131.14994812 150.80772400 598.28668213 255 64 64
126.58102417 157.29971313 604.01245117 255 64 64
152.50584412 109.18260956 467.52667236 255 64 64
142.71124268 112.35783386 465.41867065 255 64 64
159.94898987 109.74782562 458.52941895 255 64 64
149.30514526 112.30876923 455.23623657 255 64 64
169.86451721 110.98809814 471.55853271 255 64 64
166.95822144 111.49964905 481.15310669 255 64 64
178.14842224 112.94713593 461.60540771 255 64 64
175.97436523 112.45693207 470.96218872 255 64 64
148.48913574 108.93180847 486.50650024 255 64 64
138.63601685 112.25872040 486.38760376 255 64 64
155.26373291 107.62208557 476.17593384 255 64 64
143.64985657 110.00939941 474.34814453 255 64 64
137.04205322 115.89768982 472.68359375 255 64 64
128.36654663 120.98748779 472.89920044 255 64 64
142.54325867 114.00953674 463.24426270 255 64 64
132.92227173 118.78228760 462.20391846 255 64 64
125.51441956 174.94032288 613.40374756 255 64 64
127.11996460 183.57240295 617.64428711 255 64 64
121.27009583 183.80642700 605.49633789 255 64 64
124.15091705 191.39488220 609.82556152 255 64 64
154.43544006 113.19814301 452.65899658 255 64 64
145.20510864 117.04238129 450.21649170 255 64 64
162.34849548 115.17971039 445.82684326 255 64 64
152.85206604 118.55026245 442.48837280 255 64 64
124.07908630 164.25775146 606.25878906 255 64 64
122.99181366 173.07101440 611.78643799 255 64 64
119.42947388 166.82341003 596.58496094 255 64 64
119.28471375 174.67419434 602.19561768 255 64 64
140.12788391 147.11318970 594.51550293 255 64 64
137.44522095 151.21786499 603.60809326 255 64 64
142.99951172 144.47865295 583.87921143 255 64 64
141.20617676 147.89921570 593.36053467 255 64 64
151.87956238 114.71159363 501.33593750 255 64 64
145.12901306 119.86933136 508.35635376 255 64 64
162.40640259 111.58354950 490.16180420 255 64 64
155.42561340 116.00527191 496.97650146 255 64 64
246.68222046 259.22640991 478.06854248 255 64 64
247.43994141 266.46289062 488.34249878 255 64 64
258.23287964 253.90069580 478.49740601 255 64 64
254.38804626 260.52999878 485.75183105 255 64 64
187.84211731 121.69568634 449.36611938 255 64 64
178.24000549 120.43939209 446.08804321 255 64 64
193.43580627 130.71795654 445.00100708 255 64 64
186.47201538 129.50920105 441.27093506 255 64 64
133.14207458 115.37268066 491.15496826 255 64 64
124.69116211 120.97202301 492.13064575 255 64 64
137.94973755 112.17008209 481.35754395 255 64 64
128.50238037 117.61467743 481.20962524 255 64 64
124.53974915 122.46006012 476.02334595 255 64 64
117.32872009 129.19549561 477.65390015 255 64 64
129.29362488 119.06874084 466.20938110 255 64 64
121.35036469 125.76455688 467.11535645 255 64 64
123.93286133 155.66064453 593.43395996 255 64 64
121.14593506 163.30006409 598.89459229 255 64 64
120.90766907 154.71609497 583.07696533 255 64 64
118.43354034 161.39682007 588.53851318 255 64 64
249.10159302 216.83171082 476.67935181 255 64 64
255.90875244 223.22557068 482.37872314 255 64 64
256.86746216 219.45970154 466.40728760 255 64 64
262.07708740 221.41815186 474.48831177 255 64 64
125.95672607 121.44709015 507.82073975 255 64 64
118.27578735 127.79376984 510.22763062 255 64 64
129.08004761 116.76398468 497.59677124 255 64 64
120.55931091 123.07669067 499.10455322 255 64 64
229.89651489 270.80969238 499.67715454 255 64 64
228.90383911 269.77316284 511.54769897 255 64 64
242.82106018 269.40139771 498.53814697 255 64 64
237.58758545 269.67138672 506.82391357 255 64 64
136.09954834 120.10747528 521.21868896 255 64 64
128.24310303 124.15176392 525.92114258 255 64 64
140.08154297 116.86241913 509.11978149 255 64 64
129.92459106 119.75550842 513.43395996 255 64 64
127.13146973 132.90695190 551.20294189 255 64 64
121.22451782 136.78657532 557.28540039 255 64 64
129.75280762 128.63195801 539.64660645 255 64 64
123.14758301 130.99992371 545.77441406 255 64 64
142.67332458 119.84016418 444.54449463 255 64 64
134.73007202 126.49822998 442.59335327 255 64 64
151.31484985 121.96515656 438.38394165 255 64 64
143.16966248 128.50054932 435.77911377 255 64 64
143.65934753 165.78646851 603.50360107 255 64 64
138.47706604 172.12561035 611.02600098 255 64 64
148.36698914 170.59176636 593.78259277 255 64 64
144.34346008 176.36474609 601.94854736 255 64 64
113.80227661 134.34954834 531.36712646 255 64 64
108.33032227 141.58131409 534.87933350 255 64 64
114.87987518 130.21276855 520.79687500 255 64 64
109.05406189 137.29924011 523.73950195 255 64 64
171.99864197 124.21430206 438.93423462 255 64 64
161.92472839 128.15667725 433.40847778 255 64 64
182.24995422 130.75537109 438.86016846 255 64 64
173.50086975 135.37997437 432.30023193 255 64 64
116.29168701 147.37887573 566.77465820 255 64 64
112.72108459 154.36531067 571.60681152 255 64 64
114.78569031 144.53106689 555.93725586 255 64 64
111.08676147 151.20423889 560.73925781 255 64 64
113.74028015 133.70939636 490.32223511 255 64 64
108.40325928 141.52055359 493.19906616 255 64 64
116.85983276 129.87835693 479.76425171 255 64 64
110.89059448 137.72726440 482.19308472 255 64 64
187.54573059 123.04606628 462.64532471 255 64 64
188.21646118 127.32624817 471.97567749 255 64 64
193.47610474 128.41894531 454.21704102 255 64 64
195.00875854 132.49813843 463.86068726 255 64 64
117.84242249 176.75930786 597.83404541 255 64 64
120.20426178 185.25929260 602.97857666 255 64 64
115.08480835 183.93235779 587.70257568 255 64 64
118.32420349 191.25660706 593.26983643 255 64 64
110.19306946 147.34953308 549.38281250 255 64 64
106.80648041 155.45320129 553.70977783 255 64 64
109.09565735 144.52059937 537.92462158 255 64 64
105.52600861 152.73751831 542.23968506 255 64 64
113.92260742 134.68220520 512.14147949 255 64 64
108.12793732 142.48391724 515.14739990 255 64 64
116.43637085 130.02079773 501.84298706 255 64 64
110.38975525 137.84138489 504.41668701 255 64 64
236.28562927 244.29623413 467.51049805 255 64 64
237.05371094 255.53643799 474.21102905 255 64 64
249.56307983 241.75274658 470.56259155 255 64 64
244.73760986 249.54078674 474.53704834 255 64 64
115.28186035 133.56336975 475.00228882 255 64 64
109.88822174 141.56323242 477.55661011 255 64 64
119.94326782 129.32470703 464.54525757 255 64 64
113.94383240 137.31890869 466.72406006 255 64 64
201.68133545 264.29321289 545.44165039 255 64 64
197.83685303 259.00997925 555.26837158 255 64 64
214.76063538 263.75701904 543.05364990 255 64 64
208.61871338 260.51196289 550.61566162 255 64 64
106.77590179 149.05915833 530.18676758 255 64 64
103.41289520 157.61764526 534.57000732 255 64 64
106.96084595 145.46591187 518.80218506 255 64 64
103.19020081 154.13574219 523.17108154 255 64 64
115.29750061 136.24185181 461.18554688 255 64 64
110.12182617 145.03811646 463.00952148 255 64 64
120.80813599 133.88284302 451.60229492 255 64 64
115.21823120 142.52435303 453.03881836 255 64 64
197.50407410 139.63226318 446.26324463 255 64 64
199.99967957 141.53945923 449.84802246 255 64 64
197.69633484 149.54689026 442.69689941 255 64 64
202.97674561 152.26824951 447.81500244 255 64 64
178.16990662 263.61425781 554.60858154 255 64 64
171.53259277 257.94790649 561.42797852 255 64 64
190.62359619 263.24642944 555.50384521 255 64 64
183.27763367 259.54138184 560.40777588 255 64 64
126.66851807 202.77050781 596.32019043 255 64 64
127.95895386 204.61778259 600.27862549 255 64 64
129.58944702 210.51647949 587.86077881 255 64 64
130.70761108 210.17301941 591.26416016 255 64 64
146.08264160 153.14262390 574.87744141 255 64 64
146.83598328 157.81346130 584.80035400 255 64 64
148.26507568 156.59338379 562.30487061 255 64 64
149.86212158 160.22247314 572.92608643 255 64 64
104.46531677 161.62835693 552.96624756 255 64 64
103.44598389 170.52276611 557.98388672 255 64 64
102.55310059 160.53378296 541.54083252 255 64 64
101.49391174 169.54708862 546.88354492 255 64 64
239.95658875 247.10363770 501.89712524 255 64 64
239.01580811 256.63876343 509.92953491 255 64 64
250.17109680 248.83987427 494.72100830 255 64 64
245.07823181 252.83697510 502.81524658 255 64 64
248.15100098 232.65571594 491.34164429 255 64 64
247.84432983 244.21675110 498.07449341 255 64 64
257.62384033 232.80857849 483.06814575 255 64 64
253.11012268 239.08448792 491.19824219 255 64 64
138.23075867 183.33505249 598.53356934 255 64 64
132.48231506 188.89852905 603.28033447 255 64 64
142.19531250 190.06376648 587.85009766 255 64 64
137.73016357 192.76153564 593.36260986 255 64 64
109.74874878 153.12265015 458.34613037 255 64 64
106.56880188 163.12107849 461.15277100 255 64 64
113.78549194 151.26185608 448.52227783 255 64 64
109.94124603 160.73941040 451.02517700 255 64 64
133.55043030 136.38000488 438.11019897 255 64 64
127.35850525 145.81604004 436.15646362 255 64 64
143.28276062 136.68949890 432.77645874 255 64 64
137.24180603 146.05383301 430.81991577 255 64 64
167.74769592 133.72128296 431.76004028 255 64 64
160.36871338 141.83815002 427.29678345 255 64 64
178.94638062 137.83349609 435.14968872 255 64 64
172.62236023 146.86755371 430.89215088 255 64 64
206.82415771 257.59344482 468.64044189 255 64 64
206.43255615 264.02600098 478.33123779 255 64 64
219.82702637 258.51995850 470.82510376 255 64 64
214.20196533 261.77008057 475.96774292 255 64 64
106.84970856 146.81385803 504.03506470 255 64 64
103.60937500 155.57049561 508.26617432 255 64 64
108.38023376 142.39401245 492.01165771 255 64 64
104.65960693 151.36581421 496.25787354 255 64 64
102.64942932 162.96731567 532.03393555 255 64 64
101.56144714 172.29011536 537.33605957 255 64 64
101.19485474 161.01216125 520.55029297 255 64 64
99.77473450 170.76147461 526.16564941 255 64 64
110.04216003 187.60235596 578.16003418 255 64 64
112.04071045 193.60368347 583.72448730 255 64 64
109.41088867 193.62066650 567.93188477 255 64 64
111.29243469 196.81098938 573.39062500 255 64 64
231.11451721 209.54922485 463.79190063 255 64 64
236.84030151 220.04965210 466.88220215 255 64 64
242.23583984 210.82119751 463.50033569 255 64 64
244.65664673 216.40757751 468.02020264 255 64 64
103.15463257 177.86651611 555.32495117 255 64 64
104.53843689 186.87226868 560.45959473 255 64 64
100.73051453 180.59164429 543.73583984 255 64 64
102.67103577 189.58230591 549.46166992 255 64 64
143.20774841 127.82112885 523.27697754 255 64 64
139.37246704 134.10363770 532.09588623 255 64 64
150.12530518 129.26013184 511.92352295 255 64 64
146.89346313 135.07083130 520.76318359 255 64 64
116.77835083 210.53024292 574.73645020 255 64 64
121.06892395 214.65379333 580.95477295 255 64 64
118.42518616 219.18261719 566.61669922 255 64 64
121.79101562 220.12385559 572.37554932 255 64 64
198.07884216 266.41134644 510.89141846 255 64 64
195.83117676 265.98748779 522.28448486 255 64 64
209.50683594 267.54321289 512.11016846 255 64 64
203.27810669 266.80978394 518.85174561 255 64 64
200.64137268 142.62145996 461.38250732 255 64 64
201.68499756 149.90609741 469.84851074 255 64 64
203.69110107 150.20803833 453.60156250 255 64 64
205.41340637 156.73966980 462.45254517 255 64 64
148.94804382 176.03950500 580.76239014 255 64 64
146.49465942 181.92193604 588.18103027 255 64 64
151.45542908 179.15197754 568.50402832 255 64 64
149.24905396 181.77755737 577.17578125 255 64 64
103.48474121 160.30786133 488.31509399 255 64 64
101.12950134 169.94772339 492.53591919 255 64 64
105.19926453 158.59051514 476.71066284 255 64 64
102.06272888 168.15110779 480.68182373 255 64 64
101.66032410 160.92958069 507.67153931 255 64 64
100.13168335 170.47506714 512.57189941 255 64 64
101.56784821 159.64627075 496.37661743 255 64 64
99.64289856 169.53146362 501.19937134 255 64 64
139.91998291 142.92224121 546.82885742 255 64 64
140.67486572 148.65179443 556.69519043 255 64 64
143.31271362 146.64004517 534.95458984 255 64 64
144.80879211 151.77513123 545.45874023 255 64 64
117.00906372 231.31687927 551.20471191 255 64 64
120.71931458 231.44332886 560.48413086 255 64 64
122.77071381 238.48001099 546.85186768 255 64 64
123.79216003 237.27195740 554.35351562 255 64 64
143.61219788 151.84243774 553.40765381 255 64 64
141.48559570 151.85757446 553.44940186 255 64 64
144.05780029 151.87324524 553.36444092 255 64 64
143.61726379 151.87457275 553.40570068 255 64 64
149.66683960 161.67745972 553.86413574 255 64 64
147.54949951 161.68960571 553.89807129 255 64 64
150.07263184 161.70640564 553.83465576 255 64 64
149.67141724 161.70678711 553.87139893 255 64 64
150.09597778 150.90333557 526.38989258 255 64 64
147.97817993 150.91551208 526.41058350 255 64 64
150.52833557 150.97470093 526.34881592 255 64 64
150.14599609 150.97242737 526.37017822 255 64 64
156.66929626 179.55929565 560.47845459 255 64 64
154.31916809 179.56970215 560.51312256 255 64 64
157.09550476 179.58570862 560.41320801 255 64 64
156.61053467 179.58909607 560.45544434 255 64 64
142.63224792 145.97232056 541.50482178 255 64 64
140.39311218 145.98811340 541.53521729 255 64 64
143.10877991 146.01612854 541.45031738 255 64 64
142.63978577 146.01722717 541.48248291 255 64 64
154.42050171 163.85368347 542.75115967 255 64 64
152.14015198 163.85881042 542.78442383 255 64 64
154.85432434 163.89801025 542.70391846 255 64 64
154.40713501 163.89271545 542.73992920 255 64 64
159.97344971 162.87106323 524.76928711 255 64 64
158.00956726 162.86640930 524.79888916 255 64 64
160.35700989 162.88963318 524.75653076 255 64 64
160.05349731 162.87904358 524.78912354 255 64 64
145.60525513 189.22785950 575.78741455 255 64 64
143.14654541 189.24374390 575.78717041 255 64 64
146.07833862 189.23014832 575.72692871 255 64 64
145.50561523 189.24079895 575.74206543 255 64 64
115.17828369 137.92980957 553.75073242 255 64 64
113.70838928 137.97895813 553.73760986 255 64 64
115.42044067 137.92887878 553.73394775 255 64 64
115.15705109 137.95570374 553.70294189 255 64 64
115.91597748 144.11000061 565.01318359 255 64 64
114.53424072 144.15417480 564.98883057 255 64 64
116.16300964 144.11315918 564.99945068 255 64 64
115.91262817 144.13737488 564.96569824 255 64 64
165.82432556 182.81719971 541.68011475 255 64 64
163.42893982 182.81733704 541.71929932 255 64 64
166.22387695 182.83602905 541.62243652 255 64 64
165.77008057 182.83071899 541.67004395 255 64 64
115.27442932 152.71618652 574.85070801 255 64 64
113.92141724 152.75650024 574.83233643 255 64 64
115.50486755 152.71104431 574.82336426 255 64 64
115.26731873 152.73361206 574.79327393 255 64 64
113.34563446 164.68511963 582.37316895 255 64 64
111.99687195 164.72657776 582.34106445 255 64 64
113.57752991 164.67218018 582.36303711 255 64 64
113.31631470 164.69702148 582.32617188 255 64 64
109.01555634 163.42837524 572.22839355 255 64 64
107.75502014 163.46859741 572.20434570 255 64 64
109.20946503 163.42562866 572.21563721 255 64 64
108.98306274 163.44776917 572.17980957 255 64 64
158.98779297 186.48217773 549.88531494 255 64 64
156.48767090 186.48175049 549.91174316 255 64 64
159.44174194 186.49645996 549.82800293 255 64 64
158.93771362 186.49096680 549.86364746 255 64 64
116.93490601 129.88656616 532.92553711 255 64 64
115.43203735 129.93876648 532.90618896 255 64 64
117.18601990 129.91452026 532.90197754 255 64 64
116.92181396 129.94149780 532.86334229 255 64 64
113.02479553 184.16433716 587.45709229 255 64 64
111.63787079 184.19387817 587.43817139 255 64 64
113.27157593 184.16127014 587.43511963 255 64 64
112.99872589 184.17796326 587.40924072 255 64 64
150.61610413 190.85488892 563.74511719 255 64 64
148.27659607 190.87191772 563.74121094 255 64 64
151.03616333 190.86770630 563.71087646 255 64 64
150.55325317 190.88043213 563.71759033 255 64 64
116.91406250 196.99995422 592.46118164 255 64 64
115.34796906 197.03237915 592.42187500 255 64 64
117.22622681 196.99620056 592.44445801 255 64 64
116.89529419 197.01643372 592.40649414 255 64 64
113.46606445 128.77966309 521.24426270 255 64 64
112.02877808 128.83662415 521.21392822 255 64 64
113.71074677 128.82211304 521.22967529 255 64 64
113.47832489 128.85134888 521.17877197 255 64 64
165.58596802 191.50669861 536.00030518 255 64 64
163.20384216 191.50448608 536.02398682 255 64 64
165.98986816 191.51718140 535.96606445 255 64 64
165.54847717 191.51278687 535.99304199 255 64 64
109.83547974 139.42770386 541.85351562 255 64 64
108.56816101 139.47927856 541.81597900 255 64 64
110.04708862 139.45031738 541.86199951 255 64 64
109.85188293 139.47770691 541.80792236 255 64 64
117.52067566 205.75413513 587.34631348 255 64 64
115.91826630 205.77426147 587.34265137 255 64 64
117.85401917 205.78202820 587.31652832 255 64 64
117.56982422 205.79010010 587.30694580 255 64 64
107.10203552 149.11755371 552.26318359 255 64 64
105.95095062 149.16143799 552.23162842 255 64 64
107.26067352 149.12882996 552.26770020 255 64 64
107.10267639 149.15226746 552.21905518 255 64 64
110.84326935 189.21936035 578.20526123 255 64 64
109.52747345 189.25054932 578.19036865 255 64 64
111.07858276 189.23672485 578.18444824 255 64 64
110.85682678 189.25207520 578.15997314 255 64 64
157.26908875 197.43284607 543.35400391 255 64 64
154.66413879 197.43873596 543.35308838 255 64 64
157.74391174 197.43606567 543.33245850 255 64 64
157.20252991 197.44168091 543.34246826 255 64 64
108.56600952 176.87251282 574.52209473 255 64 64
107.36013794 176.90718079 574.47991943 255 64 64
108.75732422 176.89103699 574.51477051 255 64 64
108.55001831 176.90866089 574.46350098 255 64 64
106.09166718 157.34863281 560.27416992 255 64 64
105.01318359 157.38516235 560.23266602 255 64 64
106.21852112 157.36816406 560.27661133 255 64 64
106.08235168 157.38613892 560.22204590 255 64 64
138.19546509 203.42520142 569.85113525 255 64 64
136.12548828 203.44859314 569.82763672 255 64 64
138.57688904 203.44314575 569.80957031 255 64 64
138.15600586 203.46049500 569.79309082 255 64 64
126.56292725 221.04736328 584.36621094 255 64 64
124.72802734 221.07472229 584.33038330 255 64 64
126.90879822 221.08363342 584.32012939 255 64 64
126.57246399 221.10032654 584.28442383 255 64 64
103.21286011 147.70343018 536.97222900 255 64 64
102.11562347 147.75639343 536.93463135 255 64 64
103.35215759 147.72698975 536.99438477 255 64 64
103.21958160 147.75692749 536.93518066 255 64 64
106.62942505 137.88696289 526.40380859 255 64 64
105.41423798 137.93930054 526.37780762 255 64 64
106.79956818 137.92094421 526.42041016 255 64 64
106.64334106 137.94764709 526.37017822 255 64 64
169.00712585 196.40702820 524.79077148 255 64 64
166.47364807 196.41151428 524.80383301 255 64 64
169.41555786 196.40419006 524.77349854 255 64 64
168.97303772 196.40847778 524.79455566 255 64 64
134.54617310 206.21348572 581.74859619 255 64 64
132.21055603 206.23524475 581.73724365 255 64 64
135.04823303 206.22044373 581.67907715 255 64 64
134.51283264 206.23866272 581.67993164 255 64 64
111.37509918 202.26362610 573.75061035 255 64 64
110.00616455 202.29562378 573.74328613 255 64 64
111.61389160 202.29634094 573.71850586 255 64 64
111.39550781 202.31294250 573.69836426 255 64 64
117.14028931 213.28228760 574.82611084 255 64 64
115.54640198 213.30364990 574.81738281 255 64 64
117.44763947 213.32463074 574.79595947 255 64 64
117.16644287 213.33338928 574.77868652 255 64 64
105.41380310 187.22023010 564.27679443 255 64 64
104.28897095 187.25863647 564.25762939 255 64 64
105.56313324 187.25367737 564.26635742 255 64 64
105.42059326 187.27426147 564.23339844 255 64 64
168.46189880 206.45513916 521.33685303 255 64 64
165.72805786 206.46853638 521.33209229 255 64 64
168.91526794 206.46031189 521.31805420 255 64 64
168.43547058 206.47264099 521.32562256 255 64 64
109.65110016 134.90252686 504.80743408 255 64 64
108.17028809 134.96081543 504.77359009 255 64 64
109.90185547 134.95921326 504.80926514 255 64 64
109.67385864 134.98899841 504.75265503 255 64 64
148.23744202 201.90847778 553.97546387 255 64 64
145.95022583 201.92964172 553.94445801 255 64 64
148.65939331 201.90425110 553.95062256 255 64 64
148.21522522 201.92037964 553.92919922 255 64 64
164.52062988 212.69584656 534.43750000 255 64 64
161.65155029 212.71464539 534.43310547 255 64 64
165.02326965 212.70471191 534.39739990 255 64 64
164.46801758 212.72230530 534.40631104 255 64 64
101.85621643 165.07791138 552.72845459 255 64 64
100.83004761 165.11424255 552.69750977 255 64 64
101.97640991 165.10644531 552.72387695 255 64 64
101.86312103 165.12394714 552.67559814 255 64 64
126.65521240 219.83247375 569.98187256 255 64 64
124.74673462 219.85925293 569.94281006 255 64 64
127.02017212 219.87037659 569.95690918 255 64 64
126.67657471 219.88809204 569.91894531 255 64 64
151.90936279 232.52185059 552.90100098 255 64 64
148.66076660 232.57328796 552.87158203 255 64 64
152.55461121 232.55609131 552.81842041 255 64 64
151.89044189 232.60005188 552.80596924 255 64 64
156.29258728 206.55146790 529.26525879 255 64 64
153.27476501 206.56874084 529.25854492 255 64 64
156.86692810 206.57817078 529.21887207 255 64 64
156.24382019 206.59246826 529.22485352 255 64 64
101.46257019 177.54159546 555.64752197 255 64 64
100.43627930 177.57865906 555.62066650 255 64 64
101.58576965 177.58120728 555.66522217 255 64 64
101.47094727 177.60035706 555.61981201 255 64 64
118.71087646 221.74954224 563.74676514 255 64 64
117.02861023 221.77249146 563.71173096 255 64 64
119.00464630 221.78907776 563.72552490 255 64 64
118.74191284 221.80047607 563.68457031 255 64 64
163.14236450 189.76832581 495.92877197 255 64 64
160.76536560 189.76431274 495.94573975 255 64 64
163.59552002 189.78424072 495.92980957 255 64 64
163.28695679 189.77818298 495.95602417 255 64 64
99.45279694 164.42687988 541.47113037 255 64 64
98.43718719 164.47390747 541.43798828 255 64 64
99.55760193 164.46057129 541.49096680 255 64 64
99.44531250 164.48718262 541.43731689 255 64 64
146.90879822 220.22055054 543.21453857 255 64 64
144.21295166 220.25894165 543.19134521 255 64 64
147.42015076 220.25102234 543.17572021 255 64 64
146.89216614 220.28233337 543.16278076 255 64 64
147.37294006 209.45231628 534.59619141 255 64 64
144.64498901 209.47645569 534.56701660 255 64 64
147.91853333 209.47866821 534.55535889 255 64 64
147.37648010 209.49754333 534.53881836 255 64 64
166.19630432 186.33416748 505.40283203 255 64 64
164.04174805 186.32298279 505.42575073 255 64 64
166.54798889 186.32823181 505.38934326 255 64 64
166.23696899 186.31483459 505.41601562 255 64 64
109.90027618 209.53694153 562.51464844 255 64 64
108.51695251 209.57705688 562.50128174 255 64 64
110.11235046 209.57766724 562.50396729 255 64 64
109.90301514 209.60229492 562.47601318 255 64 64
138.38124084 208.51097107 548.05035400 255 64 64
135.91488647 208.53779602 548.01965332 255 64 64
138.88110352 208.52487183 548.01293945 255 64 64
138.37968445 208.54559326 547.99133301 255 64 64
105.71540833 142.77406311 511.97045898 255 64 64
104.40863037 142.83016968 511.93438721 255 64 64
105.93391418 142.81741333 511.99389648 255 64 64
105.75379944 142.84808350 511.93646240 255 64 64
159.45976257 225.72457886 544.50885010 255 64 64
155.94989014 225.75167847 544.49743652 255 64 64
160.17652893 225.72462463 544.46051025 255 64 64
159.43515015 225.74832153 544.46636963 255 64 64
141.96980286 238.54998779 562.32727051 255 64 64
138.96711731 238.55824280 562.29919434 255 64 64
142.59384155 238.55561829 562.27191162 255 64 64
141.97833252 238.56755066 562.25439453 255 64 64
104.16497040 196.44685364 556.51336670 255 64 64
103.03842163 196.47360229 556.49768066 255 64 64
104.33316803 196.48939514 556.51922607 255 64 64
104.20884705 196.50039673 556.48718262 255 64 64
130.89930725 212.84338379 558.97204590 255 64 64
128.81906128 212.87254333 558.94390869 255 64 64
131.32543945 212.86166382 558.95324707 255 64 64
130.92744446 212.88354492 558.92846680 255 64 64
133.50445557 223.36807251 548.67272949 255 64 64
131.00965881 223.39065552 548.65240479 255 64 64
134.01179504 223.39077759 548.61804199 255 64 64
133.51109314 223.40779114 548.60424805 255 64 64
102.35878754 150.77287292 520.06420898 255 64 64
101.23713684 150.82560730 520.02832031 255 64 64
102.52323914 150.82528687 520.07800293 255 64 64
102.40446472 150.85282898 520.01800537 255 64 64
101.28289795 189.67913818 548.82006836 255 64 64
100.20706940 189.71646118 548.80334473 255 64 64
101.43083191 189.73135376 548.83056641 255 64 64
101.32025146 189.75175476 548.79437256 255 64 64
99.27009583 161.11900330 527.96203613 255 64 64
98.15805817 161.17088318 527.93762207 255 64 64
99.40585327 161.16741943 527.98577881 255 64 64
99.27221680 161.19830322 527.93609619 255 64 64
97.72657776 174.08892822 533.94189453 255 64 64
96.66419983 174.13467407 533.92370605 255 64 64
97.84735870 174.14102173 533.96514893 255 64 64
97.72988129 174.16784668 533.92376709 255 64 64
258.96484375 236.20118713 479.81954956 255 64 64
258.84594727 244.87667847 488.54977417 255 64 64
266.82849121 241.65756226 469.34933472 255 64 64
266.60119629 250.17642212 479.55911255 255 64 64
255.00360107 252.97987366 492.94226074 255 64 64
252.98193359 259.10952759 503.86920166 255 64 64
262.60858154 255.14544678 480.29797363 255 64 64
260.60485840 260.03707886 491.42495728 255 64 64
242.77166748 218.28781128 485.25473022 255 64 64
240.46739197 224.07209778 494.36050415 255 64 64
251.05087280 225.08222961 479.79501343 255 64 64
248.83149719 230.82688904 489.90478516 255 64 64
233.90652466 253.50875854 514.73669434 255 64 64
228.26187134 256.96942139 524.86718750 255 64 64
242.63485718 258.03723145 506.99157715 255 64 64
237.98193359 260.42019653 516.53704834 255 64 64
238.48959351 233.08303833 497.29132080 255 64 64
233.88668823 238.49555969 505.70071411 255 64 64
246.70462036 240.11006165 493.01113892 255 64 64
242.26968384 245.29800415 501.59417725 255 64 64
244.16821289 219.00140381 461.02767944 255 64 64
247.09832764 230.42279053 464.88137817 255 64 64
256.29162598 226.81845093 462.68371582 255 64 64
260.49914551 237.19998169 468.34155273 255 64 64
226.83691406 204.56449890 489.61276245 255 64 64
225.10351562 209.42784119 498.17691040 255 64 64
234.80447388 211.97933960 486.33419800 255 64 64
232.61471558 216.37841797 495.74005127 255 64 64
227.81365967 202.21398926 471.38302612 255 64 64
230.39724731 207.94543457 479.08096313 255 64 64
236.79866028 209.72790527 467.73577881 255 64 64
240.57402039 214.44308472 477.16802979 255 64 64
219.38751221 187.67210388 487.56454468 255 64 64
220.20443726 191.78999329 496.62503052 255 64 64
227.39233398 195.20112610 484.19787598 255 64 64
228.28166199 198.26594543 494.08306885 255 64 64
219.92395020 235.95443726 512.44561768 255 64 64
214.77188110 240.50259399 520.27374268 255 64 64
228.18356323 242.91256714 509.61480713 255 64 64
222.80690002 246.88136292 517.71282959 255 64 64
213.30386353 194.31697083 501.92254639 255 64 64
209.55209351 198.29048157 509.50534058 255 64 64
222.38417053 200.83538818 501.78475952 255 64 64
218.14738464 204.51921082 509.70538330 255 64 64
221.80761719 217.14462280 503.24734497 255 64 64
217.23303223 222.03060913 510.15264893 255 64 64
229.43855286 224.55946350 500.45996094 255 64 64
224.11474609 229.21520996 508.10125732 255 64 64
206.82037354 241.83308411 531.89331055 255 64 64
201.87022400 245.24987793 541.26135254 255 64 64
216.85087585 248.16560364 530.14007568 255 64 64
211.79127502 250.78410339 539.52325439 255 64 64
191.14274597 246.20668030 550.29638672 255 64 64
183.35612488 248.82896423 557.98486328 255 64 64
201.90548706 251.26864624 550.94891357 255 64 64
195.01152039 253.19784546 558.40240479 255 64 64
216.29650879 183.22773743 470.72085571 255 64 64
218.30355835 189.47250366 477.60916138 255 64 64
222.47286987 193.16577148 465.87310791 255 64 64
226.29067993 197.30064392 474.36929321 255 64 64
236.48538208 267.53308105 490.89038086 255 64 64
236.89797974 268.38885498 502.80245972 255 64 64
248.68901062 267.54574585 494.08685303 255 64 64
248.53283691 267.32406616 506.37634277 255 64 64
207.73376465 221.06625366 515.66326904 255 64 64
202.54772949 225.47854614 522.24401855 255 64 64
215.34866333 228.37446594 514.22052002 255 64 64
209.41339111 232.38006592 521.32965088 255 64 64
232.42788696 236.29742432 464.24938965 255 64 64
236.26646423 246.89976501 469.70718384 255 64 64
246.38378906 241.07820129 469.59655762 255 64 64
250.23463440 251.00868225 475.59033203 255 64 64
195.19139099 225.08789062 530.51843262 255 64 64
189.93930054 229.06423950 537.77478027 255 64 64
203.00726318 232.42251587 529.93481445 255 64 64
197.09368896 235.94688416 537.43646240 255 64 64
221.30987549 209.94493103 456.70007324 255 64 64
224.05387878 220.03016663 459.72055054 255 64 64
231.36868286 215.26496887 460.48794556 255 64 64
235.67057800 224.51040649 463.79150391 255 64 64
210.11872864 189.82730103 458.95352173 255 64 64
213.03965759 198.79530334 461.99383545 255 64 64
218.49415588 199.40110779 459.06393433 255 64 64
224.00480652 206.54229736 463.58474731 255 64 64
180.13690186 173.74545288 515.93719482 255 64 64
178.48748779 178.09170532 525.80725098 255 64 64
185.35856628 181.11358643 511.59637451 255 64 64
183.69641113 183.54949951 520.55303955 255 64 64
213.00872803 267.41641235 506.99487305 255 64 64
212.62045288 266.03735352 519.22021484 255 64 64
225.23101807 267.89965820 512.94714355 255 64 64
224.54501343 265.56707764 524.82519531 255 64 64
182.67543030 230.35037231 543.98651123 255 64 64
175.60595703 234.08703613 550.37280273 255 64 64
191.01405334 237.49911499 545.01977539 255 64 64
184.10215759 240.91778564 551.42492676 255 64 64
226.16801453 255.25302124 469.70507812 255 64 64
230.01509094 262.61688232 477.95971680 255 64 64
240.48437500 258.15744019 475.77810669 255 64 64
243.93231201 264.91079712 484.79705811 255 64 64
183.20384216 161.42671204 495.62585449 255 64 64
181.27511597 167.27894592 504.82601929 255 64 64
189.37052917 171.03919983 493.03094482 255 64 64
187.63879395 175.05046082 501.75363159 255 64 64
198.40672302 205.71380615 507.83184814 255 64 64
193.95857239 210.10534668 514.29931641 255 64 64
206.19853210 212.66816711 508.33102417 255 64 64
201.13798523 216.57092285 515.44201660 255 64 64
154.15405273 181.09884644 566.53295898 255 64 64
149.50303650 186.66610718 576.16339111 255 64 64
157.32080078 186.66563416 556.73461914 255 64 64
152.48010254 191.28694153 565.57806396 255 64 64
159.38446045 164.62364197 538.96112061 255 64 64
157.46374512 169.76062012 549.54455566 255 64 64
165.31170654 170.32583618 533.94116211 255 64 64
162.53703308 174.49798584 543.37908936 255 64 64
166.78514099 241.23861694 555.62304688 255 64 64
159.79492188 244.41854858 562.14898682 255 64 64
176.51086426 247.30032349 559.93438721 255 64 64
169.84053040 249.99148560 566.07440186 255 64 64
197.50039673 264.35879517 524.82568359 255 64 64
196.15811157 262.48431396 537.38696289 255 64 64
209.62026978 264.68057251 531.60266113 255 64 64
208.10177612 262.04696655 543.61663818 255 64 64
183.28121948 136.03715515 474.56933594 255 64 64
181.07980347 144.49185181 483.31277466 255 64 64
195.24612427 145.10896301 473.34643555 255 64 64
192.40209961 153.03712463 482.06155396 255 64 64
164.97152710 155.67073059 509.55441284 255 64 64
163.07229614 160.92471313 520.15295410 255 64 64
173.12710571 162.86665344 508.04464722 255 64 64
170.37554932 166.97604370 517.21649170 255 64 64
188.83905029 157.45791626 482.05023193 255 64 64
187.24340820 163.96311951 490.83706665 255 64 64
195.86323547 167.45256042 479.32699585 255 64 64
194.46057129 172.18756104 488.32330322 255 64 64
174.66069031 185.02867126 532.84063721 255 64 64
167.71011353 189.61459351 539.83087158 255 64 64
179.65400696 189.12248230 524.48034668 255 64 64
172.80345154 192.21272278 530.97796631 255 64 64
189.15397644 184.37704468 496.70849609 255 64 64
189.87040710 188.51757812 506.19360352 255 64 64
197.44471741 193.35943604 494.92666626 255 64 64
198.50424194 195.25773621 504.35891724 255 64 64
167.00782776 140.43151855 492.49783325 255 64 64
165.64857483 147.15563965 502.01312256 255 64 64
176.76516724 148.98907471 491.49005127 255 64 64
174.33868408 154.84129333 500.28067017 255 64 64
146.03092957 149.06172180 536.51696777 255 64 64
145.07305908 154.92904663 546.84185791 255 64 64
150.35073853 153.98828125 529.57391357 255 64 64
148.31727600 159.32812500 539.48175049 255 64 64
200.31398010 161.15872192 468.47177124 255 64 64
198.70513916 168.41314697 474.84677124 255 64 64
203.23419189 174.62017822 462.41760254 255 64 64
203.62800598 179.83642578 470.93081665 255 64 64
199.74168396 144.16064453 459.43676758 255 64 64
200.82682800 152.95126343 465.48620605 255 64 64
203.59606934 157.81271362 455.21981812 255 64 64
204.59854126 165.46722412 463.16305542 255 64 64
185.50718689 210.25065613 517.64630127 255 64 64
181.24398804 214.16661072 524.76293945 255 64 64
192.56912231 217.40600586 518.30584717 255 64 64
188.08227539 220.87187195 526.04718018 255 64 64
150.36926270 139.53982544 509.92544556 255 64 64
149.67193604 145.90536499 520.19000244 255 64 64
157.39157104 145.30900574 505.56106567 255 64 64
155.50152588 151.26126099 515.48022461 255 64 64
176.60617065 214.06282043 531.66302490 255 64 64
171.24084473 217.94480896 538.58343506 255 64 64
183.97760010 221.16627502 533.84277344 255 64 64
178.37448120 224.89538574 541.03869629 255 64 64
182.75563049 189.60083008 506.03240967 255 64 64
182.72909546 192.99592590 515.53637695 255 64 64
190.53092957 196.62013245 503.54174805 255 64 64
190.80316162 197.96588135 512.77020264 255 64 64
142.36466980 230.44660950 556.95727539 255 64 64
136.75965881 233.83697510 564.00415039 255 64 64
150.94816589 239.18014526 558.52838135 255 64 64
146.12776184 242.10861206 564.86090088 255 64 64
189.71612549 183.61271667 481.52770996 255 64 64
191.30845642 189.05543518 489.99374390 255 64 64
198.39587402 195.79464722 480.02905273 255 64 64
201.45974731 198.34048462 489.43298340 255 64 64
161.47689819 221.48521423 542.35760498 255 64 64
155.43028259 225.30868530 548.96661377 255 64 64
169.91743469 228.95713806 546.42126465 255 64 64
163.99066162 232.86695862 552.93304443 255 64 64
138.57516479 204.24368286 570.84716797 255 64 64
133.79296875 209.73356628 580.12463379 255 64 64
137.45982361 211.56321716 557.76690674 255 64 64
132.71066284 215.79432678 566.38769531 255 64 64
207.09967041 264.86526489 484.94522095 255 64 64
209.32374573 267.25259399 495.90612793 255 64 64
219.48164368 267.19433594 491.08807373 255 64 64
221.56558228 268.44754028 502.27545166 255 64 64
209.03724670 226.89582825 456.54403687 255 64 64
212.43988037 236.17333984 461.19976807 255 64 64
219.71505737 230.75517273 460.09399414 255 64 64
223.74803162 239.63070679 464.71575928 255 64 64
158.18937683 198.60375977 534.75238037 255 64 64
151.60302734 203.47463989 541.54443359 255 64 64
161.12446594 202.75985718 524.32745361 255 64 64
154.43620300 206.56494141 531.04968262 255 64 64
191.34373474 182.14825439 469.44464111 255 64 64
191.32249451 189.65367126 475.97247314 255 64 64
198.64025879 196.34005737 467.39041138 255 64 64
201.77491760 200.60514832 475.86209106 255 64 64
202.39202881 207.19668579 449.61221313 255 64 64
204.63450623 217.07432556 452.56851196 255 64 64
210.50137329 211.96424866 453.55032349 255 64 64
214.24369812 220.80770874 456.83218384 255 64 64
202.01647949 256.19143677 468.64541626 255 64 64
205.35305786 261.94931030 477.40203857 255 64 64
214.06819153 259.58038330 473.03033447 255 64 64
217.50102234 264.55316162 482.07382202 255 64 64
175.35871887 203.14248657 496.96862793 255 64 64
174.62554932 206.97447205 505.60824585 255 64 64
183.20074463 210.62338257 496.08258057 255 64 64
182.77639771 213.18998718 505.41293335 255 64 64
165.71084595 262.58999634 528.92846680 255 64 64
167.23948669 261.10336304 540.70465088 255 64 64
176.47500610 262.96838379 536.06213379 255 64 64
177.59178162 260.51690674 547.70996094 255 64 64
168.18025208 201.77520752 512.50366211 255 64 64
165.64479065 204.72114563 520.74316406 255 64 64
174.89117432 208.01338196 510.05355835 255 64 64
172.69729614 210.39785767 518.68188477 255 64 64
188.16862488 263.57531738 497.53289795 255 64 64
190.01336670 264.05957031 508.94671631 255 64 64
199.17858887 265.27621460 503.52288818 255 64 64
200.85986328 264.73718262 514.93670654 255 64 64
194.75120544 154.71014404 444.30703735 255 64 64
194.87741089 167.09776306 445.11087036 255 64 64
199.56640625 167.75451660 448.43481445 255 64 64
200.71406555 177.82653809 450.45272827 255 64 64
188.90415955 188.61004639 454.62911987 255 64 64
188.63027954 198.49523926 458.57904053 255 64 64
195.43978882 200.06163025 456.74465942 255 64 64
199.05001831 207.12828064 462.43838501 255 64 64
178.33673096 212.82669067 490.33721924 255 64 64
176.41886902 217.34089661 498.28988647 255 64 64
185.45858765 219.97732544 490.56567383 255 64 64
183.86343384 223.70834351 499.23171997 255 64 64
198.34869385 239.49105835 458.58139038 255 64 64
202.25614929 248.34205627 464.36758423 255 64 64
209.41716003 242.82197571 462.31524658 255 64 64
213.52561951 251.22570801 467.87872314 255 64 64
175.54980469 263.83911133 511.35668945 255 64 64
176.86848450 262.77117920 523.03094482 255 64 64
186.24508667 263.90823364 517.85058594 255 64 64
187.31480408 261.93515015 529.40783691 255 64 64
165.47966003 188.78178406 500.77416992 255 64 64
166.50016785 191.32856750 509.75350952 255 64 64
173.14503479 195.47093201 497.33047485 255 64 64
174.64041138 196.35609436 506.43438721 255 64 64
173.82443237 225.17941284 497.76245117 255 64 64
170.54823303 228.53393555 505.67929077 255 64 64
180.25979614 229.93894958 498.99902344 255 64 64
177.53656006 232.64614868 507.02911377 255 64 64
183.45108032 259.06872559 477.26995850 255 64 64
186.04409790 261.88442993 487.56277466 255 64 64
193.92129517 261.26849365 482.25216675 255 64 64
196.71719360 263.24652100 492.62426758 255 64 64
142.63832092 257.21194458 533.64746094 255 64 64
146.46557617 255.24971008 544.07995605 255 64 64
153.89739990 259.39450073 538.82501221 255 64 64
157.12074280 256.54669189 549.32543945 255 64 64
189.10325623 221.90734863 445.86404419 255 64 64
191.95860291 230.86026001 451.31805420 255 64 64
198.04296875 224.13673401 450.97271729 255 64 64
201.71170044 232.61973572 456.22103882 255 64 64
186.43428040 174.81832886 441.55902100 255 64 64
185.32223511 186.69642639 441.78051758 255 64 64
192.19213867 182.93333435 446.26028442 255 64 64
193.59764099 192.77229309 447.08877563 255 64 64
127.18208313 244.30862427 540.90753174 255 64 64
132.30207825 244.97822571 550.16619873 255 64 64
136.81250000 251.33517456 542.72961426 255 64 64
141.70227051 251.24742126 552.64123535 255 64 64
155.67550659 191.36112976 498.80346680 255 64 64
155.64825439 193.45309448 506.08428955 255 64 64
163.09870911 197.37754822 496.53738403 255 64 64
163.59977722 199.05810547 504.28814697 255 64 64
113.30733490 222.94590759 551.46459961 255 64 64
117.44220734 227.32423401 559.18322754 255 64 64
118.29711151 233.16513062 546.61914062 255 64 64
122.78866577 236.76687622 554.93041992 255 64 64
185.04670715 200.52398682 441.21035767 255 64 64
186.44866943 211.33392334 443.47265625 255 64 64
192.55024719 205.79684448 445.53277588 255 64 64
195.65376282 215.33857727 448.00122070 255 64 64
179.62098694 250.82061768 461.36773682 255 64 64
182.43481445 256.39920044 469.74316406 255 64 64
190.19595337 252.07684326 466.26031494 255 64 64
193.30795288 257.09869385 474.41683960 255 64 64
167.37866211 263.38967896 486.88903809 255 64 64
169.40174866 263.38690186 497.47250366 255 64 64
177.23838806 262.93862915 492.63558960 255 64 64
179.39263916 262.25579834 503.14355469 255 64 64
175.63047791 147.19715881 433.55679321 255 64 64
174.79916382 159.75463867 433.65963745 255 64 64
184.16796875 155.66694641 438.20245361 255 64 64
183.97099304 166.11972046 438.53265381 255 64 64
143.20259094 261.40484619 514.50927734 255 64 64
146.31932068 260.32299805 524.95117188 255 64 64
153.17837524 262.92968750 519.18103027 255 64 64
155.79782104 261.01654053 529.86639404 255 64 64
154.53009033 264.34924316 499.64279175 255 64 64
156.91740417 263.39266968 510.26965332 255 64 64
164.36338806 264.21502686 505.04965210 255 64 64
166.49969482 262.57644653 515.77655029 255 64 64
177.07513428 236.62155151 448.26828003 255 64 64
179.80876160 243.89485168 455.04336548 255 64 64
186.93486023 237.37361145 453.52227783 255 64 64
189.96853638 244.22982788 460.04446411 255 64 64
104.02699280 199.00950623 547.40045166 255 64 64
106.50583649 205.16935730 554.60205078 255 64 64
105.21263123 208.60548401 539.66668701 255 64 64
108.20385742 214.25767517 547.08532715 255 64 64
161.40895081 260.48104858 466.55816650 255 64 64
163.69955444 262.90423584 476.68869019 255 64 64
171.84898376 260.12673950 472.52172852 255 64 64
173.99522400 262.00616455 482.61450195 255 64 64
118.55754852 239.43066406 520.71228027 255 64 64
122.69241333 242.25581360 529.36132812 255 64 64
125.58173370 247.78155518 521.11273193 255 64 64
129.80908203 250.24389648 530.32983398 255 64 64
168.97383118 167.32423401 432.55920410 255 64 64
168.81860352 179.21363831 433.93157959 255 64 64
177.29594421 174.41447449 436.60586548 255 64 64
178.31597900 184.68653870 437.89718628 255 64 64
108.19583130 221.74375916 530.69158936 255 64 64
111.58053589 226.44667053 538.11212158 255 64 64
112.96102905 231.09864807 528.01226807 255 64 64
116.56748962 235.42695618 535.86682129 255 64 64
170.54539490 214.92926025 438.45480347 255 64 64
172.93649292 225.00317383 442.82934570 255 64 64
179.80215454 218.32528687 442.47549438 255 64 64
183.05476379 227.79151917 446.71228027 255 64 64
167.88632202 190.23870850 433.94238281 255 64 64
168.92405701 201.50157166 436.29241943 255 64 64
176.24476624 195.54931641 437.76974487 255 64 64
178.50659180 205.65719604 440.03109741 255 64 64
125.26846313 250.80581665 509.79925537 255 64 64
129.44673157 252.09996033 519.27685547 255 64 64
133.80052185 257.51907349 511.50296021 255 64 64
137.72969055 258.09243774 521.60705566 255 64 64
160.41392517 248.75013733 451.26800537 255 64 64
163.03147888 255.21760559 459.24710083 255 64 64
171.48901367 249.78765869 456.38043213 255 64 64
173.94897461 255.89654541 464.49920654 255 64 64
98.81594086 185.82452393 532.48327637 255 64 64
100.32523346 192.52978516 539.42633057 255 64 64
98.60739899 193.84893799 524.81365967 255 64 64
100.59085846 200.25788879 531.64532471 255 64 64
145.18887329 262.92687988 477.58886719 255 64 64
147.93382263 264.10449219 487.94586182 255 64 64
155.26373291 264.79238892 481.84075928 255 64 64
157.59915161 265.25451660 492.48837280 255 64 64
135.28009033 259.84835815 491.66107178 255 64 64
138.44682312 260.58578491 501.87088013 255 64 64
144.75859070 263.87426758 494.47515869 255 64 64
147.49977112 263.76953125 505.07748413 255 64 64
151.25294495 144.59281921 430.47460938 255 64 64
150.73161316 156.71246338 429.38204956 255 64 64
161.46221924 152.12277222 431.00173950 255 64 64
161.66821289 162.90817261 430.18365479 255 64 64
98.51516724 165.23321533 519.77551270 255 64 64
98.28061676 173.29724121 525.88629150 255 64 64
97.37859344 171.72331238 511.56051636 255 64 64
97.47808838 179.56466675 517.22021484 255 64 64
156.10543823 229.61152649 441.84469604 255 64 64
158.86074829 239.22119141 446.88543701 255 64 64
166.78230286 233.32177734 444.31173706 255 64 64
169.86317444 242.55398560 449.46948242 255 64 64
102.32945251 209.40567017 518.88098145 255 64 64
105.02249146 214.68795776 525.99951172 255 64 64
105.41432190 218.83604431 514.67156982 255 64 64
108.55935669 223.73522949 522.24871826 255 64 64
111.02947998 231.15338135 509.00274658 255 64 64
114.48306274 234.69566345 516.80072021 255 64 64
116.44009399 240.18365479 507.28280640 255 64 64
120.02957153 243.25415039 515.73937988 255 64 64
141.36727905 252.49014282 459.20889282 255 64 64
144.19242859 258.43106079 467.72586060 255 64 64
152.29516602 257.53088379 461.74578857 255 64 64
154.88157654 262.88958740 471.14407349 255 64 64
149.16192627 168.56790161 430.95455933 255 64 64
149.42802429 180.18933105 432.67877197 255 64 64
158.76545715 174.50506592 433.16827393 255 64 64
160.01007080 185.04039001 434.70254517 255 64 64
119.73233032 244.73089600 490.80358887 255 64 64
122.94908142 248.27600098 499.57720947 255 64 64
126.56874084 253.08650208 490.21334839 255 64 64
129.92230225 255.94372559 499.79660034 255 64 64
128.40876770 249.90655518 472.80340576 255 64 64
131.16409302 254.63400269 481.42416382 255 64 64
136.60868835 257.14022827 472.89538574 255 64 64
139.43949890 261.16754150 482.57678223 255 64 64
150.52212524 208.35401917 436.80749512 255 64 64
152.61550903 218.89973450 440.23559570 255 64 64
160.35165405 212.94747925 438.42553711 255 64 64
163.34854126 223.01196289 441.64041138 255 64 64
97.70154572 192.21992493 510.05734253 255 64 64
99.11081696 198.52319336 516.36248779 255 64 64
98.74988556 200.59724426 504.18624878 255 64 64
100.66870117 206.56459045 510.66879272 255 64 64
101.53492737 155.99720764 495.76834106 255 64 64
99.60762024 165.27095032 499.59750366 255 64 64
100.81213379 161.91171265 487.69863892 255 64 64
99.22239685 170.90237427 491.08761597 255 64 64
147.86587524 189.62913513 432.41949463 255 64 64
149.35984802 200.34471130 435.32110596 255 64 64
157.74353027 194.30186462 434.43786621 255 64 64
160.11196899 204.35974121 437.09460449 255 64 64
138.06466675 233.97851562 449.27999878 255 64 64
140.87944031 243.68254089 454.09710693 255 64 64
148.42449951 240.06665039 448.96466064 255 64 64
151.70823669 249.43853760 454.38378906 255 64 64
108.36190796 227.34875488 491.40051270 255 64 64
110.90586853 232.21965027 498.51528931 255 64 64
112.91574097 235.93743896 488.84890747 255 64 64
115.85506439 240.37805176 496.70724487 255 64 64
101.00415039 209.81613159 499.21392822 255 64 64
103.07961273 215.24656677 505.91915894 255 64 64
103.88214874 218.50955200 495.28332520 255 64 64
106.41288757 223.65785217 502.48303223 255 64 64
97.97683716 175.71806335 499.90322876 255 64 64
97.71710968 183.65188599 504.87225342 255 64 64
97.95336914 182.87812805 492.84506226 255 64 64
98.15741730 190.64964294 497.74331665 255 64 64
130.97395325 148.06150818 435.35787964 255 64 64
130.24124146 160.03018188 433.72357178 255 64 64
140.48477173 155.09323120 432.10458374 255 64 64
140.82624817 166.46743774 430.77786255 255 64 64
124.60793304 234.69189453 460.57357788 255 64 64
126.98864746 243.44853210 465.99365234 255 64 64
132.48324585 242.26525879 458.46078491 255 64 64
135.50938416 250.69163513 464.88671875 255 64 64
114.68735504 232.28192139 474.43960571 255 64 64
116.81659698 239.17588806 480.84289551 255 64 64
120.23527527 240.44975281 471.97915649 255 64 64
123.00946808 246.91722107 479.42608643 255 64 64
133.78164673 214.75543213 443.11526489 255 64 64
136.26805115 225.20678711 446.64056396 255 64 64
143.71307373 220.03582764 442.33959961 255 64 64
147.04306030 230.39660645 445.82528687 255 64 64
98.87420654 197.60566711 487.63259888 255 64 64
99.63639832 204.50529480 493.08096313 255 64 64
100.68474579 205.59963989 482.56921387 255 64 64
101.96662903 212.35017395 488.41012573 255 64 64
103.56745911 158.39678955 475.14965820 255 64 64
100.99424744 168.49713135 476.27868652 255 64 64
103.63350677 164.51135254 466.78649902 255 64 64
101.71185303 174.34370422 467.89956665 255 64 64
129.37361145 172.15737915 434.50558472 255 64 64
130.15644836 183.62782288 435.35693359 255 64 64
138.86201477 178.33985901 433.02648926 255 64 64
140.70770264 189.26113892 433.97308350 255 64 64
117.01852417 148.60879517 445.33932495 255 64 64
114.98883820 159.84899902 443.31625366 255 64 64
122.75705719 154.40911865 438.15567017 255 64 64
121.92208862 165.63801575 436.32601929 255 64 64
129.77606201 193.72061157 437.58102417 255 64 64
131.64627075 204.25122070 440.43447876 255 64 64
139.55273438 199.08027649 436.65158081 255 64 64
142.33259583 209.24855042 439.46777344 255 64 64
103.90267181 214.08169556 478.67803955 255 64 64
105.31689453 221.19268799 484.55102539 255 64 64
107.55701447 222.13723755 475.22232056 255 64 64
109.67823792 229.13500977 481.88040161 255 64 64
99.73059082 179.89091492 479.59686279 255 64 64
98.79075623 188.58338928 482.93438721 255 64 64
100.31721497 186.93020630 472.77838135 255 64 64
99.97386169 195.44149780 476.33859253 255 64 64
108.85352325 153.38436890 458.22375488 255 64 64
106.10858154 164.14523315 457.22402954 255 64 64
111.10779572 158.87803650 449.44210815 255 64 64
109.33688354 169.63134766 448.51928711 255 64 64
119.45491028 217.12953186 452.98535156 255 64 64
121.70069122 227.21476746 456.74844360 255 64 64
127.50857544 223.66870117 450.13140869 255 64 64
130.61868286 233.78791809 454.43801880 255 64 64
114.08509827 168.76228333 443.58480835 255 64 64
113.92651367 180.13082886 443.62844849 255 64 64
121.28173065 175.42189026 438.32788086 255 64 64
122.25930786 186.54508972 438.70968628 255 64 64
110.13965607 216.72283936 463.52777100 255 64 64
111.92872620 225.38700867 468.40997314 255 64 64
115.60406494 223.95838928 460.12985229 255 64 64
118.13575745 232.45083618 465.83676147 255 64 64
101.63735962 200.44944763 468.47131348 255 64 64
102.25537109 208.95509338 472.87603760 255 64 64
104.79602814 207.95346069 464.00854492 255 64 64
106.18501282 216.38928223 469.06814575 255 64 64
113.97492981 198.17819214 447.28976440 255 64 64
115.67578125 208.50877380 450.33666992 255 64 64
122.13191986 204.41918945 444.16235352 255 64 64
124.51924133 214.81204224 447.74523926 255 64 64
102.45022583 187.94763184 460.92861938 255 64 64
102.22317505 197.69696045 463.52728271 255 64 64
105.52015686 195.05073547 455.41418457 255 64 64
106.19916534 204.66606140 458.57998657 255 64 64
110.17126465 181.69343567 447.22463989 255 64 64
110.65911102 192.55996704 448.58816528 255 64 64
116.96002197 188.34890747 442.36322021 255 64 64
118.42213440 199.06825256 444.14495850 255 64 64
106.54287720 199.73890686 456.03530884 255 64 64
107.72497559 209.30705261 459.57949829 255 64 64
112.16227722 206.59608459 451.88723755 255 64 64
114.02919006 216.14346313 456.11175537 255 64 64
106.79480743 172.98918152 456.42370605 255 64 64
106.80474854 172.99642944 456.43386841 255 64 64
106.78501892 172.99414062 456.41448975 255 64 64
106.78877258 172.99681091 456.42025757 255 64 64
116.91992188 197.04290771 592.43872070 255 64 64
116.92756653 197.04100037 592.44476318 255 64 64
116.93002319 197.04214478 592.43084717 255 64 64
116.93614197 197.04551697 592.42877197 255 64 64
131.83258057 255.39349365 507.89056396 255 64 64
131.83691406 255.39865112 507.89517212 255 64 64
131.83441162 255.40129089 507.88729858 255 64 64
131.83625793 255.40548706 507.88821411 255 64 64
116.93537903 129.90950012 532.91986084 255 64 64
116.94139099 129.91636658 532.92437744 255 64 64
116.94168854 129.91494751 532.92541504 255 64 64
116.94548035 129.91851807 532.92211914 255 64 64
166.23960876 186.32626343 505.41448975 255 64 64
166.24758911 186.32723999 505.42437744 255 64 64
166.24914551 186.32662964 505.40405273 255 64 64
166.25672913 186.32545471 505.40353394 255 64 64
97.96962738 198.39646912 523.36608887 255 64 64
97.97607422 198.40026855 523.36395264 255 64 64
97.96855927 198.39956665 523.36773682 255 64 64
97.97291565 198.40153503 523.36096191 255 64 64
142.04690552 238.59518433 562.28070068 255 64 64
142.05119324 238.58731079 562.28637695 255 64 64
142.04852295 238.59159851 562.27478027 255 64 64
142.05072021 238.58836365 562.27416992 255 64 64
156.63638306 179.58970642 560.47839355 255 64 64
156.64227295 179.59382629 560.48065186 255 64 64
156.64846802 179.58987427 560.47485352 255 64 64
156.65420532 179.59620667 560.46942139 255 64 64
118.49651337 226.85533142 465.96224976 255 64 64
118.50492859 226.86158752 465.97406006 255 64 64
118.49862671 226.86300659 465.96215820 255 64 64
118.50161743 226.86642456 465.96942139 255 64 64
115.26860046 152.74267578 574.84985352 255 64 64
115.27854919 152.74484253 574.85180664 255 64 64
115.27161407 152.74192810 574.84954834 255 64 64
115.27948761 152.74534607 574.84558105 255 64 64
99.89956665 159.39555359 498.39031982 255 64 64
99.90678406 159.40325928 498.39627075 255 64 64
99.89282227 159.40487671 498.39190674 255 64 64
99.89707947 159.40798950 498.39071655 255 64 64
147.35400391 209.51191711 534.54718018 255 64 64
147.35208130 209.51290894 534.54522705 255 64 64
147.35115051 209.51422119 534.54248047 255 64 64
147.34909058 209.51512146 534.53393555 255 64 64
150.13027954 150.93844604 526.40209961 255 64 64
150.13371277 150.94502258 526.40863037 255 64 64
150.13163757 150.94583130 526.40551758 255 64 64
150.13851929 150.94985962 526.40167236 255 64 64
99.47161865 164.49554443 541.46649170 255 64 64
99.48110962 164.50088501 541.47143555 255 64 64
99.46911621 164.50520325 541.46789551 255 64 64
99.47651672 164.50991821 541.46582031 255 64 64
114.30285645 228.48815918 536.95739746 255 64 64
114.30462646 228.48974609 536.95916748 255 64 64
114.30915833 228.49018860 536.96142578 255 64 64
114.30972290 228.49371338 536.95727539 255 64 64
98.04293060 199.09616089 479.85311890 255 64 64
98.04915619 199.10093689 479.85806274 255 64 64
98.03857422 199.09748840 479.85025024 255 64 64
98.04144287 199.09854126 479.85180664 255 64 64
108.55810547 231.30081177 498.47381592 255 64 64
108.56474304 231.30484009 498.47821045 255 64 64
108.56045532 231.30297852 498.46881104 255 64 64
108.56405640 231.30342102 498.47055054 255 64 64
104.22673035 196.52563477 556.52856445 255 64 64
104.23492432 196.52713013 556.52929688 255 64 64
104.22868347 196.53099060 556.53387451 255 64 64
104.23680878 196.53353882 556.52862549 255 64 64
138.18644714 203.46372986 569.83416748 255 64 64
138.19015503 203.46145630 569.83892822 255 64 64
138.19650269 203.45739746 569.82983398 255 64 64
138.19837952 203.45951843 569.82751465 255 64 64
143.60607910 151.90266418 553.42291260 255 64 64
143.61590576 151.90652466 553.42584229 255 64 64
143.61541748 151.90730286 553.41827393 255 64 64
143.62599182 151.91036987 553.41284180 255 64 64
137.15359497 249.18621826 534.22839355 255 64 64
137.15452576 249.18324280 534.23547363 255 64 64
137.15742493 249.18672180 534.23242188 255 64 64
137.15629578 249.18621826 534.23345947 255 64 64
118.75660706 221.81678772 563.72393799 255 64 64
118.76118469 221.81289673 563.72613525 255 64 64
118.75957489 221.81559753 563.72241211 255 64 64
118.76254272 221.81468201 563.71954346 255 64 64
109.66967773 134.94381714 504.76971436 255 64 64
109.67568207 134.95175171 504.77444458 255 64 64
109.67289734 134.95126343 504.77163696 255 64 64
109.67612457 134.95391846 504.76864624 255 64 64
108.54270935 199.35469055 453.71752930 255 64 64
108.55403137 199.36233521 453.72555542 255 64 64
108.53244019 199.36112976 453.71081543 255 64 64
108.53843689 199.36360168 453.71618652 255 64 64
121.93293762 248.38565063 483.67977905 255 64 64
121.94413757 248.39178467 483.68148804 255 64 64
121.93737793 248.39193726 483.67343140 255 64 64
121.94317627 248.39440918 483.67422485 255 64 64
104.96003723 150.58540344 474.76660156 255 64 64
104.96845245 150.59175110 474.77371216 255 64 64
104.95297241 150.59635925 474.75830078 255 64 64
104.95540619 150.59739685 474.76019287 255 64 64
165.58329773 191.51618958 535.99493408 255 64 64
165.58882141 191.51765442 536.00183105 255 64 64
165.59150696 191.51313782 535.98889160 255 64 64
165.59683228 191.51458740 535.98876953 255 64 64
108.56558228 176.89579773 574.49737549 255 64 64
108.57479858 176.89814758 574.50018311 255 64 64
108.56776428 176.90336609 574.49505615 255 64 64
108.57595062 176.90863037 574.49084473 255 64 64
96.91079712 186.39538574 501.54385376 255 64 64
96.91851044 186.39933777 501.54840088 255 64 64
96.90605927 186.39886475 501.54394531 255 64 64
96.91055298 186.39926147 501.54373169 255 64 64
102.42985535 150.83856201 520.03564453 255 64 64
102.43753052 150.84381104 520.04113770 255 64 64
102.43066406 150.84657288 520.03845215 255 64 64
102.43530273 150.84860229 520.03784180 255 64 64
98.96250153 175.20198059 482.01687622 255 64 64
98.97006989 175.20718384 482.02798462 255 64 64
98.96008301 175.20832825 482.01522827 255 64 64
98.96157074 175.20944214 482.02099609 255 64 64
159.49858093 225.76803589 544.44366455 255 64 64
159.50320435 225.75909424 544.44396973 255 64 64
159.50927734 225.76220703 544.43658447 255 64 64
159.51095581 225.75578308 544.43188477 255 64 64
115.15316772 137.97079468 553.73327637 255 64 64
115.16026306 137.97645569 553.73767090 255 64 64
115.15634155 137.97001648 553.73779297 255 64 64
115.16157532 137.97390747 553.73468018 255 64 64
100.19699097 211.24963379 503.17495728 255 64 64
100.20057678 211.25360107 503.17797852 255 64 64
100.19584656 211.24879456 503.17358398 255 64 64
100.19741058 211.25056458 503.17282104 255 64 64
126.61192322 221.15695190 584.32946777 255 64 64
126.62121582 221.15283203 584.33538818 255 64 64
126.61997223 221.15362549 584.32342529 255 64 64
126.62697601 221.15492249 584.32299805 255 64 64
117.96122742 237.58300781 516.64221191 255 64 64
117.96018982 237.58798218 516.64788818 255 64 64
117.96425629 237.58842468 516.63818359 255 64 64
117.96212769 237.59231567 516.63970947 255 64 64
133.54046631 223.42288208 548.64630127 255 64 64
133.53916931 223.41952515 548.64489746 255 64 64
133.53990173 223.42042542 548.64288330 255 64 64
133.53659058 223.41883850 548.63500977 255 64 64
168.44563293 206.49169922 521.33813477 255 64 64
168.44921875 206.49188232 521.33862305 255 64 64
168.45121765 206.48612976 521.33618164 255 64 64
168.45620728 206.48602295 521.33038330 255 64 64
97.10649872 173.62275696 517.63238525 255 64 64
97.11566925 173.62739563 517.63500977 255 64 64
97.10033417 173.63442993 517.63079834 255 64 64
97.10757446 173.63578796 517.62738037 255 64 64
104.58927917 219.32064819 520.70062256 255 64 64
104.59202576 219.32437134 520.70324707 255 64 64
104.59640503 219.32279968 520.69781494 255 64 64
104.59781647 219.32447815 520.69659424 255 64 64
111.40168762 202.34289551 573.75994873 255 64 64
111.41108704 202.34298706 573.76013184 255 64 64
111.40423584 202.34402466 573.75982666 255 64 64
111.41148376 202.34805298 573.75488281 255 64 64
102.36677551 217.43667603 484.49404907 255 64 64
102.37368774 217.44123840 484.50234985 255 64 64
102.36344910 217.43353271 484.49099731 255 64 64
102.36677551 217.43554688 484.49603271 255 64 64
154.42747498 163.89239502 542.75341797 255 64 64
154.43379211 163.89762878 542.75756836 255 64 64
154.43377686 163.89254761 542.75524902 255 64 64
154.44232178 163.89787292 542.75103760 255 64 64
102.65255737 206.82791138 540.05621338 255 64 64
102.65674591 206.82974243 540.05841064 255 64 64
102.65628052 206.83448792 540.05505371 255 64 64
102.66011047 206.83578491 540.05010986 255 64 64
101.47914886 177.60458374 555.66906738 255 64 64
101.48832703 177.60728455 555.67095947 255 64 64
101.48196411 177.60823059 555.67175293 255 64 64
101.48937988 177.61141968 555.66619873 255 64 64
98.72171783 187.59114075 538.92187500 255 64 64
98.72862244 187.59552002 538.92401123 255 64 64
98.72273254 187.59371948 538.92449951 255 64 64
98.72820282 187.59779358 538.92047119 255 64 64
148.21426392 201.92156982 553.93493652 255 64 64
148.21675110 201.92123413 553.94104004 255 64 64
148.22183228 201.91571045 553.93316650 255 64 64
148.22430420 201.91699219 553.93249512 255 64 64
152.34519958 179.08872986 514.06469727 255 64 64
152.35223389 179.08908081 514.07580566 255 64 64
152.34733582 179.09320068 514.06134033 255 64 64
152.35462952 179.09208679 514.06286621 255 64 64
106.10704041 157.36824036 560.25939941 255 64 64
106.11648560 157.37307739 560.26330566 255 64 64
106.10865784 157.37834167 560.25769043 255 64 64
106.11675262 157.38339233 560.25354004 255 64 64
103.22207642 147.73783875 536.93615723 255 64 64
103.22935486 147.74415588 536.94146729 255 64 64
103.22202301 147.74728394 536.94024658 255 64 64
103.22832489 147.75114441 536.93841553 255 64 64
145.49264526 189.24507141 575.75195312 255 64 64
145.49757385 189.24688721 575.75726318 255 64 64
145.50036621 189.24221802 575.74798584 255 64 64
145.50466919 189.24696350 575.74719238 255 64 64
101.74502563 187.52734375 463.17123413 255 64 64
101.75215912 187.53370667 463.18023682 255 64 64
101.73662567 187.53468323 463.16912842 255 64 64
101.73889160 187.53576660 463.17410278 255 64 64
129.65342712 241.89323425 546.87591553 255 64 64
129.65341187 241.89088440 546.88195801 255 64 64
129.65408325 241.89256287 546.87591553 255 64 64
129.65289307 241.89289856 546.87542725 255 64 64
112.55349731 231.29826355 480.58364868 255 64 64
112.55918884 231.30384827 480.59472656 255 64 64
112.55238342 231.30125427 480.58013916 255 64 64
112.55381775 231.30334473 480.58731079 255 64 64
110.29102325 214.48283386 552.43493652 255 64 64
110.29541016 214.48234558 552.43548584 255 64 64
110.29641724 214.48092651 552.43646240 255 64 64
110.29992676 214.48292542 552.43115234 255 64 64
103.71304321 212.99604797 469.44119263 255 64 64
103.72208405 213.00199890 469.44909668 255 64 64
103.70993805 213.00059509 469.43536377 255 64 64
103.71246338 213.00274658 469.44012451 255 64 64
160.03381348 162.87747192 524.79010010 255 64 64
160.04240417 162.88151550 524.79486084 255 64 64
160.03962708 162.88156128 524.78558350 255 64 64
160.05043030 162.88348389 524.78100586 255 64 64
102.24037170 165.71148682 470.31234741 255 64 64
102.24716187 165.71893311 470.32180786 255 64 64
102.23789215 165.71635437 470.31134033 255 64 64
102.23913574 165.71789551 470.31619263 255 64 64
118.84249878 243.44267273 502.48971558 255 64 64
118.84786224 243.44625854 502.49520874 255 64 64
118.84146118 243.44711304 502.48596191 255 64 64
118.84420013 243.44880676 502.48797607 255 64 64
106.00495148 140.54655457 491.19061279 255 64 64
106.01223755 140.55441284 491.19830322 255 64 64
106.00234985 140.55766296 491.19161987 255 64 64
106.00468445 140.56040955 491.19268799 255 64 64
139.29278564 257.60568237 521.92456055 255 64 64
139.29949951 257.60400391 521.93505859 255 64 64
139.29330444 257.60797119 521.92480469 255 64 64
139.29826355 257.60687256 521.92932129 255 64 64
164.53042603 212.73171997 534.41418457 255 64 64
164.53469849 212.72882080 534.41607666 255 64 64
164.54049683 212.72671509 534.40612793 255 64 64
164.54400635 212.72375488 534.40106201 255 64 64
130.92971802 212.89691162 558.96868896 255 64 64
130.93057251 212.89395142 558.97149658 255 64 64
130.93664551 212.89009094 558.97174072 255 64 64
130.93698120 212.89097595 558.96716309 255 64 64
155.30902100 194.58544922 499.84915161 255 64 64
155.31144714 194.58746338 499.84890747 255 64 64
155.30285645 194.59370422 499.84017944 255 64 64
155.30697632 194.59448242 499.83215332 255 64 64
106.65533447 137.93339539 526.38952637 255 64 64
106.66301727 137.93969727 526.39440918 255 64 64
106.65631866 137.94317627 526.38995361 255 64 64
106.66119385 137.94552612 526.38763428 255 64 64
113.02330017 184.20443726 587.46325684 255 64 64
113.03330994 184.20349121 587.46368408 255 64 64
113.02632141 184.20170593 587.46362305 255 64 64
113.03425598 184.20564270 587.45788574 255 64 64
114.84278870 216.27651978 457.07403564 255 64 64
114.85521698 216.28387451 457.07980347 255 64 64
114.84286499 216.28135681 457.06695557 255 64 64
114.84925842 216.28408813 457.07055664 255 64 64
113.32493591 164.70175171 582.36694336 255 64 64
113.33602142 164.70291138 582.36975098 255 64 64
113.32586670 164.70204163 582.36407471 255 64 64
113.33590698 164.70550537 582.35998535 255 64 64
127.84148407 246.68014526 524.18115234 255 64 64
127.84005737 246.68386841 524.18469238 255 64 64
127.84373474 246.68557739 524.17840576 255 64 64
127.84228516 246.68919373 524.17755127 255 64 64
165.54423523 203.79278564 508.04510498 255 64 64
165.55152893 203.79357910 508.04953003 255 64 64
165.54812622 203.79887390 508.03768921 255 64 64
165.55427551 203.79713440 508.03460693 255 64 64
146.89624023 220.27983093 543.16040039 255 64 64
146.89640808 220.27940369 543.15820312 255 64 64
146.90066528 220.27610779 543.15362549 255 64 64
146.89979553 220.27676392 543.14624023 255 64 64
98.46325684 174.18902588 495.93835449 255 64 64
98.47162628 174.19299316 495.94491577 255 64 64
98.46115112 174.19505310 495.94036865 255 64 64
98.46507263 174.19551086 495.94122314 255 64 64
97.99697876 197.06002808 509.93182373 255 64 64
98.00252533 197.06405640 509.93722534 255 64 64
97.99316406 197.06219482 509.93240356 255 64 64
97.99636078 197.06410217 509.93286133 255 64 64
99.30762482 161.19903564 527.94744873 255 64 64
99.31621552 161.20448303 527.95275879 255 64 64
99.30943298 161.20399475 527.95172119 255 64 64
99.31534576 161.20751953 527.95104980 255 64 64
142.63619995 146.01860046 541.50329590 255 64 64
142.64053345 146.02505493 541.50781250 255 64 64
142.64176941 146.02267456 541.50036621 255 64 64
142.64764404 146.02697754 541.49584961 255 64 64
131.12873840 231.18484497 560.68804932 255 64 64
131.13162231 231.17874146 560.69671631 255 64 64
131.12875366 231.18293762 560.69171143 255 64 64
131.12988281 231.18173218 560.69244385 255 64 64
138.38008118 208.54428101 548.00665283 255 64 64
138.37864685 208.54396057 548.00811768 255 64 64
138.38008118 208.53961182 548.01043701 255 64 64
138.37783813 208.54061890 548.00592041 255 64 64
118.94427490 227.89561462 551.93292236 255 64 64
118.94602203 227.89306641 551.93572998 255 64 64
118.94731140 227.89389038 551.93310547 255 64 64
118.94737244 227.89356995 551.92968750 255 64 64
151.95478821 232.59924316 552.81317139 255 64 64
151.95796204 232.59153748 552.81542969 255 64 64
151.96646118 232.59097290 552.80981445 255 64 64
151.96617126 232.58625793 552.80670166 255 64 64
150.57971191 190.88078308 563.75268555 255 64 64
150.58262634 190.88212585 563.75677490 255 64 64
150.58468628 190.87452698 563.74816895 255 64 64
150.58779907 190.87829590 563.74572754 255 64 64
98.45291138 186.58432007 488.47091675 255 64 64
98.46147919 186.58859253 488.47756958 255 64 64
98.45157623 186.58546448 488.46759033 255 64 64
98.45674133 186.58612061 488.47045898 255 64 64
125.31146240 239.38346863 534.47314453 255 64 64
125.31338501 239.38275146 534.48114014 255 64 64
125.31348419 239.38410950 534.47802734 255 64 64
125.31419373 239.38514709 534.47985840 255 64 64
138.55926514 248.69006348 555.11468506 255 64 64
138.56430054 248.68310547 555.12249756 255 64 64
138.55682373 248.69035339 555.11437988 255 64 64
138.55984497 248.68798828 555.11645508 255 64 64
115.90299988 144.13099670 564.99304199 255 64 64
115.91058350 144.13629150 564.99798584 255 64 64
115.90930176 144.13328552 564.99371338 255 64 64
115.91542053 144.13848877 564.99084473 255 64 64
158.97003174 186.50170898 549.88769531 255 64 64
158.97334290 186.50585938 549.89117432 255 64 64
158.97575378 186.49679565 549.88903809 255 64 64
158.98027039 186.50187683 549.88604736 255 64 64
122.35456085 242.76644897 472.18823242 255 64 64
122.36727142 242.77252197 472.18951416 255 64 64
122.35977173 242.77119446 472.18313599 255 64 64
122.36737061 242.77221680 472.18273926 255 64 64
134.55352783 206.25604248 581.72021484 255 64 64
134.56114197 206.24949646 581.72589111 255 64 64
134.55792236 206.25372314 581.71795654 255 64 64
134.56231689 206.25502014 581.71685791 255 64 64
157.24493408 197.44821167 543.34423828 255 64 64
157.24586487 197.45100403 543.34942627 255 64 64
157.24716187 197.44332886 543.33740234 255 64 64
157.24853516 197.44743347 543.33648682 255 64 64
97.84070587 185.82722473 522.42395020 255 64 64
97.84886169 185.83308411 522.42535400 255 64 64
97.83802032 185.83923340 522.42608643 255 64 64
97.84459686 185.84257507 522.42279053 255 64 64
117.16908264 213.37921143 574.81909180 255 64 64
117.17610168 213.37654114 574.82116699 255 64 64
117.17116547 213.37664795 574.81726074 255 64 64
117.17587280 213.37741089 574.81372070 255 64 64
98.52481079 187.35743713 475.60333252 255 64 64
98.53414917 187.36376953 475.60870361 255 64 64
98.52006531 187.36370850 475.59829712 255 64 64
98.52463531 187.36505127 475.60095215 255 64 64
99.44914246 201.96900940 494.99530029 255 64 64
99.45794678 201.97283936 495.00036621 255 64 64
99.44593811 201.96929932 494.99563599 255 64 64
99.45002747 201.96955872 494.99700928 255 64 64
97.75531006 174.17498779 533.93469238 255 64 64
97.76443481 174.17912292 533.93658447 255 64 64
97.75514984 174.18307495 533.93896484 255 64 64
97.76190186 174.18554688 533.93487549 255 64 64
113.47790527 128.80609131 521.21087646 255 64 64
113.48419189 128.81245422 521.21728516 255 64 64
113.48300171 128.81527710 521.21173096 255 64 64
113.48593140 128.81712341 521.20910645 255 64 64
100.10043335 198.96321106 467.84652710 255 64 64
100.10670471 198.97027588 467.85418701 255 64 64
100.09362793 198.96806335 467.84255981 255 64 64
100.09492493 198.97047424 467.84704590 255 64 64
105.42863464 187.28913879 564.28118896 255 64 64
105.43804932 187.29188538 564.28161621 255 64 64
105.43187714 187.29547119 564.28350830 255 64 64
105.43835449 187.30039978 564.27746582 255 64 64
104.30847168 222.15641785 506.32592773 255 64 64
104.31477356 222.16036987 506.32568359 255 64 64
104.31570435 222.15727234 506.32229614 255 64 64
104.31954956 222.15817261 506.31857300 255 64 64
102.42090607 148.38931274 502.60736084 255 64 64
102.42869568 148.39382935 502.61428833 255 64 64
102.42202759 148.39993286 502.60809326 255 64 64
102.42487335 148.40107727 502.60769653 255 64 64
127.28845215 252.97747803 493.28436279 255 64 64
127.29875183 252.98081970 493.28845215 255 64 64
127.28837585 252.97967529 493.28097534 255 64 64
127.29558563 252.98202515 493.28387451 255 64 64
99.44931030 160.00099182 510.17492676 255 64 64
99.45593262 160.00701904 510.17941284 255 64 64
99.45027161 160.01062012 510.17343140 255 64 64
99.45317078 160.01388550 510.17227173 255 64 64
107.66539764 217.89604187 541.45526123 255 64 64
107.66826630 217.89654541 541.45605469 255 64 64
107.66735840 217.89497375 541.45520020 255 64 64
107.66966248 217.89654541 541.45037842 255 64 64
101.94566345 159.43667603 481.87225342 255 64 64
101.95306396 159.44305420 481.88064575 255 64 64
101.94252014 159.44415283 481.87445068 255 64 64
101.94390869 159.44564819 481.87719727 255 64 64
109.86788940 139.46951294 541.83215332 255 64 64
109.87532043 139.47457886 541.83697510 255 64 64
109.87143707 139.47756958 541.83007812 255 64 64
109.87665558 139.48074341 541.82678223 255 64 64
104.17934418 213.30467224 530.60919189 255 64 64
104.18280792 213.30807495 530.60894775 255 64 64
104.18302155 213.30805969 530.60864258 255 64 64
104.18491364 213.31085205 530.60339355 255 64 64
149.66627502 161.71824646 553.88146973 255 64 64
149.67666626 161.72421265 553.88323975 255 64 64
149.67079163 161.72038269 553.88372803 255 64 64
149.68098450 161.72674561 553.87835693 255 64 64
101.88686371 165.12861633 552.72650146 255 64 64
101.89830017 165.13259888 552.72760010 255 64 64
101.88704681 165.13684082 552.73028564 255 64 64
101.89533997 165.14018250 552.72393799 255 64 64
107.11886597 149.15127563 552.24414062 255 64 64
107.12815857 149.15583801 552.24713135 255 64 64
107.12057495 149.15972900 552.24578857 255 64 64
107.12767029 149.16346741 552.24108887 255 64 64
105.74750519 142.82400513 511.93756104 255 64 64
105.75336456 142.83108521 511.94479370 255 64 64
105.75080872 142.83056641 511.94049072 255 64 64
105.75340271 142.83372498 511.94064331 255 64 64
116.24875641 240.65478516 489.49908447 255 64 64
116.25486755 240.66006470 489.50415039 255 64 64
116.25050354 240.65847778 489.49502563 255 64 64
116.25318909 240.65925598 489.49755859 255 64 64
109.93862915 209.61006165 562.52264404 255 64 64
109.94236755 209.61059570 562.52459717 255 64 64
109.94276428 209.61131287 562.52593994 255 64 64
109.94511414 209.61494446 562.52166748 255 64 64
108.98191071 163.45263672 572.20434570 255 64 64
108.99272156 163.45721436 572.20684814 255 64 64
108.98737335 163.45838928 572.20446777 255 64 64
108.99587250 163.46356201 572.19964600 255 64 64
111.52406311 228.41738892 526.26086426 255 64 64
111.52789307 228.41978455 526.25433350 255 64 64
111.52525330 228.42208862 526.26098633 255 64 64
111.52801514 228.42306519 526.25109863 255 64 64
123.45327759 246.92051697 511.84335327 255 64 64
123.45419312 246.92344666 511.85400391 255 64 64
123.45619202 246.92190552 511.83923340 255 64 64
123.45541382 246.92504883 511.84414673 255 64 64
101.53628540 210.37887573 515.23992920 255 64 64
101.54139709 210.38237000 515.24151611 255 64 64
101.53790283 210.37843323 515.23980713 255 64 64
101.54069519 210.38014221 515.23748779 255 64 64
156.27371216 206.60173035 529.24114990 255 64 64
156.27334595 206.60357666 529.24139404 255 64 64
156.27421570 206.60310364 529.23870850 255 64 64
156.27418518 206.60325623 529.23333740 255 64 64
110.87452698 189.27922058 578.22064209 255 64 64
110.88403320 189.27931213 578.21899414 255 64 64
110.87626648 189.27996826 578.22393799 255 64 64
110.88356018 189.28388977 578.21685791 255 64 64
108.54985046 222.51834106 470.70098877 255 64 64
108.55941772 222.52435303 470.71057129 255 64 64
108.54847717 222.52409363 470.69433594 255 64 64
108.55212402 222.52734375 470.69964600 255 64 64
98.37667847 174.17527771 506.62658691 255 64 64
98.38537598 174.17976379 506.62936401 255 64 64
98.37708282 174.18122864 506.63027954 255 64 64
98.38153076 174.18226624 506.62872314 255 64 64
168.99996948 196.42048645 524.79461670 255 64 64
169.00814819 196.42068481 524.79870605 255 64 64
169.00773621 196.41688538 524.79388428 255 64 64
169.01634216 196.41638184 524.79156494 255 64 64
102.33293152 150.48327637 490.25000000 255 64 64
102.33908081 150.49166870 490.25564575 255 64 64
102.33222961 150.49461365 490.25149536 255 64 64
102.33550262 150.49781799 490.25207520 255 64 64
101.33703613 189.75883484 548.84747314 255 64 64
101.34603882 189.76298523 548.84808350 255 64 64
101.33856201 189.76725769 548.85150146 255 64 64
101.34704590 189.77154541 548.84582520 255 64 64
165.80406189 182.83401489 541.67346191 255 64 64
165.80902100 182.83978271 541.67761230 255 64 64
165.81266785 182.83163452 541.67089844 255 64 64
165.81944275 182.83810425 541.66778564 255 64 64
101.26196289 177.85099792 466.75744629 255 64 64
101.26847839 177.85668945 466.76818848 255 64 64
101.25746155 177.85694885 466.75326538 255 64 64
101.25935364 177.85742188 466.75967407 255 64 64
97.12113190 184.25666809 511.62728882 255 64 64
97.12955475 184.26147461 511.63034058 255 64 64
97.12146759 184.26243591 511.63037109 255 64 64
97.12767029 184.26443481 511.62835693 255 64 64
126.69862366 219.89518738 569.95898438 255 64 64
126.70124817 219.89163208 569.95941162 255 64 64
126.70170593 219.89015198 569.95611572 255 64 64
126.70362091 219.89129639 569.95172119 255 64 64
117.56185913 205.84854126 587.34466553 255 64 64
117.57257080 205.84474182 587.34539795 255 64 64
117.56159973 205.84518433 587.33868408 255 64 64
117.56904602 205.84687805 587.33435059 255 64 64
102.16470337 217.02372742 494.67999268 255 64 64
102.17218018 217.02680969 494.68045044 255 64 64
102.16607666 217.02566528 494.67706299 255 64 64
102.17095947 217.02439880 494.67596436 255 64 64
163.21591187 189.78291321 495.97915649 255 64 64
163.22227478 189.78584290 495.98019409 255 64 64
163.21260071 189.78753662 495.96652222 255 64 64
163.22143555 189.78768921 495.95996094 255 64 64
104.59381104 204.71401978 550.76629639 255 64 64
104.59728241 204.71636963 550.76831055 255 64 64
104.59515381 204.71923828 550.76434326 255 64 64
104.59806824 204.72164917 550.75982666 255 64 64
133.50793457 212.21356201 573.75396729 255 64 64
133.51251221 212.21130371 573.75622559 255 64 64
133.51556396 212.21084595 573.75476074 255 64 64
133.51663208 212.21337891 573.75024414 255 64 64
102.29743195 155.95779419 545.72204590 255 64 64
102.30755615 155.96304321 545.72412109 255 64 64
102.30115509 155.96520996 545.72949219 255 64 64
102.30883789 155.96890259 545.72418213 255 64 64
106.74545288 182.62881470 454.21820068 255 64 64
106.75500488 182.63638306 454.22705078 255 64 64
106.73777771 182.63714600 454.21185303 255 64 64
106.74276733 182.63966370 454.21716309 255 64 64
152.52513123 158.84886169 531.74853516 255 64 64
152.53002930 158.85388184 531.75378418 255 64 64
152.53103638 158.85644531 531.74993896 255 64 64
152.53793335 158.86102295 531.74688721 255 64 64
107.46446228 197.19041443 565.69842529 255 64 64
107.47323608 197.19477844 565.69873047 255 64 64
107.46807861 197.19810486 565.70245361 255 64 64
107.47535706 197.20484924 565.69726562 255 64 64
159.75190735 193.15727234 508.38467407 255 64 64
159.75624084 193.15953064 508.39230347 255 64 64
159.75764465 193.16496277 508.38037109 255 64 64
159.76121521 193.16516113 508.37957764 255 64 64
99.34709167 197.23915100 532.90673828 255 64 64
99.35341644 197.24127197 532.90765381 255 64 64
99.34537506 197.24224854 532.91058350 255 64 64
99.35009766 197.24371338 532.90600586 255 64 64
105.74735260 143.27723694 481.05169678 255 64 64
105.75461578 143.28454590 481.06097412 255 64 64
105.74513245 143.28251648 481.05099487 255 64 64
105.74787140 143.28405762 481.05499268 255 64 64
99.49101257 175.01145935 546.57177734 255 64 64
99.50100708 175.01577759 546.57055664 255 64 64
99.49015808 175.01849365 546.57525635 255 64 64
99.49903870 175.02236938 546.56835938 255 64 64
168.11820984 197.61618042 515.34759521 255 64 64
168.12368774 197.61805725 515.35302734 255 64 64
168.12673950 197.61573792 515.34906006 255 64 64
168.13284302 197.61653137 515.34716797 255 64 64
106.11698914 227.41059875 490.20516968 255 64 64
106.12489319 227.41455078 490.20559692 255 64 64
106.12161255 227.41114807 490.19989014 255 64 64
106.12574768 227.41107178 490.19781494 255 64 64
100.43906403 164.60301208 489.57623291 255 64 64
100.44549561 164.60928345 489.58251953 255 64 64
100.43875885 164.61314392 489.57830811 255 64 64
100.44134521 164.61537170 489.57904053 255 64 64
160.77642822 177.48872375 551.72918701 255 64 64
160.78044128 177.49382019 551.73144531 255 64 64
160.78752136 177.48988342 551.72570801 255 64 64
160.79217529 177.49743652 551.72100830 255 64 64
127.11090851 222.04496765 555.28802490 255 64 64
127.11026001 222.04298401 555.28991699 255 64 64
127.11392212 222.04495239 555.28674316 255 64 64
127.11222839 222.04653931 555.28308105 255 64 64
147.76763916 203.20599365 544.76318359 255 64 64
147.76905823 203.20654297 544.76824951 255 64 64
147.77163696 203.19989014 544.75994873 255 64 64
147.77122498 203.20201111 544.75866699 255 64 64
114.44722748 237.14846802 507.64862061 255 64 64
114.44917297 237.15168762 507.65695190 255 64 64
114.44649506 237.15092468 507.64837646 255 64 64
114.44632721 237.15313721 507.65136719 255 64 64
157.94245911 184.08602905 500.88659668 255 64 64
157.94836426 184.08792114 500.89068604 255 64 64
157.94178772 184.09313965 500.87847900 255 64 64
157.94972229 184.09295654 500.87399292 255 64 64
112.01492310 175.54490662 584.58306885 255 64 64
112.02588654 175.54721069 584.58581543 255 64 64
112.01821899 175.55197144 584.57324219 255 64 64
112.02796936 175.55783081 584.56982422 255 64 64
154.48085022 195.42146301 552.66204834 255 64 64
154.48347473 195.42326355 552.66827393 255 64 64
154.48919678 195.42056274 552.65899658 255 64 64
154.49168396 195.42369080 552.65740967 255 64 64
146.76843262 156.59403992 546.33819580 255 64 64
146.77519226 156.59980774 546.34338379 255 64 64
146.77156067 156.60125732 546.33190918 255 64 64
146.77932739 156.60678101 546.32922363 255 64 64
122.31156158 235.63403320 542.15997314 255 64 64
122.31401062 235.63386536 542.16131592 255 64 64
122.31412506 235.63699341 542.16180420 255 64 64
122.31530762 235.63725281 542.15679932 255 64 64
136.94570923 214.39739990 541.47027588 255 64 64
136.94424438 214.39526367 541.46838379 255 64 64
136.94381714 214.39765930 541.46734619 255 64 64
136.94148254 214.39796448 541.45916748 255 64 64
98.29549408 192.48332214 495.28698730 255 64 64
98.30455017 192.48696899 495.29141235 255 64 64
98.29288483 192.48799133 495.28521729 255 64 64
98.29756165 192.48884583 495.28564453 255 64 64
142.32209778 204.71701050 559.88018799 255 64 64
142.32380676 204.71501160 559.88507080 255 64 64
142.32873535 204.70678711 559.87878418 255 64 64
142.32922363 204.70904541 559.87615967 255 64 64
103.97858429 204.96299744 462.66998291 255 64 64
103.98900604 204.96936035 462.67721558 255 64 64
103.97685242 204.97018433 462.66262817 255 64 64
103.98083496 204.97132874 462.66729736 255 64 64
157.06326294 214.53834534 538.65069580 255 64 64
157.06181335 214.53878784 538.65161133 255 64 64
157.07330322 214.53814697 538.63854980 255 64 64
157.07040405 214.53910828 538.63409424 255 64 64
145.90596008 197.90615845 565.99847412 255 64 64
145.91040039 197.90597534 566.00140381 255 64 64
145.91160583 197.90214539 565.99371338 255 64 64
145.91583252 197.90516663 565.99017334 255 64 64
100.09919739 209.00857544 484.62249756 255 64 64
100.10654449 209.01377869 484.62771606 255 64 64
100.09673309 209.01275635 484.61987305 255 64 64
100.09825897 209.01405334 484.62237549 255 64 64
106.13190460 170.30313110 567.68994141 255 64 64
106.14140320 170.30555725 567.69012451 255 64 64
106.13442993 170.30541992 567.69256592 255 64 64
106.14103699 170.31045532 567.68688965 255 64 64
103.21395111 145.95693970 528.46057129 255 64 64
103.22050476 145.96447754 528.46459961 255 64 64
103.21543121 145.96484375 528.46740723 255 64 64
103.22058105 145.96945190 528.46417236 255 64 64
140.66424561 198.22204590 576.26306152 255 64 64
140.66911316 198.22084045 576.27001953 255 64 64
140.67738342 198.21481323 576.26098633 255 64 64
140.68066406 198.21768188 576.26147461 255 64 64
151.30838013 183.47796631 568.15753174 255 64 64
151.31277466 183.47982788 568.16235352 255 64 64
151.32171631 183.47395325 568.15802002 255 64 64
151.32525635 183.47970581 568.15606689 255 64 64
107.48759460 135.80741882 518.05303955 255 64 64
107.49275208 135.81445312 518.05682373 255 64 64
107.48896790 135.81697083 518.05603027 255 64 64
107.49239349 135.81991577 518.05444336 255 64 64
125.03338623 249.90672302 503.92956543 255 64 64
125.03790283 249.91152954 503.93548584 255 64 64
125.03500366 249.91043091 503.92721558 255 64 64
125.03562927 249.91430664 503.92916870 255 64 64
100.81486511 206.26510620 525.27380371 255 64 64
100.82055664 206.26831055 525.26940918 255 64 64
100.81607056 206.27062988 525.27471924 255 64 64
100.81982422 206.27246094 525.26690674 255 64 64
119.99577332 213.08564758 583.72454834 255 64 64
120.00466156 213.08041382 583.72625732 255 64 64
120.00318909 213.08114624 583.72088623 255 64 64
120.01052856 213.08055115 583.71783447 255 64 64
97.74513245 170.74707031 526.22113037 255 64 64
97.75434113 170.75187683 526.22552490 255 64 64
97.74475861 170.75555420 526.22467041 255 64 64
97.75081635 170.75883484 526.22332764 255 64 64
114.62152100 238.24836731 497.37725830 255 64 64
114.62558746 238.25285339 497.38229370 255 64 64
114.62438965 238.25032043 497.37075806 255 64 64
114.62593079 238.25302124 497.37298584 255 64 64
166.20196533 198.93482971 501.28881836 255 64 64
166.20950317 198.93533325 501.29006958 255 64 64
166.20346069 198.93832397 501.28146362 255 64 64
166.21054077 198.93710327 501.27639771 255 64 64
130.68002319 239.39584351 559.27716064 255 64 64
130.68063354 239.39216614 559.28326416 255 64 64
130.67715454 239.39576721 559.27514648 255 64 64
130.67683411 239.39720154 559.27465820 255 64 64
113.61785889 194.40977478 584.11560059 255 64 64
113.62689972 194.40899658 584.11791992 255 64 64
113.62360382 194.41087341 584.11468506 255 64 64
113.63047791 194.41505432 584.10998535 255 64 64
155.42422485 186.24948120 511.30496216 255 64 64
155.42785645 186.25218201 511.31433105 255 64 64
155.42918396 186.25637817 511.29718018 255 64 64
155.43255615 186.25657654 511.29766846 255 64 64
110.34826660 151.00720215 563.26251221 255 64 64
110.35733795 151.01269531 563.26617432 255 64 64
110.35110474 151.00997925 563.26495361 255 64 64
110.35890961 151.01554871 563.26098633 255 64 64
113.06218719 222.10879517 545.93609619 255 64 64
113.06288147 222.10830688 545.93865967 255 64 64
113.06822968 222.11065674 545.93743896 255 64 64
113.06802368 222.11248779 545.93493652 255 64 64
116.34365845 231.32333374 472.43597412 255 64 64
116.35292053 231.32910156 472.44296265 255 64 64
116.34616089 231.32870483 472.43289185 255 64 64
116.35019684 231.33110046 472.43588257 255 64 64
143.75155640 225.50807190 548.55706787 255 64 64
143.74763489 225.50521851 548.55755615 255 64 64
143.75277710 225.50735474 548.55029297 255 64 64
143.74853516 225.50778198 548.54431152 255 64 64
139.77026367 255.75134277 530.27612305 255 64 64
139.77507019 255.74725342 530.28509521 255 64 64
139.77210999 255.75282288 530.27624512 255 64 64
139.77531433 255.75044250 530.27947998 255 64 64
130.62303162 215.89993286 551.40942383 255 64 64
130.62472534 215.89851379 551.41113281 255 64 64
130.62661743 215.89660645 551.40698242 255 64 64
130.62635803 215.89775085 551.40258789 255 64 64
99.67428589 178.64425659 474.76644897 255 64 64
99.68282318 178.65042114 474.77185059 255 64 64
99.66835022 178.65071106 474.76043701 255 64 64
99.67228699 178.65251160 474.76339722 255 64 64
112.64370728 231.70130920 518.04541016 255 64 64
112.64532471 231.70486450 518.04809570 255 64 64
112.64974976 231.70396423 518.04388428 255 64 64
112.65031433 231.70616150 518.04309082 255 64 64
159.77235413 168.78974915 546.24926758 255 64 64
159.77906799 168.79548645 546.25219727 255 64 64
159.78292847 168.79092407 546.24627686 255 64 64
159.79087830 168.79710388 546.24169922 255 64 64
135.54205322 207.97885132 563.72680664 255 64 64
135.54475403 207.97775269 563.72900391 255 64 64
135.54290771 207.97534180 563.72637939 255 64 64
135.54446411 207.97866821 563.72271729 255 64 64
111.69747925 144.38125610 557.07208252 255 64 64
111.70608521 144.38500977 557.07421875 255 64 64
111.70181274 144.38699341 557.07281494 255 64 64
111.70794678 144.38992310 557.06707764 255 64 64
132.44497681 213.92633057 582.15637207 255 64 64
132.45184326 213.92190552 582.16131592 255 64 64
132.44918823 213.92486572 582.15112305 255 64 64
132.45422363 213.92739868 582.14959717 255 64 64
116.95538330 232.96818542 531.05401611 255 64 64
116.95732880 232.97024536 531.05236816 255 64 64
116.95514679 232.97227478 531.05163574 255 64 64
116.95634460 232.97496033 531.04553223 255 64 64
99.77398682 158.18287659 519.43597412 255 64 64
99.78260803 158.18965149 519.44177246 255 64 64
99.77042389 158.19070435 519.43975830 255 64 64
99.77644348 158.19392395 519.43792725 255 64 64
126.40214539 237.47666931 552.43719482 255 64 64
126.40583038 237.47277832 552.43933105 255 64 64
126.40691376 237.47882080 552.43945312 255 64 64
126.40771484 237.47933960 552.43518066 255 64 64
100.22557068 167.55021667 481.83306885 255 64 64
100.23343658 167.55554199 481.84460449 255 64 64
100.22239685 167.55497742 481.83053589 255 64 64
100.22494507 167.55685425 481.83663940 255 64 64
142.46640015 209.03593445 540.55651855 255 64 64
142.46568298 209.03594971 540.55700684 255 64 64
142.47021484 209.03332520 540.55139160 255 64 64
142.46876526 209.03353882 540.54614258 255 64 64
116.64849854 237.86380005 480.87289429 255 64 64
116.65852356 237.86791992 480.87948608 255 64 64
116.64746094 237.86730957 480.86791992 255 64 64
116.65223694 237.86886597 480.87210083 255 64 64
120.38641357 246.59748840 495.61010742 255 64 64
120.39505005 246.60148621 495.61657715 255 64 64
120.38144684 246.60064697 495.60455322 255 64 64
120.38700104 246.60227966 495.60745239 255 64 64
100.24035645 158.81875610 536.29400635 255 64 64
100.24946594 158.82392883 536.29742432 255 64 64
100.24270630 158.82760620 536.30090332 255 64 64
100.24989319 158.83140564 536.29821777 255 64 64
107.57407379 186.67324829 571.65283203 255 64 64
107.58196259 186.67532349 571.65429688 255 64 64
107.57649994 186.67698669 571.65350342 255 64 64
107.58264160 186.68199158 571.64849854 255 64 64
145.85437012 152.08374023 538.04650879 255 64 64
145.85838318 152.09040833 538.04992676 255 64 64
145.85382080 152.09388733 538.04705811 255 64 64
145.85954285 152.09913635 538.04071045 255 64 64
141.33654785 252.08676147 539.95672607 255 64 64
141.33911133 252.07943726 539.96887207 255 64 64
141.33897400 252.08514404 539.95770264 255 64 64
141.34027100 252.08120728 539.96221924 255 64 64
108.78690338 229.99768066 506.01260376 255 64 64
108.79333496 230.00244141 506.01049805 255 64 64
108.79459381 230.00250244 506.00930786 255 64 64
108.79844666 230.00331116 506.00402832 255 64 64
169.11193848 209.57676697 528.27716064 255 64 64
169.11662292 209.57716370 528.27923584 255 64 64
169.12251282 209.57312012 528.27435303 255 64 64
169.12779236 209.57225037 528.27044678 255 64 64
100.66079712 209.16920471 475.28515625 255 64 64
100.67096710 209.17475891 475.29046631 255 64 64
100.65673828 209.17262268 475.27880859 255 64 64
100.66217041 209.17376709 475.28237915 255 64 64
110.84574890 134.43731689 532.31024170 255 64 64
110.85321045 134.44424438 532.31512451 255 64 64
110.84852600 134.44586182 532.31591797 255 64 64
110.85257721 134.45068359 532.31341553 255 64 64
114.48210144 133.91827393 539.43536377 255 64 64
114.48950195 133.92361450 539.44012451 255 64 64
114.48741913 133.92240906 539.43902588 255 64 64
114.49266815 133.92480469 539.43585205 255 64 64
124.30587769 231.85899353 557.46185303 255 64 64
124.30657959 231.85662842 557.46630859 255 64 64
124.30705261 231.86085510 557.46398926 255 64 64
124.30622101 231.86236572 557.46203613 255 64 64
104.95541382 223.54403687 497.28457642 255 64 64
104.96153259 223.54812622 497.29006958 255 64 64
104.95943451 223.54754639 497.28112793 255 64 64
104.96200562 223.54864502 497.28173828 255 64 64
104.00638580 176.17138672 563.42309570 255 64 64
104.01570129 176.17454529 563.42810059 255 64 64
104.01013184 176.17921448 563.42224121 255 64 64
104.01847839 176.18444824 563.41967773 255 64 64
103.84927368 164.79759216 560.01489258 255 64 64
103.86048126 164.80160522 560.01708984 255 64 64
103.85212708 164.80511475 560.01440430 255 64 64
103.86192322 164.81002808 560.00939941 255 64 64
138.08892822 248.83433533 547.67443848 255 64 64
138.09341431 248.82809448 547.68615723 255 64 64
138.08865356 248.83132935 547.67980957 255 64 64
138.09085083 248.83000183 547.68347168 255 64 64
101.13686371 199.56513977 540.51605225 255 64 64
101.14186859 199.56758118 540.52044678 255 64 64
101.14068604 199.56829834 540.51757812 255 64 64
101.14372253 199.57057190 540.51556396 255 64 64
160.93750000 197.09060669 534.51916504 255 64 64
160.94029236 197.09317017 534.52404785 255 64 64
160.93949890 197.08598328 534.51232910 255 64 64
160.94290161 197.08837891 534.51074219 255 64 64
99.51751709 209.33598328 495.66027832 255 64 64
99.52604675 209.33839417 495.66204834 255 64 64
99.51980591 209.33560181 495.65771484 255 64 64
99.52453613 209.33532715 495.65731812 255 64 64
106.24072266 153.91204834 468.29306030 255 64 64
106.24934387 153.91957092 468.30416870 255 64 64
106.23851013 153.92095947 468.28820801 255 64 64
106.24154663 153.92279053 468.29364014 255 64 64
123.17799377 244.00003052 518.60467529 255 64 64
123.18148804 244.00314331 518.60504150 255 64 64
123.18019104 244.00592041 518.60211182 255 64 64
123.18264771 244.00718689 518.59820557 255 64 64
130.96835327 244.05480957 534.96820068 255 64 64
130.96882629 244.05221558 534.97460938 255 64 64
130.96699524 244.05494690 534.97039795 255 64 64
130.96804810 244.05416870 534.97082520 255 64 64
109.55683899 215.97224426 462.15264893 255 64 64
109.56753540 215.97944641 462.15838623 255 64 64
109.55429077 215.97973633 462.15020752 255 64 64
109.55906677 215.98248291 462.15338135 255 64 64
123.75933838 222.71516418 576.02368164 255 64 64
123.76607513 222.71224976 576.02490234 255 64 64
123.76477814 222.71185303 576.01617432 255 64 64
123.76985168 222.71347046 576.01330566 255 64 64
105.84257507 224.08345032 513.10516357 255 64 64
105.84517670 224.08815002 513.10668945 255 64 64
105.84678650 224.08721924 513.10430908 255 64 64
105.84906006 224.08984375 513.10260010 255 64 64
114.76203918 217.11860657 559.97265625 255 64 64
114.76594543 217.11637878 559.97393799 255 64 64
114.76315308 217.11614990 559.97418213 255 64 64
114.76550293 217.11674500 559.96936035 255 64 64
152.18557739 223.40588379 546.94177246 255 64 64
152.18762207 223.40438843 546.94226074 255 64 64
152.19274902 223.40223694 546.93280029 255 64 64
152.19284058 223.40234375 546.92724609 255 64 64
99.58037567 182.21234131 546.28326416 255 64 64
99.58995056 182.21592712 546.28424072 255 64 64
99.58465576 182.21983337 546.28948975 255 64 64
99.59222412 182.22398376 546.28369141 255 64 64
134.67208862 229.07524109 554.77636719 255 64 64
134.67152405 229.07374573 554.77819824 255 64 64
134.67535400 229.07406616 554.77307129 255 64 64
134.67251587 229.07562256 554.76898193 255 64 64
98.26898956 190.47010803 530.70025635 255 64 64
98.27515411 190.47288513 530.70202637 255 64 64
98.26751709 190.47401428 530.70550537 255 64 64
98.27069855 190.47583008 530.70220947 255 64 64
97.82226562 168.68342590 511.18066406 255 64 64
97.83020020 168.68994141 511.18560791 255 64 64
97.82209015 168.69238281 511.18426514 255 64 64
97.82714844 168.69451904 511.18334961 255 64 64
112.00082397 232.94738770 487.50711060 255 64 64
112.00696564 232.95204163 487.51321411 255 64 64
112.00137329 232.94912720 487.50369263 255 64 64
112.00446320 232.95034790 487.50543213 255 64 64
104.50495911 155.73554993 553.05853271 255 64 64
104.51441956 155.73956299 553.05975342 255 64 64
104.50711060 155.74308777 553.06231689 255 64 64
104.51464081 155.74729919 553.05737305 255 64 64
156.07307434 157.35279846 522.65142822 255 64 64
156.08132935 157.35577393 522.65869141 255 64 64
156.07543945 157.35885620 522.65112305 255 64 64
156.08570862 157.36006165 522.64868164 255 64 64
110.79005432 130.62435913 514.44647217 255 64 64
110.79632568 130.63146973 514.45043945 255 64 64
110.79154968 130.63517761 514.44738770 255 64 64
110.79531860 130.63809204 514.44433594 255 64 64
103.09606171 212.73632812 523.40258789 255 64 64
103.09863281 212.73852539 523.40747070 255 64 64
103.10208130 212.73873901 523.40075684 255 64 64
103.10306549 212.73995972 523.40008545 255 64 64
110.41612244 210.67880249 457.48504639 255 64 64
110.42537689 210.68664551 457.49230957 255 64 64
110.40872192 210.68544006 457.47903442 255 64 64
110.41287231 210.68894958 457.48315430 255 64 64
106.56277466 202.30702209 560.88269043 255 64 64
106.56845093 202.30899048 560.88519287 255 64 64
106.56730652 202.31135559 560.88269043 255 64 64
106.57208252 202.31475830 560.87927246 255 64 64
136.83197021 245.25596619 561.06542969 255 64 64
136.83758545 245.24781799 561.07720947 255 64 64
136.83399963 245.25332642 561.06799316 255 64 64
136.83761597 245.25172424 561.07220459 255 64 64
133.41564941 243.93800354 554.02661133 255 64 64
133.41702271 243.93501282 554.03259277 255 64 64
133.41621399 243.93986511 554.02832031 255 64 64
133.41647339 243.94125366 554.02856445 255 64 64
104.28488159 218.57354736 474.73956299 255 64 64
104.29280090 218.57987976 474.74182129 255 64 64
104.28413391 218.58139038 474.73348999 255 64 64
104.28724670 218.58299255 474.73348999 255 64 64
98.48147583 181.20750427 535.97015381 255 64 64
98.48905182 181.21093750 535.97283936 255 64 64
98.47981262 181.21484375 535.97192383 255 64 64
98.48607635 181.21736145 535.96899414 255 64 64
107.13858032 227.29360962 482.58340454 255 64 64
107.14636230 227.29830933 482.58853149 255 64 64
107.14015198 227.29589844 482.57678223 255 64 64
107.14392090 227.29722595 482.57843018 255 64 64
97.04618073 177.70373535 527.95208740 255 64 64
97.05543518 177.70965576 527.95520020 255 64 64
97.04533386 177.71440125 527.95440674 255 64 64
97.05268860 177.71752930 527.95220947 255 64 64
106.17459869 219.64503479 528.50396729 255 64 64
106.17649841 219.64878845 528.50421143 255 64 64
106.18037415 219.64900208 528.50335693 255 64 64
106.18076324 219.65225220 528.49841309 255 64 64
163.63989258 200.80335999 524.18676758 255 64 64
163.64100647 200.80534363 524.19079590 255 64 64
163.64039612 200.80273438 524.18188477 255 64 64
163.64285278 200.80448914 524.17889404 255 64 64
102.81896973 148.79965210 509.53869629 255 64 64
102.82639313 148.80531311 509.54681396 255 64 64
102.81977844 148.80845642 509.54013062 255 64 64
102.82324219 148.80993652 509.54165649 255 64 64
102.62861633 196.65512085 461.79257202 255 64 64
102.63868713 196.66104126 461.80169678 255 64 64
102.62416077 196.66072083 461.78631592 255 64 64
102.62789917 196.66313171 461.79199219 255 64 64
99.58495331 192.10192871 468.74188232 255 64 64
99.59307098 192.10780334 468.75253296 255 64 64
99.57382202 192.10644531 468.73699951 255 64 64
99.57652283 192.10781860 468.74380493 255 64 64
100.31793213 206.51971436 509.59921265 255 64 64
100.32290649 206.52340698 509.60198975 255 64 64
100.31555176 206.52328491 509.59783936 255 64 64
100.31834412 206.52467346 509.59606934 255 64 64
109.96359253 204.57023621 567.37121582 255 64 64
109.97099304 204.56852722 567.37438965 255 64 64
109.96768188 204.56837463 567.37713623 255 64 64
109.97372437 204.56970215 567.37377930 255 64 64
106.61601257 212.40521240 546.96801758 255 64 64
106.61952209 212.40739441 546.96856689 255 64 64
106.62057495 212.40687561 546.97064209 255 64 64
106.62332916 212.40972900 546.96447754 255 64 64
101.85499573 157.12266541 488.35409546 255 64 64
101.86342621 157.12873840 488.36257935 255 64 64
101.85130310 157.13360596 488.35528564 255 64 64
101.85360718 157.13470459 488.35818481 255 64 64
145.35124207 231.70559692 554.46771240 255 64 64
145.35227966 231.69888306 554.46942139 255 64 64
145.35972595 231.69963074 554.46716309 255 64 64
145.35864258 231.69464111 554.46356201 255 64 64
102.49611664 159.64002991 475.04629517 255 64 64
102.50415039 159.64665222 475.05245972 255 64 64
102.48937988 159.64494324 475.04388428 255 64 64
102.49275970 159.64694214 475.04617310 255 64 64
138.43997192 233.70372009 559.12036133 255 64 64
138.43772888 233.70339966 559.12573242 255 64 64
138.44612122 233.70211792 559.11676025 255 64 64
138.44227600 233.70460510 559.11486816 255 64 64
116.55683899 227.59167480 543.78369141 255 64 64
116.55876160 227.59175110 543.78814697 255 64 64
116.56040192 227.59254456 543.78430176 255 64 64
116.56027222 227.59426880 543.78320312 255 64 64
99.51286316 167.03298950 495.89706421 255 64 64
99.52120209 167.03762817 495.90484619 255 64 64
99.51315308 167.03758240 495.90176392 255 64 64
99.51712036 167.03842163 495.90374756 255 64 64
98.60070801 198.91198730 488.94583130 255 64 64
98.60664368 198.91572571 488.95449829 255 64 64
98.59363556 198.91366577 488.94049072 255 64 64
98.59480286 198.91474915 488.94451904 255 64 64
131.44236755 212.83718872 566.14916992 255 64 64
131.44477844 212.83345032 566.15173340 255 64 64
131.44326782 212.83462524 566.14141846 255 64 64
131.44416809 212.83572388 566.13763428 255 64 64
136.89138794 239.11077881 566.63366699 255 64 64
136.89596558 239.10383606 566.64196777 255 64 64
136.89154053 239.10818481 566.62792969 255 64 64
136.89421082 239.10702515 566.63079834 255 64 64
106.14823914 145.68756104 542.65869141 255 64 64
106.15765381 145.69288635 542.66247559 255 64 64
106.14859009 145.69720459 542.66040039 255 64 64
106.15557861 145.70082092 542.65625000 255 64 64
109.63337708 224.57650757 531.53820801 255 64 64
109.63725281 224.57852173 531.53497314 255 64 64
109.63605499 224.57707214 531.53778076 255 64 64
109.63918304 224.57839966 531.53009033 255 64 64
143.75846863 143.80325317 535.25610352 255 64 64
143.76043701 143.81083679 535.25921631 255 64 64
143.76838684 143.80801392 535.25817871 255 64 64
143.77268982 143.81283569 535.25183105 255 64 64
97.29104614 191.06752014 518.26977539 255 64 64
97.29693604 191.07141113 518.27124023 255 64 64
97.28874969 191.07128906 518.26971436 255 64 64
97.29232788 191.07353210 518.26599121 255 64 64
112.82444763 210.65538025 568.48907471 255 64 64
112.82890320 210.65419006 568.49176025 255 64 64
112.82757568 210.65356445 568.48907471 255 64 64
112.83093262 210.65518188 568.48492432 255 64 64
97.71408844 182.25524902 493.47753906 255 64 64
97.72072601 182.25891113 493.48257446 255 64 64
97.71295929 182.25860596 493.47906494 255 64 64
97.71595001 182.25859070 493.48107910 255 64 64
99.71115112 184.44116211 469.73950195 255 64 64
99.71876526 184.44700623 469.74816895 255 64 64
99.70735168 184.44497681 469.73348999 255 64 64
99.70930481 184.44561768 469.73791504 255 64 64
134.39396667 169.14356995 622.63348389 64 255 128
270.70953369 229.20744324 457.86022949 64 255 128
125.44999695 136.03100586 452.33099365 64 255 128
141.73857117 261.28979492 512.73071289 64 255 128
171.29028320 170.73091125 529.74035645 64 255 128
182.43395996 210.31950378 441.95446777 64 255 128
227.88069153 261.12380981 530.02819824 64 255 128
96.96400452 191.64199829 504.81997681 64 255 128
201.26861572 138.12423706 462.87838745 64 255 128
120.39508820 220.92619324 570.92449951 64 255 128
117.22200012 126.53200531 524.78802490 64 255 128
212.47883606 259.21209717 467.19464111 64 255 128
227.99812317 197.14126587 496.95648193 64 255 128
119.25299835 199.08200073 445.36099243 64 255 128
175.26354980 254.99322510 560.20410156 64 255 128
159.51063538 105.21192169 486.22436523 64 255 128
105.82300568 164.99499512 566.02197266 64 255 128
145.14799500 249.14999390 459.35198975 64 255 128
177.61572266 222.91281128 494.53884888 64 255 128
258.74227905 268.01388550 487.79040527 64 255 128
165.95277405 160.97070312 435.94540405 64 255 128
149.52989197 181.49879456 574.32666016 64 255 128
162.20063782 215.83363342 537.89550781 64 255 128
112.00600433 232.94599915 487.50399780 64 255 128
188.35313416 265.50857544 509.65600586 64 255 128
191.67658997 181.08332825 475.43255615 64 255 128
222.27459717 214.28678894 455.63998413 64 255 128
102.33399963 150.49800110 490.24298096 64 255 128
138.79554749 138.25917053 559.03118896 64 255 128
109.63740540 224.57807922 531.52758789 64 255 128
171.28956604 144.35923767 496.49441528 64 255 128
204.17842102 226.67419434 523.96240234 64 255 128
165.76626587 120.45042419 446.44927979 64 255 128
236.43415833 236.72544861 498.31286621 64 255 128
157.05932617 189.24868774 498.69342041 64 255 128
116.99400330 188.86999512 595.02398682 64 255 128
99.31199646 161.20899963 527.94097900 64 255 128
138.09152222 248.83795166 547.67529297 64 255 128
122.31246948 118.56348419 488.63665771 64 255 128
183.11875916 244.10430908 458.38027954 64 255 128
143.78871155 147.70390320 593.79003906 64 255 128
107.74300385 166.64099121 457.32998657 64 255 128
152.32839966 120.86024475 518.23272705 64 255 128
164.40986633 265.69229126 486.48550415 64 255 128
101.76199341 194.92498779 548.36199951 64 255 128
148.72900391 216.76200867 446.26699829 64 255 128
99.87400055 204.06599426 472.64901733 64 255 128
192.45581055 190.98449707 506.74581909 64 255 128
242.22964478 246.68363953 461.99783325 64 255 128
134.79598999 170.93099976 438.60699463 64 255 128
222.35147095 267.68273926 498.53469849 64 255 128
246.46937561 217.92340088 474.17706299 64 255 128
222.72789001 184.10125732 467.62643433 64 255 128
146.98545837 148.34815979 530.64312744 64 255 128
203.24629211 251.09490967 547.26464844 64 255 128
140.15292358 112.16126251 462.86822510 64 255 128
166.69477844 259.89886475 531.00695801 64 255 128
130.93234253 256.65957642 485.40963745 64 255 128
186.53984070 179.76741028 445.76559448 64 255 128
184.81645203 120.33351898 482.44207764 64 255 128
124.79000092 226.61900330 460.39797974 64 255 128
112.15499878 140.80900574 550.39501953 64 255 128
158.95532227 190.62841797 439.48718262 64 255 128
118.52200317 160.09700012 590.85601807 64 255 128
142.32702637 204.71202087 559.87310791 64 255 128
119.38580322 242.12484741 512.34283447 64 255 128
154.24917603 165.96110535 551.69171143 64 255 128
195.22349548 154.24374390 484.17303467 64 255 128
185.52471924 143.66284180 441.94186401 64 255 128
182.03329468 233.87678528 543.51824951 64 255 128
149.59942627 140.11984253 439.13684082 64 255 128
167.54524231 198.83267212 520.36401367 64 255 128
191.18789673 262.28543091 482.98660278 64 255 128
98.96600342 175.20500183 482.01400757 64 255 128
198.73265076 199.32580566 457.48260498 64 255 128
145.88604736 173.77024841 600.19287109 64 255 128
207.61560059 235.80543518 458.11901855 64 255 128
271.01031494 250.44241333 472.24212646 64 255 128
159.38082886 190.47006226 546.40673828 64 255 128
101.53500366 216.37100220 507.00097656 64 255 128
109.75199890 196.79299927 572.22100830 64 255 128
130.61491394 209.68455505 591.76635742 64 255 128
180.69857788 165.52169800 506.33471680 64 255 128
201.04682922 162.43566895 456.47512817 64 255 128
219.78720093 219.21145630 505.69866943 64 255 128
234.71064758 267.30023193 476.86788940 64 255 128
137.95626831 123.92468262 539.53289795 64 255 128
133.53610229 223.42591858 548.63397217 64 255 128
243.45916748 265.79965210 509.77450562 64 255 128
112.15399933 134.74200439 472.64901733 64 255 128
165.73300171 234.11401367 448.56100464 64 255 128
222.45893860 241.91812134 518.32183838 64 255 128
160.09318542 237.80035400 552.40338135 64 255 128
105.75099945 142.83399963 511.93200684 64 255 128
97.63700104 184.52299500 526.86297607 64 255 128
120.69900513 145.75900269 572.88494873 64 255 128
208.02908325 193.43702698 485.69393921 64 255 128
184.88623047 118.34519958 459.50122070 64 255 128
254.24903870 237.64935303 481.62225342 64 255 128
138.39230347 112.71394348 502.48663330 64 255 128
205.28358459 263.02587891 528.25091553 64 255 128
183.92819214 214.99790955 526.27502441 64 255 128
149.05461121 159.44184875 572.82672119 64 255 128
98.66300201 169.48300171 503.71801758 64 255 128
168.36195374 120.29521179 499.80023193 64 255 128
161.43258667 156.74147034 515.17645264 64 255 128
165.68351746 257.00799561 465.31686401 64 255 128
163.36723328 263.29907227 508.11291504 64 255 128
175.81565857 201.15641785 495.86840820 64 255 128
192.95416260 224.43873596 451.16632080 64 255 128
110.29502106 214.48992920 552.42687988 64 255 128
125.71117401 187.85716248 614.36889648 64 255 128
136.89093018 239.11483765 566.62481689 64 255 128
162.23361206 106.60643005 464.86840820 64 255 128
105.04299927 188.27000427 456.65402222 64 255 128
231.98643494 200.86032104 476.23437500 64 255 128
198.94686890 211.08020020 510.26965332 64 255 128
100.81900024 206.26699829 525.26300049 64 255 128
138.76113892 190.95045471 591.79638672 64 255 128
122.47800446 156.55599976 446.54699707 64 255 128
125.31463623 239.38705444 534.47729492 64 255 128
146.01794434 259.81329346 532.39099121 64 255 128
129.88217163 156.80204773 606.93774414 64 255 128
146.88000488 262.09100342 474.97299194 64 255 128
122.36698151 242.77412415 472.18502808 64 255 128
138.70399475 190.74900818 438.42501831 64 255 128
99.49299622 175.01998901 546.56201172 64 255 128
140.08889771 107.76451874 482.63973999 64 255 128
226.76196289 234.03672791 459.12246704 64 255 128
251.13409424 229.20259094 457.97729492 64 255 128
108.55699921 222.52200317 470.69998169 64 255 128
155.92367554 136.76867676 507.78149414 64 255 128
188.10751343 261.09585571 538.58135986 64 255 128
141.75466919 124.72840118 447.94732666 64 255 128
232.49847412 217.19392395 490.76950073 64 255 128
152.34786987 179.09440613 514.05523682 64 255 128
111.25600433 133.18899536 494.15499878 64 255 128
147.10006714 265.16845703 494.82183838 64 255 128
181.81384277 185.45755005 523.77966309 64 255 128
195.17889404 251.06439209 467.46752930 64 255 128
192.00738525 176.04728699 495.24234009 64 255 128
159.15808105 256.90167236 547.93310547 64 255 128
247.00820923 251.95977783 491.40060425 64 255 128
102.29699707 155.96699524 545.71405029 64 255 128
202.34902954 266.58166504 496.55822754 64 255 128
253.89573669 259.38165283 471.93890381 64 255 128
119.42900085 172.30999756 605.66998291 64 255 128
124.37699890 121.73199463 467.45602417 64 255 128
142.46963501 209.03941345 540.54650879 64 255 128
104.15299988 155.42100525 472.46398926 64 255 128
105.82599640 139.99700928 530.46502686 64 255 128
116.33399963 177.17300415 444.74899292 64 255 128
101.57600403 214.20800781 488.73001099 64 255 128
240.18495178 212.66279602 457.83688354 64 255 128
133.37078857 117.05158234 520.01300049 64 255 128
110.63899994 180.17999268 580.45599365 64 255 128
137.32537842 141.05459595 578.69573975 64 255 128
192.43261719 136.88394165 480.80490112 64 255 128
139.71699524 233.09400940 452.89599609 64 255 128
151.66192627 173.34526062 433.98553467 64 255 128
110.41799927 210.68798828 457.48098755 64 255 128
208.17420959 241.43356323 533.40368652 64 255 128
117.10099792 122.98799896 507.38101196 64 255 128
120.39115143 246.59797668 495.60797119 64 255 128
131.08346558 250.99232483 522.99377441 64 255 128
113.40100098 147.28500366 459.85699463 64 255 128
212.34423828 199.47123718 505.26733398 64 255 128
163.84300232 208.39799500 443.50698853 64 255 128
166.89103699 141.33061218 437.57135010 64 255 128
177.28317261 262.34164429 496.48321533 64 255 128
182.56961060 160.91984558 443.17364502 64 255 128
217.10546875 197.70463562 457.39019775 64 255 128
143.73150635 151.54902649 547.68078613 64 255 128
132.40499878 211.19900513 448.02200317 64 255 128
182.46484375 229.91546631 507.98873901 64 255 128
174.83865356 107.24301147 476.51516724 64 255 128
223.39816284 185.07392883 485.08209229 64 255 128
140.67163086 198.22673035 576.25518799 64 255 128
219.83525085 265.66174316 515.57537842 64 255 128
172.75192261 186.22808838 504.40145874 64 255 128
98.69499969 192.09599304 484.89099121 64 255 128
103.38799286 181.45300293 562.03399658 64 255 128
175.24536133 193.42263794 440.78402710 64 255 128
146.88957214 157.17471313 437.48449707 64 255 128
155.32168579 162.97532654 534.75354004 64 255 128
125.85100555 129.97799683 550.16497803 64 255 128
205.21507263 153.34394836 470.10739136 64 255 128
197.84182739 179.80693054 458.31222534 64 255 128
116.97851562 208.43206787 582.66656494 64 255 128
239.64910889 269.66213989 493.85848999 64 255 128
181.34552002 207.57688904 509.81372070 64 255 128
260.65029907 216.51406860 463.15148926 64 255 128
179.81307983 255.25286865 475.60745239 64 255 128
126.40280914 237.48101807 552.43133545 64 255 128
172.31649780 176.56472778 438.33401489 64 255 128
147.12213135 158.14682007 605.92608643 64 255 128
156.30090332 201.08280945 533.55688477 64 255 128
155.65258789 110.96323395 504.74584961 64 255 128
236.47489929 250.44100952 506.98101807 64 255 128
180.82620239 127.76387024 446.55969238 64 255 128
226.64515686 251.99255371 463.21847534 64 255 128
217.70635986 266.97357178 482.98037720 64 255 128
206.26652527 212.50517273 450.78967285 64 255 128
133.51060486 212.21598816 573.74572754 64 255 128
201.96769714 169.08409119 472.22763062 64 255 128
259.02566528 241.97990417 463.65744019 64 255 128
179.10099792 225.45599365 448.68099976 64 255 128
189.42747498 210.48022461 492.95114136 64 255 128
164.80230713 175.83410645 544.91870117 64 255 128
189.95411682 257.51043701 554.36889648 64 255 128
145.51844788 133.73368835 525.41973877 64 255 128
152.18969727 223.40472412 546.93121338 64 255 128
206.77656555 195.63754272 469.53149414 64 255 128
193.79182434 125.54096985 470.06198120 64 255 128
135.25199890 144.58900452 443.75399780 64 255 128
159.98399353 247.10099792 455.09899902 64 255 128
149.39262390 167.71546936 585.93670654 64 255 128
215.04067993 260.03622437 541.54766846 64 255 128
108.79699707 229.99800110 506.00302124 64 255 128
156.63941956 179.59222412 560.46423340 64 255 128
178.89263916 264.47781372 522.16699219 64 255 128
174.27177429 130.68609619 489.93450928 64 255 128
168.86550903 188.34909058 533.83154297 64 255 128
192.13963318 227.67057800 533.86627197 64 255 128
152.74331665 113.61704254 454.16818237 64 255 128
197.40417480 148.86856079 449.78292847 64 255 128
243.53607178 227.13441467 486.67825317 64 255 128
132.85041809 256.39526367 501.64859009 64 255 128
101.26399994 177.85299683 466.75399780 64 255 128
110.35100555 151.01599121 563.25500488 64 255 128
135.69566345 252.95770264 470.17037964 64 255 128
161.62313843 249.21784973 561.59295654 64 255 128
123.59258270 200.31085205 601.32159424 64 255 128
189.06036377 193.89620972 449.29040527 64 255 128
116.56038666 227.58944702 543.77795410 64 255 128
100.11900330 155.23399353 506.41900635 64 255 128
128.23835754 149.28675842 591.07299805 64 255 128
102.65699768 206.83300781 540.04504395 64 255 128
183.91262817 146.18241882 489.01184082 64 255 128
195.86872864 239.72911072 542.36389160 64 255 128
261.92706299 230.30381775 471.59820557 64 255 128
130.93371582 212.89691162 558.96258545 64 255 128
138.92515564 179.63034058 613.89270020 64 255 128
151.50970459 193.81896973 560.05926514 64 255 128
175.43591309 223.26972961 536.45703125 64 255 128
155.78469849 263.15377808 522.49932861 64 255 128
174.40303040 259.19168091 546.71112061 64 255 128
97.10600281 173.63198853 517.62097168 64 255 128
148.57000732 203.39601135 441.24200439 64 255 128
141.33872986 137.74601746 538.78137207 64 255 128
259.51898193 254.12065125 483.84826660 64 255 128
126.61771393 221.15803528 584.31445312 64 255 128
207.19515991 265.54971313 509.51654053 64 255 128
177.95123291 243.04469299 553.01812744 64 255 128
119.89097595 225.80085754 557.43499756 64 255 128
99.45500183 201.96501160 494.99401855 64 255 128
225.95539856 231.45970154 507.03610229 64 255 128
195.98001099 206.45651245 445.65155029 64 255 128
131.08299255 240.37500000 460.86999512 64 255 128
192.44361877 135.11727905 450.27716064 64 255 128
112.90299988 160.90800476 578.29199219 64 255 128
186.94206238 178.26576233 513.17608643 64 255 128
193.26255798 264.30038452 521.94152832 64 255 128
152.16137695 105.42591095 474.23574829 64 255 128
169.12280273 209.57641602 528.26977539 64 255 128
143.82666016 148.26835632 567.56091309 64 255 128
114.51499939 174.67300415 592.21398926 64 255 128
171.24615479 112.67487335 456.66009521 64 255 128
127.25800323 183.00799561 439.34301758 64 255 128
238.13903809 258.66271973 466.95297241 64 255 128
122.90200043 137.32800293 562.61499023 64 255 128
145.35287476 231.70901489 554.46392822 64 255 128
130.76667786 113.53299713 475.30056763 64 255 128
151.93901062 236.55900574 448.52200317 64 255 128
215.15283203 246.05224609 460.75997925 64 255 128
165.55232239 203.79727173 508.03451538 64 255 128
143.96081543 248.22431946 559.85217285 64 255 128
157.56484985 129.29373169 440.80108643 64 255 128
123.18000031 126.11199951 537.69201660 64 255 128
187.56750488 160.83885193 493.41525269 64 255 128
230.61570740 205.20257568 463.55755615 64 255 128
238.06504822 227.38133240 458.27487183 64 255 128
163.64799500 221.65599060 444.11901855 64 255 128
130.68328857 123.96115112 455.39410400 64 255 128
145.10316467 180.01437378 587.03039551 64 255 128
210.73176575 179.97496033 471.04559326 64 255 128
169.86628723 155.16972351 504.57739258 64 255 128
99.04400635 201.64900208 513.10498047 64 255 128
100.44000244 164.61199951 489.56900024 64 255 128
97.71700287 182.25700378 493.47299194 64 255 128
152.20381165 146.60284424 518.33508301 64 255 128
137.15663147 249.18618774 534.22875977 64 255 128
106.56500244 202.31599426 560.87396240 64 255 128
112.82160187 210.65988159 568.47674561 64 255 128
104.59799957 219.32199097 520.69494629 64 255 128
168.01306152 230.89987183 545.10729980 64 255 128
195.32374573 238.53134155 459.16125488 64 255 128
201.38148499 260.74536133 473.82836914 64 255 128
159.63800049 264.41198730 475.54202271 64 255 128
172.28869629 166.36372375 517.39947510 64 255 128
132.66076660 190.19895935 603.65148926 64 255 128
112.65254974 231.69943237 518.04296875 64 255 128
144.64282227 166.54089355 615.30786133 64 255 128
222.19487000 210.44674683 496.08276367 64 255 128
253.47113037 269.17184448 499.68087769 64 255 128
214.82044983 227.12510681 515.77362061 64 255 128
195.80448914 168.49285889 485.09143066 64 255 128
246.30178833 269.15844727 482.70483398 64 255 128
171.11492920 110.47131348 491.89187622 64 255 128
218.60128784 248.56336975 529.61779785 64 255 128
234.91955566 258.89071655 516.91955566 64 255 128
148.09962463 108.32482910 494.94714355 64 255 128
174.79579163 151.99124146 438.39404297 64 255 128
223.42033386 263.88970947 471.85598755 64 255 128
113.61900330 194.41799927 584.10198975 64 255 128
151.96412659 200.51020813 548.82470703 64 255 128
197.64781189 190.04080200 494.21304321 64 255 128
267.56317139 261.89532471 477.87814331 64 255 128
190.66955566 167.50798035 450.25598145 64 255 128
99.58699799 192.10400391 468.73797607 64 255 128
125.88885498 116.65599823 500.31454468 64 255 128
97.76200104 174.18600464 533.92797852 64 255 128
157.56761169 151.06518555 435.52777100 64 255 128
176.37300110 236.72300720 454.81399536 64 255 128
204.27236938 224.54692078 454.35650635 64 255 128
188.61479187 199.91722107 499.66409302 64 255 128
215.84231567 225.05426025 456.98999023 64 255 128
98.72599792 187.59599304 538.91302490 64 255 128
121.94411469 248.39413452 483.67590332 64 255 128
192.27822876 188.83822632 464.16793823 64 255 128
147.12243652 158.29919434 558.25762939 64 255 128
110.79100037 130.64299011 514.43798828 64 255 128
105.74700165 143.28999329 481.04501343 64 255 128
135.45500183 157.85198975 441.00000000 64 255 128
176.43824768 263.25506592 508.28384399 64 255 128
118.39500427 133.94599915 461.90197754 64 255 128
147.45509338 254.98640442 543.13854980 64 255 128
108.54299927 199.36299133 453.71600342 64 255 128
184.26437378 113.52548981 472.58621216 64 255 128
153.56779480 167.49032593 565.18969727 64 255 128
158.73020935 125.24919128 507.68899536 64 255 128
229.42176819 268.62307739 488.07147217 64 255 128
120.74700165 213.37400818 452.12200928 64 255 128
107.66799927 217.89900208 541.44598389 64 255 128
171.80723572 247.27769470 458.31143188 64 255 128
235.16300964 212.26638794 478.35739136 64 255 128
116.35299683 231.32800293 472.43600464 64 255 128
131.18099976 199.33999634 441.70901489 64 255 128
200.13139343 261.47430420 539.17211914 64 255 128
102.43300629 150.84899902 520.02801514 64 255 128
200.73135376 143.55856323 474.85821533 64 255 128
114.48799896 133.92799377 539.42498779 64 255 128
178.50590515 212.21817017 499.62329102 64 255 128
115.60299683 165.98899841 448.47100830 64 255 128
187.89764404 229.08219910 497.60180664 64 255 128
128.88653564 251.94198608 511.68359375 64 255 128
147.21250916 151.69042969 583.25134277 64 255 128
269.68218994 238.08847046 466.40625000 64 255 128
126.20162964 167.46423340 614.44824219 64 255 128
129.68589783 179.83894348 621.90539551 64 255 128
143.67681885 113.62340546 514.72875977 64 255 128
216.79556274 196.64309692 493.56884766 64 255 128
149.31280518 158.98167419 593.64538574 64 255 128
134.16099548 222.89399719 451.76602173 64 255 128
176.31037903 259.56539917 485.92605591 64 255 128
197.08842468 190.23664856 479.89990234 64 255 128
179.06257629 192.35525513 515.02081299 64 255 128
211.06336975 211.30931091 505.97744751 64 255 128
164.38110352 130.90277100 498.13247681 64 255 128
153.84800720 258.00601196 466.71301270 64 255 128
101.89100647 165.14100647 552.71502686 64 255 128
158.21867371 265.35437012 498.61264038 64 255 128
102.05899811 150.56799316 533.04998779 64 255 128
104.96400452 223.54499817 497.27999878 64 255 128
113.67400360 129.76300049 482.88800049 64 255 128
232.41435242 204.11376953 487.21575928 64 255 128
123.09243011 241.09632874 523.67297363 64 255 128
150.98373413 245.67807007 550.95654297 64 255 128
180.14033508 173.81939697 521.66406250 64 255 128
251.98042297 216.53231812 455.84970093 64 255 128
104.09400177 144.53999329 499.78900146 64 255 128
177.43859863 252.94018555 465.03497314 64 255 128
99.35099792 197.24301147 532.89904785 64 255 128
156.37164307 256.71829224 536.05096436 64 255 128
141.41658020 262.74679565 484.22253418 64 255 128
161.08872986 187.67770386 508.60470581 64 255 128
225.51742554 194.90150452 465.74279785 64 255 128
131.12889099 231.18228149 560.67938232 64 255 128
143.37738037 121.94893646 528.99194336 64 255 128
104.30300140 222.84700012 481.97900391 64 255 128
232.39895630 226.30514526 497.97567749 64 255 128
244.04373169 258.62637329 500.12368774 64 255 128
188.81515503 246.02507019 550.34014893 64 255 128
204.05061340 264.73904419 483.90335083 64 255 128
197.18280029 218.66473389 520.38623047 64 255 128
115.28199768 220.77499390 461.70397949 64 255 128
168.00601196 192.85098267 495.97113037 64 255 128
124.73799896 166.88198853 441.43399048 64 255 128
133.87767029 199.01525879 586.30889893 64 255 128
98.72399902 163.09500122 514.33001709 64 255 128
188.33843994 263.92599487 494.28890991 64 255 128
120.78729248 151.45787048 582.30212402 64 255 128
118.50555420 183.30278015 605.30804443 64 255 128
131.85432434 112.18972015 489.04306030 64 255 128
215.05915833 189.29283142 477.37966919 64 255 128
100.58999634 166.55400085 475.28698730 64 255 128
153.57952881 266.67031860 483.30886841 64 255 128
138.16122437 131.27171326 547.62628174 64 255 128
214.04570007 187.76350403 460.60684204 64 255 128
123.55699921 120.87500000 517.15704346 64 255 128
166.37667847 263.52478027 518.17535400 64 255 128
106.15200043 145.69898987 542.64898682 64 255 128
252.38552856 226.81179810 479.66796875 64 255 128
161.96696472 178.71778870 435.80404663 64 255 128
149.45075989 186.00102234 437.78762817 64 255 128
111.99700165 190.59700012 448.24298096 64 255 128
176.58958435 210.29122925 519.78497314 64 255 128
205.91905212 250.77978516 464.17910767 64 255 128
171.31472778 131.19233704 442.71166992 64 255 128
208.00425720 218.74392700 514.89508057 64 255 128
130.63887024 137.38108826 569.69250488 64 255 128
228.69889832 189.49072266 476.74392700 64 255 128
108.69699860 157.08300781 462.35702515 64 255 128
192.21138000 126.22648621 457.96154785 64 255 128
97.29499817 191.07299805 518.26098633 64 255 128
106.05199432 177.54100037 456.40600586 64 255 128
152.48730469 263.30023193 511.92068481 64 255 128
246.50503540 237.79696655 489.52166748 64 255 128
229.29447937 241.19525146 509.31005859 64 255 128
138.41697693 150.97215271 603.86102295 64 255 128
230.46592712 267.90155029 505.23983765 64 255 128
162.31672668 147.70726013 506.26992798 64 255 128
130.01895142 120.51371002 531.12872314 64 255 128
198.51689148 200.96206665 504.27551270 64 255 128
173.21600342 216.87098694 443.78701782 64 255 128
100.97900391 184.94898987 552.11297607 64 255 128
239.21206665 210.42568970 468.43194580 64 255 128
160.04634094 162.88655090 524.78601074 64 255 128
140.29745483 134.70664978 444.36456299 64 255 128
226.63061523 252.80690002 523.37225342 64 255 128
109.66999817 134.96099854 504.76004028 64 255 128
122.28900146 146.11299133 450.99899292 64 255 128
98.65399933 203.43600464 483.17901611 64 255 128
204.19132996 149.68148804 457.91156006 64 255 128
217.30136108 262.87823486 531.39880371 64 255 128
214.69738770 238.53034973 525.34680176 64 255 128
154.90170288 163.12313843 433.45648193 64 255 128
229.23336792 221.70582581 457.41024780 64 255 128
177.50198364 261.91171265 532.09948730 64 255 128
96.95600128 181.36500549 506.96200562 64 255 128
138.36035156 156.90808105 613.03674316 64 255 128
134.89677429 211.43763733 548.92834473 64 255 128
104.59599304 204.72300720 550.75598145 64 255 128
192.60491943 182.63931274 486.98382568 64 255 128
173.47233582 225.75357056 504.56875610 64 255 128
139.29937744 257.60775757 521.92785645 64 255 128
189.50392151 212.40742493 516.01092529 64 255 128
142.09426880 178.11289978 437.75985718 64 255 128
213.57357788 267.70755005 492.71673584 64 255 128
116.95623016 232.96913147 531.04467773 64 255 128
187.70626831 216.36514282 446.71627808 64 255 128
171.12960815 261.38018799 476.81460571 64 255 128
107.57499695 186.68299866 571.64398193 64 255 128
107.62300110 146.13600159 469.48098755 64 255 128
262.19140625 240.05697632 475.16149902 64 255 128
116.27099609 124.26999664 495.55502319 64 255 128
214.32670593 206.38619995 451.90222168 64 255 128
118.83497620 205.04205322 592.44952393 64 255 128
131.68521118 116.47570801 509.87554932 64 255 128
253.45417786 250.31730652 465.93505859 64 255 128
142.44461060 147.84780884 557.34063721 64 255 128
154.68699646 226.18000793 446.35900879 64 255 128
166.22012329 255.85443115 555.25335693 64 255 128
118.34700012 124.34600067 475.50100708 64 255 128
180.28057861 190.40452576 497.47351074 64 255 128
201.82025146 232.59928894 531.68798828 64 255 128
103.71799469 213.00099182 469.43899536 64 255 128
154.21917725 121.40537262 446.56561279 64 255 128
152.73002625 155.17320251 525.27410889 64 255 128
114.62619781 238.24971008 497.37060547 64 255 128
105.63100433 192.43099976 563.43402100 64 255 128
141.26516724 219.53585815 542.83178711 64 255 128
252.40748596 260.88980103 491.39486694 64 255 128
164.77743530 104.73546600 474.56961060 64 255 128
175.33953857 180.80494690 530.63104248 64 255 128
107.39900208 173.38900757 571.48803711 64 255 128
219.14772034 179.80387878 477.48657227 64 255 128
99.80999756 206.30699158 504.14401245 64 255 128
122.45970154 177.81637573 613.44219971 64 255 128
179.05677795 158.30184937 498.58358765 64 255 128
240.67478943 245.65789795 496.36010742 64 255 128
186.90744019 234.87361145 454.99557495 64 255 128
166.66908264 198.50016785 442.31698608 64 255 128
103.98400116 204.96701050 462.66601562 64 255 128
152.34284973 107.68357849 463.83663940 64 255 128
143.24064636 116.75802612 454.31292725 64 255 128
177.81166077 117.51037598 489.49154663 64 255 128
189.00289917 201.22685242 441.76885986 64 255 128
159.58908081 204.64022827 524.15899658 64 255 128
148.71208191 157.41030884 540.16778564 64 255 128
174.35983276 166.65203857 439.16326904 64 255 128
190.31642151 155.07058716 445.41143799 64 255 128
170.31613159 194.67980957 511.27944946 64 255 128
99.47499847 164.50700378 541.45996094 64 255 128
182.52468872 132.66627502 484.47824097 64 255 128
142.60755920 190.18324280 581.40283203 64 255 128
239.03172302 237.44517517 459.75509644 64 255 128
107.12199402 149.16198730 552.23400879 64 255 128
204.84757996 194.75592041 499.23730469 64 255 128
144.45021057 262.32690430 503.52816772 64 255 128
131.64317322 131.70632935 557.70410156 64 255 128
217.10804749 235.87324524 458.88354492 64 255 128
205.03726196 162.41978455 465.52261353 64 255 128
174.50032043 192.47100830 524.09252930 64 255 128
249.95024109 212.84587097 466.32543945 64 255 128
154.71069336 210.72181702 533.47760010 64 255 128
187.78012085 220.49111938 493.05410767 64 255 128
259.55578613 224.64840698 456.16055298 64 255 128
165.34790039 196.33699036 529.69696045 64 255 128
128.86930847 252.15560913 476.99841309 64 255 128
199.93466187 160.89062500 478.85186768 64 255 128
151.62744141 129.76176453 514.75280762 64 255 128
140.28047180 141.11637878 547.96179199 64 255 128
124.10449982 157.54719543 599.45050049 64 255 128
110.03000641 133.11399841 524.73699951 64 255 128
139.60282898 184.44734192 600.00561523 64 255 128
229.12655640 265.66812134 521.33221436 64 255 128
114.13999939 156.49600220 454.32699585 64 255 128
166.90037537 259.60028076 540.47003174 64 255 128
245.30187988 263.59436035 472.33749390 64 255 128
149.49047852 188.85877991 568.17517090 64 255 128
150.36985779 172.38754272 577.00488281 64 255 128
111.55200195 169.45100403 582.59497070 64 255 128
189.18605042 256.35803223 475.97979736 64 255 128
143.43899536 148.94898987 441.24798584 64 255 128
158.75991821 196.38545227 504.59320068 64 255 128
127.29461670 252.97969055 493.27841187 64 255 128
144.31199646 256.04598999 467.35598755 64 255 128
197.61982727 265.43634033 511.97497559 64 255 128
186.32513428 249.46018982 468.75662231 64 255 128
188.02474976 170.07531738 501.62619019 64 255 128
162.75061035 168.52983093 539.27966309 64 255 128
98.30000305 192.48600769 495.27999878 64 255 128
114.75998688 217.12194824 559.96386719 64 255 128
222.38645935 202.49127197 502.53396606 64 255 128
106.00599670 140.56300354 491.18301392 64 255 128
229.73603821 191.89152527 487.08972168 64 255 128
210.83529663 264.68179321 519.28222656 64 255 128
121.69012451 192.19833374 606.42871094 64 255 128
136.87893677 259.81967163 494.08306885 64 255 128
102.92700195 171.54699707 559.83197021 64 255 128
131.56350708 243.40957642 540.58276367 64 255 128
104.18499756 213.30801392 530.60198975 64 255 128
266.27050781 224.16070557 464.51858521 64 255 128
143.13299561 225.49299622 448.45101929 64 255 128
198.55920410 258.92382812 550.26623535 64 255 128
176.69137573 141.52803040 439.41287231 64 255 128
182.27685547 170.41958618 443.27224731 64 255 128
116.65760040 237.86773682 480.87362671 64 255 128
119.56800079 188.83000183 442.93200684 64 255 128
127.42744446 144.67732239 581.37756348 64 255 128
101.94699860 159.44599915 481.86801147 64 255 128
198.82742310 168.87986755 463.00088501 64 255 128
210.67036438 249.16450500 537.76135254 64 255 128
176.68486023 110.41336823 463.91442871 64 255 128
197.82273865 178.31694031 468.87219238 64 255 128
198.31317139 134.92454529 472.28167725 64 255 128
101.54299927 210.37899780 515.23400879 64 255 128
133.41651917 243.94305420 554.02416992 64 255 128
162.61341858 116.42037964 507.27505493 64 255 128
138.67799377 206.08801270 443.40597534 64 255 128
187.97776794 187.63414001 515.84844971 64 255 128
208.05972290 199.12559509 457.57550049 64 255 128
122.31417084 235.63894653 542.15399170 64 255 128
144.44503784 107.82437897 469.76187134 64 255 128
262.66305542 249.28689575 468.48614502 64 255 128
143.95959473 173.47846985 609.14788818 64 255 128
174.43560791 202.61331177 444.71325684 64 255 128
161.90989685 194.56072998 538.39617920 64 255 128
195.35382080 266.34802246 503.01318359 64 255 128
163.77609253 110.60098267 500.00537109 64 255 128
254.65440369 266.27648926 479.69705200 64 255 128
168.54576111 241.31587219 554.96368408 64 255 128
198.55210876 196.27970886 466.38888550 64 255 128
248.98031616 240.56202698 461.08593750 64 255 128
182.35585022 220.41029358 501.43112183 64 255 128
257.00741577 220.43406677 470.70657349 64 255 128
159.41076660 172.96786499 554.30065918 64 255 128
145.93223572 166.38131714 434.93716431 64 255 128
149.75224304 216.43612671 539.64733887 64 255 128
209.67735291 263.60708618 475.55969238 64 255 128
158.26698303 230.60617065 546.94934082 64 255 128
148.07252502 239.70445251 557.71411133 64 255 128
190.87394714 206.21873474 508.65118408 64 255 128
223.16786194 190.00350952 493.44589233 64 255 128
202.11361694 243.06259155 460.79348755 64 255 128
215.04426575 266.64221191 504.46875000 64 255 128
196.60656738 264.83749390 489.45535278 64 255 128
130.85130310 115.46913147 466.38452148 64 255 128
127.21386719 218.23217773 565.52368164 64 255 128
185.32923889 250.92662048 558.71014404 64 255 128
161.17001343 110.78135681 456.84490967 64 255 128
254.82037354 246.58612061 481.96807861 64 255 128
119.57500458 134.81900024 554.56103516 64 255 128
115.26899719 152.74700928 574.83502197 64 255 128
99.90100098 159.40899658 498.38098145 64 255 128
105.85299683 224.08700562 513.09899902 64 255 128
148.48365784 129.07116699 443.56051636 64 255 128
161.91395569 253.92707825 526.29742432 64 255 128
191.65650940 183.33923340 500.66851807 64 255 128
168.88031006 187.51562500 438.91867065 64 255 128
115.90699768 144.13600159 564.98498535 64 255 128
137.05700684 247.11500549 462.74502563 64 255 128
198.65892029 176.29754639 478.22250366 64 255 128
192.52992249 185.11917114 449.53710938 64 255 128
100.71800232 214.06500244 498.38702393 64 255 128
145.91011047 197.90669250 565.98791504 64 255 128
230.63073730 250.08592224 515.65698242 64 255 128
168.27299500 241.62699890 453.57400513 64 255 128
125.04032135 249.91062927 503.92449951 64 255 128
145.97399902 241.24600220 453.22201538 64 255 128
168.21630859 262.82162476 496.22427368 64 255 128
179.23120117 183.96849060 442.56112671 64 255 128
132.67601013 195.60095215 596.58154297 64 255 128
134.16307068 129.77067566 448.69769287 64 255 128
227.18989563 219.04612732 497.97039795 64 255 128
101.74799347 214.43000793 479.82598877 64 255 128
153.58164978 113.47509003 513.27392578 64 255 128
98.64400482 183.92700195 480.27200317 64 255 128
174.44425964 121.31168365 448.08261108 64 255 128
152.58824158 183.40174866 506.48904419 64 255 128
263.39672852 233.62673950 460.22280884 64 255 128
105.38200378 141.28999329 521.69403076 64 255 128
192.19850159 176.02502441 451.98336792 64 255 128
244.06573486 220.62045288 456.92959595 64 255 128
178.83833313 232.26101685 500.69540405 64 255 128
141.75300598 144.41717529 585.38995361 64 255 128
138.19128418 203.46392822 569.82421875 64 255 128
129.35099792 247.03599548 468.72299194 64 255 128
161.24641418 168.57655334 436.01470947 64 255 128
147.11701965 262.07269287 520.50976562 64 255 128
170.60661316 175.90965271 536.87976074 64 255 128
163.92863464 224.21141052 541.16070557 64 255 128
134.55754089 206.25617981 581.70672607 64 255 128
143.19808960 205.23304749 548.42413330 64 255 128
104.58100128 164.49899292 465.21499634 64 255 128
220.38929749 233.76882935 513.78308105 64 255 128
180.87677002 111.66884613 480.94607544 64 255 128
156.97500610 215.58700562 443.63201904 64 255 128
250.30860901 270.65051270 490.30236816 64 255 128
148.43681335 164.70660400 600.37103271 64 255 128
194.13848877 145.94424438 481.86410522 64 255 128
223.23324585 203.81196594 457.93508911 64 255 128
190.72331238 125.56304169 478.18423462 64 255 128
193.51353455 222.00634766 527.37915039 64 255 128
235.73632812 267.58990479 513.61584473 64 255 128
190.90895081 262.31066895 530.48822021 64 255 128
97.81500244 195.37701416 476.54000854 64 255 128
156.19027710 188.34703064 554.33843994 64 255 128
233.89062500 245.41258240 461.76672363 64 255 128
198.96389771 216.51066589 449.37951660 64 255 128
182.01458740 213.55061340 489.92077637 64 255 128
130.73300171 232.57899475 457.24200439 64 255 128
156.67904663 107.90157318 494.26141357 64 255 128
169.82398987 106.53975677 484.29968262 64 255 128
160.96585083 182.27836609 549.28619385 64 255 128
124.11808014 214.94622803 590.08660889 64 255 128
158.84199524 200.02500916 440.92300415 64 255 128
129.50195312 219.36491394 575.98950195 64 255 128
136.33213806 258.37008667 478.74328613 64 255 128
97.97399902 198.39900208 523.35601807 64 255 128
117.16698456 213.38465881 574.80609131 64 255 128
126.47000122 205.15699768 445.83599854 64 255 128
176.71766663 140.25073242 490.85812378 64 255 128
153.09199524 252.22599792 459.96002197 64 255 128
176.17306519 216.52182007 531.76208496 64 255 128
267.33334351 253.50917053 479.38613892 64 255 128
174.21855164 204.34748840 505.73294067 64 255 128
182.61695862 151.84396362 441.69351196 64 255 128
117.68999481 168.76199341 597.46697998 64 255 128
209.39628601 257.47351074 547.68890381 64 255 128
164.39704895 184.81781006 499.57357788 64 255 128
116.25659943 240.65585327 489.49279785 64 255 128
143.74923706 225.50737000 548.54229736 64 255 128
180.93840027 258.51074219 552.02099609 64 255 128
109.67700195 158.55899048 569.95397949 64 255 128
98.46399689 174.19299316 495.93402100 64 255 128
102.63399506 196.66000366 461.79199219 64 255 128
171.92932129 206.92172241 513.98376465 64 255 128
239.65107727 220.03939819 484.54669189 64 255 128
224.53005981 242.03047180 461.35729980 64 255 128
113.53099823 201.81800842 579.20904541 64 255 128
97.75099945 170.75799561 526.21594238 64 255 128
138.19572449 110.34544373 494.06198120 64 255 128
148.74377441 194.17778015 440.90371704 64 255 128
140.37640381 141.11933899 570.38299561 64 255 128
113.02100372 184.21299744 587.45098877 64 255 128
148.33642578 159.28254700 549.89251709 64 255 128
182.38563538 188.60797119 507.76040649 64 255 128
179.53541565 169.68501282 514.26733398 64 255 128
202.05014038 202.93652344 450.26428223 64 255 128
132.42489624 162.26451111 616.48730469 64 255 128
198.92828369 141.64979553 453.73046875 64 255 128
116.59999847 205.80000305 449.54299927 64 255 128
184.27859497 228.79237366 537.16326904 64 255 128
165.50532532 150.23188782 437.71185303 64 255 128
127.11071777 222.04684448 555.27905273 64 255 128
116.45500183 180.73600769 597.59301758 64 255 128
124.42113495 117.83929443 479.19445801 64 255 128
142.63781738 146.02824402 541.49438477 64 255 128
112.01699829 139.95399475 466.07501221 64 255 128
213.85575867 188.68484497 469.16519165 64 255 128
140.80371094 173.26673889 619.31805420 64 255 128
114.45023346 237.15138245 507.64910889 64 255 128
146.98033142 142.06829834 525.30541992 64 255 128
230.32420349 261.04913330 467.26974487 64 255 128
197.43348694 157.82568359 450.58499146 64 255 128
124.61900330 236.91400146 464.69699097 64 255 128
173.14399719 247.04699707 559.50201416 64 255 128
133.42851257 144.21096802 586.56134033 64 255 128
133.22917175 149.66302490 597.67211914 64 255 128
142.18408203 129.04797363 532.98217773 64 255 128
168.61386108 161.04093933 512.47790527 64 255 128
188.27291870 259.71948242 546.57440186 64 255 128
188.42716980 153.04646301 488.78710938 64 255 128
196.65846252 133.15145874 457.41354370 64 255 128
202.52847290 264.14477539 519.63061523 64 255 128
115.21157837 222.63471985 551.47192383 64 255 128
214.52175903 214.37744141 454.93856812 64 255 128
183.83303833 261.75793457 487.23687744 64 255 128
106.11299896 157.37699890 560.24700928 64 255 128
182.18832397 198.76780701 445.23538208 64 255 128
170.70075989 106.98619843 468.44506836 64 255 128
124.49099731 122.82700348 525.67401123 64 255 128
225.59841919 267.03906250 480.96096802 64 255 128
177.31799316 149.21269226 493.67120361 64 255 128
126.33000183 218.87500000 454.51599121 64 255 128
185.33430481 220.98937988 531.31359863 64 255 128
116.92328644 197.04907227 592.41979980 64 255 128
135.54420471 207.98233032 563.71917725 64 255 128
159.87510681 115.96417999 450.60137939 64 255 128
204.00991821 145.44238281 465.27157593 64 255 128
189.32969666 118.87947083 466.30319214 64 255 128
126.67399597 192.55900574 441.20898438 64 255 128
106.12500000 227.41499329 490.19699097 64 255 128
129.11898804 149.86999512 444.74099731 64 255 128
171.41899109 228.17199707 448.58700562 64 255 128
265.12811279 263.25262451 485.88650513 64 255 128
123.93167114 128.24896240 459.94256592 64 255 128
163.90620422 141.42221069 501.15377808 64 255 128
166.21176147 198.93765259 501.27691650 64 255 128
151.39808655 202.17059326 540.33807373 64 255 128
132.44857788 213.92585754 582.14471436 64 255 128
124.29459381 209.37498474 597.01599121 64 255 128
219.45217896 254.85003662 534.45245361 64 255 128
232.44752502 211.26338196 456.87106323 64 255 128
182.86370850 230.20249939 451.32022095 64 255 128
118.50599670 226.86199951 465.96597290 64 255 128
109.42699432 227.08099365 477.36599731 64 255 128
139.45401001 217.57798767 448.77099609 64 255 128
118.80400085 131.64801025 545.85302734 64 255 128
149.60414124 159.15661621 585.65899658 64 255 128
145.45935059 251.53475952 551.30511475 64 255 128
116.93900299 129.92399597 532.90802002 64 255 128
203.41921997 196.56491089 508.54260254 64 255 128
219.99223328 257.62094116 465.05560303 64 255 128
221.46490479 264.42041016 524.09741211 64 255 128
110.33399963 180.12901306 450.13601685 64 255 128
156.43899536 252.53092957 553.97534180 64 255 128
243.74842834 269.60882568 500.67687988 64 255 128
154.43354797 163.89808655 542.74768066 64 255 128
155.69900513 207.09399414 442.90097046 64 255 128
143.67117310 146.05281067 577.83660889 64 255 128
185.93182373 136.40306091 445.23672485 64 255 128
268.14715576 222.02081299 455.63220215 64 255 128
160.03257751 136.62377930 438.66754150 64 255 128
205.84001160 205.29222107 506.27105713 64 255 128
184.11991882 189.30056763 445.31384277 64 255 128
118.00900269 128.28900146 468.63601685 64 255 128
193.73117065 188.70173645 471.82470703 64 255 128
134.26502991 185.47434998 609.61462402 64 255 128
165.80740356 182.83833313 541.66284180 64 255 128
201.09286499 232.53985596 457.59231567 64 255 128
168.45420837 206.48768616 521.32897949 64 255 128
153.67298889 243.30799866 452.37698364 64 255 128
118.85030365 243.44529724 502.48580933 64 255 128
148.12258911 111.30293274 507.21420288 64 255 128
179.03028870 134.43515015 441.88006592 64 255 128
112.99900055 128.83000183 500.99600220 64 255 128
147.73181152 126.60759735 523.16058350 64 255 128
136.83456421 245.25814819 561.05957031 64 255 128
178.31903076 116.23503113 455.92034912 64 255 128
231.26077271 211.72528076 485.48840332 64 255 128
126.03217316 247.95228577 517.75726318 64 255 128
110.87100220 189.28800964 578.20800781 64 255 128
97.62300110 182.36898804 519.38598633 64 255 128
187.26107788 191.46562195 500.80395508 64 255 128
192.86193848 192.74603271 457.35153198 64 255 128
205.11712646 193.71121216 477.05932617 64 255 128
180.94409180 217.77325439 446.37109375 64 255 128
184.80192566 208.37060547 502.17993164 64 255 128
190.80610657 244.00962830 463.05206299 64 255 128
147.42871094 171.26463318 593.07714844 64 255 128
104.04699707 172.24099731 461.66900635 64 255 128
121.37778473 231.99922180 549.82379150 64 255 128
100.24599457 158.82800293 536.28802490 64 255 128
132.91700745 138.01400757 447.03399658 64 255 128
184.83189392 240.01510620 547.58172607 64 255 128
150.82691956 106.40428162 487.83578491 64 255 128
146.30438232 117.42039490 521.80279541 64 255 128
99.67900085 178.65200806 474.76000977 64 255 128
181.91265869 263.72036743 502.60531616 64 255 128
122.21099854 163.50199890 604.03399658 64 255 128
185.87112427 203.56051636 493.32553101 64 255 128
185.92933655 265.33865356 518.68939209 64 255 128
156.30406189 261.04571533 529.69146729 64 255 128
129.27827454 203.68664551 597.41143799 64 255 128
139.77310181 255.75231934 530.27624512 64 255 128
172.22654724 262.52795410 525.88311768 64 255 128
108.56500244 231.30300903 498.46801758 64 255 128
104.09799957 150.74699402 481.25000000 64 255 128
179.36161804 124.46376038 485.95877075 64 255 128
109.52900696 135.47599792 485.80999756 64 255 128
153.25268555 178.70217896 568.11822510 64 255 128
155.10412598 143.37997437 511.55541992 64 255 128
236.79165649 223.38562012 491.82464600 64 255 128
110.84700012 134.45300293 532.29998779 64 255 128
187.27503967 127.51588440 450.55899048 64 255 128
131.29399109 126.39899445 546.23199463 64 255 128
173.53662109 238.00508118 549.31182861 64 255 128
104.22900391 196.53399658 556.52099609 64 255 128
201.43475342 238.56224060 537.18225098 64 255 128
170.13606262 137.26112366 494.09234619 64 255 128
154.69328308 266.72332764 490.44396973 64 255 128
170.73724365 259.14456177 469.68960571 64 255 128
131.38711548 247.25604248 529.36425781 64 255 128
185.63191223 139.52096558 484.88757324 64 255 128
138.43702698 233.71034241 559.11199951 64 255 128
111.70099640 144.39199829 557.05999756 64 255 128
136.08729553 116.83129883 458.62878418 64 255 128
231.36425781 207.07226562 470.85113525 64 255 128
139.53118896 162.04232788 619.07574463 64 255 128
215.97840881 191.67562866 484.53683472 64 255 128
194.41224670 161.85932922 488.28665161 64 255 128
157.73793030 150.47499084 513.40686035 64 255 128
240.19345093 233.08081055 492.64880371 64 255 128
190.40217590 233.11222839 539.08898926 64 255 128
176.53648376 260.27655029 539.61431885 64 255 128
137.09631348 110.70166016 469.73373413 64 255 128
214.42242432 180.27131653 464.46243286 64 255 128
211.98881531 231.97831726 520.65930176 64 255 128
220.65345764 225.24586487 509.83859253 64 255 128
201.34779358 152.94454956 476.59555054 64 255 128
133.01979065 217.19068909 544.59069824 64 255 128
216.23683167 207.91517639 501.55050659 64 255 128
101.48500061 177.61399841 555.65795898 64 255 128
121.12830353 217.92628479 579.03515625 64 255 128
239.00274658 269.44055176 484.11236572 64 255 128
228.45068359 207.26893616 493.55886841 64 255 128
130.67687988 239.39855957 559.26947021 64 255 128
150.65945435 148.72184753 437.06686401 64 255 128
137.55419922 259.11178589 506.82223511 64 255 128
266.08102417 256.74288940 472.62902832 64 255 128
246.61770630 253.00019836 465.37490845 64 255 128
163.64262390 262.10571289 525.05682373 64 255 128
190.09663391 183.23423767 508.23342896 64 255 128
114.30750275 228.48892212 536.95422363 64 255 128
111.80199432 172.83399963 449.69299316 64 255 128
205.43934631 157.44381714 459.93658447 64 255 128
207.59999084 261.38751221 540.01464844 64 255 128
175.41616821 230.09416199 542.24670410 64 255 128
212.40690613 194.30238342 463.83734131 64 255 128
101.14300537 199.57000732 540.50897217 64 255 128
137.80709839 118.15344238 526.37701416 64 255 128
163.46202087 167.34674072 529.43780518 64 255 128
157.49691772 244.35330200 557.72625732 64 255 128
149.30870056 165.22456360 578.26422119 64 255 128
196.38500977 254.03845215 555.66363525 64 255 128
174.31991577 161.49600220 507.38214111 64 255 128
141.33914185 252.08207703 539.95471191 64 255 128
191.63348389 147.26101685 445.42376709 64 255 128
133.13833618 178.55409241 438.47317505 64 255 128
160.14599609 254.28700256 461.74200439 64 255 128
99.71600342 184.44499207 469.73400879 64 255 128
160.19125366 144.53457642 438.03237915 64 255 128
239.54194641 259.65002441 509.13763428 64 255 128
268.70391846 243.43692017 472.54022217 64 255 128
259.53680420 261.89468384 475.90066528 64 255 128
198.35424805 262.30474854 531.31317139 64 255 128
159.77999878 168.79902649 546.23950195 64 255 128
159.03573608 131.22645569 503.60052490 64 255 128
117.95145416 235.71252441 522.17279053 64 255 128
101.74600220 187.53199768 463.16998291 64 255 128
209.33190918 266.96255493 498.86129761 64 255 128
245.65074158 233.80047607 459.25219727 64 255 128
263.57321167 246.52111816 478.23754883 64 255 128
101.00099945 152.26100159 499.78399658 64 255 128
146.45298767 210.08099365 443.32299805 64 255 128
234.25186157 243.42048645 504.00006104 64 255 128
156.09918213 183.17979431 436.71374512 64 255 128
118.75302124 221.81965637 563.71307373 64 255 128
109.87299347 139.47999573 541.81896973 64 255 128
134.67013550 229.08137512 554.76763916 64 255 128
141.82980347 179.42610168 605.58294678 64 255 128
178.13099670 264.67788696 514.91497803 64 255 128
148.52418518 159.34367371 565.32409668 64 255 128
134.43421936 256.33605957 513.82226562 64 255 128
130.73500061 123.45200348 538.04498291 64 255 128
198.17330933 189.87567139 487.03939819 64 255 128
149.64888000 136.41020203 516.96728516 64 255 128
189.57977295 119.60146332 474.24645996 64 255 128
232.07130432 196.77923584 482.25582886 64 255 128
109.25800323 167.56799316 575.40100098 64 255 128
216.81436157 264.94958496 476.03134155 64 255 128
138.52799988 163.98799133 438.70498657 64 255 128
106.61999512 212.41000366 546.96295166 64 255 128
195.73455811 169.56997681 456.49716187 64 255 128
153.20309448 252.67320251 546.80877686 64 255 128
143.87637329 139.42237854 532.02008057 64 255 128
128.80216980 120.14485931 461.43597412 64 255 128
136.98699951 239.01000977 456.97500610 64 255 128
237.13970947 252.08503723 464.02304077 64 255 128
248.49929810 244.41964722 487.68917847 64 255 128
123.09599304 119.03700256 507.87902832 64 255 128
117.18399811 124.12500000 517.67095947 64 255 128
145.69873047 106.25973511 477.34759521 64 255 128
174.15592957 123.36035156 491.44671631 64 255 128
202.29183960 244.02561951 541.51751709 64 255 128
163.94544983 202.12170410 515.25549316 64 255 128
157.24383545 197.45086670 543.33666992 64 255 128
237.53282166 268.36318970 506.15887451 64 255 128
99.77700043 158.19500732 519.42999268 64 255 128
124.30400848 231.86286926 557.45465088 64 255 128
246.37966919 222.96047974 480.56423950 64 255 128
225.57575989 266.90661621 511.16561890 64 255 128
104.50900269 155.74400330 553.04803467 64 255 128
108.70087433 226.07650757 521.03796387 64 255 128
194.11877441 200.35728455 449.26126099 64 255 128
132.70646667 112.60688019 498.39089966 64 255 128
164.48594666 130.87698364 440.18276978 64 255 128
223.72860718 226.18428040 457.67544556 64 255 128
208.86007690 218.93864441 454.15579224 64 255 128
117.91499329 143.16700745 456.21697998 64 255 128
103.10400391 212.73699951 523.39703369 64 255 128
117.30100250 124.87400055 488.54699707 64 255 128
98.27500153 190.47799683 530.69299316 64 255 128
109.56200409 215.97700500 462.15200806 64 255 128
184.46365356 171.08465576 509.08779907 64 255 128
207.38833618 232.99665833 526.97857666 64 255 128
209.14799500 194.84733582 492.37698364 64 255 128
198.26031494 132.16137695 465.28692627 64 255 128
158.14637756 181.10978699 509.94122314 64 255 128
102.82299805 148.80900574 509.53100586 64 255 128
149.26799011 154.54942322 532.88989258 64 255 128
194.21214294 175.83753967 488.34802246 64 255 128
108.29900360 140.32499695 474.57800293 64 255 128
145.47526550 183.91337585 580.31542969 64 255 128
253.07821655 255.11097717 487.43173218 64 255 128
104.29100037 218.57899475 474.73300171 64 255 128
127.81864166 172.38191223 619.15783691 64 255 128
121.94599915 174.91200256 441.15798950 64 255 128
209.67744446 228.29492188 457.15951538 64 255 128
98.48400116 181.21499634 535.96301270 64 255 128
214.79653931 183.53700256 481.52523804 64 255 128
246.87184143 211.90293884 459.33328247 64 255 128
138.55679321 248.69334412 555.10705566 64 255 128
122.12709808 153.37791443 588.91333008 64 255 128
160.20399475 230.57200623 446.12500000 64 255 128
209.65533447 242.32275391 459.70864868 64 255 128
248.84271240 233.18751526 484.74084473 64 255 128
197.33181763 247.16871643 547.02508545 64 255 128
102.43599701 151.81300354 539.91699219 64 255 128
171.99865723 150.79280090 499.17306519 64 255 128
144.92950439 160.07661438 612.19586182 64 255 128
182.50964355 121.00138855 452.89920044 64 255 128
231.74816895 268.64108276 498.31649780 64 255 128
214.17103577 220.35337830 511.44564819 64 255 128
222.58691406 267.77230835 488.56677246 64 255 128
151.18959045 167.71388245 571.81677246 64 255 128
154.48684692 195.42364502 552.65032959 64 255 128
143.07057190 140.82330322 442.17553711 64 255 128
158.48603821 105.29504395 470.67297363 64 255 128
106.41300201 179.83700562 568.09197998 64 255 128
119.44100189 193.60099792 599.49395752 64 255 128
109.96299744 204.57800293 567.36303711 64 255 128
100.10299683 198.96900940 467.84298706 64 255 128
136.38668823 136.84002686 565.65435791 64 255 128
154.92175293 190.36706543 507.03286743 64 255 128
191.95780945 170.05238342 491.36203003 64 255 128
97.05200195 177.71400452 527.94403076 64 255 128
185.64225769 215.24609375 498.18670654 64 255 128
99.32199860 207.79000854 491.28698730 64 255 128
107.48699951 135.82199097 518.04296875 64 255 128
129.65072632 241.89442444 546.86877441 64 255 128
130.62425232 215.90191650 551.40356445 64 255 128
178.87705994 206.71215820 492.92352295 64 255 128
115.52837372 200.86300659 586.88085938 64 255 128
231.50022888 237.20429993 503.98742676 64 255 128
101.85399628 157.13099670 488.34899902 64 255 128
221.54138184 247.07080078 523.48004150 64 255 128
188.91659546 264.67016602 501.51055908 64 255 128
257.73373413 233.89550781 476.92483521 64 255 128
267.86782837 231.49734497 466.53872681 64 255 128
131.44309998 212.83352661 566.13256836 64 255 128
169.46475220 215.84384155 534.51635742 64 255 128
159.95663452 195.15141296 496.72921753 64 255 128
170.35517883 262.35009766 502.20919800 64 255 128
148.10040283 152.92127991 590.83105469 64 255 128
99.51599884 167.03900146 495.89401245 64 255 128
195.17094421 258.62408447 472.70635986 64 255 128
98.60099792 198.91198730 488.93801880 64 255 128
165.46937561 107.39472198 489.61679077 64 255 128
103.16400146 188.61000061 558.34594727 64 255 128
153.10696411 239.42874146 550.53961182 64 255 128
201.61665344 266.23129272 505.94741821 64 255 128
168.25312805 108.86659241 461.53149414 64 255 128
160.24200439 238.09500122 449.19299316 64 255 128
173.60362244 187.86108398 497.18225098 64 255 128
100.69100189 155.03199768 513.47998047 64 255 128
190.19999695 176.76745605 502.23553467 64 255 128
183.10650635 163.53407288 499.98529053 64 255 128
111.89199829 129.16900635 507.68600464 64 255 128
156.53343201 172.92758179 561.18426514 64 255 128
98.62100220 199.62699890 504.21704102 64 255 128
146.49732971 110.98747253 460.66323853 64 255 128
109.94108582 209.61909485 562.51770020 64 255 128
114.69799805 166.62199402 587.89801025 64 255 128
142.04910278 238.59524536 562.27355957 64 255 128
160.48812866 266.17526245 481.41110229 64 255 128
258.54064941 217.85371399 456.43411255 64 255 128
132.22200012 187.56599426 438.76000977 64 255 128
183.41839600 257.88360596 481.96099854 64 255 128
136.76576233 109.96493530 477.27783203 64 255 128
179.65742493 177.16737366 442.17398071 64 255 128
129.07299805 156.71099854 442.90399170 64 255 128
137.16473389 207.84043884 553.95849609 64 255 128
212.67976379 253.38310242 463.68334961 64 255 128
177.29586792 212.13223267 525.95965576 64 255 128
149.54598999 230.25498962 448.77801514 64 255 128
161.58044434 209.97779846 531.39874268 64 255 128
224.88365173 223.88146973 504.49395752 64 255 128
130.44880676 140.77412415 576.62860107 64 255 128
219.59890747 214.25279236 500.93954468 64 255 128
174.30075073 187.80830383 529.45989990 64 255 128
208.29612732 203.83070374 450.70019531 64 255 128
241.07051086 251.46647644 499.48309326 64 255 128
182.50692749 227.93183899 493.96240234 64 255 128
191.66845703 161.24497986 448.08489990 64 255 128
139.81221008 130.68234253 541.03607178 64 255 128
152.37271118 264.58700562 501.88916016 64 255 128
153.06521606 105.29633331 481.51889038 64 255 128
148.43316650 265.98611450 487.33731079 64 255 128
156.34350586 153.99810791 519.04180908 64 255 128
224.98880005 183.01873779 477.81399536 64 255 128
138.65576172 113.35746002 510.50860596 64 255 128
131.94480896 184.42784119 615.76678467 64 255 128
163.70370483 261.81100464 470.66900635 64 255 128
230.88038635 238.73287964 461.15853882 64 255 128
148.13587952 174.52784729 584.94085693 64 255 128
130.96968079 113.17448425 482.58706665 64 255 128
258.49008179 254.19795227 470.05465698 64 255 128
207.62362671 224.29893494 518.80267334 64 255 128
197.24208069 262.25668335 478.95739746 64 255 128
135.65872192 146.25633240 592.51330566 64 255 128
100.22799683 167.55400085 481.82800293 64 255 128
147.35209656 209.51502991 534.53759766 64 255 128
177.32249451 215.80184937 494.57080078 64 255 128
151.96040344 232.59439087 552.80584717 64 255 128
128.69499207 143.06500244 447.67098999 64 255 128
102.35800171 207.50399780 533.19299316 64 255 128
164.22189331 104.67736816 481.42550659 64 255 128
127.69673920 194.71009827 601.02276611 64 255 128
103.21500397 145.97299194 528.45501709 64 255 128
174.67471313 194.54348755 495.46987915 64 255 128
153.17039490 165.58412170 558.29919434 64 255 128
150.23301697 179.43833923 437.13314819 64 255 128
106.18099976 219.64801025 528.49798584 64 255 128
99.58499908 182.22300720 546.27697754 64 255 128
123.96659851 247.78710938 476.27407837 64 255 128
170.94024658 114.32134247 497.29226685 64 255 128
99.88700104 168.47200012 547.18298340 64 255 128
193.19781494 178.07260132 482.21746826 64 255 128
101.10999298 155.19300842 525.98101807 64 255 128
118.42700195 151.34599304 451.97799683 64 255 128
98.45899963 186.58599854 488.46301270 64 255 128
235.40869141 254.20204163 512.26989746 64 255 128
183.73400879 196.73997498 496.34130859 64 255 128
176.39520264 231.28002930 450.08660889 64 255 128
255.59130859 233.83358765 459.38424683 64 255 128
122.85253143 249.09582520 490.18374634 64 255 128
169.09913635 170.38377380 437.74401855 64 255 128
160.29795837 157.70002747 435.80288696 64 255 128
183.31353760 263.00534058 528.83691406 64 255 128
192.90823364 183.52160645 460.39587402 64 255 128
170.20329285 116.44525909 451.36181641 64 255 128
175.29010010 190.56275940 510.01602173 64 255 128
100.89299774 171.18699646 470.66900635 64 255 128
182.66929626 248.83409119 463.51873779 64 255 128
222.36853027 266.92636108 505.58459473 64 255 128
191.42695618 183.37640381 467.60733032 64 255 128
217.44015503 262.33389282 469.79968262 64 255 128
211.23043823 266.89474487 486.74792480 64 255 128
156.87788391 220.17129517 543.87115479 64 255 128
256.65368652 266.92251587 494.35528564 64 255 128
235.03120422 219.44053650 458.70907593 64 255 128
235.37831116 263.87142944 521.45770264 64 255 128
219.84515381 251.57546997 462.50201416 64 255 128
183.73771667 212.06239319 520.73803711 64 255 128
108.01699829 192.91200256 453.21701050 64 255 128
165.91412354 249.66294861 457.28002930 64 255 128
218.85054016 200.79403687 451.94924927 64 255 128
97.82599640 168.69198608 511.17599487 64 255 128
96.78799438 190.44799805 511.82998657 64 255 128
223.42057800 254.38552856 529.12261963 64 255 128
187.76937866 223.13751221 449.73446655 64 255 128
141.08599854 196.06399536 441.25698853 64 255 128
103.57900238 220.95799255 491.50799561 64 255 128
120.26199341 122.15100098 481.83599854 64 255 128
120.27400208 162.61898804 445.51599121 64 255 128
204.46333313 214.06565857 512.04339600 64 255 128
114.84799957 216.28298950 457.07000732 64 255 128
148.83406067 117.59850311 450.96954346 64 255 128
145.85800171 152.09948730 538.03808594 64 255 128
119.76824188 243.82806396 479.66610718 64 255 128
152.76058960 186.70733643 562.84527588 64 255 128
106.64399719 141.12800598 505.76300049 64 255 128
146.49427795 151.52883911 575.92864990 64 255 128
104.31800079 222.15800476 506.31600952 64 255 128
193.27499390 260.66098022 542.28912354 64 255 128
249.17346191 264.37854004 499.82125854 64 255 128
165.65773010 257.66751099 547.34338379 64 255 128
220.33837891 261.21762085 536.73675537 64 255 128
136.69453430 247.55751038 540.58343506 64 255 128
111.53007507 228.42181396 526.24957275 64 255 128
128.76799011 173.18400574 438.69500732 64 255 128
134.27137756 128.88269043 552.29150391 64 255 128
231.30381775 206.89547729 478.38980103 64 255 128
195.17915344 189.37736511 500.39129639 64 255 128
170.32807922 124.53678894 444.37130737 64 255 128
130.72100830 164.79499817 440.41799927 64 255 128
153.17399597 263.25500488 474.57699585 64 255 128
127.54349518 115.65927124 492.73742676 64 255 128
164.25579834 125.06214142 501.24533081 64 255 128
149.35314941 199.53805542 558.53405762 64 255 128
125.50047302 117.81449890 472.79702759 64 255 128
129.00970459 135.40637207 564.01086426 64 255 128
125.40200043 133.04699707 557.42797852 64 255 128
146.76989746 154.04411316 601.12261963 64 255 128
229.07176208 265.91555786 474.42242432 64 255 128
214.08924866 243.20086670 529.47875977 64 255 128
173.53788757 209.00233459 443.51760864 64 255 128
164.96755981 192.94750977 508.29141235 64 255 128
253.33389282 212.54391479 460.85803223 64 255 128
98.85100555 163.35000610 505.47998047 64 255 128
182.57263184 220.03109741 489.88555908 64 255 128
170.88401794 146.33587646 437.20309448 64 255 128
137.09535217 122.44012451 451.80471802 64 255 128
117.65900421 170.93400574 444.69100952 64 255 128
165.76536560 155.50559998 509.76687622 64 255 128
168.13136292 253.17501831 560.65759277 64 255 128
168.86705017 263.48672485 482.35006714 64 255 128
213.10745239 263.48669434 526.82476807 64 255 128
157.87622070 120.56172180 511.80911255 64 255 128
198.68580627 228.01974487 454.41137695 64 255 128
124.67060089 181.65403748 618.00579834 64 255 128
143.22357178 181.68368530 592.90252686 64 255 128
204.07872009 159.01150513 472.72628784 64 255 128
112.01499939 175.55500793 584.57000732 64 255 128
193.53326416 131.21972656 478.06781006 64 255 128
125.39620972 140.96812439 570.20782471 64 255 128
103.85499573 164.80799866 560.00299072 64 255 128
168.91595459 128.35264587 494.16296387 64 255 128
204.51347351 257.33230591 469.33721924 64 255 128
141.03251648 155.93254089 438.37936401 64 255 128
141.51600647 244.47799683 457.12399292 64 255 128
225.09631348 200.59741211 463.08615112 64 255 128
98.47699738 175.58099365 488.30499268 64 255 128
190.91380310 210.06008911 444.72729492 64 255 128
217.66419983 178.68397522 471.44375610 64 255 128
166.55325317 164.31515503 519.55230713 64 255 128
192.30073547 140.83251953 447.57492065 64 255 128
108.61600494 137.52200317 499.10198975 64 255 128
229.21197510 197.62957764 470.04592896 64 255 128
98.54699707 176.85099792 540.49597168 64 255 128
142.31336975 107.90718842 488.49719238 64 255 128
253.82247925 222.63319397 457.71142578 64 255 128
240.10519409 216.29571533 477.81805420 64 255 128
114.09999847 199.84201050 448.87500000 64 255 128
145.49844360 189.24884033 575.73901367 64 255 128
132.28883362 203.94793701 589.89105225 64 255 128
156.27203369 206.60580444 529.23199463 64 255 128
97.51799774 179.12199402 499.69400024 64 255 128
138.06451416 120.33432007 532.44195557 64 255 128
141.18566895 170.29382324 435.81045532 64 255 128
144.30276489 109.98947906 499.83401489 64 255 128
169.62513733 262.44439697 488.03878784 64 255 128
236.72544861 264.72454834 471.46969604 64 255 128
105.69599915 142.10699463 536.35003662 64 255 128
247.73500061 268.07727051 505.48208618 64 255 128
181.95771790 113.65761566 463.01989746 64 255 128
111.01899719 134.26899719 478.77801514 64 255 128
124.57769012 224.07640076 561.88787842 64 255 128
144.32487488 195.35966492 571.88580322 64 255 128
184.09999084 256.79464722 557.11975098 64 255 128
169.56626892 263.15368652 512.79949951 64 255 128
226.95257568 190.67843628 470.03866577 64 255 128
138.95689392 137.31587219 552.88946533 64 255 128
257.29214478 227.31665039 474.63204956 64 255 128
217.55123901 237.41357422 519.82910156 64 255 128
123.45386505 246.91955566 511.83856201 64 255 128
159.80107117 122.85904694 444.15252686 64 255 128
97.89800262 177.80398560 511.97201538 64 255 128
203.26200867 192.16421509 490.23620605 64 255 128
175.30513000 258.82638550 480.40200806 64 255 128
137.50700378 150.76998901 440.93002319 64 255 128
120.92700195 119.93299866 494.67501831 64 255 128
192.49226379 234.36868286 456.11489868 64 255 128
173.44453430 182.40036011 440.21487427 64 255 128
169.22387695 168.49223328 524.40057373 64 255 128
231.18220520 200.17005920 491.87353516 64 255 128
138.52717590 195.56143188 583.96942139 64 255 128
123.75901031 222.71740723 576.00677490 64 255 128
185.57026672 182.93399048 519.42999268 64 255 128
189.78968811 216.73213196 523.84436035 64 255 128
113.64799500 129.84800720 489.07598877 64 255 128
205.69781494 266.61914062 491.18374634 64 255 128
96.91199493 186.39999390 501.54000854 64 255 128
113.06559753 222.11056519 545.92962646 64 255 128
158.38638306 258.16122437 541.52844238 64 255 128
244.84129333 227.61865234 459.12216187 64 255 128
151.22665405 260.38519287 535.69091797 64 255 128
242.75721741 267.79687500 477.84896851 64 255 128
200.23582458 210.33250427 448.50042725 64 255 128
237.00192261 208.22094727 460.76065063 64 255 128
177.66540527 243.73072815 457.48556519 64 255 128
178.05905151 112.08885956 486.49957275 64 255 128
112.55799866 231.30198669 480.58599854 64 255 128
189.31309509 147.26603699 486.14797974 64 255 128
105.06900024 150.52899170 546.59497070 64 255 128
134.40379333 175.28527832 622.79022217 64 255 128
174.09518433 160.43170166 439.14260864 64 255 128
114.81300354 134.46600342 467.11599731 64 255 128
197.58949280 245.78631592 464.20538330 64 255 128
183.83076477 155.20281982 492.56472778 64 255 128
199.94567871 227.75578308 528.42010498 64 255 128
194.85223389 127.42349243 463.40689087 64 255 128
177.37324524 108.39933014 470.99472046 64 255 128
125.80497742 162.54437256 608.77227783 64 255 128
174.25454712 257.53295898 554.78460693 64 255 128
142.08175659 263.52438354 491.58947754 64 255 128
166.48306274 181.86639404 438.37509155 64 255 128
181.76000977 237.99432373 454.33404541 64 255 128
196.20097351 235.06015015 537.38311768 64 255 128
100.81099701 171.44499207 552.43597412 64 255 128
188.27059937 240.82254028 458.74929810 64 255 128
202.89532471 143.80589294 458.95538330 64 255 128
225.62705994 247.44876099 518.69030762 64 255 128
252.60400391 269.15853882 484.71038818 64 255 128
103.15400696 218.59500122 514.81799316 64 255 128
123.91999817 124.44000244 531.52001953 64 255 128
143.24983215 215.25697327 538.52545166 64 255 128
138.34500122 212.22399902 446.09002686 64 255 128
202.01327515 140.63209534 468.38903809 64 255 128
147.56268311 123.39935303 446.79223633 64 255 128
168.64100647 204.57699585 443.57101440 64 255 128
141.52120972 245.38101196 564.90649414 64 255 128
126.38065338 252.57601929 483.92752075 64 255 128
169.78889465 252.12625122 461.43237305 64 255 128
221.84169006 190.30700684 464.24496460 64 255 128
230.01159668 228.84568787 458.77624512 64 255 128
122.75000000 231.09599304 465.06802368 64 255 128
181.48147583 247.06498718 555.98962402 64 255 128
165.66101074 227.94599915 446.19799805 64 255 128
172.28594971 200.00865173 501.16659546 64 255 128
265.43267822 219.37144470 460.36578369 64 255 128
132.24237061 235.74205017 564.55816650 64 255 128
109.73200226 149.58601379 464.07101440 64 255 128
182.48733521 264.38705444 508.64474487 64 255 128
97.75900269 167.39399719 518.45196533 64 255 128
184.09060669 209.67079163 514.45220947 64 255 128
109.95800018 173.50100708 578.42999268 64 255 128
213.17555237 198.65466309 499.41766357 64 255 128
97.92699432 168.24499512 532.97698975 64 255 128
140.96670532 153.66943359 608.54931641 64 255 128
127.32699585 242.37799072 465.12100220 64 255 128
211.71858215 265.37628174 513.35601807 64 255 128
174.31359863 261.31021118 491.20584106 64 255 128
218.84565735 219.76531982 456.27679443 64 255 128
146.08018494 106.60711670 483.85333252 64 255 128
178.15652466 135.04179382 488.02154541 64 255 128
117.55100250 157.90399170 585.36297607 64 255 128
131.83564758 255.39967346 507.88479614 64 255 128
189.68960571 238.64892578 544.21368408 64 255 128
232.17871094 247.03501892 509.66567993 64 255 128
117.96682739 237.58737183 516.64111328 64 255 128
175.34539795 228.20553589 498.34832764 64 255 128
112.31136322 232.70179749 512.25335693 64 255 128
181.69857788 179.59373474 523.46820068 64 255 128
196.52487183 163.98681641 452.90606689 64 255 128
111.59499359 195.46699524 578.57604980 64 255 128
122.38100433 133.63899231 456.86700439 64 255 128
190.08296204 166.18078613 495.48373413 64 255 128
220.77841187 195.45214844 461.57345581 64 255 128
155.60308838 176.92491150 436.57086182 64 255 128
248.11337280 259.15173340 469.47772217 64 255 128
99.91600037 191.36500549 543.95001221 64 255 128
130.03450012 153.83120728 601.80303955 64 255 128
201.18922424 252.68075562 467.39965820 64 255 128
125.60799408 199.42300415 443.78799438 64 255 128
192.94755554 186.19847107 478.44079590 64 255 128
224.35092163 238.14758301 512.59179688 64 255 128
128.21398926 120.08643341 521.33831787 64 255 128
140.32086182 148.35905457 598.56781006 64 255 128
127.44799042 214.25799561 450.95300293 64 255 128
176.55769348 221.77560425 500.23281860 64 255 128
135.83912659 259.92968750 484.58569336 64 255 128
100.10600281 209.00900269 484.61801147 64 255 128
116.92600250 159.38000488 449.95199585 64 255 128
107.15399933 203.87600708 457.30798340 64 255 128
185.58630371 165.22027588 445.91738892 64 255 128
206.85615540 197.77674866 463.34085083 64 255 128
185.92059326 225.40710449 501.88415527 64 255 128
157.81399536 221.97500610 443.12500000 64 255 128
97.76599884 192.62500000 524.66998291 64 255 128
193.62533569 185.68127441 491.87033081 64 255 128
204.03375244 218.10813904 451.55517578 64 255 128
167.76969910 198.22265625 507.34173584 64 255 128
166.25289917 186.33052063 505.40216064 64 255 128
162.84500122 214.85699463 443.68402100 64 255 128
155.55223083 160.41783142 528.08502197 64 255 128
145.36231995 154.26226807 562.27276611 64 255 128
159.69300842 258.80300903 467.14099121 64 255 128
136.17927551 200.52479553 579.55639648 64 255 128
173.33665466 263.95333862 520.25158691 64 255 128
141.64399719 258.05099487 472.22097778 64 255 128
141.30064392 261.14736938 498.78970337 64 255 128
196.89788818 139.20018005 477.75122070 64 255 128
122.53657532 168.10618591 608.37237549 64 255 128
120.69372559 183.30720520 610.69360352 64 255 128
198.27345276 192.62759399 474.49554443 64 255 128
111.40000153 202.35099792 573.75000000 64 255 128
110.75799561 161.79800415 455.89001465 64 255 128
146.31399536 234.66398621 450.94799805 64 255 128
153.99198914 173.07733154 566.79718018 64 255 128
171.51733398 194.99812317 517.02117920 64 255 128
126.54978180 241.84747314 529.48095703 64 255 128
170.46833801 192.47683716 528.63439941 64 255 128
155.42993164 186.25331116 511.29418945 64 255 128
114.77799988 209.84199524 453.38800049 64 255 128
117.24600220 183.59999084 444.23400879 64 255 128
130.96791077 244.05352783 534.96661377 64 255 128
198.39205933 206.18591309 507.40628052 64 255 128
188.48893738 228.44343567 452.25042725 64 255 128
213.43630981 254.45890808 541.13409424 64 255 128
203.00938416 254.69789124 551.80609131 64 255 128
161.34838867 182.89833069 504.32031250 64 255 128
203.55372620 148.54362488 472.97137451 64 255 128
142.45565796 261.58889771 478.41201782 64 255 128
129.40600586 226.52700806 456.80599976 64 255 128
227.93510437 207.00732422 458.10955811 64 255 128
163.78945923 234.72503662 549.25048828 64 255 128
264.28768921 239.57067871 463.52761841 64 255 128
182.35258484 259.62149048 546.27026367 64 255 128
250.83207703 222.81057739 475.81546021 64 255 128
112.89700317 226.40199280 471.04299927 64 255 128
140.31642151 116.49030304 521.09155273 64 255 128
129.66622925 188.97341919 609.23651123 64 255 128
169.12020874 193.00169373 441.37088013 64 255 128
135.84968567 254.18710327 525.10296631 64 255 128
192.61753845 186.40490723 455.29861450 64 255 128
248.18521118 266.03167725 477.06991577 64 255 128
199.08529663 175.03121948 464.22695923 64 255 128
143.91589355 184.55142212 437.86437988 64 255 128
262.18566895 265.22915649 481.32489014 64 255 128
105.61199951 214.82299805 536.97198486 64 255 128
98.53199768 187.36499023 475.59802246 64 255 128
182.86308289 173.90783691 516.27020264 64 255 128
100.66600037 209.17401123 475.28201294 64 255 128
119.95600128 161.76899719 596.22100830 64 255 128
136.94140625 214.39706421 541.45989990 64 255 128
174.70256042 170.37583923 524.68780518 64 255 128
179.85365295 190.09555054 521.14984131 64 255 128
110.83258820 223.29376221 536.70129395 64 255 128
105.01900482 159.22599792 468.18399048 64 255 128
184.99697876 115.48806000 477.99084473 64 255 128
211.40609741 193.15745544 480.05303955 64 255 128
146.07141113 174.68646240 434.46041870 64 255 128
103.44900513 145.97799683 493.66699219 64 255 128
248.96223450 245.99461365 463.21496582 64 255 128
230.01890564 259.06979370 524.96691895 64 255 128
119.64400482 236.04499817 471.92199707 64 255 128
186.46566772 174.15168762 447.13208008 64 255 128
180.63560486 146.75799561 439.71765137 64 255 128
163.64280701 200.80285645 524.17944336 64 255 128
122.06996155 237.81915283 529.93713379 64 255 128
264.25421143 235.52833557 471.29409790 64 255 128
228.49389648 193.04594421 492.92401123 64 255 128
116.45300293 140.55900574 560.49298096 64 255 128
234.70500183 233.83442688 460.72940063 64 255 128
175.62065125 174.49664307 529.70989990 64 255 128
149.82572937 264.00088501 507.04885864 64 255 128
212.48626709 262.01837158 536.72045898 64 255 128
185.38920593 232.62393188 501.36502075 64 255 128
114.56400299 180.41600037 592.18103027 64 255 128
173.03900146 222.04100037 446.27401733 64 255 128
267.29244995 258.82052612 482.93856812 64 255 128
120.00055695 213.08674622 583.70654297 64 255 128
151.11735535 204.66236877 535.12457275 64 255 128
162.69981384 189.56872559 541.59265137 64 255 128
200.28411865 168.18359375 477.65991211 64 255 128
121.04988098 204.17666626 597.75006104 64 255 128
193.59790039 195.19139099 502.46435547 64 255 128
175.37005615 127.43846893 444.10482788 64 255 128
203.14358521 259.63757324 546.71441650 64 255 128
218.11640930 266.22247314 509.57684326 64 255 128
239.88294983 262.80706787 513.86462402 64 255 128
235.53215027 269.49533081 488.70959473 64 255 128
98.60900116 197.54501343 498.50100708 64 255 128
226.54734802 212.50997925 492.44537354 64 255 128
146.97045898 169.28222656 603.47839355 64 255 128
143.61163330 151.90631104 553.40734863 64 255 128
202.60336304 219.84492493 517.89025879 64 255 128
167.56819153 114.45375824 502.04611206 64 255 128
220.43157959 230.91841125 458.07171631 64 255 128
251.54045105 249.51928711 485.72650146 64 255 128
148.16020203 264.70532227 479.59298706 64 255 128
140.50126648 142.30361938 562.45800781 64 255 128
213.62513733 180.01445007 475.93539429 64 255 128
207.41152954 250.90119934 543.25067139 64 255 128
159.39117432 104.56125641 476.37976074 64 255 128
269.89062500 234.05690002 460.72976685 64 255 128
98.00000000 197.06300354 509.92797852 64 255 128
147.96099854 223.47999573 446.25500488 64 255 128
161.09997559 257.19476318 530.71221924 64 255 128
113.48400116 128.82398987 521.20202637 64 255 128
114.74599457 190.72900391 588.24798584 64 255 128
227.80763245 202.37983704 499.00143433 64 255 128
108.26399994 210.03399658 556.30200195 64 255 128
167.54013062 247.38153076 560.59588623 64 255 128
262.14410400 221.82409668 467.63476562 64 255 128
117.49300385 175.50000000 601.42895508 64 255 128
126.12700653 127.59700775 544.30902100 64 255 128
118.86885834 177.76860046 606.80743408 64 255 128
162.09085083 185.91905212 438.24307251 64 255 128
139.75444031 136.38223267 545.13702393 64 255 128
170.30097961 183.33683777 535.56719971 64 255 128
113.18199921 148.83099365 567.58496094 64 255 128
214.91021729 267.46563721 498.76293945 64 255 128
192.65278625 249.34663391 552.79376221 64 255 128
144.93521118 260.75927734 525.38385010 64 255 128
222.41052246 196.84950256 497.57385254 64 255 128
214.23017883 185.01960754 473.33099365 64 255 128
218.27116394 210.38249207 456.09732056 64 255 128
181.10162354 203.72668457 443.99221802 64 255 128
133.03900146 216.28401184 450.29199219 64 255 128
149.15313721 158.62385559 578.36309814 64 255 128
227.77369690 246.50646973 461.04522705 64 255 128
246.50086975 256.16513062 495.03863525 64 255 128
164.67657471 125.95777130 442.92691040 64 255 128
172.29199219 234.94898987 451.42098999 64 255 128
104.15699768 207.54699707 545.70501709 64 255 128
147.77268982 203.20541382 544.75549316 64 255 128
106.74700165 182.63800049 454.21697998 64 255 128
162.53765869 259.00277710 537.10632324 64 255 128
118.22399902 187.77899170 601.96697998 64 255 128
149.08448792 164.49903870 592.92980957 64 255 128
188.37823486 263.91009521 524.97827148 64 255 128
116.69751740 216.03901672 569.65289307 64 255 128
107.46700287 197.19900513 565.69201660 64 255 128
120.95697021 235.54637146 536.85168457 64 255 128
142.40573120 251.61521912 545.44860840 64 255 128
161.03413391 264.28189087 503.44430542 64 255 128
259.76718140 262.25753784 487.32049561 64 255 128
149.75569153 161.38946533 434.77960205 64 255 128
136.47842407 207.06561279 573.82598877 64 255 128
186.71936035 126.44853973 481.99813843 64 255 128
126.25653839 116.11914825 485.19100952 64 255 128
124.22883606 154.68748474 594.58996582 64 255 128
202.59547424 192.05197144 483.51034546 64 255 128
228.64935303 188.93292236 482.50991821 64 255 128
98.15299988 170.89199829 538.37298584 64 255 128
187.64018250 252.37802124 472.62658691 64 255 128
148.99667358 177.27214050 579.15643311 64 255 128
154.74452209 135.99563599 440.19668579 64 255 128
121.43099976 219.13699341 457.08901978 64 255 128
205.58065796 150.66412354 464.37463379 64 255 128
124.72700500 144.08799744 576.29595947 64 255 128
186.47215271 204.12179565 505.17803955 64 255 128
98.37899780 174.18000793 506.62301636 64 255 128
215.48086548 214.93275452 504.79702759 64 255 128
257.31100464 242.15089417 479.81140137 64 255 128
142.14700317 251.46200562 463.37100220 64 255 128
205.83435059 236.54798889 531.79193115 64 255 128
99.36899567 170.24398804 489.38800049 64 255 128
159.51124573 225.76364136 544.43225098 64 255 128
127.19806671 130.92396545 453.28457642 64 255 128
132.25024414 114.85346985 504.56298828 64 255 128
98.50899506 162.63999939 522.67700195 64 255 128
187.78128052 122.44376373 457.14089966 64 255 128
144.68817139 128.28887939 527.84686279 64 255 128
163.22171021 189.79110718 495.96911621 64 255 128
135.61500549 228.09800720 452.82598877 64 255 128
171.82797241 255.14051819 465.95587158 64 255 128
115.66200256 140.17300415 460.24798584 64 255 128
122.01199341 207.21200562 448.32199097 64 255 128
114.26000214 129.26399231 477.44302368 64 255 128
179.30152893 187.41378784 503.60620117 64 255 128
192.69886780 203.86099243 504.14337158 64 255 128
148.88099670 246.86099243 456.03701782 64 255 128
199.44705200 193.39596558 505.81378174 64 255 128
97.12599945 184.26100159 511.62301636 64 255 128
104.81300354 144.04598999 486.39999390 64 255 128
225.66435242 266.24957275 517.24414062 64 255 128
173.01268005 233.52343750 546.06622314 64 255 128
174.70086670 164.82084656 511.76428223 64 255 128
104.01399994 176.18099976 563.41198730 64 255 128
125.80136871 251.33711243 498.80923462 64 255 128
143.76126099 143.81443787 535.24713135 64 255 128
154.80126953 144.61109924 438.65850830 64 255 128
175.77955627 209.11045837 508.93121338 64 255 128
100.32099915 206.52101135 509.59497070 64 255 128
99.00900269 202.87899780 520.37695312 64 255 128
127.84346771 246.68453979 524.17730713 64 255 128
206.51774597 264.85379028 515.67553711 64 255 128
147.32359314 133.96488953 441.37435913 64 255 128
251.84237671 255.09252930 468.14926147 64 255 128
100.88300323 161.19299316 546.52099609 64 255 128
99.80099487 171.57800293 477.30899048 64 255 128
130.37651062 216.65899658 586.40795898 64 255 128
248.56277466 223.33084106 458.77996826 64 255 128
218.73779297 183.52902222 463.71405029 64 255 128
114.16307068 236.18457031 491.87625122 64 255 128
243.90655518 210.23800659 463.67730713 64 255 128
199.57701111 223.42945862 524.22363281 64 255 128
114.93799591 194.94000244 446.65798950 64 255 128
222.90574646 263.26177979 529.18133545 64 255 128
127.50621033 218.40162659 559.97918701 64 255 128
136.11807251 109.91833496 485.84622192 64 255 128
178.54512024 223.60412598 505.55621338 64 255 128
99.79100037 201.96199036 528.41503906 64 255 128
101.55699921 204.95300293 467.56298828 64 255 128
135.75999451 195.02600098 441.21301270 64 255 128
149.31013489 146.69540405 523.15740967 64 255 128
130.92083740 199.38084412 593.36456299 64 255 128
164.66647339 191.10029602 438.74575806 64 255 128
202.40319824 167.62298584 466.98483276 64 255 128
218.94451904 267.80526733 492.73266602 64 255 128
181.30792236 116.97116089 484.87109375 64 255 128
154.53103638 130.51274109 510.00357056 64 255 128
179.76501465 109.67607117 475.66445923 64 255 128
178.87402344 237.44595337 547.87316895 64 255 128
104.95800018 150.59800720 474.75799561 64 255 128
160.77957153 177.49569702 551.71832275 64 255 128
150.07121277 160.42420959 544.78582764 64 255 128
135.05705261 195.75111389 591.61535645 64 255 128
267.53576660 243.61506653 467.27175903 64 255 128
192.51638794 216.80003357 447.52313232 64 255 128
202.35502625 153.17601013 454.24548340 64 255 128
107.84400177 137.64700317 509.70602417 64 255 128
189.64755249 263.13870239 488.15518188 64 255 128
175.39808655 207.94969177 498.49673462 64 255 128
199.95520020 138.08824158 457.64205933 64 255 128
198.34571838 263.81829834 523.56719971 64 255 128
102.37100220 217.43499756 484.49298096 64 255 128
167.63267517 221.15051270 538.78240967 64 255 128
244.12284851 232.07446289 488.84918213 64 255 128
136.18272400 184.00192261 438.22290039 64 255 128
117.86542511 231.38568115 540.26190186 64 255 128
153.78973389 108.93962860 498.83038330 64 255 128
143.02310181 180.39161682 598.09527588 64 255 128
192.66909790 196.59431458 453.09783936 64 255 128
166.81402588 136.69761658 440.38565063 64 255 128
153.65524292 254.91899109 540.33361816 64 255 128
147.55847168 257.41729736 538.44323730 64 255 128
242.32411194 238.98652649 492.91256714 64 255 128
210.52534485 265.42361450 480.54315186 64 255 128
247.66265869 269.89010620 496.89331055 64 255 128
145.96514893 148.80990601 587.58746338 64 255 128
133.95028687 245.17306519 548.93206787 64 255 128
160.93963623 263.93090820 518.47717285 64 255 128
127.20674133 240.12179565 540.96398926 64 255 128
134.47547913 138.56629944 573.73876953 64 255 128
202.04316711 198.89450073 462.26657104 64 255 128
148.22250366 201.91735840 553.92840576 64 255 128
169.01165771 196.41841125 524.78881836 64 255 128
114.57775879 208.66831970 575.55645752 64 255 128
157.69552612 261.74386597 471.03338623 64 255 128
223.91313171 206.41195679 499.23141479 64 255 128
181.60586548 262.47103882 493.01397705 64 255 128
124.55199432 150.18800354 447.46597290 64 255 128
155.30842590 194.59338379 499.83493042 64 255 128
100.95199585 203.19700623 536.54803467 64 255 128
142.41050720 199.79028320 569.72399902 64 255 128
135.10937500 154.91754150 609.33630371 64 255 128
170.21626282 197.59461975 496.63394165 64 255 128
180.86383057 193.57026672 444.40811157 64 255 128
107.14800262 227.29699707 482.57897949 64 255 128
116.94000244 154.93800354 580.99499512 64 255 128
132.96138000 211.29806519 554.13494873 64 255 128
102.24399567 165.71900940 470.30899048 64 255 128
180.02316284 206.02729797 504.60784912 64 255 128
182.72273254 139.12190247 441.79812622 64 255 128
237.84600830 228.36793518 493.19024658 64 255 128
243.83741760 239.54243469 461.19964600 64 255 128
220.14680481 188.13975525 489.52206421 64 255 128
141.30052185 186.12826538 590.91833496 64 255 128
129.47505188 160.95462036 612.17590332 64 255 128
102.88800049 182.55000305 461.76300049 64 255 128
260.24288940 249.01083374 481.57070923 64 255 128
115.15299988 137.97601318 553.72296143 64 255 128
168.11900330 218.81300354 444.18200684 64 255 128
198.33782959 216.55050659 515.81072998 64 255 128
200.94851685 174.78294373 471.24478149 64 255 128
135.39344788 114.38051605 463.69647217 64 255 128
119.96400452 223.24900818 461.58901978 64 255 128
124.73177338 148.61694336 584.24536133 64 255 128
170.35684204 227.69888306 541.83789062 64 255 128
169.27655029 262.66030884 507.77154541 64 255 128
217.10408020 201.86573792 503.48449707 64 255 128
127.47464752 227.03909302 557.69073486 64 255 128
215.30947876 249.30824280 533.82312012 64 255 128
181.34791565 140.46279907 488.11132812 64 255 128
132.07118225 255.65206909 480.17202759 64 255 128
162.86926270 263.81619263 513.14581299 64 255 128
97.73100281 198.24400330 516.91802979 64 255 128
197.35084534 263.48648071 484.37866211 64 255 128
111.91926575 234.67662048 503.66693115 64 255 128
133.77099609 204.15798950 443.48999023 64 255 128
193.26109314 209.93763733 511.22879028 64 255 128
113.05500031 137.26300049 545.38702393 64 255 128
132.96905518 142.21234131 581.48242188 64 255 128
122.79399872 180.77099609 441.01101685 64 255 128
165.14042664 263.96817017 476.00558472 64 255 128
143.94200134 200.91700745 440.98898315 64 255 128
108.48999786 187.90599060 451.68600464 64 255 128
167.85314941 148.95524597 502.06381226 64 255 128
141.40777588 188.82673645 586.39959717 64 255 128
138.44056702 114.88569641 516.48620605 64 255 128
162.62796021 244.75007629 559.07373047 64 255 128
178.72319031 158.31657410 440.39724731 64 255 128
210.56744385 215.25828552 509.27310181 64 255 128
187.08862305 196.92880249 445.31356812 64 255 128
161.85243225 195.96371460 439.63433838 64 255 128
141.32473755 203.65524292 565.37237549 64 255 128
210.36726379 248.87557983 462.04626465 64 255 128
136.73178101 133.67825317 556.01263428 64 255 128
211.77873230 193.55305481 469.02691650 64 255 128
150.08204651 141.86405945 518.45617676 64 255 128
155.39361572 156.03785706 436.09042358 64 255 128
160.13247681 140.80946350 505.02371216 64 255 128
99.45099640 160.01300049 510.16598511 64 255 128
206.00982666 243.51303101 537.66009521 64 255 128
147.86308289 113.66149902 456.10839844 64 255 128
190.27098083 157.87733459 489.75534058 64 255 128
176.44244385 108.95347595 481.30654907 64 255 128
187.76031494 222.62751770 497.41674805 64 255 128
152.71070862 228.08483887 550.64959717 64 255 128
151.31329346 183.47999573 568.14501953 64 255 128
102.49699402 159.64799500 475.04299927 64 255 128
227.63113403 243.66574097 513.64245605 64 255 128
226.09292603 268.45452881 494.83096313 64 255 128
108.98799896 163.46200562 572.19305420 64 255 128
214.35520935 240.33767700 460.51083374 64 255 128
216.27210999 193.12036133 459.64151001 64 255 128
116.04800415 123.97499847 500.75900269 64 255 128
157.08134460 235.30801392 548.29534912 64 255 128
267.94824219 247.85847473 475.68603516 64 255 128
201.98187256 163.40611267 474.62100220 64 255 128
212.55494690 201.78982544 453.79565430 64 255 128
188.13760376 259.50723267 480.07391357 64 255 128
108.22200012 192.18798828 570.32196045 64 255 128
157.94471741 184.09547424 500.87826538 64 255 128
105.43099976 187.30099487 564.27197266 64 255 128
197.23806763 162.55961609 483.10272217 64 255 128
180.13511658 250.53056335 559.64373779 64 255 128
162.21800232 202.99600220 443.52999878 64 255 128
162.20269775 121.57432556 506.14947510 64 255 128
194.81419373 180.46173096 451.60128784 64 255 128
101.34200287 189.76800537 548.84100342 64 255 128
270.94869995 256.16848755 476.77258301 64 255 128
224.19441223 218.53791809 457.89083862 64 255 128
187.93363953 177.12852478 508.14376831 64 255 128
251.29968262 219.61083984 471.73577881 64 255 128
175.91021729 187.31993103 440.13696289 64 255 128
112.35799408 204.60299683 452.28500366 64 255 128
159.75900269 193.16271973 508.37670898 64 255 128
186.82116699 131.91854858 447.80798340 64 255 128
265.77691650 226.62091064 456.01657104 64 255 128
232.55545044 269.31341553 493.04003906 64 255 128
169.00076294 164.81417847 437.55541992 64 255 128
141.27023315 259.64739990 517.47424316 64 255 128
165.95523071 169.66203308 535.11810303 64 255 128
153.96299744 219.45500183 445.50897217 64 255 128
168.16395569 154.72821045 437.66918945 64 255 128
146.89749146 220.28143311 543.15026855 64 255 128
172.40899658 242.65499878 456.51400757 64 255 128
158.33665466 266.76098633 486.88070679 64 255 128
171.38737488 260.87197876 533.03430176 64 255 128
104.65399933 144.39900208 517.62298584 64 255 128
198.22145081 146.91506958 478.80670166 64 255 128
118.94375610 227.89505005 551.92364502 64 255 128
178.30058289 172.45956421 440.59161377 64 255 128
125.14427185 123.62783813 462.24987793 64 255 128
226.83276367 212.71548462 457.24423218 64 255 128
230.45062256 196.09669495 474.79867554 64 255 128
143.73500061 218.42401123 446.00601196 64 255 128
191.92182922 254.34860229 470.71493530 64 255 128
189.95135498 142.00251770 483.56341553 64 255 128
134.56109619 134.01329041 561.90924072 64 255 128
154.62145996 116.42304993 450.20526123 64 255 128
123.94174194 172.91400146 613.90423584 64 255 128
261.64443970 229.10227966 458.40985107 64 255 128
177.98182678 183.76609802 527.11572266 64 255 128
172.44920349 120.19023895 495.17733765 64 255 128
135.33447266 255.29580688 474.75341797 64 255 128
178.27705383 255.33634949 469.34057617 64 255 128
132.56475830 210.29179382 585.76690674 64 255 128
109.95358276 232.52775574 492.12884521 64 255 128
100.68199921 158.71900940 541.68896484 64 255 128
119.82499695 126.81999969 529.53796387 64 255 128
103.14899445 214.85101318 518.63403320 64 255 128
180.05557251 166.04241943 441.83316040 64 255 128
238.23545837 247.29679871 500.74069214 64 255 128
134.39782715 179.77593994 619.88818359 64 255 128
114.04499817 129.97999573 526.84301758 64 255 128
131.00920105 250.87997437 472.60281372 64 255 128
167.30654907 173.68719482 540.32690430 64 255 128
117.56433868 205.85108948 587.32666016 64 255 128
232.91197205 254.70999146 465.02929688 64 255 128
157.06581116 214.53747559 538.63476562 64 255 128
169.11408997 189.62374878 507.79653931 64 255 128
198.43862915 223.62484741 451.82223511 64 255 128
199.65530396 156.01385498 480.39306641 64 255 128
177.26699829 213.81799316 444.31799316 64 255 128
161.32800293 242.27301025 451.90298462 64 255 128
139.64511108 187.36341858 595.62451172 64 255 128
225.48497009 259.83493042 466.79064941 64 255 128
254.80535889 214.20056152 466.86730957 64 255 128
188.86273193 205.57019043 496.64321899 64 255 128
145.83749390 152.86129761 568.04754639 64 255 128
238.91712952 242.83677673 462.28933716 64 255 128
183.96479797 222.11582947 449.51501465 64 255 128
106.16600037 209.54499817 462.31201172 64 255 128
220.16108704 182.86793518 481.82507324 64 255 128
153.88275146 248.53486633 555.80084229 64 255 128
184.26193237 254.54943848 476.92895508 64 255 128
201.47888184 165.00241089 461.10272217 64 255 128
121.43299866 138.13899231 454.72198486 64 255 128
237.81997681 269.46258545 498.67211914 64 255 128
151.70381165 106.25444031 469.22344971 64 255 128
201.34342957 147.59037781 454.25814819 64 255 128
113.32400513 164.70800781 582.35504150 64 255 128
206.57347107 245.77388000 462.10415649 64 255 128
136.38497925 258.47836304 498.78512573 64 255 128
203.26518250 200.69624329 456.09176636 64 255 128
135.10504150 255.32415771 520.00524902 64 255 128
144.88026428 242.73039246 561.28265381 64 255 128
150.13439941 150.95466614 526.40118408 64 255 128
141.62858582 112.01792908 506.44738770 64 255 128
132.65170288 256.94134521 493.66213989 64 255 128
111.77300262 155.11299133 458.85699463 64 255 128
260.47552490 224.52149963 471.74075317 64 255 128
195.36177063 192.52120972 465.83999634 64 255 128
106.13500214 170.31500244 567.67901611 64 255 128
100.20100403 211.25000000 503.16900635 64 255 128
172.83625793 198.58956909 441.63525391 64 255 128
223.14794922 258.01440430 532.54431152 64 255 128
106.16400146 223.27500916 476.77401733 64 255 128
245.83358765 270.21276855 487.66040039 64 255 128
149.53904724 263.07562256 515.90356445 64 255 128
191.45738220 190.69523621 452.50463867 64 255 128
129.86253357 118.14494324 514.46960449 64 255 128
154.42851257 189.84887695 438.25622559 64 255 128
191.19659424 122.26017761 463.02685547 64 255 128
164.53872681 212.72799683 534.40258789 64 255 128
108.97599792 142.43099976 545.80096436 64 255 128
136.97868347 125.50231934 544.35699463 64 255 128
164.62197876 135.87858582 498.41760254 64 255 128
175.88011169 229.82850647 506.13839722 64 255 128
148.97145081 113.91807556 515.53076172 64 255 128
197.74969482 251.10733032 551.85076904 64 255 128
173.70538330 135.16302490 440.65191650 64 255 128
166.30160522 176.13064575 436.29223633 64 255 128
124.15092468 190.24499512 610.31469727 64 255 128
225.82354736 185.48115540 473.53247070 64 255 128
156.92895508 169.58157349 433.73818970 64 255 128
142.14344788 168.35493469 619.23187256 64 255 128
195.30027771 225.77369690 530.00689697 64 255 128
239.24453735 256.44152832 505.32937622 64 255 128
125.71999359 160.40701294 443.42498779 64 255 128
169.99598694 212.54899597 443.67999268 64 255 128
208.19499207 198.56198120 508.33892822 64 255 128
218.03512573 244.13775635 525.91052246 64 255 128
180.56605530 223.79798889 535.11712646 64 255 128
166.53236389 113.88202667 453.69137573 64 255 128
234.35160828 207.19335938 466.66967773 64 255 128
98.35600281 182.08200073 486.27001953 64 255 128
120.72499847 128.14399719 464.43099976 64 255 128
189.75154114 253.38732910 558.95477295 64 255 128
187.14262390 131.96794128 482.56997681 64 255 128
193.33354187 229.69387817 454.30722046 64 255 128
135.52230835 191.63442993 597.37274170 64 255 128
148.51081848 186.04695129 572.77520752 64 255 128
135.42248535 250.33235168 528.98413086 64 255 128
155.55860901 109.04078674 460.19534302 64 255 128
170.28619385 105.95014191 478.12030029 64 255 128
164.03610229 160.62480164 516.73608398 64 255 128
167.94375610 187.90426636 495.85812378 64 255 128
249.82847595 238.03228760 485.60308838 64 255 128
174.48712158 250.80784607 462.10540771 64 255 128
104.07099915 201.34500122 555.22399902 64 255 128
102.42199707 148.39999390 502.59799194 64 255 128
98.04700470 199.09700012 479.84799194 64 255 128
166.81248474 109.25123596 494.19015503 64 255 128
118.87100220 194.19400024 443.69302368 64 255 128
109.02199554 181.38200378 575.90301514 64 255 128
119.36956024 243.62789917 507.37344360 64 255 128
174.67448425 258.77612305 474.13259888 64 255 128
174.28602600 115.78110504 493.77890015 64 255 128
208.91729736 197.46485901 502.19039917 64 255 128
186.65505981 216.94715881 489.99694824 64 255 128
213.52944946 194.62408447 487.92489624 64 255 128
102.17200470 217.02299500 494.67098999 64 255 128
174.35874939 200.81912231 509.53906250 64 255 128
259.87042236 236.90097046 461.36657715 64 255 128
212.20573425 262.16986084 471.46124268 64 255 128
223.25546265 209.35441589 455.90164185 64 255 128
173.86714172 135.66708374 490.97323608 64 255 128
141.36936951 205.40316772 554.08184814 64 255 128
191.13186646 128.40507507 453.64300537 64 255 128
272.78479004 245.04008484 470.24505615 64 255 128
142.24700928 237.28900146 453.57400513 64 255 128
183.68719482 232.89495850 497.21029663 64 255 128
194.89723206 265.85119629 507.89736938 64 255 128
213.10542297 233.30484009 459.03359985 64 255 128
165.58952332 191.51756287 535.98358154 64 255 128
182.31068420 112.25078583 467.76177979 64 255 128
256.45217896 227.46481323 458.75195312 64 255 128
103.22599792 147.75100708 536.92797852 64 255 128
152.34300232 200.21900940 441.20098877 64 255 128
243.41567993 212.94476318 468.84176636 64 255 128
192.13482666 265.44882202 512.60870361 64 255 128
141.32366943 114.62970734 458.38772583 64 255 128
247.11126709 216.82063293 456.39916992 64 255 128
197.14552307 173.46040344 459.15130615 64 255 128
160.16600037 225.52500916 445.58297729 64 255 128
244.67349243 263.30935669 505.63574219 64 255 128
111.97900391 168.11401367 451.05297852 64 255 128
147.65118408 169.52368164 598.51556396 64 255 128
216.52290344 231.61164856 516.36114502 64 255 128
150.85017395 125.48966980 518.47583008 64 255 128
149.67201233 161.72444153 553.87420654 64 255 128
180.04029846 189.06423950 442.72183228 64 255 128
221.21466064 245.67562866 461.82122803 64 255 128
106.24100494 153.92201233 468.28900146 64 255 128
112.62200165 189.71299744 583.16302490 64 255 128
182.45442200 132.84208679 444.98205566 64 255 128
135.56399536 242.83799744 459.67700195 64 255 128
206.39282227 260.86239624 472.05926514 64 255 128
205.78504944 157.68972778 466.43795776 64 255 128
143.18130493 152.07026672 604.15466309 64 255 128
226.71815491 236.31474304 508.62078857 64 255 128
158.37420654 110.23088074 500.58465576 64 255 128
142.48594666 256.48138428 534.25469971 64 255 128
162.57189941 264.78042603 496.29370117 64 255 128
123.18331146 244.00654602 518.59716797 64 255 128
236.11776733 214.59815979 456.19039917 64 255 128
153.57707214 194.25596619 440.88583374 64 255 128
232.35321045 221.95620728 495.94995117 64 255 128
197.32264709 151.32279968 480.74432373 64 255 128
143.33888245 146.10679626 573.01306152 64 255 128
233.58042908 232.93025208 499.58703613 64 255 128
212.16050720 192.47547913 475.18618774 64 255 128
187.41358948 185.70399475 446.24536133 64 255 128
175.00401306 112.33201599 459.70468140 64 255 128
121.19400024 132.10000610 550.86303711 64 255 128
174.85493469 154.70402527 499.13821411 64 255 128
207.65611267 254.92442322 466.37265015 64 255 128
173.50547791 218.82164001 535.22674561 64 255 128
191.11723328 242.66137695 546.43951416 64 255 128
150.33100891 254.50199890 463.24600220 64 255 128
182.48893738 243.33457947 551.02972412 64 255 128
183.77952576 208.03524780 491.55447388 64 255 128
150.23132324 162.47961426 569.22497559 64 255 128
127.91708374 198.68739319 598.39916992 64 255 128
140.77471924 130.05549622 445.73889160 64 255 128
110.77700043 196.44898987 450.54598999 64 255 128
114.58055115 232.33364868 523.82891846 64 255 128
181.72837830 263.23767090 497.91964722 64 255 128
165.14390564 105.62654877 468.60836792 64 255 128
134.90599060 249.46199036 467.01101685 64 255 128
188.08576965 249.14920044 555.14416504 64 255 128
103.18299866 202.53599548 546.67095947 64 255 128
234.27536011 215.50495911 486.22418213 64 255 128
154.85282898 117.86157990 514.67553711 64 255 128
135.34599304 209.18249512 568.51837158 64 255 128
197.09762573 175.79197693 483.83230591 64 255 128
155.06532288 266.04727173 479.05413818 64 255 128
108.89700317 176.03900146 452.27798462 64 255 128
260.45233154 257.77719116 472.68011475 64 255 128
97.86800385 165.80801392 527.64202881 64 255 128
162.64521790 203.77276611 520.42633057 64 255 128
148.39360046 145.12306213 439.42074585 64 255 128
121.41790009 211.10684204 591.30377197 64 255 128
152.53388977 158.86032104 531.74194336 64 255 128
177.73243713 209.32524109 513.01446533 64 255 128
186.62123108 258.74597168 551.16882324 64 255 128
164.65798950 238.89799500 451.05499268 64 255 128
213.29521179 184.91926575 465.01971436 64 255 128
117.45709991 241.98574829 485.06622314 64 255 128
256.01519775 258.87536621 487.49963379 64 255 128
238.47038269 222.54212952 457.62088013 64 255 128
111.57300568 184.92799377 582.92199707 64 255 128
134.47552490 259.25820923 489.99066162 64 255 128
218.02331543 186.92793274 485.38973999 64 255 128
157.67054749 113.44749451 510.52249146 64 255 128
150.58094788 190.87956238 563.74011230 64 255 128
138.49902344 140.33949280 443.16769409 64 255 128
101.40000153 213.65299988 510.95800781 64 255 128
147.72726440 121.43870544 523.87304688 64 255 128
197.50039673 230.17292786 532.15124512 64 255 128
145.38000488 161.78399658 438.00198364 64 255 128
160.93623352 197.09028625 534.50689697 64 255 128
182.09350586 251.74906921 469.76547241 64 255 128
114.53199768 130.58399963 472.51800537 64 255 128
146.77522278 156.60389709 546.32806396 64 255 128
160.10859680 159.14622498 519.36145020 64 255 128
153.62854004 125.24678040 443.73834229 64 255 128
151.58227539 265.95349121 496.58120728 64 255 128
257.86282349 248.89736938 466.87988281 64 255 128
102.59999847 191.45899963 460.57400513 64 255 128
196.21394348 199.40142822 453.50769043 64 255 128
108.42700195 137.36799622 494.32598877 64 255 128
172.74298096 209.16967773 523.06781006 64 255 128
255.22875977 244.80923462 463.95111084 64 255 128
139.70237732 226.73446655 551.09149170 64 255 128
103.83499908 145.48599243 523.37097168 64 255 128
147.72633362 164.37785339 605.04376221 64 255 128
245.14938354 245.78315735 491.01742554 64 255 128
114.17300415 128.46400452 494.66198730 64 255 128
186.67321777 225.23883057 493.10794067 64 255 128
221.35293579 229.77684021 510.75820923 64 255 128
155.32398987 233.19700623 448.55999756 64 255 128
142.40689087 174.23124695 613.55590820 64 255 128
229.93159485 254.72879028 520.25915527 64 255 128
180.16181946 234.11085510 452.55767822 64 255 128
96.79599762 186.08200073 506.30499268 64 255 128
205.58398438 206.80708313 448.31567383 64 255 128
151.62466431 212.62762451 536.49291992 64 255 128
194.48904419 154.50111389 447.60440063 64 255 128
102.06399536 182.42298889 555.99395752 64 255 128
105.32900238 211.86000061 540.67999268 64 255 128
192.26876831 181.09327698 493.14151001 64 255 128
129.02626038 214.08847046 591.08099365 64 255 128
146.18885803 201.65710449 561.53015137 64 255 128
183.08961487 265.44018555 515.06103516 64 255 128
201.66432190 195.83775330 469.51306152 64 255 128
170.35696411 132.63322449 492.81060791 64 255 128
253.37928772 237.41055298 461.57803345 64 255 128
229.28906250 208.77285767 489.05905151 64 255 128
178.01342773 128.72770691 487.55117798 64 255 128
158.97200012 186.50334167 549.88067627 64 255 128
243.55084229 259.54586792 468.58447266 64 255 128
120.10789490 232.50588989 544.94195557 64 255 128
138.37977600 208.54507446 547.99829102 64 255 128
142.37417603 135.33720398 533.99627686 64 255 128
186.39596558 207.88357544 442.50952148 64 255 128
113.66725922 229.40470886 532.19256592 64 255 128
119.81199646 141.47000122 565.02697754 64 255 128
168.12707520 197.61808777 515.34295654 64 255 128
242.14828491 252.61778259 464.09924316 64 255 128
195.17483521 194.86561584 460.57369995 64 255 128
151.02815247 168.62265015 434.26431274 64 255 128
202.03501892 236.99920654 458.45596313 64 255 128
183.20144653 125.07270050 449.63531494 64 255 128
188.44110107 182.72334290 513.57049561 64 255 128
112.63999939 145.53100586 561.87304688 64 255 128
133.79106140 210.49551392 579.20147705 64 255 128
206.68231201 266.52902222 502.89978027 64 255 128
148.29171753 247.19187927 554.65142822 64 255 128
201.03326416 158.22644043 454.30050659 64 255 128
155.08439636 264.20565796 508.18365479 64 255 128
230.57444763 193.27391052 478.85781860 64 255 128
108.56999969 176.90899658 574.48797607 64 255 128
158.08468628 184.09851074 553.92858887 64 255 128
231.35104370 267.49688721 512.00683594 64 255 128
170.38363647 259.30767822 543.53814697 64 255 128
158.59648132 169.45370483 551.31726074 64 255 128
176.85127258 197.36842346 443.44488525 64 255 128
152.17787170 140.25103760 514.35089111 64 255 128
173.38851929 263.90264893 515.40319824 64 255 128
106.64000702 228.35000610 494.77700806 64 255 128
226.20922852 267.75778198 501.06942749 64 255 128
152.38833618 173.29913330 571.28198242 64 255 128
126.69424438 219.89839172 569.94708252 64 255 128
189.13954163 224.34396362 532.36022949 64 255 128
108.34600067 151.41500854 559.02496338 64 255 128
267.41528320 238.91206360 470.55187988 64 255 128
119.16278076 245.16883850 491.34695435 64 255 128
230.35881042 202.38919067 471.15005493 64 255 128
162.17329407 153.18988037 436.22991943 64 255 128
186.18016052 158.06372070 444.06838989 64 255 128
121.40999603 122.53600311 470.98898315 64 255 128
228.24011230 229.01376343 503.68606567 64 255 128
178.89067078 144.35485840 490.68124390 64 255 128
160.94609070 252.42114258 558.29034424 64 255 128
257.71676636 214.37457275 460.23809814 64 255 128
202.91729736 200.48429871 506.16806030 64 255 128
253.56811523 233.21751404 480.51913452 64 255 128
128.77807617 146.97589111 587.10504150 64 255 128
267.28802490 247.59100342 469.75527954 64 255 128
161.99896240 265.68331909 490.34051514 64 255 128
130.08859253 219.00746155 580.61578369 64 255 128
178.86022949 208.39938354 442.70764160 64 255 128
115.32700348 204.07398987 582.87603760 64 255 128
97.30999756 187.10200500 496.94601440 64 255 128
135.77899170 199.97000122 441.24798584 64 255 128
255.36840820 269.66674805 490.85101318 64 255 128
190.75949097 205.39347839 443.48782349 64 255 128
106.65799713 137.94699097 526.37896729 64 255 128
156.08280945 157.36271667 522.64550781 64 255 128
148.43632507 261.88461304 528.23834229 64 255 128
191.75468445 151.13513184 485.61300659 64 255 128
221.56140137 198.83110046 458.09149170 64 255 128
98.88999939 197.43399048 472.04901123 64 255 128
234.24859619 209.27536011 473.63009644 64 255 128
194.75996399 211.06051636 446.29632568 64 255 128
99.52600098 209.33399963 495.65399170 64 255 128
189.94540405 247.49169922 465.96075439 64 255 128
253.88742065 263.85922241 475.78414917 64 255 128
179.51895142 257.22958374 556.31481934 64 255 128
144.65040588 262.51644897 507.97396851 64 255 128
167.91760254 205.61486816 511.37893677 64 255 128
232.30624390 263.80249023 470.86688232 64 255 128
153.67272949 189.38888550 559.19165039 64 255 128
160.37374878 218.84899902 541.14990234 64 255 128
211.71257019 211.37429810 453.24719238 64 255 128
239.37086487 267.81195068 510.56878662 64 255 128
262.68716431 258.82806396 483.42959595 64 255 128
97.84300232 185.83700562 522.41699219 64 255 128
183.44848633 177.73014832 519.55303955 64 255 128
187.28778076 116.44707489 470.66336060 64 255 128
158.81286621 163.31912231 435.78250122 64 255 128
106.79499817 172.99699402 456.42001343 64 255 128
133.25964355 120.00714111 456.97851562 64 255 128
147.99754333 205.36788940 538.73162842 64 255 128
111.92400360 206.80700684 571.08099365 64 255 128
191.54391479 184.67572021 472.43838501 64 255 128
