ply
format ascii 1.0
element vertex 4096
property float x
property float y
property float z
property uchar red
property uchar green
property uchar blue
end_header
259.13845825 204.83425903 485.19845581 255 64 64
260.38351440 213.51385498 489.08648682 255 64 64
262.23117065 198.65031433 482.67819214 255 64 64
263.24536133 205.86875916 485.26721191 255 64 64
253.75329590 230.45663452 486.72817993 255 64 64
253.71615601 235.56742859 492.39913940 255 64 64
259.39587402 223.46206665 488.56402588 255 64 64
258.78363037 229.65779114 491.06823730 255 64 64
79.43560028 117.51976013 534.99658203 255 64 64
74.49271393 123.91401672 542.19042969 255 64 64
79.25088501 109.36720276 523.55224609 255 64 64
73.65422058 116.89434052 530.74462891 255 64 64
75.24620819 130.91668701 554.80712891 255 64 64
72.80940247 140.65036011 561.10852051 255 64 64
69.91858673 126.65217590 545.41076660 255 64 64
67.44400787 137.41383362 552.36968994 255 64 64
248.40890503 188.46095276 483.77896118 255 64 64
251.48782349 191.90930176 490.16567993 255 64 64
254.28564453 186.77342224 479.49185181 255 64 64
255.88635254 188.26481628 485.39669800 255 64 64
85.08531189 104.47016144 508.58737183 255 64 64
78.99572754 109.98751831 515.48004150 255 64 64
88.60743713 97.51824951 496.04681396 255 64 64
80.82933044 104.40290070 502.35421753 255 64 64
238.69964600 239.72789001 493.31018066 255 64 64
237.74218750 243.65727234 500.81625366 255 64 64
246.05929565 236.07148743 494.44494629 255 64 64
243.27563477 240.49447632 498.28146362 255 64 64
96.20886230 93.63160706 473.56631470 255 64 64
87.46701813 98.11226654 477.38635254 255 64 64
103.44136047 90.16996002 463.49133301 255 64 64
92.57328796 94.38426971 465.68179321 255 64 64
71.24149323 144.02043152 561.15606689 255 64 64
74.83942413 153.73002625 566.75170898 255 64 64
66.99706268 150.66415405 556.43377686 255 64 64
71.54165649 161.85548401 563.08752441 255 64 64
107.14698029 91.02503967 464.25683594 255 64 64
98.91636658 93.22994995 469.92816162 255 64 64
116.91078186 90.13785553 455.72378540 255 64 64
107.08273315 91.54392242 459.77548218 255 64 64
78.07556915 108.01165771 483.10659790 255 64 64
72.66562653 115.71046448 488.06829834 255 64 64
81.16954803 102.22776794 470.91540527 255 64 64
74.00180054 110.35523224 475.44995117 255 64 64
88.40385437 99.27916718 488.52453613 255 64 64
80.94874573 104.72073364 493.63732910 255 64 64
93.74052429 92.64247894 476.76702881 255 64 64
84.19958496 99.12557220 480.80264282 255 64 64
96.57011414 95.89305878 482.31903076 255 64 64
90.60351562 100.37641144 490.44262695 255 64 64
105.92834473 93.31250763 474.36825562 255 64 64
99.73034668 97.90227509 481.49383545 255 64 64
118.25581360 89.90385437 459.25979614 255 64 64
115.03334045 91.97248840 469.51849365 255 64 64
128.94720459 94.64640808 454.38491821 255 64 64
125.79631805 95.51200867 463.57800293 255 64 64
77.97772980 109.53643036 505.69912720 255 64 64
72.79516602 117.30450439 511.37533569 255 64 64
78.82299805 103.68176270 493.24288940 255 64 64
72.03672791 112.14452362 498.55343628 255 64 64
86.55760193 99.99607086 460.81988525 255 64 64
79.55599976 106.46009064 464.47454834 255 64 64
94.22930908 97.41708374 450.50796509 255 64 64
85.01764679 103.63515472 453.13214111 255 64 64
133.30484009 97.71274567 445.71524048 255 64 64
133.53372192 97.65251160 456.79412842 255 64 64
142.17718506 104.97021484 441.27404785 255 64 64
142.07377625 104.58409119 451.09106445 255 64 64
68.58784485 120.16331482 475.73022461 255 64 64
65.89843750 128.63209534 481.01629639 255 64 64
70.27437592 114.69213104 464.46060181 255 64 64
66.09118652 123.63675690 469.64065552 255 64 64
243.56701660 201.18658447 502.24557495 255 64 64
242.77394104 209.83406067 506.69580078 255 64 64
250.18249512 200.56066895 497.63925171 255 64 64
247.88497925 205.31469727 502.26589966 255 64 64
110.39820862 90.98741913 453.75933838 255 64 64
100.45170593 93.40578461 455.41275024 255 64 64
120.49730682 94.15644073 446.36874390 255 64 64
109.12528229 95.81636047 446.33258057 255 64 64
70.10165405 120.79003143 511.23809814 255 64 64
67.45590973 129.62423706 517.02990723 255 64 64
69.00540924 116.08782959 498.92242432 255 64 64
65.07418823 125.62876892 504.82125854 255 64 64
69.92314148 125.39810181 534.96618652 255 64 64
68.39798737 134.59370422 541.53363037 255 64 64
67.19194794 122.56714630 522.70269775 255 64 64
65.29610443 132.99954224 529.85839844 255 64 64
67.60034180 164.95059204 555.81982422 255 64 64
74.08344269 171.73284912 561.24279785 255 64 64
67.64301300 176.86897278 550.83050537 255 64 64
75.13903046 184.19332886 557.25134277 255 64 64
64.93515015 144.69520569 546.30120850 255 64 64
67.34899902 153.64184570 553.28930664 255 64 64
61.80252838 146.93588257 537.09356689 255 64 64
65.06916809 156.50894165 544.76129150 255 64 64
212.76892090 254.10009766 528.54284668 255 64 64
210.78851318 253.56842041 537.57177734 255 64 64
221.16896057 252.19583130 527.67572021 255 64 64
217.39166260 253.39328003 533.00933838 255 64 64
228.62188721 210.25860596 484.36880493 255 64 64
229.52738953 219.60478210 485.67535400 255 64 64
236.43450928 209.21749878 484.60772705 255 64 64
233.88601685 214.97879028 485.27706909 255 64 64
64.43476868 136.64855957 522.83630371 255 64 64
63.95792389 145.64739990 529.14520264 255 64 64
61.64020538 132.59085083 510.93170166 255 64 64
60.88829041 142.40484619 517.69989014 255 64 64
78.27282715 110.55482483 449.25802612 255 64 64
72.86715698 118.58591461 453.60848999 255 64 64
87.73144531 107.59938049 439.45208740 255 64 64
79.54174805 115.61842346 443.14059448 255 64 64
147.36299133 107.24048615 447.28869629 255 64 64
150.76867676 108.65647125 458.60049438 255 64 64
154.91171265 115.36995697 444.20877075 255 64 64
157.77178955 116.79183960 454.80981445 255 64 64
102.89386749 97.70109558 439.97332764 255 64 64
92.84696960 102.78276825 440.24639893 255 64 64
113.93661499 101.72166443 434.27026367 255 64 64
102.36782837 105.96609497 433.20413208 255 64 64
62.54728699 132.12271118 500.22445679 255 64 64
61.58029938 140.87861633 506.30197144 255 64 64
61.29995728 126.99084473 488.31835938 255 64 64
59.51905823 136.49563599 494.66793823 255 64 64
131.52816772 96.95184326 440.33078003 255 64 64
122.15989685 97.37096405 443.02020264 255 64 64
140.02204895 105.92106628 435.42376709 255 64 64
131.04730225 106.13088226 438.00177002 255 64 64
230.31419373 217.41537476 504.61526489 255 64 64
228.25421143 226.88002014 508.55023193 255 64 64
237.18679810 218.40264893 501.22515869 255 64 64
233.06358337 223.12931824 504.64733887 255 64 64
219.14584351 236.53494263 493.83129883 255 64 64
218.38490295 243.32122803 500.85147095 255 64 64
227.89251709 236.70071411 494.39627075 255 64 64
223.65560913 240.79017639 497.86099243 255 64 64
121.94111633 104.69052124 472.69201660 255 64 64
118.13789368 111.75386810 483.46572876 255 64 64
132.79914856 110.21189880 468.09823608 255 64 64
128.73341370 115.96817780 477.99053955 255 64 64
186.88015747 253.86508179 546.02740479 255 64 64
181.69961548 252.19879150 551.05792236 255 64 64
195.33364868 252.42010498 547.69586182 255 64 64
189.79777527 252.53674316 550.15899658 255 64 64
59.33119202 140.65171814 486.61120605 255 64 64
59.45793152 150.01196289 492.66339111 255 64 64
58.72961426 136.35508728 475.22210693 255 64 64
58.09189606 146.28552246 481.41207886 255 64 64
194.27227783 254.25860596 525.41284180 255 64 64
190.44395447 255.88516235 533.75213623 255 64 64
202.97766113 254.20138550 526.62823486 255 64 64
197.12677002 255.66380310 530.79956055 255 64 64
60.65816498 146.82681274 521.65942383 255 64 64
62.06159973 155.29759216 528.69366455 255 64 64
58.06311798 144.48171997 509.56460571 255 64 64
59.90223694 153.38418579 516.99938965 255 64 64
63.33450317 128.81092834 460.54418945 255 64 64
61.22855377 138.58877563 465.82211304 255 64 64
67.90055084 123.72724915 448.73648071 255 64 64
64.33575439 133.93075562 453.79205322 255 64 64
91.50762177 112.27066803 506.45706177 255 64 64
87.75057983 120.41017914 516.08032227 255 64 64
99.04078674 117.47080231 496.49047852 255 64 64
95.53621674 125.41555786 505.82662964 255 64 64
106.51564026 112.71230316 485.25469971 255 64 64
102.10557556 121.15097046 495.10583496 255 64 64
117.08255005 116.43872833 480.44406128 255 64 64
112.33918762 124.02810669 489.73403931 255 64 64
158.92536926 254.37644958 545.42266846 255 64 64
153.34426880 252.02886963 550.16101074 255 64 64
166.36380005 254.52778625 549.91052246 255 64 64
160.97235107 254.10841370 551.89086914 255 64 64
151.90446472 112.45220184 459.99322510 255 64 64
151.73379517 118.29080200 470.39550781 255 64 64
159.97570801 120.83465576 457.51965332 255 64 64
159.42507935 125.69346619 467.53643799 255 64 64
80.93888092 135.97198486 547.92297363 255 64 64
79.18960571 145.49084473 555.16705322 255 64 64
85.32987976 141.37690735 536.16949463 255 64 64
85.09848022 152.12251282 544.38128662 255 64 64
222.71975708 184.86766052 493.04592896 255 64 64
224.16433716 189.11408997 500.40139771 255 64 64
231.37326050 185.72196960 488.45114136 255 64 64
228.36108398 186.41087341 495.64797974 255 64 64
65.09108734 165.98655701 532.75769043 255 64 64
69.74108887 174.49749756 539.73870850 255 64 64
65.23564148 172.57405090 525.88757324 255 64 64
70.35144806 181.08500671 534.05920410 255 64 64
217.38551331 202.92364502 513.58258057 255 64 64
215.10668945 210.96978760 518.29888916 255 64 64
225.06237793 205.92243958 509.60116577 255 64 64
220.33169556 208.60684204 514.22680664 255 64 64
210.06100464 225.67745972 517.58221436 255 64 64
207.80929565 234.81582642 522.85858154 255 64 64
217.90826416 228.55584717 514.21002197 255 64 64
212.75682068 232.01573181 518.30786133 255 64 64
194.27952576 247.38467407 507.22979736 255 64 64
190.93557739 251.40023804 514.98681641 255 64 64
202.97656250 248.61393738 508.44006348 255 64 64
197.10458374 250.50450134 512.07604980 255 64 64
96.04380798 107.40380096 436.81414795 255 64 64
87.85209656 116.62549591 437.59317017 255 64 64
107.68035889 107.56442261 431.55780029 255 64 64
98.41850281 116.78411102 431.28375244 255 64 64
110.96577454 245.62855530 539.07055664 255 64 64
108.81594849 242.08865356 546.99627686 255 64 64
118.82820892 248.84751892 542.52746582 255 64 64
115.07572937 247.20980835 546.57299805 255 64 64
156.24530029 116.70268250 445.82177734 255 64 64
161.56840515 119.48294830 455.94497681 255 64 64
160.29548645 126.06844330 443.05105591 255 64 64
165.75662231 129.35215759 452.89517212 255 64 64
131.27593994 105.88346863 431.45367432 255 64 64
121.79524231 112.42077637 430.62646484 255 64 64
140.87510681 113.10140991 429.43786621 255 64 64
131.71363831 119.44798279 429.07849121 255 64 64
88.55053711 124.44589233 523.45812988 255 64 64
86.86901855 132.98294067 532.58142090 255 64 64
95.77098083 131.15185547 515.02947998 255 64 64
94.56832886 139.79531860 524.63067627 255 64 64
173.34683228 253.41140747 522.98980713 255 64 64
169.33479309 255.21589661 531.36822510 255 64 64
181.86882019 254.76641846 524.33312988 255 64 64
175.62219238 255.64645386 528.42413330 255 64 64
77.85499573 155.37248230 554.16058350 255 64 64
77.62510681 163.67663574 559.47015381 255 64 64
82.06831360 162.26718140 543.70812988 255 64 64
83.87242126 173.12521362 550.52655029 255 64 64
137.10372925 118.68449402 475.82275391 255 64 64
133.40115356 126.82600403 486.07043457 255 64 64
147.22291565 123.36661530 472.15255737 255 64 64
143.25003052 130.12879944 481.52484131 255 64 64
208.90908813 183.83300781 508.86297607 255 64 64
207.89614868 189.78404236 516.40216064 255 64 64
216.80665588 186.52116394 504.67477417 255 64 64
212.65708923 187.71177673 512.04931641 255 64 64
60.78422546 163.19879150 506.47702026 255 64 64
63.29193115 172.51885986 513.65679932 255 64 64
59.28542328 162.30331421 495.35397339 255 64 64
61.63953400 171.97676086 503.04373169 255 64 64
148.79028320 253.15281677 527.02508545 255 64 64
142.51330566 254.82127380 534.09539795 255 64 64
156.99530029 254.82783508 528.60559082 255 64 64
149.85917664 255.59555054 532.05456543 255 64 64
74.68531036 183.26936340 545.05914307 255 64 64
80.50985718 189.03367615 552.34936523 255 64 64
76.97416687 194.52493286 538.14440918 255 64 64
82.97138977 199.91781616 546.29797363 255 64 64
202.88671875 179.08966064 484.92269897 255 64 64
206.79786682 176.34880066 491.02633667 255 64 64
211.12725830 179.27638245 483.49017334 255 64 64
211.69381714 177.19131470 488.47848511 255 64 64
206.59620667 216.17842102 480.91137695 255 64 64
205.08132935 224.88513184 483.14001465 255 64 64
215.46629333 216.81559753 481.94812012 255 64 64
210.83674622 221.46710205 483.12243652 255 64 64
263.09008789 194.16275024 474.91079712 255 64 64
259.57650757 194.19546509 474.98394775 255 64 64
263.19427490 194.13676453 474.92987061 255 64 64
263.23461914 194.15998840 474.95382690 255 64 64
176.26618958 166.67692566 462.07711792 255 64 64
173.56573486 166.68984985 462.02304077 255 64 64
176.50115967 166.65773010 462.09790039 255 64 64
176.40728760 166.68246460 462.05581665 255 64 64
262.41265869 206.45222473 482.45208740 255 64 64
258.78540039 206.48362732 482.49078369 255 64 64
262.49987793 206.41055298 482.46856689 255 64 64
262.47601318 206.44564819 482.47479248 255 64 64
250.26780701 201.89720154 478.52813721 255 64 64
246.44708252 201.92016602 478.56835938 255 64 64
250.42892456 201.85270691 478.52215576 255 64 64
250.36184692 201.88784790 478.54516602 255 64 64
246.14562988 189.96640015 477.88174438 255 64 64
242.59863281 189.97732544 477.92227173 255 64 64
246.31173706 189.92243958 477.88214111 255 64 64
246.24624634 189.94180298 477.90502930 255 64 64
236.51484680 188.97100830 482.07443237 255 64 64
233.45951843 188.98556519 482.10705566 255 64 64
236.63317871 188.94378662 482.07385254 255 64 64
236.65287781 188.96876526 482.09097290 255 64 64
255.45828247 189.61265564 485.90374756 255 64 64
252.15580750 189.61408997 485.95983887 255 64 64
255.56611633 189.57447815 485.91967773 255 64 64
255.48468018 189.58351135 485.93930054 255 64 64
224.18927002 200.54544067 477.86663818 255 64 64
219.91970825 200.56823730 477.86105347 255 64 64
224.50015259 200.49105835 477.87100220 255 64 64
224.18783569 200.55387878 477.87228394 255 64 64
219.93646240 184.34898376 478.39511108 255 64 64
216.38987732 184.36828613 478.40924072 255 64 64
220.16555786 184.30186462 478.38952637 255 64 64
219.94190979 184.34239197 478.39880371 255 64 64
248.85081482 216.43307495 484.56555176 255 64 64
244.91545105 216.45155334 484.57278442 255 64 64
249.04019165 216.38378906 484.58129883 255 64 64
248.98535156 216.42408752 484.58648682 255 64 64
200.78715515 188.00631714 472.39093018 255 64 64
197.24258423 188.03805542 472.37344360 255 64 64
201.07244873 187.95684814 472.41018677 255 64 64
200.85203552 188.01779175 472.40292358 255 64 64
260.12152100 218.45651245 486.22109985 255 64 64
256.33184814 218.48114014 486.25512695 255 64 64
260.20977783 218.40066528 486.22183228 255 64 64
260.16989136 218.43812561 486.22552490 255 64 64
238.66036987 203.72955322 480.17248535 255 64 64
234.70211792 203.74603271 480.18899536 255 64 64
238.88484192 203.66989136 480.18298340 255 64 64
238.71142578 203.71188354 480.19335938 255 64 64
250.25042725 192.42831421 492.66864014 255 64 64
247.11370850 192.42845154 492.71624756 255 64 64
250.33781433 192.38496399 492.67523193 255 64 64
250.30255127 192.39605713 492.69390869 255 64 64
258.75451660 229.82638550 490.66802979 255 64 64
254.84600830 229.87188721 490.67904663 255 64 64
258.83184814 229.77508545 490.66958618 255 64 64
258.73428345 229.83593750 490.65902710 255 64 64
241.86071777 188.08932495 489.62860107 255 64 64
238.69049072 188.08889771 489.68261719 255 64 64
241.99069214 188.02981567 489.62747192 255 64 64
241.91928101 188.04553223 489.66140747 255 64 64
215.17422485 193.96202087 475.01828003 255 64 64
211.27517700 193.97933960 475.00912476 255 64 64
215.45661926 193.90292358 475.01922607 255 64 64
215.23171997 193.95262146 475.01721191 255 64 64
202.75877380 175.78463745 478.70904541 255 64 64
199.73205566 175.80528259 478.67709351 255 64 64
203.00064087 175.75837708 478.71072388 255 64 64
202.86021423 175.79754639 478.68750000 255 64 64
253.91247559 201.49310303 494.05343628 255 64 64
250.67808533 201.49996948 494.10537720 255 64 64
253.99504089 201.45344543 494.06829834 255 64 64
253.96363831 201.47296143 494.08782959 255 64 64
165.28262329 183.70051575 456.32864380 255 64 64
161.51747131 183.71243286 456.25549316 255 64 64
165.72326660 183.65719604 456.36679077 255 64 64
165.39537048 183.69650269 456.33432007 255 64 64
182.45007324 189.85148621 467.82177734 255 64 64
178.70245361 189.88064575 467.77618408 255 64 64
182.82965088 189.79147339 467.86557007 255 64 64
182.49780273 189.85719299 467.84182739 255 64 64
208.94596863 174.81478882 487.13705444 255 64 64
206.39872742 174.82968140 487.14862061 255 64 64
209.09539795 174.77465820 487.13336182 255 64 64
209.03637695 174.80279541 487.13385010 255 64 64
232.92855835 196.49453735 504.67678833 255 64 64
229.78643799 196.50134277 504.71353149 255 64 64
233.05958557 196.46612549 504.68377686 255 64 64
232.97470093 196.49320984 504.70993042 255 64 64
204.52731323 196.49089050 517.17309570 255 64 64
201.31112671 196.51287842 517.20001221 255 64 64
204.76773071 196.45576477 517.17736816 255 64 64
204.56124878 196.51002502 517.20587158 255 64 64
213.80728149 181.37573242 484.81628418 255 64 64
210.85943604 181.39460754 484.81332397 255 64 64
213.98992920 181.34075928 484.81552124 255 64 64
213.87234497 181.37887573 484.80740356 255 64 64
205.39482117 180.88331604 512.15057373 255 64 64
202.67579651 180.90374756 512.16790771 255 64 64
205.60980225 180.84800720 512.15838623 255 64 64
205.49209595 180.88662720 512.17462158 255 64 64
217.19738770 201.11276245 511.78063965 255 64 64
213.80758667 201.12445068 511.82015991 255 64 64
217.42214966 201.07557678 511.78073120 255 64 64
217.23547363 201.11724854 511.81869507 255 64 64
210.52087402 189.12406921 509.14819336 255 64 64
207.58607483 189.13488770 509.16952515 255 64 64
210.72502136 189.10670471 509.14144897 255 64 64
210.61923218 189.14009094 509.16256714 255 64 64
229.43508911 186.85067749 487.16461182 255 64 64
226.37014771 186.85865784 487.18148804 255 64 64
229.60508728 186.80964661 487.17016602 255 64 64
229.54002380 186.83380127 487.17575073 255 64 64
194.17990112 175.01564026 513.80926514 255 64 64
191.46325684 175.04103088 513.82672119 255 64 64
194.42584229 174.97334290 513.80676270 255 64 64
194.22644043 175.02009583 513.82269287 255 64 64
199.62686157 184.44996643 517.74688721 255 64 64
196.61981201 184.46804810 517.78820801 255 64 64
199.88362122 184.41065979 517.74169922 255 64 64
199.64456177 184.45314026 517.78051758 255 64 64
223.16604614 209.21746826 509.86401367 255 64 64
219.66766357 209.22116089 509.91049194 255 64 64
223.35858154 209.18501282 509.86956787 255 64 64
223.21978760 209.22163391 509.91659546 255 64 64
228.40357971 209.46163940 481.20336914 255 64 64
224.04879761 209.47346497 481.21560669 255 64 64
228.72427368 209.38893127 481.21560669 255 64 64
228.39004517 209.43814087 481.22985840 255 64 64
249.87643433 214.32852173 496.86868286 255 64 64
246.52758789 214.34127808 496.89816284 255 64 64
249.97669983 214.28051758 496.88330078 255 64 64
249.94717407 214.31201172 496.90298462 255 64 64
215.76269531 201.87461853 478.27914429 255 64 64
211.42346191 201.87869263 478.26617432 255 64 64
216.09390259 201.79383850 478.28109741 255 64 64
215.69497681 201.84622192 478.27926636 255 64 64
173.59648132 199.19230652 463.52938843 255 64 64
169.33883667 199.21881104 463.46652222 255 64 64
174.08183289 199.09228516 463.56723022 255 64 64
173.56405640 199.16815186 463.53225708 255 64 64
191.90438843 194.94824219 472.57501221 255 64 64
188.19540405 194.96922302 472.52066040 255 64 64
192.23228455 194.88577271 472.60375977 255 64 64
191.95834351 194.94496155 472.57168579 255 64 64
248.43402100 228.43196106 487.16723633 255 64 64
244.19992065 228.44270325 487.18215942 255 64 64
248.61676025 228.36871338 487.15219116 255 64 64
248.48840332 228.40795898 487.15972900 255 64 64
185.12960815 178.60493469 520.74163818 255 64 64
182.36723328 178.62640381 520.78338623 255 64 64
185.41177368 178.54110718 520.75323486 255 64 64
185.16709900 178.58564758 520.79193115 255 64 64
219.07719421 193.43876648 507.55151367 255 64 64
215.99588013 193.45069885 507.58801270 255 64 64
219.26538086 193.40377808 507.55337524 255 64 64
219.14781189 193.43705750 507.58016968 255 64 64
240.85812378 196.54550171 501.39541626 255 64 64
237.86616516 196.55630493 501.43081665 255 64 64
240.96318054 196.49482727 501.43737793 255 64 64
240.93136597 196.51890564 501.45516968 255 64 64
215.08081055 184.07214355 497.95675659 255 64 64
212.31271362 184.08786011 497.96340942 255 64 64
215.24520874 184.04341125 497.95443726 255 64 64
215.17538452 184.07649231 497.95568848 255 64 64
173.41687012 183.54309082 462.38519287 255 64 64
170.04452515 183.55949402 462.33670044 255 64 64
173.74337769 183.49977112 462.40771484 255 64 64
173.45431519 183.53968811 462.37921143 255 64 64
187.65513611 207.49990845 474.52822876 255 64 64
183.17739868 207.50907898 474.48883057 255 64 64
188.11001587 207.39344788 474.56799316 255 64 64
187.58084106 207.46760559 474.55468750 255 64 64
192.84323120 195.21884155 517.50671387 255 64 64
189.38670349 195.21560669 517.56115723 255 64 64
193.19360352 195.16943359 517.48193359 255 64 64
192.86431885 195.20127869 517.53668213 255 64 64
186.17364502 201.81521606 521.00903320 255 64 64
182.76391602 201.82325745 521.03833008 255 64 64
186.50411987 201.76173401 521.03015137 255 64 64
186.15396118 201.81256104 521.06695557 255 64 64
207.66882324 204.63584900 476.33264160 255 64 64
202.93650818 204.64648438 476.30780029 255 64 64
208.11193848 204.54843140 476.34490967 255 64 64
207.61846924 204.61184692 476.34091187 255 64 64
233.03515625 189.06019592 496.47406006 255 64 64
230.06465149 189.06712341 496.50683594 255 64 64
233.19570923 189.01580811 496.49426270 255 64 64
233.12718201 189.03729248 496.51202393 255 64 64
173.88031006 173.96241760 507.29586792 255 64 64
171.30377197 173.98318481 507.30432129 255 64 64
174.15530396 173.92341614 507.30361938 255 64 64
173.95878601 173.96142578 507.31619263 255 64 64
238.30557251 223.26272583 484.09762573 255 64 64
234.02810669 223.27017212 484.09506226 255 64 64
238.55404663 223.18656921 484.10983276 255 64 64
238.35888672 223.22857666 484.10665894 255 64 64
228.01968384 223.84062195 506.36587524 255 64 64
224.19448853 223.84057617 506.39581299 255 64 64
228.21514893 223.80004883 506.35702515 255 64 64
228.06187439 223.83634949 506.38800049 255 64 64
233.15243530 216.46412659 482.86709595 255 64 64
228.79785156 216.47142029 482.86709595 255 64 64
233.43722534 216.40019226 482.86422729 255 64 64
233.12420654 216.44659424 482.85946655 255 64 64
209.93501282 206.11587524 517.16027832 255 64 64
206.46882629 206.11962891 517.21405029 255 64 64
210.20001221 206.08007812 517.15704346 255 64 64
209.93316650 206.12026978 517.20355225 255 64 64
174.67687988 175.03347778 495.72088623 255 64 64
172.17645264 175.06211853 495.72290039 255 64 64
174.91160583 175.02343750 495.71719360 255 64 64
174.74609375 175.06744385 495.72235107 255 64 64
194.51504517 184.09587097 481.49362183 255 64 64
191.17753601 184.11325073 481.44976807 255 64 64
194.80879211 184.05760193 481.49307251 255 64 64
194.52391052 184.10276794 481.46591187 255 64 64
237.76092529 232.82119751 488.19561768 255 64 64
233.27798462 232.82220459 488.20806885 255 64 64
237.99346924 232.75216675 488.17721558 255 64 64
237.79130554 232.79153442 488.17959595 255 64 64
223.62066650 186.21166992 497.01318359 255 64 64
220.87295532 186.22625732 497.03677368 255 64 64
223.76351929 186.18411255 497.03320312 255 64 64
223.70480347 186.21185303 497.04071045 255 64 64
200.16647339 212.26416016 477.86602783 255 64 64
195.20747375 212.28625488 477.84417725 255 64 64
200.65104675 212.17735291 477.88839722 255 64 64
200.03378296 212.26115417 477.88613892 255 64 64
201.48881531 211.43144226 522.09661865 255 64 64
197.74502563 211.42362976 522.13677979 255 64 64
201.81329346 211.39077759 522.09545898 255 64 64
201.46142578 211.42997742 522.14147949 255 64 64
167.93167114 192.07543945 461.11511230 255 64 64
163.84226990 192.08448792 461.04965210 255 64 64
168.38058472 192.02969360 461.12579346 255 64 64
167.87258911 192.07510376 461.09487915 255 64 64
195.96481323 167.75646973 494.11764526 255 64 64
193.14549255 167.76937866 494.12390137 255 64 64
196.22576904 167.73333740 494.09545898 255 64 64
196.02392578 167.76159668 494.09841919 255 64 64
243.79678345 207.65567017 500.72467041 255 64 64
240.57650757 207.66088867 500.77026367 255 64 64
243.92269897 207.62561035 500.74432373 255 64 64
243.88279724 207.64773560 500.77203369 255 64 64
175.12210083 183.12863159 514.41937256 255 64 64
172.40307617 183.13623047 514.43933105 255 64 64
175.40586853 183.08390808 514.44635010 255 64 64
175.14897156 183.11759949 514.46942139 255 64 64
248.49307251 236.66555786 498.32546997 255 64 64
244.40618896 236.67161560 498.33453369 255 64 64
248.65754700 236.60266113 498.34429932 255 64 64
248.51217651 236.64532471 498.34524536 255 64 64
249.53201294 207.55415344 493.40692139 255 64 64
246.49725342 217.87008667 499.38607788 255 64 64
255.05197144 210.83584595 486.64877319 255 64 64
252.02224731 221.04336548 493.19812012 255 64 64
243.45907593 189.47616577 477.74630737 255 64 64
245.42834473 199.39054871 480.34033203 255 64 64
247.82397461 193.31301880 476.53359985 255 64 64
249.69598389 203.88996887 480.29919434 255 64 64
231.64535522 233.34097290 510.52719116 255 64 64
225.70434570 239.60321045 517.80535889 255 64 64
241.45132446 236.22113037 502.62060547 255 64 64
236.17086792 241.88604736 510.61151123 255 64 64
219.57061768 192.06066895 510.14169312 255 64 64
215.81205750 198.49557495 515.91607666 255 64 64
225.81076050 195.99137878 505.58407593 255 64 64
222.21685791 202.33192444 511.90252686 255 64 64
203.11984253 211.21080017 520.40844727 255 64 64
196.95497131 216.66491699 524.83056641 255 64 64
211.26135254 216.13336182 517.49615479 255 64 64
204.87463379 221.58245850 522.46142578 255 64 64
216.05198669 251.37377930 515.86383057 255 64 64
213.08551025 253.52911377 527.63745117 255 64 64
226.64649963 249.11177063 515.02056885 255 64 64
223.60623169 250.34179688 526.77008057 255 64 64
193.24871826 239.82206726 536.43951416 255 64 64
186.28173828 243.87576294 542.71984863 255 64 64
204.44606018 243.57057190 535.01873779 255 64 64
197.84249878 246.87135315 542.41540527 255 64 64
195.41748047 183.31079102 513.00115967 255 64 64
190.47535706 188.04512024 517.51159668 255 64 64
203.57707214 187.80770874 511.77865601 255 64 64
198.36087036 192.62837219 516.68768311 255 64 64
181.38076782 168.62945557 506.79776001 255 64 64
179.13890076 172.15510559 513.16241455 255 64 64
189.47209167 173.30958557 506.90518188 255 64 64
187.89172363 176.35737610 513.11724854 255 64 64
198.42587280 176.08532715 498.59100342 255 64 64
199.05418396 179.05381775 505.30899048 255 64 64
205.45196533 179.62001038 495.45886230 255 64 64
206.75349426 182.01728821 502.84143066 255 64 64
187.43420410 196.04158020 521.27880859 255 64 64
181.05349731 200.80300903 524.09722900 255 64 64
195.02558899 201.49267578 521.13311768 255 64 64
188.31762695 206.61450195 524.39978027 255 64 64
184.03430176 161.16557312 493.01138306 255 64 64
185.71655273 164.22039795 499.93218994 255 64 64
190.57737732 165.79800415 490.96520996 255 64 64
193.27883911 167.65669250 498.15304565 255 64 64
184.00292969 220.91436768 529.34503174 255 64 64
177.73666382 225.61857605 532.81951904 255 64 64
192.13238525 226.44427490 529.20849609 255 64 64
185.64126587 231.21374512 533.31237793 255 64 64
172.15705872 173.69105530 514.44433594 255 64 64
166.16184998 177.86622620 518.19586182 255 64 64
180.08575439 179.16023254 517.31646729 255 64 64
174.45596313 183.66165161 521.20251465 255 64 64
187.34585571 168.79309082 480.59432983 255 64 64
191.31924438 173.29553223 484.84878540 255 64 64
193.95947266 174.79132080 479.43328857 255 64 64
199.37442017 177.72015381 484.54910278 255 64 64
170.92027283 204.67098999 526.09771729 255 64 64
164.55966187 209.45048523 528.42523193 255 64 64
177.68646240 210.57583618 527.11590576 255 64 64
171.01664734 215.81814575 529.86456299 255 64 64
203.67240906 212.50631714 479.83062744 255 64 64
207.61968994 221.93481445 482.31222534 255 64 64
214.04255676 215.90849304 481.19165039 255 64 64
217.63948059 225.26872253 483.76708984 255 64 64
197.83145142 186.52674866 475.21295166 255 64 64
201.60906982 194.50964355 475.65618896 255 64 64
205.63566589 190.75410461 475.83666992 255 64 64
209.85900879 198.26518250 476.72885132 255 64 64
165.63180542 230.40335083 533.93707275 255 64 64
159.13264465 234.78028870 536.52508545 255 64 64
173.94398499 236.45001221 536.70202637 255 64 64
167.24604797 240.84902954 540.34613037 255 64 64
186.98144531 255.07711792 521.82794189 255 64 64
184.70816040 256.40826416 533.10760498 255 64 64
198.03273010 254.72676086 526.48498535 255 64 64
195.35285950 255.46577454 537.45947266 255 64 64
155.16328430 213.62664795 529.96496582 255 64 64
148.77455139 218.31680298 532.11926270 255 64 64
161.88731384 220.61570740 532.00885010 255 64 64
155.45440674 226.00155640 534.46734619 255 64 64
193.28787231 229.00819397 485.11770630 255 64 64
196.39891052 236.66784668 490.96032715 255 64 64
203.83367920 232.25677490 486.87765503 255 64 64
206.52209473 239.78390503 492.84375000 255 64 64
156.36593628 158.67593384 504.78469849 255 64 64
152.24397278 163.31588745 513.86181641 255 64 64
165.11380005 166.06930542 506.07095337 255 64 64
162.84300232 169.22074890 514.58990479 255 64 64
162.33503723 188.09280396 513.62420654 255 64 64
155.30381775 193.00582886 516.07165527 255 64 64
169.63128662 193.55395508 518.76812744 255 64 64
162.64825439 199.05123901 521.51269531 255 64 64
152.27810669 135.02938843 487.98568726 255 64 64
150.17150879 140.74954224 497.47039795 255 64 64
161.35876465 143.42388916 486.03036499 255 64 64
159.68077087 147.36715698 495.79214478 255 64 64
150.06755066 237.41374207 534.37152100 255 64 64
142.25732422 240.77273560 536.30297852 255 64 64
159.48400879 243.50532532 538.32684326 255 64 64
151.58944702 246.86834717 541.18389893 255 64 64
146.81094360 141.29063416 502.23571777 255 64 64
142.69400024 146.85015869 511.70437622 255 64 64
156.56872559 148.83332825 502.54229736 255 64 64
152.79611206 152.90158081 511.41061401 255 64 64
144.59837341 122.47277832 476.41213989 255 64 64
142.02265930 128.70892334 486.52328491 255 64 64
156.82420349 130.13043213 474.56396484 255 64 64
154.63122559 134.69207764 485.05661011 255 64 64
166.22610474 133.88369751 466.59713745 255 64 64
166.97085571 139.96524048 474.21261597 255 64 64
170.95039368 147.60983276 461.58572388 255 64 64
173.74621582 150.92367554 470.62072754 255 64 64
160.87588501 156.21992493 492.38095093 255 64 64
160.49340820 160.65107727 501.75323486 255 64 64
168.49388123 166.33834839 493.69403076 255 64 64
170.02430725 168.21234131 503.16268921 255 64 64
133.66404724 154.69653320 515.67486572 255 64 64
125.62091064 160.96076965 522.62176514 255 64 64
144.28517151 158.29144287 513.41638184 255 64 64
136.27014160 165.02752686 519.46179199 255 64 64
185.27886963 204.72921753 473.98373413 255 64 64
188.94003296 213.30239868 477.39093018 255 64 64
194.06185913 207.77098083 476.47537231 255 64 64
197.49214172 215.93057251 479.68981934 255 64 64
165.77435303 255.21279907 527.99584961 255 64 64
163.17303467 254.79980469 538.16717529 255 64 64
176.03607178 255.28530884 534.41168213 255 64 64
173.29748535 254.24639893 543.93652344 255 64 64
182.71318054 241.23954773 499.22897339 255 64 64
184.36431885 247.16650391 507.42871094 255 64 64
193.21357727 244.71902466 502.42584229 255 64 64
194.27983093 250.48535156 510.80828857 255 64 64
159.39164734 115.91439056 453.49841309 255 64 64
162.18545532 124.45144653 461.28054810 255 64 64
167.66366577 130.92048645 453.32977295 255 64 64
171.26661682 137.43168640 462.42498779 255 64 64
147.63815308 195.90705872 520.76184082 255 64 64
141.04663086 201.13128662 523.68212891 255 64 64
154.52079773 202.39617920 526.19586182 255 64 64
147.76864624 208.41949463 528.94653320 255 64 64
143.60653687 163.53875732 507.36557007 255 64 64
137.20776367 168.71881104 516.63348389 255 64 64
153.97367859 167.06364441 507.72235107 255 64 64
149.36080933 171.48703003 515.76550293 255 64 64
180.07772827 186.31793213 468.28552246 255 64 64
182.67376709 195.44125366 469.52648926 255 64 64
186.95333862 191.51405334 470.96755981 255 64 64
190.21095276 199.18173218 472.84533691 255 64 64
164.92419434 154.32659912 477.12487793 255 64 64
165.94200134 157.94309998 485.43304443 255 64 64
169.54194641 166.89173889 474.68847656 255 64 64
172.90896606 167.78318787 483.91616821 255 64 64
136.09346008 217.23764038 532.57653809 255 64 64
130.07315063 222.65058899 535.13146973 255 64 64
142.94699097 225.68634033 535.75738525 255 64 64
136.92166138 231.94256592 538.35693359 255 64 64
124.66320801 128.05538940 492.06472778 255 64 64
121.43571472 134.12689209 503.09140015 255 64 64
137.58120728 133.99890137 495.00610352 255 64 64
134.03549194 138.25889587 505.44250488 255 64 64
118.86877441 143.87062073 510.30532837 255 64 64
112.76414490 150.43603516 520.57305908 255 64 64
131.77874756 147.55587769 512.30004883 255 64 64
124.49655914 153.04011536 520.72467041 255 64 64
166.59541321 162.12226868 461.72024536 255 64 64
167.36550903 169.41049194 465.76593018 255 64 64
170.35408020 173.50032043 463.29333496 255 64 64
174.37565613 178.28483582 468.60391235 255 64 64
174.79176331 227.87330627 482.67486572 255 64 64
177.56600952 234.25000000 489.73019409 255 64 64
184.49682617 230.40510559 485.41598511 255 64 64
186.93527222 236.61314392 492.39700317 255 64 64
147.22253418 180.26199341 503.15313721 255 64 64
141.60177612 185.86367798 510.47952271 255 64 64
156.18322754 184.82490540 509.95547485 255 64 64
151.61755371 190.15554810 516.39239502 255 64 64
158.03640747 187.62500000 500.01449585 255 64 64
155.37728882 193.71658325 506.30084229 255 64 64
165.10075378 191.60339355 505.49371338 255 64 64
163.09046936 197.35365295 511.56118774 255 64 64
165.05895996 243.67918396 506.77566528 255 64 64
166.48008728 249.02989197 515.24847412 255 64 64
174.96142578 247.01208496 510.17382812 255 64 64
175.80761719 252.20518494 518.68273926 255 64 64
161.09298706 205.51725769 506.22152710 255 64 64
157.64111328 210.88403320 510.72897339 255 64 64
167.32913208 208.36930847 510.28427124 255 64 64
163.45814514 213.74009705 514.95434570 255 64 64
103.53140259 155.47253418 524.15698242 255 64 64
97.74801636 163.28076172 534.07135010 255 64 64
115.01033783 160.26910400 522.69830322 255 64 64
107.52134705 167.79222107 530.73742676 255 64 64
128.22700500 198.10958862 525.44317627 255 64 64
122.02098083 204.74928284 529.90844727 255 64 64
135.58850098 205.80537415 533.36486816 255 64 64
129.10540771 213.50518799 536.94970703 255 64 64
171.89002991 212.91690063 471.88562012 255 64 64
175.09643555 220.59060669 477.20019531 255 64 64
180.72122192 215.04013062 475.37109375 255 64 64
183.59634399 222.36849976 480.37646484 255 64 64
161.03337097 126.06468201 442.25289917 255 64 64
162.49064636 138.43255615 446.52944946 255 64 64
168.69667053 138.99473572 448.29174805 255 64 64
171.29071045 149.58172607 454.34317017 255 64 64
115.75472260 170.48536682 518.79919434 255 64 64
107.95552826 177.48847961 525.76818848 255 64 64
125.82470703 173.21018982 511.82623291 255 64 64
116.44841003 180.66304016 517.51025391 255 64 64
104.36061096 135.38275146 506.23718262 255 64 64
102.34744263 141.85380554 518.53277588 255 64 64
116.96741486 139.14230347 504.11035156 255 64 64
113.40161133 143.87763977 515.30572510 255 64 64
121.41864777 225.68432617 537.12066650 255 64 64
115.03995514 231.11936951 540.81793213 255 64 64
129.79106140 234.47235107 539.90539551 255 64 64
123.19351959 240.44747925 543.74627686 255 64 64
167.54922485 195.89903259 461.85678101 255 64 64
170.03485107 204.76535034 465.53503418 255 64 64
174.86154175 199.71780396 465.88037109 255 64 64
177.56098938 207.47784424 469.54556274 255 64 64
92.82495117 144.25109863 523.83569336 255 64 64
91.38149261 151.49914551 536.19152832 255 64 64
103.78839874 148.46139526 518.66271973 255 64 64
100.57194519 154.66741943 529.83795166 255 64 64
137.21179199 250.70858765 524.27642822 255 64 64
137.32070923 250.26623535 534.27514648 255 64 64
147.22906494 251.93243408 530.88201904 255 64 64
146.99214172 250.83670044 539.86877441 255 64 64
161.27468872 234.24899292 492.06948853 255 64 64
163.13012695 239.58764648 499.96203613 255 64 64
170.71899414 236.85658264 494.91476440 255 64 64
172.23034668 242.16311646 502.73101807 255 64 64
126.42803955 181.90585327 514.61474609 255 64 64
119.14986420 188.48532104 521.47332764 255 64 64
136.45385742 187.13209534 520.37933350 255 64 64
129.40556335 195.15916443 525.86254883 255 64 64
159.35086060 147.38522339 445.99841309 255 64 64
161.11230469 158.83755493 448.20794678 255 64 64
165.88278198 156.64105225 451.33706665 255 64 64
168.77496338 166.33056641 454.58462524 255 64 64
147.35040283 248.24969482 513.58654785 255 64 64
148.69021606 251.73117065 522.76007080 255 64 64
157.07568359 250.64997864 518.57482910 255 64 64
157.83027649 253.90156555 527.50946045 255 64 64
133.93008423 164.31576538 501.63702393 255 64 64
132.73507690 169.31109619 512.86047363 255 64 64
143.40074158 169.82508850 501.41592407 255 64 64
142.98713684 173.01945496 511.26004028 255 64 64
162.09762573 174.30392456 453.26629639 255 64 64
163.91616821 183.78060913 455.78805542 255 64 64
168.15658569 180.10839844 457.54183960 255 64 64
170.73455811 188.10937500 460.67898560 255 64 64
92.15737152 165.46520996 535.19470215 255 64 64
87.60625458 173.87376404 545.44238281 255 64 64
100.94840240 173.74928284 528.60717773 255 64 64
94.88392639 182.16184998 537.56787109 255 64 64
155.19490051 223.53250122 473.82110596 255 64 64
157.86071777 229.02978516 481.64941406 255 64 64
164.24644470 224.69349670 477.94506836 255 64 64
166.66983032 230.08938599 485.42199707 255 64 64
142.14964294 114.27103424 428.93936157 255 64 64
143.60252380 127.65082550 433.21591187 255 64 64
154.27433777 125.02064514 434.34527588 255 64 64
155.07293701 136.89862061 439.27136230 255 64 64
146.16075134 240.85499573 496.55712891 255 64 64
147.40625000 244.85449219 505.42745972 255 64 64
155.15197754 241.97439575 501.15893555 255 64 64
155.90892029 245.97286987 509.65985107 255 64 64
103.19811249 184.02656555 520.61828613 255 64 64
96.25774384 191.08187866 529.50463867 255 64 64
111.35217285 188.73629761 512.22576904 255 64 64
102.69466400 196.72521973 519.93157959 255 64 64
109.06080627 202.64915466 524.03350830 255 64 64
104.85552979 209.11418152 531.41003418 255 64 64
118.20545959 210.94728088 534.09442139 255 64 64
114.11236572 220.03445435 539.87078857 255 64 64
95.79370117 210.21043396 532.74322510 255 64 64
95.93587494 215.41458130 542.68170166 255 64 64
105.52311707 221.47001648 539.95513916 255 64 64
106.32823181 228.59158325 548.51226807 255 64 64
90.21786499 184.60128784 535.24688721 255 64 64
88.12290955 191.83328247 545.30987549 255 64 64
95.19161987 196.70013428 527.08331299 255 64 64
93.68729401 204.27545166 536.93341064 255 64 64
153.39944458 208.42251587 461.34179688 255 64 64
155.81982422 216.01390076 467.44543457 255 64 64
161.66043091 210.82080078 465.96569824 255 64 64
164.06172180 218.07687378 471.79626465 255 64 64
125.16188812 169.85621643 496.94686890 255 64 64
125.37546539 175.38160706 507.15438843 255 64 64
134.97412109 176.05871582 501.01763916 255 64 64
135.77961731 180.66204834 510.75131226 255 64 64
143.63854980 139.39227295 435.32406616 255 64 64
145.43360901 151.71197510 438.48330688 255 64 64
152.87040710 146.98567200 439.82952881 255 64 64
154.78982544 158.29545593 443.43246460 255 64 64
129.87689209 245.81713867 503.65560913 255 64 64
131.61611938 248.75753784 512.90539551 255 64 64
138.82553101 246.65753174 508.96514893 255 64 64
139.88563538 249.35696411 517.79736328 255 64 64
105.29422760 243.77134705 527.79705811 255 64 64
109.18528748 244.70272827 537.61102295 255 64 64
115.23872375 248.32095337 532.88574219 255 64 64
118.86576843 248.74472046 542.27813721 255 64 64
149.18864441 188.46525574 450.28799438 255 64 64
151.53523254 197.23921204 454.30957031 255 64 64
156.79861450 192.43060303 454.22723389 255 64 64
159.30329895 200.45365906 458.14642334 255 64 64
146.36396790 165.39595032 443.27987671 255 64 64
148.55468750 175.62956238 446.46218872 255 64 64
154.00880432 170.52781677 447.63775635 255 64 64
156.58779907 180.13299561 451.02484131 255 64 64
142.18754578 232.09414673 476.82473755 255 64 64
144.00308228 236.96098328 485.77337646 255 64 64
151.52067566 232.61215210 481.95861816 255 64 64
152.84982300 237.37960815 490.73056030 255 64 64
114.00193787 246.74987793 514.84289551 255 64 64
117.01058197 248.59854126 524.20715332 255 64 64
123.60009003 249.17276001 520.15246582 255 64 64
126.15899658 250.66453552 529.21954346 255 64 64
139.68685913 220.38281250 463.42486572 255 64 64
142.02642822 226.35191345 471.57641602 255 64 64
148.95022583 221.73103333 468.53060913 255 64 64
151.08348083 227.82060242 476.57977295 255 64 64
89.51313782 228.52030945 532.39233398 255 64 64
94.54059601 231.55706787 541.09600830 255 64 64
99.12635040 237.52818298 535.03808594 255 64 64
104.27427673 240.34809875 544.08111572 255 64 64
80.18904114 207.56318665 538.69525146 255 64 64
85.77465820 210.21142578 546.32678223 255 64 64
86.82874298 219.59777832 536.01086426 255 64 64
92.47660828 221.62512207 543.80505371 255 64 64
127.07592010 238.86737061 485.16299438 255 64 64
128.72192383 243.21620178 494.10763550 255 64 64
136.04150391 239.87928772 490.53579712 255 64 64
137.12644958 244.18595886 499.12707520 255 64 64
119.35189819 114.25898743 424.23715210 255 64 64
120.19892883 127.44201660 427.61975098 255 64 64
133.21832275 121.61546326 426.51196289 255 64 64
133.43215942 134.02148438 430.12997437 255 64 64
134.72691345 204.03602600 452.13714600 255 64 64
137.39248657 211.56115723 458.61022949 255 64 64
143.88562012 207.23240662 456.16876221 255 64 64
146.56599426 214.75350952 462.42095947 255 64 64
110.12793732 240.98657227 497.42849731 255 64 64
112.56035614 244.75314331 506.01574707 255 64 64
119.29341888 244.56039429 501.42193604 255 64 64
121.33883667 248.14025879 510.14169312 255 64 64
124.89585876 143.39578247 427.72866821 255 64 64
126.56356049 155.12117004 431.62576294 255 64 64
135.65956116 148.52162170 431.12380981 255 64 64
137.09231567 160.22894287 435.59814453 255 64 64
124.23554993 226.53361511 469.05865479 255 64 64
126.64788818 232.82998657 477.41299438 255 64 64
134.41445923 229.55029297 473.16055298 255 64 64
136.50404358 235.87277222 481.83010864 255 64 64
96.38072205 235.59771729 509.23068237 255 64 64
99.59416199 239.15246582 517.35009766 255 64 64
105.27414703 241.97840881 511.82623291 255 64 64
108.35407257 245.23100281 520.42553711 255 64 64
128.08746338 165.55255127 435.35821533 255 64 64
130.58714294 175.81427002 440.34951782 255 64 64
137.68562317 170.13227844 438.36834717 255 64 64
140.23147583 180.63293457 443.46008301 255 64 64
130.03726196 186.81988525 443.37927246 255 64 64
132.91917419 195.59384155 448.68981934 255 64 64
139.39323425 190.26922607 446.94003296 255 64 64
142.40991211 199.35240173 452.06488037 255 64 64
85.43234253 225.81584167 518.04931641 255 64 64
89.21397400 229.58142090 525.67486572 255 64 64
93.84590912 234.05072021 519.03210449 255 64 64
97.61951447 237.62556458 527.47680664 255 64 64
68.85315704 186.96343994 527.90246582 255 64 64
73.18191528 191.36045837 535.26696777 255 64 64
72.52687836 197.75721741 522.35900879 255 64 64
77.15278625 201.81292725 530.03674316 255 64 64
75.11640167 207.77499390 520.29748535 255 64 64
79.28152466 211.86683655 527.71618652 255 64 64
81.16079712 217.97448730 518.21417236 255 64 64
85.50762939 222.01913452 526.44403076 255 64 64
107.79264832 228.65382385 478.48114014 255 64 64
110.12291718 234.90803528 486.13677979 255 64 64
117.16417694 234.02059937 481.10028076 255 64 64
119.31851959 240.28283691 489.30203247 255 64 64
119.72659302 210.82832336 455.13476562 255 64 64
122.70964050 218.35144043 462.24829102 255 64 64
130.67648315 214.88201904 457.90347290 255 64 64
133.58674622 222.70028687 465.40853882 255 64 64
102.33401489 122.09330750 422.21936035 255 64 64
103.26235962 135.11170959 425.59942627 255 64 64
114.55908966 128.64373779 421.64511108 255 64 64
115.55895996 141.40914917 425.08544922 255 64 64
62.95532227 174.72406006 513.33807373 255 64 64
65.86559296 180.59176636 520.88330078 255 64 64
64.88140869 184.41206360 506.60803223 255 64 64
68.04666138 190.25065613 514.54071045 255 64 64
93.22299194 226.46836853 489.27893066 255 64 64
95.83862305 231.88835144 496.94461060 255 64 64
101.74850464 233.26367188 490.84100342 255 64 64
104.40980530 238.61437988 499.29772949 255 64 64
80.14888000 216.91539001 500.18515015 255 64 64
82.97381592 221.89566040 507.24850464 255 64 64
87.18009949 224.77682495 499.61044312 255 64 64
90.01908875 229.81431580 507.58932495 255 64 64
68.80697632 197.48216248 505.32104492 255 64 64
71.83470154 202.63711548 512.56304932 255 64 64
73.15380859 206.96084595 501.61193848 255 64 64
76.28392029 212.33967590 509.60687256 255 64 64
113.42720795 193.78684998 443.94946289 255 64 64
116.53173065 201.98257446 449.85833740 255 64 64
124.33995819 197.02738953 446.14294434 255 64 64
127.56945801 206.18484497 452.28875732 255 64 64
60.19815063 159.42985535 498.58898926 255 64 64
61.52478790 166.96301270 506.28677368 255 64 64
61.05928040 167.68179321 490.24468994 255 64 64
62.58719635 175.35549927 498.57290649 255 64 64
103.71134949 214.23858643 462.98715210 255 64 64
106.43664551 221.40231323 470.27539062 255 64 64
113.97282410 219.88644409 464.83398438 255 64 64
116.70037842 227.40354919 472.92129517 255 64 64
105.07061005 149.63995361 425.88702393 255 64 64
107.24578094 160.72686768 430.78399658 255 64 64
116.17434692 154.05805969 427.13287354 255 64 64
118.25841522 165.54853821 432.09307861 255 64 64
106.89316559 171.44033813 434.38043213 255 64 64
109.67919922 181.21418762 439.46008301 255 64 64
117.84983063 175.20291138 435.88525391 255 64 64
120.66372681 186.03684998 441.25604248 255 64 64
63.67611694 181.52539062 491.50173950 255 64 64
65.61060333 187.77357483 498.84414673 255 64 64
66.49126434 189.85563660 486.41787720 255 64 64
68.46992493 196.45117188 494.43087769 255 64 64
80.00131226 212.91088867 484.27307129 255 64 64
82.37249756 218.55874634 491.19787598 255 64 64
87.11384583 220.02642822 483.88455200 255 64 64
89.57637787 225.74456787 491.63055420 255 64 64
90.11396027 214.35246277 471.72247314 255 64 64
92.62316895 220.77331543 478.91833496 255 64 64
98.83421326 220.93795776 472.60992432 255 64 64
101.41722107 227.55758667 480.63900757 255 64 64
68.94451141 197.90278625 485.28347778 255 64 64
71.07575989 203.75946045 492.01351929 255 64 64
73.80934143 206.05383301 482.92031860 255 64 64
76.06005859 212.22372437 490.39526367 255 64 64
81.76413727 120.26222229 431.30426025 255 64 64
81.41127014 132.91520691 433.16094971 255 64 64
92.43720245 126.28553772 425.88354492 255 64 64
92.69345093 138.88230896 427.56781006 255 64 64
97.48248291 199.00103760 450.56909180 255 64 64
100.44143677 206.66871643 457.37945557 255 64 64
107.96556854 203.93212891 451.35815430 255 64 64
111.04950714 212.36677551 458.85113525 255 64 64
60.13992310 147.21456909 476.05776978 255 64 64
59.37320709 156.73944092 481.10229492 255 64 64
61.57058716 154.25782776 467.68936157 255 64 64
61.12009430 164.30070496 473.16055298 255 64 64
61.43518829 166.40284729 478.88156128 255 64 64
61.78379059 174.48011780 485.20806885 255 64 64
63.51338959 173.93801880 472.51202393 255 64 64
63.97166443 182.58348083 479.46694946 255 64 64
85.42254639 143.21105957 429.56579590 255 64 64
86.80966949 155.36210632 434.17764282 255 64 64
96.30267334 148.81677246 428.00976562 255 64 64
98.11744690 160.86540222 432.13574219 255 64 64
75.28355408 199.82020569 470.23522949 255 64 64
77.20247650 206.22500610 476.94119263 255 64 64
82.05024719 206.74099731 468.88198853 255 64 64
84.14284515 213.13977051 476.19229126 255 64 64
90.89900208 178.60809326 440.83038330 255 64 64
93.48651123 187.87597656 446.88381958 255 64 64
101.25358582 183.87397766 440.79425049 255 64 64
103.96408081 193.67591858 447.15789795 255 64 64
84.02238464 198.18989563 457.56164551 255 64 64
86.43923950 205.40382385 464.54269409 255 64 64
92.87213898 204.48526001 457.46127319 255 64 64
95.39791870 211.99433899 465.18316650 255 64 64
66.18927765 183.97888184 472.20483398 255 64 64
67.27103424 191.54216003 477.87280273 255 64 64
70.93973541 190.97496033 468.33987427 255 64 64
72.32760620 198.93377686 474.69448853 255 64 64
69.74761963 131.62821960 445.66711426 255 64 64
68.74109650 143.13275146 447.31173706 255 64 64
76.50376892 137.57524109 438.72625732 255 64 64
76.52435303 149.60581970 440.22940063 255 64 64
84.23854065 160.29319763 434.83517456 255 64 64
86.14007568 171.29176331 440.36657715 255 64 64
94.67611694 166.05950928 433.88952637 255 64 64
96.83648682 177.08016968 439.25830078 255 64 64
63.65001678 145.22485352 458.74273682 255 64 64
62.58464050 155.52072144 461.65451050 255 64 64
67.19586182 151.68586731 451.80587769 255 64 64
67.11103821 162.78082275 454.87878418 255 64 64
64.21269226 166.38063049 462.57406616 255 64 64
64.30052948 175.37745667 467.45193481 255 64 64
68.28320312 173.70097351 457.77297974 255 64 64
69.03209686 183.32221985 463.26123047 255 64 64
71.13216400 181.97712708 458.35321045 255 64 64
72.52236176 190.44592285 463.95089722 255 64 64
78.13508606 188.94812012 455.54235840 255 64 64
79.91197205 197.57150269 461.63793945 255 64 64
71.02657318 150.14993286 444.38616943 255 64 64
71.45272064 161.30108643 448.26315308 255 64 64
78.77507019 156.97233582 440.00418091 255 64 64
80.04447937 168.39454651 444.17633057 255 64 64
78.50653076 179.64811707 447.97103882 255 64 64
80.52333069 188.65699768 454.07266235 255 64 64
87.31111145 186.06394958 446.47924805 255 64 64
89.60247803 195.29167175 452.96838379 255 64 64
165.24000549 183.69790649 456.30548096 255 64 64
165.24250793 183.70457458 456.30661011 255 64 64
165.24366760 183.69107056 456.30441284 255 64 64
165.24591064 183.69329834 456.30456543 255 64 64
218.55520630 254.56713867 527.25732422 255 64 64
218.55838013 254.57113647 527.26422119 255 64 64
218.54086304 254.56578064 527.26812744 255 64 64
218.54052734 254.56983948 527.27679443 255 64 64
257.72616577 188.83964539 474.91180420 255 64 64
257.72729492 188.84803772 474.91412354 255 64 64
257.73132324 188.84120178 474.91204834 255 64 64
257.72717285 188.84512329 474.91961670 255 64 64
199.62492371 184.43003845 517.75994873 255 64 64
199.62779236 184.43801880 517.76373291 255 64 64
199.61608887 184.42376709 517.77429199 255 64 64
199.61697388 184.43063354 517.77667236 255 64 64
165.71643066 237.24891663 497.30661011 255 64 64
165.71072388 237.25508118 497.31225586 255 64 64
165.71466064 237.24400330 497.30593872 255 64 64
165.70648193 237.24472046 497.31051636 255 64 64
219.24665833 225.00215149 482.46383667 255 64 64
219.24853516 225.01091003 482.46347046 255 64 64
219.24066162 225.00744629 482.46554565 255 64 64
219.23942566 225.01133728 482.46682739 255 64 64
204.69290161 183.19529724 473.55163574 255 64 64
204.69302368 183.20307922 473.55291748 255 64 64
204.68917847 183.20414734 473.55038452 255 64 64
204.68972778 183.20700073 473.55175781 255 64 64
189.33889771 225.17507935 529.15716553 255 64 64
189.33441162 225.17932129 529.16271973 255 64 64
189.33551025 225.17213440 529.16735840 255 64 64
189.32859802 225.17565918 529.16979980 255 64 64
258.73010254 229.81520081 490.70629883 255 64 64
258.73434448 229.83029175 490.70471191 255 64 64
258.73104858 229.81529236 490.71145630 255 64 64
258.73046875 229.82685852 490.71649170 255 64 64
163.89804077 191.25898743 502.77545166 255 64 64
163.89193726 191.26661682 502.78091431 255 64 64
163.89328003 191.26538086 502.77465820 255 64 64
163.88775635 191.26939392 502.77487183 255 64 64
232.98385620 196.46420288 504.67510986 255 64 64
232.98059082 196.47579956 504.67459106 255 64 64
232.97375488 196.46748352 504.68139648 255 64 64
232.96835327 196.47621155 504.68203735 255 64 64
182.65896606 212.25244141 474.80828857 255 64 64
182.65756226 212.25942993 474.81152344 255 64 64
182.66156006 212.25004578 474.80715942 255 64 64
182.65776062 212.25140381 474.80960083 255 64 64
197.63185120 242.61123657 499.46765137 255 64 64
197.63018799 242.61856079 499.46960449 255 64 64
197.62200928 242.60575867 499.46755981 255 64 64
197.61717224 242.60931396 499.47140503 255 64 64
217.82400513 221.65957642 512.41302490 255 64 64
217.82284546 221.66578674 512.41839600 255 64 64
217.81475830 221.66308594 512.42065430 255 64 64
217.81146240 221.66845703 512.42596436 255 64 64
156.45529175 214.81327820 465.53155518 255 64 64
156.45080566 214.82360840 465.53186035 255 64 64
156.46365356 214.80921936 465.52569580 255 64 64
156.45779419 214.81140137 465.52584839 255 64 64
230.10797119 244.10743713 502.15881348 255 64 64
230.11105347 244.11769104 502.16110229 255 64 64
230.10133362 244.10661316 502.16519165 255 64 64
230.10054016 244.11456299 502.17077637 255 64 64
195.98638916 167.74575806 494.12606812 255 64 64
195.98333740 167.74868774 494.13674927 255 64 64
195.98190308 167.74693298 494.13055420 255 64 64
195.97787476 167.74781799 494.13751221 255 64 64
171.65270996 204.58114624 524.20550537 255 64 64
171.64021301 204.59208679 524.21099854 255 64 64
171.64053345 204.57928467 524.20910645 255 64 64
171.62733459 204.58691406 524.21081543 255 64 64
230.07769775 196.14421082 478.66278076 255 64 64
230.08105469 196.15246582 478.66165161 255 64 64
230.07543945 196.15193176 478.66870117 255 64 64
230.07595825 196.15653992 478.67156982 255 64 64
167.88996887 170.29269409 478.59210205 255 64 64
167.88543701 170.29904175 478.60614014 255 64 64
167.89036560 170.29003906 478.59570312 255 64 64
167.88375854 170.29144287 478.60272217 255 64 64
238.92852783 220.09918213 501.07217407 255 64 64
238.92469788 220.10797119 501.08178711 255 64 64
238.91360474 220.10466003 501.07424927 255 64 64
238.90725708 220.11064148 501.08450317 255 64 64
192.88031006 253.33282471 520.20410156 255 64 64
192.88308716 253.33724976 520.20904541 255 64 64
192.86955261 253.33242798 520.21612549 255 64 64
192.86842346 253.33599854 520.22131348 255 64 64
253.92480469 201.44869995 494.05712891 255 64 64
253.91775513 201.45985413 494.05944824 255 64 64
253.91925049 201.44917297 494.05728149 255 64 64
253.90927124 201.45727539 494.06326294 255 64 64
215.14578247 184.07000732 497.95437622 255 64 64
215.14642334 184.07789612 497.95706177 255 64 64
215.13830566 184.07516479 497.96246338 255 64 64
215.13708496 184.07957458 497.96450806 255 64 64
180.98014832 175.90145874 509.19952393 255 64 64
180.97576904 175.91140747 509.20483398 255 64 64
180.96795654 175.90563965 509.20028687 255 64 64
180.96408081 175.91314697 509.20205688 255 64 64
207.66831970 204.59663391 476.37893677 255 64 64
207.67027283 204.60299683 476.37991333 255 64 64
207.66751099 204.60136414 476.37799072 255 64 64
207.66699219 204.60334778 476.37948608 255 64 64
182.46780396 189.83926392 467.87014771 255 64 64
182.46905518 189.84603882 467.87197876 255 64 64
182.47085571 189.83963013 467.86956787 255 64 64
182.47164917 189.83990479 467.87057495 255 64 64
182.52592468 230.52252197 485.72607422 255 64 64
182.52462769 230.52885437 485.73031616 255 64 64
182.52230835 230.51991272 485.72409058 255 64 64
182.51734924 230.52093506 485.72705078 255 64 64
198.69171143 204.39944458 521.70477295 255 64 64
198.68882751 204.40931702 521.70593262 255 64 64
198.68762207 204.39866638 521.71691895 255 64 64
198.68463135 204.40672302 521.71520996 255 64 64
182.97158813 181.50715637 485.72869873 255 64 64
182.96594238 181.51255798 485.73477173 255 64 64
182.96986389 181.50639343 485.73251343 255 64 64
182.96244812 181.50747681 485.73629761 255 64 64
169.76599121 209.37464905 504.72634888 255 64 64
169.75975037 209.38423157 504.72784424 255 64 64
169.76181030 209.37879944 504.72659302 255 64 64
169.75448608 209.38441467 504.72525024 255 64 64
208.39312744 238.53030396 525.52246094 255 64 64
208.38832092 238.53831482 525.52447510 255 64 64
208.38296509 238.52565002 525.52880859 255 64 64
208.37661743 238.53358459 525.53204346 255 64 64
176.28668213 166.68423462 462.06985474 255 64 64
176.29573059 166.69078064 462.07916260 255 64 64
176.29818726 166.67651367 462.07650757 255 64 64
176.30773926 166.67648315 462.08242798 255 64 64
240.93618774 216.60861206 482.75906372 255 64 64
240.93496704 216.61984253 482.75646973 255 64 64
240.93048096 216.61621094 482.76620483 255 64 64
240.92572021 216.62423706 482.76770020 255 64 64
161.96890259 224.69184875 480.39871216 255 64 64
161.96278381 224.70129395 480.40304565 255 64 64
161.96708679 224.69073486 480.39736938 255 64 64
161.95678711 224.69422913 480.40032959 255 64 64
214.28976440 239.65621948 492.56784058 255 64 64
214.29101562 239.66452026 492.56787109 255 64 64
214.28744507 239.65649414 492.57083130 255 64 64
214.28570557 239.66122437 492.57275391 255 64 64
201.41242981 226.42742920 485.73315430 255 64 64
201.41317749 226.43435669 485.73504639 255 64 64
201.40640259 226.42907715 485.73403931 255 64 64
201.40267944 226.43218994 485.73681641 255 64 64
241.90621948 188.04638672 489.61184692 255 64 64
241.90156555 188.05557251 489.61526489 255 64 64
241.89416504 188.04542542 489.61468506 255 64 64
241.88763428 188.05155945 489.62103271 255 64 64
214.21389771 250.18832397 510.35629272 255 64 64
214.21713257 250.19540405 510.35717773 255 64 64
214.20761108 250.18806458 510.36010742 255 64 64
214.20809937 250.19384766 510.36306763 255 64 64
217.20973206 201.10946655 511.81390381 255 64 64
217.20654297 201.12046814 511.81262207 255 64 64
217.20669556 201.10346985 511.82464600 255 64 64
217.20266724 201.11221313 511.82409668 255 64 64
166.65235901 199.48481750 463.46939087 255 64 64
166.65216064 199.48960876 463.47586060 255 64 64
166.65800476 199.48278809 463.46066284 255 64 64
166.65560913 199.48188782 463.46447754 255 64 64
237.73190308 232.79617310 488.20681763 255 64 64
237.73339844 232.80783081 488.20666504 255 64 64
237.72622681 232.79849243 488.21209717 255 64 64
237.72421265 232.80743408 488.21578979 255 64 64
179.72970581 247.43559265 511.06378174 255 64 64
179.72813416 247.44024658 511.07110596 255 64 64
179.72042847 247.43618774 511.06600952 255 64 64
179.71592712 247.43750000 511.07223511 255 64 64
181.69233704 192.37089539 512.76947021 255 64 64
181.68420410 192.38218689 512.77203369 255 64 64
181.68075562 192.37318420 512.77313232 255 64 64
181.67178345 192.38131714 512.77301025 255 64 64
219.92861938 184.33250427 478.40734863 255 64 64
219.92745972 184.34120178 478.40673828 255 64 64
219.91981506 184.33638000 478.41381836 255 64 64
219.91822815 184.34062195 478.41400146 255 64 64
208.99157715 174.78842163 487.15322876 255 64 64
208.99211121 174.79579163 487.15866089 255 64 64
208.98664856 174.79280090 487.15875244 255 64 64
208.98492432 174.79615784 487.16320801 255 64 64
250.37309265 201.87345886 478.57122803 255 64 64
250.36993408 201.88537598 478.56991577 255 64 64
250.36883545 201.88081360 478.56878662 255 64 64
250.36332703 201.88874817 478.57305908 255 64 64
181.95721436 240.81004333 497.80377197 255 64 64
181.95510864 240.81651306 497.80700684 255 64 64
181.94862366 240.80523682 497.80245972 255 64 64
181.94372559 240.80755615 497.80657959 255 64 64
201.69354248 218.79336548 523.53027344 255 64 64
201.68728638 218.80448914 523.52746582 255 64 64
201.68524170 218.79235840 523.53222656 255 64 64
201.67852783 218.80178833 523.53057861 255 64 64
174.73373413 175.07095337 495.73565674 255 64 64
174.72805786 175.07804871 495.74481201 255 64 64
174.72555542 175.07582092 495.73657227 255 64 64
174.72117615 175.07852173 495.74008179 255 64 64
248.54202271 236.64018250 498.34179688 255 64 64
248.54531860 236.65206909 498.34637451 255 64 64
248.53607178 236.63854980 498.34783936 255 64 64
248.53445435 236.64785767 498.35647583 255 64 64
204.54962158 175.42877197 502.66720581 255 64 64
204.54983521 175.43531799 502.67419434 255 64 64
204.53756714 175.42958069 502.67596436 255 64 64
204.53469849 175.43325806 502.68099976 255 64 64
256.78582764 215.80905151 491.56219482 255 64 64
256.78399658 215.82037354 491.56686401 255 64 64
256.78485107 215.81253052 491.57366943 255 64 64
256.77947998 215.82075500 491.58135986 255 64 64
230.41394043 210.00294495 506.72604370 255 64 64
230.41226196 210.01181030 506.72808838 255 64 64
230.40908813 210.00526428 506.73446655 255 64 64
230.40582275 210.01142883 506.73757935 255 64 64
191.27163696 201.40267944 473.36010742 255 64 64
191.27003479 201.41058350 473.36047363 255 64 64
191.27052307 201.40469360 473.36050415 255 64 64
191.26974487 201.40797424 473.36059570 255 64 64
197.98118591 170.87478638 480.04193115 255 64 64
197.98072815 170.87812805 480.05102539 255 64 64
197.97947693 170.87571716 480.04489136 255 64 64
197.97833252 170.87454224 480.04980469 255 64 64
223.17294312 237.67218018 511.97879028 255 64 64
223.16784668 237.68063354 511.98187256 255 64 64
223.16131592 237.67198181 511.98583984 255 64 64
223.15559387 237.67886353 511.98892212 255 64 64
182.70466614 213.28665161 529.85742188 255 64 64
182.69421387 213.29362488 529.86334229 255 64 64
182.69561768 213.28552246 529.86242676 255 64 64
182.68510437 213.29150391 529.86505127 255 64 64
228.43679810 209.42831421 481.25390625 255 64 64
228.43368530 209.43907166 481.25180054 255 64 64
228.42707825 209.43656921 481.25927734 255 64 64
228.42169189 209.44380188 481.25921631 255 64 64
262.46258545 206.40670776 482.50128174 255 64 64
262.46154785 206.42077637 482.50051880 255 64 64
262.46603394 206.40332031 482.50726318 255 64 64
262.46148682 206.41215515 482.51370239 255 64 64
243.86332703 207.65625000 500.72009277 255 64 64
243.85835266 207.66601562 500.72644043 255 64 64
243.85183716 207.66526794 500.72012329 255 64 64
243.84439087 207.67283630 500.72683716 255 64 64
210.60128784 189.09645081 509.16775513 255 64 64
210.59822083 189.10652161 509.16802979 255 64 64
210.58764648 189.09686279 509.17456055 255 64 64
210.58581543 189.10491943 509.17520142 255 64 64
194.19459534 216.67686462 478.73217773 255 64 64
194.19609070 216.68441772 478.73229980 255 64 64
194.19277954 216.67517090 478.73352051 255 64 64
194.19165039 216.67802429 478.73422241 255 64 64
186.14506531 201.78497314 521.06451416 255 64 64
186.13972473 201.79618835 521.06457520 255 64 64
186.13529968 201.78114319 521.06671143 255 64 64
186.12956238 201.79101562 521.06536865 255 64 64
171.97486877 177.40388489 468.79510498 255 64 64
171.97309875 177.40701294 468.80435181 255 64 64
171.98605347 177.39813232 468.80718994 255 64 64
171.98309326 177.39631653 468.81314087 255 64 64
167.45147705 215.75474548 471.89514160 255 64 64
167.44790649 215.76187134 471.90002441 255 64 64
167.45730591 215.75189209 471.89279175 255 64 64
167.45072937 215.75260925 471.89654541 255 64 64
174.45185852 198.12329102 501.36569214 255 64 64
174.44749451 198.13305664 501.36523438 255 64 64
174.44351196 198.12644958 501.36212158 255 64 64
174.44102478 198.13351440 501.35949707 255 64 64
229.49911499 186.81710815 487.16088867 255 64 64
229.49667358 186.82539368 487.16354370 255 64 64
229.49383545 186.81913757 487.17211914 255 64 64
229.48818970 186.82376099 487.17510986 255 64 64
185.17095947 178.56408691 520.78704834 255 64 64
185.17004395 178.57302856 520.79125977 255 64 64
185.14805603 178.56147766 520.79272461 255 64 64
185.14591980 178.56871033 520.79431152 255 64 64
194.52157593 184.09959412 481.49093628 255 64 64
194.51847839 184.10423279 481.49896240 255 64 64
194.51965332 184.10105896 481.50085449 255 64 64
194.51637268 184.10295105 481.50640869 255 64 64
207.32723999 216.83638000 478.78176880 255 64 64
207.32669067 216.84588623 478.78125000 255 64 64
207.32354736 216.83840942 478.77578735 255 64 64
207.32199097 216.84291077 478.77740479 255 64 64
197.29866028 235.99104309 530.50024414 255 64 64
197.29483032 235.99107361 530.50756836 255 64 64
197.29248047 235.99621582 530.51135254 255 64 64
197.28576660 235.99748230 530.51684570 255 64 64
206.98419189 254.61532593 522.93560791 255 64 64
206.98794556 254.61987305 522.93725586 255 64 64
206.97216797 254.61380005 522.94384766 255 64 64
206.97241211 254.61810303 522.94793701 255 64 64
210.09976196 212.43601990 517.61181641 255 64 64
210.09924316 212.44427490 517.61102295 255 64 64
210.09475708 212.43296814 517.62145996 255 64 64
210.09323120 212.44033813 517.62158203 255 64 64
228.02807617 223.85156250 506.38287354 255 64 64
228.02578735 223.86207581 506.38265991 255 64 64
228.02423096 223.85253906 506.38610840 255 64 64
228.02020264 223.86152649 506.38729858 255 64 64
226.24478149 236.25083923 488.60876465 255 64 64
226.24859619 236.26216125 488.60659790 255 64 64
226.23962402 236.25540161 488.61279297 255 64 64
226.23904419 236.26293945 488.61483765 255 64 64
246.21966553 189.95323181 477.90863037 255 64 64
246.21649170 189.96315002 477.91131592 255 64 64
246.21453857 189.95532227 477.90795898 255 64 64
246.20874023 189.96115112 477.91320801 255 64 64
230.65859985 224.28623962 484.42297363 255 64 64
230.65892029 224.29772949 484.42297363 255 64 64
230.64753723 224.29365540 484.43035889 255 64 64
230.64436340 224.30166626 484.43298340 255 64 64
171.38536072 184.72421265 508.73916626 255 64 64
171.38198853 184.73361206 508.74685669 255 64 64
171.37738037 184.73265076 508.74530029 255 64 64
171.37196350 184.73919678 508.74679565 255 64 64
173.94255066 220.80757141 480.05197144 255 64 64
173.93951416 220.81434631 480.05813599 255 64 64
173.94018555 220.80432129 480.05187988 255 64 64
173.93429565 220.80551147 480.05642700 255 64 64
238.73040771 203.68176270 480.23233032 255 64 64
238.73104858 203.69219971 480.23052979 255 64 64
238.72558594 203.69116211 480.23968506 255 64 64
238.72349548 203.69744873 480.24090576 255 64 64
194.24414062 175.00399780 513.81951904 255 64 64
194.24313354 175.01222229 513.82501221 255 64 64
194.22682190 175.00144958 513.82482910 255 64 64
194.22523499 175.00660706 513.82781982 255 64 64
226.60984802 248.13356018 515.41174316 255 64 64
226.60945129 248.14392090 515.41284180 255 64 64
226.60554504 248.13160706 515.41314697 255 64 64
226.60298157 248.14094543 515.41735840 255 64 64
190.73385620 237.04769897 491.39428711 255 64 64
190.73181152 237.05409241 491.39633179 255 64 64
190.72805786 237.04740906 491.39517212 255 64 64
190.72361755 237.05024719 491.39779663 255 64 64
169.43107605 213.74713135 515.35241699 255 64 64
169.42510986 213.75634766 515.35571289 255 64 64
169.43009949 213.74853516 515.36132812 255 64 64
169.42057800 213.75538635 515.36187744 255 64 64
255.47689819 189.56466675 485.92190552 255 64 64
255.46926880 189.57510376 485.92608643 255 64 64
255.47232056 189.56538391 485.92242432 255 64 64
255.46231079 189.57205200 485.92968750 255 64 64
187.39547729 176.71719360 500.00976562 255 64 64
187.39265442 176.72076416 500.02081299 255 64 64
187.38873291 176.71534729 500.01388550 255 64 64
187.38531494 176.71560669 500.02050781 255 64 64
215.19381714 193.94877625 475.04669189 255 64 64
215.19607544 193.95581055 475.04528809 255 64 64
215.19111633 193.95985413 475.05255127 255 64 64
215.19155884 193.96136475 475.05401611 255 64 64
238.77313232 237.06797791 503.50588989 255 64 64
238.77343750 237.07707214 503.50958252 255 64 64
238.76388550 237.06983948 503.51358032 255 64 64
238.76019287 237.07759094 503.52087402 255 64 64
248.44544983 228.40840149 487.17697144 255 64 64
248.44702148 228.42254639 487.17572021 255 64 64
248.44335938 228.41203308 487.18374634 255 64 64
248.44042969 228.42230225 487.18737793 255 64 64
204.55091858 196.47824097 517.19689941 255 64 64
204.55044556 196.48884583 517.19677734 255 64 64
204.53988647 196.47546387 517.20751953 255 64 64
204.53929138 196.48385620 517.20770264 255 64 64
209.31787109 245.07911682 502.22979736 255 64 64
209.31967163 245.08612061 502.23309326 255 64 64
209.31033325 245.07888794 502.23046875 255 64 64
209.30793762 245.08406067 502.23535156 255 64 64
202.08502197 195.53933716 474.71002197 255 64 64
202.08705139 195.54797363 474.71011353 255 64 64
202.08364868 195.54173279 474.71539307 255 64 64
202.08509827 195.54365540 474.71627808 255 64 64
224.64544678 190.16065979 502.22479248 255 64 64
224.64419556 190.16909790 502.22808838 255 64 64
224.63848877 190.16149902 502.23062134 255 64 64
224.63555908 190.16818237 502.23321533 255 64 64
206.09765625 228.76170349 522.47760010 255 64 64
206.09487915 228.76745605 522.47955322 255 64 64
206.09542847 228.75878906 522.48370361 255 64 64
206.09071350 228.76379395 522.48541260 255 64 64
164.73220825 202.74121094 511.07928467 255 64 64
164.72607422 202.74960327 511.08630371 255 64 64
164.71997070 202.74626160 511.07980347 255 64 64
164.71208191 202.75242615 511.08224487 255 64 64
177.81669617 183.24774170 475.07153320 255 64 64
177.81483459 183.25335693 475.07946777 255 64 64
177.81959534 183.24722290 475.08023071 255 64 64
177.81607056 183.24786377 475.08493042 255 64 64
175.08343506 202.98468018 468.10119629 255 64 64
175.08184814 202.99186707 468.10580444 255 64 64
175.08554077 202.98437500 468.10266113 255 64 64
175.08264160 202.98519897 468.10540771 255 64 64
233.10975647 189.03361511 496.47207642 255 64 64
233.10302734 189.04248047 496.47732544 255 64 64
233.09855652 189.03581238 496.47332764 255 64 64
233.09001160 189.04087830 496.47821045 255 64 64
201.85386658 252.12207031 514.59039307 255 64 64
201.85609436 252.12881470 514.59313965 255 64 64
201.84753418 252.12654114 514.59661865 255 64 64
201.84628296 252.13180542 514.59960938 255 64 64
218.58291626 243.98858643 519.77947998 255 64 64
218.58094788 243.99290466 519.78613281 255 64 64
218.57170105 243.98806763 519.78533936 255 64 64
218.56707764 243.99212646 519.79309082 255 64 64
192.82696533 195.19007874 517.53894043 255 64 64
192.82617188 195.19773865 517.54132080 255 64 64
192.82072449 195.18585205 517.54858398 255 64 64
192.82069397 195.19218445 517.54852295 255 64 64
192.54049683 247.14181519 506.55517578 255 64 64
192.53862000 247.14770508 506.55987549 255 64 64
192.53193665 247.13735962 506.55548096 255 64 64
192.52777100 247.14062500 506.56030273 255 64 64
158.61380005 205.82885742 462.46044922 255 64 64
158.60992432 205.83665466 462.46435547 255 64 64
158.62095642 205.82534790 462.44943237 255 64 64
158.61637878 205.82533264 462.45220947 255 64 64
160.57398987 231.98336792 486.62567139 255 64 64
160.56991577 231.99113464 486.62857056 255 64 64
160.57481384 231.97750854 486.62158203 255 64 64
160.56782532 231.97912598 486.62329102 255 64 64
245.69204712 226.12014771 497.72058105 255 64 64
245.68908691 226.13043213 497.72528076 255 64 64
245.68106079 226.12310791 497.72369385 255 64 64
245.67414856 226.13162231 497.73178101 255 64 64
200.43713379 237.06716919 492.10784912 255 64 64
200.43734741 237.07356262 492.10949707 255 64 64
200.43101501 237.06352234 492.10961914 255 64 64
200.42720032 237.06651306 492.11187744 255 64 64
220.93594360 215.74345398 480.68029785 255 64 64
220.93907166 215.75242615 480.67779541 255 64 64
220.92919922 215.74983215 480.68399048 255 64 64
220.92933655 215.75398254 480.68478394 255 64 64
171.26547241 193.19854736 512.50445557 255 64 64
171.25994873 193.20666504 512.51147461 255 64 64
171.25479126 193.19970703 512.50872803 255 64 64
171.24792480 193.20515442 512.51068115 255 64 64
190.57609558 177.38000488 491.49996948 255 64 64
190.57478333 177.38461304 491.50820923 255 64 64
190.57070923 177.38267517 491.50491333 255 64 64
190.56791687 177.38322449 491.51013184 255 64 64
264.15173340 197.93385315 479.99517822 255 64 64
264.15130615 197.94607544 479.99664307 255 64 64
264.15490723 197.93469238 480.00131226 255 64 64
264.14947510 197.94227600 480.00833130 255 64 64
236.60044861 188.94964600 482.09350586 255 64 64
236.60037231 188.96032715 482.09396362 255 64 64
236.59396362 188.95500183 482.09671021 255 64 64
236.59048462 188.96160889 482.09930420 255 64 64
173.40481567 183.52464294 462.39068604 255 64 64
173.40423584 183.52894592 462.39352417 255 64 64
173.40673828 183.52383423 462.39538574 255 64 64
173.40715027 183.52354431 462.39672852 255 64 64
250.27789307 192.36097717 492.65237427 255 64 64
250.27069092 192.37245178 492.65731812 255 64 64
250.26907349 192.36518860 492.65728760 255 64 64
250.26043701 192.37188721 492.66311646 255 64 64
230.54931641 232.34510803 505.53723145 255 64 64
230.54864502 232.35243225 505.54370117 255 64 64
230.54089355 232.34703064 505.54666138 255 64 64
230.53576660 232.35244751 505.55493164 255 64 64
218.84326172 253.46862793 518.47308350 255 64 64
218.84701538 253.47396851 518.47436523 255 64 64
218.83535767 253.46853638 518.47784424 255 64 64
218.83639526 253.47421265 518.48138428 255 64 64
213.66535950 230.80247498 486.14364624 255 64 64
213.66769409 230.80963135 486.14495850 255 64 64
213.65722656 230.80656433 486.14334106 255 64 64
213.65454102 230.81019592 486.14590454 255 64 64
168.68696594 229.17810059 484.50479126 255 64 64
168.68659973 229.18443298 484.50729370 255 64 64
168.68667603 229.17129517 484.50109863 255 64 64
168.68202209 229.17158508 484.50384521 255 64 64
205.46218872 180.84220886 512.17864990 255 64 64
205.46218872 180.85038757 512.18450928 255 64 64
205.45242310 180.84001160 512.18914795 255 64 64
205.45156860 180.84684753 512.19311523 255 64 64
209.59942627 245.36941528 530.91802979 255 64 64
209.59913635 245.37142944 530.92797852 255 64 64
209.58416748 245.37289429 530.92260742 255 64 64
209.58071899 245.37661743 530.93273926 255 64 64
249.94352722 214.30120850 496.87225342 255 64 64
249.93930054 214.31410217 496.87368774 255 64 64
249.93359375 214.30255127 496.87832642 255 64 64
249.92733765 214.31268311 496.88357544 255 64 64
217.79505920 243.15187073 501.51214600 255 64 64
217.80023193 243.15817261 501.51559448 255 64 64
217.78210449 243.14877319 501.51995850 255 64 64
217.78221130 243.15234375 501.52575684 255 64 64
162.65252686 211.22073364 510.62078857 255 64 64
162.64620972 211.22869873 510.62500000 255 64 64
162.65138245 211.22296143 510.62588501 255 64 64
162.64260864 211.22747803 510.62603760 255 64 64
240.92083740 196.49835205 501.39712524 255 64 64
240.91802979 196.50944519 501.40115356 255 64 64
240.90795898 196.50315857 501.40472412 255 64 64
240.90191650 196.51139832 501.41094971 255 64 64
215.76156616 201.83433533 478.29501343 255 64 64
215.76232910 201.84291077 478.29516602 255 64 64
215.75708008 201.84019470 478.30297852 255 64 64
215.75590515 201.84419250 478.30349731 255 64 64
213.84204102 181.36396790 484.83465576 255 64 64
213.83935547 181.37243652 484.83941650 255 64 64
213.83485413 181.36683655 484.84613037 255 64 64
213.83044434 181.37046814 484.84942627 255 64 64
187.60348511 221.61663818 480.65368652 255 64 64
187.60458374 221.62500000 480.65606689 255 64 64
187.60299683 221.61453247 480.65252686 255 64 64
187.60060120 221.61680603 480.65438843 255 64 64
170.99502563 174.24008179 485.39257812 255 64 64
170.98895264 174.24557495 485.40304565 255 64 64
170.99176025 174.24322510 485.39987183 255 64 64
170.98376465 174.24581909 485.40417480 255 64 64
219.11236572 193.42433167 507.55944824 255 64 64
219.11233521 193.43334961 507.56091309 255 64 64
219.10340881 193.42343140 507.57073975 255 64 64
219.10202026 193.43045044 507.57315063 255 64 64
247.90226746 208.45217896 482.99575806 255 64 64
247.89910889 208.46501160 482.99563599 255 64 64
247.90109253 208.45567322 483.00170898 255 64 64
247.89414978 208.46437073 483.00524902 255 64 64
212.69900513 231.99539185 518.70666504 255 64 64
212.69635010 232.00257874 518.70971680 255 64 64
212.69186401 231.99690247 518.71087646 255 64 64
212.68756104 232.00439453 518.71374512 255 64 64
233.20837402 240.21115112 495.57485962 255 64 64
233.21200562 240.22189331 495.57653809 255 64 64
233.20291138 240.21542358 495.58062744 255 64 64
233.20132446 240.22265625 495.58566284 255 64 64
248.97439575 216.39614868 484.60659790 255 64 64
248.97079468 216.41007996 484.60437012 255 64 64
248.97117615 216.40080261 484.60931396 255 64 64
248.96376038 216.41186523 484.61233521 255 64 64
189.35464478 234.31945801 531.13366699 255 64 64
189.34745789 234.32482910 531.13616943 255 64 64
189.34852600 234.31809998 531.14392090 255 64 64
189.33953857 234.32296753 531.14556885 255 64 64
170.08097839 234.09120178 490.69406128 255 64 64
170.07647705 234.09907532 490.69677734 255 64 64
170.07997131 234.08477783 490.69210815 255 64 64
170.07388306 234.08628845 490.69479370 255 64 64
180.55279541 235.62536621 491.59146118 255 64 64
180.55038452 235.63139343 491.59490967 255 64 64
180.54939270 235.61830139 491.59454346 255 64 64
180.54421997 235.61972046 491.59762573 255 64 64
178.86518860 186.89732361 517.81622314 255 64 64
178.86367798 186.90727234 517.82147217 255 64 64
178.84954834 186.89630127 517.82592773 255 64 64
178.84655762 186.90428162 517.82635498 255 64 64
202.86233521 171.67268372 494.49136353 255 64 64
202.86018372 171.67837524 494.49746704 255 64 64
202.85575867 171.67256165 494.49429321 255 64 64
202.85336304 171.67355347 494.49679565 255 64 64
223.19821167 209.21025085 509.89559937 255 64 64
223.19696045 209.22012329 509.89224243 255 64 64
223.19065857 209.20919800 509.89859009 255 64 64
223.18928528 209.21705627 509.89755249 255 64 64
167.85211182 192.03758240 461.09774780 255 64 64
167.85087585 192.04112244 461.10058594 255 64 64
167.85293579 192.03735352 461.09637451 255 64 64
167.85162354 192.03616333 461.09790039 255 64 64
189.62370300 214.58233643 526.30578613 255 64 64
189.62049866 214.58911133 526.30548096 255 64 64
189.62088013 214.57254028 526.31616211 255 64 64
189.61523438 214.57893372 526.31463623 255 64 64
189.15736389 249.71823120 513.09008789 255 64 64
189.15466309 249.72418213 513.09472656 255 64 64
189.14682007 249.71301270 513.09295654 255 64 64
189.14079285 249.71699524 513.09875488 255 64 64
252.84948730 225.52075195 494.70083618 255 64 64
252.84976196 225.53213501 494.70388794 255 64 64
252.84152222 225.52146912 494.70886230 255 64 64
252.83764648 225.53125000 494.71588135 255 64 64
233.15951538 216.41406250 482.89776611 255 64 64
233.15765381 216.42597961 482.89788818 255 64 64
233.15344238 216.42001343 482.90426636 255 64 64
233.14802551 216.42787170 482.90634155 255 64 64
207.85054016 234.87033081 489.17770386 255 64 64
207.85182190 234.87734985 489.17843628 255 64 64
207.84826660 234.87139893 489.18197632 255 64 64
207.84573364 234.87487793 489.18481445 255 64 64
256.74288940 196.34817505 476.33532715 255 64 64
256.74182129 196.35795593 476.33590698 255 64 64
256.74328613 196.34788513 476.34017944 255 64 64
256.73736572 196.35374451 476.34600830 255 64 64
184.51225281 186.00167847 477.69134521 255 64 64
184.50804138 186.00704956 477.69989014 255 64 64
184.51338196 185.99807739 477.69747925 255 64 64
184.50646973 185.99780273 477.70358276 255 64 64
258.87097168 202.21640015 488.23330688 255 64 64
258.86547852 202.22920227 488.23629761 255 64 64
258.86679077 202.21664429 488.23815918 255 64 64
258.85827637 202.22618103 488.24511719 255 64 64
210.67361450 187.42057800 475.78930664 255 64 64
210.67419434 187.42649841 475.78918457 255 64 64
210.67277527 187.42819214 475.79165649 255 64 64
210.67243958 187.43005371 475.79266357 255 64 64
175.15194702 210.20233154 470.37728882 255 64 64
175.15081787 210.20739746 470.38150024 255 64 64
175.15341187 210.19795227 470.37628174 255 64 64
175.15148926 210.19715881 470.37826538 255 64 64
224.00027466 246.80461121 505.71865845 255 64 64
224.00331116 246.81291199 505.71923828 255 64 64
223.99468994 246.80624390 505.72598267 255 64 64
223.99450684 246.81259155 505.73059082 255 64 64
179.28715515 176.27674866 516.64678955 255 64 64
179.28297424 176.28704834 516.65478516 255 64 64
179.26681519 176.27717590 516.64843750 255 64 64
179.26223755 176.28366089 516.65209961 255 64 64
172.98947144 174.25225830 462.02191162 255 64 64
172.99339294 174.25660706 462.02734375 255 64 64
172.99768066 174.24420166 462.03207397 255 64 64
173.00192261 174.24398804 462.03485107 255 64 64
173.93597412 173.95777893 507.32254028 255 64 64
173.93334961 173.96600342 507.32958984 255 64 64
173.92720032 173.95875549 507.32507324 255 64 64
173.92361450 173.96336365 507.32727051 255 64 64
196.05792236 167.41215515 486.44003296 255 64 64
196.05891418 167.41445923 486.44754028 255 64 64
196.05708313 167.41090393 486.44342041 255 64 64
196.05587769 167.41001892 486.44717407 255 64 64
201.46662903 211.40943909 522.13043213 255 64 64
201.46343994 211.41809082 522.13067627 255 64 64
201.46272278 211.40892029 522.14025879 255 64 64
201.46008301 211.41618347 522.14044189 255 64 64
200.14096069 212.23101807 477.93060303 255 64 64
200.14123535 212.23869324 477.93090820 255 64 64
200.13952637 212.22691345 477.93084717 255 64 64
200.13696289 212.22885132 477.93191528 255 64 64
186.16940308 207.63304138 525.70227051 255 64 64
186.16300964 207.64338684 525.70227051 255 64 64
186.15739441 207.62963867 525.70483398 255 64 64
186.15122986 207.63893127 525.70452881 255 64 64
182.62286377 220.63618469 531.02990723 255 64 64
182.61427307 220.64346313 531.03350830 255 64 64
182.61880493 220.63613892 531.03857422 255 64 64
182.60957336 220.64331055 531.03948975 255 64 64
211.03686523 224.86123657 517.53704834 255 64 64
211.03134155 224.86965942 517.53649902 255 64 64
211.03276062 224.86227417 517.54571533 255 64 64
211.02616882 224.86978149 517.54663086 255 64 64
157.99810791 221.25912476 475.16488647 255 64 64
157.99392700 221.26791382 475.16915894 255 64 64
158.00085449 221.25596619 475.16259766 255 64 64
157.99301147 221.25917053 475.16522217 255 64 64
210.42843628 222.72691345 482.02160645 255 64 64
210.42813110 222.73483276 482.02310181 255 64 64
210.42124939 222.73164368 482.02438354 255 64 64
210.41815186 222.73667908 482.02700806 255 64 64
171.77566528 177.52323914 476.18331909 255 64 64
171.77233887 177.52941895 476.19253540 255 64 64
171.77957153 177.52439880 476.19567871 255 64 64
171.77316284 177.52508545 476.20053101 255 64 64
193.08843994 231.82803345 486.74206543 255 64 64
193.08792114 231.83642578 486.74163818 255 64 64
193.08325195 231.82572937 486.74670410 255 64 64
193.07968140 231.82948303 486.74780273 255 64 64
224.20953369 200.51239014 477.91418457 255 64 64
224.21438599 200.52288818 477.91262817 255 64 64
224.20755005 200.51902771 477.92135620 255 64 64
224.20883179 200.52430725 477.92169189 255 64 64
180.60046387 223.69902039 481.26373291 255 64 64
180.60032654 223.70649719 481.26626587 255 64 64
180.59690857 223.69338989 481.26181030 255 64 64
180.59294128 223.69432068 481.26528931 255 64 64
177.83996582 177.94856262 489.53967285 255 64 64
177.83789062 177.95372009 489.54873657 255 64 64
177.84150696 177.95185852 489.54052734 255 64 64
177.83538818 177.95234680 489.54470825 255 64 64
252.95779419 186.34378052 479.86614990 255 64 64
252.95364380 186.35287476 479.86993408 255 64 64
252.95700073 186.34143066 479.86862183 255 64 64
252.94851685 186.34663391 479.87551880 255 64 64
176.27288818 197.47933960 515.66369629 255 64 64
176.26571655 197.49032593 515.66711426 255 64 64
176.26034546 197.48263550 515.66827393 255 64 64
176.25212097 197.49015808 515.66796875 255 64 64
238.31872559 223.21455383 484.12918091 255 64 64
238.31826782 223.22718811 484.12667847 255 64 64
238.31253052 223.22015381 484.13784790 255 64 64
238.30905151 223.22868347 484.13955688 255 64 64
172.82252502 208.52984619 511.68710327 255 64 64
172.81842041 208.53720093 511.69284058 255 64 64
172.81607056 208.53118896 511.69567871 255 64 64
172.80941772 208.53657532 511.69717407 255 64 64
193.91751099 224.21432495 483.01425171 255 64 64
193.91458130 224.22227478 483.01583862 255 64 64
193.91256714 224.21090698 483.01422119 255 64 64
193.90727234 224.21411133 483.01577759 255 64 64
223.50299072 240.83666992 497.77075195 255 64 64
223.50474548 240.84660339 497.77133179 255 64 64
223.49729919 240.84011841 497.77703857 255 64 64
223.49572754 240.84695435 497.78125000 255 64 64
169.98263550 240.38081360 502.19537354 255 64 64
169.97680664 240.38900757 502.20037842 255 64 64
169.97851562 240.37376404 502.19497681 255 64 64
169.96888733 240.37719727 502.20071411 255 64 64
211.28503418 253.61167908 517.27691650 255 64 64
211.28747559 253.61737061 517.27984619 255 64 64
211.27786255 253.60661316 517.27984619 255 64 64
211.27684021 253.61157227 517.28552246 255 64 64
209.70115662 180.20954895 503.94174194 255 64 64
209.70045471 180.21611023 503.94656372 255 64 64
209.68710327 180.21128845 503.94888306 255 64 64
209.68249512 180.21501160 503.95233154 255 64 64
230.73106384 247.67297363 509.61114502 255 64 64
230.73526001 247.68251038 509.61389160 255 64 64
230.72436523 247.67114258 509.61926270 255 64 64
230.72479248 247.67871094 509.62582397 255 64 64
216.94393921 247.66265869 527.98693848 255 64 64
216.94464111 247.66537476 527.99768066 255 64 64
216.92584229 247.66598511 527.98571777 255 64 64
216.92462158 247.66943359 527.99621582 255 64 64
240.05593872 229.68273926 500.19534302 255 64 64
240.05645752 229.69073486 500.20227051 255 64 64
240.04421997 229.68370056 500.20355225 255 64 64
240.04074097 229.69056702 500.21176147 255 64 64
174.82592773 200.74383545 507.95245361 255 64 64
174.81950378 200.75393677 507.95455933 255 64 64
174.81713867 200.74978638 507.95983887 255 64 64
174.80953979 200.75643921 507.95962524 255 64 64
187.14210510 177.29547119 512.42340088 255 64 64
187.14239502 177.30249023 512.42877197 255 64 64
187.13040161 177.29382324 512.43139648 255 64 64
187.13140869 177.29821777 512.43280029 255 64 64
213.14334106 213.23043823 480.65292358 255 64 64
213.14324951 213.23806763 480.65411377 255 64 64
213.13714600 213.23747253 480.65097046 255 64 64
213.13479614 213.24087524 480.65374756 255 64 64
167.36579895 198.13558960 501.37545776 255 64 64
167.36163330 198.14390564 501.37628174 255 64 64
167.35815430 198.14172363 501.37408447 255 64 64
167.35446167 198.14646912 501.37167358 255 64 64
220.86909485 230.70802307 486.31790161 255 64 64
220.87017822 230.71755981 486.31530762 255 64 64
220.86187744 230.71333313 486.32064819 255 64 64
220.85879517 230.71899414 486.32113647 255 64 64
205.16055298 189.48806763 513.58648682 255 64 64
205.15840149 189.49774170 513.58856201 255 64 64
205.14923096 189.48931885 513.59729004 255 64 64
205.14651489 189.49691772 513.59777832 255 64 64
202.80030823 175.78691101 478.72631836 255 64 64
202.80140686 175.79159546 478.73239136 255 64 64
202.79731750 175.78953552 478.73583984 255 64 64
202.79667664 175.78997803 478.73959351 255 64 64
168.89230347 200.40782166 516.19464111 255 64 64
168.88693237 200.41534424 516.20159912 255 64 64
168.87934875 200.40359497 516.20263672 255 64 64
168.87185669 200.40960693 516.20483398 255 64 64
162.81367493 211.91125488 465.69641113 255 64 64
162.81170654 211.91729736 465.69888306 255 64 64
162.81896973 211.90695190 465.68472290 255 64 64
162.81597900 211.90760803 465.68576050 255 64 64
201.08656311 231.79997253 526.40490723 255 64 64
201.08299255 231.80633545 526.40545654 255 64 64
201.08235168 231.79635620 526.41052246 255 64 64
201.07505798 231.80259705 526.41131592 255 64 64
245.17465210 234.11227417 489.49005127 255 64 64
245.17622375 234.12712097 489.48800659 255 64 64
245.17126465 234.11709595 489.49792480 255 64 64
245.16824341 234.12933350 489.50134277 255 64 64
181.27882385 177.31082153 496.36450195 255 64 64
181.27774048 177.31869507 496.37280273 255 64 64
181.27719116 177.31323242 496.36605835 255 64 64
181.27461243 177.31640625 496.36947632 255 64 64
201.20437622 220.33612061 482.38394165 255 64 64
201.20338440 220.34414673 482.38540649 255 64 64
201.19648743 220.33792114 482.38070679 255 64 64
201.19235229 220.34130859 482.38363647 255 64 64
185.55422974 185.21926880 518.44616699 255 64 64
185.55207825 185.23025513 518.45025635 255 64 64
185.53764343 185.21810913 518.45446777 255 64 64
185.53482056 185.22781372 518.45581055 255 64 64
187.64230347 207.45809937 474.60888672 255 64 64
187.63922119 207.46603394 474.61068726 255 64 64
187.64486694 207.45712280 474.61114502 255 64 64
187.64076233 207.45788574 474.61224365 255 64 64
168.51631165 205.86174011 465.40478516 255 64 64
168.51368713 205.86746216 465.40954590 255 64 64
168.51637268 205.85806274 465.39758301 255 64 64
168.51278687 205.85751343 465.40155029 255 64 64
194.36462402 188.28256226 475.99392700 255 64 64
194.36260986 188.28820801 475.99819946 255 64 64
194.35919189 188.28530884 476.00006104 255 64 64
194.35635376 188.28717041 476.00357056 255 64 64
222.72915649 199.43402100 508.01995850 255 64 64
222.72689819 199.44279480 508.01739502 255 64 64
222.72183228 199.43455505 508.02655029 255 64 64
222.71936035 199.44171143 508.02502441 255 64 64
258.08370972 222.95440674 490.73220825 255 64 64
258.08303833 222.96972656 490.73251343 255 64 64
258.08319092 222.95736694 490.74060059 255 64 64
258.07897949 222.96905518 490.74627686 255 64 64
237.23410034 197.06875610 479.08932495 255 64 64
237.23147583 197.08003235 479.08734131 255 64 64
237.22964478 197.08102417 479.08978271 255 64 64
237.22598267 197.08836365 479.09225464 255 64 64
215.16716003 187.93464661 504.17367554 255 64 64
215.16911316 187.94169617 504.17440796 255 64 64
215.16235352 187.93482971 504.18383789 255 64 64
215.16198730 187.94041443 504.18524170 255 64 64
244.12496948 193.10310364 496.37176514 255 64 64
244.12011719 193.11151123 496.37805176 255 64 64
244.11437988 193.10508728 496.37387085 255 64 64
244.10656738 193.11161804 496.38153076 255 64 64
194.90472412 178.23695374 484.93917847 255 64 64
194.90423584 178.24069214 484.94802856 255 64 64
194.89889526 178.24073792 484.94735718 255 64 64
194.89587402 178.24046326 484.95343018 255 64 64
169.74044800 215.51411438 508.78988647 255 64 64
169.73464966 215.52432251 508.78985596 255 64 64
169.74118042 215.51663208 508.79608154 255 64 64
169.73355103 215.52287292 508.79418945 255 64 64
245.04177856 222.73078918 485.62463379 255 64 64
245.04159546 222.74404907 485.62240601 255 64 64
245.04275513 222.73423767 485.63458252 255 64 64
245.03866577 222.74386597 485.63815308 255 64 64
224.46154785 192.99311829 476.57452393 255 64 64
224.46099854 193.00181580 476.57272339 255 64 64
224.45803833 193.00564575 476.58004761 255 64 64
224.45639038 193.00901794 476.58209229 255 64 64
173.20858765 236.76751709 496.06555176 255 64 64
173.20532227 236.77378845 496.06985474 255 64 64
173.19836426 236.76040649 496.06817627 255 64 64
173.19094849 236.76162720 496.07168579 255 64 64
215.81341553 211.07479858 514.26239014 255 64 64
215.81317139 211.08587646 514.26043701 255 64 64
215.81204224 211.07180786 514.26989746 255 64 64
215.80993652 211.08064270 514.26892090 255 64 64
177.06723022 191.42118835 464.16339111 255 64 64
177.06851196 191.42633057 464.16360474 255 64 64
177.06573486 191.42042542 464.16769409 255 64 64
177.06559753 191.42147827 464.16650391 255 64 64
163.83779907 196.97135925 507.76361084 255 64 64
163.83311462 196.97949219 507.77078247 255 64 64
163.82615662 196.97612000 507.76638794 255 64 64
163.82046509 196.98065186 507.76831055 255 64 64
260.12414551 218.39511108 486.25018311 255 64 64
260.12594604 218.40733337 486.25030518 255 64 64
260.12628174 218.39610291 486.26141357 255 64 64
260.12356567 218.40565491 486.26733398 255 64 64
185.15982056 246.40744019 507.42007446 255 64 64
185.15762329 246.41284180 507.42388916 255 64 64
185.15232849 246.40493774 507.42187500 255 64 64
185.14698792 246.40676880 507.42553711 255 64 64
180.47436523 199.30424500 467.01809692 255 64 64
180.47531128 199.30969238 467.02114868 255 64 64
180.47831726 199.30487061 467.01425171 255 64 64
180.47888184 199.30477905 467.01599121 255 64 64
223.68731689 186.21031189 497.02841187 255 64 64
223.68212891 186.21829224 497.03533936 255 64 64
223.67166138 186.21597290 497.03390503 255 64 64
223.66458130 186.22093201 497.03952026 255 64 64
191.90708923 194.93656921 472.58270264 255 64 64
191.90750122 194.94187927 472.58615112 255 64 64
191.91055298 194.93792725 472.58447266 255 64 64
191.91079712 194.93833923 472.58779907 255 64 64
260.70425415 192.45571899 483.27886963 255 64 64
260.70010376 192.46678162 483.28103638 255 64 64
260.70382690 192.45344543 483.28521729 255 64 64
260.69497681 192.46104431 483.29107666 255 64 64
220.24259949 214.96333313 510.71182251 255 64 64
220.23999023 214.96994019 510.71701050 255 64 64
220.23625183 214.96742249 510.71609497 255 64 64
220.23065186 214.97363281 510.72128296 255 64 64
197.46124268 200.31442261 475.04794312 255 64 64
197.46636963 200.32119751 475.05007935 255 64 64
197.46295166 200.31387329 475.05450439 255 64 64
197.46551514 200.31430054 475.05780029 255 64 64
234.33157349 202.73648071 505.81619263 255 64 64
234.33163452 202.74589539 505.81488037 255 64 64
234.32476807 202.73681641 505.82467651 255 64 64
234.32186890 202.74464417 505.82586670 255 64 64
176.16107178 229.68225098 484.81378174 255 64 64
176.15986633 229.68786621 484.81753540 255 64 64
176.15815735 229.67803955 484.81549072 255 64 64
176.15373230 229.67837524 484.81945801 255 64 64
230.46913147 231.91778564 486.26580811 255 64 64
230.47207642 231.92976379 486.26412964 255 64 64
230.46357727 231.92239380 486.26986694 255 64 64
230.46208191 231.93104553 486.27166748 255 64 64
169.84985352 186.03428650 502.58547974 255 64 64
169.84571838 186.04209900 502.59161377 255 64 64
169.84239197 186.03843689 502.58801270 255 64 64
169.83761597 186.04328918 502.58981323 255 64 64
167.87445068 220.94383240 477.83825684 255 64 64
167.87248230 220.94880676 477.84454346 255 64 64
167.87651062 220.94206238 477.83459473 255 64 64
167.87121582 220.94128418 477.83923340 255 64 64
258.56729126 211.37611389 483.82037354 255 64 64
258.56738281 211.38899231 483.81967163 255 64 64
258.56848145 211.37844849 483.82662964 255 64 64
258.56567383 211.38778687 483.83184814 255 64 64
188.34194946 240.03057861 497.26855469 255 64 64
188.34169006 240.03599548 497.27276611 255 64 64
188.33218384 240.02822876 497.27011108 255 64 64
188.32731628 240.03100586 497.27511597 255 64 64
250.87544250 236.03295898 492.36593628 255 64 64
250.88011169 236.04656982 492.36544800 255 64 64
250.87249756 236.03222656 492.37551880 255 64 64
250.87184143 236.04246521 492.38119507 255 64 64
255.60662842 195.00131226 490.18127441 255 64 64
255.60067749 195.01211548 490.18600464 255 64 64
255.60249329 194.99845886 490.18499756 255 64 64
255.59332275 195.00564575 490.19351196 255 64 64
254.98992920 209.92242432 493.44631958 255 64 64
254.98550415 209.93487549 493.44964600 255 64 64
254.98265076 209.92477417 493.44860840 255 64 64
254.97537231 209.93405151 493.45602417 255 64 64
170.41799927 172.62751770 491.62457275 255 64 64
170.41462708 172.63539124 491.63732910 255 64 64
170.41479492 172.63101196 491.62606812 255 64 64
170.40850830 172.63435364 491.63122559 255 64 64
178.30337524 217.36712646 476.88577271 255 64 64
178.30293274 217.37341309 476.88922119 255 64 64
178.30474854 217.36228943 476.88214111 255 64 64
178.30117798 217.36230469 476.88467407 255 64 64
263.19784546 194.10937500 474.96365356 255 64 64
263.20065308 194.11997986 474.96322632 255 64 64
263.20379639 194.11083984 474.96383667 255 64 64
263.19982910 194.11614990 474.97015381 255 64 64
243.29515076 240.26528931 498.27838135 255 64 64
243.29620361 240.27932739 498.27761841 255 64 64
243.28970337 240.26733398 498.28280640 255 64 64
243.28793335 240.27915955 498.28698730 255 64 64
194.14604187 208.60308838 523.18572998 255 64 64
194.14265442 208.61051941 523.18695068 255 64 64
194.14315796 208.60067749 523.19140625 255 64 64
194.13887024 208.60749817 523.19201660 255 64 64
200.03132629 181.43817139 479.60943604 255 64 64
200.02923584 181.44398499 479.61459351 255 64 64
200.02534485 181.44403076 479.61221313 255 64 64
200.02136230 181.44595337 479.61557007 255 64 64
223.47697449 184.86239624 486.69390869 255 64 64
223.47303772 184.86909485 486.69635010 255 64 64
223.46878052 184.86166382 486.70104980 255 64 64
223.46298218 184.86532593 486.70416260 255 64 64
218.18495178 234.95507812 514.80218506 255 64 64
218.18261719 234.96147156 514.80841064 255 64 64
218.17582703 234.95599365 514.80957031 255 64 64
218.17016602 234.96142578 514.81579590 255 64 64
209.90333557 206.12092590 517.19201660 255 64 64
209.90353394 206.12901306 517.19299316 255 64 64
209.89582825 206.11984253 517.20159912 255 64 64
209.89416504 206.12689209 517.20245361 255 64 64
244.52577209 201.98152161 482.09115601 255 64 64
244.52206421 201.99172974 482.09158325 255 64 64
244.52233887 201.98321533 482.09481812 255 64 64
244.51573181 201.99041748 482.10028076 255 64 64
238.02929688 213.99607849 502.42770386 255 64 64
238.02819824 214.00398254 502.43405151 255 64 64
238.01591492 214.00054932 502.42926025 255 64 64
238.01188660 214.00613403 502.43685913 255 64 64
200.78503418 188.01852417 472.42980957 255 64 64
200.78871155 188.02644348 472.43280029 255 64 64
200.79034424 188.02014160 472.43228149 255 64 64
200.79231262 188.02177429 472.43502808 255 64 64
175.14118958 183.09867859 514.47039795 255 64 64
175.13755798 183.10839844 514.47808838 255 64 64
175.12443542 183.10581970 514.47351074 255 64 64
175.11965942 183.11312866 514.47613525 255 64 64
240.69514465 208.67446899 483.46432495 255 64 64
240.69532776 208.68560791 483.46356201 255 64 64
240.69033813 208.68141174 483.47143555 255 64 64
240.68646240 208.68820190 483.47402954 255 64 64
194.64163208 188.20646667 518.03460693 255 64 64
194.64089966 188.21682739 518.03540039 255 64 64
194.63006592 188.20658875 518.04406738 255 64 64
194.62921143 188.21508789 518.04382324 255 64 64
225.44105530 186.92634583 479.82131958 255 64 64
225.43777466 186.93603516 479.82125854 255 64 64
225.43606567 186.93399048 479.82922363 255 64 64
225.43096924 186.93949890 479.83126831 255 64 64
204.31103516 172.16065979 483.57369995 255 64 64
204.31211853 172.16502380 483.58117676 255 64 64
204.30780029 172.15866089 483.57635498 255 64 64
204.30743408 172.15887451 483.58111572 255 64 64
250.51136780 230.39996338 497.78500366 255 64 64
250.51142883 230.41152954 497.79022217 255 64 64
250.50230408 230.40155029 497.78826904 255 64 64
250.49981689 230.41094971 497.79733276 255 64 64
234.19677734 242.68226624 506.64108276 255 64 64
234.19894409 242.69183350 506.64382935 255 64 64
234.18630981 242.68399048 506.64495850 255 64 64
234.18539429 242.69128418 506.65127563 255 64 64
259.62350464 201.69869995 477.69256592 255 64 64
259.62448120 201.71017456 477.69326782 255 64 64
259.62731934 201.69664001 477.69708252 255 64 64
259.62377930 201.70274353 477.70394897 255 64 64
176.08845520 240.86227417 501.17639160 255 64 64
176.08503723 240.86862183 501.18292236 255 64 64
176.08349609 240.85826111 501.17037964 255 64 64
176.07691956 240.85968018 501.17584229 255 64 64
203.38430786 241.47796631 497.40713501 255 64 64
203.38378906 241.48480225 497.40798950 255 64 64
203.37562561 241.47714233 497.40747070 255 64 64
203.37213135 241.48065186 497.41113281 255 64 64
194.48498535 222.10876465 527.55938721 255 64 64
194.47903442 222.11563110 527.56091309 255 64 64
194.47744751 222.10656738 527.56604004 255 64 64
194.46994019 222.11245728 527.56652832 255 64 64
207.11288452 250.80290222 511.62396240 255 64 64
207.11355591 250.81056213 511.62484741 255 64 64
207.10769653 250.80337524 511.62417603 255 64 64
207.10556030 250.80929565 511.62747192 255 64 64
169.45098877 172.07020569 470.61431885 255 64 64
169.45066833 172.07344055 470.62463379 255 64 64
169.45216370 172.06632996 470.61669922 255 64 64
169.45025635 172.06478882 470.62268066 255 64 64
173.58457947 199.13311768 463.58428955 255 64 64
173.58532715 199.13793945 463.58758545 255 64 64
173.58688354 199.13201904 463.57995605 255 64 64
173.58766174 199.13067627 463.58273315 255 64 64
172.53488159 203.82258606 502.54519653 255 64 64
172.53092957 203.83316040 502.54782104 255 64 64
172.53564453 203.82452393 502.55261230 255 64 64
172.53205872 203.83047485 502.55194092 255 64 64
199.07748413 193.72933960 516.99566650 255 64 64
199.07830811 193.73754883 516.99713135 255 64 64
199.06808472 193.72540283 517.00567627 255 64 64
199.06909180 193.73222351 517.00689697 255 64 64
170.29063416 178.96919250 459.21063232 255 64 64
170.29438782 178.97398376 459.21392822 255 64 64
170.29643250 178.96409607 459.21881104 255 64 64
170.30029297 178.96386719 459.21856689 255 64 64
258.73513794 229.82186890 490.69445801 64 255 128
64.86555481 120.56487274 543.76678467 64 255 128
124.32238007 206.88240051 451.54156494 64 255 128
160.82299805 253.53598022 551.42095947 64 255 128
121.32106018 97.09412384 445.02636719 64 255 128
79.59899902 214.50099182 536.56201172 64 255 128
57.11399078 155.53926086 462.81646729 64 255 128
195.98387146 167.75285339 494.12792969 64 255 128
126.50505066 149.35144043 515.62213135 64 255 128
186.66400146 235.61100769 489.58798218 64 255 128
122.38299561 241.37001038 498.63497925 64 255 128
148.05183411 153.25601196 441.33401489 64 255 128
77.82169342 102.51834869 486.97875977 64 255 128
217.34899902 253.21298218 532.75695801 64 255 128
72.30009460 204.38497925 477.09902954 64 255 128
159.05984497 203.15917969 523.18994141 64 255 128
96.01213074 141.63117981 427.57833862 64 255 128
71.01543427 167.76904297 562.13116455 64 255 128
59.78821182 169.76705933 512.92871094 64 255 128
173.58334351 199.14112854 463.57174683 64 255 128
219.46614075 205.97985840 511.74258423 64 255 128
114.22300720 247.10301208 546.42303467 64 255 128
142.21397400 124.67712402 476.89825439 64 255 128
252.95326233 186.34672546 479.86553955 64 255 128
90.30963135 180.64772034 445.28192139 64 255 128
120.52999878 205.42900085 539.02600098 64 255 128
92.25282288 130.60292053 515.85473633 64 255 128
83.02734375 108.19715881 446.71694946 64 255 128
146.29399109 220.53800964 475.87002563 64 255 128
208.31063843 199.13333130 475.24719238 64 255 128
97.47007751 165.86282349 535.65197754 64 255 128
100.54303741 220.45169067 480.56423950 64 255 128
156.63400269 245.74699402 514.04400635 64 255 128
160.05418396 156.98439026 501.88546753 64 255 128
186.74600220 230.01701355 531.03204346 64 255 128
57.54800415 135.52554321 493.96215820 64 255 128
223.49700928 240.84300232 497.76199341 64 255 128
151.67802429 118.21903229 442.65365601 64 255 128
109.30790710 116.61743927 480.07641602 64 255 128
169.16366577 143.62745667 466.68972778 64 255 128
147.33786011 184.41744995 446.44686890 64 255 128
94.47499847 234.42700195 514.84100342 64 255 128
189.08221436 190.51866150 516.68560791 64 255 128
117.11315918 165.09722900 433.02761841 64 255 128
134.28800964 174.06176758 495.87139893 64 255 128
122.59860229 124.72901917 429.57080078 64 255 128
143.03599548 228.43200684 535.74499512 64 255 128
60.31401443 150.30506897 537.44952393 64 255 128
72.55259705 106.45944977 517.36383057 64 255 128
63.30029678 126.65651703 460.73977661 64 255 128
66.60294342 198.87931824 507.54147339 64 255 128
233.14633179 216.42497253 482.88906860 64 255 128
58.83085251 180.62928772 482.05386353 64 255 128
169.35057068 173.01974487 475.94381714 64 255 128
189.92799377 252.20501709 550.01599121 64 255 128
74.12298584 157.76858521 438.50735474 64 255 128
197.03799438 250.48800659 512.21697998 64 255 128
95.75421143 207.71566772 459.12319946 64 255 128
226.03161621 185.52264404 492.13385010 64 255 128
70.93367004 186.06660461 537.05395508 64 255 128
96.56900024 227.51800537 553.60504150 64 255 128
97.27258301 96.04111481 466.23980713 64 255 128
79.50773621 216.80271912 501.47558594 64 255 128
131.02699280 249.52799988 524.83599854 64 255 128
67.05049896 139.87011719 561.65692139 64 255 128
247.72763062 203.26799011 499.57653809 64 255 128
175.55299377 255.50300598 528.64495850 64 255 128
60.21681595 130.61364746 518.77178955 64 255 128
125.28960419 130.78370667 496.35968018 64 255 128
187.69721985 213.86680603 476.43658447 64 255 128
149.00086975 206.32492065 458.86718750 64 255 128
82.27895355 138.14721680 537.74548340 64 255 128
116.87212372 185.99870300 443.53338623 64 255 128
74.37562561 132.66375732 438.67242432 64 255 128
132.17576599 174.66658020 520.96557617 64 255 128
67.41641998 179.77017212 457.58450317 64 255 128
212.69300842 232.00599670 518.70001221 64 255 128
172.34608459 192.66146851 499.98110962 64 255 128
55.74779129 159.09184265 489.14013672 64 255 128
95.48900604 195.72999573 541.33703613 64 255 128
122.15635681 217.63748169 469.45150757 64 255 128
210.42007446 222.73707581 482.01834106 64 255 128
159.70199585 235.35800171 492.53698730 64 255 128
99.28775787 116.56078339 430.79367065 64 255 128
126.64136505 109.82183838 465.52868652 64 255 128
166.26545715 163.94570923 452.97821045 64 255 128
189.71885681 185.52552795 481.80969238 64 255 128
209.89321899 184.54458618 509.56219482 64 255 128
145.62585449 139.07893372 499.67572021 64 255 128
262.45855713 206.40888977 482.49557495 64 255 128
93.86918640 118.53393555 495.77551270 64 255 128
169.74366760 215.51852417 508.78060913 64 255 128
105.51164246 146.42681885 523.32232666 64 255 128
164.03601074 234.17599487 536.62200928 64 255 128
127.83760071 147.12438965 430.34338379 64 255 128
162.24847412 136.40974426 447.27825928 64 255 128
79.76468658 195.92866516 458.18792725 64 255 128
167.87377930 220.94303894 477.82940674 64 255 128
153.87599182 181.72743225 505.25354004 64 255 128
118.95199585 226.46200562 544.66400146 64 255 128
95.74723816 162.75350952 433.95483398 64 255 128
82.61299896 204.87500000 557.67199707 64 255 128
149.81600952 255.22100830 532.40802002 64 255 128
232.94363403 221.61044312 503.55291748 64 255 128
64.59321594 118.65857697 483.00534058 64 255 128
201.46319580 211.41725159 522.12988281 64 255 128
176.58099365 244.97000122 507.87503052 64 255 128
104.05399323 232.09400940 494.83801270 64 255 128
157.23571777 123.42884827 462.54180908 64 255 128
145.15007019 157.41090393 516.06494141 64 255 128
110.76399994 246.37399292 522.29998779 64 255 128
140.38200378 206.99700928 533.55297852 64 255 128
134.79765320 108.93995667 434.36328125 64 255 128
172.05480957 175.36941528 516.37060547 64 255 128
178.56675720 210.66427612 529.81573486 64 255 128
209.15284729 178.07577515 482.45217896 64 255 128
82.57868195 157.42840576 548.79058838 64 255 128
157.59320068 140.74421692 483.53054810 64 255 128
139.81999207 235.74299622 488.33999634 64 255 128
56.53947067 150.35087585 508.37539673 64 255 128
98.42400360 237.20899963 534.80102539 64 255 128
243.29200745 240.27400208 498.26800537 64 255 128
112.64102173 172.68849182 527.16809082 64 255 128
79.17544556 104.32764435 466.00613403 64 255 128
165.23915100 183.70425415 456.29565430 64 255 128
120.84799957 228.65800476 483.68701172 64 255 128
100.34517670 100.56418610 441.87149048 64 255 128
197.12199402 255.59500122 530.97698975 64 255 128
140.34022522 131.83935547 434.38961792 64 255 128
237.22979736 197.08445740 479.08316040 64 255 128
226.60499573 248.13699341 515.40203857 64 255 128
135.82734680 169.24916077 437.41906738 64 255 128
56.56361008 141.13655090 475.90447998 64 255 128
108.52832794 131.91731262 503.79699707 64 255 128
84.71102905 214.70037842 480.62634277 64 255 128
76.52883911 120.57633209 529.02172852 64 255 128
181.84545898 176.39782715 502.20053101 64 255 128
203.37300110 241.48400879 497.39700317 64 255 128
165.11503601 157.73712158 482.86203003 64 255 128
143.21458435 109.60931396 456.42807007 64 255 128
59.97832870 183.19534302 501.42001343 64 255 128
65.63225555 116.23429871 501.14602661 64 255 128
138.81201172 244.71400452 505.70202637 64 255 128
103.90200043 212.53999329 540.49096680 64 255 128
80.67099762 221.55799866 519.93499756 64 255 128
64.21198273 168.91668701 537.83557129 64 255 128
64.01760101 143.11312866 448.46981812 64 255 128
86.47290039 175.79835510 546.33740234 64 255 128
113.74915314 97.73744202 461.33905029 64 255 128
99.35037231 195.58055115 448.22677612 64 255 128
62.75640488 196.00526428 488.42028809 64 255 128
108.23962402 215.53559875 464.53793335 64 255 128
162.81600952 211.91636658 465.68161011 64 255 128
157.45199585 218.82598877 533.28698730 64 255 128
94.42455292 104.49460602 481.02868652 64 255 128
117.77064514 107.88107300 432.48059082 64 255 128
138.81510925 197.77207947 449.42398071 64 255 128
124.96549225 121.62332153 479.06011963 64 255 128
70.37842560 196.65078735 525.07366943 64 255 128
196.78036499 172.95768738 510.19342041 64 255 128
220.91746521 188.44984436 475.76657104 64 255 128
111.22255707 150.09480286 427.64230347 64 255 128
232.97210693 196.47859192 504.66979980 64 255 128
152.55470276 169.16027832 444.67770386 64 255 128
64.67728424 165.31716919 450.33190918 64 255 128
178.24499512 240.84100342 541.98303223 64 255 128
82.62046051 110.53571320 504.38528442 64 255 128
201.25498962 237.81399536 529.62200928 64 255 128
110.23600006 194.02299500 533.16894531 64 255 128
141.85397339 190.79728699 519.49542236 64 255 128
129.17999268 239.44300842 537.51800537 64 255 128
187.79885864 199.04908752 470.11492920 64 255 128
145.66021729 164.53561401 501.96069336 64 255 128
104.77454376 176.38409424 437.94012451 64 255 128
248.96519470 216.40637207 484.59930420 64 255 128
230.46200562 231.93099976 486.25799561 64 255 128
139.68244934 216.41014099 465.30734253 64 255 128
72.47283173 180.95573425 550.72338867 64 255 128
66.14447784 190.65750122 469.13909912 64 255 128
178.40252686 185.07301331 469.96011353 64 255 128
129.05400085 196.77198792 528.89001465 64 255 128
107.51399994 241.21299744 507.74502563 64 255 128
63.48749924 153.31771851 554.20495605 64 255 128
91.49099731 224.98300171 501.09201050 64 255 128
58.77805710 170.29537964 467.02288818 64 255 128
107.60958862 131.11096191 426.74069214 64 255 128
90.30487823 151.63470459 535.80273438 64 255 128
84.59817505 120.00027466 435.34606934 64 255 128
150.93598938 241.63400269 540.62005615 64 255 128
72.19624329 119.19722748 448.11495972 64 255 128
60.54853058 134.29083252 533.92462158 64 255 128
70.36130524 206.87960815 494.33761597 64 255 128
131.80799866 217.32099915 541.32495117 64 255 128
59.15556717 158.32257080 522.35632324 64 255 128
173.79467773 160.19595337 465.95452881 64 255 128
211.28199768 253.61099243 517.26599121 64 255 128
219.30139160 210.54127502 479.74255371 64 255 128
77.35995483 173.22573853 446.33996582 64 255 128
80.70742035 145.61614990 432.00177002 64 255 128
173.81800842 255.42100525 543.94195557 64 255 128
86.53800201 227.63600159 534.00299072 64 255 128
193.90782166 224.21774292 483.00671387 64 255 128
204.54212952 196.48843384 517.19573975 64 255 128
73.79751587 209.76992798 513.43841553 64 255 128
176.25627136 197.49171448 515.65942383 64 255 128
242.16284180 189.76947021 494.33505249 64 255 128
153.96159363 193.87594604 454.43841553 64 255 128
100.72599792 240.91799927 549.15899658 64 255 128
89.81599426 215.87100220 548.08404541 64 255 128
132.56459045 182.88354492 444.10037231 64 255 128
65.22232056 182.83784485 518.54058838 64 255 128
83.42354584 208.21612549 468.51980591 64 255 128
131.83699036 221.06100464 476.31799316 64 255 128
207.29872131 175.99188232 497.80172729 64 255 128
115.81732178 139.24761963 514.33605957 64 255 128
76.94119263 144.17738342 551.28240967 64 255 128
167.75498962 148.60409546 452.47830200 64 255 128
113.20287323 199.16468811 449.47207642 64 255 128
203.04200745 249.88600159 542.64099121 64 255 128
213.60200500 235.89801025 488.78900146 64 255 128
134.32690430 138.43869019 507.88116455 64 255 128
247.29632568 221.04464722 497.96499634 64 255 128
243.82226562 229.81098938 487.58886719 64 255 128
124.83800507 247.32699585 511.18399048 64 255 128
68.37134552 126.74253845 555.81805420 64 255 128
116.10001373 158.52001953 522.62921143 64 255 128
121.63200378 252.11199951 534.93298340 64 255 128
173.19700623 236.76599121 496.05899048 64 255 128
223.85899353 232.85000610 510.51004028 64 255 128
91.21778107 99.15201569 454.18548584 64 255 128
62.05516052 136.98175049 548.99060059 64 255 128
167.05769348 168.85989380 495.33129883 64 255 128
69.84954834 114.12018585 468.05972290 64 255 128
107.54552460 106.55117035 470.16812134 64 255 128
145.84001160 245.61299133 522.58300781 64 255 128
137.11434937 129.94383240 489.82757568 64 255 128
133.55372620 101.28039551 451.33853149 64 255 128
172.99519348 174.25875854 462.02108765 64 255 128
263.19226074 194.11451721 474.95587158 64 255 128
175.15167236 210.20796204 470.37069702 64 255 128
255.60107422 195.00738525 490.18054199 64 255 128
200.78646851 188.02647400 472.42276001 64 255 128
162.30900574 254.66099548 525.34698486 64 255 128
113.85230255 125.82843018 490.85092163 64 255 128
81.47765350 120.59896851 516.30541992 64 255 128
180.59599304 223.69799805 481.25399780 64 255 128
64.27416992 117.56704712 514.70837402 64 255 128
197.98529053 170.88165283 480.03918457 64 255 128
184.39599609 251.97601318 516.82196045 64 255 128
190.38699341 243.75900269 502.55502319 64 255 128
250.36517334 201.88533020 478.56231689 64 255 128
94.66822815 140.80198669 527.37493896 64 255 128
150.63896179 138.77973938 440.16616821 64 255 128
57.44457245 169.91572571 497.90902710 64 255 128
63.22913742 173.82423401 526.15960693 64 255 128
155.16854858 164.93295288 512.30841064 64 255 128
59.12223816 139.01007080 460.84719849 64 255 128
79.26290131 184.54057312 452.35018921 64 255 128
200.13551331 212.23521423 477.92349243 64 255 128
190.99900818 243.30900574 539.80395508 64 255 128
56.02537155 161.28808594 475.62048340 64 255 128
96.62959290 179.66838074 540.06286621 64 255 128
177.83438110 177.96037292 489.54208374 64 255 128
213.99099731 247.02900696 506.28698730 64 255 128
172.29199219 222.12100220 533.73095703 64 255 128
60.44971848 127.90623474 503.75949097 64 255 128
163.26499939 241.42601013 503.78698730 64 255 128
76.31434631 203.14372253 541.08471680 64 255 128
75.62089539 127.68517303 542.94653320 64 255 128
57.96956253 145.42980957 519.73272705 64 255 128
89.66200256 129.88760376 428.87698364 64 255 128
156.04299927 228.16699219 482.56900024 64 255 128
105.55253601 94.26715851 452.16360474 64 255 128
137.53837585 115.64309692 468.37362671 64 255 128
96.34944153 214.76631165 470.33584595 64 255 128
139.85200500 247.11999512 533.78601074 64 255 128
108.67299652 245.35099792 534.87200928 64 255 128
129.23060608 215.13084412 459.26782227 64 255 128
160.98455811 133.65878296 469.59838867 64 255 128
63.86684036 119.73046875 529.24603271 64 255 128
150.01599121 240.24200439 499.19302368 64 255 128
189.62332153 214.58381653 526.30682373 64 255 128
185.15298462 178.57569885 520.78509521 64 255 128
165.92385864 182.18275452 506.08700562 64 255 128
164.72286987 202.75125122 511.07305908 64 255 128
151.05139160 149.06648254 508.38989258 64 255 128
234.19099426 242.68899536 506.63195801 64 255 128
54.66523361 146.46986389 489.62164307 64 255 128
235.56024170 209.00442505 504.03887939 64 255 128
219.10633850 193.43621826 507.55960083 64 255 128
90.87212372 219.61889648 490.48101807 64 255 128
165.95399475 242.70999146 545.55798340 64 255 128
141.85430908 119.62586975 434.00524902 64 255 128
134.79721069 155.94989014 435.56549072 64 255 128
59.87826920 129.49847412 477.13409424 64 255 128
111.34100342 220.48200989 479.23599243 64 255 128
176.10000610 248.05799866 553.65502930 64 255 128
128.79000854 162.23968506 520.84118652 64 255 128
110.65595245 209.27308655 454.93624878 64 255 128
199.62565613 184.44088745 517.76507568 64 255 128
147.90522766 133.03804016 484.78622437 64 255 128
155.14601135 145.66889954 496.16278076 64 255 128
119.96215820 137.99035645 427.77258301 64 255 128
160.68899536 257.15802002 537.76904297 64 255 128
65.95922852 165.59837341 551.26623535 64 255 128
72.02278137 106.12272644 498.24108887 64 255 128
107.34799957 224.02499390 548.90600586 64 255 128
159.12533569 125.08550262 450.18902588 64 255 128
185.59600830 255.18000793 538.98199463 64 255 128
215.02499390 243.01399231 523.44299316 64 255 128
223.66358948 223.14024353 482.07852173 64 255 128
104.83272552 159.91181946 526.20007324 64 255 128
73.74182129 155.78662109 560.15093994 64 255 128
214.42633057 218.44302368 514.36279297 64 255 128
141.54612732 178.07872009 506.94012451 64 255 128
149.90699768 253.50299072 544.39404297 64 255 128
158.89875793 155.16662598 447.05505371 64 255 128
136.68029785 206.53036499 455.48568726 64 255 128
161.87561035 215.84507751 518.38183594 64 255 128
161.06570435 199.83026123 461.17849731 64 255 128
75.60238647 110.83863068 456.67761230 64 255 128
85.87822723 156.31112671 432.40802002 64 255 128
56.52353287 159.28887939 501.69396973 64 255 128
84.31189728 128.54794312 525.33319092 64 255 128
87.46086884 107.33691406 491.72067261 64 255 128
140.88557434 145.29270935 436.14663696 64 255 128
202.10200500 233.22099304 488.87500000 64 255 128
71.05044556 145.93116760 439.05517578 64 255 128
86.45836639 169.19711304 439.48745728 64 255 128
200.55920410 225.78811646 525.40155029 64 255 128
88.90785217 121.72528076 506.16204834 64 255 128
92.36749268 109.42705536 437.06625366 64 255 128
85.08757782 99.03746033 474.46044922 64 255 128
105.55088806 107.17314148 433.34036255 64 255 128
254.98268127 209.93321228 493.44088745 64 255 128
88.03500366 203.76800537 545.05499268 64 255 128
98.15077972 152.80288696 428.97326660 64 255 128
121.74034119 183.40589905 525.93103027 64 255 128
124.23779297 100.89825439 458.10754395 64 255 128
224.20629883 200.52369690 477.90496826 64 255 128
260.12390137 218.40406799 486.24813843 64 255 128
102.16210175 136.64839172 517.71697998 64 255 128
111.20408630 116.78162384 429.68811035 64 255 128
168.68499756 229.17999268 484.49502563 64 255 128
116.88265991 112.69216919 471.88140869 64 255 128
103.40476990 186.59391785 443.37005615 64 255 128
149.97700500 201.60800171 530.43597412 64 255 128
125.16866302 173.76473999 438.49609375 64 255 128
103.47642517 121.86682892 490.93038940 64 255 128
151.05293274 216.70237732 468.25952148 64 255 128
141.27375793 169.10134888 515.67443848 64 255 128
170.54699707 251.17298889 518.28002930 64 255 128
144.96252441 108.76266479 445.15673828 64 255 128
190.57325745 177.39044189 491.50155640 64 255 128
80.30864716 171.85704041 554.26025391 64 255 128
197.46418762 200.31880188 475.04364014 64 255 128
154.47000122 229.70800781 532.39599609 64 255 128
65.30619049 132.08880615 451.06292725 64 255 128
215.14190674 184.08227539 497.95352173 64 255 128
240.68719482 208.68588257 483.45922852 64 255 128
231.09310913 188.06166077 481.74859619 64 255 128
106.65113831 159.24522400 432.13970947 64 255 128
165.29812622 134.12348938 457.86135864 64 255 128
157.89826965 178.21028137 449.93191528 64 255 128
101.28800201 240.53500366 522.34503174 64 255 128
64.28961945 190.22561646 511.87371826 64 255 128
89.13952637 192.43551636 451.22640991 64 255 128
104.57927704 180.38128662 533.05352783 64 255 128
164.28680420 146.78762817 477.91870117 64 255 128
72.86285400 199.15812683 466.78982544 64 255 128
137.10638428 149.89886475 514.46215820 64 255 128
116.02000427 235.21099854 492.05999756 64 255 128
164.70373535 167.90350342 507.54528809 64 255 128
115.77600098 214.27301025 543.53997803 64 255 128
130.50900269 228.57299805 538.58398438 64 255 128
87.31199646 226.56500244 544.91699219 64 255 128
103.71000671 202.17800903 536.56896973 64 255 128
152.73834229 128.65495300 474.32400513 64 255 128
190.40818787 203.06953430 522.21063232 64 255 128
64.93365479 155.22181702 446.40151978 64 255 128
97.34566498 113.95444489 485.91442871 64 255 128
99.19100189 233.89700317 505.04702759 64 255 128
99.03807068 127.31863403 503.77212524 64 255 128
90.05152130 163.19778442 542.12030029 64 255 128
122.67196655 135.10710144 506.29705811 64 255 128
186.34199524 255.38998413 528.14501953 64 255 128
57.55328369 139.83094788 509.34982300 64 255 128
113.14799500 234.59100342 548.74902344 64 255 128
130.91883850 135.41586304 430.21093750 64 255 128
160.05676270 192.07432556 512.23498535 64 255 128
78.26518250 212.90463257 491.98382568 64 255 128
153.59564209 116.17752838 455.23171997 64 255 128
142.64599609 217.67599487 535.58898926 64 255 128
144.05834961 162.92784119 440.32595825 64 255 128
166.70799255 213.43499756 530.74798584 64 255 128
121.46638489 155.53144836 431.58493042 64 255 128
110.75099182 97.96166229 443.31729126 64 255 128
128.42900085 236.99099731 490.92700195 64 255 128
240.04756165 229.69029236 500.19622803 64 255 128
226.35957336 214.30287170 507.95751953 64 255 128
128.75453186 195.11601257 446.64746094 64 255 128
209.90142822 206.12934875 517.19213867 64 255 128
176.13198853 232.13299561 536.16497803 64 255 128
84.25299835 222.89599609 508.65399170 64 255 128
69.87537384 111.64224243 488.69882202 64 255 128
98.99900055 223.95100403 489.82501221 64 255 128
154.26699829 128.96783447 439.20211792 64 255 128
147.03031921 119.72554016 467.13027954 64 255 128
161.40344238 153.95133972 491.64297485 64 255 128
172.53785706 203.83105469 502.54232788 64 255 128
122.47658539 170.99447632 524.21679688 64 255 128
140.39898682 227.74299622 480.80300903 64 255 128
210.67474365 187.43028259 475.78118896 64 255 128
71.44834137 189.55935669 459.66690063 64 255 128
222.44599915 253.69700623 523.60900879 64 255 128
90.81600189 232.29299927 525.66101074 64 255 128
120.54699707 249.83799744 523.66003418 64 255 128
56.13457489 167.77111816 484.43804932 64 255 128
62.01155853 179.53747559 469.12396240 64 255 128
242.05651855 188.57487488 482.48434448 64 255 128
89.77260590 200.98759460 455.78820801 64 255 128
60.72834778 127.26658630 488.16384888 64 255 128
77.52315521 211.81481934 525.87292480 64 255 128
157.99589539 221.26301575 475.15817261 64 255 128
87.86068726 189.48307800 547.49633789 64 255 128
62.57865524 191.73355103 498.90539551 64 255 128
167.85052490 192.04772949 461.08795166 64 255 128
175.93212891 180.80302429 479.74063110 64 255 128
171.27609253 153.24850464 475.03546143 64 255 128
117.88605499 213.21655273 459.47103882 64 255 128
201.78199768 254.37701416 522.03601074 64 255 128
132.72459412 124.65277100 431.56027222 64 255 128
64.39691925 121.76823425 472.16854858 64 255 128
126.96264648 114.94416809 432.01303101 64 255 128
107.80796051 219.52903748 472.83108521 64 255 128
250.87600708 236.04008484 492.36215210 64 255 128
69.85383606 115.23198700 536.75543213 64 255 128
150.22200012 211.60600281 531.85699463 64 255 128
144.22009277 172.49058533 495.10382080 64 255 128
129.25000000 101.85801697 440.93991089 64 255 128
137.76699829 236.69099426 533.11297607 64 255 128
149.86799622 233.83200073 488.05300903 64 255 128
121.51300049 236.02299500 542.97698975 64 255 128
159.62388611 145.81570435 444.27478027 64 255 128
178.85491943 186.90835571 517.81848145 64 255 128
167.13543701 169.56739807 484.63858032 64 255 128
143.27430725 174.54013062 441.44027710 64 255 128
103.13323975 203.13107300 453.48178101 64 255 128
82.94893646 148.73918152 543.17248535 64 255 128
233.20600891 240.21899414 495.56799316 64 255 128
70.76234436 203.29162598 518.88397217 64 255 128
223.99800110 246.80801392 505.70999146 64 255 128
219.09577942 183.49360657 484.33688354 64 255 128
55.96776199 151.80216980 476.46716309 64 255 128
114.84971619 173.35977173 437.34371948 64 255 128
59.34783554 142.69543457 529.12701416 64 255 128
150.93441772 190.75717163 514.85089111 64 255 128
70.69973755 110.31365204 526.36596680 64 255 128
59.30623245 147.70570374 456.02096558 64 255 128
204.04721069 171.09483337 489.64587402 64 255 128
178.30113220 217.36753845 476.87811279 64 255 128
171.63885498 204.59080505 524.20288086 64 255 128
93.71299744 234.74900818 546.13500977 64 255 128
181.94801331 240.81100464 497.79498291 64 255 128
129.61100769 207.65299988 536.12902832 64 255 128
173.93527222 173.96891785 507.31658936 64 255 128
110.07696533 140.60430908 426.47283936 64 255 128
200.02500916 181.45109558 479.60333252 64 255 128
61.87245941 146.88357544 546.96728516 64 255 128
73.61711121 210.53378296 503.12530518 64 255 128
80.29934692 128.69686890 534.58911133 64 255 128
135.13700867 247.35200500 516.30401611 64 255 128
213.05300903 241.68301392 496.93200684 64 255 128
206.59899902 254.90798950 532.54400635 64 255 128
136.97189331 133.99261475 499.01135254 64 255 128
76.32488251 105.79897308 477.98031616 64 255 128
186.54762268 189.58245850 471.59643555 64 255 128
99.15509033 151.69212341 528.59497070 64 255 128
98.69400024 218.83399963 550.14495850 64 255 128
55.74643326 144.06933594 498.75457764 64 255 128
128.54556274 163.74607849 434.57424927 64 255 128
94.19299316 210.00100708 541.21704102 64 255 128
115.09907532 93.63385773 451.45260620 64 255 128
177.80700684 232.39801025 488.06198120 64 255 128
209.59399414 245.37600708 530.91802979 64 255 128
111.50599670 228.34100342 485.56900024 64 255 128
74.34000397 204.35838318 531.33764648 64 255 128
115.42200470 246.40400696 512.23101807 64 255 128
232.13800049 204.70703125 480.96362305 64 255 128
156.91200256 246.37100220 546.53503418 64 255 128
133.84899902 241.81300354 498.16598511 64 255 128
155.61302185 170.49539185 502.43865967 64 255 128
59.20194626 132.13040161 468.01824951 64 255 128
112.48699951 239.26499939 499.94900513 64 255 128
91.43816376 218.98930359 481.73291016 64 255 128
113.76574707 148.82664490 520.41870117 64 255 128
65.26890564 195.65257263 477.36972046 64 255 128
143.00105286 144.40002441 508.46105957 64 255 128
163.02398682 226.58599854 530.02398682 64 255 128
81.55200195 211.50801086 547.02996826 64 255 128
120.56499481 221.10499573 477.54098511 64 255 128
72.60163116 105.14210510 507.97854614 64 255 128
139.00045776 189.43217468 447.92456055 64 255 128
76.73213196 123.48365784 439.25216675 64 255 128
87.34899902 228.94200134 517.41497803 64 255 128
208.70642090 209.16119385 479.04809570 64 255 128
110.28669739 192.59208679 444.56988525 64 255 128
120.05099487 197.77299500 531.13903809 64 255 128
133.53245544 120.42378235 475.68515015 64 255 128
130.85900879 251.13400269 535.62701416 64 255 128
100.29759979 125.23740387 427.76153564 64 255 128
204.75801086 246.81199646 505.19900513 64 255 128
147.78298950 244.89399719 508.14300537 64 255 128
83.54177094 136.98361206 430.27691650 64 255 128
59.98891449 185.59692383 491.94561768 64 255 128
104.40336609 166.99710083 436.16952515 64 255 128
192.16398621 174.26913452 502.31927490 64 255 128
220.85798645 230.71800232 486.30801392 64 255 128
80.43811035 185.87663269 553.13592529 64 255 128
204.45417786 177.10668945 507.25775146 64 255 128
77.00543213 197.24847412 547.41375732 64 255 128
60.27860641 165.82760620 458.64605713 64 255 128
166.32487488 161.89132690 475.26693726 64 255 128
167.44917297 215.75892639 471.88659668 64 255 128
251.59454346 225.05479431 486.41744995 64 255 128
192.87799072 253.33601379 520.20104980 64 255 128
104.12311554 169.55757141 531.84216309 64 255 128
65.51835632 200.03378296 497.82507324 64 255 128
242.99206543 213.16882324 500.43356323 64 255 128
123.51000214 245.38500977 541.49401855 64 255 128
65.73712158 149.59169006 562.14135742 64 255 128
69.39572906 189.51965332 528.53070068 64 255 128
233.09808350 189.04469299 496.46984863 64 255 128
182.61499023 220.64399719 531.03002930 64 255 128
67.95800781 173.70848083 545.21319580 64 255 128
57.47422028 171.68482971 476.48294067 64 255 128
61.48719406 177.67601013 510.50561523 64 255 128
187.14013672 177.30323792 512.42163086 64 255 128
81.68267059 128.38819885 433.07739258 64 255 128
134.91299438 107.78161621 459.11941528 64 255 128
60.86843109 189.01918030 480.53125000 64 255 128
212.90246582 197.59577942 513.36657715 64 255 128
101.47695160 109.14247894 478.27371216 64 255 128
194.42799377 254.81001282 542.64300537 64 255 128
249.18338013 192.30068970 474.24713135 64 255 128
199.86500549 244.43000793 536.20001221 64 255 128
81.51000214 219.84800720 529.57000732 64 255 128
89.36213684 148.65364075 429.26248169 64 255 128
195.45799255 237.38000488 493.28601074 64 255 128
72.82920837 134.44581604 554.55609131 64 255 128
71.55020905 164.78045654 443.50738525 64 255 128
61.25119400 160.54460144 534.22363281 64 255 128
167.43147278 175.15855408 454.76760864 64 255 128
99.86938477 101.60478973 472.83728027 64 255 128
131.21701050 231.42500305 484.48602295 64 255 128
83.81591034 103.36392975 456.93969727 64 255 128
220.21499634 241.49099731 516.33001709 64 255 128
172.99270630 159.81239319 456.92648315 64 255 128
78.16931152 210.35557556 480.75680542 64 255 128
124.57151794 140.67982483 513.86218262 64 255 128
173.40304565 183.53327942 462.38412476 64 255 128
80.91471863 102.18187714 495.38208008 64 255 128
86.24272156 100.67528534 484.95327759 64 255 128
67.48545837 201.77708435 484.26617432 64 255 128
63.01124573 121.31076050 494.58770752 64 255 128
146.42324829 199.93222046 453.35351562 64 255 128
91.60251617 102.56442261 445.99844360 64 255 128
260.69805908 192.46208191 483.27667236 64 255 128
73.92291260 176.68081665 558.17010498 64 255 128
61.91160583 157.43139648 542.96325684 64 255 128
166.84300232 245.82701111 512.34503174 64 255 128
58.50052643 176.62280273 493.60720825 64 255 128
156.68807983 155.87634277 509.71697998 64 255 128
69.91587830 117.04980469 458.99862671 64 255 128
185.20100403 245.07099915 548.17596436 64 255 128
137.49650574 104.52388763 442.22558594 64 255 128
182.79280090 206.65419006 471.53961182 64 255 128
215.75503540 201.84286499 478.28701782 64 255 128
129.11631775 126.42985535 485.65887451 64 255 128
201.19602966 220.34202576 482.37490845 64 255 128
116.71154785 121.46387482 481.12115479 64 255 128
118.47840881 106.67197418 465.45620728 64 255 128
222.03431702 222.50207520 509.84478760 64 255 128
206.25392151 219.04235840 521.11212158 64 255 128
154.84303284 186.24395752 450.97839355 64 255 128
106.32411194 97.82452393 465.83117676 64 255 128
173.78759766 189.82446289 507.61224365 64 255 128
101.59210205 212.10691833 462.08847046 64 255 128
94.97615814 187.69287109 446.25656128 64 255 128
142.85801697 111.58488464 437.22790527 64 255 128
154.69845581 211.28723145 463.34036255 64 255 128
79.74744415 114.60393524 442.06576538 64 255 128
170.78170776 149.99661255 460.62472534 64 255 128
163.89903259 191.27204895 502.76620483 64 255 128
112.74500275 203.53999329 535.79901123 64 255 128
182.11906433 203.89079285 522.10870361 64 255 128
218.41398621 251.63400269 512.82604980 64 255 128
239.57099915 236.46099854 491.12600708 64 255 128
181.63900757 253.77301025 548.26702881 64 255 128
212.24710083 178.16339111 490.53359985 64 255 128
130.71955872 217.59292603 468.25897217 64 255 128
137.03787231 161.61300659 516.37756348 64 255 128
192.86300659 238.22000122 533.14501953 64 255 128
88.97448730 98.06517029 466.43792725 64 255 128
96.48726654 170.66703796 437.20642090 64 255 128
238.31132507 223.22789001 484.12243652 64 255 128
60.59847641 158.66691589 453.46249390 64 255 128
77.13328552 135.81207275 545.58221436 64 255 128
84.27059174 217.33691406 491.86959839 64 255 128
139.14399719 197.29100037 529.34997559 64 255 128
169.22717285 167.98793030 467.69650269 64 255 128
105.23699951 232.50900269 551.12097168 64 255 128
168.97000122 256.48400879 535.94897461 64 255 128
177.06138611 191.42999268 464.15390015 64 255 128
79.05940247 112.77363586 513.69860840 64 255 128
172.81936646 208.53697205 511.68392944 64 255 128
121.08845520 102.04847717 438.19921875 64 255 128
168.51219177 205.86529541 465.39343262 64 255 128
152.44059753 161.17111206 443.76864624 64 255 128
118.77344513 193.68815613 445.03485107 64 255 128
59.06573105 151.88073730 527.08087158 64 255 128
69.62429047 172.85823059 449.85269165 64 255 128
104.68499756 243.06399536 541.87902832 64 255 128
227.78372192 205.32684326 508.96429443 64 255 128
149.53199768 222.31500244 536.61297607 64 255 128
235.97969055 188.02299500 488.53155518 64 255 128
92.81653595 121.74991608 430.00024414 64 255 128
77.75068665 216.67112732 509.94210815 64 255 128
132.98606873 184.48216248 521.86517334 64 255 128
102.17919922 190.76521301 533.17657471 64 255 128
125.04499817 212.51300049 541.50500488 64 255 128
80.26940918 201.36947632 463.91265869 64 255 128
151.99487305 139.46058655 490.93469238 64 255 128
72.38869476 145.50926208 558.80798340 64 255 128
230.54211426 232.35218811 505.53076172 64 255 128
114.22558594 182.72897339 528.01934814 64 255 128
58.28347778 161.78089905 510.95462036 64 255 128
208.37899780 238.53201294 525.51300049 64 255 128
240.90676880 196.51095581 501.40087891 64 255 128
114.98499298 248.96299744 529.68103027 64 255 128
65.98765564 159.95333862 558.50091553 64 255 128
60.58108902 142.38047791 539.71173096 64 255 128
79.41954803 165.21221924 439.80993652 64 255 128
90.86849976 210.24916077 466.55395508 64 255 128
169.28700256 252.59899902 553.30297852 64 255 128
176.29490662 166.69259644 462.07025146 64 255 128
154.84700012 251.30999756 525.01000977 64 255 128
141.76799011 239.91299438 497.40100098 64 255 128
87.66093445 143.71742249 534.03710938 64 255 128
183.32099915 235.99099731 535.79901123 64 255 128
98.28995514 180.72914124 442.75775146 64 255 128
114.30372620 217.77012634 467.81677246 64 255 128
108.03300476 244.02900696 550.94299316 64 255 128
174.72431946 175.07958984 495.73553467 64 255 128
123.08895874 156.05383301 519.43963623 64 255 128
86.50914001 134.87312317 530.30645752 64 255 128
213.40100098 255.10800171 525.92303467 64 255 128
209.30400085 229.64399719 485.91699219 64 255 128
92.13700104 233.30000305 538.30999756 64 255 128
248.33103943 188.24055481 488.88607788 64 255 128
56.61260986 139.23550415 483.83169556 64 255 128
187.49099731 228.47200012 483.82101440 64 255 128
122.15166473 199.71858215 448.20974731 64 255 128
200.80252075 171.62850952 499.71972656 64 255 128
167.99948120 142.85278320 457.99221802 64 255 128
97.96263885 97.78684998 449.82861328 64 255 128
57.51852036 148.02378845 464.90817261 64 255 128
254.18379211 219.32719421 493.92312622 64 255 128
171.37022400 181.25523376 511.42083740 64 255 128
160.48622131 168.83442688 450.78851318 64 255 128
119.44189453 117.29249573 429.99459839 64 255 128
224.63784790 190.17187500 502.22271729 64 255 128
62.53483200 128.28115845 543.47576904 64 255 128
66.72274017 181.92277527 526.68621826 64 255 128
104.88587952 127.33104706 497.78427124 64 255 128
108.15595245 135.14059448 511.48217773 64 255 128
61.42050934 165.41299438 526.79608154 64 255 128
119.47831726 148.03123474 430.41992188 64 255 128
124.64375305 188.44703674 443.25857544 64 255 128
194.90315247 178.24575806 484.93997192 64 255 128
225.42263794 215.86746216 480.38134766 64 255 128
215.19023132 193.96347046 475.03930664 64 255 128
147.48127747 125.72410583 436.24560547 64 255 128
192.26367188 207.62728882 475.09512329 64 255 128
180.47248840 199.31358337 467.00653076 64 255 128
171.28300476 237.23500061 539.88598633 64 255 128
146.62599182 235.38499451 534.27899170 64 255 128
69.77174377 137.69651794 442.87597656 64 255 128
115.35992432 127.68098450 427.80886841 64 255 128
56.57061005 162.16046143 467.53393555 64 255 128
70.34889984 111.88098907 475.73309326 64 255 128
258.86373901 202.22369385 488.23181152 64 255 128
250.50598145 230.41125488 497.78234863 64 255 128
128.99800110 244.79499817 504.94598389 64 255 128
144.21301270 252.25498962 537.92297363 64 255 128
197.23339844 198.94194031 519.09808350 64 255 128
217.31066895 218.57429504 481.23959351 64 255 128
162.65089417 211.22607422 510.61087036 64 255 128
94.06168365 171.19200134 541.26849365 64 255 128
150.95057678 177.28865051 445.78085327 64 255 128
100.34322357 134.34201050 426.74490356 64 255 128
167.93881226 156.55731201 451.72644043 64 255 128
146.86898804 169.58250427 509.92239380 64 255 128
159.05722046 217.73789978 469.72714233 64 255 128
140.62983704 218.25894165 470.83486938 64 255 128
253.72914124 208.06224060 482.32751465 64 255 128
64.39917755 133.39179993 558.10089111 64 255 128
194.94999695 247.61900330 545.80200195 64 255 128
61.36412048 124.58347321 512.87030029 64 255 128
117.29156494 131.96708679 501.36322021 64 255 128
127.32745361 115.97093201 473.67001343 64 255 128
165.30999756 256.27899170 544.04699707 64 255 128
160.83090210 190.24670410 456.14379883 64 255 128
73.16371155 194.99325562 536.57897949 64 255 128
221.09599304 238.09500122 490.82800293 64 255 128
134.37815857 175.88241577 440.54501343 64 255 128
137.07507324 213.51948547 458.85366821 64 255 128
195.04701233 231.31999207 528.53100586 64 255 128
162.67959595 161.60980225 495.64633179 64 255 128
73.36128235 179.00364685 451.88565063 64 255 128
181.67854309 192.38000488 512.76385498 64 255 128
108.56000519 244.17999268 515.08496094 64 255 128
55.37216568 151.78912354 500.08303833 64 255 128
77.56080627 161.65647888 556.77685547 64 255 128
59.17843246 136.30990601 524.31188965 64 255 128
156.93699646 236.90899658 539.48400879 64 255 128
194.32522583 178.75044250 517.05480957 64 255 128
161.10006714 140.33486938 474.54800415 64 255 128
114.23381042 179.75331116 440.70269775 64 255 128
75.05557251 123.04129028 536.76385498 64 255 128
145.38270569 134.29783630 492.20205688 64 255 128
177.34399414 255.65400696 536.11395264 64 255 128
205.15054321 189.50212097 513.58416748 64 255 128
58.36174011 167.22868347 505.21325684 64 255 128
194.18887329 216.68122864 478.72622681 64 255 128
88.51369476 115.41735840 499.99572754 64 255 128
187.59930420 221.62040710 480.64544678 64 255 128
58.05649567 135.73583984 502.56408691 64 255 128
69.92169189 128.19816589 446.21514893 64 255 128
102.23100281 239.94999695 513.12799072 64 255 128
163.24299622 249.12199402 519.23400879 64 255 128
157.55400085 209.53099060 531.44702148 64 255 128
59.13634872 132.23336792 511.56140137 64 255 128
185.15299988 246.41198730 507.41302490 64 255 128
182.96412659 181.51573181 485.72851562 64 255 128
77.73986816 154.08041382 553.41595459 64 255 128
111.65840912 103.51952362 435.98342896 64 255 128
165.71000671 237.25199890 497.29998779 64 255 128
77.20831299 138.41635132 434.64498901 64 255 128
147.91081238 192.30789185 449.99636841 64 255 128
147.07133484 115.01974487 460.93283081 64 255 128
83.58300018 219.10600281 541.09002686 64 255 128
72.97213745 207.94616699 485.72186279 64 255 128
142.63800049 246.62800598 513.43603516 64 255 128
155.74101257 242.08999634 504.44198608 64 255 128
92.53549194 98.36421967 475.23278809 64 255 128
207.32223511 216.84475708 478.76965332 64 255 128
253.91337585 201.45838928 494.05154419 64 255 128
88.62301636 213.93246460 473.71728516 64 255 128
207.11000061 250.80902100 511.61199951 64 255 128
62.05572128 126.51535797 532.31976318 64 255 128
159.95606995 147.82257080 486.12734985 64 255 128
68.07646179 124.02579498 452.29684448 64 255 128
247.71670532 196.43161011 496.51733398 64 255 128
196.06155396 167.41693115 486.43835449 64 255 128
110.46895599 142.14047241 518.98962402 64 255 128
62.41685104 172.68128967 459.81335449 64 255 128
194.47647095 222.11512756 527.55902100 64 255 128
68.16245270 110.52352905 510.90039062 64 255 128
201.40299988 226.42900085 485.72601318 64 255 128
209.90901184 250.53799438 537.68597412 64 255 128
147.53880310 178.66311646 501.26522827 64 255 128
157.58700562 256.42401123 545.29400635 64 255 128
87.24316406 204.64178467 461.92324829 64 255 128
103.25357819 94.75499725 459.70516968 64 255 128
194.36056519 188.28921509 475.99133301 64 255 128
230.07821655 196.15629578 478.65872192 64 255 128
70.80924988 122.94275665 547.64349365 64 255 128
140.39207458 178.97892761 515.41430664 64 255 128
69.19886017 172.84439087 553.75463867 64 255 128
97.75800323 228.97000122 497.41101074 64 255 128
152.40177917 145.80722046 441.51507568 64 255 128
125.01899719 222.22801208 543.64996338 64 255 128
127.10681915 107.12638092 436.15145874 64 255 128
122.30142975 181.25492859 442.06039429 64 255 128
135.11631775 142.22547913 432.25418091 64 255 128
172.77499390 244.16600037 548.19500732 64 255 128
230.64396667 224.29943848 484.41812134 64 255 128
104.82246399 145.62437439 428.16860962 64 255 128
139.12506104 170.21466064 499.51818848 64 255 128
133.13198853 201.57299805 533.69201660 64 255 128
127.78499603 225.92599487 480.84802246 64 255 128
98.28900146 234.74400330 553.81201172 64 255 128
66.14430237 113.20981598 521.32751465 64 255 128
178.53898621 253.59800720 521.07000732 64 255 128
110.43073273 165.33256531 526.01361084 64 255 128
240.92588806 216.62060547 482.75094604 64 255 128
85.54363251 162.57562256 436.15313721 64 255 128
85.43737793 166.07093811 546.99670410 64 255 128
168.88143921 200.41615295 516.19342041 64 255 128
77.82444000 117.73363495 521.90820312 64 255 128
238.76443481 237.07603455 503.50350952 64 255 128
72.36799622 185.89671326 544.04174805 64 255 128
85.60840607 174.57710266 444.24682617 64 255 128
161.30445862 127.48357391 456.90219116 64 255 128
93.73893738 126.99765015 508.62402344 64 255 128
63.88463211 142.30975342 555.52893066 64 255 128
145.23500061 250.63899231 528.99700928 64 255 128
132.55371094 144.31103516 513.54022217 64 255 128
148.89700317 227.23899841 481.33999634 64 255 128
215.16575623 187.94329834 504.17221069 64 255 128
134.77093506 115.85221863 432.10720825 64 255 128
79.46450806 104.14949799 502.84219360 64 255 128
83.96764374 117.18397522 508.61770630 64 255 128
57.64727020 139.13876343 468.30355835 64 255 128
257.72158813 188.84451294 474.90649414 64 255 128
240.60928345 203.55920410 502.92199707 64 255 128
75.26675415 109.13160706 469.94479370 64 255 128
110.20299530 219.03300476 544.43200684 64 255 128
114.79000092 250.08100891 539.80102539 64 255 128
68.67975616 204.71231079 502.03280640 64 255 128
174.81639099 200.75334167 507.94732666 64 255 128
259.62075806 201.70233154 477.68927002 64 255 128
123.25480652 217.66809082 463.30203247 64 255 128
140.18272400 105.73680878 451.01202393 64 255 128
68.80095673 157.73472595 565.08166504 64 255 128
228.31800842 239.43099976 509.35299683 64 255 128
161.86900330 220.20700073 526.79003906 64 255 128
153.91201782 197.33816528 522.45581055 64 255 128
84.68499756 219.62800598 502.20401001 64 255 128
90.28546906 192.91023254 543.89624023 64 255 128
85.87500763 185.95950317 449.71389771 64 255 128
104.79799652 224.42199707 485.55200195 64 255 128
77.90655518 152.58859253 435.08212280 64 255 128
201.87466431 178.15037537 513.91119385 64 255 128
158.63523865 162.28347778 447.77157593 64 255 128
94.86714172 135.29086304 521.06420898 64 255 128
62.02946472 185.22111511 473.47506714 64 255 128
161.96299744 224.69699097 480.39099121 64 255 128
97.32134247 218.79313660 476.39382935 64 255 128
249.92977905 214.31063843 496.86672974 64 255 128
138.45199585 222.67199707 538.62200928 64 255 128
142.90899658 138.57728577 435.75796509 64 255 128
147.85253906 213.46694946 462.20117188 64 255 128
150.31037903 112.47132111 449.93084717 64 255 128
64.95571899 174.00111389 533.07666016 64 255 128
87.21265411 125.60944366 515.18298340 64 255 128
153.71444702 134.14131165 480.99765015 64 255 128
105.79399872 237.12599182 501.36297607 64 255 128
155.02142334 200.55061340 457.17547607 64 255 128
163.74380493 208.41911316 521.41790771 64 255 128
138.07299805 248.47799683 524.07403564 64 255 128
85.71899414 227.30099487 526.89599609 64 255 128
77.79247284 207.59393311 474.21945190 64 255 128
89.05200195 227.90499878 510.41101074 64 255 128
146.03240967 184.01556396 510.28887939 64 255 128
167.36480713 198.14564514 501.36260986 64 255 128
193.08100891 231.83200073 486.73800659 64 255 128
199.52400208 255.55598450 537.69396973 64 255 128
197.66999817 246.63899231 505.85299683 64 255 128
61.78086090 124.85423279 522.40643311 64 255 128
107.13511658 123.03964996 427.55075073 64 255 128
121.48900604 244.10299683 505.14102173 64 255 128
171.98080444 177.40969849 468.79690552 64 255 128
110.74274445 121.60620880 485.46575928 64 255 128
98.64479828 123.56320190 497.22137451 64 255 128
147.93658447 194.60026550 525.26239014 64 255 128
152.35101318 247.18899536 519.49902344 64 255 128
141.84829712 156.00964355 437.31927490 64 255 128
116.20291138 204.20288086 452.06753540 64 255 128
123.90482330 132.27070618 428.83572388 64 255 128
96.34216309 200.42144775 452.34432983 64 255 128
162.95454407 175.12289429 505.82498169 64 255 128
164.47227478 142.91156006 448.84527588 64 255 128
176.82998657 249.64801025 515.43298340 64 255 128
202.87924194 206.01185608 476.74389648 64 255 128
119.67417145 147.11940002 517.26629639 64 255 128
172.07408142 153.63250732 468.06570435 64 255 128
99.44579315 172.80499268 536.97265625 64 255 128
76.01814270 113.60507965 449.68811035 64 255 128
58.74155045 174.36874390 504.06359863 64 255 128
143.58053589 210.73561096 457.48812866 64 255 128
86.26298523 112.81800842 437.83804321 64 255 128
91.76300049 221.76300049 551.37500000 64 255 128
245.03540039 222.74247742 485.61804199 64 255 128
171.25152588 168.19934082 457.45959473 64 255 128
97.13088989 157.54679871 532.93426514 64 255 128
103.39321136 116.19113159 483.65521240 64 255 128
218.17601013 234.96400452 514.79699707 64 255 128
222.71876526 199.44430542 508.01281738 64 255 128
129.98919678 209.16992188 456.26837158 64 255 128
157.34370422 127.33486176 468.57144165 64 255 128
126.72099304 249.42700195 519.33697510 64 255 128
115.57430267 217.28936768 474.23580933 64 255 128
68.85067749 111.96055603 496.37979126 64 255 128
169.97100830 240.38400269 502.18899536 64 255 128
208.13900757 238.96299744 492.80398560 64 255 128
97.00798798 96.08414459 457.07015991 64 255 128
128.64628601 98.62696075 447.16033936 64 255 128
206.09332275 228.76869202 522.47430420 64 255 128
90.77799988 229.60301208 550.36004639 64 255 128
205.87396240 192.35005188 474.15460205 64 255 128
120.91885376 127.54663849 491.73657227 64 255 128
158.61265564 205.83221436 462.44515991 64 255 128
128.40351868 154.21849060 432.05310059 64 255 128
128.93069458 134.55403137 503.79144287 64 255 128
104.31200409 241.19999695 531.44995117 64 255 128
150.52046204 144.44955444 503.05343628 64 255 128
165.61734009 136.35391235 465.40545654 64 255 128
62.97873688 120.25347900 507.52270508 64 255 128
244.67518616 195.66873169 478.11740112 64 255 128
244.51939392 201.98539734 482.08651733 64 255 128
168.90899658 228.13899231 533.92797852 64 255 128
216.20401001 227.10047913 513.60308838 64 255 128
179.27287292 176.28742981 516.64575195 64 255 128
209.68821716 180.22242737 503.94122314 64 255 128
113.42079163 157.31501770 431.68206787 64 255 128
88.93270874 140.64102173 427.88500977 64 255 128
144.43899536 241.84300232 535.28100586 64 255 128
99.14698792 131.11964417 509.93884277 64 255 128
158.80239868 130.70027161 444.18518066 64 255 128
123.22399902 233.59399414 487.83801270 64 255 128
160.57299805 231.98500061 486.61398315 64 255 128
203.35137939 203.18663025 519.31842041 64 255 128
65.70780945 183.45771790 463.29934692 64 255 128
61.75480270 174.06434631 518.81634521 64 255 128
84.47699738 205.03099060 550.76403809 64 255 128
77.70056915 193.35243225 552.46417236 64 255 128
152.07778931 159.44219971 514.71166992 64 255 128
103.86922455 208.75038147 456.72348022 64 255 128
140.20741272 128.24159241 483.74359131 64 255 128
173.74198914 214.97698975 533.78698730 64 255 128
63.64007950 128.88133240 551.41210938 64 255 128
97.63577271 185.04116821 536.37908936 64 255 128
184.19772339 178.34692383 493.52401733 64 255 128
168.77999878 255.97000122 528.99804688 64 255 128
61.28587723 139.87220764 454.35415649 64 255 128
86.68727112 103.77993774 450.66348267 64 255 128
109.35199738 208.87300110 538.77197266 64 255 128
114.72210693 134.43045044 507.35461426 64 255 128
103.18576050 216.75361633 469.31637573 64 255 128
138.33105469 162.22438049 436.43350220 64 255 128
124.00600433 229.39201355 541.22100830 64 255 128
215.17291260 228.35917664 483.20837402 64 255 128
216.93600464 247.66999817 527.98095703 64 255 128
122.48098755 163.16899109 522.77239990 64 255 128
259.35726929 211.34727478 488.42330933 64 255 128
174.29899597 225.45098877 483.00900269 64 255 128
170.07600403 234.09500122 490.68600464 64 255 128
230.72799683 247.67399597 509.60098267 64 255 128
155.87440491 151.39572144 504.39132690 64 255 128
217.78799438 243.15299988 501.50500488 64 255 128
64.62651062 166.22679138 544.89257812 64 255 128
71.69921112 184.37243652 455.39718628 64 255 128
180.97067261 175.91279602 509.19653320 64 255 128
159.05999756 256.25100708 531.32501221 64 255 128
152.76315308 219.65258789 472.48422241 64 255 128
56.65292358 145.91632080 471.44546509 64 255 128
55.66323090 158.68063354 481.72619629 64 255 128
62.21055222 124.60007477 481.53729248 64 255 128
186.69842529 197.50303650 517.30511475 64 255 128
86.17740631 156.18467712 543.44378662 64 255 128
93.97599792 223.05999756 494.14398193 64 255 128
155.89410400 119.40512848 448.83294678 64 255 128
93.86712646 175.63653564 440.55749512 64 255 128
72.18180084 109.33003998 482.00112915 64 255 128
126.33800507 216.73699951 472.84201050 64 255 128
54.95681000 152.76672363 491.91970825 64 255 128
108.26680756 111.75065613 475.28491211 64 255 128
109.03932953 155.30122375 522.94335938 64 255 128
58.55998611 132.01963806 484.34924316 64 255 128
95.26300049 201.93701172 538.99798584 64 255 128
169.42695618 213.75575256 515.34515381 64 255 128
146.79280090 132.50363159 436.27923584 64 255 128
92.83030701 146.86425781 531.47705078 64 255 128
130.36686707 203.79287720 450.82064819 64 255 128
152.73486328 166.34480286 506.20068359 64 255 128
130.18572998 129.43753052 491.90698242 64 255 128
234.32740784 202.74743652 505.81561279 64 255 128
116.85000610 248.19700623 518.45098877 64 255 128
120.11137390 117.64083862 476.60107422 64 255 128
87.93000031 210.49299622 544.79998779 64 255 128
184.50459290 186.00686646 477.69293213 64 255 128
77.10681152 213.43402100 517.88610840 64 255 128
181.23599243 227.68899536 533.72998047 64 255 128
97.82999420 238.61500549 542.81500244 64 255 128
60.79930878 133.38732910 457.93948364 64 255 128
98.64640808 110.65085602 433.43948364 64 255 128
157.75045776 138.64746094 443.04751587 64 255 128
58.15486145 139.26847839 515.73956299 64 255 128
255.46961975 189.57148743 485.91973877 64 255 128
112.80500031 227.58300781 548.64398193 64 255 128
165.32800293 247.90098572 551.15399170 64 255 128
220.23843384 214.97398376 510.71029663 64 255 128
136.32600403 230.40100098 536.31799316 64 255 128
112.18585205 128.69020081 496.81188965 64 255 128
142.14025879 120.12097168 471.36502075 64 255 128
159.79470825 183.40686035 507.66693115 64 255 128
194.14488220 208.60903931 523.18182373 64 255 128
62.83932877 183.86167908 512.36865234 64 255 128
166.35299683 220.65000916 531.60998535 64 255 128
68.74453735 110.74061584 504.41552734 64 255 128
191.90946960 194.94309998 472.57656860 64 255 128
134.36553955 155.62782288 516.82666016 64 255 128
75.77717590 203.84947205 469.18719482 64 255 128
67.03081512 202.28828430 491.78198242 64 255 128
188.33300781 240.02999878 497.26400757 64 255 128
131.68225098 113.32756805 467.35675049 64 255 128
189.14599609 249.72000122 513.08398438 64 255 128
92.36284637 108.12648773 486.14666748 64 255 128
58.18589020 135.16702271 474.17959595 64 255 128
215.81132507 211.08039856 514.25939941 64 255 128
186.15399170 207.64152527 525.69836426 64 255 128
62.99691772 123.50644684 537.82904053 64 255 128
225.08712769 206.86705017 478.78964233 64 255 128
139.07963562 112.00081635 461.62738037 64 255 128
134.80000305 211.39199829 536.77398682 64 255 128
83.17404938 211.74539185 475.23080444 64 255 128
77.87025452 209.60299683 540.82629395 64 255 128
111.32512665 109.27694702 431.26452637 64 255 128
128.48925781 168.80163574 522.46960449 64 255 128
175.07856750 202.99269104 468.09585571 64 255 128
72.49745941 129.26208496 550.77288818 64 255 128
57.57220840 151.58013916 514.73065186 64 255 128
238.91799927 220.11056519 501.06961060 64 255 128
96.16299438 236.75799561 522.98803711 64 255 128
80.17971802 101.59589386 480.93811035 64 255 128
80.38626099 158.86970520 436.01739502 64 255 128
158.56999207 151.46797180 496.50091553 64 255 128
109.92993164 185.78494263 443.62283325 64 255 128
84.48164368 101.49626160 463.07803345 64 255 128
100.46852112 104.78829956 436.51879883 64 255 128
159.89753723 161.77864075 509.52572632 64 255 128
67.31017303 189.87455750 522.16357422 64 255 128
81.09449005 164.07398987 552.20745850 64 255 128
146.50556946 117.32459259 437.74734497 64 255 128
90.93337250 116.64640808 433.30557251 64 255 128
78.16491699 190.06939697 455.05990601 64 255 128
182.41299438 248.84001160 553.83099365 64 255 128
92.63884735 113.97499084 491.15872192 64 255 128
135.92671204 149.03239441 434.85263062 64 255 128
170.29685974 178.98060608 459.20751953 64 255 128
148.22399902 237.59700012 493.70898438 64 255 128
133.99635315 166.43646240 519.94976807 64 255 128
66.99562073 113.74506378 530.26452637 64 255 128
202.79975891 175.79591370 478.72583008 64 255 128
148.91227722 171.02314758 498.81250000 64 255 128
222.11199951 247.63800049 519.83795166 64 255 128
80.13050842 102.34317017 472.53146362 64 255 128
264.14846802 197.93865967 479.99288940 64 255 128
173.93553162 220.80967712 480.04534912 64 255 128
81.90869904 178.23701477 551.40173340 64 255 128
118.27199554 220.08200073 543.77801514 64 255 128
151.83599854 223.16600037 477.40899658 64 255 128
95.41400146 214.90299988 545.01898193 64 255 128
115.55415344 143.97039795 427.57376099 64 255 128
204.68849182 183.21221924 473.54150391 64 255 128
68.00910187 179.61633301 536.10998535 64 255 128
230.07998657 237.31001282 490.91900635 64 255 128
215.62625122 183.20046997 479.08874512 64 255 128
73.84407043 105.73494720 490.79492188 64 255 128
213.13417053 213.24070740 480.64508057 64 255 128
115.22799683 243.39300537 504.97299194 64 255 128
139.45875549 137.88922119 504.42053223 64 255 128
132.36056519 188.48532104 444.52130127 64 255 128
110.53744507 102.93560791 465.83398438 64 255 128
125.16101074 250.98699951 529.85400391 64 255 128
62.15359497 148.81274414 450.19750977 64 255 128
147.26522827 123.87546539 472.15841675 64 255 128
110.32299805 235.26699829 494.69598389 64 255 128
194.63772583 188.21823120 518.03466797 64 255 128
135.45799255 242.64498901 533.55096436 64 255 128
225.43447876 186.94102478 479.81741333 64 255 128
80.53855896 212.97651672 485.31307983 64 255 128
110.70446014 213.29084778 459.32385254 64 255 128
111.65169525 93.45343781 457.25781250 64 255 128
126.89299774 201.80999756 534.24798584 64 255 128
146.65499878 247.01300049 540.33795166 64 255 128
100.12999725 207.90000916 538.64599609 64 255 128
165.12637329 165.65562439 488.88128662 64 255 128
121.72023773 160.99615479 434.17593384 64 255 128
168.74868774 148.08589172 471.35217285 64 255 128
142.91963196 151.51541138 513.73242188 64 255 128
65.89904785 117.68547821 476.54608154 64 255 128
74.38967896 211.09205627 496.52786255 64 255 128
258.08306885 222.96772766 490.72482300 64 255 128
197.41172791 193.70893860 474.40798950 64 255 128
139.51699829 222.91999817 476.93801880 64 255 128
169.28691101 171.06449890 501.76614380 64 255 128
235.29901123 229.23522949 485.01416016 64 255 128
110.04512024 178.83157349 530.27178955 64 255 128
54.99753952 150.00904846 484.72100830 64 255 128
102.81199646 217.05000305 544.64697266 64 255 128
169.76635742 209.37861633 504.71835327 64 255 128
230.10400391 244.11100769 502.15203857 64 255 128
57.70694733 173.62744141 482.76757812 64 255 128
139.04638672 179.20150757 442.69070435 64 255 128
138.00088501 177.34164429 501.78933716 64 255 128
58.41126633 157.84060669 516.19964600 64 255 128
176.07901001 240.86500549 501.16598511 64 255 128
197.62300110 242.61300659 499.45599365 64 255 128
83.15100098 223.92399597 514.67797852 64 255 128
103.88518524 153.18437195 525.37127686 64 255 128
146.61491394 128.40528870 479.39099121 64 255 128
256.73651123 196.35324097 476.33181763 64 255 128
157.05900574 238.17799377 497.37500000 64 255 128
101.45833588 163.24232483 530.74542236 64 255 128
174.14378357 189.08468628 514.36145020 64 255 128
62.03561783 153.52105713 547.57556152 64 255 128
90.08895111 131.66455078 521.64556885 64 255 128
119.12256622 97.53087616 458.34439087 64 255 128
238.72148132 203.69392395 480.22384644 64 255 128
92.09725952 156.75425720 432.87457275 64 255 128
58.86079788 176.84817505 474.14874268 64 255 128
114.72900391 240.33399963 547.15502930 64 255 128
204.30883789 172.16818237 483.56912231 64 255 128
78.63800049 206.74000549 549.78002930 64 255 128
74.06565857 195.72836304 461.78912354 64 255 128
169.84861755 186.04133606 502.58224487 64 255 128
93.71160126 122.21849060 501.05493164 64 255 128
78.12738800 106.99176025 509.83966064 64 255 128
167.89382935 174.68568420 511.19827271 64 255 128
55.94216156 159.58277893 495.46572876 64 255 128
166.65455627 199.49211121 463.45944214 64 255 128
248.54046631 236.64674377 498.33798218 64 255 128
66.55291748 115.66687012 492.07125854 64 255 128
87.66886902 106.86878204 442.84866333 64 255 128
125.48545074 190.14709473 527.47094727 64 255 128
126.71676636 175.48835754 523.34631348 64 255 128
94.39299774 234.74900818 530.90899658 64 255 128
123.40753174 96.43357849 453.96154785 64 255 128
60.04404449 163.43750000 519.78063965 64 255 128
139.61598206 202.01654053 452.95596313 64 255 128
105.22063446 96.93140411 445.78659058 64 255 128
129.90431213 102.38452911 456.09140015 64 255 128
57.13560486 170.17738342 491.59124756 64 255 128
79.39012146 141.03141785 543.39483643 64 255 128
57.02602005 145.36282349 513.75604248 64 255 128
109.30867767 203.18768311 451.87887573 64 255 128
90.83789825 165.17756653 437.38784790 64 255 128
113.24654388 133.54269409 427.35513306 64 255 128
69.99170685 179.24235535 543.05895996 64 255 128
254.89463806 215.62100220 484.16534424 64 255 128
128.70538330 154.86410522 517.98620605 64 255 128
99.14292908 139.26464844 522.51849365 64 255 128
70.41173553 153.16824341 439.67019653 64 255 128
90.71145630 180.53611755 543.36529541 64 255 128
84.13447571 179.57630920 447.09573364 64 255 128
133.58700562 250.56898499 530.25402832 64 255 128
120.23560333 209.21318054 455.28009033 64 255 128
69.07192993 197.40557861 471.29266357 64 255 128
108.99279785 172.08459473 436.11764526 64 255 128
211.02937317 224.87103271 517.53259277 64 255 128
142.61599731 201.71701050 531.51300049 64 255 128
155.99839783 150.45213318 443.83694458 64 255 128
216.53147888 183.15623474 492.06884766 64 255 128
63.75139236 160.03231812 549.62634277 64 255 128
121.55299377 251.11401367 540.86499023 64 255 128
152.82156372 119.43690491 462.41152954 64 255 128
72.34841919 161.90155029 562.64562988 64 255 128
183.97299194 242.59500122 542.39898682 64 255 128
139.81968689 125.19647217 434.40072632 64 255 128
79.71558380 149.75779724 549.66253662 64 255 128
163.43145752 159.86112976 489.59167480 64 255 128
121.71400452 237.13398743 492.43301392 64 255 128
58.62686157 154.23420715 456.82641602 64 255 128
126.77964783 139.59713745 429.16629028 64 255 128
66.12819672 121.47922516 461.06747437 64 255 128
75.84672546 112.23399353 520.44683838 64 255 128
255.66514587 232.56085205 495.13845825 64 255 128
96.04133606 129.42340088 427.48257446 64 255 128
76.10872650 108.66531372 463.44165039 64 255 128
210.09799194 212.44342041 517.61071777 64 255 128
105.85675812 181.12852478 440.77639771 64 255 128
185.54306030 185.23226929 518.44561768 64 255 128
56.29513550 164.44924927 491.95132446 64 255 128
109.75476074 164.49758911 434.53759766 64 255 128
61.96240997 186.96948242 506.22372437 64 255 128
62.58232880 162.45704651 539.81036377 64 255 128
235.16386414 191.48930359 478.15460205 64 255 128
250.26869202 192.37092590 492.65155029 64 255 128
184.34359741 194.53379822 468.99099731 64 255 128
161.55964661 130.46754456 449.92373657 64 255 128
247.89494324 208.45999146 482.99273682 64 255 128
94.41799927 230.72401428 506.66302490 64 255 128
61.58862686 135.25254822 543.34918213 64 255 128
252.84460449 225.52958679 494.69793701 64 255 128
163.46267700 151.59368896 447.85723877 64 255 128
218.83999634 253.47000122 518.46405029 64 255 128
151.10456848 154.22526550 512.02606201 64 255 128
109.86399841 246.86599731 542.39099121 64 255 128
106.54958344 153.44804382 429.27896118 64 255 128
191.43730164 175.53031921 509.07617188 64 255 128
146.05400085 206.63400269 531.84399414 64 255 128
148.30000305 217.31799316 533.65802002 64 255 128
158.33403015 122.41504669 456.35455322 64 255 128
89.06699371 221.01800537 497.41000366 64 255 128
105.52850342 221.14431763 479.82592773 64 255 128
108.15596771 125.13121796 492.42727661 64 255 128
169.08642578 161.78523254 469.82653809 64 255 128
83.31060028 150.88392639 431.87100220 64 255 128
61.01347733 190.76124573 487.78994751 64 255 128
142.75399780 231.95899963 484.21600342 64 255 128
138.41633606 184.17257690 445.21517944 64 255 128
224.45970154 193.01033020 476.57211304 64 255 128
134.05895996 125.77125549 482.60873413 64 255 128
194.93231201 172.98324585 488.06774902 64 255 128
99.03099823 237.78698730 528.88299561 64 255 128
247.61181641 186.84358215 482.72210693 64 255 128
56.08419037 140.65158081 489.71673584 64 255 128
117.02851105 165.15007019 523.39123535 64 255 128
155.12899780 257.21200562 539.68298340 64 255 128
83.63365936 184.59664917 549.11999512 64 255 128
85.59799957 220.80999756 546.33996582 64 255 128
182.49699402 243.31698608 503.07901001 64 255 128
61.21855164 125.96562195 497.92691040 64 255 128
182.15200806 255.54901123 532.74499512 64 255 128
231.57893372 214.74200439 505.00900269 64 255 128
142.83694458 170.62985229 504.61172485 64 255 128
182.65649414 212.25744629 474.79989624 64 255 128
153.29179382 155.40641785 443.39227295 64 255 128
64.11911774 118.50939178 522.98797607 64 255 128
69.34259033 158.24201965 442.34054565 64 255 128
93.41806030 159.81857300 536.99639893 64 255 128
252.64274597 232.04602051 488.40921021 64 255 128
109.27799988 238.13598633 551.31695557 64 255 128
124.96204376 105.08386993 462.37539673 64 255 128
57.86332703 160.82801819 460.90277100 64 255 128
123.51556396 213.33346558 457.45214844 64 255 128
107.22566986 196.04214478 448.14297485 64 255 128
145.85299683 242.70799255 503.10998535 64 255 128
180.33657837 181.72634888 519.37841797 64 255 128
205.72300720 254.31298828 539.09600830 64 255 128
157.92918396 168.59513855 507.71075439 64 255 128
164.60005188 166.12272644 500.86413574 64 255 128
93.96559906 136.24142456 427.49127197 64 255 128
55.60270309 146.26640320 478.57772827 64 255 128
64.29959869 193.93684387 504.61865234 64 255 128
116.14300537 231.50299072 487.59500122 64 255 128
114.71500397 207.96899414 540.79199219 64 255 128
79.76654816 108.81066895 451.58874512 64 255 128
189.33500671 225.17700195 529.15802002 64 255 128
59.94570923 144.90396118 534.70776367 64 255 128
127.04469299 121.24249268 430.88034058 64 255 128
193.60551453 172.80404663 495.66702271 64 255 128
163.02140808 159.64318848 450.41430664 64 255 128
145.38446045 217.33193970 467.25296021 64 255 128
109.01000214 199.78100586 533.47698975 64 255 128
94.61827087 104.97454834 439.90533447 64 255 128
228.02256775 223.86132812 506.37466431 64 255 128
170.98712158 174.25068665 485.39605713 64 255 128
87.40333557 218.25138855 486.75527954 64 255 128
155.33000183 251.75500488 547.88000488 64 255 128
187.38909912 176.72384644 500.00906372 64 255 128
204.07199097 254.88499451 527.35900879 64 255 128
123.06037903 110.33370972 432.43170166 64 255 128
152.96646118 123.70270538 467.87878418 64 255 128
176.74032593 203.18191528 521.70507812 64 255 128
213.83534241 181.37454224 484.83367920 64 255 128
144.40588379 149.14938354 438.69381714 64 255 128
86.21542358 110.38906097 498.24328613 64 255 128
62.84770203 121.43135834 487.91360474 64 255 128
162.47000122 244.25999451 508.94302368 64 255 128
92.17800140 233.44099426 520.18701172 64 255 128
176.37500000 253.77699280 550.59600830 64 255 128
80.49760437 215.45362854 495.59530640 64 255 128
143.49945068 163.00129700 514.72833252 64 255 128
230.02183533 192.49964905 501.85488892 64 255 128
128.23333740 182.69973755 523.60888672 64 255 128
194.87062073 215.52276611 524.48016357 64 255 128
132.78399658 246.41099548 508.94396973 64 255 128
149.49784851 113.06524658 444.25259399 64 255 128
74.47257996 207.66157532 522.68060303 64 255 128
219.84059143 186.38124084 500.38009644 64 255 128
68.07394409 199.58938599 513.70227051 64 255 128
160.58424377 199.16296387 517.18066406 64 255 128
145.63262939 168.20088196 440.54855347 64 255 128
160.80020142 130.03302002 464.96502686 64 255 128
208.98452759 174.80093384 487.14746094 64 255 128
166.61747742 152.25677490 480.58724976 64 255 128
169.13938904 187.33650208 458.92572021 64 255 128
131.60662842 132.37245178 498.68878174 64 255 128
174.37989807 215.27781677 473.97454834 64 255 128
101.72499847 232.98500061 500.00500488 64 255 128
107.48300171 244.35200500 527.89001465 64 255 128
122.32744598 111.70316315 470.85147095 64 255 128
104.57120514 138.94479370 427.20953369 64 255 128
66.95547485 174.74781799 454.71316528 64 255 128
56.76775360 151.59898376 469.49572754 64 255 128
69.95149231 133.65655518 559.42797852 64 255 128
209.30999756 245.08200073 502.21997070 64 255 128
80.02435303 123.52095795 525.73205566 64 255 128
105.51222229 117.94760895 429.48300171 64 255 128
163.83103943 196.97964478 507.75946045 64 255 128
215.83963013 187.30891418 473.64749146 64 255 128
188.24000549 240.01699829 535.94201660 64 255 128
78.06475067 180.11071777 555.35119629 64 255 128
98.02899933 219.15699768 485.72399902 64 255 128
162.04699707 210.43499756 527.65502930 64 255 128
133.52362061 130.49504089 430.90365601 64 255 128
229.49150085 186.82914734 487.15948486 64 255 128
71.18167114 119.25355530 540.54040527 64 255 128
88.89628601 99.26272583 460.20867920 64 255 128
122.41770172 169.73068237 436.11230469 64 255 128
64.20191956 169.53555298 454.11071777 64 255 128
154.72525024 134.42680359 440.59786987 64 255 128
193.84899902 254.86901855 526.40802002 64 255 128
183.54943848 216.43180847 479.11987305 64 255 128
189.95848083 182.12022400 519.44567871 64 255 128
58.34229660 152.83119202 520.32867432 64 255 128
120.06918335 124.09709930 485.19497681 64 255 128
102.31099701 227.77499390 552.15802002 64 255 128
65.64496613 114.94873047 508.55798340 64 255 128
105.69499969 229.28999329 490.20999146 64 255 128
157.71199036 248.98699951 520.73095703 64 255 128
244.77400208 237.67399597 492.94097900 64 255 128
126.29899597 234.46301270 540.30200195 64 255 128
195.54661560 169.58464050 499.90692139 64 255 128
169.88726807 209.68782043 469.32598877 64 255 128
85.84800720 199.61799622 557.07696533 64 255 128
214.45127869 207.80326843 479.40808105 64 255 128
135.22438049 217.07087708 470.86764526 64 255 128
224.12399292 250.28398132 510.82998657 64 255 128
112.86757660 122.65896606 428.06210327 64 255 128
209.74250793 182.16818237 477.58773804 64 255 128
83.68295288 217.88877869 497.48956299 64 255 128
133.37300110 194.25801086 526.32299805 64 255 128
130.22200012 244.91200256 536.78204346 64 255 128
171.64599609 254.64201355 524.35601807 64 255 128
161.50708008 181.77713013 452.26132202 64 255 128
186.58657837 176.51202393 505.74880981 64 255 128
85.91076660 195.27291870 455.03430176 64 255 128
201.85099792 252.12898254 514.58300781 64 255 128
157.84199524 223.24200439 529.85900879 64 255 128
135.66300964 237.74600220 491.51501465 64 255 128
103.98295593 131.55816650 506.74557495 64 255 128
67.47020721 148.45382690 442.67303467 64 255 128
128.08232117 138.33326721 510.19226074 64 255 128
115.07599640 224.27900696 480.93899536 64 255 128
103.03799438 237.94099426 507.02297974 64 255 128
90.01523590 139.84210205 529.89227295 64 255 128
182.52200317 230.52301025 485.71701050 64 255 128
243.85182190 207.66896057 500.71728516 64 255 128
191.26730347 201.40975952 473.35195923 64 255 128
163.12899780 195.41767883 459.63317871 64 255 128
199.07400513 193.73857117 516.99670410 64 255 128
87.58399963 200.40899658 550.58996582 64 255 128
156.40417480 173.38375854 448.17971802 64 255 128
128.34899902 241.29499817 497.45602417 64 255 128
79.22605133 179.62867737 450.24993896 64 255 128
147.50506592 158.87541199 441.48190308 64 255 128
213.38999939 249.37599182 533.43597412 64 255 128
58.46157837 177.49426270 486.99642944 64 255 128
171.26699829 154.53039551 457.68096924 64 255 128
71.11316681 205.55635071 513.39221191 64 255 128
175.25935364 174.48739624 502.35266113 64 255 128
190.50202942 180.84684753 487.04153442 64 255 128
63.39568710 124.50868988 465.86004639 64 255 128
156.73921204 143.15013123 488.76589966 64 255 128
92.76781464 216.20376587 474.78005981 64 255 128
131.59201050 234.70500183 535.99102783 64 255 128
164.17759705 210.92280579 516.79461670 64 255 128
166.04399109 238.37600708 541.20800781 64 255 128
79.44366455 133.88647461 539.70977783 64 255 128
157.28797913 136.18301392 477.52395630 64 255 128
200.65501404 173.48382568 505.53594971 64 255 128
129.84700012 247.70300293 513.45404053 64 255 128
91.68386841 170.72537231 440.27093506 64 255 128
66.30859375 194.85353088 513.56884766 64 255 128
93.38986969 195.37739563 450.04248047 64 255 128
180.54499817 235.62300110 491.58599854 64 255 128
118.81600189 201.59100342 534.90197754 64 255 128
105.60697174 100.18818665 440.19744873 64 255 128
113.59445190 115.14472198 476.95715332 64 255 128
75.76831055 166.20336914 559.41351318 64 255 128
117.73696899 178.20675659 526.53320312 64 255 128
156.96025085 125.57466125 444.54235840 64 255 128
73.18544006 199.38542175 531.65893555 64 255 128
80.37586975 219.74482727 507.43240356 64 255 128
158.62490845 175.94241333 502.68029785 64 255 128
214.16792297 192.96968079 510.59585571 64 255 128
67.20323181 118.70130157 465.64254761 64 255 128
87.48107910 99.19321442 479.42135620 64 255 128
142.18002319 135.35540771 497.38882446 64 255 128
120.45405579 218.69032288 473.74847412 64 255 128
149.39199829 249.07499695 524.90600586 64 255 128
207.84600830 234.87699890 489.17199707 64 255 128
155.01826477 185.70297241 511.73251343 64 255 128
237.94400024 242.30099487 501.91302490 64 255 128
108.69834137 95.30376434 461.54571533 64 255 128
169.38800049 243.92601013 507.91104126 64 255 128
178.67100525 245.13598633 549.83599854 64 255 128
137.51069641 184.45845032 518.42633057 64 255 128
118.13545227 101.05453491 462.42974854 64 255 128
130.15025330 168.48719788 436.31958008 64 255 128
100.19041443 173.64189148 439.44058228 64 255 128
142.41304016 193.53831482 450.15121460 64 255 128
146.20668030 148.06082153 510.92010498 64 255 128
71.55613708 117.05563354 453.70898438 64 255 128
234.23175049 211.29855347 481.89538574 64 255 128
114.48560333 108.68647003 468.56173706 64 255 128
63.94183731 197.49095154 483.16076660 64 255 128
148.68496704 173.23315430 443.28976440 64 255 128
139.98899841 247.17199707 518.72601318 64 255 128
135.58766174 193.24850464 446.30242920 64 255 128
244.10443115 234.43150330 500.48428345 64 255 128
60.43783569 127.88414764 470.97079468 64 255 128
117.67499542 239.13000488 497.16299438 64 255 128
73.55214691 116.59838104 531.10131836 64 255 128
167.11312866 166.35980225 472.84426880 64 255 128
149.04556274 113.46439362 455.96182251 64 255 128
199.15499878 251.75300598 545.89202881 64 255 128
119.26399994 240.87400818 544.27600098 64 255 128
151.82901001 235.91299438 538.07000732 64 255 128
76.20353699 147.55093384 434.76119995 64 255 128
177.81497192 183.25630188 475.07269287 64 255 128
169.20599365 255.49798584 547.68597412 64 255 128
96.86042023 133.10620117 515.87268066 64 255 128
84.13800049 225.96099854 520.54797363 64 255 128
59.32808685 148.43092346 530.94427490 64 255 128
99.63692474 147.71896362 428.55621338 64 255 128
88.64453125 169.56881714 544.85461426 64 255 128
113.77899933 223.44400024 545.34796143 64 255 128
97.81500244 237.90100098 517.22399902 64 255 128
125.90299225 221.74000549 477.54098511 64 255 128
149.28799438 245.09300232 513.29901123 64 255 128
113.70899963 197.54100037 531.06097412 64 255 128
65.06732178 118.55831909 537.18206787 64 255 128
75.21275330 212.30958557 509.32867432 64 255 128
74.81497955 119.63198090 443.35897827 64 255 128
226.03392029 227.70904541 483.39270020 64 255 128
73.84587097 190.98670959 542.43518066 64 255 128
164.06195068 185.51266479 502.91192627 64 255 128
188.06700134 254.14300537 523.22503662 64 255 128
174.44477844 198.13372803 501.35202026 64 255 128
250.52189636 209.03596497 497.46871948 64 255 128
198.68763733 204.40994263 521.70306396 64 255 128
171.25572205 193.20872498 512.50238037 64 255 128
239.19149780 192.53668213 498.41946411 64 255 128
143.93000793 211.14698792 533.77600098 64 255 128
102.01338196 156.96067810 430.70315552 64 255 128
218.55000305 254.56700134 527.25799561 64 255 128
205.79205322 209.08293152 519.50958252 64 255 128
164.73199463 234.10700989 490.75601196 64 255 128
157.63282776 131.24528503 472.83789062 64 255 128
150.38586426 122.44889069 439.29479980 64 255 128
69.16658020 168.24720764 447.42132568 64 255 128
182.46313477 189.84667969 467.86044312 64 255 128
152.29092407 175.37138367 500.95956421 64 255 128
64.58380127 177.11015320 461.16510010 64 255 128
101.48986053 177.36666870 535.95782471 64 255 128
98.44510651 144.05836487 526.04608154 64 255 128
130.49800110 223.51499939 540.26403809 64 255 128
76.44224548 209.37991333 532.90521240 64 255 128
60.37276459 179.11782837 504.31411743 64 255 128
154.39700317 205.79699707 529.33697510 64 255 128
129.52851868 107.19614410 460.88742065 64 255 128
118.90974426 137.19699097 509.39385986 64 255 128
163.43136597 221.17286682 475.31341553 64 255 128
141.75799561 131.48422241 488.13473511 64 255 128
107.42460632 113.27539825 431.09844971 64 255 128
133.92700195 224.83499146 479.40798950 64 255 128
261.50500488 199.53750610 484.33435059 64 255 128
217.20423889 201.11811829 511.81350708 64 255 128
56.45701981 166.82383728 477.16406250 64 255 128
104.25900269 241.01699829 537.00396729 64 255 128
172.28500366 240.73699951 543.74096680 64 255 128
98.88630676 190.84043884 445.86001587 64 255 128
225.30900574 243.43299866 513.33703613 64 255 128
59.93488312 156.94990540 529.19842529 64 255 128
70.59320831 151.66380310 561.71099854 64 255 128
136.81982422 121.00167847 432.89151001 64 255 128
84.35988617 200.81175232 460.22079468 64 255 128
151.66400146 246.02000427 543.48602295 64 255 128
258.52935791 187.99952698 481.51800537 64 255 128
198.82551575 185.88432312 477.07775879 64 255 128
129.20700073 213.30499268 538.34301758 64 255 128
86.72049713 149.40370178 538.62194824 64 255 128
100.89081573 161.45001221 433.04357910 64 255 128
145.05049133 178.87777710 443.28659058 64 255 128
206.97900391 254.61700439 522.93402100 64 255 128
160.95399475 239.39299011 542.15600586 64 255 128
75.07701111 139.64965820 553.30535889 64 255 128
64.94537354 124.14936829 549.46856689 64 255 128
119.57749939 190.86973572 529.27496338 64 255 128
205.20399475 241.27200317 530.10900879 64 255 128
175.20835876 174.85572815 512.55291748 64 255 128
90.45100403 232.06900024 533.47302246 64 255 128
70.39933777 194.79364014 465.63168335 64 255 128
170.41448975 172.63641357 491.62765503 64 255 128
191.89601135 255.53100586 531.60601807 64 255 128
143.07701111 116.42570496 466.23089600 64 255 128
149.52899170 227.44400024 535.44702148 64 255 128
91.20600128 200.54798889 542.36401367 64 255 128
238.02041626 214.00267029 502.42288208 64 255 128
136.62551880 175.08425903 518.70489502 64 255 128
148.61799622 256.06600952 537.45800781 64 255 128
142.35783386 178.36962891 499.19949341 64 255 128
103.57683563 140.89807129 520.70690918 64 255 128
201.68524170 218.80162048 523.52673340 64 255 128
138.28607178 142.86352539 509.63323975 64 255 128
147.53512573 144.60253906 439.58514404 64 255 128
59.33755493 130.67893982 493.15264893 64 255 128
115.01746368 215.73333740 463.52951050 64 255 128
236.17794800 225.69673157 502.30187988 64 255 128
163.14489746 168.05514526 512.15997314 64 255 128
84.31508636 144.54487610 537.85571289 64 255 128
246.21264648 189.95953369 477.90179443 64 255 128
57.22349548 168.04902649 471.48245239 64 255 128
61.33895493 174.33633423 464.87432861 64 255 128
76.01451874 147.54171753 555.24017334 64 255 128
99.98899841 197.34400940 537.19097900 64 255 128
171.77223206 177.53411865 476.18557739 64 255 128
223.46740723 184.87454224 486.69226074 64 255 128
143.32348633 176.07568359 511.39993286 64 255 128
119.04405212 152.98741150 519.86511230 64 255 128
136.81785583 135.46669006 433.23486328 64 255 128
162.61746216 154.06500244 486.60134888 64 255 128
58.93551254 171.72045898 508.42999268 64 255 128
83.63284302 101.74793243 490.82629395 64 255 128
64.77935028 154.89477539 559.23223877 64 255 128
126.48899841 250.71498108 539.23901367 64 255 128
170.62916565 209.91505432 529.31567383 64 255 128
141.95951843 205.48898315 455.26843262 64 255 128
201.08099365 231.80499268 526.39898682 64 255 128
192.53100586 247.14500427 506.54501343 64 255 128
162.03199768 246.31700134 515.01696777 64 255 128
219.68199158 248.70399475 507.91598511 64 255 128
207.53962708 201.33612061 516.47766113 64 255 128
138.68873596 107.20301819 437.94711304 64 255 128
86.42400360 226.48899841 539.79895020 64 255 128
61.18655396 149.55062866 542.37866211 64 255 128
153.98243713 207.20372009 460.40716553 64 255 128
149.39688110 163.82543945 513.83880615 64 255 128
142.30464172 214.08613586 461.95559692 64 255 128
83.98554230 215.51560974 485.75231934 64 255 128
187.81613159 219.69284058 529.59979248 64 255 128
223.19128418 209.21739197 509.88668823 64 255 128
72.73657227 125.34748077 442.84979248 64 255 128
159.80998230 185.78607178 454.35116577 64 255 128
134.55599976 234.53601074 486.93499756 64 255 128
90.65406799 185.12345886 447.43560791 64 255 128
151.35011292 142.27391052 496.84756470 64 255 128
171.45527649 203.42979431 512.98052979 64 255 128
154.20100403 235.41999817 490.38699341 64 255 128
106.15232849 175.13821411 532.14300537 64 255 128
156.97952271 166.87507629 447.14822388 64 255 128
85.45415497 122.27372742 511.35797119 64 255 128
130.20201111 179.30561829 441.85330200 64 255 128
230.40652466 210.01237488 506.72286987 64 255 128
111.13400269 244.06300354 510.06503296 64 255 128
140.17700195 249.67401123 529.28295898 64 255 128
59.07551193 177.87351990 498.99551392 64 255 128
153.78500366 222.67599487 533.72595215 64 255 128
108.12743378 217.70379639 468.65496826 64 255 128
84.01456451 142.26921082 429.83764648 64 255 128
235.30636597 231.27807617 503.06356812 64 255 128
75.61306000 184.75106812 554.13012695 64 255 128
128.65916443 185.50956726 441.80215454 64 255 128
79.37300110 214.90899658 531.44702148 64 255 128
68.85041046 113.08815002 482.96389771 64 255 128
183.43598938 189.82145691 516.36962891 64 255 128
107.83917999 138.26831055 516.82476807 64 255 128
71.14666748 140.50706482 558.63757324 64 255 128
74.00930023 171.80435181 561.16522217 64 255 128
190.60699463 245.07200623 544.84399414 64 255 128
162.26600647 215.70300293 529.57598877 64 255 128
200.43000793 237.06900024 492.09799194 64 255 128
123.42529297 132.60086060 500.94586182 64 255 128
182.69149780 213.29096985 529.85400391 64 255 128
113.40784454 100.40600586 439.61602783 64 255 128
133.13343811 110.59519958 463.12576294 64 255 128
132.65185547 100.99691010 444.66888428 64 255 128
91.86408234 204.38365173 458.30685425 64 255 128
179.72299194 247.44000244 511.05999756 64 255 128
245.68150330 226.12980652 497.71319580 64 255 128
80.47068024 133.30213928 433.22882080 64 255 128
93.93647766 97.01969147 470.41165161 64 255 128
60.84008789 169.31184387 519.44720459 64 255 128
205.96000671 246.46699524 534.32202148 64 255 128
94.50485992 165.10897827 539.39611816 64 255 128
223.15800476 237.67800903 511.97201538 64 255 128
214.20700073 250.19198608 510.34600830 64 255 128
178.75500488 255.11801147 542.74200439 64 255 128
237.72662354 232.80607605 488.20071411 64 255 128
182.67999268 254.53599548 524.71502686 64 255 128
132.46868896 150.57969666 516.10662842 64 255 128
76.79972076 213.81153870 501.51312256 64 255 128
61.09759140 129.37580872 528.34210205 64 255 128
96.39654541 102.29727173 476.75524902 64 255 128
207.66369629 204.60522461 476.36996460 64 255 128
195.98899841 227.50799561 486.25500488 64 255 128
74.88770294 188.25323486 549.49633789 64 255 128
102.83200073 236.83399963 552.92303467 64 255 128
159.74333191 142.38134766 479.37643433 64 255 128
194.51768494 184.10823059 481.49215698 64 255 128
229.28915405 190.86824036 477.94110107 64 255 128
103.02300262 221.43200684 549.44903564 64 255 128
138.36399841 245.67399597 510.88702393 64 255 128
202.08163452 195.54795837 474.70339966 64 255 128
115.94816589 112.21797180 430.68832397 64 255 128
140.27961731 157.06344604 515.21881104 64 255 128
196.97399902 234.07099915 489.76800537 64 255 128
158.11599731 231.94900513 535.09600830 64 255 128
65.99385071 190.85638428 517.18664551 64 255 128
207.03353882 226.07611084 482.69873047 64 255 128
127.70238495 98.35195923 452.12249756 64 255 128
62.97637558 189.78771973 474.61520386 64 255 128
212.55099487 254.37701416 533.76196289 64 255 128
94.30074310 219.54994202 484.72183228 64 255 128
77.55644989 168.10289001 443.55844116 64 255 128
178.44400024 216.69700623 533.29803467 64 255 128
241.89559937 188.05351257 489.61148071 64 255 128
63.27511978 178.29934692 517.18200684 64 255 128
189.34400940 234.32199097 531.13104248 64 255 128
71.07861328 207.70277405 505.58584595 64 255 128
96.78699493 222.12300110 553.42700195 64 255 128
192.82865906 195.19671631 517.53979492 64 255 128
232.86914062 237.16136169 505.88000488 64 255 128
175.04893494 195.33488464 506.20431519 64 255 128
225.10668945 195.62242126 505.59390259 64 255 128
202.85411072 171.68188477 494.48776245 64 255 128
90.57375336 101.58981323 482.58340454 64 255 128
62.39498520 141.84254456 550.80706787 64 255 128
136.39736938 105.70815277 454.75158691 64 255 128
165.46574402 136.09358215 453.26174927 64 255 128
78.71618652 217.82844543 517.54217529 64 255 128
88.65802002 216.52410889 478.68225098 64 255 128
94.09547424 153.20384216 533.35333252 64 255 128
99.47142029 205.69963074 456.07858276 64 255 128
71.96487427 202.74285889 524.04547119 64 255 128
156.45553589 214.81408691 465.51950073 64 255 128
105.52299500 244.47299194 546.58599854 64 255 128
165.22517395 216.33851624 511.29293823 64 255 128
63.85645294 137.23591614 450.90039062 64 255 128
219.23725891 225.01206970 482.45526123 64 255 128
83.60205078 130.84686279 530.47357178 64 255 128
174.31401062 226.62899780 534.33898926 64 255 128
90.48000336 206.56600952 541.74401855 64 255 128
189.47200012 255.14599609 542.33599854 64 255 128
114.54252625 95.33990479 446.81304932 64 255 128
213.55027771 179.91900635 495.73596191 64 255 128
214.28399658 239.66400146 492.55801392 64 255 128
257.02719116 226.40724182 487.34072876 64 255 128
229.34538269 219.11732483 483.37899780 64 255 128
119.23600006 210.02101135 541.00103760 64 255 128
94.78263092 96.32913971 461.59783936 64 255 128
144.62867737 168.59866333 498.96096802 64 255 128
107.68800354 215.52400208 541.98199463 64 255 128
164.39965820 203.31913757 518.73321533 64 255 128
139.90400696 243.05500793 501.15698242 64 255 128
194.23350525 175.01159668 513.81958008 64 255 128
162.94033813 202.47256470 464.25704956 64 255 128
82.07533264 170.04014587 441.92239380 64 255 128
145.81230164 142.31684875 504.91207886 64 255 128
69.72807312 108.49742889 520.93286133 64 255 128
186.92303467 204.07060242 471.28784180 64 255 128
120.59988403 94.91438293 450.18209839 64 255 128
56.73674393 139.28543091 497.33502197 64 255 128
84.33993530 100.01219177 469.61062622 64 255 128
217.81790161 221.66816711 512.41210938 64 255 128
201.19000244 244.40998840 502.37100220 64 255 128
56.65116119 154.91905212 507.13104248 64 255 128
84.92399597 215.18998718 547.93499756 64 255 128
198.89299011 247.22099304 542.32403564 64 255 128
223.67303467 186.22422791 497.02694702 64 255 128
171.45542908 218.26118469 477.15252686 64 255 128
175.02505493 207.91261292 527.22338867 64 255 128
102.29141235 99.21255493 468.37585449 64 255 128
75.24013519 116.54029846 526.36340332 64 255 128
154.07659912 180.79338074 448.02874756 64 255 128
78.22471619 124.81101227 532.21484375 64 255 128
245.17123413 234.12492371 489.48406982 64 255 128
164.61465454 170.76704407 453.07092285 64 255 128
131.38180542 159.28398132 434.41687012 64 255 128
144.92700195 234.47898865 487.85202026 64 255 128
83.20649719 105.88298798 497.69897461 64 255 128
153.44258118 136.40817261 485.64215088 64 255 128
148.52572632 138.04576111 493.93264771 64 255 128
142.65798950 222.75399780 536.05902100 64 255 128
74.58787537 103.68403625 503.63470459 64 255 128
101.91135406 199.22996521 449.19558716 64 255 128
125.50383759 127.00557709 488.95773315 64 255 128
69.88253021 132.94757080 443.81387329 64 255 128
167.10313416 157.30364990 476.45022583 64 255 128
149.37786865 196.57167053 452.05389404 64 255 128
84.62277985 132.11001587 430.77423096 64 255 128
82.68297577 192.14671326 454.31225586 64 255 128
157.63099670 223.66101074 478.33300781 64 255 128
85.75778198 126.28762054 431.24890137 64 255 128
66.01699829 159.89762878 446.64065552 64 255 128
109.33399963 231.51800537 548.60400391 64 255 128
257.92449951 205.17288208 481.14077759 64 255 128
175.41296387 187.03800964 464.64083862 64 255 128
194.59278870 220.29809570 481.78695679 64 255 128
256.78442383 215.81985474 491.56246948 64 255 128
135.98600769 219.00799561 474.74200439 64 255 128
137.75108337 123.77869415 478.32971191 64 255 128
165.57838440 207.46228027 506.92660522 64 255 128
181.70489502 183.10899353 481.21011353 64 255 128
126.99800873 218.36799622 541.40802002 64 255 128
204.53649902 175.43942261 502.66384888 64 255 128
206.89935303 173.77160645 492.61206055 64 255 128
67.19998169 188.78034973 464.58929443 64 255 128
192.96800232 241.28800964 498.85299683 64 255 128
63.82990646 149.85742188 557.60906982 64 255 128
86.33251190 127.88690948 519.55560303 64 255 128
62.96232224 121.14457703 499.49291992 64 255 128
236.59692383 188.96150208 482.08633423 64 255 128
200.97000122 254.49699402 542.22204590 64 255 128
125.01799774 207.08000183 538.11700439 64 255 128
62.39024734 125.47856903 474.69537354 64 255 128
228.62789917 203.10202026 478.07391357 64 255 128
228.42311096 209.44055176 481.24267578 64 255 128
224.31999207 252.06800842 519.43499756 64 255 128
139.21099854 213.06001282 535.63500977 64 255 128
137.43266296 119.63793945 471.69662476 64 255 128
64.65175629 198.53149414 492.93469238 64 255 128
125.74300385 243.17500305 501.74700928 64 255 128
106.80500031 243.98001099 520.87298584 64 255 128
130.17706299 143.20660400 431.76614380 64 255 128
143.19187927 128.26126099 436.16741943 64 255 128
187.63677979 207.46263123 474.60046387 64 255 128
218.94400024 246.87300110 523.65496826 64 255 128
63.81112289 137.21189880 555.19781494 64 255 128
66.28730774 144.37797546 563.14526367 64 255 128
117.60531616 152.25152588 429.22421265 64 255 128
116.87295532 159.98420715 433.68432617 64 255 128
122.70499420 248.89401245 516.70996094 64 255 128
115.47882843 211.65348816 456.04290771 64 255 128
82.12557983 194.22351074 554.09704590 64 255 128
92.82056427 145.56425476 427.81674194 64 255 128
169.56234741 157.79284668 472.12084961 64 255 128
210.68299866 236.07099915 522.06597900 64 255 128
81.72207642 123.80902100 434.96911621 64 255 128
229.96292114 200.21234131 505.91665649 64 255 128
60.64934158 156.18777466 535.95550537 64 255 128
78.67717743 215.41088867 523.88159180 64 255 128
170.67800903 233.81799316 536.55200195 64 255 128
68.25511932 165.56323242 558.89196777 64 255 128
154.15960693 147.32574463 501.94967651 64 255 128
172.08454895 169.11026001 463.94821167 64 255 128
151.04055786 130.34883118 479.44708252 64 255 128
101.03671265 118.60177612 488.10452271 64 255 128
115.54835510 144.96302795 517.90802002 64 255 128
81.65373230 123.41693115 521.22332764 64 255 128
71.89247131 113.73400879 461.74832153 64 255 128
72.03097534 140.51367188 439.69570923 64 255 128
118.73072052 133.49099731 428.61892700 64 255 128
59.90538788 186.18998718 484.14086914 64 255 128
145.16400146 198.29800415 529.31701660 64 255 128
150.52285767 185.62948608 510.80715942 64 255 128
69.32205200 201.20381165 476.11425781 64 255 128
61.64113617 192.97541809 483.54336548 64 255 128
116.08599854 250.46899414 535.20300293 64 255 128
200.36079407 169.51391602 484.00006104 64 255 128
64.12891388 158.12835693 554.27984619 64 255 128
103.31269073 129.38764954 502.05081177 64 255 128
94.38445282 185.33547974 539.85675049 64 255 128
75.49140167 210.51351929 488.24801636 64 255 128
171.51400757 247.00100708 551.83795166 64 255 128
108.69419098 219.55575562 476.57040405 64 255 128
66.70869446 137.53562927 446.65847778 64 255 128
117.04644775 169.84054565 525.49676514 64 255 128
87.30670166 219.39057922 494.43838501 64 255 128
154.64900208 255.13198853 529.85900879 64 255 128
102.77446747 129.14064026 426.54537964 64 255 128
176.01826477 179.06396484 484.16790771 64 255 128
155.59457397 191.27725220 512.23364258 64 255 128
205.45651245 180.85432434 512.17895508 64 255 128
163.18496704 215.56083679 468.63635254 64 255 128
116.69879913 129.72463989 496.85510254 64 255 128
74.69004059 132.42976379 547.96386719 64 255 128
174.53614807 181.10815430 468.28521729 64 255 128
135.29400635 249.38101196 535.43298340 64 255 128
157.39721680 196.59228516 455.99218750 64 255 128
122.41199493 176.83885193 524.72692871 64 255 128
75.04335785 207.70521545 479.56829834 64 255 128
115.79900360 231.39999390 546.39202881 64 255 128
170.60585022 147.97543335 465.67214966 64 255 128
178.66600037 221.41600037 533.95300293 64 255 128
235.21374512 193.04891968 501.34594727 64 255 128
248.44070435 228.41905212 487.17047119 64 255 128
76.02630615 198.92134094 543.38299561 64 255 128
161.86199951 230.52999878 532.51898193 64 255 128
103.90900421 196.44198608 534.64105225 64 255 128
129.56535339 120.98436737 479.19168091 64 255 128
251.17195129 197.21911621 477.89355469 64 255 128
148.58354187 188.33264160 448.41598511 64 255 128
193.92601013 253.21498108 547.09399414 64 255 128
170.44793701 163.43951416 455.36212158 64 255 128
112.84813690 168.00067139 434.26919556 64 255 128
133.13037109 216.90007019 464.38925171 64 255 128
119.49399567 250.41499329 529.34301758 64 255 128
132.51655579 105.77123260 437.07183838 64 255 128
68.43554688 202.75320435 508.48019409 64 255 128
232.44047546 200.01275635 480.17092896 64 255 128
169.45085144 172.07772827 470.61203003 64 255 128
168.24800110 223.59399414 480.77700806 64 255 128
205.82548523 187.58299255 475.01968384 64 255 128
98.80111694 120.64883423 493.15692139 64 255 128
106.51027679 212.13621521 461.59829712 64 255 128
115.26020813 138.84545898 428.36322021 64 255 128
171.52970886 194.48609924 462.16018677 64 255 128
125.12354279 208.57144165 455.55978394 64 255 128
220.12600708 235.57400513 486.93902588 64 255 128
189.25518799 178.24713135 516.86370850 64 255 128
153.05499268 217.11300659 533.66998291 64 255 128
162.43147278 148.24812317 482.23004150 64 255 128
103.37151337 219.97505188 476.51605225 64 255 128
150.69712830 202.52156067 456.28842163 64 255 128
175.12834167 183.11427307 514.46594238 64 255 128
178.48153687 213.29855347 473.24847412 64 255 128
161.71795654 161.87635803 502.41381836 64 255 128
99.06200409 213.52400208 542.36199951 64 255 128
70.01194763 187.54808044 532.32153320 64 255 128
169.23899841 256.33801270 540.65698242 64 255 128
78.15611267 107.63883972 459.21481323 64 255 128
139.69387817 151.18942261 436.92269897 64 255 128
198.67166138 217.67985535 479.17453003 64 255 128
105.38807678 165.52380371 528.77349854 64 255 128
81.04599762 215.18099976 541.68304443 64 255 128
126.67901611 128.52624512 429.27734375 64 255 128
77.54917908 102.15000916 498.98880005 64 255 128
110.61769867 127.39154816 427.29650879 64 255 128
140.75599670 239.67500305 531.04400635 64 255 128
142.69544983 167.32090759 511.16479492 64 255 128
139.91648865 169.72294617 439.94552612 64 255 128
230.44853210 187.19514465 492.06118774 64 255 128
97.25080109 120.29271698 428.88433838 64 255 128
88.82057953 134.44732666 428.38043213 64 255 128
55.65855408 154.14976501 481.38446045 64 255 128
133.48062134 128.03509521 487.39898682 64 255 128
127.69145966 191.39268494 444.82296753 64 255 128
64.14255524 195.69934082 499.88745117 64 255 128
199.50399780 241.02899170 532.54199219 64 255 128
64.79962158 150.36798096 446.60653687 64 255 128
120.25000000 215.84500122 543.96997070 64 255 128
180.54258728 220.15657043 480.51657104 64 255 128
76.38221741 139.45198059 548.85552979 64 255 128
228.92005920 218.86938477 505.74468994 64 255 128
210.28613281 217.50155640 517.65899658 64 255 128
190.72900391 237.05198669 491.38998413 64 255 128
128.24755859 216.86895752 463.36456299 64 255 128
123.65000153 240.05900574 541.99200439 64 255 128
69.12075043 184.32135010 459.44683838 64 255 128
65.36514282 117.11650848 487.34121704 64 255 128
124.70275116 96.58184814 448.70645142 64 255 128
258.56286621 211.38417053 483.81503296 64 255 128
160.07398987 242.64801025 545.37701416 64 255 128
151.54013062 167.35546875 510.60562134 64 255 128
211.12254333 203.18174744 478.90310669 64 255 128
111.96823883 160.37777710 523.76513672 64 255 128
82.95200348 223.58000183 526.45098877 64 255 128
147.07130432 140.18000793 437.40411377 64 255 128
131.14321899 150.56063843 432.46905518 64 255 128
106.18149567 189.00968933 529.76489258 64 255 128
254.90591431 193.06961060 473.56524658 64 255 128
220.28637695 198.19676208 477.47857666 64 255 128
120.48100281 225.09400940 480.71798706 64 255 128
194.51100159 251.90800476 515.85504150 64 255 128
126.37668610 144.62425232 516.12249756 64 255 128
144.95919800 107.86217499 449.73071289 64 255 128
155.35501099 244.51899719 509.74899292 64 255 128
165.72200012 253.55101013 522.39605713 64 255 128
69.15626526 198.97868347 518.52685547 64 255 128
184.42900085 254.47300720 543.42199707 64 255 128
99.03301239 110.87393951 481.93801880 64 255 128
92.59616852 99.96924591 449.76544189 64 255 128
188.26699829 232.20199585 486.46499634 64 255 128
57.47751236 155.35781860 512.03240967 64 255 128
135.88565063 131.40840149 494.23443604 64 255 128
163.10400391 256.58200073 533.85504150 64 255 128
124.77751923 100.56616974 441.07476807 64 255 128
60.96707535 137.10540771 539.24658203 64 255 128
102.04599762 240.92599487 517.64898682 64 255 128
76.87805176 108.93170929 514.95684814 64 255 128
77.83255005 102.16947174 491.93246460 64 255 128
133.27999878 244.83399963 503.19302368 64 255 128
103.42364502 107.47850037 474.31280518 64 255 128
62.51099777 149.32238770 550.85540771 64 255 128
163.97000122 255.32901001 548.54797363 64 255 128
104.31006622 134.88061523 513.96221924 64 255 128
68.00986481 115.33712769 473.04940796 64 255 128
142.30999756 234.33500671 533.00897217 64 255 128
188.75199890 247.76998901 550.55303955 64 255 128
182.10833740 199.47793579 518.59967041 64 255 128
88.06225586 104.06348419 488.36590576 64 255 128
169.02114868 208.80442810 514.87658691 64 255 128
226.24200439 236.25900269 488.59799194 64 255 128
58.76558304 140.94624329 524.33697510 64 255 128
191.34541321 211.81239319 477.97842407 64 255 128
120.93859863 203.44537354 449.99346924 64 255 128
210.59304810 189.10929871 509.16479492 64 255 128
58.76973343 135.99458313 519.76824951 64 255 128
175.52598572 236.21400452 538.42095947 64 255 128
67.33719635 186.53538513 524.62292480 64 255 128
244.00013733 211.92521667 483.84091187 64 255 128
82.95825195 111.36418915 442.30215454 64 255 128
119.36191559 141.91946411 513.96038818 64 255 128
120.04033661 128.38041687 428.56896973 64 255 128
94.95225525 211.64309692 466.16107178 64 255 128
111.35800171 212.30700684 541.05902100 64 255 128
161.57028198 190.01191711 506.55377197 64 255 128
156.22499084 213.91600037 531.54699707 64 255 128
92.03500366 152.78610229 430.73217773 64 255 128
145.43200684 111.55879211 441.05532837 64 255 128
156.11787415 158.97685242 445.80160522 64 255 128
174.55026245 163.53909302 459.07159424 64 255 128
186.13511658 201.79504395 521.06005859 64 255 128
140.52616882 133.22396851 493.48153687 64 255 128
109.11061859 135.44824219 426.57226562 64 255 128
116.87460327 102.66104126 436.49563599 64 255 128
165.20503235 145.25885010 473.51116943 64 255 128
134.91227722 205.26103210 451.91192627 64 255 128
94.29699707 233.62100220 551.88299561 64 255 128
112.91196442 188.66989136 442.43432617 64 255 128
219.91989136 184.34394836 478.40039062 64 255 128
102.95021820 112.13960266 431.37133789 64 255 128
77.58390045 170.76638794 558.56585693 64 255 128
138.30499268 218.11000061 536.94299316 64 255 128
103.81390381 193.72363281 446.99346924 64 255 128
213.16400146 244.57899475 527.30798340 64 255 128
163.20260620 174.71147156 452.24539185 64 255 128
55.04419327 144.46960449 493.61828613 64 255 128
102.05300140 228.23899841 492.75000000 64 255 128
59.66500473 129.89682007 499.82284546 64 255 128
218.57499695 243.99299622 519.77197266 64 255 128
136.06744385 102.73929596 447.15350342 64 255 128
70.70117950 207.87168884 500.15139771 64 255 128
220.92686462 215.75329590 480.67214966 64 255 128
205.15878296 184.95704651 514.07800293 64 255 128
154.84100342 240.92300415 542.85504150 64 255 128
146.60292053 204.89163208 455.18582153 64 255 128
61.31444550 163.20249939 454.95346069 64 255 128
60.25236130 131.45823669 462.03704834 64 255 128
176.15600586 229.68701172 484.80700684 64 255 128
108.55300140 222.92199707 481.86599731 64 255 128
150.12899780 230.18998718 484.56399536 64 255 128
119.30199432 248.13101196 543.44396973 64 255 128
64.62975311 129.31933594 555.85528564 64 255 128
133.20426941 135.56141663 503.44735718 64 255 128
167.69987488 140.01614380 463.93466187 64 255 128
179.84899902 238.10101318 538.74597168 64 255 128
80.02985382 146.40916443 545.59454346 64 255 128
59.20516205 183.56990051 487.59347534 64 255 128
84.72900391 223.74400330 536.62200928 64 255 128
78.09247589 128.48167419 435.92828369 64 255 128
59.78307724 139.22102356 531.80731201 64 255 128
198.80764771 175.63899231 480.81079102 64 255 128
179.19288635 207.34945679 469.22406006 64 255 128
164.96768188 164.44981384 484.08963013 64 255 128
152.67401123 237.78698730 494.44500732 64 255 128
165.93118286 142.66122437 469.62063599 64 255 128
171.37832642 184.73576355 508.73779297 64 255 128
205.61546326 212.11187744 477.84881592 64 255 128
237.67999268 189.01165771 494.12884521 64 255 128
243.63487244 201.26051331 500.28817749 64 255 128
165.26699829 231.14999390 486.66900635 64 255 128
55.94134521 156.89810181 477.36169434 64 255 128
112.86516571 195.42623901 446.42901611 64 255 128
60.57498169 174.12368774 513.59259033 64 255 128
67.38595581 128.24389648 450.03390503 64 255 128
76.21310425 206.32627869 535.98730469 64 255 128
211.65434265 217.96234131 479.05654907 64 255 128
75.07023621 143.26541138 435.15142822 64 255 128
87.62423706 131.58413696 525.30780029 64 255 128
165.46299744 226.46200562 482.83599854 64 255 128
118.18893433 124.16707611 428.50216675 64 255 128
228.72700500 240.20999146 495.89199829 64 255 128
151.96026611 167.53756714 502.15881348 64 255 128
156.56947327 181.77789307 451.75125122 64 255 128
134.51791382 199.49858093 449.29754639 64 255 128
190.51411438 176.05947876 495.81625366 64 255 128
67.55503845 153.49911499 564.54254150 64 255 128
133.88961792 117.04023743 471.03738403 64 255 128
60.94689560 128.10440063 465.15698242 64 255 128
163.00408936 206.56852722 462.92898560 64 255 128
132.50015259 163.82287598 436.95693970 64 255 128
139.21757507 175.76118469 495.77856445 64 255 128
213.65499878 230.81199646 486.13800049 64 255 128
111.76911163 136.87014771 513.34503174 64 255 128
81.13013458 117.44494629 438.87939453 64 255 128
79.00644684 197.80213928 462.27560425 64 255 128
72.86310577 207.03736877 518.06933594 64 255 128
75.38085175 182.65539551 451.80923462 64 255 128
156.85215759 196.35848999 515.61724854 64 255 128
205.15527344 220.45414734 480.00781250 64 255 128
174.85705566 207.09909058 505.97161865 64 255 128
89.70004272 135.68139648 527.51464844 64 255 128
124.96533203 151.38160706 431.72265625 64 255 128
118.02781677 218.01445007 468.99658203 64 255 128
103.88700104 241.87699890 525.70800781 64 255 128
135.32376099 170.78219604 519.93072510 64 255 128
72.10569763 190.68331909 536.64343262 64 255 128
134.69105530 210.63410950 457.02874756 64 255 128
173.41688538 179.42222595 462.62069702 64 255 128
213.40798950 243.68800354 500.90701294 64 255 128
138.27839661 173.76382446 439.93081665 64 255 128
218.46299744 239.68099976 494.08502197 64 255 128
244.11587524 193.11204529 496.37109375 64 255 128
57.03173447 162.84960938 498.68533325 64 255 128
239.17721558 193.15440369 478.09579468 64 255 128
242.76060486 219.42636108 498.70004272 64 255 128
237.97804260 200.01849365 502.94549561 64 255 128
197.29800415 235.99700928 530.49804688 64 255 128
215.37095642 205.23283386 513.67620850 64 255 128
125.14816284 158.39900208 433.17001343 64 255 128
62.26994324 189.27357483 502.69918823 64 255 128
199.04998779 255.23901367 526.99798584 64 255 128
220.36521912 184.41471863 494.75646973 64 255 128
61.81251526 164.69888306 532.98297119 64 255 128
149.46330261 164.06260681 442.43362427 64 255 128
55.31402969 155.65603638 496.72302246 64 255 128
111.14499664 232.79200745 491.11898804 64 255 128
164.65454102 179.08663940 453.78802490 64 255 128
181.27549744 177.32081604 496.36285400 64 255 128
218.17700195 254.46600342 522.71997070 64 255 128
111.47700500 247.18699646 531.99200439 64 255 128
98.56660461 167.11291504 435.76214600 64 255 128
155.52996826 189.75082397 452.73611450 64 255 128
235.09899902 238.03399658 492.23199463 64 255 128
67.79605865 163.77558899 445.92816162 64 255 128
222.93795776 204.31164551 509.16040039 64 255 128
100.87269592 144.07112122 426.50756836 64 255 128
146.88819885 189.38760376 514.73126221 64 255 128
137.05499268 200.62400818 531.91296387 64 255 128
84.82519531 160.85310364 547.14465332 64 255 128
99.82653046 95.41986847 453.66717529 64 255 128
160.17700195 136.07080078 473.54257202 64 255 128
90.36032867 113.81479645 494.96908569 64 255 128
105.77772522 102.89370728 468.42083740 64 255 128
168.22491455 193.63845825 499.80612183 64 255 128
103.54705048 218.42547607 472.69638062 64 255 128
100.04900360 214.81477356 467.55883789 64 255 128
262.83828735 191.69770813 479.47875977 64 255 128
177.34600830 238.17500305 496.50500488 64 255 128
167.88700867 170.30679321 478.59133911 64 255 128
114.43699646 248.20800781 523.89300537 64 255 128
70.22489166 204.66854858 483.57232666 64 255 128
90.83583832 186.90205383 543.47644043 64 255 128
174.36453247 170.78309631 459.84048462 64 255 128
116.84499359 241.60099792 500.70898438 64 255 128
104.98461151 113.99820709 479.98910522 64 255 128
208.55599976 247.66699219 507.25103760 64 255 128
61.36707306 152.99006653 451.12426758 64 255 128
70.42594147 178.29618835 547.47229004 64 255 128
162.92642212 130.27082825 459.96545410 64 255 128
