ply
format ascii 1.0
element vertex 4096
property float x
property float y
property float z
property uchar red
property uchar green
property uchar blue
end_header
240.18472290 277.92831421 430.50613403 255 64 64
240.89031982 285.64428711 438.86846924 255 64 64
249.69784546 273.48391724 432.18865967 255 64 64
247.73703003 281.23675537 436.38525391 255 64 64
248.16229248 211.06689453 429.05136108 255 64 64
254.77400208 220.59960938 430.71902466 255 64 64
255.48094177 212.15338135 423.64813232 255 64 64
260.19201660 217.00077820 425.33905029 255 64 64
82.43808746 185.26855469 548.92724609 255 64 64
85.91170502 195.06573486 552.26757812 255 64 64
77.58834839 195.95388794 543.90429688 255 64 64
82.75732422 206.17343140 546.90026855 255 64 64
86.80052185 162.75277710 534.27728271 255 64 64
83.92738342 172.54405212 540.45385742 255 64 64
84.45732117 157.21966553 524.41992188 255 64 64
81.43763733 168.26814270 529.76062012 255 64 64
146.62983704 90.90041351 427.73089600 255 64 64
136.38069153 90.51116943 427.10375977 255 64 64
153.84153748 93.73882294 418.33929443 255 64 64
143.86277771 92.05949402 416.96810913 255 64 64
224.26936340 291.97152710 451.18005371 255 64 64
223.15228271 291.62463379 462.71008301 255 64 64
235.66766357 288.86734009 448.53610229 255 64 64
231.45133972 290.63745117 456.43438721 255 64 64
122.42228699 95.06924438 427.62487793 255 64 64
114.13987732 100.49036407 426.88107300 255 64 64
127.64505005 95.01818085 417.59704590 255 64 64
119.01034546 99.45690918 415.81927490 255 64 64
154.34742737 98.01933289 406.94128418 255 64 64
145.37326050 99.56765747 402.17098999 255 64 64
160.70750427 104.52706146 402.04171753 255 64 64
152.69450378 105.46787262 397.50036621 255 64 64
134.84992981 94.76285553 450.11160278 255 64 64
125.42576599 96.77114868 453.05310059 255 64 64
144.16160583 93.55251312 439.03353882 255 64 64
133.51574707 93.58409119 440.88186646 255 64 64
81.07274628 153.59075928 517.47943115 255 64 64
77.63662720 162.89945984 522.33752441 255 64 64
78.78676605 149.13031006 506.38555908 255 64 64
74.46743774 158.90182495 510.43054199 255 64 64
100.76301575 117.19677734 485.63800049 255 64 64
93.69933319 122.18936157 490.48132324 255 64 64
106.97210693 110.90084839 475.71252441 255 64 64
99.32620239 115.11161804 479.37463379 255 64 64
127.23190308 100.37813568 405.68276978 255 64 64
119.67185211 105.52244568 403.29513550 255 64 64
134.16804504 104.31555939 398.48043823 255 64 64
126.44713593 108.76416016 395.52734375 255 64 64
87.54100037 133.97695923 500.84194946 255 64 64
82.06610107 141.60955811 505.82220459 255 64 64
88.77131653 126.96855164 491.09805298 255 64 64
82.27999878 135.23022461 495.20520020 255 64 64
76.15880585 179.12089539 536.15008545 255 64 64
76.49246979 189.78648376 540.97467041 255 64 64
71.28821564 182.88760376 526.11804199 255 64 64
72.45858765 194.10975647 530.49560547 255 64 64
105.09646606 109.92232513 462.56463623 255 64 64
97.45451355 116.22911072 465.29196167 255 64 64
108.23358154 107.63092041 452.43292236 255 64 64
100.18505096 113.34660339 453.72491455 255 64 64
163.10646057 93.40100098 429.30746460 255 64 64
158.91047668 96.13400269 439.18359375 255 64 64
173.38816833 99.15319061 423.66482544 255 64 64
170.18197632 100.57421875 433.29620361 255 64 64
80.93788910 207.23095703 541.86334229 255 64 64
86.79962158 214.05780029 544.33435059 255 64 64
83.62106323 220.92213440 533.10327148 255 64 64
90.76566315 225.90756226 535.58715820 255 64 64
172.31384277 103.22457123 414.37451172 255 64 64
168.31646729 101.12855530 416.60171509 255 64 64
177.57460022 111.99348450 408.51181030 255 64 64
174.80853271 108.97775269 410.95297241 255 64 64
73.98125458 194.52401733 528.81317139 255 64 64
77.28908539 204.52645874 534.43164062 255 64 64
71.36567688 203.81988525 519.08898926 255 64 64
76.35703278 213.83416748 524.64880371 255 64 64
105.03828430 113.06557465 415.53982544 255 64 64
99.41931152 120.69569397 416.32730103 255 64 64
110.98735046 112.09453583 406.20819092 255 64 64
104.95391846 119.47597504 406.69369507 255 64 64
71.02455902 173.45278931 511.35577393 255 64 64
69.98593140 184.00390625 516.29827881 255 64 64
70.39928436 173.79473877 500.71783447 255 64 64
68.88549805 184.92214966 505.52761841 255 64 64
220.17765808 265.45852661 418.83258057 255 64 64
219.02307129 276.84646606 423.27770996 255 64 64
231.30780029 265.19329834 420.32513428 255 64 64
225.66563416 272.16583252 421.44036865 255 64 64
102.78505707 111.38257599 437.15435791 255 64 64
96.44767761 119.17749786 439.18176270 255 64 64
107.15668488 108.94376373 426.32989502 255 64 64
100.31800079 116.67256927 427.80270386 255 64 64
149.62522888 292.10363770 483.18496704 255 64 64
146.48428345 286.29125977 492.63281250 255 64 64
165.59794617 294.01461792 485.38656616 255 64 64
158.94281006 290.47589111 491.45947266 255 64 64
204.49719238 286.98345947 439.19421387 255 64 64
202.69425964 289.87225342 450.47360229 255 64 64
216.72615051 287.71221924 439.42599487 255 64 64
209.98294067 289.24157715 445.33331299 255 64 64
84.90682220 128.60342407 479.79949951 255 64 64
79.92730713 137.20359802 483.89492798 255 64 64
87.61763000 126.11466217 468.03063965 255 64 64
81.80721283 135.20330811 471.47167969 255 64 64
189.49554443 293.59674072 479.24258423 255 64 64
184.01350403 289.73431396 488.11904907 255 64 64
202.61474609 291.67944336 479.39675903 255 64 64
195.35247803 290.75848389 484.72387695 255 64 64
152.27944946 116.41381073 390.32208252 255 64 64
144.86839294 121.28082275 385.34649658 255 64 64
161.32466125 123.23078918 388.94299316 255 64 64
154.07743835 128.38595581 383.49472046 255 64 64
237.36312866 242.00028992 423.55349731 255 64 64
236.31610107 255.05398560 422.93896484 255 64 64
245.65922546 240.72067261 424.57040405 255 64 64
242.11801147 248.88166809 423.70300293 255 64 64
130.08787537 115.15155029 392.09033203 255 64 64
123.12879944 121.31919098 388.86441040 255 64 64
139.02850342 120.44042969 387.24182129 255 64 64
132.02796936 126.59524536 383.45440674 255 64 64
123.95775604 108.45190430 468.02005005 255 64 64
116.62170410 114.33534241 474.06631470 255 64 64
135.17596436 110.00714111 460.15505981 255 64 64
127.54782104 115.65571594 465.69311523 255 64 64
74.55124664 152.14601135 488.70874023 255 64 64
71.58090210 161.56030273 494.06002808 255 64 64
75.49933624 150.06578064 476.74447632 255 64 64
71.91617584 160.08006287 482.01412964 255 64 64
146.24365234 101.46298981 453.32064819 255 64 64
139.08424377 107.44313812 459.34915161 255 64 64
156.95266724 106.81848145 447.71301270 255 64 64
149.75674438 112.38317871 453.59252930 255 64 64
187.43981934 292.23031616 457.04870605 255 64 64
183.71112061 292.21713257 467.74093628 255 64 64
199.47842407 292.82519531 457.42437744 255 64 64
192.24302673 292.98165894 462.87387085 255 64 64
214.34533691 281.37429810 469.75701904 255 64 64
209.79559326 282.48889160 478.17166138 255 64 64
224.66555786 281.13214111 465.75213623 255 64 64
218.50900269 281.91174316 471.77795410 255 64 64
93.14665222 124.40649414 439.48034668 255 64 64
88.16615295 133.04318237 442.08258057 255 64 64
97.57847595 122.01147461 428.79302979 255 64 64
92.00686646 130.69354248 431.05877686 255 64 64
175.75894165 120.26205444 400.43490601 255 64 64
171.67349243 124.39782715 394.34423828 255 64 64
182.32527161 129.78193665 400.89080811 255 64 64
178.35823059 134.77230835 395.34091187 255 64 64
81.31915283 224.05636597 518.36755371 255 64 64
87.58351135 229.95559692 523.84936523 255 64 64
85.78205872 236.66302490 509.65814209 255 64 64
92.60101318 239.60079956 514.90411377 255 64 64
185.70721436 115.49156189 421.96185303 255 64 64
186.85932922 121.66710663 431.60903931 255 64 64
190.38574219 125.27098083 417.25863647 255 64 64
192.42541504 130.39259338 427.49002075 255 64 64
134.48147583 125.89408875 384.02682495 255 64 64
128.53881836 133.44131470 379.64337158 255 64 64
143.85728455 131.75779724 380.29467773 255 64 64
138.24423218 139.35437012 375.56677246 255 64 64
91.42944336 248.54328918 498.39169312 255 64 64
97.01683044 246.96362305 507.63626099 255 64 64
100.71840668 260.34667969 492.27978516 255 64 64
104.42392731 257.09313965 500.41516113 255 64 64
102.92037964 127.31402588 401.68127441 255 64 64
97.57376862 135.62307739 401.50216675 255 64 64
110.66989899 127.30217743 393.10037231 255 64 64
105.28381348 135.06256104 392.60571289 255 64 64
82.14012909 138.41294861 459.41342163 255 64 64
78.28066254 147.27659607 463.89773560 255 64 64
85.37889099 134.72222900 447.94061279 255 64 64
80.96877289 144.00033569 452.26882935 255 64 64
101.55197906 176.65734863 529.18542480 255 64 64
96.43530273 187.74136353 534.45007324 255 64 64
107.91007996 185.14649963 521.49407959 255 64 64
103.73680115 197.17785645 526.90979004 255 64 64
162.98190308 289.00936890 461.56283569 255 64 64
159.94989014 289.81942749 473.05340576 255 64 64
175.04791260 291.74127197 460.24807739 255 64 64
167.99656677 291.39459229 466.68078613 255 64 64
114.91096497 273.99365234 487.14416504 255 64 64
115.36737061 268.18127441 497.39331055 255 64 64
128.90362549 280.40899658 485.75372314 255 64 64
125.63082886 275.47784424 493.62857056 255 64 64
165.00512695 111.60427094 444.16104126 255 64 64
159.00128174 120.09884644 450.86749268 255 64 64
173.97140503 117.88244629 440.15454102 255 64 64
167.88072205 125.66650391 447.19454956 255 64 64
69.52985382 173.24002075 491.32125854 255 64 64
68.97389984 183.62535095 497.54464722 255 64 64
70.39356995 174.21501160 479.68414307 255 64 64
69.79284668 185.21611023 486.40438843 255 64 64
155.76974487 132.38406372 382.39346313 255 64 64
149.60211182 139.96681213 376.18829346 255 64 64
165.84324646 139.56419373 383.26580811 255 64 64
160.08020020 147.64628601 376.79028320 255 64 64
94.11676025 131.13851929 422.05862427 255 64 64
89.69480133 139.88966370 424.42059326 255 64 64
99.27882385 128.51354980 411.89929199 255 64 64
94.49273682 136.92327881 413.89907837 255 64 64
226.62030029 258.64971924 454.22711182 255 64 64
223.56312561 269.54028320 458.93969727 255 64 64
235.31594849 260.46591187 448.44900513 255 64 64
229.70370483 265.74597168 453.17861938 255 64 64
109.53130341 127.33187866 480.82983398 255 64 64
104.10475922 135.48698425 487.92309570 255 64 64
119.03440857 131.30679321 474.99768066 255 64 64
113.37201691 139.91584778 481.46533203 255 64 64
115.86360931 136.99938965 386.12707520 255 64 64
111.28277588 146.69000244 384.04489136 255 64 64
125.03317261 138.70857239 379.72357178 255 64 64
120.28852844 148.20576477 377.37988281 255 64 64
127.38099670 280.83364868 468.21087646 255 64 64
125.95109558 279.12792969 480.24026489 255 64 64
140.08683777 285.29223633 466.19085693 255 64 64
134.49896240 283.43133545 474.02032471 255 64 64
178.14294434 279.55270386 433.04776001 255 64 64
174.14433289 283.83303833 442.92190552 255 64 64
189.20819092 282.03085327 434.07354736 255 64 64
181.73991394 283.60922241 438.81985474 255 64 64
176.07751465 133.96282959 392.09619141 255 64 64
174.26669312 143.98501587 386.09432983 255 64 64
183.78546143 143.88238525 393.89022827 255 64 64
182.24121094 154.36639404 388.82586670 255 64 64
74.24388123 157.41331482 473.07427979 255 64 64
71.59672546 166.74472046 478.89654541 255 64 64
76.93432617 154.32850647 461.19094849 255 64 64
73.93340302 164.00332642 467.08721924 255 64 64
236.52993774 216.37432861 443.63241577 255 64 64
233.23864746 226.32446289 448.87738037 255 64 64
244.62249756 218.86538696 438.70199585 255 64 64
239.36865234 222.08612061 443.73406982 255 64 64
98.20709229 148.66915894 503.57061768 255 64 64
94.16999817 158.28869629 512.42443848 255 64 64
107.40032959 153.48484802 497.16812134 255 64 64
103.41948700 163.74780273 505.68243408 255 64 64
98.06916809 257.83853149 476.07766724 255 64 64
100.25498199 260.94110107 488.63006592 255 64 64
107.21868896 266.16461182 466.90417480 255 64 64
104.99179077 265.78085327 477.46908569 255 64 64
98.67304993 210.81199646 528.45642090 255 64 64
91.26595306 218.87039185 530.98962402 255 64 64
104.88682556 219.03222656 518.65826416 255 64 64
97.57249451 227.29786682 521.39074707 255 64 64
139.79022217 146.24171448 375.14663696 255 64 64
134.77320862 155.65206909 369.94805908 255 64 64
150.25253296 151.88240051 374.25848389 255 64 64
145.22564697 161.32629395 369.06582642 255 64 64
91.31515503 147.68583679 416.50122070 255 64 64
87.70930481 157.43565369 419.42541504 255 64 64
95.37789917 145.15167236 406.30191040 255 64 64
91.27370453 154.37649536 408.64462280 255 64 64
194.80697632 134.38320923 416.58642578 255 64 64
195.95933533 143.02381897 424.60729980 255 64 64
196.44337463 146.26257324 412.35244751 255 64 64
198.10098267 154.03874207 421.15887451 255 64 64
189.86404419 122.64751434 419.50106812 255 64 64
187.55859375 122.62105560 419.53649902 255 64 64
190.12310791 122.71180725 419.50402832 255 64 64
189.97366333 122.66583252 419.52334595 255 64 64
177.47064209 105.38574219 423.73089600 255 64 64
174.44903564 105.35630798 423.78546143 255 64 64
177.86576843 105.45862579 423.70437622 255 64 64
177.40850830 105.40710449 423.73947144 255 64 64
174.97430420 111.44893646 406.45422363 255 64 64
171.36947632 111.42380524 406.45004272 255 64 64
175.45979309 111.53843689 406.45495605 255 64 64
174.93923950 111.49159241 406.44622803 255 64 64
173.70538330 120.83874512 397.85012817 255 64 64
170.13938904 120.81966400 397.84362793 255 64 64
174.19618225 120.88301849 397.87329102 255 64 64
173.65170288 120.84369659 397.86056519 255 64 64
164.59281921 97.72762299 419.04022217 255 64 64
160.85885620 97.70372009 419.06668091 255 64 64
165.07604980 97.79137421 418.98526001 255 64 64
164.37393188 97.74818420 419.00302124 255 64 64
162.40559387 102.93904114 404.43426514 255 64 64
158.75468445 102.91309357 404.43270874 255 64 64
162.92022705 102.99913788 404.42382812 255 64 64
162.31307983 102.95378876 404.41741943 255 64 64
162.30111694 95.05043793 432.34121704 255 64 64
159.08528137 95.02347565 432.41220093 255 64 64
162.76060486 95.09740448 432.29354858 255 64 64
162.21533203 95.05191803 432.34414673 255 64 64
179.46812439 129.42791748 398.12039185 255 64 64
175.98837280 129.41050720 398.11730957 255 64 64
179.94268799 129.48130798 398.13208008 255 64 64
179.46150208 129.44517517 398.11853027 255 64 64
164.77114868 119.15040588 392.38973999 255 64 64
160.74169922 119.14338684 392.37588501 255 64 64
165.34417725 119.19760895 392.38076782 255 64 64
164.68226624 119.16905212 392.36807251 255 64 64
184.35015869 120.04625702 433.54446411 255 64 64
181.76179504 120.04083252 433.60656738 255 64 64
184.64454651 120.10113525 433.51675415 255 64 64
184.32528687 120.07596588 433.56277466 255 64 64
164.80262756 108.91278839 443.43191528 255 64 64
161.36274719 108.91660309 443.50231934 255 64 64
165.30700684 108.97554779 443.38912964 255 64 64
164.68431091 108.95762634 443.44900513 255 64 64
192.08390808 138.04919434 411.09558105 255 64 64
189.87626648 138.02339172 411.10260010 255 64 64
192.35086060 138.08084106 411.12808228 255 64 64
192.25735474 138.03982544 411.12164307 255 64 64
157.61935425 113.64952087 448.68249512 255 64 64
153.96736145 113.66247559 448.74539185 255 64 64
158.22201538 113.71235657 448.65554810 255 64 64
157.51766968 113.70459747 448.71572876 255 64 64
176.27420044 108.42381287 433.77481079 255 64 64
173.35102844 108.41290283 433.82595825 255 64 64
176.66136169 108.47831726 433.73226929 255 64 64
176.18261719 108.44485474 433.76489258 255 64 64
181.57910156 139.91329956 394.82873535 255 64 64
178.78823853 139.89343262 394.81729126 255 64 64
181.93084717 139.96705627 394.84191895 255 64 64
181.71028137 139.93359375 394.82211304 255 64 64
151.95056152 94.71457672 415.28936768 255 64 64
148.37333679 94.68859863 415.31695557 255 64 64
152.50311279 94.75099182 415.24804688 255 64 64
151.86476135 94.71004486 415.25961304 255 64 64
153.21348572 110.30867004 393.48141479 255 64 64
148.85462952 110.29393768 393.46072388 255 64 64
153.86735535 110.36337280 393.45788574 255 64 64
153.08184814 110.33186340 393.44863892 255 64 64
193.02484131 135.81491089 429.34295654 255 64 64
191.04551697 135.78865051 429.37359619 255 64 64
193.19671631 135.86785889 429.32473755 255 64 64
193.10661316 135.82769775 429.34274292 255 64 64
172.53651428 132.69619751 390.18395996 255 64 64
168.89324951 132.68875122 390.15063477 255 64 64
173.02600098 132.74160767 390.20437622 255 64 64
172.56509399 132.71524048 390.17510986 255 64 64
147.79374695 103.35311890 450.81860352 255 64 64
144.00416565 103.37641907 450.89208984 255 64 64
148.40110779 103.40419769 450.76675415 255 64 64
147.62004089 103.40334320 450.83398438 255 64 64
175.46270752 128.89416504 442.62231445 255 64 64
172.58172607 128.89036560 442.67672729 255 64 64
175.87071228 128.94593811 442.59533691 255 64 64
175.46434021 128.92930603 442.64315796 255 64 64
141.55451965 99.71157837 401.55032349 255 64 64
137.27102661 99.69745636 401.53616333 255 64 64
142.19900513 99.74841309 401.50213623 255 64 64
141.41128540 99.72032166 401.49765015 255 64 64
185.66674805 133.65481567 437.46981812 255 64 64
183.26802063 133.64926147 437.51467896 255 64 64
185.93432617 133.70864868 437.44387817 255 64 64
185.70396423 133.68882751 437.47760010 255 64 64
146.83917236 93.49745178 439.28021240 255 64 64
143.48551941 93.50075531 439.32238770 255 64 64
147.35292053 93.55055237 439.24459839 255 64 64
146.71580505 93.53314972 439.27593994 255 64 64
180.01612854 148.50566101 388.95031738 255 64 64
176.77323914 148.48481750 388.91827393 255 64 64
180.44061279 148.54489136 388.98159790 255 64 64
180.12887573 148.50952148 388.94381714 255 64 64
167.10075378 139.31636047 450.23181152 255 64 64
164.30711365 139.31140137 450.28640747 255 64 64
167.53886414 139.35272217 450.21218872 255 64 64
167.17605591 139.33908081 450.26293945 255 64 64
139.05216980 113.36420441 458.13281250 255 64 64
135.23377991 113.38661194 458.19931030 255 64 64
139.76670837 113.40242767 458.07861328 255 64 64
138.98150635 113.40737915 458.14849854 255 64 64
158.84640503 131.93353271 383.44430542 255 64 64
154.39602661 131.94860840 383.41735840 255 64 64
159.55410767 131.95625305 383.45413208 255 64 64
158.76168823 131.94673157 383.43774414 255 64 64
149.62351990 118.32331085 453.53146362 255 64 64
145.91294861 118.34684753 453.59762573 255 64 64
150.29545593 118.36035156 453.48779297 255 64 64
149.55311584 118.36537170 453.55368042 255 64 64
138.10162354 109.50019073 392.22171021 255 64 64
133.61238098 109.49938965 392.18652344 255 64 64
138.85525513 109.51927948 392.19638062 255 64 64
138.02928162 109.50400543 392.18289185 255 64 64
165.25051880 145.67256165 379.93579102 255 64 64
161.39820862 145.67835999 379.91262817 255 64 64
165.83187866 145.69894409 379.94647217 255 64 64
165.31124878 145.68908691 379.92532349 255 64 64
155.37701416 131.91415405 452.97323608 255 64 64
152.12231445 131.91897583 453.02575684 255 64 64
155.93745422 131.94812012 452.93713379 255 64 64
155.37876892 131.94183350 452.99295044 255 64 64
166.81178284 156.99862671 375.66256714 255 64 64
162.61361694 157.00427246 375.63729858 255 64 64
167.42216492 157.02888489 375.66955566 255 64 64
166.83093262 157.01759338 375.64514160 255 64 64
140.67095947 127.30524445 459.59564209 255 64 64
137.10186768 127.32427216 459.66265869 255 64 64
141.37515259 127.33599854 459.57788086 255 64 64
140.66101074 127.34461212 459.64993286 255 64 64
179.19036865 155.52772522 450.22399902 255 64 64
176.97654724 155.51275635 450.27816772 255 64 64
179.44107056 155.53523254 450.16488647 255 64 64
179.29501343 155.51393127 450.21417236 255 64 64
135.01469421 95.25499725 417.74591064 255 64 64
131.26661682 95.27767181 417.74093628 255 64 64
135.57710266 95.27240753 417.69970703 255 64 64
134.83636475 95.27684784 417.68869019 255 64 64
140.17068481 93.39273071 429.55465698 255 64 64
137.00245667 93.39517975 429.58053589 255 64 64
140.67303467 93.41551971 429.51391602 255 64 64
140.10813904 93.40193939 429.52038574 255 64 64
137.42297363 99.12120056 452.76669312 255 64 64
134.49026489 99.13087463 452.82516479 255 64 64
137.93283081 99.15898895 452.71575928 255 64 64
137.37881470 99.15374756 452.75683594 255 64 64
187.36952209 146.96966553 440.55249023 255 64 64
185.11944580 146.95358276 440.59143066 255 64 64
187.61790466 146.98204041 440.53222656 255 64 64
187.43716431 146.95584106 440.56277466 255 64 64
148.98217773 123.62666321 385.23648071 255 64 64
144.43754578 123.63631439 385.21166992 255 64 64
149.71875000 123.63968658 385.24557495 255 64 64
148.89154053 123.62962341 385.23623657 255 64 64
123.26744843 97.84132385 450.97988892 255 64 64
120.46943665 97.85608673 451.04931641 255 64 64
123.76914978 97.86406708 450.94927979 255 64 64
123.24286652 97.86631775 450.99734497 255 64 64
126.62040710 120.90553284 467.15646362 255 64 64
123.13979340 120.94373322 467.23181152 255 64 64
127.33360291 120.92693329 467.11679077 255 64 64
126.65245056 120.95275879 467.18875122 255 64 64
113.99067688 107.29788971 471.38229370 255 64 64
111.27964020 107.31556702 471.45394897 255 64 64
114.54939270 107.29016113 471.35140991 255 64 64
114.02502441 107.30061340 471.40643311 255 64 64
119.38882446 129.57623291 473.57119751 255 64 64
116.17779541 129.60681152 473.65341187 255 64 64
120.08274841 129.58863831 473.52603149 255 64 64
119.46820068 129.61013794 473.60324097 255 64 64
124.06639099 102.63205719 404.89913940 255 64 64
119.99593353 102.64203644 404.89050293 255 64 64
124.73604584 102.64160919 404.83746338 255 64 64
123.98426819 102.63817596 404.82940674 255 64 64
128.51881409 101.58160400 460.07308960 255 64 64
125.69728851 101.59294891 460.13644409 255 64 64
129.06213379 101.60561371 460.03332520 255 64 64
128.50027466 101.60768127 460.07925415 255 64 64
98.55016327 115.27466583 478.05267334 255 64 64
96.54750061 115.29267120 478.11520386 255 64 64
98.95187378 115.28231049 478.07336426 255 64 64
98.63819122 115.29203033 478.11065674 255 64 64
111.48708344 104.12789154 458.66107178 255 64 64
109.03251648 104.14921570 458.72253418 255 64 64
111.96283722 104.13140869 458.66616821 255 64 64
111.54738617 104.14113617 458.70343018 255 64 64
133.03628540 119.74208069 386.69757080 255 64 64
128.40765381 119.75382996 386.68988037 255 64 64
133.84098816 119.74361420 386.64889526 255 64 64
132.96493530 119.73987579 386.65692139 255 64 64
163.51261902 160.65380859 467.63760376 255 64 64
160.62425232 160.65115356 467.73321533 255 64 64
163.94830322 160.66313171 467.55596924 255 64 64
163.54377747 160.65817261 467.64758301 255 64 64
126.49559021 97.04789734 431.05584717 255 64 64
123.21363831 97.06185150 431.08038330 255 64 64
127.04682922 97.06197357 431.00708008 255 64 64
126.44058228 97.06324005 431.01184082 255 64 64
160.31903076 151.71400452 461.12445068 255 64 64
157.59431458 151.70561218 461.20541382 255 64 64
160.75573730 151.73281860 461.04159546 255 64 64
160.40393066 151.71958923 461.11660767 255 64 64
144.35169983 145.05941772 464.01385498 255 64 64
141.18588257 145.06875610 464.10263062 255 64 64
144.92906189 145.08711243 463.93591309 255 64 64
144.39093018 145.09211731 464.02212524 255 64 64
153.06831360 161.96647644 369.90139771 255 64 64
148.48561096 161.98086548 369.89025879 255 64 64
153.82369995 161.97697449 369.88418579 255 64 64
153.08772278 161.97386169 369.88211060 255 64 64
127.92268372 137.80506897 469.81997681 255 64 64
124.55995941 137.83288574 469.91128540 255 64 64
128.59951782 137.82591248 469.75112915 255 64 64
127.92990112 137.84721375 469.84066772 255 64 64
102.28105164 111.62333679 463.47036743 255 64 64
100.12104034 111.64582062 463.53225708 255 64 64
102.73422241 111.63672638 463.44912720 255 64 64
102.40074158 111.64852905 463.48461914 255 64 64
114.27660370 108.17404938 408.98117065 255 64 64
110.67537689 108.18779755 409.00488281 255 64 64
114.90866089 108.18347931 408.92913818 255 64 64
114.26542664 108.18206787 408.94079590 255 64 64
148.19606018 147.06201172 374.92889404 255 64 64
143.76556396 147.07063293 374.91101074 255 64 64
148.92160034 147.06298828 374.92779541 255 64 64
148.18574524 147.05667114 374.92315674 255 64 64
119.09724426 102.30485535 419.55590820 255 64 64
115.66050720 102.34097290 419.56701660 255 64 64
119.68259430 102.31858826 419.50888062 255 64 64
119.02456665 102.33794403 419.50128174 255 64 64
114.70045471 141.98873901 482.71279907 255 64 64
111.74887085 142.01147461 482.82165527 255 64 64
115.34268188 142.01905823 482.62277222 255 64 64
114.78787231 142.03695679 482.71722412 255 64 64
117.24770355 116.92669678 394.32556152 255 64 64
113.09527588 116.95048523 394.31951904 255 64 64
118.01530457 116.91431427 394.28582764 255 64 64
117.28826904 116.91880035 394.29003906 255 64 64
153.42739868 163.95362854 475.92651367 255 64 64
150.44320679 163.94490051 476.02746582 255 64 64
153.93096924 163.95391846 475.81710815 255 64 64
153.46636963 163.94647217 475.91403198 255 64 64
136.07406616 146.66969299 469.47338867 255 64 64
132.85026550 146.68708801 469.57031250 255 64 64
136.69433594 146.69186401 469.37594604 255 64 64
136.10128784 146.70314026 469.46658325 255 64 64
137.11828613 138.89245605 377.25616455 255 64 64
132.56900024 138.90017700 377.23004150 255 64 64
137.87345886 138.90405273 377.21231079 255 64 64
137.09251404 138.89530945 377.20446777 255 64 64
246.37490845 234.66676331 438.26504517 255 64 64
241.72499084 246.09417725 441.35873413 255 64 64
254.46290588 239.49449158 431.29684448 255 64 64
250.01036072 249.55218506 434.35919189 255 64 64
241.43008423 211.93893433 422.90551758 255 64 64
243.15997314 224.46763611 423.51980591 255 64 64
253.95582581 220.03482056 425.43103027 255 64 64
256.06936646 232.28723145 427.25665283 255 64 64
231.31993103 224.86483765 447.65429688 255 64 64
225.15426636 233.07914734 453.11340332 255 64 64
239.46417236 230.55682373 441.28237915 255 64 64
233.15147400 238.94482422 446.81155396 255 64 64
240.72039795 259.30694580 442.12808228 255 64 64
234.02975464 269.64489746 445.83459473 255 64 64
249.39459229 262.51708984 434.18661499 255 64 64
243.23089600 271.28402710 437.61239624 255 64 64
224.57844543 200.02500916 438.94458008 255 64 64
225.16339111 206.27653503 447.75100708 255 64 64
233.12777710 206.29873657 434.04006958 255 64 64
233.93933105 211.77955627 443.49383545 255 64 64
213.11303711 191.53684998 458.83624268 255 64 64
209.78546143 195.59515381 468.47552490 255 64 64
222.38473511 198.06468201 455.16326904 255 64 64
219.18397522 201.52250671 464.87954712 255 64 64
212.26042175 179.96832275 441.90112305 255 64 64
213.39575195 184.49783325 450.84567261 255 64 64
218.84155273 187.33396912 434.54138184 255 64 64
220.70095825 190.77304077 444.31488037 255 64 64
220.69381714 210.90078735 456.57739258 255 64 64
215.01168823 217.51448059 463.23254395 255 64 64
228.32196045 217.26629639 451.84655762 255 64 64
222.30035400 224.03590393 458.47802734 255 64 64
220.66322327 244.46511841 456.24362183 255 64 64
213.71401978 252.36759949 460.29748535 255 64 64
228.71076965 250.77487183 450.14602661 255 64 64
221.74676514 258.94183350 454.12786865 255 64 64
212.30581665 186.78726196 426.09713745 255 64 64
215.26824951 195.34500122 429.05465698 255 64 64
220.77374268 196.33380127 424.44607544 255 64 64
225.88943481 203.29978943 429.14135742 255 64 64
202.83625793 202.00827026 475.11956787 255 64 64
194.55680847 206.36509705 479.40435791 255 64 64
213.34396362 208.18258667 475.47113037 255 64 64
205.07437134 212.26507568 480.04998779 255 64 64
211.10781860 227.91017151 465.33325195 255 64 64
203.22111511 234.21005249 468.62084961 255 64 64
218.74681091 235.58567810 461.53814697 255 64 64
210.86111450 242.21713257 464.86450195 255 64 64
233.40805054 283.01440430 444.69186401 255 64 64
227.44763184 290.05044556 454.29165649 255 64 64
243.33547974 282.98873901 436.01174927 255 64 64
237.75006104 287.09588623 443.87081909 255 64 64
216.11100769 270.32580566 463.49676514 255 64 64
208.15325928 277.27502441 469.63085938 255 64 64
226.11541748 275.61123657 456.89785767 255 64 64
218.43399048 281.94665527 462.55926514 255 64 64
232.71972656 235.83732605 421.07296753 255 64 64
234.28582764 248.64233398 421.51937866 255 64 64
245.76011658 242.28521729 424.63565063 255 64 64
246.80911255 254.66787720 425.73138428 255 64 64
216.68188477 205.40072632 415.95248413 255 64 64
219.63644409 216.81234741 417.11431885 255 64 64
227.88577271 211.21508789 420.55413818 255 64 64
231.38406372 222.12936401 422.20056152 255 64 64
203.00303650 249.71502686 467.96163940 255 64 64
194.69200134 256.11358643 471.20632935 255 64 64
210.76440430 257.43789673 463.13409424 255 64 64
202.73855591 264.03778076 466.37286377 255 64 64
182.57283020 140.91773987 441.26956177 255 64 64
177.46009827 148.30116272 449.46414185 255 64 64
191.05950928 151.15899658 439.58209229 255 64 64
186.51814270 156.90823364 447.59509277 255 64 64
197.75434875 158.95095825 429.74148560 255 64 64
197.27418518 165.16201782 437.79000854 255 64 64
201.66786194 170.67440796 421.44030762 255 64 64
202.16275024 174.46678162 430.63357544 255 64 64
195.45210266 141.17135620 421.30612183 255 64 64
197.35371399 150.36460876 427.20040894 255 64 64
197.78668213 155.52174377 415.30029297 255 64 64
199.42498779 162.74528503 422.40542603 255 64 64
182.15243530 190.87271118 472.59329224 255 64 64
176.17031860 194.55949402 481.81219482 255 64 64
192.49533081 198.14831543 470.90682983 255 64 64
187.55233765 200.34425354 479.58889771 255 64 64
181.44982910 160.00093079 452.94366455 255 64 64
176.67459106 166.50213623 462.41323853 255 64 64
188.19772339 170.16719055 448.73587036 255 64 64
184.44581604 174.27632141 457.83239746 255 64 64
170.17636108 169.87854004 472.01303101 255 64 64
164.25343323 175.67712402 482.23062134 255 64 64
177.93969727 178.33316040 468.02627563 255 64 64
173.35392761 181.66564941 477.51162720 255 64 64
188.96350098 234.20596313 474.28198242 255 64 64
180.09194946 239.55751038 475.47753906 255 64 64
196.60742188 242.27732849 473.26000977 255 64 64
187.89773560 247.90124512 474.74853516 255 64 64
186.25738525 185.38696289 451.31146240 255 64 64
185.90089417 188.59167480 461.98889160 255 64 64
196.41598511 192.91297913 449.39010620 255 64 64
197.88163757 193.99551392 459.97280884 255 64 64
162.16630554 192.24044800 494.21261597 255 64 64
152.68293762 198.12390137 499.85723877 255 64 64
171.15626526 196.77682495 486.25585938 255 64 64
161.92749023 201.11988831 492.00213623 255 64 64
154.83074951 148.35839844 461.69680786 255 64 64
147.75720215 154.67604065 471.26306152 255 64 64
165.69963074 156.17601013 462.44799805 255 64 64
159.15106201 160.54467773 471.02349854 255 64 64
224.16546631 258.32800293 420.17742920 255 64 64
226.68876648 270.76989746 422.99777222 255 64 64
238.41123962 263.92724609 423.60540771 255 64 64
239.81549072 275.85202026 426.80221558 255 64 64
190.52859497 216.91152954 466.16464233 255 64 64
182.29849243 221.80419922 468.22216797 255 64 64
199.14553833 223.26124573 468.41754150 255 64 64
190.47332764 228.15095520 470.86636353 255 64 64
187.83901978 262.93353271 474.50772095 255 64 64
178.77996826 268.49523926 476.75473022 255 64 64
195.99806213 271.59783936 471.51882935 255 64 64
187.56072998 277.24145508 474.08142090 255 64 64
149.92994690 174.82696533 491.22451782 255 64 64
142.05311584 181.37750244 499.63027954 255 64 64
161.77577209 178.96273804 487.78002930 255 64 64
154.04895020 184.25508118 495.34893799 255 64 64
191.83514404 182.74919128 432.61312866 255 64 64
192.16870117 186.91357422 442.46557617 255 64 64
199.56790161 192.00065613 428.58392334 255 64 64
202.41290283 193.34434509 438.98110962 255 64 64
208.51345825 292.66601562 454.88476562 255 64 64
205.17207336 293.47778320 468.47134399 255 64 64
220.91387939 292.03692627 454.72094727 255 64 64
216.85113525 291.86297607 466.68914795 255 64 64
200.98818970 205.09722900 402.95120239 255 64 64
202.64309692 216.31149292 405.97186279 255 64 64
209.18276978 207.82017517 411.57208252 255 64 64
212.18270874 218.26766968 414.29867554 255 64 64
172.44210815 243.75115967 478.17984009 255 64 64
163.30410767 248.75830078 478.91668701 255 64 64
179.74755859 252.25312805 477.71948242 255 64 64
170.76844788 257.48526001 478.81127930 255 64 64
207.68649292 227.00080872 412.31811523 255 64 64
211.05056763 237.57560730 415.50555420 255 64 64
218.57608032 231.07688904 416.79040527 255 64 64
222.03984070 241.59445190 419.85302734 255 64 64
130.89683533 156.98815918 482.78915405 255 64 64
124.44992065 163.03837585 492.98107910 255 64 64
143.07226562 162.46206665 481.33557129 255 64 64
136.28291321 166.89883423 490.58013916 255 64 64
194.60467529 181.40513611 410.15838623 255 64 64
196.32075500 191.69967651 414.19842529 255 64 64
201.62443542 192.56808472 413.01678467 255 64 64
206.18948364 200.46858215 420.10217285 255 64 64
190.35162354 155.97074890 396.66809082 255 64 64
191.77200317 168.92576599 393.69750977 255 64 64
196.78283691 167.39224243 403.30447388 255 64 64
198.65509033 177.43612671 402.14398193 255 64 64
171.03686523 197.77456665 468.03613281 255 64 64
166.53103638 200.13996887 477.56884766 255 64 64
182.60243225 200.57960510 468.08056641 255 64 64
179.55018616 200.48240662 476.98760986 255 64 64
132.65634155 187.61817932 504.44400024 255 64 64
123.77690887 194.11738586 510.98071289 255 64 64
143.87257385 193.50259399 499.39468384 255 64 64
135.19445801 199.52320862 505.50903320 255 64 64
167.07836914 223.21485901 471.49594116 255 64 64
157.87722778 227.99504089 473.08474731 255 64 64
174.60783386 230.56965637 474.65328979 255 64 64
165.06526184 235.75146484 476.41329956 255 64 64
162.81069946 267.60302734 480.33584595 255 64 64
154.16218567 273.23187256 483.36047363 255 64 64
172.66809082 276.30398560 482.67333984 255 64 64
164.57908630 281.91900635 486.16458130 255 64 64
206.89703369 278.38421631 425.69549561 255 64 64
207.88558960 286.18011475 434.70321655 255 64 64
221.40728760 282.72622681 429.97387695 255 64 64
220.36520386 289.72872925 439.65658569 255 64 64
117.39511871 167.17613220 503.15719604 255 64 64
111.41398621 174.14901733 512.69976807 255 64 64
128.30148315 174.42236328 498.67565918 255 64 64
121.76477051 181.09132385 507.49194336 255 64 64
170.55134583 213.68005371 455.20941162 255 64 64
165.39816284 217.93228149 461.04153442 255 64 64
179.88076782 217.67385864 458.59619141 255 64 64
174.39404297 221.35470581 465.02041626 255 64 64
142.46870422 204.20272827 496.30468750 255 64 64
132.88072205 210.11972046 501.13223267 255 64 64
149.57086182 207.40200806 484.56347656 255 64 64
139.43421936 212.47625732 489.20745850 255 64 64
177.30911255 223.60169983 446.97869873 255 64 64
172.72433472 230.13447571 450.96646118 255 64 64
184.45568848 229.66473389 448.02532959 255 64 64
179.17420959 236.36921692 452.39895630 255 64 64
181.53567505 293.93927002 466.47500610 255 64 64
178.58309937 293.33901978 480.23132324 255 64 64
194.46897888 294.33078003 470.47753906 255 64 64
190.52662659 293.38934326 482.66284180 255 64 64
186.69503784 177.58711243 385.98425293 255 64 64
186.56915283 190.76712036 385.87988281 255 64 64
194.25509644 183.65608215 395.34033203 255 64 64
195.05615234 193.85699463 395.93292236 255 64 64
149.18069458 247.56375122 481.39923096 255 64 64
140.19468689 252.97351074 483.10592651 255 64 64
157.08909607 256.84283447 483.00946045 255 64 64
148.22544861 262.57135010 484.92068481 255 64 64
198.10345459 257.13790894 417.21276855 255 64 64
201.63825989 267.86663818 421.89425659 255 64 64
210.15257263 262.28320312 419.90481567 255 64 64
213.07553101 272.91128540 424.38400269 255 64 64
147.04521179 227.80162048 478.93414307 255 64 64
137.53025818 232.86007690 480.29199219 255 64 64
154.92796326 235.61233521 482.65130615 255 64 64
145.26498413 241.25201416 483.97531128 255 64 64
193.15551758 239.50978088 409.14648438 255 64 64
196.25019836 249.27932739 413.77072144 255 64 64
203.70959473 242.02371216 414.07861328 255 64 64
206.78947449 251.74591064 418.23611450 255 64 64
118.44609070 198.56105042 515.95434570 255 64 64
109.56861877 205.65829468 523.35943604 255 64 64
126.75119019 206.10038757 507.75085449 255 64 64
118.61779785 213.60321045 514.46124268 255 64 64
188.56137085 221.98281860 395.64672852 255 64 64
191.09059143 231.14448547 401.44531250 255 64 64
197.21087646 221.57574463 403.83737183 255 64 64
200.12101746 230.82524109 409.27871704 255 64 64
186.08221436 199.24751282 386.43688965 255 64 64
186.93409729 210.84466553 389.93218994 255 64 64
193.36868286 201.95993042 395.79888916 255 64 64
195.26535034 211.98901367 399.13729858 255 64 64
155.23313904 192.73683167 460.57180786 255 64 64
154.09854126 194.73120117 471.31634521 255 64 64
164.87785339 197.47653198 458.19259644 255 64 64
164.29193115 196.90737915 468.07266235 255 64 64
170.25677490 237.74682617 447.46408081 255 64 64
164.84306335 244.39407349 450.76501465 255 64 64
177.40138245 244.08419800 448.55181885 255 64 64
170.73637390 250.84790039 451.87542725 255 64 64
170.29280090 153.76322937 380.73681641 255 64 64
169.85977173 166.05114746 377.11270142 255 64 64
179.42091370 160.94828796 385.27520752 255 64 64
179.77764893 170.79962158 382.79681396 255 64 64
150.54005432 212.77735901 472.09197998 255 64 64
142.23493958 216.52235413 478.28134155 255 64 64
158.45042419 218.15196228 470.56610107 255 64 64
150.39399719 221.35963440 476.42980957 255 64 64
182.25704956 282.50024414 437.66171265 255 64 64
183.16763306 286.99819946 448.83255005 255 64 64
194.78329468 286.85708618 441.84387207 255 64 64
194.29925537 290.51031494 453.46075439 255 64 64
131.80076599 255.49188232 485.69732666 255 64 64
123.06540680 261.01416016 489.96630859 255 64 64
141.45387268 265.16473389 487.17361450 255 64 64
132.79153442 270.44619751 491.63504028 255 64 64
127.00480652 215.97158813 494.27380371 255 64 64
117.41683197 221.30831909 500.08422852 255 64 64
131.30834961 220.43745422 481.75988770 255 64 64
121.66905212 225.52206421 486.93380737 255 64 64
181.05311584 267.45809937 420.18014526 255 64 64
183.29913330 275.68820190 427.91683960 255 64 64
192.60388184 272.29550171 422.83172607 255 64 64
194.23843384 280.37957764 430.79342651 255 64 64
109.00514221 218.84718323 511.15835571 255 64 64
99.76651001 224.95167542 518.68981934 255 64 64
112.27745056 227.24505615 500.42172241 255 64 64
103.99800110 233.71269226 507.04528809 255 64 64
145.60926819 198.35270691 450.27035522 255 64 64
145.58840942 201.39213562 459.55044556 255 64 64
155.66548157 203.70339966 451.04550171 255 64 64
155.95382690 204.89498901 460.67492676 255 64 64
167.15876770 174.08685303 372.81262207 255 64 64
167.29275513 186.37872314 372.08892822 255 64 64
177.02378845 179.60516357 378.36450195 255 64 64
177.65943909 189.60180664 378.16909790 255 64 64
124.91668701 231.75286865 480.66427612 255 64 64
115.53397369 236.48368835 485.97537231 255 64 64
131.90438843 240.65992737 481.08737183 255 64 64
123.48973846 246.39732361 486.02938843 255 64 64
145.44520569 284.22619629 467.15243530 255 64 64
145.28921509 286.32962036 479.43246460 255 64 64
157.15251160 289.83728027 472.06436157 255 64 64
155.40509033 290.83050537 484.17071533 255 64 64
176.06571960 252.49971008 408.19122314 255 64 64
178.54757690 260.85021973 415.05557251 255 64 64
186.67604065 254.63975525 412.62008667 255 64 64
189.08486938 263.01196289 419.15286255 255 64 64
158.01721191 282.38577271 449.43157959 255 64 64
159.30699158 286.62911987 460.69320679 255 64 64
169.57637024 287.50048828 453.55352783 255 64 64
169.66418457 291.04318237 465.41513062 255 64 64
172.76873779 237.83563232 391.66836548 255 64 64
175.05718994 245.12826538 399.13070679 255 64 64
182.27677917 236.38006592 398.89190674 255 64 64
184.64120483 243.97171021 406.18450928 255 64 64
110.42617798 236.08303833 492.05740356 255 64 64
103.23420715 241.08425903 500.67041016 255 64 64
115.36720276 246.20686340 487.87918091 255 64 64
110.07485962 251.30380249 495.91192627 255 64 64
165.62660217 194.93991089 372.73812866 255 64 64
166.72000122 206.62783813 374.79022217 255 64 64
175.51013184 198.67108154 379.40557861 255 64 64
177.02786255 208.65922546 381.69699097 255 64 64
169.04249573 218.63082886 378.56286621 255 64 64
170.90264893 228.01353455 384.33380127 255 64 64
178.67488098 218.92712402 385.97387695 255 64 64
180.45263672 227.97233582 391.71325684 255 64 64
160.99742126 272.13171387 429.84411621 255 64 64
162.70413208 277.95788574 439.51892090 255 64 64
171.67829895 277.21975708 432.80062866 255 64 64
172.94044495 282.71044922 442.95306396 255 64 64
144.58468628 149.07827759 374.50378418 255 64 64
144.17367554 161.50436401 370.88214111 255 64 64
154.22509766 155.42207336 373.72344971 255 64 64
154.20042419 166.06298828 370.82354736 255 64 64
157.17791748 261.87219238 411.50302124 255 64 64
159.47375488 267.93719482 420.42388916 255 64 64
167.90319824 264.33898926 415.45623779 255 64 64
170.08161926 270.28857422 424.45211792 255 64 64
109.62191772 271.22381592 468.30554199 255 64 64
113.31361389 272.69345093 479.48428345 255 64 64
121.24372864 277.44302368 472.08410645 255 64 64
123.97624207 277.64038086 483.72467041 255 64 64
145.03208923 173.67781067 366.40518188 255 64 64
145.74729919 185.85520935 365.47189331 255 64 64
155.07006836 179.17294312 366.97531128 255 64 64
156.25474548 189.60020447 366.55813599 255 64 64
155.66018677 250.31599426 394.83901978 255 64 64
157.78974915 256.43429565 403.32965088 255 64 64
166.32577515 250.15563965 400.43234253 255 64 64
168.27770996 256.39236450 409.03347778 255 64 64
138.50918579 272.43170166 438.98800659 255 64 64
140.55290222 276.99475098 449.60623169 255 64 64
148.64584351 276.68292236 442.59387207 255 64 64
150.03306580 280.95193481 453.85943604 255 64 64
91.22949982 252.41102600 481.42340088 255 64 64
95.56263733 256.26751709 490.48638916 255 64 64
99.85926819 262.22695923 479.20797729 255 64 64
104.28417969 264.94812012 489.18673706 255 64 64
122.27496338 273.92575073 452.78872681 255 64 64
124.91767883 277.09246826 463.92800903 255 64 64
133.12310791 278.78189087 456.89193726 255 64 64
134.85671997 281.28103638 468.70620728 255 64 64
82.58789062 228.36410522 495.90405273 255 64 64
85.75065613 235.25805664 503.23614502 255 64 64
86.79471588 239.29910278 487.31066895 255 64 64
90.66898346 245.52595520 495.97891235 255 64 64
151.99215698 235.61868286 379.41052246 255 64 64
154.22434998 243.26657104 386.53341675 255 64 64
163.50444031 236.56362915 384.49365234 255 64 64
165.65176392 244.10295105 391.91061401 255 64 64
139.33663940 266.20288086 420.19790649 255 64 64
141.12625122 270.79159546 430.36218262 255 64 64
149.37411499 269.27386475 423.72186279 255 64 64
150.83807373 273.67114258 434.34402466 255 64 64
142.88279724 195.07411194 364.65209961 255 64 64
144.71186829 206.57652283 367.01257324 255 64 64
154.05462646 199.37913513 366.95385742 255 64 64
156.06921387 209.42352295 369.40808105 255 64 64
145.12782288 215.35827637 369.02716064 255 64 64
147.56428528 225.32913208 373.55471802 255 64 64
156.90161133 218.27383423 372.57678223 255 64 64
159.50286865 227.53419495 377.29180908 255 64 64
123.73188019 156.81448364 372.97842407 255 64 64
123.47810364 169.13793945 369.83538818 255 64 64
132.72320557 162.93081665 368.76763916 255 64 64
132.84877014 174.02270508 366.32153320 255 64 64
76.27542114 201.62712097 489.96929932 255 64 64
77.73370361 210.21839905 496.60073853 255 64 64
78.00760651 211.17561340 481.07653809 255 64 64
79.99407959 220.33334351 488.70663452 255 64 64
135.32669067 256.42639160 401.97622681 255 64 64
137.44934082 261.63684082 411.54840088 255 64 64
146.17483521 258.40695190 405.84652710 255 64 64
148.03549194 263.54336548 415.96740723 255 64 64
117.93293762 265.28512573 432.38467407 255 64 64
120.26184082 269.78305054 442.51739502 255 64 64
127.46565247 269.89752197 434.90454102 255 64 64
129.40771484 274.09942627 445.87802124 255 64 64
89.54499054 246.86508179 462.08166504 255 64 64
92.39691162 253.09193420 469.90914917 255 64 64
95.99487305 256.47476196 459.01657104 255 64 64
99.30664825 262.26544189 468.17034912 255 64 64
101.90396881 260.36285400 447.02297974 255 64 64
104.88022614 265.36209106 456.42147827 255 64 64
110.66202545 267.19561768 447.61877441 255 64 64
113.43400574 271.82577515 458.05935669 255 64 64
82.24446869 225.05233765 474.09130859 255 64 64
83.89247131 233.23112488 480.29052734 255 64 64
85.55477142 234.94572449 466.75277710 255 64 64
87.71690369 243.22517395 474.22894287 255 64 64
131.19929504 241.54412842 385.19628906 255 64 64
133.51586914 248.86042786 392.76916504 255 64 64
142.83740234 244.64767456 387.51135254 255 64 64
145.18603516 251.86038208 395.67239380 255 64 64
75.53481293 184.48698425 474.50378418 255 64 64
75.55627441 193.96443176 480.30432129 255 64 64
76.97834778 192.50196838 465.84909058 255 64 64
77.02183533 202.76887512 472.33450317 255 64 64
121.78302765 179.31503296 367.38214111 255 64 64
122.88087463 191.60691833 366.17181396 255 64 64
131.50619507 185.25965881 364.18829346 255 64 64
133.05255127 196.15715027 363.65576172 255 64 64
107.85845947 146.94723511 386.38735962 255 64 64
106.15594482 158.73385620 383.22756958 255 64 64
114.07347107 152.83067322 378.66351318 255 64 64
112.63369751 163.87915039 375.73165894 255 64 64
117.47998810 257.03723145 414.14425659 255 64 64
119.71316528 262.13519287 423.87432861 255 64 64
127.12717438 261.37335205 416.11148071 255 64 64
129.24932861 266.19299316 426.71389771 255 64 64
76.82483673 167.20277405 460.71984863 255 64 64
75.94169617 176.88943481 466.23913574 255 64 64
78.02555847 174.70953369 451.81475830 255 64 64
77.01332092 184.94091797 457.82250977 255 64 64
124.42919922 221.64160156 373.31393433 255 64 64
126.93572998 231.52168274 378.01318359 255 64 64
136.27798462 226.19677734 373.34353638 255 64 64
139.17036438 235.44726562 378.41976929 255 64 64
100.45284271 252.62022400 429.42010498 255 64 64
102.76448059 258.30630493 438.64886475 255 64 64
108.55416870 259.02075195 429.49377441 255 64 64
110.96054077 264.34368896 439.77255249 255 64 64
119.76053619 200.71134949 368.86633301 255 64 64
121.64931488 212.09928894 370.19952393 255 64 64
130.38763428 206.13690186 366.34695435 255 64 64
132.95436096 216.50248718 368.25793457 255 64 64
81.04887390 212.50190735 461.42245483 255 64 64
81.59687042 221.26490784 467.47958374 255 64 64
83.45159912 221.53158569 453.27722168 255 64 64
84.34616089 230.37155151 460.55996704 255 64 64
83.21304321 156.12863159 440.54718018 255 64 64
81.26801300 166.29292297 444.45944214 255 64 64
84.30742645 163.20416260 430.67895508 255 64 64
82.21338654 173.68620300 435.03579712 255 64 64
86.77867889 236.81130981 447.59707642 255 64 64
88.24879456 244.19078064 454.76535034 255 64 64
91.61041260 245.94931030 443.01498413 255 64 64
93.65560913 252.93600464 451.58850098 255 64 64
113.46559143 244.38024902 397.12030029 255 64 64
115.60009003 251.17156982 405.27542114 255 64 64
123.41178131 249.45251465 397.41116333 255 64 64
125.71601868 256.04254150 406.56494141 255 64 64
96.19667053 150.34190369 402.81765747 255 64 64
93.89515686 161.50091553 401.37722778 255 64 64
98.99530029 156.26580811 392.73263550 255 64 64
97.02659607 167.06362915 391.18975830 255 64 64
104.28369141 169.22674561 380.03222656 255 64 64
104.08250427 181.23440552 377.74377441 255 64 64
111.54909515 175.22663879 373.02282715 255 64 64
112.06874084 186.50404358 371.24185181 255 64 64
80.24221039 193.40490723 452.70288086 255 64 64
79.87794495 202.73236084 458.40277100 255 64 64
82.07769775 201.38781738 443.72869873 255 64 64
81.69728088 210.98368835 450.39175415 255 64 64
89.43989563 235.01528931 429.94476318 255 64 64
90.67194366 242.61581421 437.27093506 255 64 64
94.77515411 243.31843567 425.92419434 255 64 64
96.58597565 250.45710754 434.58850098 255 64 64
82.53558350 176.53417969 440.44259644 255 64 64
81.36175537 186.16557312 445.01159668 255 64 64
83.92305756 183.97186279 431.03027344 255 64 64
82.70926666 193.99206543 436.33938599 255 64 64
99.30960846 241.20465088 411.41223145 255 64 64
100.95069885 248.46768188 419.39758301 255 64 64
106.87953186 248.10255432 409.62014771 255 64 64
109.02192688 254.91755676 418.77984619 255 64 64
89.21572876 157.82400513 419.87719727 255 64 64
86.95491791 168.52511597 421.37963867 255 64 64
90.61174774 164.64640808 409.84613037 255 64 64
88.43481445 175.35343933 411.46057129 255 64 64
107.65023804 227.69306946 384.85583496 255 64 64
109.59724426 236.95341492 390.29125977 255 64 64
117.41287994 233.88044739 382.33581543 255 64 64
119.95296478 242.78356934 388.59817505 255 64 64
84.19813538 213.62985229 438.43539429 255 64 64
84.09304047 222.41651917 444.35437012 255 64 64
86.89241028 222.22804260 431.05197144 255 64 64
87.19092560 230.78775024 438.32092285 255 64 64
102.51406860 190.29508972 378.95709229 255 64 64
103.34719849 201.99880981 378.31268311 255 64 64
110.29591370 196.53575134 372.27282715 255 64 64
111.87532043 207.61186218 372.30819702 255 64 64
102.43487549 209.36627197 381.44238281 255 64 64
103.94570923 220.23712158 383.66177368 255 64 64
110.77353668 215.97010803 375.85107422 255 64 64
113.16757202 226.23306274 378.78390503 255 64 64
94.22549438 172.57109070 393.74401855 255 64 64
93.47866821 184.11297607 392.52453613 255 64 64
98.52138519 179.14086914 384.68670654 255 64 64
98.37113953 190.18736267 383.80349731 255 64 64
87.06214905 179.38806152 418.42260742 255 64 64
85.68305969 189.82077026 420.87142944 255 64 64
89.02986908 186.86424255 409.11785889 255 64 64
87.86887360 197.36404419 412.22042847 255 64 64
95.71195984 222.95828247 398.79272461 255 64 64
96.84551239 232.19889832 404.06631470 255 64 64
102.05100250 230.42854309 393.67901611 255 64 64
103.99110413 239.34745789 400.05981445 255 64 64
84.82501221 196.11077881 427.27639771 255 64 64
84.05400085 205.80532837 431.56118774 255 64 64
87.02390289 204.09614563 419.05419922 255 64 64
86.51550293 213.97819519 424.40670776 255 64 64
88.99212646 219.21675110 416.37396240 255 64 64
89.31259155 228.14947510 421.97912598 255 64 64
93.06721497 227.30673218 409.96652222 255 64 64
94.07450867 235.91183472 416.87033081 255 64 64
90.94085693 181.16632080 400.55740356 255 64 64
90.24048615 192.39242554 400.67929077 255 64 64
94.34934235 188.21470642 391.63690186 255 64 64
94.23536682 199.17436218 392.20913696 255 64 64
90.30187988 193.04174805 400.56112671 255 64 64
90.12055969 203.95207214 401.72875977 255 64 64
94.20033264 200.36003113 392.15139771 255 64 64
94.69177246 211.04733276 394.02685547 255 64 64
86.59201813 133.14175415 499.65567017 255 64 64
86.58238983 133.14685059 499.66278076 255 64 64
86.58515930 133.14236450 499.65191650 255 64 64
86.57974243 133.15046692 499.66009521 255 64 64
166.85617065 156.99763489 375.65637207 255 64 64
166.84370422 157.00097656 375.64907837 255 64 64
166.85810852 157.00889587 375.65530396 255 64 64
166.84974670 157.00859070 375.65179443 255 64 64
86.11145020 193.16082764 416.26959229 255 64 64
86.10725403 193.16419983 416.26773071 255 64 64
86.11557007 193.16044617 416.27264404 255 64 64
86.11108398 193.16465759 416.27893066 255 64 64
146.77947998 93.51318359 439.25503540 255 64 64
146.76481628 93.51407623 439.25613403 255 64 64
146.77716064 93.51973724 439.25588989 255 64 64
146.76452637 93.51754761 439.25592041 255 64 64
153.46411133 163.97640991 475.87222290 255 64 64
153.45817566 163.98081970 475.88012695 255 64 64
153.46392822 163.98509216 475.87561035 255 64 64
153.46496582 163.99339294 475.88360596 255 64 64
107.48209381 131.32284546 394.60736084 255 64 64
107.47406769 131.32371521 394.60696411 255 64 64
107.48777771 131.33786011 394.60195923 255 64 64
107.47816467 131.33666992 394.60803223 255 64 64
193.03073120 135.81277466 429.34741211 255 64 64
193.01956177 135.81405640 429.34991455 255 64 64
193.02990723 135.81973267 429.34753418 255 64 64
193.02273560 135.81814575 429.34887695 255 64 64
85.49267578 140.96997070 445.95251465 255 64 64
85.48664856 140.97164917 445.95559692 255 64 64
85.49215698 140.97785950 445.95584106 255 64 64
85.48426819 140.98114014 445.96270752 255 64 64
118.27091980 172.66867065 370.05914307 255 64 64
118.26199341 172.67237854 370.05899048 255 64 64
118.27250671 172.67558289 370.04858398 255 64 64
118.26429749 172.67631531 370.05664062 255 64 64
153.22239685 110.31358337 393.44067383 255 64 64
153.21530151 110.31151581 393.43948364 255 64 64
153.22291565 110.32637024 393.44036865 255 64 64
153.21682739 110.32072449 393.44198608 255 64 64
114.04728699 107.30685425 471.39004517 255 64 64
114.03638458 107.30705261 471.39135742 255 64 64
114.04342651 107.30953217 471.39413452 255 64 64
114.03456116 107.31118011 471.39642334 255 64 64
75.16285706 175.54983521 465.61129761 255 64 64
75.15859222 175.55221558 465.61706543 255 64 64
75.16101837 175.54367065 465.62429810 255 64 64
75.15779114 175.54992676 465.63507080 255 64 64
108.50819397 108.95020294 432.28802490 255 64 64
108.49899292 108.95027161 432.28533936 255 64 64
108.51281738 108.95369720 432.29214478 255 64 64
108.50154114 108.95278168 432.29199219 255 64 64
155.39381409 131.92117310 452.96444702 255 64 64
155.39244080 131.91540527 452.97149658 255 64 64
155.39265442 131.93417358 452.96804810 255 64 64
155.39630127 131.92980957 452.97436523 255 64 64
118.24404144 157.93115234 492.50982666 255 64 64
118.23664093 157.93595886 492.52020264 255 64 64
118.23925018 157.93554688 492.51486206 255 64 64
118.23546600 157.94598389 492.52648926 255 64 64
137.12872314 138.88159180 377.20318604 255 64 64
137.11625671 138.88320923 377.20223999 255 64 64
137.12944031 138.89202881 377.19613647 255 64 64
137.11918640 138.88842773 377.19955444 255 64 64
177.44116211 105.38584137 423.70956421 255 64 64
177.42768860 105.38901520 423.71090698 255 64 64
177.44447327 105.39714050 423.71066284 255 64 64
177.43486023 105.39513397 423.71032715 255 64 64
93.42998505 164.39097595 400.48504639 255 64 64
93.42543030 164.39108276 400.48699951 255 64 64
93.43159485 164.40202332 400.48568726 255 64 64
93.42395020 164.40202332 400.49319458 255 64 64
179.50260925 129.42684937 398.11685181 255 64 64
179.48988342 129.42773438 398.11267090 255 64 64
179.50163269 129.44480896 398.11517334 255 64 64
179.49293518 129.44309998 398.11248779 255 64 64
124.01473999 102.60722351 404.84252930 255 64 64
124.00804901 102.60609436 404.84143066 255 64 64
124.01577759 102.61563110 404.84384155 255 64 64
124.00832367 102.61110687 404.84756470 255 64 64
179.21960449 155.52551270 450.19644165 255 64 64
179.22186279 155.52334595 450.19781494 255 64 64
179.22387695 155.53182983 450.20300293 255 64 64
179.23040771 155.53021240 450.20541382 255 64 64
127.91134644 137.83659363 469.79602051 255 64 64
127.90708923 137.83554077 469.80722046 255 64 64
127.91006470 137.85198975 469.80328369 255 64 64
127.90991211 137.85534668 469.81393433 255 64 64
83.86614990 165.79129028 430.02203369 255 64 64
83.86048126 165.79267883 430.02114868 255 64 64
83.86825562 165.78897095 430.02618408 255 64 64
83.86114502 165.79112244 430.03076172 255 64 64
76.61415100 147.51638794 477.39791870 255 64 64
76.60774231 147.51889038 477.40310669 255 64 64
76.61248779 147.52160645 477.39938354 255 64 64
76.60783386 147.52673340 477.40856934 255 64 64
93.80787659 136.58540344 420.43994141 255 64 64
93.80207825 136.58602905 420.43890381 255 64 64
93.80821228 136.59844971 420.43661499 255 64 64
93.80036926 136.59884644 420.44052124 255 64 64
92.25122070 124.55715942 466.34506226 255 64 64
92.24436951 124.55826569 466.34594727 255 64 64
92.25467682 124.56227875 466.35003662 255 64 64
92.24830627 124.56558990 466.35479736 255 64 64
79.66461182 188.67005920 442.93878174 255 64 64
79.65711212 188.67330933 442.93933105 255 64 64
79.66496277 188.66392517 442.94607544 255 64 64
79.65865326 188.66809082 442.95330811 255 64 64
143.32984924 164.74911499 367.29162598 255 64 64
143.31712341 164.75454712 367.28656006 255 64 64
143.32789612 164.75959778 367.27941895 255 64 64
143.31842041 164.76106262 367.28021240 255 64 64
139.07608032 113.36099243 458.10189819 255 64 64
139.07284546 113.35367584 458.11169434 255 64 64
139.07150269 113.36805725 458.11764526 255 64 64
139.07032776 113.36299896 458.12582397 255 64 64
151.93750000 94.68963623 415.25158691 255 64 64
151.92808533 94.68869781 415.25088501 255 64 64
151.94113159 94.69881439 415.25854492 255 64 64
151.93139648 94.69316101 415.25802612 255 64 64
96.61675262 183.59176636 385.64981079 255 64 64
96.61450195 183.59391785 385.65252686 255 64 64
96.61809540 183.59582520 385.64630127 255 64 64
96.61386871 183.59695435 385.65631104 255 64 64
106.45166016 152.95664978 383.45913696 255 64 64
106.44478607 152.95680237 383.46212769 255 64 64
106.45733643 152.96318054 383.45886230 255 64 64
106.44903564 152.96099854 383.46765137 255 64 64
164.75671387 108.94252014 443.42077637 255 64 64
164.74853516 108.93696594 443.43206787 255 64 64
164.75450134 108.94033051 443.43597412 255 64 64
164.74969482 108.93314362 443.44461060 255 64 64
158.85392761 131.93710327 383.43054199 255 64 64
158.84065247 131.93945312 383.42666626 255 64 64
158.85736084 131.95538330 383.42346191 255 64 64
158.84892273 131.95297241 383.42272949 255 64 64
105.09661102 128.26199341 485.55712891 255 64 64
105.08425140 128.26568604 485.55691528 255 64 64
105.09358978 128.26235962 485.55926514 255 64 64
105.08406067 128.27105713 485.56045532 255 64 64
123.26185608 97.83802032 450.96923828 255 64 64
123.25197601 97.83736420 450.96664429 255 64 64
123.25973511 97.84693146 450.97015381 255 64 64
123.24980164 97.84484863 450.96765137 255 64 64
175.46511841 128.92134094 442.65374756 255 64 64
175.45576477 128.91586304 442.66043091 255 64 64
175.45762634 128.92941284 442.65814209 255 64 64
175.45390320 128.92446899 442.66333008 255 64 64
133.02932739 119.74208069 386.65240479 255 64 64
133.01959229 119.74160004 386.65277100 255 64 64
133.03492737 119.75440216 386.65087891 255 64 64
133.02616882 119.74940491 386.65545654 255 64 64
105.12069702 118.62615204 413.26217651 255 64 64
105.11328125 118.62449646 413.26040649 255 64 64
105.12770081 118.63217926 413.26712036 255 64 64
105.11712646 118.62856293 413.26971436 255 64 64
103.80107117 113.20998383 452.71636963 255 64 64
103.79019165 113.21123505 452.71691895 255 64 64
103.80666351 113.21600342 452.72412109 255 64 64
103.79634094 113.21688843 452.72763062 255 64 64
133.58569336 156.03524780 478.49749756 255 64 64
133.58055115 156.03817749 478.50738525 255 64 64
133.58259583 156.04627991 478.49749756 255 64 64
133.58348083 156.05339050 478.50668335 255 64 64
180.09838867 148.50337219 388.95947266 255 64 64
180.08761597 148.50540161 388.95187378 255 64 64
180.09783936 148.52325439 388.96316528 255 64 64
180.09107971 148.52253723 388.95977783 255 64 64
160.35014343 151.71658325 461.09878540 255 64 64
160.34437561 151.71549988 461.10595703 255 64 64
160.35206604 151.72770691 461.09729004 255 64 64
160.35264587 151.72850037 461.10446167 255 64 64
126.48910522 97.02654266 431.01962280 255 64 64
126.48184204 97.02516174 431.01910400 255 64 64
126.49771118 97.03267670 431.02868652 255 64 64
126.48802948 97.02810669 431.03070068 255 64 64
101.46394348 145.08273315 496.53582764 255 64 64
101.45478821 145.08569336 496.54058838 255 64 64
101.46030426 145.08543396 496.53845215 255 64 64
101.45561218 145.09446716 496.54339600 255 64 64
80.22946930 158.28579712 452.64730835 255 64 64
80.22398376 158.28633118 452.64971924 255 64 64
80.22980499 158.29000854 452.65628052 255 64 64
80.22394562 158.29244995 452.66250610 255 64 64
175.00779724 111.44257355 406.44268799 255 64 64
174.99949646 111.44052124 406.44546509 255 64 64
175.00808716 111.45864868 406.44656372 255 64 64
175.00321960 111.45278168 406.44851685 255 64 64
192.19662476 138.02828979 411.13455200 255 64 64
192.18550110 138.02728271 411.13223267 255 64 64
192.20274353 138.03863525 411.13888550 255 64 64
192.19525146 138.03411865 411.13653564 255 64 64
122.32559204 150.05252075 375.37319946 255 64 64
122.31475830 150.05493164 375.37237549 255 64 64
122.32715607 150.06077576 375.36465454 255 64 64
122.31830597 150.05903625 375.37048340 255 64 64
141.53330994 99.68074799 401.49682617 255 64 64
141.53106689 99.67899323 401.49652100 255 64 64
141.53607178 99.69342041 401.49594116 255 64 64
141.53193665 99.68688202 401.49810791 255 64 64
88.67121887 175.65145874 415.36682129 255 64 64
88.66619873 175.65280151 415.36923218 255 64 64
88.67305756 175.65592957 415.36886597 255 64 64
88.66561890 175.65766907 415.37643433 255 64 64
144.34365845 145.07360840 463.98367310 255 64 64
144.33744812 145.07260132 463.99252319 255 64 64
144.33976746 145.09040833 463.98153687 255 64 64
144.34017944 145.09271240 463.98989868 255 64 64
97.41571808 147.54823303 397.40609741 255 64 64
97.40733337 147.54823303 397.40667725 255 64 64
97.42093658 147.55609131 397.40286255 255 64 64
97.41178894 147.55441284 397.40960693 255 64 64
96.94120789 121.25556183 436.66946411 255 64 64
96.93385315 121.25643158 436.66848755 255 64 64
96.94396973 121.26406097 436.67495728 255 64 64
96.93427277 121.26457977 436.67761230 255 64 64
117.24888611 116.91783142 394.28729248 255 64 64
117.24037933 116.91662598 394.28854370 255 64 64
117.25621033 116.93093109 394.28411865 255 64 64
117.24720764 116.92622375 394.29168701 255 64 64
126.66629791 120.94302368 467.13348389 255 64 64
126.66044617 120.93897247 467.14324951 255 64 64
126.66218567 120.95068359 467.14743042 255 64 64
126.66036987 120.94976044 467.15640259 255 64 64
114.73348999 142.02215576 482.67257690 255 64 64
114.72691345 142.02386475 482.68023682 255 64 64
114.72830200 142.03677368 482.67431641 255 64 64
114.72563171 142.04368591 482.68368530 255 64 64
162.26457214 95.04086304 432.31143188 255 64 64
162.25277710 95.04067993 432.31329346 255 64 64
162.26452637 95.04734802 432.31945801 255 64 64
162.25534058 95.04266357 432.31863403 255 64 64
88.52807617 156.12719727 416.77548218 255 64 64
88.52069855 156.12702942 416.77731323 255 64 64
88.53147125 156.13223267 416.77966309 255 64 64
88.52172852 156.13200378 416.78692627 255 64 64
189.93351746 122.66265869 419.53308105 255 64 64
189.92483521 122.65951538 419.53662109 255 64 64
189.93649292 122.67237091 419.53445435 255 64 64
189.93161011 122.66629791 419.53668213 255 64 64
122.34397888 132.13258362 383.95080566 255 64 64
122.33641052 132.13265991 383.94869995 255 64 64
122.34779358 132.14376831 383.94189453 255 64 64
122.34001160 132.14099121 383.94665527 255 64 64
85.97859192 129.97372437 480.34622192 255 64 64
85.97386169 129.97622681 480.34741211 255 64 64
85.97777557 129.98133850 480.34350586 255 64 64
85.97261047 129.98675537 480.34780884 255 64 64
98.55502319 115.29632568 478.07537842 255 64 64
98.54663849 115.29766083 478.07901001 255 64 64
98.54787445 115.30429840 478.06988525 255 64 64
98.54101562 115.30694580 478.07574463 255 64 64
134.96783447 95.24786377 417.69821167 255 64 64
134.95812988 95.24694061 417.69873047 255 64 64
134.96852112 95.25929260 417.70135498 255 64 64
134.95796204 95.25458527 417.70285034 255 64 64
89.86674500 189.80201721 398.59490967 255 64 64
89.86308289 189.80395508 398.59481812 255 64 64
89.86842346 189.80581665 398.59167480 255 64 64
89.86205292 189.80949402 398.59939575 255 64 64
90.31999207 127.12622833 450.66809082 255 64 64
90.31232452 127.12684631 450.66607666 255 64 64
90.32144165 127.13546753 450.67178345 255 64 64
90.31312561 127.13658905 450.67465210 255 64 64
162.37654114 102.91162109 404.39019775 255 64 64
162.36488342 102.91424561 404.38946533 255 64 64
162.37734985 102.92958069 404.38586426 255 64 64
162.36799622 102.92494965 404.38583374 255 64 64
184.31794739 120.04715729 433.54327393 255 64 64
184.30601501 120.04491425 433.54827881 255 64 64
184.31631470 120.05120850 433.54986572 255 64 64
184.30743408 120.04628754 433.55218506 255 64 64
80.97025299 141.50408936 464.06692505 255 64 64
80.96372986 141.50634766 464.06900024 255 64 64
80.96912384 141.51492310 464.07049561 255 64 64
80.96409607 141.51841736 464.07650757 255 64 64
101.64073181 167.39120483 382.44555664 255 64 64
101.63301849 167.39230347 382.44897461 255 64 64
101.63899231 167.39692688 382.43963623 255 64 64
101.62990570 167.39624023 382.45022583 255 64 64
187.35073853 146.93667603 440.57009888 255 64 64
187.34864807 146.93298340 440.57214355 255 64 64
187.35409546 146.94523621 440.57369995 255 64 64
187.35571289 146.94128418 440.57641602 255 64 64
86.42312622 150.87451172 431.57449341 255 64 64
86.41708374 150.87573242 431.57556152 255 64 64
86.42323303 150.88145447 431.57891846 255 64 64
86.41578674 150.88293457 431.58462524 255 64 64
147.73811340 103.36385345 450.79412842 255 64 64
147.72877502 103.35890198 450.80172729 255 64 64
147.73008728 103.36425781 450.80749512 255 64 64
147.72241211 103.36058044 450.81396484 255 64 64
119.04803467 102.29561615 419.50463867 255 64 64
119.03860474 102.29343414 419.50476074 255 64 64
119.04946899 102.30570221 419.50903320 255 64 64
119.03932190 102.30111694 419.51071167 255 64 64
75.05107117 161.46517944 469.77529907 255 64 64
75.04566193 161.46745300 469.78298950 255 64 64
75.05305481 161.46569824 469.78186035 255 64 64
75.04921722 161.47018433 469.79312134 255 64 64
164.80374146 119.15763855 392.35662842 255 64 64
164.79090881 119.16003418 392.35449219 255 64 64
164.80281067 119.17866516 392.35668945 255 64 64
164.79394531 119.17656708 392.35540771 255 64 64
98.31301880 134.46554565 406.85568237 255 64 64
98.30557251 134.46585083 406.85482788 255 64 64
98.31411743 134.47619629 406.85083008 255 64 64
98.30540466 134.47546387 406.85620117 255 64 64
167.13572693 139.33807373 450.22790527 255 64 64
167.13014221 139.33482361 450.23483276 255 64 64
167.13053894 139.34957886 450.23162842 255 64 64
167.13066101 139.34765625 450.23706055 255 64 64
140.67410278 127.33293152 459.58276367 255 64 64
140.66934204 127.32976532 459.59356689 255 64 64
140.66889954 127.34594727 459.58963013 255 64 64
140.66816711 127.34478760 459.59878540 255 64 64
148.20864868 147.05764771 374.90887451 255 64 64
148.19134521 147.06097412 374.90844727 255 64 64
148.21191406 147.07272339 374.90719604 255 64 64
148.19779968 147.07202148 374.90878296 255 64 64
85.33209229 180.70855713 427.70126343 255 64 64
85.32688904 180.70896912 427.70501709 255 64 64
85.33024597 180.71156311 427.70962524 255 64 64
85.32405853 180.71392822 427.71740723 255 64 64
108.31998444 180.97080994 374.07510376 255 64 64
108.31650543 180.97325134 374.07791138 255 64 64
108.32649231 180.97283936 374.07315063 255 64 64
108.32179260 180.97357178 374.08377075 255 64 64
164.50993347 97.70619202 418.99075317 255 64 64
164.50019836 97.70464325 418.99468994 255 64 64
164.50935364 97.71652985 418.99639893 255 64 64
164.50167847 97.71068573 418.99917603 255 64 64
79.80336761 173.39314270 440.34887695 255 64 64
79.79653931 173.39434814 440.34863281 255 64 64
79.80557251 173.39103699 440.34957886 255 64 64
79.79888916 173.39491272 440.35525513 255 64 64
111.50871277 104.11442566 458.67269897 255 64 64
111.50079346 104.11351013 458.67083740 255 64 64
111.50587463 104.12359619 458.67269897 255 64 64
111.49884033 104.12309265 458.67343140 255 64 64
148.96270752 123.63687134 385.21942139 255 64 64
148.95187378 123.63742065 385.21682739 255 64 64
148.95993042 123.64891052 385.21411133 255 64 64
148.95092773 123.64515686 385.21478271 255 64 64
112.03510284 121.10395050 477.37179565 255 64 64
112.02537537 121.10712433 477.37170410 255 64 64
112.03012085 121.10670471 477.37432861 255 64 64
112.02227783 121.11187744 477.37460327 255 64 64
138.09808350 109.48955536 392.18338013 255 64 64
138.09146118 109.48973846 392.18167114 255 64 64
138.10533142 109.50484467 392.17791748 255 64 64
138.09866333 109.49957275 392.18035889 255 64 64
149.63142395 118.35041046 453.49142456 255 64 64
149.62841797 118.34291077 453.50271606 255 64 64
149.62686157 118.35423279 453.50778198 255 64 64
149.62675476 118.34922028 453.51776123 255 64 64
90.20170593 133.44265747 437.40014648 255 64 64
90.19430542 133.44357300 437.39990234 255 64 64
90.20452881 133.44876099 437.40362549 255 64 64
90.19528961 133.44874573 437.40835571 255 64 64
135.94009399 155.45666504 370.48907471 255 64 64
135.92686462 155.45996094 370.48641968 255 64 64
135.93719482 155.46479797 370.47622681 255 64 64
135.92611694 155.46504211 370.47970581 255 64 64
165.31404114 145.67219543 379.93609619 255 64 64
165.29740906 145.67507935 379.93246460 255 64 64
165.31695557 145.68653870 379.92962646 255 64 64
165.30522156 145.68469238 379.92874146 255 64 64
112.60626221 105.59724426 443.11340332 255 64 64
112.59654236 105.59755707 443.11209106 255 64 64
112.61300659 105.60308838 443.12231445 255 64 64
112.60105133 105.60138702 443.12228394 255 64 64
107.25565338 121.63565063 401.87213135 255 64 64
107.24828339 121.63486481 401.87188721 255 64 64
107.25877380 121.64231873 401.86560059 255 64 64
107.25054932 121.63894653 401.87084961 255 64 64
114.26265717 108.15423584 408.94815063 255 64 64
114.25625610 108.15258026 408.94760132 255 64 64
114.26178741 108.16510773 408.94177246 255 64 64
114.25455475 108.16033173 408.94485474 255 64 64
78.41993713 143.90792847 488.63778687 255 64 64
78.41246796 143.91210938 488.64282227 255 64 64
78.41899872 143.91136169 488.64025879 255 64 64
78.41485596 143.91871643 488.64947510 255 64 64
119.42603302 129.60076904 473.54901123 255 64 64
119.42384338 129.59655762 473.56091309 255 64 64
119.42568970 129.61514282 473.55828857 255 64 64
119.42407990 129.61547852 473.57058716 255 64 64
140.14662170 93.37638092 429.51342773 255 64 64
140.13253784 93.37729645 429.51370239 255 64 64
140.14895630 93.38499451 429.52148438 255 64 64
140.13504028 93.38148499 429.52099609 255 64 64
100.16997528 120.72115326 423.69219971 255 64 64
100.15924072 120.72194672 423.69119263 255 64 64
100.17376709 120.72644806 423.69534302 255 64 64
100.16190338 120.72495270 423.69805908 255 64 64
123.59786224 162.27291870 370.63043213 255 64 64
123.58746338 162.27558899 370.63146973 255 64 64
123.59939575 162.27818298 370.61938477 255 64 64
123.58976746 162.27703857 370.62805176 255 64 64
163.52328491 160.67939758 467.61813354 255 64 64
163.51727295 160.68070984 467.62686157 255 64 64
163.52786255 160.68383789 467.62438965 255 64 64
163.52978516 160.68815613 467.63253784 255 64 64
89.64672852 179.40768433 404.54748535 255 64 64
89.64099121 179.40945435 404.55090332 255 64 64
89.64643860 179.41741943 404.54428101 255 64 64
89.63932800 179.41920471 404.55413818 255 64 64
89.03082275 126.14510345 490.72671509 255 64 64
89.02062988 126.14768219 490.73037720 255 64 64
89.02906799 126.14624023 490.72622681 255 64 64
89.02069092 126.15270996 490.73324585 255 64 64
85.03999329 192.08778381 428.17321777 255 64 64
85.03388977 192.08895874 428.17608643 255 64 64
85.04410553 192.08647156 428.18176270 255 64 64
85.03695679 192.09085083 428.18997192 255 64 64
137.43444824 99.13556671 452.74951172 255 64 64
137.42233276 99.13452911 452.75091553 255 64 64
137.43241882 99.13863373 452.75915527 255 64 64
137.42077637 99.13631439 452.75906372 255 64 64
185.64001465 133.65478516 437.50875854 255 64 64
185.62977600 133.65115356 437.51379395 255 64 64
185.63742065 133.66036987 437.51312256 255 64 64
185.63253784 133.65710449 437.51638794 255 64 64
128.55702209 101.60753632 460.07150269 255 64 64
128.54614258 101.60709381 460.06967163 255 64 64
128.55818176 101.61006165 460.08020020 255 64 64
128.54737854 101.60847473 460.07791138 255 64 64
76.46612549 177.34153748 454.73123169 255 64 64
76.46215820 177.34359741 454.73419189 255 64 64
76.46782684 177.33815002 454.73742676 255 64 64
76.46541595 177.34237671 454.74670410 255 64 64
72.42348480 157.88790894 479.95452881 255 64 64
72.41806793 157.89129639 479.96316528 255 64 64
72.42511749 157.89042664 479.95932007 255 64 64
72.42189026 157.89715576 479.97250366 255 64 64
86.36178589 132.65844727 460.12020874 255 64 64
86.35443115 132.65936279 460.12072754 255 64 64
86.36083221 132.66612244 460.11962891 255 64 64
86.35314941 132.66885376 460.12387085 255 64 64
172.60827637 132.71594238 390.18161011 255 64 64
172.59660339 132.71566772 390.17636108 255 64 64
172.60627747 132.73434448 390.17678833 255 64 64
172.59835815 132.73185730 390.17468262 255 64 64
136.95623779 164.38830566 484.83309937 255 64 64
136.95213318 164.39190674 484.84414673 255 64 64
136.95582581 164.39640808 484.83712769 255 64 64
136.95706177 164.40519714 484.84921265 255 64 64
102.32562256 111.63969421 463.47793579 255 64 64
102.32057190 111.63899994 463.47729492 255 64 64
102.32038879 111.64883423 463.47451782 255 64 64
102.31544495 111.64959717 463.47637939 255 64 64
109.76799011 162.91572571 376.81027222 255 64 64
109.75880432 162.91708374 376.81304932 255 64 64
109.77154541 162.92230225 376.80401611 255 64 64
109.76161957 162.92028809 376.81375122 255 64 64
116.77771759 141.10768127 382.11743164 255 64 64
116.76735687 141.10795593 382.11749268 255 64 64
116.78499603 141.11618042 382.11071777 255 64 64
116.77572632 141.11343384 382.11791992 255 64 64
176.19787598 108.41693115 433.74377441 255 64 64
176.18357849 108.41799164 433.74676514 255 64 64
176.19996643 108.42211914 433.74942017 255 64 64
176.18751526 108.41912842 433.74932861 255 64 64
181.66371155 139.92259216 394.83374023 255 64 64
181.65142822 139.92556763 394.82806396 255 64 64
181.66212463 139.94039917 394.83471680 255 64 64
181.65365601 139.94004822 394.83038330 255 64 64
153.11071777 161.97152710 369.88732910 255 64 64
153.09881592 161.97523499 369.88470459 255 64 64
153.10990906 161.98263550 369.88082886 255 64 64
153.10218811 161.98255920 369.88296509 255 64 64
97.90902710 156.83377075 392.58618164 255 64 64
97.90232849 156.83464050 392.58767700 255 64 64
97.91537476 156.84338379 392.58453369 255 64 64
97.90554810 156.84197998 392.59231567 255 64 64
173.72996521 120.82697296 397.84332275 255 64 64
173.71646118 120.83006287 397.83929443 255 64 64
173.73220825 120.84352875 397.84741211 255 64 64
173.72288513 120.84135437 397.84414673 255 64 64
77.31062317 167.78860474 459.11019897 255 64 64
77.30559540 167.79058838 459.11337280 255 64 64
77.31286621 167.79159546 459.11990356 255 64 64
77.30865479 167.79539490 459.12841797 255 64 64
92.37216187 173.69657898 396.17633057 255 64 64
92.36753845 173.69752502 396.17712402 255 64 64
92.37649536 173.70373535 396.17239380 255 64 64
92.36813354 173.70452881 396.18090820 255 64 64
82.23793030 158.67718506 442.60086060 255 64 64
82.23144531 158.67901611 442.59963989 255 64 64
82.23876953 158.68260193 442.59924316 255 64 64
82.23284912 158.68527222 442.60403442 255 64 64
95.89013672 134.13595581 495.62442017 255 64 64
95.88176727 134.13934326 495.62713623 255 64 64
95.88450623 134.13543701 495.62368774 255 64 64
95.87803650 134.14355469 495.62838745 255 64 64
142.82443237 157.65179443 474.70407104 255 64 64
142.81878662 157.65454102 474.71356201 255 64 64
142.82336426 157.66433716 474.70086670 255 64 64
142.82403564 157.67022705 474.71002197 255 64 64
96.82049561 119.76496887 455.83258057 255 64 64
96.81173706 119.76708221 455.83267212 255 64 64
96.82446289 119.77292633 455.83300781 255 64 64
96.81511688 119.77532959 455.83621216 255 64 64
157.60098267 113.68213654 448.66131592 255 64 64
157.59417725 113.67517090 448.67095947 255 64 64
157.59263611 113.68331909 448.67425537 255 64 64
157.58952332 113.67744446 448.68191528 255 64 64
136.05860901 146.68527222 469.42898560 255 64 64
136.05375671 146.68418884 469.43981934 255 64 64
136.05950928 146.70040894 469.43099976 255 64 64
136.06018066 146.70343018 469.44097900 255 64 64
131.92391968 94.95422363 439.18731689 255 64 64
131.90885925 94.95484924 439.18698120 255 64 64
131.92697144 94.96274567 439.19418335 255 64 64
131.91281128 94.96070862 439.19323730 255 64 64
125.85004425 149.72073364 478.98483276 255 64 64
125.84695435 149.72036743 478.99630737 255 64 64
125.84983826 149.73770142 478.98541260 255 64 64
125.85095215 149.74279785 478.99688721 255 64 64
107.05953979 144.03042603 387.53613281 255 64 64
107.05028534 144.03097534 387.53707886 255 64 64
107.06479645 144.03947449 387.52865601 255 64 64
107.05393982 144.03767395 387.53613281 255 64 64
159.42729187 143.41720581 455.98620605 255 64 64
159.42025757 143.41392517 455.99435425 255 64 64
159.42767334 143.43373108 455.98431396 255 64 64
159.42709351 143.43235779 455.99035645 255 64 64
94.50723267 143.03787231 409.34613037 255 64 64
94.49992371 143.03790283 409.34713745 255 64 64
94.51044464 143.04379272 409.34899902 255 64 64
94.50106812 143.04293823 409.35485840 255 64 64
94.42147064 119.86253357 485.73559570 255 64 64
94.41020203 119.86486816 485.73660278 255 64 64
94.41809082 119.86544800 485.73171997 255 64 64
94.40887451 119.87050629 485.73535156 255 64 64
100.10623932 116.07581329 444.19207764 255 64 64
100.09798431 116.07680511 444.19067383 255 64 64
100.11164856 116.08386230 444.19775391 255 64 64
100.10035706 116.08480072 444.19891357 255 64 64
126.32942200 141.71829224 377.96878052 255 64 64
126.31893921 141.71762085 377.97076416 255 64 64
126.33364105 141.72132874 377.96109009 255 64 64
126.32331848 141.71728516 377.96719360 255 64 64
186.32182312 122.41250610 410.71746826 255 64 64
186.31318665 122.41048431 410.71661377 255 64 64
186.32113647 122.42794800 410.72113037 255 64 64
186.31663513 122.42231750 410.72103882 255 64 64
114.53965759 150.00622559 488.74429321 255 64 64
114.53074646 150.01043701 488.75476074 255 64 64
114.53646851 150.02026367 488.74670410 255 64 64
114.53320312 150.02879333 488.75598145 255 64 64
184.79335022 115.17894745 416.73068237 255 64 64
184.78175354 115.18071747 416.73071289 255 64 64
184.79095459 115.19092560 416.73406982 255 64 64
184.78424072 115.18814087 416.73400879 255 64 64
145.98222351 155.92041016 371.09713745 255 64 64
145.96716309 155.92413330 371.09490967 255 64 64
145.98106384 155.92958069 371.09024048 255 64 64
145.96945190 155.92947388 371.09259033 255 64 64
126.09674072 161.35572815 488.61026001 255 64 64
126.09245300 161.35769653 488.62350464 255 64 64
126.09515381 161.36192322 488.61193848 255 64 64
126.09730530 161.36953735 488.62643433 255 64 64
106.65402222 110.38333893 476.28140259 255 64 64
106.64608765 110.38344574 476.28369141 255 64 64
106.64766693 110.38582611 476.28573608 255 64 64
106.63920593 110.38669586 476.28915405 255 64 64
170.71723938 116.08988190 442.28875732 255 64 64
170.70651245 116.08544159 442.29678345 255 64 64
170.70848083 116.09359741 442.29718018 255 64 64
170.70289612 116.08835602 442.30340576 255 64 64
170.20002747 104.35845184 410.26278687 255 64 64
170.19140625 104.35820007 410.26614380 255 64 64
170.20365906 104.37821960 410.26785278 255 64 64
170.19734192 104.37260437 410.27050781 255 64 64
101.74540710 139.25749207 397.07287598 255 64 64
101.73844147 139.25662231 397.07467651 255 64 64
101.74816895 139.26239014 397.07006836 255 64 64
101.73915863 139.25982666 397.07720947 255 64 64
88.72406006 188.96789551 407.76998901 255 64 64
88.72131348 188.96969604 407.77279663 255 64 64
88.72468567 188.96928406 407.76895142 255 64 64
88.71987915 188.97216797 407.77850342 255 64 64
157.35189819 148.90585327 376.51272583 255 64 64
157.33729553 148.90808105 376.50869751 255 64 64
157.34631348 148.92030334 376.50582886 255 64 64
157.33538818 148.91960144 376.50537109 255 64 64
110.73600769 108.43933105 423.32394409 255 64 64
110.72841644 108.43877411 423.32180786 255 64 64
110.74221802 108.44697571 423.32772827 255 64 64
110.73365784 108.44482422 423.32894897 255 64 64
131.03608704 111.61479950 462.31576538 255 64 64
131.02401733 111.61502838 462.31835938 255 64 64
131.02575684 111.62082672 462.32284546 255 64 64
131.01716614 111.62248230 462.32458496 255 64 64
135.12886047 130.74476624 381.10662842 255 64 64
135.11944580 130.74530029 381.10333252 255 64 64
135.13348389 130.75775146 381.09555054 255 64 64
135.12588501 130.75466919 381.09780884 255 64 64
149.23236084 103.48353577 398.20587158 255 64 64
149.22851562 103.48361969 398.20654297 255 64 64
149.23541260 103.50138092 398.20391846 255 64 64
149.23178101 103.49610901 398.20727539 255 64 64
153.51560974 138.30035400 379.52545166 255 64 64
153.50260925 138.30157471 379.52291870 255 64 64
153.51997375 138.31741333 379.52377319 255 64 64
153.50903320 138.31517029 379.52416992 255 64 64
141.83117676 95.38143158 409.58096313 255 64 64
141.82546997 95.38140106 409.58010864 255 64 64
141.83689880 95.39549255 409.58200073 255 64 64
141.83041382 95.39044952 409.58288574 255 64 64
107.62515259 138.40492249 487.12243652 255 64 64
107.61578369 138.40773010 487.12472534 255 64 64
107.62670898 138.41253662 487.12896729 255 64 64
107.61955261 138.42074585 487.13146973 255 64 64
168.79537964 113.27171326 399.17553711 255 64 64
168.78181458 113.27452850 399.17391968 255 64 64
168.79673767 113.29029846 399.17254639 255 64 64
168.78656006 113.28811646 399.17233276 255 64 64
119.57806396 109.46251678 398.94409180 255 64 64
119.57241821 109.46179199 398.94378662 255 64 64
119.58349609 109.47420502 398.93872070 255 64 64
119.57534790 109.47128296 398.94378662 255 64 64
93.40632629 152.85504150 403.57797241 255 64 64
93.40001678 152.85484314 403.58013916 255 64 64
93.41421509 152.86187744 403.57894897 255 64 64
93.40490723 152.86128235 403.58715820 255 64 64
83.75330353 149.82669067 445.04049683 255 64 64
83.74702454 149.82833862 445.04156494 255 64 64
83.75776672 149.83454895 445.04510498 255 64 64
83.75080872 149.83596802 445.05145264 255 64 64
92.15971375 121.18772125 475.58569336 255 64 64
92.15087891 121.18995667 475.58529663 255 64 64
92.15888214 121.19290161 475.58447266 255 64 64
92.15118408 121.19583893 475.58581543 255 64 64
167.36489868 137.85432434 384.91116333 255 64 64
167.35006714 137.85064697 384.91372681 255 64 64
167.36190796 137.85900879 384.90002441 255 64 64
167.35157776 137.85684204 384.90472412 255 64 64
155.61845398 93.85058594 423.37969971 255 64 64
155.60707092 93.85218048 423.37786865 255 64 64
155.62371826 93.86182404 423.38424683 255 64 64
155.61337280 93.85752106 423.38214111 255 64 64
133.36360168 129.90988159 464.01263428 255 64 64
133.35955811 129.90698242 464.02410889 255 64 64
133.35890198 129.91993713 464.02127075 255 64 64
133.35931396 129.91969299 464.03222656 255 64 64
98.03031158 130.12664795 416.05352783 255 64 64
98.02206421 130.12696838 416.05300903 255 64 64
98.03482056 130.13272095 416.05374146 255 64 64
98.02468872 130.13182068 416.05859375 255 64 64
123.51927948 106.40480804 465.57281494 255 64 64
123.50936890 106.40508270 465.57192993 255 64 64
123.51474762 106.40501404 465.57980347 255 64 64
123.50567627 106.40528870 465.57751465 255 64 64
130.40399170 96.95723724 410.29415894 255 64 64
130.39491272 96.95563507 410.29339600 255 64 64
130.41018677 96.96697998 410.29339600 255 64 64
130.40017700 96.96060944 410.29531860 255 64 64
165.74732971 131.15704346 447.16503906 255 64 64
165.74206543 131.15106201 447.17364502 255 64 64
165.73768616 131.16342163 447.16854858 255 64 64
165.73817444 131.15931702 447.17446899 255 64 64
174.81289673 143.21105957 448.26049805 255 64 64
174.80491638 143.20999146 448.26510620 255 64 64
174.81347656 143.21992493 448.25946045 255 64 64
174.81236267 143.21942139 448.26419067 255 64 64
132.78501892 104.18806458 396.80932617 255 64 64
132.77673340 104.18694305 396.80926514 255 64 64
132.78631592 104.19957733 396.80880737 255 64 64
132.77737427 104.19421387 396.81353760 255 64 64
185.78021240 131.17367554 404.05545044 255 64 64
185.76449585 131.17425537 404.05270386 255 64 64
185.78034973 131.18847656 404.05920410 255 64 64
185.77011108 131.18530273 404.05761719 255 64 64
161.12550354 109.34071350 397.20712280 255 64 64
161.11485291 109.34183502 397.20538330 255 64 64
161.12760925 109.35924530 397.20373535 255 64 64
161.11862183 109.35500336 397.20370483 255 64 64
126.49812317 170.29223633 368.01910400 255 64 64
126.48661804 170.29574585 368.02014160 255 64 64
126.49801636 170.29792786 368.00958252 255 64 64
126.48865509 170.29751587 368.01788330 255 64 64
119.68368530 100.60868073 441.54934692 255 64 64
119.67567444 100.60781860 441.54864502 255 64 64
119.68487549 100.61730957 441.55432129 255 64 64
119.67648315 100.61466980 441.55496216 255 64 64
77.93806458 157.63871765 461.11798096 255 64 64
77.93302917 157.64031982 461.12091064 255 64 64
77.93595886 157.64480591 461.12060547 255 64 64
77.93221283 157.64837646 461.12606812 255 64 64
146.34605408 133.83679199 457.95120239 255 64 64
146.34190369 133.83392334 457.96017456 255 64 64
146.34306335 133.84884644 457.95443726 255 64 64
146.34367371 133.84811401 457.96252441 255 64 64
96.60725403 168.41697693 389.55474854 255 64 64
96.60057068 168.41813660 389.55883789 255 64 64
96.61150360 168.42518616 389.55816650 255 64 64
96.60219574 168.42434692 389.56756592 255 64 64
91.06077576 169.68395996 407.06488037 255 64 64
91.05457306 169.68560791 407.06683350 255 64 64
91.06550598 169.69239807 407.06625366 255 64 64
91.05725098 169.69384766 407.07342529 255 64 64
168.23420715 154.10620117 458.11071777 255 64 64
168.23059082 154.10581970 458.11666870 255 64 64
168.23815918 154.11805725 458.10864258 255 64 64
168.23995972 154.11868286 458.11532593 255 64 64
85.83504486 171.09959412 423.37448120 255 64 64
85.82839966 171.10119629 423.37756348 255 64 64
85.83473206 171.10574341 423.37762451 255 64 64
85.82683563 171.10751343 423.38546753 255 64 64
81.57943726 180.90286255 436.25955200 255 64 64
81.57228851 180.90557861 436.25842285 255 64 64
81.57973480 180.90397644 436.26208496 255 64 64
81.57395935 180.90725708 436.26821899 255 64 64
180.07038879 137.31402588 443.14288330 255 64 64
180.06358337 137.30969238 443.14804077 255 64 64
180.06364441 137.32226562 443.14425659 255 64 64
180.06126404 137.31782532 443.14849854 255 64 64
193.28733826 130.51115417 421.06616211 255 64 64
193.27810669 130.50912476 421.06698608 255 64 64
193.28788757 130.52072144 421.06628418 255 64 64
193.28330994 130.51583862 421.06591797 255 64 64
91.72798920 183.06449890 393.53558350 255 64 64
91.72387695 183.06692505 393.53576660 255 64 64
91.73512268 183.06457520 393.53411865 255 64 64
91.72891998 183.06632996 393.54171753 255 64 64
81.65424347 146.40553284 457.01635742 255 64 64
81.64863586 146.40756226 457.01828003 255 64 64
81.65394592 146.41452026 457.01745605 255 64 64
81.64788055 146.41751099 457.02432251 255 64 64
78.95388031 167.84877014 450.66409302 255 64 64
78.94895172 167.85147095 450.66546631 255 64 64
78.95565796 167.85412598 450.67034912 255 64 64
78.95073700 167.85841370 450.67648315 255 64 64
78.06321716 149.53872681 465.16052246 255 64 64
78.05591583 149.54077148 465.16259766 255 64 64
78.06221008 149.54043579 465.16476440 255 64 64
78.05482483 149.54418945 465.17172241 255 64 64
141.09297180 95.74592590 445.73852539 255 64 64
141.07943726 95.74518585 445.73925781 255 64 64
141.09286499 95.75115967 445.74606323 255 64 64
141.08084106 95.74729919 445.74639893 255 64 64
155.14199829 98.70729828 406.33966064 255 64 64
155.13267517 98.70750427 406.33892822 255 64 64
155.14620972 98.72373199 406.33758545 255 64 64
155.13816833 98.71807098 406.33874512 255 64 64
178.33840942 107.98676300 415.62667847 255 64 64
178.32888794 107.98765564 415.62765503 255 64 64
178.33880615 107.99771881 415.62438965 255 64 64
178.33361816 107.99348450 415.62432861 255 64 64
190.19883728 129.73788452 412.79513550 255 64 64
190.18643188 129.73651123 412.79220581 255 64 64
190.20385742 129.74829102 412.79620361 255 64 64
190.19374084 129.74301147 412.79278564 255 64 64
143.37834167 133.65292358 379.72454834 255 64 64
143.36909485 133.65267944 379.72070312 255 64 64
143.37701416 133.66473389 379.71356201 255 64 64
143.37075806 133.66229248 379.71481323 255 64 64
155.60427856 105.45971680 447.72335815 255 64 64
155.59890747 105.45396423 447.73196411 255 64 64
155.59939575 105.46105194 447.73818970 255 64 64
155.59512329 105.45429993 447.74444580 255 64 64
154.05114746 93.24582672 433.55477905 255 64 64
154.03675842 93.24749756 433.55712891 255 64 64
154.05383301 93.25702667 433.55981445 255 64 64
154.04113770 93.25378418 433.56005859 255 64 64
112.31898499 124.36592102 393.98681641 255 64 64
112.31184387 124.36530304 393.98681641 255 64 64
112.32589722 124.37728882 393.98086548 255 64 64
112.31697845 124.37266541 393.98764038 255 64 64
126.16150665 124.64424133 385.74658203 255 64 64
126.15191650 124.64364624 385.74765015 255 64 64
126.16546631 124.65701294 385.74151611 255 64 64
126.15631104 124.65267944 385.74832153 255 64 64
91.20719147 161.04859924 407.94583130 255 64 64
91.20079041 161.04943848 407.94699097 255 64 64
91.21067810 161.05586243 407.94598389 255 64 64
91.20188904 161.05616760 407.95306396 255 64 64
95.52983093 130.12644958 425.63964844 255 64 64
95.52108765 130.12747192 425.63958740 255 64 64
95.53501129 130.13407898 425.64669800 255 64 64
95.52473450 130.13421631 425.65078735 255 64 64
102.11625671 125.49254608 409.36486816 255 64 64
102.10711670 125.49301910 409.36489868 255 64 64
102.11785889 125.50088501 409.36047363 255 64 64
102.10696411 125.49893951 409.36569214 255 64 64
116.88705444 158.63792419 374.19915771 255 64 64
116.87677002 158.63909912 374.20257568 255 64 64
116.89027405 158.64398193 374.19186401 255 64 64
116.88030243 158.64317322 374.20178223 255 64 64
81.98744965 136.60510254 486.60305786 255 64 64
81.97928619 136.60870361 486.60775757 255 64 64
81.98637390 136.60633850 486.60314941 255 64 64
81.97989655 136.61282349 486.61108398 255 64 64
171.82727051 100.53313446 427.55130005 255 64 64
171.81716919 100.53186035 427.55383301 255 64 64
171.82858276 100.53737640 427.55810547 255 64 64
171.82015991 100.53201294 427.55972290 255 64 64
83.29608917 158.54339600 434.00119019 255 64 64
83.29017639 158.54475403 433.99993896 255 64 64
83.29592896 158.54740906 434.00201416 255 64 64
83.28907776 158.54914856 434.00677490 255 64 64
157.49618530 121.83382416 449.71054077 255 64 64
157.49266052 121.82675934 449.71994019 255 64 64
157.49024963 121.83710480 449.71725464 255 64 64
157.49093628 121.83038330 449.72564697 255 64 64
112.15835571 115.05740356 401.86553955 255 64 64
112.14961243 115.05580902 401.86648560 255 64 64
112.16465759 115.06285095 401.86788940 255 64 64
112.15389252 115.05824280 401.87362671 255 64 64
125.46827698 117.54249573 389.79577637 255 64 64
125.46025085 117.54076385 389.79647827 255 64 64
125.47428131 117.55308533 389.79287720 255 64 64
125.46591949 117.54775238 389.79901123 255 64 64
91.06851196 144.02120972 418.31179810 255 64 64
91.06266785 144.02172852 418.30963135 255 64 64
91.06909180 144.02737427 418.31420898 255 64 64
91.06126404 144.02801514 418.31890869 255 64 64
106.34800720 110.08947754 440.33660889 255 64 64
106.33879089 110.08931732 440.33483887 255 64 64
106.35763550 110.09379578 440.34558105 255 64 64
106.34748840 110.09210968 440.34634399 255 64 64
111.81264496 134.20056152 481.47167969 255 64 64
111.80750275 134.20075989 481.48162842 255 64 64
111.80954742 134.21368408 481.47573853 255 64 64
111.80594635 134.21931458 481.48580933 255 64 64
148.35131836 116.19065094 388.48950195 255 64 64
148.34260559 116.19039917 388.48687744 255 64 64
148.35662842 116.20543671 388.48260498 255 64 64
148.35011292 116.19933319 388.48434448 255 64 64
114.85491180 134.26669312 386.28222656 255 64 64
114.84567261 134.26539612 386.28274536 255 64 64
114.86039734 134.27336121 386.27484131 255 64 64
114.85072327 134.27014160 386.28134155 255 64 64
153.05709839 145.52494812 460.47698975 255 64 64
153.05035400 145.52221680 460.48452759 255 64 64
153.05551147 145.53839111 460.47348022 255 64 64
153.05433655 145.53921509 460.47991943 255 64 64
156.10888672 157.87043762 469.10546875 255 64 64
156.10125732 157.87347412 469.10974121 255 64 64
156.10696411 157.88339233 469.10485840 255 64 64
156.10700989 157.88931274 469.11059570 255 64 64
105.25404358 174.30938721 377.43395996 255 64 64
105.24810028 174.31239319 377.43603516 255 64 64
105.25765228 174.31634521 377.42965698 255 64 64
105.24967194 174.31669617 377.43853760 255 64 64
144.91731262 152.08039856 469.29232788 255 64 64
144.90954590 152.08283997 469.30053711 255 64 64
144.91505432 152.09431458 469.28637695 255 64 64
144.91401672 152.10003662 469.29516602 255 64 64
160.78201294 102.10520935 442.15493774 255 64 64
160.77005005 102.10292053 442.15725708 255 64 64
160.78074646 102.10794067 442.16439819 255 64 64
160.76940918 102.10323334 442.16473389 255 64 64
131.25559998 162.76585388 368.47708130 255 64 64
131.24374390 162.76885986 368.47924805 255 64 64
131.25666809 162.77270508 368.46932983 255 64 64
131.24681091 162.77182007 368.47640991 255 64 64
114.21778870 103.05004883 451.34631348 255 64 64
114.20994568 103.05035400 451.34399414 255 64 64
114.21759796 103.05650330 451.34588623 255 64 64
114.20912170 103.05532074 451.34405518 255 64 64
120.11426544 100.63540649 428.12100220 255 64 64
120.10689545 100.63427734 428.12066650 255 64 64
120.11420441 100.64367676 428.12274170 255 64 64
120.10590363 100.63958740 428.12518311 255 64 64
101.60207367 116.14030457 432.92816162 255 64 64
101.59343719 116.14210510 432.92626953 255 64 64
101.60430908 116.14800262 432.93649292 255 64 64
101.59351349 116.14838409 432.93670654 255 64 64
87.84116364 185.08021545 414.52789307 255 64 64
87.83599091 185.08232117 414.52978516 255 64 64
87.84349823 185.08221436 414.53079224 255 64 64
87.83775330 185.08494568 414.53811646 255 64 64
174.43499756 143.34205627 387.33609009 255 64 64
174.42228699 143.34204102 387.33184814 255 64 64
174.43394470 143.36083984 387.34408569 255 64 64
174.42637634 143.35916138 387.34292603 255 64 64
106.37450409 117.54916382 481.42242432 255 64 64
106.36622620 117.55077362 481.42462158 255 64 64
106.36725616 117.55155945 481.42794800 255 64 64
106.36056519 117.55487823 481.43093872 255 64 64
151.57231140 97.46971130 443.94894409 255 64 64
151.55947876 97.46752167 443.95114136 255 64 64
151.56985474 97.47060394 443.96017456 255 64 64
151.55860901 97.46569061 443.95935059 255 64 64
130.45204163 111.88108063 391.69378662 255 64 64
130.44674683 111.87999725 391.69183350 255 64 64
130.45791626 111.89706421 391.68460083 255 64 64
130.45292664 111.89218140 391.68753052 255 64 64
153.67343140 154.35249329 372.35406494 255 64 64
153.66227722 154.35371399 372.35159302 255 64 64
153.67124939 154.36447144 372.34375000 255 64 64
153.66416931 154.36346436 372.34454346 255 64 64
94.32368469 122.60117340 443.85989380 255 64 64
94.31335449 122.60299683 443.85946655 255 64 64
94.32572174 122.60948944 443.86569214 255 64 64
94.31615448 122.61110687 443.86877441 255 64 64
148.02304077 93.22824860 421.87805176 255 64 64
148.01115417 93.22830963 421.87811279 255 64 64
148.03218079 93.23686218 421.88586426 255 64 64
148.01976013 93.23183441 421.88565063 255 64 64
100.75491333 160.57318115 386.05010986 255 64 64
100.74774170 160.57427979 386.05047607 255 64 64
100.75854492 160.57977295 386.04656982 255 64 64
100.75019836 160.57901001 386.05456543 255 64 64
106.00405121 113.69800568 426.44940186 255 64 64
105.99395752 113.69641113 426.44812012 255 64 64
106.01025391 113.70804596 426.45425415 255 64 64
105.99839783 113.70539856 426.45648193 255 64 64
178.52517700 115.93820953 436.60980225 255 64 64
178.51063538 115.93682098 436.61257935 255 64 64
178.52281189 115.94409180 436.61123657 255 64 64
178.51232910 115.93955231 436.61288452 255 64 64
111.97592163 169.95758057 373.61889648 255 64 64
111.96669006 169.95925903 373.62173462 255 64 64
111.97601318 169.96243286 373.61553955 255 64 64
111.96711731 169.96221924 373.62442017 255 64 64
163.36633301 117.51305389 445.31835938 255 64 64
163.35656738 117.50734711 445.32794189 255 64 64
163.35664368 117.51726532 445.32101440 255 64 64
163.35156250 117.51269531 445.32788086 255 64 64
97.68348694 117.75659943 463.43243408 255 64 64
97.67517853 117.75885010 463.43200684 255 64 64
97.68737793 117.76488495 463.43743896 255 64 64
97.67881775 117.76818848 463.44003296 255 64 64
92.11632538 135.42944336 430.01885986 255 64 64
92.10969543 135.43005371 430.02008057 255 64 64
92.12061310 135.43859863 430.02136230 255 64 64
92.11114502 135.43966675 430.02612305 255 64 64
76.63876343 183.91990662 450.80853271 255 64 64
76.63257599 183.92231750 450.81173706 255 64 64
76.63892365 183.91621399 450.81301880 255 64 64
76.63386536 183.92073059 450.82131958 255 64 64
180.07046509 124.03963470 438.48123169 255 64 64
180.05895996 124.03646088 438.48440552 255 64 64
180.06703186 124.04143524 438.48272705 255 64 64
180.05911255 124.03672028 438.48495483 255 64 64
134.18301392 137.72128296 465.48593140 255 64 64
134.17996216 137.71884155 465.49633789 255 64 64
134.18115234 137.73641968 465.48791504 255 64 64
134.18252563 137.73751831 465.49789429 255 64 64
180.83810425 145.97302246 444.52230835 255 64 64
180.83259583 145.96957397 444.52459717 255 64 64
180.83816528 145.98138428 444.52679443 255 64 64
180.83930969 145.97909546 444.52929688 255 64 64
145.64071655 111.59288788 454.72723389 255 64 64
145.63523865 111.58725739 454.73638916 255 64 64
145.63229370 111.59758759 454.74044800 255 64 64
145.63003540 111.59274292 454.74859619 255 64 64
126.63169861 128.47073364 467.99386597 255 64 64
126.63049316 128.46594238 468.00479126 255 64 64
126.62986755 128.48303223 467.99993896 255 64 64
126.63024902 128.48120117 468.01147461 255 64 64
88.94953918 127.73357391 472.36828613 255 64 64
88.94464111 127.73614502 472.37020874 255 64 64
88.94866180 127.74528503 472.36795044 255 64 64
88.94347382 127.74967957 472.37286377 255 64 64
122.06061554 139.03692627 474.42285156 255 64 64
122.05661011 139.03579712 474.43328857 255 64 64
122.05841827 139.05407715 474.42684937 255 64 64
122.05666351 139.05725098 474.43652344 255 64 64
80.43994141 141.09979248 476.33560181 255 64 64
80.43394470 141.10238647 476.33972168 255 64 64
80.43901062 141.10568237 476.33792114 255 64 64
80.43453979 141.11001587 476.34622192 255 64 64
134.79217529 105.33033752 458.04730225 255 64 64
134.78211975 105.32865906 458.05197144 255 64 64
134.78742981 105.33548737 458.06253052 255 64 64
134.77934265 105.33435822 458.06594849 255 64 64
112.94918823 106.64733887 416.20581055 255 64 64
112.94322968 106.64597321 416.20492554 255 64 64
112.95520020 106.65411377 416.20684814 255 64 64
112.94650269 106.65038300 416.20983887 255 64 64
121.60411835 99.18250275 458.18218994 255 64 64
121.59510040 99.18184662 458.18093872 255 64 64
121.60278320 99.18603516 458.18743896 255 64 64
121.59215546 99.18406677 458.18606567 255 64 64
153.18595886 151.87454224 464.48114014 255 64 64
153.17810059 151.87579346 464.48626709 255 64 64
153.18251038 151.88973999 464.48260498 255 64 64
153.18162537 151.89372253 464.48760986 255 64 64
132.68165588 95.08008575 427.28317261 255 64 64
132.67167664 95.07842255 427.28305054 255 64 64
132.68840027 95.08821106 427.29074097 255 64 64
132.67733765 95.08295441 427.29263306 255 64 64
106.50010681 150.56030273 495.87170410 255 64 64
106.49252319 150.56430054 495.88455200 255 64 64
106.49932861 150.56985474 495.87722778 255 64 64
106.49693298 150.57925415 495.89056396 255 64 64
91.24945831 149.23663330 411.98254395 255 64 64
91.24337769 149.23651123 411.98178101 255 64 64
91.24996185 149.24491882 411.98522949 255 64 64
91.24098206 149.24429321 411.99020386 255 64 64
167.20013428 127.70819855 388.90762329 255 64 64
167.18923950 127.70905304 388.90267944 255 64 64
167.20286560 127.72623444 388.90527344 255 64 64
167.19702148 127.72246552 388.90344238 255 64 64
147.55967712 97.72499847 405.45791626 255 64 64
147.55464172 97.72311401 405.45874023 255 64 64
147.56495667 97.73540497 405.45846558 255 64 64
147.55880737 97.72871399 405.46069336 255 64 64
84.82739258 132.10760498 491.99243164 255 64 64
84.81842041 132.11068726 491.99774170 255 64 64
84.82208252 132.10986328 491.99057007 255 64 64
84.81565857 132.11648560 491.99856567 255 64 64
155.76107788 121.55851746 387.25827026 255 64 64
155.74829102 121.56053925 387.25531006 255 64 64
155.76191711 121.57390594 387.25390625 255 64 64
155.75245667 121.57012939 387.25311279 255 64 64
102.48355865 180.96237183 378.96966553 255 64 64
102.48098755 180.96392822 378.97222900 255 64 64
102.48925781 180.96478271 378.96786499 255 64 64
102.48406219 180.96432495 378.97811890 255 64 64
116.40564728 117.21389008 472.89965820 255 64 64
116.39565277 117.21652222 472.89840698 255 64 64
116.39926910 117.22016907 472.89691162 255 64 64
116.39098358 117.22406769 472.89660645 255 64 64
101.84068298 148.18943787 390.61419678 255 64 64
101.83569336 148.18933105 390.61529541 255 64 64
101.84925842 148.20046997 390.60830688 255 64 64
101.84114838 148.19868469 390.61660767 255 64 64
84.05062866 186.75454712 555.82257080 64 255 128
263.12042236 228.57600403 421.25848389 64 255 128
132.77359009 104.19638824 396.80474854 64 255 128
113.39858246 258.38262939 421.50103760 64 255 128
175.74514771 180.33120728 479.18804932 64 255 128
196.37001038 291.44201660 485.23901367 64 255 128
175.72975159 194.22424316 373.62771606 64 255 128
77.13042450 172.31736755 456.24661255 64 255 128
99.99689484 251.05529785 504.20516968 64 255 128
189.62384033 259.45599365 412.78607178 64 255 128
98.60475159 187.75904846 382.22747803 64 255 128
114.03181458 107.30792236 471.38366699 64 255 128
194.99877930 137.96009827 418.13500977 64 255 128
239.86900330 286.59899902 437.41400146 64 255 128
215.27400208 230.99101257 463.29098511 64 255 128
118.38960266 171.09968567 505.74755859 64 255 128
157.08999634 243.62699890 483.65701294 64 255 128
134.02070618 233.18858337 374.77081299 64 255 128
214.36785889 205.43083191 413.70986938 64 255 128
93.88654327 139.17059326 414.18447876 64 255 128
72.84720612 202.03794861 502.62527466 64 255 128
84.04878235 229.03474426 456.50405884 64 255 128
139.05162048 151.58966064 372.41711426 64 255 128
160.77093506 102.10943604 442.15618896 64 255 128
160.08024597 281.15655518 449.03012085 64 255 128
80.49068451 140.71170044 494.76159668 64 255 128
118.36559296 274.80899048 466.96011353 64 255 128
144.33602905 145.08956909 463.98358154 64 255 128
141.66152954 198.80172729 451.54040527 64 255 128
174.30000305 226.56999207 446.05499268 64 255 128
189.51350403 179.40615845 434.18161011 64 255 128
85.02347565 199.47576904 422.20184326 64 255 128
124.46954346 215.27976990 496.99591064 64 255 128
153.72000122 292.55999756 490.65798950 64 255 128
93.25948334 225.15049744 536.89007568 64 255 128
150.74392700 258.71878052 403.13070679 64 255 128
226.08352661 245.70941162 423.11630249 64 255 128
178.37608337 232.40286255 386.45812988 64 255 128
99.29788971 228.49261475 395.25775146 64 255 128
167.18969727 127.72531891 388.90121460 64 255 128
134.27758789 191.32682800 363.02600098 64 255 128
198.25390625 287.42745972 442.58227539 64 255 128
87.24967957 132.05752563 455.01672363 64 255 128
113.25975037 104.61912537 431.59597778 64 255 128
194.57106018 167.68580627 394.01022339 64 255 128
74.52574158 166.59828186 523.36053467 64 255 128
221.31835938 194.20195007 450.29666138 64 255 128
190.02899170 256.90298462 471.53799438 64 255 128
175.96847534 149.80621338 448.69076538 64 255 128
148.62319946 188.24278259 501.35076904 64 255 128
114.72219849 142.03616333 482.67083740 64 255 128
206.03599548 201.70100403 480.51101685 64 255 128
106.44277954 152.95973206 383.45721436 64 255 128
219.66099548 267.62100220 459.60598755 64 255 128
105.93360138 193.21121216 528.21307373 64 255 128
70.69206238 172.00091553 488.55526733 64 255 128
164.47229004 100.68935394 409.61849976 64 255 128
254.57200623 259.17800903 429.10900879 64 255 128
239.59431458 222.35905457 443.81948853 64 255 128
97.93733215 256.62643433 449.73205566 64 255 128
74.92853546 201.67341614 469.30575562 64 255 128
91.04962921 169.69285583 407.06094360 64 255 128
90.06753540 235.42684937 426.77651978 64 255 128
169.34399414 161.84407043 376.45004272 64 255 128
82.83023834 230.53881836 486.93624878 64 255 128
126.70709229 257.12713623 491.38421631 64 255 128
139.12005615 270.42089844 429.11630249 64 255 128
203.15373230 233.68212891 406.97470093 64 255 128
158.57627869 218.38758850 368.14978027 64 255 128
179.35400391 206.12600708 467.29299927 64 255 128
196.01655579 209.64970398 389.93927002 64 255 128
153.77000427 248.16799927 454.99102783 64 255 128
112.31347656 124.37214661 393.97875977 64 255 128
139.06765747 113.36947632 458.10794067 64 255 128
138.97937012 94.02339172 423.72314453 64 255 128
112.65627289 211.25122070 373.14285278 64 255 128
215.29627991 273.90332031 423.20989990 64 255 128
136.95234680 164.39610291 484.83551025 64 255 128
183.73945618 113.81398010 429.86871338 64 255 128
172.33227539 296.04394531 469.47756958 64 255 128
120.17615509 247.61035156 394.82595825 64 255 128
145.37008667 209.37240601 483.41717529 64 255 128
146.79483032 269.99630737 474.43603516 64 255 128
75.71781921 202.07901001 533.99822998 64 255 128
165.18887329 270.15213013 423.52844238 64 255 128
247.61141968 204.39697266 423.88812256 64 255 128
96.47823334 258.93194580 476.81118774 64 255 128
140.70825195 126.61707306 382.84075928 64 255 128
83.28703308 158.54370117 433.99499512 64 255 128
111.97296143 232.79060364 480.72662354 64 255 128
181.90699768 231.96699524 475.92800903 64 255 128
172.68099976 273.91897583 484.07400513 64 255 128
94.41191101 119.86172485 485.72567749 64 255 128
107.79954529 216.81169128 516.40698242 64 255 128
97.25383759 156.53703308 507.31588745 64 255 128
230.61299133 246.52000427 449.27099609 64 255 128
159.76892090 127.01020813 448.69549561 64 255 128
84.60968781 229.02726746 512.44891357 64 255 128
118.25664520 172.67570496 370.05050659 64 255 128
228.33099365 291.38400269 461.08099365 64 255 128
75.57323456 152.46795654 472.76321411 64 255 128
206.84634399 171.07034302 416.40136719 64 255 128
90.50882721 205.15020752 398.07839966 64 255 128
185.19856262 145.09045410 396.18560791 64 255 128
155.98492432 241.76849365 382.96157837 64 255 128
81.98755646 206.23071289 446.44619751 64 255 128
126.34116364 195.49551392 512.00219727 64 255 128
199.47836304 189.51026917 403.37319946 64 255 128
231.83840942 221.73544312 420.29251099 64 255 128
154.56488037 177.73094177 366.53598022 64 255 128
197.51399231 193.79800415 457.83297729 64 255 128
93.49382019 174.67805481 536.49389648 64 255 128
137.79406738 277.51776123 452.67007446 64 255 128
159.52299500 194.36599731 472.62500000 64 255 128
117.96501923 267.51406860 444.30590820 64 255 128
163.52391052 160.68711853 467.61709595 64 255 128
96.93060303 121.26334381 436.66311646 64 255 128
135.63650513 235.45809937 489.22628784 64 255 128
161.20600891 222.48600769 471.61499023 64 255 128
174.20573425 250.82322693 400.02453613 64 255 128
127.78289795 280.97436523 487.35363770 64 255 128
181.38160706 118.40485382 407.22277832 64 255 128
194.52893066 153.89891052 436.03433228 64 255 128
131.38746643 95.65916443 445.69812012 64 255 128
184.10333252 171.40692139 454.28421021 64 255 128
205.82197571 193.69505310 431.33013916 64 255 128
184.68524170 277.51666260 429.01919556 64 255 128
81.57306671 180.90280151 436.25567627 64 255 128
213.98001099 280.61999512 476.61001587 64 255 128
114.25372314 108.15458679 408.93594360 64 255 128
175.69599915 295.23797607 491.20901489 64 255 128
126.62437439 128.48429871 467.99844360 64 255 128
192.58000183 293.26000977 462.99801636 64 255 128
153.21008301 110.32238770 393.43765259 64 255 128
135.83093262 213.98406982 365.55737305 64 255 128
197.50399780 216.96299744 464.66101074 64 255 128
109.33226776 269.40966797 491.15115356 64 255 128
167.24301147 199.32901001 491.77798462 64 255 128
227.57208252 202.12504578 431.66714478 64 255 128
185.63189697 133.66702271 437.50628662 64 255 128
156.25320435 174.12641907 484.55465698 64 255 128
104.65133667 228.88499451 499.41763306 64 255 128
218.98100281 288.01797485 439.16299438 64 255 128
70.90415955 187.30404663 517.45117188 64 255 128
236.10589600 266.49960327 423.37911987 64 255 128
91.87121582 205.90277100 547.01123047 64 255 128
237.62699890 265.72702026 445.09197998 64 255 128
102.37741089 245.11593628 407.76583862 64 255 128
121.27691650 138.18539429 381.27600098 64 255 128
250.26234436 238.01876831 434.82604980 64 255 128
219.62599182 210.33399963 467.61599731 64 255 128
100.99085236 115.74359894 456.13702393 64 255 128
208.06532288 252.77919006 416.62454224 64 255 128
157.34707642 142.06248474 378.43255615 64 255 128
132.45559692 260.05755615 411.03207397 64 255 128
87.99993134 218.18528748 414.90704346 64 255 128
177.29841614 215.27935791 375.59341431 64 255 128
73.03792572 158.10775757 502.73669434 64 255 128
189.62622070 184.51914978 383.99230957 64 255 128
152.87780762 198.76356506 363.48510742 64 255 128
115.54995728 232.45861816 381.75350952 64 255 128
206.76899719 248.81201172 464.35400391 64 255 128
85.12615967 133.51785278 474.68582153 64 255 128
178.86907959 286.01660156 445.89926147 64 255 128
103.17771149 171.83154297 518.40954590 64 255 128
89.95739746 139.21891785 433.38046265 64 255 128
186.88000488 198.14799500 483.40402222 64 255 128
102.26320648 121.75041199 416.22500610 64 255 128
75.92650604 212.57145691 486.12939453 64 255 128
87.73224640 242.43199158 469.53866577 64 255 128
114.21092224 103.05295563 451.33370972 64 255 128
139.63203430 249.68104553 390.73406982 64 255 128
154.30950928 287.49835205 472.27410889 64 255 128
172.18199158 253.61099243 478.56201172 64 255 128
195.75900269 274.66101074 472.94699097 64 255 128
127.65698242 219.81495667 478.48385620 64 255 128
100.08030701 138.03393555 493.48205566 64 255 128
101.73392487 139.26197815 397.06539917 64 255 128
76.28288269 180.74768066 539.69329834 64 255 128
76.17259216 213.49357605 518.12078857 64 255 128
197.14460754 155.86567688 407.61550903 64 255 128
81.33817291 153.30374146 451.48080444 64 255 128
85.31378937 218.83325195 433.83447266 64 255 128
96.59754181 168.42576599 389.55371094 64 255 128
118.23528290 157.94297791 492.50668335 64 255 128
225.06498718 211.89401245 448.84899902 64 255 128
136.71849060 172.95298767 366.76916504 64 255 128
114.35182190 193.34461975 370.04968262 64 255 128
98.92359161 235.23495483 522.30883789 64 255 128
83.66507721 146.15065002 513.45910645 64 255 128
72.32823181 193.22340393 486.57290649 64 255 128
99.21652985 250.91001892 430.22006226 64 255 128
88.71296692 188.97705078 407.76583862 64 255 128
209.82200623 291.08700562 457.99197388 64 255 128
130.05865479 148.37313843 474.49560547 64 255 128
171.82217407 100.53769684 427.55300903 64 255 128
73.54512024 179.15373230 472.24633789 64 255 128
137.12574768 202.46487427 500.89984131 64 255 128
76.82109070 189.46711731 451.77703857 64 255 128
134.86451721 283.67431641 471.30541992 64 255 128
147.55384827 97.73235321 405.45651245 64 255 128
213.27012634 193.29302979 466.00433350 64 255 128
253.34349060 218.79240417 432.76116943 64 255 128
80.24803162 221.24031067 471.64038086 64 255 128
217.79501343 229.32785034 414.09667969 64 255 128
120.91803741 155.07666016 373.91735840 64 255 128
159.42111206 143.43106079 455.98016357 64 255 128
152.37001038 227.02899170 485.75900269 64 255 128
199.89999390 233.15699768 470.86199951 64 255 128
180.45515442 188.30670166 462.32977295 64 255 128
90.64025879 246.22010803 486.97683716 64 255 128
99.22380829 213.72671509 385.91363525 64 255 128
93.39619446 152.85983276 403.57568359 64 255 128
168.23699951 213.51799011 456.47497559 64 255 128
135.21073914 177.60868835 499.80096436 64 255 128
242.30160522 248.90303040 423.35449219 64 255 128
199.76119995 269.52954102 420.33697510 64 255 128
191.47193909 228.64831543 396.60763550 64 255 128
90.30121613 242.86512756 443.32955933 64 255 128
109.62334442 246.82041931 491.18902588 64 255 128
145.41099548 255.28100586 486.24499512 64 255 128
190.02081299 245.65634155 404.23800659 64 255 128
85.82192230 171.10458374 423.36877441 64 255 128
205.04785156 217.94956970 403.28048706 64 255 128
170.70436096 116.10176086 442.28878784 64 255 128
100.57395935 208.99618530 533.20837402 64 255 128
146.76715088 93.52021027 439.24795532 64 255 128
168.24099731 239.96000671 453.73898315 64 255 128
155.61019897 93.85598755 423.37554932 64 255 128
216.31542969 182.68678284 439.44815063 64 255 128
153.09681702 275.56036377 435.27301025 64 255 128
246.72764587 228.44122314 420.80798340 64 255 128
115.05287933 184.17915344 515.70440674 64 255 128
113.54701996 126.23323822 477.55252075 64 255 128
195.51458740 186.87820435 420.60983276 64 255 128
70.13043976 174.56388855 504.72164917 64 255 128
88.94376373 159.06880188 522.21453857 64 255 128
153.09835815 161.98249817 369.87564087 64 255 128
249.85299683 272.66400146 436.72497559 64 255 128
171.95454407 146.98968506 383.62475586 64 255 128
171.18896484 262.22271729 410.81530762 64 255 128
171.55551147 177.27728271 373.43667603 64 255 128
82.36441040 163.10708618 537.33197021 64 255 128
201.47491455 168.08905029 433.89486694 64 255 128
154.55499268 276.90399170 488.24499512 64 255 128
96.68628693 190.42405701 540.46740723 64 255 128
128.53752136 101.60595703 460.06430054 64 255 128
168.78387451 113.28662109 399.16802979 64 255 128
149.23228455 159.74865723 473.20040894 64 255 128
107.30140686 266.60198975 457.64825439 64 255 128
146.62654114 128.52493286 456.70092773 64 255 128
160.79299927 264.13699341 481.98300171 64 255 128
168.06227112 279.12008667 435.73519897 64 255 128
205.77900696 265.16601562 465.95498657 64 255 128
242.04798889 250.67999268 439.76400757 64 255 128
87.50808716 151.56309509 420.86636353 64 255 128
130.39901733 96.96083069 410.28729248 64 255 128
230.15899658 277.18698120 452.10202026 64 255 128
182.04792786 160.83825684 385.34906006 64 255 128
125.46128082 117.54936218 389.79202271 64 255 128
226.92300415 231.60900879 453.30398560 64 255 128
230.17321777 280.03488159 427.78146362 64 255 128
192.52400208 211.39700317 477.99798584 64 255 128
77.85250854 216.53085327 502.07330322 64 255 128
151.07061768 230.45137024 373.46780396 64 255 128
261.57305908 212.54028320 421.44873047 64 255 128
179.01199341 221.03599548 464.42300415 64 255 128
100.07847595 113.44125366 471.20278931 64 255 128
147.72331238 103.37349701 450.79226685 64 255 128
151.11570740 202.68717957 494.97824097 64 255 128
125.29702759 266.64007568 431.51248169 64 255 128
105.24379730 174.31811523 377.42984009 64 255 128
166.05734253 205.54531860 368.50064087 64 255 128
202.96571350 281.80068970 429.37866211 64 255 128
189.93360901 122.66734314 419.53341675 64 255 128
171.58012390 135.52830505 445.95672607 64 255 128
152.77844238 267.12927246 417.21887207 64 255 128
166.26565552 231.61605835 377.93972778 64 255 128
79.84277344 217.22654724 532.09448242 64 255 128
123.24885559 221.58206177 372.38665771 64 255 128
205.51161194 176.62728882 401.84472656 64 255 128
126.48438263 97.03025818 431.01605225 64 255 128
206.98300171 215.90000916 476.89398193 64 255 128
152.80300903 204.16400146 463.65298462 64 255 128
107.82597351 268.27130127 474.48080444 64 255 128
92.92220306 232.33827209 412.77416992 64 255 128
150.06166077 278.99414062 460.15902710 64 255 128
185.06999207 282.92001343 481.76800537 64 255 128
138.51992798 269.06066895 486.49972534 64 255 128
81.00302887 214.01435852 458.62783813 64 255 128
115.65560913 202.91825867 517.76501465 64 255 128
173.47801208 196.65299988 478.10900879 64 255 128
179.49111938 129.44432068 398.11013794 64 255 128
94.07556915 253.85603333 463.19686890 64 255 128
186.89595032 203.24343872 380.57247925 64 255 128
220.81048584 260.60891724 420.81521606 64 255 128
125.73224640 202.57733154 365.84252930 64 255 128
204.40097046 202.15036011 402.18722534 64 255 128
186.17401123 296.11700439 475.54598999 64 255 128
219.31500244 245.61700439 458.13998413 64 255 128
165.07055664 286.37350464 461.28973389 64 255 128
106.48994446 150.57574463 495.87075806 64 255 128
128.58674622 242.69798279 384.37048340 64 255 128
169.82600403 237.44200134 481.26400757 64 255 128
174.62846375 169.12210083 464.78967285 64 255 128
119.85797882 254.70692444 407.62475586 64 255 128
187.51812744 220.37107849 386.10977173 64 255 128
198.92289734 153.49728394 422.40762329 64 255 128
207.90242004 190.72370911 447.70593262 64 255 128
205.23699951 291.06500244 472.60299683 64 255 128
71.73689270 157.82548523 487.66522217 64 255 128
107.43518829 260.41476440 437.49227905 64 255 128
88.42077637 239.70622253 499.37994385 64 255 128
92.24208832 124.56230164 466.34280396 64 255 128
227.86524963 204.38304138 417.77716064 64 255 128
91.72021484 183.07212830 393.52902222 64 255 128
157.70964050 251.10319519 393.72686768 64 255 128
80.96563721 141.51490784 464.06619263 64 255 128
135.06369019 212.22720337 490.09457397 64 255 128
138.87872314 114.11889648 389.15585327 64 255 128
83.26258087 195.63970947 437.64260864 64 255 128
193.52626038 190.37471008 443.43179321 64 255 128
104.07164764 201.40238953 377.69885254 64 255 128
88.93135071 129.85821533 496.20306396 64 255 128
189.82400513 243.30200195 473.75198364 64 255 128
113.06455994 222.45585632 490.88470459 64 255 128
137.11283875 138.89131165 377.19799805 64 255 128
237.11178589 209.60227966 438.02038574 64 255 128
121.48026276 242.14846802 486.21560669 64 255 128
161.96000671 296.96200562 478.85400391 64 255 128
178.33319092 107.99609375 415.62005615 64 255 128
182.79899597 266.51498413 477.98699951 64 255 128
191.99200439 195.84199524 470.96499634 64 255 128
198.81587219 193.24798584 389.16726685 64 255 128
103.11402893 127.19380951 403.76034546 64 255 128
84.59208679 173.97279358 548.07525635 64 255 128
91.34411621 219.26414490 401.79241943 64 255 128
217.15835571 196.40515137 424.52117920 64 255 128
93.48947144 143.91928101 503.94253540 64 255 128
96.84913635 257.80810547 492.91030884 64 255 128
165.35000610 285.78100586 490.58801270 64 255 128
222.20204163 216.07920837 413.65530396 64 255 128
181.65696716 268.26577759 419.29797363 64 255 128
72.85151672 165.93179321 474.75415039 64 255 128
187.06484985 157.21092224 446.87945557 64 255 128
157.58775330 113.69035339 448.66510010 64 255 128
86.68508148 184.43403625 422.76736450 64 255 128
238.89001465 237.28700256 444.27301025 64 255 128
90.38296509 241.08984375 512.74072266 64 255 128
122.47772980 208.26861572 508.20947266 64 255 128
162.16958618 188.59405518 368.13604736 64 255 128
168.84019470 241.45454407 387.38568115 64 255 128
125.67277527 274.03622437 455.20687866 64 255 128
191.74963379 169.31701660 443.09231567 64 255 128
108.67940521 241.15875244 395.38534546 64 255 128
79.42076111 197.51644897 545.86614990 64 255 128
73.21247101 199.92564392 520.88342285 64 255 128
95.52227783 130.13578796 425.63522339 64 255 128
79.62905121 168.33026123 444.03225708 64 255 128
166.66555786 184.86972046 489.19473267 64 255 128
124.41582489 115.50077057 467.48010254 64 255 128
180.42401123 213.98899841 451.74200439 64 255 128
234.25199890 290.58502197 448.53399658 64 255 128
130.14343262 271.89389038 443.23785400 64 255 128
164.88800049 199.69299316 461.57601929 64 255 128
237.04011536 237.23439026 422.50683594 64 255 128
224.25599670 257.24499512 453.27600098 64 255 128
147.16996765 196.62062073 466.86764526 64 255 128
119.03827667 102.30106354 419.49832153 64 255 128
203.76055908 194.91197205 417.23016357 64 255 128
155.74847412 121.56845856 387.25091553 64 255 128
156.43704224 202.85264587 483.02243042 64 255 128
125.36698914 181.55406189 508.03292847 64 255 128
85.48543549 140.97454834 445.94998169 64 255 128
221.20899963 281.24801636 464.24902344 64 255 128
122.49292755 269.18328857 491.97698975 64 255 128
105.99305725 113.70289612 426.44558716 64 255 128
181.22996521 290.75076294 458.13189697 64 255 128
144.31066895 174.76849365 491.26342773 64 255 128
112.40854645 220.26220703 505.00280762 64 255 128
86.81985474 228.76390076 526.52539062 64 255 128
70.80689240 187.29304504 504.52755737 64 255 128
108.28860474 161.84452820 504.69546509 64 255 128
193.28581238 141.19728088 430.98080444 64 255 128
148.87907410 277.09420776 447.26342773 64 255 128
86.73500824 231.37028503 438.06600952 64 255 128
87.24825287 203.67117310 410.67913818 64 255 128
183.40206909 173.94772339 381.66973877 64 255 128
183.22175598 181.86270142 448.39215088 64 255 128
142.89938354 280.72970581 480.79452515 64 255 128
117.39965820 276.96865845 481.49121094 64 255 128
110.53424072 138.12829590 387.69842529 64 255 128
128.21513367 168.50018311 494.88894653 64 255 128
209.12774658 241.01129150 413.60739136 64 255 128
77.34374237 200.95008850 456.52188110 64 255 128
257.86157227 239.45008850 424.22738647 64 255 128
106.34183502 110.09614563 440.33496094 64 255 128
188.69680786 137.66430664 405.27371216 64 255 128
73.65955353 179.95759583 527.53167725 64 255 128
210.39601135 216.34800720 462.14602661 64 255 128
137.33195496 188.68258667 505.63531494 64 255 128
109.75420380 162.92353821 376.80407715 64 255 128
85.27877045 215.96282959 544.46441650 64 255 128
101.57758331 180.96093750 529.85614014 64 255 128
161.89799500 209.08500671 470.22399902 64 255 128
102.06752014 220.05274963 526.58209229 64 255 128
219.90800476 290.68301392 451.09201050 64 255 128
153.90687561 192.35868835 457.44018555 64 255 128
122.96667480 185.40867615 366.66763306 64 255 128
145.81895447 220.99409485 366.96789551 64 255 128
134.17599487 137.73800659 465.48861694 64 255 128
83.36838531 221.65318298 446.85638428 64 255 128
245.94723511 216.00015259 420.86911011 64 255 128
134.55900574 248.45358276 488.81524658 64 255 128
196.16709900 175.22052002 420.72567749 64 255 128
144.79481506 239.24739075 379.27178955 64 255 128
97.89943695 156.84323120 392.57998657 64 255 128
146.97085571 186.69944763 364.09185791 64 255 128
108.22010040 220.35783386 379.73770142 64 255 128
102.00167847 237.90101624 507.09671021 64 255 128
183.66194153 238.91316223 394.83486938 64 255 128
84.47415161 232.18957520 475.03488159 64 255 128
129.62748718 254.20549011 400.65066528 64 255 128
168.23306274 154.11529541 458.10488892 64 255 128
103.71772766 251.77220154 418.57592773 64 255 128
152.37599182 214.86898804 474.66497803 64 255 128
220.70899963 221.43099976 458.55398560 64 255 128
93.16874695 195.14997864 389.98333740 64 255 128
198.95106506 181.30796814 390.85363770 64 255 128
106.36073303 117.55033112 481.41571045 64 255 128
103.22917938 235.18673706 489.72982788 64 255 128
189.97795105 155.92684937 396.14425659 64 255 128
123.80384064 232.16055298 478.83410645 64 255 128
225.51118469 233.55792236 420.67453003 64 255 128
151.13766479 132.43273926 381.46932983 64 255 128
242.13766479 276.68865967 428.78665161 64 255 128
74.70088959 188.20181274 464.78759766 64 255 128
165.25524902 172.67211914 477.41564941 64 255 128
149.90084839 210.02618408 366.68041992 64 255 128
76.71202850 157.35485840 516.37670898 64 255 128
155.85626221 182.80393982 493.35940552 64 255 128
131.24137878 162.77635193 368.46936035 64 255 128
107.12892151 107.21376038 461.93832397 64 255 128
147.93199158 237.68701172 488.91799927 64 255 128
73.98329926 190.25428772 533.36083984 64 255 128
105.40078735 227.30995178 511.71493530 64 255 128
169.89100647 224.93598938 457.46697998 64 255 128
135.89637756 123.85139465 462.03854370 64 255 128
82.06208038 226.64633179 498.38476562 64 255 128
128.93077087 129.75666809 382.78344727 64 255 128
93.91638947 122.57057953 450.13610840 64 255 128
236.89045715 209.33769226 423.03625488 64 255 128
187.22399902 212.61900330 461.87298584 64 255 128
181.03347778 255.54797363 407.12609863 64 255 128
161.88703918 257.59249878 402.83380127 64 255 128
214.20100403 257.55798340 460.42098999 64 255 128
105.08182526 128.25898743 485.54660034 64 255 128
177.08778381 138.18113708 391.22268677 64 255 128
76.44310760 148.09004211 483.71469116 64 255 128
198.25653076 247.60401917 410.87500000 64 255 128
187.60302734 284.88177490 436.95599365 64 255 128
119.67231750 100.61438751 441.54183960 64 255 128
143.62300110 220.82099915 481.89898682 64 255 128
188.17900085 223.48199463 470.69900513 64 255 128
222.51612854 191.98147583 437.33956909 64 255 128
119.57126617 109.46411896 398.93872070 64 255 128
161.61700439 153.57070923 374.95553589 64 255 128
122.05465698 139.05447388 474.42489624 64 255 128
71.14455414 183.74806213 492.67724609 64 255 128
247.61616516 267.43402100 425.28594971 64 255 128
220.41543579 200.43998718 459.81930542 64 255 128
226.09185791 272.20755005 420.92773438 64 255 128
142.40849304 264.53933716 415.23248291 64 255 128
250.66900635 249.11500549 432.22601318 64 255 128
170.36857605 105.87550354 437.41394043 64 255 128
86.64308929 128.06962585 485.32617188 64 255 128
112.93363953 259.15814209 493.91165161 64 255 128
162.25857544 95.04804993 432.31225586 64 255 128
126.18820190 155.27275085 482.57745361 64 255 128
224.66166687 202.49089050 442.93621826 64 255 128
73.21511078 189.71765137 476.01446533 64 255 128
199.40299988 290.85498047 453.08599854 64 255 128
89.09059143 196.04086304 552.14471436 64 255 128
180.05830383 124.04573059 438.47656250 64 255 128
77.93019104 157.63972473 461.11218262 64 255 128
153.17730713 151.89042664 464.48074341 64 255 128
187.35189819 146.94281006 440.56234741 64 255 128
107.96166229 117.44561768 407.75146484 64 255 128
209.93899536 289.26000977 445.34500122 64 255 128
172.93099976 299.01599121 480.11499023 64 255 128
106.74582672 186.61326599 374.82785034 64 255 128
201.42759705 165.80310059 406.25775146 64 255 128
140.68951416 256.20974731 400.02374268 64 255 128
188.49588013 288.91262817 449.99942017 64 255 128
177.69200134 194.41400146 488.06399536 64 255 128
90.21391296 245.62110901 453.84628296 64 255 128
107.03244781 203.97937012 526.08996582 64 255 128
136.31520081 93.85470581 434.50656128 64 255 128
214.41033936 283.59255981 430.64013672 64 255 128
157.27169800 102.75699615 401.66845703 64 255 128
129.54333496 146.75964355 374.90469360 64 255 128
139.45538330 153.66629028 473.18218994 64 255 128
88.32360077 162.75755310 414.83029175 64 255 128
161.01614380 169.40481567 368.99502563 64 255 128
139.75419617 273.79299927 440.05636597 64 255 128
180.61399841 245.97898865 478.65301514 64 255 128
178.90666199 160.07237244 453.54888916 64 255 128
175.12699890 284.91699219 486.21499634 64 255 128
175.56848145 273.72503662 426.51153564 64 255 128
124.75636292 262.46093750 421.38156128 64 255 128
164.34899902 249.71499634 455.94598389 64 255 128
74.17909241 203.36897278 491.43536377 64 255 128
238.31201172 279.63198853 445.40798950 64 255 128
170.40200806 227.91999817 470.79598999 64 255 128
85.75802612 211.08045959 422.49121094 64 255 128
77.68814850 178.72267151 447.72827148 64 255 128
191.43846130 130.63409424 428.98706055 64 255 128
91.67680359 181.31599426 544.71478271 64 255 128
94.34108734 167.58305359 525.94372559 64 255 128
101.64966583 265.41882324 483.56497192 64 255 128
217.25105286 243.93328857 418.43093872 64 255 128
86.08570862 148.80540466 437.11425781 64 255 128
96.83874512 244.33239746 421.55093384 64 255 128
162.07699585 252.78500366 481.82800293 64 255 128
214.68099976 203.69000244 474.79199219 64 255 128
142.81747437 201.88798523 364.56567383 64 255 128
124.65185547 279.92904663 473.80780029 64 255 128
113.95233154 145.73661804 381.25631714 64 255 128
210.78256226 262.56890869 419.90173340 64 255 128
90.01782990 130.34580994 444.23101807 64 255 128
148.19281006 147.06767273 374.90161133 64 255 128
217.43099976 210.58200073 455.89001465 64 255 128
246.61299133 262.82299805 438.21002197 64 255 128
116.96918488 223.48150635 481.63513184 64 255 128
116.57176971 101.43859100 461.46115112 64 255 128
143.31434631 164.76069641 367.28018188 64 255 128
160.58799744 232.96600342 483.20498657 64 255 128
193.91699219 146.06164551 409.18176270 64 255 128
78.56549835 146.47492981 503.38864136 64 255 128
145.45278931 282.92263794 470.29705811 64 255 128
179.28990173 185.14465332 376.90429688 64 255 128
228.84201050 221.59600830 451.17300415 64 255 128
149.62255859 118.35930634 453.49908447 64 255 128
106.76589966 263.98852539 447.25860596 64 255 128
199.45442200 258.48159790 416.76306152 64 255 128
196.09350586 190.81994629 431.57373047 64 255 128
213.79032898 220.29281616 409.80502319 64 255 128
206.18000793 274.39498901 470.62500000 64 255 128
204.28100586 197.04000854 469.59100342 64 255 128
187.06500244 292.71798706 489.58502197 64 255 128
83.80489349 208.77992249 435.48959351 64 255 128
75.61534882 150.72590637 494.07711792 64 255 128
165.61000061 296.71401978 489.78601074 64 255 128
198.58328247 179.80001831 409.13833618 64 255 128
178.25651550 203.99885559 374.85064697 64 255 128
200.24900818 282.90899658 477.09399414 64 255 128
167.35678101 137.85459900 384.89978027 64 255 128
246.30293274 230.19364929 440.01663208 64 255 128
98.28305817 177.66682434 384.21829224 64 255 128
74.50391388 204.86816406 479.46298218 64 255 128
71.65504456 177.10618591 516.42333984 64 255 128
88.40892792 226.54280090 421.84454346 64 255 128
229.73500061 286.56100464 436.34399414 64 255 128
161.83769226 264.18908691 413.34234619 64 255 128
142.77227783 105.66213226 395.31506348 64 255 128
197.94599915 248.49099731 469.33801270 64 255 128
79.87825775 158.88935852 528.31567383 64 255 128
217.98199463 288.74200439 470.22000122 64 255 128
89.63471985 179.41978455 404.54034424 64 255 128
155.57893372 96.31611633 412.00357056 64 255 128
124.00732422 102.60836029 404.83657837 64 255 128
100.29933929 261.40399170 466.03793335 64 255 128
172.02799988 263.33099365 481.15899658 64 255 128
169.34455872 283.95037842 447.41812134 64 255 128
172.25199890 196.61499023 467.66598511 64 255 128
177.45828247 182.34899902 469.27734375 64 255 128
191.49757385 175.23913574 387.70172119 64 255 128
196.25698853 199.04100037 479.97998047 64 255 128
229.78498840 265.58599854 453.03799438 64 255 128
105.98556519 230.81883240 388.20074463 64 255 128
159.06199646 239.87500000 457.69500732 64 255 128
72.32658386 166.21061707 509.73641968 64 255 128
151.14854431 137.97193909 456.80868530 64 255 128
111.38042450 249.79675293 405.97683716 64 255 128
167.93016052 218.60456848 371.72299194 64 255 128
115.96398163 271.27752686 456.37417603 64 255 128
137.22161865 228.08723450 483.14578247 64 255 128
76.81412506 170.96029663 534.97058105 64 255 128
79.87049866 221.03675842 489.71606445 64 255 128
255.20924377 228.44035339 432.01358032 64 255 128
145.65792847 93.42343140 416.34341431 64 255 128
123.24927521 97.84281921 450.96063232 64 255 128
92.46737671 243.48869324 432.14044189 64 255 128
110.03668976 169.63652039 510.75558472 64 255 128
194.56602478 276.29022217 425.55068970 64 255 128
231.29614258 258.01449585 423.14547729 64 255 128
78.29821777 212.13937378 468.17544556 64 255 128
137.41842651 99.13490295 452.74612427 64 255 128
232.45700073 257.65298462 447.31799316 64 255 128
82.14366913 171.14620972 434.88522339 64 255 128
179.43949890 223.69657898 381.46554565 64 255 128
195.80400085 265.16500854 470.41699219 64 255 128
133.81608582 280.11932373 461.11251831 64 255 128
135.85350037 224.82868958 369.94277954 64 255 128
205.55599976 225.65899658 468.06600952 64 255 128
129.77006531 96.67828369 420.11422729 64 255 128
164.49795532 97.71845245 418.99005127 64 255 128
190.19393921 129.74179077 412.78964233 64 255 128
92.14868927 121.18900299 475.57751465 64 255 128
116.38751221 117.21488953 472.88626099 64 255 128
202.90956116 163.46272278 425.28402710 64 255 128
247.69328308 208.46781921 432.80432129 64 255 128
96.08965302 204.15950012 387.56561279 64 255 128
246.34387207 239.35748291 423.27758789 64 255 128
80.80902863 221.61697388 523.31750488 64 255 128
186.60511780 190.24771118 454.28430176 64 255 128
119.27362061 127.24176025 387.67941284 64 255 128
107.57282257 180.16465759 521.17480469 64 255 128
75.48937225 168.43118286 464.98196411 64 255 128
88.66281128 175.65814209 415.36059570 64 255 128
208.24099731 239.23399353 464.83599854 64 255 128
156.47483826 193.84346008 498.12826538 64 255 128
101.83142090 148.19236755 390.60720825 64 255 128
100.38291931 238.10247803 401.21945190 64 255 128
214.21234131 187.99020386 454.55258179 64 255 128
145.97494507 165.74533081 481.60220337 64 255 128
119.57819366 249.24838257 492.58486938 64 255 128
195.39900208 293.91699219 473.64398193 64 255 128
131.64306641 180.77986145 364.38159180 64 255 128
182.05101013 200.29299927 474.49899292 64 255 128
154.40882874 271.90817261 426.31924438 64 255 128
96.78477478 200.12002563 540.21905518 64 255 128
150.40338135 263.19128418 468.60369873 64 255 128
160.84800720 244.11700439 448.95602417 64 255 128
95.73779297 213.14979553 540.33044434 64 255 128
85.46074677 161.61444092 424.55084229 64 255 128
87.40141296 240.43429565 479.05032349 64 255 128
90.69506073 249.06288147 475.79388428 64 255 128
149.36999512 263.43399048 483.35900879 64 255 128
180.07958984 148.52426147 388.94976807 64 255 128
164.05500793 277.04699707 486.55502319 64 255 128
122.11735535 217.65606689 487.37524414 64 255 128
114.53056335 150.02441406 488.74114990 64 255 128
102.60469818 242.53846741 495.93179321 64 255 128
77.94674683 188.12228394 546.48010254 64 255 128
98.11346436 254.87736511 440.44180298 64 255 128
85.03245544 192.09017944 428.17098999 64 255 128
164.79016113 119.17359161 392.35003662 64 255 128
105.96892548 256.63476562 426.85757446 64 255 128
79.04174042 163.24206543 453.54672241 64 255 128
100.09668732 116.08330536 444.18658447 64 255 128
96.54140472 142.57937622 404.29470825 64 255 128
92.54935455 247.71138000 496.45193481 64 255 128
148.87486267 248.83462524 389.77963257 64 255 128
166.03800964 216.22799683 465.64599609 64 255 128
112.19907379 193.07661438 521.51684570 64 255 128
92.36080933 173.70521545 396.16894531 64 255 128
166.57299805 201.41200256 482.38598633 64 255 128
98.02230072 130.13468933 416.04632568 64 255 128
168.48410034 124.82302094 446.05249023 64 255 128
91.23707581 149.24377441 411.97503662 64 255 128
195.18318176 217.76597595 393.99188232 64 255 128
129.05435181 248.84803772 392.37982178 64 255 128
184.78253174 115.18768311 416.72735596 64 255 128
79.65901184 188.66955566 442.93655396 64 255 128
182.73399353 225.36199951 449.95498657 64 255 128
113.71520996 262.79232788 431.25125122 64 255 128
255.63836670 222.97677612 420.74926758 64 255 128
121.51506042 213.04051208 368.92657471 64 255 128
175.00358582 111.45829773 406.43972778 64 255 128
163.74032593 179.18681335 368.13519287 64 255 128
82.60155487 206.68957520 548.10180664 64 255 128
177.14306641 166.20056152 379.58627319 64 255 128
94.84883881 162.49781799 515.91668701 64 255 128
124.15272522 233.66165161 378.44424438 64 255 128
199.84999084 257.08197021 466.35601807 64 255 128
135.97792053 257.98452759 488.90542603 64 255 128
114.67212677 213.26182556 511.58599854 64 255 128
104.59650421 210.61529541 378.90481567 64 255 128
86.60920715 137.77816772 505.11968994 64 255 128
201.81199646 209.83399963 481.85900879 64 255 128
86.28573608 232.84178162 447.12020874 64 255 128
73.67354584 204.77076721 513.00048828 64 255 128
166.28100586 230.63500977 451.15899658 64 255 128
142.02854919 135.76591492 460.34805298 64 255 128
189.04945374 193.40567017 382.35256958 64 255 128
145.28738403 197.11169434 502.14797974 64 255 128
214.72799683 273.80200195 467.26800537 64 255 128
215.12623596 190.75982666 431.59741211 64 255 128
202.48806763 162.22862244 414.61938477 64 255 128
131.01438904 111.62010956 462.30889893 64 255 128
113.34730530 181.52746582 370.90557861 64 255 128
120.19882202 165.56333923 498.37252808 64 255 128
81.98134613 136.60737610 486.59939575 64 255 128
151.96984863 291.96597290 481.60650635 64 255 128
104.76323700 257.08825684 499.33428955 64 255 128
243.15342712 258.02166748 423.34652710 64 255 128
135.34094238 265.31173706 420.70867920 64 255 128
167.50585938 145.36323547 452.46600342 64 255 128
166.52896118 249.47822571 394.56149292 64 255 128
115.05518341 240.05265808 388.98086548 64 255 128
107.61447906 138.40805054 487.11358643 64 255 128
88.86209106 196.80664062 401.34628296 64 255 128
144.12400818 246.31599426 489.00100708 64 255 128
148.34381104 116.19831085 388.48400879 64 255 128
195.26828003 238.27684021 403.38262939 64 255 128
146.72019958 93.30835724 428.49182129 64 255 128
209.92854309 210.56138611 406.09155273 64 255 128
180.56599426 256.23898315 476.23599243 64 255 128
96.06261444 230.79147339 530.32086182 64 255 128
145.34028625 191.84750366 456.94515991 64 255 128
132.68481445 211.13935852 498.27163696 64 255 128
158.44300842 166.20164490 475.52392578 64 255 128
85.71234131 236.50677490 462.95031738 64 255 128
80.43506622 141.10433960 476.33325195 64 255 128
203.16809082 211.04653931 398.54800415 64 255 128
173.52899170 205.61698914 460.40499878 64 255 128
175.75187683 282.02520752 438.59036255 64 255 128
136.41435242 214.26603699 482.65777588 64 255 128
173.71759033 120.84149170 397.83877563 64 255 128
108.13136292 112.39002228 417.72732544 64 255 128
201.03794861 200.59655762 393.65698242 64 255 128
255.75306702 205.43524170 420.14492798 64 255 128
70.38067627 165.59555054 494.91308594 64 255 128
186.76400757 208.50099182 471.71597290 64 255 128
117.24537659 116.92298889 394.28213501 64 255 128
189.04682922 211.13160706 384.34487915 64 255 128
89.71426392 166.62586975 533.53570557 64 255 128
156.85365295 283.18225098 464.67114258 64 255 128
138.31204224 243.47428894 383.65005493 64 255 128
83.49241638 228.35948181 467.04354858 64 255 128
143.33061218 208.47105408 490.59667969 64 255 128
146.43603516 138.73121643 377.41033936 64 255 128
206.53698730 192.39201355 456.79501343 64 255 128
180.15132141 262.31738281 412.67098999 64 255 128
130.78398132 265.19427490 490.50955200 64 255 128
131.18809509 200.81108093 507.21942139 64 255 128
95.49567413 219.05609131 393.96322632 64 255 128
131.21287537 283.32452393 479.42623901 64 255 128
207.25389099 201.60073853 412.97763062 64 255 128
123.50096130 106.40121460 465.56369019 64 255 128
75.44226074 182.53579712 458.06701660 64 255 128
94.89241028 229.13871765 402.87841797 64 255 128
79.72948456 220.20730591 513.59259033 64 255 128
175.72068787 244.40278625 394.25473022 64 255 128
103.00222778 226.87072754 521.04968262 64 255 128
91.61997986 140.46838379 424.84329224 64 255 128
207.77738953 286.15640259 437.55581665 64 255 128
126.48560333 170.30012512 368.01232910 64 255 128
106.64208221 110.38143158 476.27545166 64 255 128
161.11499023 109.35315704 397.20104980 64 255 128
251.89894104 250.99378967 423.63644409 64 255 128
93.41699219 164.40225220 400.47814941 64 255 128
247.58300781 281.08001709 436.32000732 64 255 128
101.62572479 167.40008545 382.43936157 64 255 128
79.27667999 211.55244446 538.71343994 64 255 128
173.48414612 267.39605713 419.23477173 64 255 128
184.40798950 295.13000488 465.35400391 64 255 128
219.42199707 291.48699951 459.74798584 64 255 128
159.14038086 202.93614197 491.24816895 64 255 128
86.10504913 193.16606140 416.26498413 64 255 128
166.78398132 195.85336304 369.62118530 64 255 128
82.23123932 158.68028259 442.59973145 64 255 128
207.41400146 287.22598267 480.09600830 64 255 128
180.73930359 176.33110046 461.98944092 64 255 128
98.30303192 134.47413635 406.84634399 64 255 128
95.98332977 127.21694946 491.73410034 64 255 128
80.73833466 197.64839172 446.22232056 64 255 128
180.06455994 137.32386780 443.14172363 64 255 128
88.75914001 154.75868225 514.55328369 64 255 128
163.65924072 290.96670532 468.58483887 64 255 128
116.38413239 224.74790955 376.54443359 64 255 128
172.35566711 185.58233643 371.57751465 64 255 128
126.28948975 174.21325684 503.19009399 64 255 128
79.39934540 219.09674072 479.91989136 64 255 128
206.54721069 273.71258545 422.39410400 64 255 128
108.15476990 109.07844543 450.48138428 64 255 128
137.24505615 97.59443665 405.03234863 64 255 128
148.35897827 171.71286011 365.85299683 64 255 128
160.60723877 274.77325439 430.97055054 64 255 128
98.82334137 241.57624817 514.74859619 64 255 128
81.64859009 146.41217041 457.01010132 64 255 128
86.60618591 238.24845886 488.07858276 64 255 128
178.56800842 189.97601318 479.86001587 64 255 128
182.64100647 297.26300049 483.82897949 64 255 128
189.74987793 268.56433105 419.97875977 64 255 128
141.07922363 95.74794769 445.73696899 64 255 128
69.86962128 175.99458313 496.16040039 64 255 128
234.19981384 246.69076538 423.28469849 64 255 128
143.55882263 178.96279907 365.42446899 64 255 128
233.56700134 229.60600281 448.36102295 64 255 128
153.75199890 252.75299072 483.63302612 64 255 128
71.51554108 183.37951660 481.49795532 64 255 128
185.73899841 275.24700928 478.14102173 64 255 128
78.05587769 149.54026794 465.16094971 64 255 128
85.54920959 133.35156250 466.16528320 64 255 128
107.47479248 131.33111572 394.59976196 64 255 128
199.95956421 224.40164185 400.87103271 64 255 128
229.95599365 284.04998779 457.11499023 64 255 128
246.42396545 217.30720520 437.65090942 64 255 128
154.86599731 221.10398865 480.23599243 64 255 128
160.05842590 277.36456299 439.12213135 64 255 128
136.10801697 276.86053467 487.33804321 64 255 128
154.04162598 93.25537872 433.55197144 64 255 128
215.58332825 254.96458435 417.77517700 64 255 128
189.74000549 233.93598938 473.42700195 64 255 128
255.92982483 209.89859009 427.33859253 64 255 128
116.35843658 274.88003540 490.81060791 64 255 128
71.54268646 174.85359192 479.26675415 64 255 128
100.53114319 260.29180908 456.93881226 64 255 128
126.09283447 161.36219788 488.61053467 64 255 128
134.36155701 201.72271729 364.22848511 64 255 128
133.01889038 119.74877930 386.64837646 64 255 128
221.93603516 280.30581665 427.19085693 64 255 128
171.88754272 154.56541443 380.22366333 64 255 128
178.51304626 115.94488525 436.60501099 64 255 128
187.68948364 121.21589661 428.97015381 64 255 128
118.18629456 204.93692017 368.67108154 64 255 128
223.09744263 203.19821167 452.36132812 64 255 128
71.84178925 192.15635681 494.88970947 64 255 128
230.36283875 213.59370422 419.18869019 64 255 128
223.79901123 238.99499512 455.63998413 64 255 128
194.54364014 199.67771912 386.29855347 64 255 128
74.76299286 210.36679077 506.80511475 64 255 128
136.05307007 170.07402039 491.14511108 64 255 128
89.43482208 235.14074707 518.40588379 64 255 128
171.98847961 286.77075195 454.69894409 64 255 128
87.32132721 170.04840088 541.20208740 64 255 128
170.51899719 245.72200012 480.70599365 64 255 128
122.01345062 194.13414001 366.79095459 64 255 128
101.52556610 197.32666016 534.03936768 64 255 128
185.19650269 228.51159668 389.21099854 64 255 128
192.01501465 281.76199341 477.20999146 64 255 128
153.53800964 202.72601318 471.80700684 64 255 128
110.72020721 201.26866150 372.66772461 64 255 128
117.11325073 219.04963684 497.44711304 64 255 128
191.79638672 150.28268433 401.79708862 64 255 128
177.43470764 105.39506531 423.70602417 64 255 128
98.88380432 149.99465942 502.31088257 64 255 128
155.59359741 105.47212982 447.72567749 64 255 128
143.34236145 182.17977905 498.61706543 64 255 128
85.04679871 232.70390320 505.06991577 64 255 128
98.14524841 218.93972778 533.76971436 64 255 128
211.87899780 215.23399353 470.25900269 64 255 128
103.09751892 264.15057373 492.70941162 64 255 128
96.67035675 182.31893921 537.43957520 64 255 128
202.60151672 192.49099731 441.61859131 64 255 128
133.57572937 156.04876709 478.49435425 64 255 128
121.23952484 148.72142029 481.75500488 64 255 128
148.74600220 286.57202148 487.92999268 64 255 128
181.49360657 247.21194458 400.19409180 64 255 128
120.59890747 124.77268219 472.25457764 64 255 128
116.74865723 164.35377502 372.62420654 64 255 128
97.67663574 117.76449585 463.42810059 64 255 128
238.76892090 227.00929260 420.84713745 64 255 128
120.57109833 189.87719727 514.36413574 64 255 128
157.88604736 205.53717041 367.11557007 64 255 128
199.22244263 174.30921936 395.43444824 64 255 128
93.35317230 253.71461487 484.81738281 64 255 128
208.37960815 226.29211426 407.93426514 64 255 128
82.81789398 152.56832886 519.82244873 64 255 128
154.97698975 269.78201294 483.22998047 64 255 128
112.59722137 105.60272217 443.10876465 64 255 128
129.38494873 241.31161499 489.00985718 64 255 128
145.96626282 155.92912292 371.08633423 64 255 128
75.39649963 208.93391418 497.42276001 64 255 128
217.73699951 200.92999268 467.72000122 64 255 128
224.95539856 199.53012085 423.76626587 64 255 128
166.40100098 231.06401062 477.47399902 64 255 128
198.36700439 215.85301208 474.43200684 64 255 128
76.99459839 209.58471680 530.96008301 64 255 128
231.77250671 212.89990234 443.66714478 64 255 128
87.83322906 237.76634216 453.61291504 64 255 128
108.47640228 238.94956970 484.84725952 64 255 128
230.34300232 238.40800476 450.10400391 64 255 128
106.07753754 211.85578918 523.81646729 64 255 128
181.37200928 191.02099609 471.94900513 64 255 128
197.45883179 161.47813416 437.27786255 64 255 128
107.54921722 227.62091064 487.64920044 64 255 128
103.32658386 165.41055298 511.89279175 64 255 128
263.42132568 220.46966553 421.91940308 64 255 128
175.05499268 230.24499512 453.25698853 64 255 128
82.71228027 222.37013245 461.57592773 64 255 128
196.91229248 145.69297791 420.13214111 64 255 128
84.32918549 202.11872864 429.81124878 64 255 128
162.09111023 162.18847656 372.67672729 64 255 128
97.40495300 147.55447388 397.39865112 64 255 128
193.55076599 281.71640015 431.45846558 64 255 128
148.42129517 254.11834717 395.97235107 64 255 128
187.28515625 186.35209656 442.35034180 64 255 128
172.47999573 217.80101013 451.10101318 64 255 128
111.80812836 134.21801758 481.47439575 64 255 128
141.35615540 230.13107300 372.73016357 64 255 128
193.28599548 130.51420593 421.06301880 64 255 128
126.18379211 279.36901855 465.96429443 64 255 128
159.08203125 235.21719360 378.29818726 64 255 128
170.92774963 101.95957184 416.35452271 64 255 128
201.36000061 241.15798950 468.54901123 64 255 128
114.61846924 255.17889404 413.58700562 64 255 128
207.93513489 174.22904968 409.06100464 64 255 128
159.71406555 225.52960205 371.69677734 64 255 128
160.34762573 151.72505188 461.09439087 64 255 128
187.97711182 176.10833740 441.17135620 64 255 128
129.78784180 154.20130920 371.96829224 64 255 128
165.16900635 207.64001465 462.53201294 64 255 128
136.05165100 146.70278931 469.42782593 64 255 128
92.52777863 124.59611511 458.31524658 64 255 128
139.58708191 260.23068237 407.86453247 64 255 128
224.48992920 223.01422119 416.50659180 64 255 128
211.48757935 189.02111816 439.05929565 64 255 128
162.29411316 137.12625122 451.61965942 64 255 128
106.59912872 266.43222046 466.15252686 64 255 128
170.53807068 162.13859558 462.81842041 64 255 128
188.32580566 162.63980103 390.18420410 64 255 128
210.59300232 210.22099304 481.18002319 64 255 128
164.74902344 108.94952393 443.42492676 64 255 128
236.90187073 282.38342285 431.39556885 64 255 128
223.81300354 274.14199829 457.69598389 64 255 128
142.61174011 279.99942017 460.41146851 64 255 128
87.03765869 228.07142639 429.51382446 64 255 128
173.50276184 174.35839844 471.85861206 64 255 128
255.64059448 232.59817505 420.74865723 64 255 128
173.19412231 291.48925781 462.93051147 64 255 128
112.01365662 155.35827637 378.26266479 64 255 128
93.81063843 128.15524292 434.23828125 64 255 128
200.40499878 292.31198120 462.32901001 64 255 128
243.24099731 242.88099670 440.33300781 64 255 128
158.84124756 131.95350647 383.42276001 64 255 128
116.89981079 177.00190735 511.03555298 64 255 128
153.65547180 154.36695862 372.34381104 64 255 128
120.10603333 100.63875580 428.11303711 64 255 128
172.04521179 209.95144653 371.33535767 64 255 128
87.83070374 185.08686829 414.52261353 64 255 128
108.00370026 270.07717896 482.55340576 64 255 128
167.23100281 106.04209900 404.44445801 64 255 128
101.59188080 116.14824677 432.92141724 64 255 128
243.51899719 269.70199585 440.41101074 64 255 128
191.68055725 181.63688660 427.04733276 64 255 128
222.74444580 205.95269775 412.12588501 64 255 128
175.45449829 128.93545532 442.65161133 64 255 128
179.47100830 211.66299438 461.18997192 64 255 128
204.37292480 182.43757629 397.00097656 64 255 128
83.72821808 215.68507385 441.76666260 64 255 128
214.23199463 223.03399658 463.54800415 64 255 128
198.45259094 188.31573486 413.19500732 64 255 128
91.28282928 244.64825439 504.86254883 64 255 128
183.26100159 210.86824036 378.08914185 64 255 128
122.23566437 145.36096191 377.47354126 64 255 128
167.96701050 237.04299927 446.50900269 64 255 128
219.65232849 202.40570068 418.85159302 64 255 128
100.15833282 120.72869873 423.68713379 64 255 128
130.44459534 111.88817596 391.68865967 64 255 128
209.84773254 198.78326416 420.12997437 64 255 128
155.38813782 131.93469238 452.96520996 64 255 128
152.29577637 199.06500244 454.75152588 64 255 128
160.01899719 202.48899841 476.09500122 64 255 128
178.63999939 222.33599854 456.76800537 64 255 128
169.25640869 255.84695435 403.25985718 64 255 128
160.79893494 246.01980591 388.70248413 64 255 128
100.74409485 160.58049011 386.04449463 64 255 128
192.50283813 252.62239075 409.71438599 64 255 128
223.28018188 193.96717834 429.90405273 64 255 128
151.56031799 97.46961975 443.94778442 64 255 128
97.26430511 241.37861633 414.36364746 64 255 128
157.33799744 285.84399414 491.96301270 64 255 128
183.45657349 136.15979004 398.88452148 64 255 128
93.93017578 249.70323181 444.27645874 64 255 128
156.10220337 157.88262939 469.09930420 64 255 128
83.74909973 149.83045959 445.03894043 64 255 128
149.19799805 274.55899048 480.88699341 64 255 128
76.71145630 152.46299744 508.02349854 64 255 128
128.69888306 136.88400269 379.46255493 64 255 128
79.14741516 172.76869202 542.17974854 64 255 128
163.35498047 117.52226257 445.31524658 64 255 128
196.41099548 226.32899475 471.60501099 64 255 128
72.42222595 157.89152527 479.95742798 64 255 128
88.66886902 146.29331970 428.93811035 64 255 128
90.16315460 187.56333923 551.16363525 64 255 128
111.68976593 158.60942078 498.45382690 64 255 128
169.92481995 169.07319641 374.18722534 64 255 128
76.22276306 195.78698730 539.04724121 64 255 128
202.57696533 191.83914185 396.48559570 64 255 128
214.62075806 184.33856201 446.74661255 64 255 128
91.19689178 161.05421448 407.94018555 64 255 128
183.71382141 125.34457397 404.84417725 64 255 128
216.33781433 212.84962463 411.13125610 64 255 128
215.06150818 236.34132385 415.66064453 64 255 128
148.09613037 272.60467529 430.48831177 64 255 128
200.37493896 192.44107056 425.28396606 64 255 128
172.76872253 225.66304016 378.23995972 64 255 128
143.55630493 121.20275879 457.14715576 64 255 128
178.87300110 277.80499268 481.91000366 64 255 128
93.53672791 252.41810608 455.28363037 64 255 128
165.29998779 145.68690491 379.92440796 64 255 128
126.03814697 96.77024841 439.85711670 64 255 128
74.67580414 195.76248169 463.63012695 64 255 128
187.02769470 168.89546204 386.25277710 64 255 128
90.56030273 225.68283081 409.79754639 64 255 128
129.90036011 189.14015198 509.38815308 64 255 128
238.99899292 257.97500610 443.47198486 64 255 128
88.44493103 213.63175964 408.80541992 64 255 128
86.06881714 219.72634888 424.15676880 64 255 128
145.62991333 111.60511017 454.73199463 64 255 128
161.88999939 193.01499939 465.55297852 64 255 128
150.52905273 205.41096497 487.64709473 64 255 128
123.72408295 271.20523071 448.25393677 64 255 128
112.15228271 115.05648804 401.86108398 64 255 128
89.85607147 189.81278992 398.58950806 64 255 128
73.81561279 197.29565430 475.95587158 64 255 128
189.89900208 267.39001465 474.57598877 64 255 128
71.91578674 165.09011841 482.29000854 64 255 128
84.53852081 221.31019592 536.50408936 64 255 128
71.62061310 195.25289917 515.07427979 64 255 128
173.17176819 127.26371002 393.52929688 64 255 128
177.23008728 173.83200073 377.01666260 64 255 128
101.45296478 145.07987976 496.52807617 64 255 128
167.10400391 223.69400024 465.52700806 64 255 128
127.90442657 137.85336304 469.80255127 64 255 128
134.77468872 105.34130096 458.04635620 64 255 128
204.46400452 216.07301331 467.34197998 64 255 128
145.88700867 228.73799133 489.13400269 64 255 128
237.83827209 205.35183716 429.33270264 64 255 128
198.96665955 157.01448059 429.20333862 64 255 128
111.07375336 208.85084534 518.54248047 64 255 128
200.94461060 240.50077820 408.87622070 64 255 128
112.94479370 106.65116119 416.20071411 64 255 128
147.50689697 268.98544312 422.06506348 64 255 128
157.38514709 296.18289185 484.72012329 64 255 128
174.24101257 232.53799438 477.75000000 64 255 128
240.80400085 286.67898560 445.48199463 64 255 128
177.71711731 278.13876343 431.88177490 64 255 128
87.49514008 196.33154297 409.21862793 64 255 128
157.57699585 215.18499756 469.31900024 64 255 128
224.95700073 289.34698486 467.41799927 64 255 128
258.50668335 221.61062622 428.12286377 64 255 128
204.75038147 247.40490723 413.65896606 64 255 128
99.84987640 196.68016052 381.67529297 64 255 128
111.96084595 169.96347046 373.61505127 64 255 128
190.00999451 287.58300781 485.01397705 64 255 128
153.83699036 263.03298950 477.42098999 64 255 128
79.01825714 180.09863281 546.63452148 64 255 128
174.72457886 186.96382141 486.10946655 64 255 128
102.03390503 188.57226562 532.35205078 64 255 128
97.95536804 174.49681091 528.80578613 64 255 128
101.66835022 220.73609924 386.49594116 64 255 128
253.89001465 268.73300171 431.90802002 64 255 128
163.25810242 177.22956848 484.21350098 64 255 128
235.23297119 274.95532227 425.70925903 64 255 128
90.92759705 148.52769470 509.29177856 64 255 128
191.42921448 161.22019958 442.52032471 64 255 128
137.21533203 95.49718475 412.78872681 64 255 128
70.31826782 182.69030762 511.59738159 64 255 128
123.58267975 162.27719116 370.62219238 64 255 128
130.30734253 266.13009644 426.35052490 64 255 128
91.19515991 212.48864746 397.52743530 64 255 128
93.99168396 253.43894958 470.86618042 64 255 128
149.22727966 103.49803162 398.20379639 64 255 128
148.94683838 123.64685822 385.21429443 64 255 128
196.33012390 171.88948059 430.26605225 64 255 128
128.52958679 228.27163696 373.87377930 64 255 128
102.47462463 180.97105408 378.96664429 64 255 128
74.86672211 206.86976624 522.88439941 64 255 128
149.81834412 262.46295166 409.48333740 64 255 128
180.83381653 145.98173523 444.51733398 64 255 128
217.97700500 238.08999634 459.99398804 64 255 128
217.09432983 193.59585571 459.66671753 64 255 128
157.99195862 280.92453003 456.21191406 64 255 128
176.18777466 108.42290497 433.74417114 64 255 128
224.42501831 252.40647888 420.46694946 64 255 128
170.86853027 235.71408081 383.38699341 64 255 128
110.72923279 108.44326019 423.31799316 64 255 128
85.34283447 154.84072876 427.31689453 64 255 128
106.50151825 193.89764404 375.27014160 64 255 128
213.69700623 250.30401611 461.03701782 64 255 128
102.24942780 235.12495422 513.96032715 64 255 128
108.63504028 146.08439636 490.38601685 64 255 128
88.94197083 127.74157715 472.36306763 64 255 128
132.67335510 95.08351135 427.28088379 64 255 128
212.75199890 267.23400879 464.82000732 64 255 128
167.66358948 99.23574066 434.94369507 64 255 128
234.79100037 273.55700684 447.29501343 64 255 128
77.89328766 213.46447754 475.29681396 64 255 128
127.15419006 256.70223999 407.06835938 64 255 128
216.18899536 211.22300720 474.49697876 64 255 128
181.28198242 192.21780396 377.94573975 64 255 128
77.70925140 207.03118896 463.03543091 64 255 128
224.84300232 250.02598572 453.41799927 64 255 128
88.91230011 238.29618835 437.72940063 64 255 128
73.41655731 194.94841003 527.84826660 64 255 128
164.82800293 212.61305237 369.02398682 64 255 128
224.28399658 289.94699097 445.37197876 64 255 128
218.51300049 267.82644653 420.68682861 64 255 128
83.55237579 187.73587036 433.61779785 64 255 128
123.99227905 280.84353638 481.13134766 64 255 128
81.52682495 164.52061462 437.75750732 64 255 128
153.04670715 145.53999329 460.47430420 64 255 128
98.54268646 115.30258179 478.06820679 64 255 128
182.73199463 287.76699829 486.60098267 64 255 128
122.55700684 244.32215881 388.80471802 64 255 128
179.18699646 226.32800293 472.33999634 64 255 128
154.08125305 191.15933228 465.22125244 64 255 128
155.60325623 187.61863708 365.09921265 64 255 128
112.52162170 270.61541748 467.48330688 64 255 128
120.98844910 267.37261963 437.05801392 64 255 128
250.45388794 225.10862732 436.33486938 64 255 128
151.88500977 207.36099243 479.75500488 64 255 128
250.00100708 256.23397827 433.83499146 64 255 128
160.25373840 195.88269043 366.40161133 64 255 128
91.69495392 234.84152222 419.43197632 64 255 128
199.34750366 285.63232422 435.62792969 64 255 128
130.55613708 96.92331696 453.08987427 64 255 128
128.93922424 207.40177917 504.57501221 64 255 128
167.68899536 268.76000977 483.71801758 64 255 128
72.12693787 193.96791077 501.89154053 64 255 128
187.40907288 173.86286926 448.34948730 64 255 128
105.51953888 186.10214233 526.64038086 64 255 128
70.72028351 165.93513489 502.12817383 64 255 128
226.40199280 291.42901611 454.05899048 64 255 128
107.24768829 121.63792419 401.86114502 64 255 128
123.38578796 258.12466431 413.01196289 64 255 128
135.65882874 252.87168884 396.16299438 64 255 128
90.68555450 247.50219727 463.56848145 64 255 128
151.72801208 223.94622803 370.55587769 64 255 128
149.12402344 171.27149963 485.66250610 64 255 128
161.84266663 191.07118225 494.39407349 64 255 128
116.27377319 265.72433472 493.06683350 64 255 128
142.97299194 214.40461731 366.17245483 64 255 128
148.54522705 243.94517517 384.50894165 64 255 128
84.35379028 232.32131958 494.72006226 64 255 128
187.90400696 202.63400269 477.96197510 64 255 128
75.16035461 175.55088806 465.61538696 64 255 128
223.46968079 195.34097290 443.53817749 64 255 128
117.08638000 274.68807983 473.89035034 64 255 128
85.27146912 223.58537292 440.38333130 64 255 128
101.44720459 264.10043335 476.36019897 64 255 128
120.70194244 198.70539856 515.28192139 64 255 128
122.53889465 239.17933655 382.97698975 64 255 128
103.02590942 255.97985840 433.88668823 64 255 128
166.74702454 166.86189270 470.44259644 64 255 128
110.29148865 176.86749268 515.49517822 64 255 128
123.61601257 178.35546875 366.75341797 64 255 128
128.85897827 208.84193420 367.15509033 64 255 128
84.97795105 227.37565613 519.76873779 64 255 128
199.31398010 192.72203064 451.01229858 64 255 128
208.83686829 233.53181458 410.63549805 64 255 128
202.77543640 196.99455261 406.74917603 64 255 128
249.50744629 260.77148438 423.35552979 64 255 128
83.85829163 165.79035950 430.01815796 64 255 128
118.31893921 103.05303192 411.65090942 64 255 128
91.29846191 135.17002869 500.40893555 64 255 128
81.82986450 227.27763367 480.72222900 64 255 128
186.31579590 122.42278290 410.71466064 64 255 128
129.88191223 214.69094849 485.19973755 64 255 128
147.24176025 201.97608948 463.31906128 64 255 128
207.12399292 279.87097168 475.13800049 64 255 128
195.47831726 148.85206604 430.95812988 64 255 128
129.92457581 234.79525757 484.16271973 64 255 128
75.05019379 161.46679688 469.77777100 64 255 128
83.86549377 174.90707397 428.93298340 64 255 128
90.19177246 133.44866943 437.39788818 64 255 128
101.06611633 244.17745972 502.70831299 64 255 128
239.08862305 216.57855225 420.93481445 64 255 128
97.66972351 259.81472778 485.18334961 64 255 128
101.12046814 236.40698242 500.32669067 64 255 128
191.03202820 186.28031921 433.28286743 64 255 128
144.84519958 193.31459045 364.60784912 64 255 128
188.79948425 235.14505005 397.69079590 64 255 128
150.91799927 245.32200623 486.50500488 64 255 128
111.59541321 246.16230774 399.47378540 64 255 128
179.01000977 297.21200562 471.22601318 64 255 128
94.29750824 248.69442749 437.38989258 64 255 128
181.20422363 179.69993591 456.00949097 64 255 128
79.18595886 205.36709595 541.99523926 64 255 128
189.15399170 192.55499268 461.37802124 64 255 128
196.96231079 162.05076599 402.18731689 64 255 128
211.70799255 290.26300049 467.55599976 64 255 128
191.28599548 213.53399658 470.01400757 64 255 128
238.36801147 246.27900696 443.98800659 64 255 128
179.27600098 197.56600952 482.05102539 64 255 128
166.48800659 194.35598755 472.89199829 64 255 128
94.66307068 176.67619324 390.12271118 64 255 128
85.91087341 205.31961060 418.53659058 64 255 128
131.09129333 160.29972839 483.82107544 64 255 128
91.05725098 144.02793884 418.30673218 64 255 128
131.41619873 218.86912537 367.75903320 64 255 128
120.20683289 263.21060181 426.40750122 64 255 128
145.49327087 274.55194092 436.70617676 64 255 128
218.97700500 281.97698975 471.98501587 64 255 128
187.28515625 164.25790405 447.55300903 64 255 128
77.71157074 164.63244629 531.63452148 64 255 128
139.86782837 184.31906128 363.10784912 64 255 128
93.57034302 194.59153748 545.04888916 64 255 128
183.01664734 154.91874695 388.60440063 64 255 128
254.26289368 245.59336853 427.48983765 64 255 128
114.32377625 242.79310608 485.99340820 64 255 128
197.24099731 195.63099670 464.50100708 64 255 128
145.67700195 213.02700806 479.03900146 64 255 128
165.73834229 131.16334534 447.16976929 64 255 128
108.69054413 251.79925537 412.47937012 64 255 128
142.77499390 262.84799194 485.31298828 64 255 128
133.51638794 269.73190308 432.64779663 64 255 128
145.28817749 277.55581665 454.54415894 64 255 128
144.90989685 152.09175110 469.29104614 64 255 128
151.41946411 110.08081055 451.30407715 64 255 128
200.97305298 170.02754211 400.95764160 64 255 128
186.72351074 286.21658325 443.69262695 64 255 128
147.94389343 285.55654907 478.74621582 64 255 128
74.44841766 159.30743408 509.42892456 64 255 128
121.08476257 274.31564331 460.03662109 64 255 128
76.54557037 214.01705933 492.86532593 64 255 128
107.05014801 144.03401184 387.52716064 64 255 128
229.49658203 238.17381287 423.15393066 64 255 128
139.72315979 160.62889099 479.65335083 64 255 128
192.15899658 291.63299561 456.33898926 64 255 128
249.27699280 275.70300293 430.59600830 64 255 128
255.38378906 215.33569336 420.63500977 64 255 128
81.60286713 211.40164185 452.35946655 64 255 128
195.77059937 231.68519592 400.53286743 64 255 128
110.74222565 226.67399597 380.82885742 64 255 128
165.45254517 281.36999512 441.72412109 64 255 128
172.59599304 220.12199402 461.50500488 64 255 128
199.15621948 154.84658813 415.68890381 64 255 128
206.49200439 258.73501587 463.73999023 64 255 128
132.20745850 184.05868530 505.16397095 64 255 128
195.17468262 263.87304688 417.36154175 64 255 128
136.06687927 196.12016296 506.08294678 64 255 128
133.35533142 129.92338562 464.02099609 64 255 128
114.88340759 165.85961914 503.13818359 64 255 128
231.08161926 206.41549683 437.26123047 64 255 128
194.91046143 188.70393372 385.18975830 64 255 128
238.26141357 216.13644409 441.65222168 64 255 128
219.78321838 207.72352600 448.21313477 64 255 128
186.35156250 242.48788452 399.62435913 64 255 128
160.81900024 237.38700867 451.62100220 64 255 128
112.43357849 130.20831299 390.04647827 64 255 128
116.78102875 133.36227417 476.84497070 64 255 128
158.12599182 199.20300293 461.29501343 64 255 128
129.18428040 228.32353210 478.03662109 64 255 128
111.95301819 266.98519897 450.71337891 64 255 128
184.96087646 180.42532349 380.90380859 64 255 128
83.11263275 201.88912964 440.29684448 64 255 128
76.12239075 194.28495789 457.05343628 64 255 128
192.19532776 138.03311157 411.13049316 64 255 128
222.77799988 228.34899902 457.52700806 64 255 128
169.94400024 291.82299805 492.05801392 64 255 128
233.90299988 283.82501221 451.65600586 64 255 128
105.28352356 243.67127991 401.85647583 64 255 128
195.03695679 137.92964172 425.22985840 64 255 128
87.20169830 179.85409546 550.24615479 64 255 128
74.06153870 198.89541626 483.32965088 64 255 128
78.41123199 143.91322327 488.63488770 64 255 128
102.31571198 111.64479828 463.46856689 64 255 128
116.82839966 150.40538025 377.33645630 64 255 128
122.33142090 132.14009094 383.94229126 64 255 128
105.99167633 155.90469360 500.51187134 64 255 128
197.82704163 168.91117859 440.09973145 64 255 128
148.99690247 204.55300903 362.90289307 64 255 128
219.61802673 189.11805725 446.24517822 64 255 128
72.80905914 199.31700134 508.76367188 64 255 128
183.20870972 216.81538391 381.04574585 64 255 128
136.59233093 145.03109741 374.65896606 64 255 128
119.38275909 259.35833740 418.12777710 64 255 128
72.66944885 171.98738098 471.86807251 64 255 128
175.67098999 241.52799988 479.26199341 64 255 128
116.47259521 228.87944031 477.81375122 64 255 128
221.21058655 238.84805298 420.24835205 64 255 128
192.18803406 173.78150940 436.07064819 64 255 128
96.37761688 236.08586121 408.53381348 64 255 128
210.70800781 196.11399841 471.59100342 64 255 128
205.10713196 169.45817566 423.30111694 64 255 128
110.65689850 223.30906677 499.27749634 64 255 128
258.88723755 233.70324707 427.39724731 64 255 128
123.19174194 224.35998535 476.48736572 64 255 128
164.03700256 244.61500549 481.73901367 64 255 128
223.35507202 284.22650146 432.33932495 64 255 128
178.86624146 237.68888855 390.55490112 64 255 128
173.01901245 199.01800537 486.96301270 64 255 128
179.54034424 287.76187134 452.51184082 64 255 128
200.63336182 217.29583740 398.62161255 64 255 128
202.59500122 288.81100464 447.14001465 64 255 128
79.19791412 151.27503967 514.10522461 64 255 128
158.93499756 246.39700317 458.90798950 64 255 128
230.47111511 229.23283386 421.01391602 64 255 128
227.39759827 262.87249756 420.78549194 64 255 128
156.04945374 263.15463257 410.91940308 64 255 128
120.51257324 213.78005981 504.71276855 64 255 128
86.79917145 211.57897949 414.87051392 64 255 128
119.58578491 110.34352875 469.33950806 64 255 128
131.58564758 118.12862396 463.58065796 64 255 128
93.44211578 235.37353516 526.35101318 64 255 128
206.11186218 267.28543091 420.68243408 64 255 128
102.13607788 120.72336578 485.47979736 64 255 128
176.32153320 165.46702576 458.90109253 64 255 128
202.48899841 198.81500244 475.74801636 64 255 128
166.68446350 296.17541504 472.85992432 64 255 128
104.58008575 230.59986877 505.74093628 64 255 128
233.75700378 220.14300537 446.48699951 64 255 128
194.76603699 288.52514648 448.43829346 64 255 128
97.52042389 245.53332520 509.72561646 64 255 128
131.57618713 275.87664795 452.60549927 64 255 128
139.74882507 159.42398071 368.86788940 64 255 128
197.33030701 253.63456726 413.32818604 64 255 128
130.10539246 271.76559448 490.52853394 64 255 128
126.01921082 249.34135437 491.13894653 64 255 128
153.94425964 277.25964355 443.37194824 64 255 128
146.44201660 194.57769775 451.36791992 64 255 128
82.33210754 226.72224426 505.64373779 64 255 128
169.72200012 223.60000610 449.71600342 64 255 128
170.19526672 104.37645721 410.26126099 64 255 128
181.29321289 198.75640869 377.23718262 64 255 128
182.10850525 110.25292969 424.52139282 64 255 128
159.35200500 227.25201416 480.25198364 64 255 128
174.81074524 143.22084045 448.25985718 64 255 128
179.11100769 298.86999512 477.96600342 64 255 128
102.13046265 234.38357544 396.08111572 64 255 128
187.72499084 251.28399658 473.97399902 64 255 128
182.66299438 239.89300537 477.41299438 64 255 128
132.46810913 239.41262817 380.26544189 64 255 128
93.67698669 188.63200378 389.79855347 64 255 128
141.65994263 168.82638550 486.50793457 64 255 128
87.62574768 139.81895447 439.45233154 64 255 128
141.44073486 267.53512573 421.08163452 64 255 128
73.00222015 174.63002014 523.70379639 64 255 128
244.37899780 256.73699951 438.91500854 64 255 128
159.45201111 293.57400513 493.59100342 64 255 128
83.77449036 199.81755066 551.87249756 64 255 128
92.36566925 201.64698792 392.29904175 64 255 128
174.26519775 155.91860962 455.12203979 64 255 128
122.87245941 275.74258423 492.14294434 64 255 128
186.00973511 264.33840942 416.37417603 64 255 128
74.30575562 201.91265869 527.07092285 64 255 128
125.24081421 98.39942932 424.49374390 64 255 128
136.99232483 241.74810791 489.11981201 64 255 128
76.26838684 188.21002197 539.11517334 64 255 128
126.15339661 124.65279388 385.74234009 64 255 128
242.20605469 270.84442139 425.69158936 64 255 128
182.91223145 152.18878174 445.22537231 64 255 128
108.49743652 108.95359039 432.28161621 64 255 128
218.87600708 273.93298340 462.29998779 64 255 128
172.59350586 132.73005676 390.17242432 64 255 128
157.32810974 148.91932678 376.50302124 64 255 128
77.57213593 146.46719360 471.34521484 64 255 128
178.10800171 262.20001221 479.02499390 64 255 128
191.10499573 294.52499390 483.13598633 64 255 128
213.47799683 290.22698975 451.38601685 64 255 128
215.73199463 212.74400330 461.79699707 64 255 128
153.90600586 237.99499512 486.51300049 64 255 128
129.19749451 261.85656738 416.92596436 64 255 128
70.34842682 180.58872986 502.36923218 64 255 128
219.16101074 260.30401611 457.35699463 64 255 128
152.14367676 217.79322815 367.55783081 64 255 128
189.57559204 143.50212097 402.80062866 64 255 128
201.02799988 286.36898804 482.47000122 64 255 128
110.90267181 115.61814117 477.19894409 64 255 128
135.11863708 130.75277710 381.09793091 64 255 128
244.25500488 236.54499817 440.81301880 64 255 128
185.21699524 219.44999695 464.90899658 64 255 128
142.97961426 119.32007599 386.86355591 64 255 128
232.63592529 204.21629333 425.91918945 64 255 128
185.02517700 187.76469421 380.93130493 64 255 128
145.07951355 203.42709351 496.63903809 64 255 128
169.71838379 274.42480469 428.48764038 64 255 128
177.32456970 156.73526001 383.08648682 64 255 128
142.92883301 276.03295898 446.27349854 64 255 128
140.66175842 127.34825897 459.58859253 64 255 128
148.92999268 278.97900391 485.51397705 64 255 128
155.77555847 115.55056000 390.65527344 64 255 128
140.35269165 104.42109680 454.94647217 64 255 128
175.25964355 255.52371216 405.17599487 64 255 128
254.52816772 238.75547791 429.93017578 64 255 128
88.86632538 220.59599304 541.82073975 64 255 128
101.51850128 214.76623535 530.28845215 64 255 128
121.59080505 99.18350983 458.17373657 64 255 128
157.24093628 95.01734161 438.83911133 64 255 128
167.76417542 266.70858765 417.51199341 64 255 128
108.81812286 252.17784119 494.73168945 64 255 128
158.95439148 269.99038696 422.35766602 64 255 128
248.05799866 244.08900452 435.16299438 64 255 128
171.08599854 279.98501587 486.29699707 64 255 128
70.51245880 189.09054565 510.69509888 64 255 128
102.42377472 133.51345825 399.72479248 64 255 128
89.89260101 162.77218628 527.41070557 64 255 128
124.37854767 100.09151459 410.70678711 64 255 128
113.04597473 217.42532349 374.71441650 64 255 128
128.30206299 191.56277466 365.29110718 64 255 128
101.97026062 132.39018250 489.35305786 64 255 128
186.04928589 115.15815735 422.98703003 64 255 128
173.68600464 224.21299744 466.22100830 64 255 128
152.42205811 123.97003937 452.42462158 64 255 128
149.80955505 181.68106079 495.57608032 64 255 128
143.36126709 133.66304016 379.71813965 64 255 128
93.23244476 207.90036011 392.82739258 64 255 128
142.61335754 268.47451782 481.68475342 64 255 128
88.67739868 202.97383118 403.72454834 64 255 128
138.14514160 208.48507690 497.17868042 64 255 128
105.32204437 110.28597260 456.71105957 64 255 128
84.81433868 132.10649109 491.98730469 64 255 128
84.71501160 233.95719910 481.06805420 64 255 128
105.16301727 159.13351440 381.76007080 64 255 128
190.01779175 154.05450439 440.44155884 64 255 128
165.17700195 234.85699463 455.77401733 64 255 128
166.30375671 284.44998169 454.37484741 64 255 128
114.77531433 253.28651428 492.40908813 64 255 128
200.96076965 277.58187866 425.31332397 64 255 128
245.06063843 222.90892029 440.31631470 64 255 128
77.59200287 216.47709656 508.37551880 64 255 128
142.43540955 274.49609375 481.64028931 64 255 128
70.67873383 178.28285217 487.93414307 64 255 128
72.07872009 198.33654785 496.18728638 64 255 128
134.31039429 246.38908386 387.48199463 64 255 128
81.75009155 140.04364014 501.85412598 64 255 128
94.31390381 122.61087036 443.85595703 64 255 128
176.83898926 197.24600220 472.83300781 64 255 128
157.48956299 292.28930664 474.92547607 64 255 128
111.49884796 104.12030029 458.66418457 64 255 128
142.84843445 190.66770935 504.15295410 64 255 128
244.57099915 277.72900391 440.66198730 64 255 128
79.79695129 173.39059448 440.34317017 64 255 128
139.59733582 284.79306030 477.40792847 64 255 128
72.24604797 191.31945801 522.81420898 64 255 128
93.79886627 136.59580994 420.43341064 64 255 128
151.52128601 238.95968628 379.58734131 64 255 128
121.86448669 156.33259583 487.58990479 64 255 128
201.07499695 291.91500854 477.16500854 64 255 128
113.45278931 264.81475830 440.72622681 64 255 128
168.75363159 180.28248596 483.13272095 64 255 128
160.82656860 137.91703796 381.44201660 64 255 128
124.55828857 105.73877716 399.12442017 64 255 128
119.75502777 260.58959961 493.71871948 64 255 128
104.68458557 220.03695679 520.97534180 64 255 128
95.95640564 253.64828491 497.48001099 64 255 128
87.12286377 235.58076477 510.26840210 64 255 128
84.94221497 160.02926636 532.53161621 64 255 128
152.06141663 177.92179871 490.49136353 64 255 128
107.49662018 206.17666626 375.61911011 64 255 128
88.51531219 156.13104248 416.77389526 64 255 128
206.73300171 231.66499329 467.00000000 64 255 128
95.37042236 162.15866089 394.56137085 64 255 128
104.59669495 229.16125488 493.32916260 64 255 128
76.60617828 147.52038574 477.39642334 64 255 128
205.62263489 258.30709839 418.14205933 64 255 128
185.77040100 131.18354797 404.05181885 64 255 128
72.50963593 169.71492004 514.93243408 64 255 128
246.34730530 209.81965637 420.72872925 64 255 128
185.54798889 195.33500671 475.73999023 64 255 128
95.61331940 240.89799500 519.99707031 64 255 128
181.93911743 165.61761475 454.54324341 64 255 128
108.74143219 197.36769104 524.31665039 64 255 128
169.76000977 298.20199585 485.36599731 64 255 128
210.32310486 195.75004578 425.73611450 64 255 128
89.02314758 126.14289093 490.72393799 64 255 128
131.91070557 94.95817566 439.18066406 64 255 128
109.01226807 220.20831299 511.40969849 64 255 128
121.61359406 99.35681152 434.05410767 64 255 128
172.02700806 235.78199768 451.22998047 64 255 128
205.52699280 290.45901489 452.45599365 64 255 128
86.02445221 225.94223022 532.69317627 64 255 128
95.74365234 117.83094025 471.29525757 64 255 128
173.07347107 111.51580811 438.85009766 64 255 128
92.87766266 251.29142761 490.49493408 64 255 128
187.08995056 140.95803833 438.64910889 64 255 128
198.16200256 204.82699585 480.91302490 64 255 128
127.79918671 214.52935791 490.46936035 64 255 128
161.29380798 127.46186829 386.77850342 64 255 128
210.76181030 247.25482178 415.76174927 64 255 128
164.42210388 236.78784180 380.95898438 64 255 128
93.47966003 188.37992859 545.28100586 64 255 128
90.71346283 155.35865784 410.19378662 64 255 128
139.60043335 235.47093201 376.07434082 64 255 128
155.13322449 98.71788025 406.33325195 64 255 128
138.91296387 94.13390350 440.17843628 64 255 128
241.55171204 232.42601013 420.86776733 64 255 128
197.49667358 177.23863220 414.58538818 64 255 128
102.64060211 260.15020752 444.57455444 64 255 128
223.67799377 265.32699585 455.58200073 64 255 128
110.09879303 175.79428101 373.62020874 64 255 128
79.98337555 204.97599792 452.75717163 64 255 128
136.64668274 220.61683655 479.78588867 64 255 128
185.93048096 273.56817627 424.52728271 64 255 128
110.26057434 185.68659973 521.11407471 64 255 128
89.87023163 242.97200012 493.53063965 64 255 128
95.87605286 134.13056946 495.61489868 64 255 128
186.71600342 262.17700195 474.41699219 64 255 128
118.61907959 106.00334167 405.19750977 64 255 128
199.57600403 292.97399902 469.28900146 64 255 128
83.95242310 226.00477600 451.12750244 64 255 128
85.32106018 180.70918274 427.70040894 64 255 128
154.25015259 246.86627197 387.84436035 64 255 128
177.84622192 294.63449097 465.24365234 64 255 128
201.88200378 270.60699463 468.54098511 64 255 128
226.73100281 285.60598755 462.17300415 64 255 128
154.30766296 186.90750122 497.80413818 64 255 128
193.81843567 181.17373657 387.43789673 64 255 128
88.35783386 238.99592590 447.51177979 64 255 128
72.33705902 157.97872925 496.65405273 64 255 128
224.81153870 208.58062744 443.63674927 64 255 128
89.74500275 228.27366638 416.20361328 64 255 128
171.70800781 232.06600952 446.20999146 64 255 128
194.09371948 181.31863403 419.72332764 64 255 128
82.52229309 141.82618713 507.67816162 64 255 128
177.45300293 221.78498840 448.06600952 64 255 128
104.34540558 263.73873901 453.06710815 64 255 128
148.90855408 95.30547333 410.86120605 64 255 128
165.52700806 257.71701050 481.24899292 64 255 128
191.03599548 216.79699707 464.00698853 64 255 128
112.22668457 273.20202637 486.65808105 64 255 128
112.25128174 224.95707703 484.81036377 64 255 128
178.49899292 270.50399780 479.41198730 64 255 128
198.46151733 212.33317566 394.67813110 64 255 128
136.53330994 208.01318359 365.07836914 64 255 128
117.72593689 103.06311035 467.19796753 64 255 128
218.35607910 185.35736084 434.45401001 64 255 128
178.29336548 119.98928070 402.28167725 64 255 128
166.88815308 97.58630371 425.60543823 64 255 128
196.87715149 149.45309448 414.00781250 64 255 128
171.06419373 200.08427429 370.32943726 64 255 128
126.28675842 269.67312622 438.63073730 64 255 128
88.78034973 125.55667877 478.00714111 64 255 128
95.98414612 246.43885803 427.65255737 64 255 128
182.22924805 167.12774658 382.82431030 64 255 128
89.59067535 170.26197815 412.85031128 64 255 128
143.09329224 198.34825134 458.80325317 64 255 128
87.17781830 210.63211060 548.28796387 64 255 128
175.71467590 120.35858154 440.34478760 64 255 128
148.01333618 93.23619080 421.87594604 64 255 128
235.23199463 252.77799988 445.22900391 64 255 128
82.76835632 140.55746460 456.37731934 64 255 128
163.34651184 147.99208069 456.77035522 64 255 128
159.16279602 180.34719849 489.11392212 64 255 128
211.36799622 244.95999146 462.33001709 64 255 128
184.79589844 233.51087952 392.22073364 64 255 128
222.96600342 214.90000916 453.55200195 64 255 128
79.16877747 221.38806152 498.11563110 64 255 128
146.13723755 234.47947693 375.93078613 64 255 128
230.51699829 289.89099121 443.94497681 64 255 128
114.84293365 134.26753235 386.27337646 64 255 128
186.78285217 128.61122131 434.40951538 64 255 128
200.04992676 187.72444153 390.46963501 64 255 128
163.97898865 198.01499939 476.85900879 64 255 128
94.98935699 156.59265137 399.23068237 64 255 128
181.43800354 296.00000000 489.86499023 64 255 128
211.19299316 288.56399536 473.22900391 64 255 128
158.72799683 257.69400024 481.89498901 64 255 128
156.97200012 218.63499451 474.64801025 64 255 128
153.91572571 169.39892578 480.74880981 64 255 128
156.90492249 256.41583252 400.11047363 64 255 128
97.38894653 207.51316833 539.31353760 64 255 128
163.29400635 226.28100586 475.66299438 64 255 128
190.81300354 189.93600464 449.52899170 64 255 128
163.90599060 243.62400818 457.29397583 64 255 128
222.47337341 229.98556519 417.68856812 64 255 128
102.10634613 125.49890900 409.35610962 64 255 128
179.75009155 170.44813538 460.59170532 64 255 128
140.13568115 93.38066101 429.51040649 64 255 128
201.26919556 172.08815002 419.70361328 64 255 128
159.07501221 280.80599976 489.44601440 64 255 128
181.64715576 139.93891907 394.82305908 64 255 128
253.69500732 253.35800171 429.20898438 64 255 128
231.88899231 291.16201782 456.39700317 64 255 128
141.52915955 99.68921661 401.49655151 64 255 128
242.46121216 281.93240356 432.98870850 64 255 128
152.04269409 197.45806885 499.44052124 64 255 128
241.14645386 243.16093445 423.27844238 64 255 128
185.99699402 193.90100098 469.73602295 64 255 128
126.65313721 120.94982147 467.14044189 64 255 128
125.00581360 251.43763733 398.29061890 64 255 128
139.10722351 283.33309937 467.33508301 64 255 128
110.09546661 237.35433960 390.53979492 64 255 128
85.28946686 235.83483887 470.54232788 64 255 128
194.76200867 240.61100769 472.08398438 64 255 128
101.66346741 191.78465271 378.97515869 64 255 128
230.60945129 268.21334839 423.22372437 64 255 128
154.33660889 193.46594238 365.40109253 64 255 128
108.79074097 264.73730469 494.69366455 64 255 128
246.98699951 251.53500366 436.73300171 64 255 128
157.04811096 231.10685730 374.60134888 64 255 128
210.75788879 280.68502808 427.32525635 64 255 128
158.60406494 267.38455200 417.09240723 64 255 128
214.45578003 286.23007202 435.87786865 64 255 128
107.60729218 225.27110291 506.74401855 64 255 128
111.35469818 152.84677124 493.60311890 64 255 128
173.54199219 211.74499512 454.75997925 64 255 128
99.17144012 167.60211182 518.08721924 64 255 128
225.35627747 198.21217346 435.48513794 64 255 128
211.52391052 190.50172424 461.07354736 64 255 128
104.90913391 140.00944519 392.18402100 64 255 128
90.31177521 127.12994385 450.66329956 64 255 128
77.55944061 213.67253113 526.81658936 64 255 128
155.35700989 232.02299500 486.16497803 64 255 128
136.62036133 274.29864502 444.84524536 64 255 128
131.68864441 142.21438599 468.89602661 64 255 128
182.31800842 219.33399963 453.09100342 64 255 128
100.78276062 207.40899658 381.96600342 64 255 128
131.60270691 98.94528961 404.35174561 64 255 128
166.69940186 151.07096863 378.27648926 64 255 128
121.54521942 203.61360168 512.18597412 64 255 128
86.05258942 226.06599426 434.82891846 64 255 128
115.73206329 272.46270752 462.26281738 64 255 128
121.98655701 184.54380798 511.75009155 64 255 128
161.07099915 239.38200378 483.76101685 64 255 128
185.33709717 150.33886719 393.84509277 64 255 128
237.46530151 257.91867065 423.29708862 64 255 128
96.81442261 119.77101898 455.82583618 64 255 128
80.02098083 216.16313171 463.90051270 64 255 128
155.23175049 172.14472961 367.80502319 64 255 128
80.67507935 161.23747253 448.38088989 64 255 128
111.31508636 120.20605469 397.94171143 64 255 128
120.26064301 143.19453430 478.19104004 64 255 128
195.81428528 224.82308960 396.85116577 64 255 128
123.40702820 111.08068848 394.84802246 64 255 128
184.31062317 120.05587006 433.54492188 64 255 128
174.41853333 143.36204529 387.33062744 64 255 128
87.30951691 169.22219849 418.03491211 64 255 128
73.86209869 195.97189331 469.82110596 64 255 128
77.64801025 195.16621399 451.01815796 64 255 128
192.92073059 286.62847900 441.25878906 64 255 128
230.60198975 271.19799805 451.92797852 64 255 128
239.02299500 272.67797852 443.46697998 64 255 128
106.34591675 168.66453552 377.72375488 64 255 128
98.72451782 224.08619690 531.17327881 64 255 128
214.01855469 202.14228821 418.89450073 64 255 128
144.73310852 258.66674805 403.30014038 64 255 128
158.89399719 249.68099976 452.83599854 64 255 128
113.83938599 243.56925964 393.42739868 64 255 128
132.55696106 125.48698425 384.02627563 64 255 128
153.23699951 259.18200684 483.64999390 64 255 128
83.31381989 135.75083923 496.24972534 64 255 128
201.32124329 181.62283325 401.93795776 64 255 128
88.57099152 203.65110779 551.19238281 64 255 128
106.04706573 247.71578979 496.94622803 64 255 128
250.29042053 235.82987976 421.04974365 64 255 128
120.83668518 120.95983887 389.79406738 64 255 128
136.84980774 281.84494019 484.59222412 64 255 128
86.41362762 150.87985229 431.57369995 64 255 128
146.97801208 224.71900940 485.18099976 64 255 128
225.70700073 244.35099792 453.38699341 64 255 128
97.03383636 124.22402191 431.57003784 64 255 128
103.41266632 215.30322266 382.03424072 64 255 128
117.29025269 188.58711243 368.79006958 64 255 128
86.46090698 199.81515503 414.81628418 64 255 128
95.51944733 139.07759094 498.59887695 64 255 128
94.54820251 222.94206238 398.11575317 64 255 128
87.73727417 134.41764832 447.55865479 64 255 128
96.60370636 183.59951782 385.64602661 64 255 128
250.99098206 264.98400879 435.21600342 64 255 128
103.47859192 176.57609558 522.69451904 64 255 128
87.34316254 179.21069336 420.48028564 64 255 128
83.42581940 144.17538452 450.22167969 64 255 128
199.96008301 191.46022034 419.12194824 64 255 128
247.31855774 246.26129150 423.50592041 64 255 128
157.48587036 121.84030151 449.71276855 64 255 128
201.71792603 193.36253357 411.86187744 64 255 128
161.40800476 272.05999756 485.68200684 64 255 128
162.36593628 102.92380524 404.38455200 64 255 128
220.76899719 205.11299133 465.28302002 64 255 128
167.42871094 191.45115662 492.32345581 64 255 128
131.12696838 173.82916260 498.64953613 64 255 128
219.50994873 250.01388550 420.79785156 64 255 128
158.32499695 205.57800293 463.91799927 64 255 128
186.56698608 292.08801270 459.02499390 64 255 128
135.66873169 166.41886902 368.09320068 64 255 128
108.54380798 106.74861145 469.87731934 64 255 128
235.33999634 288.21899414 440.46499634 64 255 128
173.19599915 201.18800354 464.40499878 64 255 128
197.83300781 221.68099976 468.64102173 64 255 128
252.70149231 204.67112732 426.36990356 64 255 128
103.92969513 200.68940735 530.19567871 64 255 128
157.04399109 243.88400269 453.18499756 64 255 128
221.33575439 275.83636475 423.72167969 64 255 128
167.25898743 298.75299072 480.16900635 64 255 128
73.67514038 184.56526184 530.94689941 64 255 128
152.51947021 278.37893677 451.38635254 64 255 128
182.38969421 283.88406372 438.72955322 64 255 128
94.13308716 251.58735657 449.76287842 64 255 128
142.30249023 145.24974060 374.83764648 64 255 128
148.68524170 202.66793823 457.64178467 64 255 128
100.52343750 250.39372253 424.75604248 64 255 128
145.27847290 112.05410004 390.96575928 64 255 128
191.10502625 204.53388977 384.26925659 64 255 128
167.58090210 186.80975342 368.68298340 64 255 128
190.02500916 294.24499512 471.83401489 64 255 128
74.39949799 152.20440674 479.73843384 64 255 128
155.15100098 207.73899841 473.89599609 64 255 128
202.55575562 195.72819519 400.94046021 64 255 128
79.48557281 167.89855957 538.93133545 64 255 128
210.66899109 226.97200012 466.01901245 64 255 128
74.62230682 204.82215881 485.96847534 64 255 128
89.07160187 243.83850098 459.00701904 64 255 128
96.62899780 134.14875793 412.30960083 64 255 128
73.95697784 158.52256775 474.52816772 64 255 128
110.93942261 150.51367188 381.02450562 64 255 128
75.25201416 211.75294495 512.76373291 64 255 128
131.39022827 175.56092834 366.51803589 64 255 128
143.26211548 246.96739197 387.38131714 64 255 128
237.95199585 230.12599182 444.83898926 64 255 128
215.19200134 225.79162598 411.03176880 64 255 128
214.53199768 278.18399048 471.54699707 64 255 128
224.86053467 210.13427734 415.20788574 64 255 128
136.79319763 264.05111694 488.69702148 64 255 128
115.39093781 190.32376099 517.88092041 64 255 128
152.05372620 283.23519897 467.57250977 64 255 128
220.97698975 208.99200439 459.96401978 64 255 128
74.74810028 175.22062683 531.92437744 64 255 128
129.52108765 133.20349121 466.91500854 64 255 128
101.04037476 226.17837524 526.27545166 64 255 128
167.41600037 195.55400085 465.00000000 64 255 128
74.75106049 181.12434387 466.42401123 64 255 128
173.65335083 219.51033020 375.45443726 64 255 128
184.02951050 251.38655090 404.78268433 64 255 128
84.57407379 207.63796997 428.89389038 64 255 128
209.39337158 205.62008667 409.75207520 64 255 128
117.30630493 220.51042175 486.47958374 64 255 128
159.30822754 212.19717407 367.81887817 64 255 128
85.74738312 222.59941101 429.16406250 64 255 128
76.63273621 183.92030334 450.80471802 64 255 128
166.55715942 223.43075562 374.18554688 64 255 128
166.43367004 260.87152100 408.83276367 64 255 128
89.22068024 220.14241028 409.82006836 64 255 128
72.09592438 184.37701416 524.46252441 64 255 128
161.30003357 122.34033966 389.03277588 64 255 128
88.86312103 183.20951843 409.33407593 64 255 128
120.79138184 238.16447449 482.21096802 64 255 128
90.06021881 247.55105591 481.57785034 64 255 128
199.84310913 161.93096924 431.92712402 64 255 128
84.00523376 155.35316467 524.64056396 64 255 128
143.29003906 240.62925720 490.53317261 64 255 128
104.00787354 248.75352478 412.37319946 64 255 128
140.14649963 140.31138611 463.19296265 64 255 128
141.82363892 95.39241028 409.57592773 64 255 128
188.97003174 225.64868164 392.18951416 64 255 128
83.15245819 136.22253418 479.17355347 64 255 128
160.94100952 219.22500610 467.10800171 64 255 128
122.56820679 228.94612122 375.85458374 64 255 128
82.45650482 226.61283875 490.87100220 64 255 128
83.96967316 230.58267212 462.02877808 64 255 128
75.58060455 169.35343933 529.61871338 64 255 128
116.86763000 214.72642517 371.69506836 64 255 128
100.82745361 225.02967834 389.97686768 64 255 128
193.76243591 161.96244812 397.53732300 64 255 128
167.12741089 139.35086060 450.23171997 64 255 128
81.85585785 178.71958923 551.41381836 64 255 128
138.08760071 109.49952698 392.17767334 64 255 128
197.01300049 197.37899780 472.75701904 64 255 128
87.96434021 142.83448792 508.24700928 64 255 128
225.48399353 288.26800537 440.22302246 64 255 128
141.37075806 225.34434509 369.42706299 64 255 128
172.44599915 268.85501099 480.87399292 64 255 128
207.94099426 194.68699646 465.67999268 64 255 128
251.77461243 231.81100464 434.95239258 64 255 128
225.41700745 224.19000244 454.98898315 64 255 128
204.80300903 291.66400146 465.63299561 64 255 128
132.19262695 166.26736450 489.81793213 64 255 128
90.66361237 179.76504517 397.83270264 64 255 128
211.62399292 262.19299316 462.86401367 64 255 128
209.83299255 199.34100342 475.98400879 64 255 128
118.62686920 269.67727661 449.43939209 64 255 128
79.96291351 178.87377930 441.09671021 64 255 128
157.22026062 199.07925415 495.80941772 64 255 128
83.16836548 194.65747070 553.77728271 64 255 128
82.78647614 207.65629578 441.25738525 64 255 128
76.61557007 154.54032898 467.00549316 64 255 128
108.31110382 180.97723389 374.07476807 64 255 128
155.62651062 126.44295502 384.70693970 64 255 128
126.07566833 211.52465820 501.83404541 64 255 128
135.85993958 256.57775879 402.43478394 64 255 128
126.31627655 141.72326660 377.96255493 64 255 128
150.88214111 182.85974121 363.83264160 64 255 128
119.14678192 277.95346069 486.66427612 64 255 128
92.10984039 135.43666077 430.01281738 64 255 128
200.82843018 170.14933777 426.75537109 64 255 128
119.02276611 180.88961792 368.42160034 64 255 128
178.47200012 290.67297363 489.96200562 64 255 128
73.79994202 184.63954163 471.75991821 64 255 128
179.68164062 113.67664337 409.51293945 64 255 128
98.80918121 117.73468018 449.28372192 64 255 128
166.84088135 157.01295471 375.64456177 64 255 128
202.66595459 204.40032959 396.97515869 64 255 128
161.61576843 201.13502502 367.02987671 64 255 128
80.94774628 224.29322815 476.15240479 64 255 128
80.17333221 221.32217407 507.94781494 64 255 128
127.29868317 277.52386475 460.98214722 64 255 128
125.85024261 149.73974609 478.98550415 64 255 128
225.47398376 203.74327087 436.50274658 64 255 128
139.00579834 239.69601440 379.70999146 64 255 128
175.13748169 230.24526978 382.64581299 64 255 128
177.52218628 209.33691406 374.65814209 64 255 128
171.32550049 100.56482697 421.64016724 64 255 128
241.44700623 264.13000488 441.54699707 64 255 128
94.49662018 143.04600525 409.34140015 64 255 128
156.23396301 138.99307251 455.17111206 64 255 128
165.38099670 244.31300354 451.95800781 64 255 128
99.25617981 246.06738281 417.05770874 64 255 128
126.71286011 214.37612915 367.88607788 64 255 128
120.62322235 255.20265198 493.20745850 64 255 128
193.26699829 247.15499878 472.05599976 64 255 128
101.87042999 161.22273254 508.62503052 64 255 128
185.15350342 181.87301636 443.06558228 64 255 128
116.76590729 141.11166382 382.10925293 64 255 128
92.34009552 163.32330322 522.52380371 64 255 128
140.76356506 176.38006592 495.12124634 64 255 128
242.69314575 207.03108215 423.69519043 64 255 128
78.94753265 167.85263062 450.66259766 64 255 128
147.31448364 141.76348877 460.78384399 64 255 128
111.68400574 272.25878906 479.17483521 64 255 128
153.49974060 138.31628418 379.51940918 64 255 128
242.89810181 220.43754578 420.80187988 64 255 128
211.83580017 269.98956299 422.48681641 64 255 128
97.14832306 259.43814087 471.48626709 64 255 128
106.79768372 242.50869751 489.22335815 64 255 128
81.82923126 221.95367432 530.28198242 64 255 128
195.78201294 254.86001587 469.15399170 64 255 128
229.56700134 251.83200073 449.29000854 64 255 128
116.57821655 161.69609070 497.48513794 64 255 128
173.48194885 241.18978882 390.04089355 64 255 128
93.20918274 153.83041382 509.61972046 64 255 128
153.46226501 163.98768616 475.87088013 64 255 128
116.87285614 158.64485168 374.19293213 64 255 128
129.83061218 186.41714478 364.87060547 64 255 128
151.88699341 282.76397705 490.11401367 64 255 128
128.60455322 102.43152618 400.46026611 64 255 128
159.03416443 171.21998596 480.21182251 64 255 128
208.78964233 283.99035645 431.18670654 64 255 128
192.79899597 204.90699768 480.38500977 64 255 128
198.28048706 192.33828735 438.19186401 64 255 128
252.53761292 256.29797363 424.07141113 64 255 128
112.31232452 260.04223633 426.54080200 64 255 128
108.64040375 255.99717712 421.98229980 64 255 128
191.99160767 149.12121582 436.22344971 64 255 128
194.14147949 174.63684082 426.34899902 64 255 128
163.05104065 114.50917816 394.48236084 64 255 128
180.18315125 129.83973694 440.29040527 64 255 128
110.40744019 190.21582031 372.02621460 64 255 128
201.68757629 229.58914185 404.36645508 64 255 128
201.07301331 264.74401855 468.51998901 64 255 128
194.39009094 245.29820251 406.96795654 64 255 128
231.74818420 206.34606934 421.06332397 64 255 128
135.91781616 155.46812439 370.47909546 64 255 128
134.95765686 95.25350952 417.69323730 64 255 128
92.03764343 169.46376038 399.43505859 64 255 128
206.71241760 206.60310364 402.65802002 64 255 128
70.43029022 171.00321960 493.83905029 64 255 128
71.06307983 174.11592102 511.93945312 64 255 128
164.58700562 201.86099243 487.87500000 64 255 128
179.22131348 155.53161621 450.19271851 64 255 128
252.11465454 211.06842041 420.57150269 64 255 128
85.97252655 129.97404480 480.34020996 64 255 128
77.30667877 167.78930664 459.11184692 64 255 128
79.15371704 153.06881714 458.60153198 64 255 128
138.72709656 194.24845886 363.92123413 64 255 128
88.32542419 239.04684448 504.69757080 64 255 128
186.15942383 196.64796448 379.27319336 64 255 128
89.45661163 237.05450439 432.58151245 64 255 128
112.02014923 121.10407257 477.36230469 64 255 128
89.15183258 177.62217712 410.45397949 64 255 128
103.22283173 209.93522644 528.71325684 64 255 128
146.84341431 129.16424561 381.66537476 64 255 128
141.75566101 252.67594910 394.68536377 64 255 128
144.68688965 209.01385498 365.85678101 64 255 128
100.87872314 259.95458984 496.97637939 64 255 128
166.75000000 264.05700684 481.20001221 64 255 128
244.91511536 205.34591675 429.57348633 64 255 128
160.15071106 94.67892456 426.07205200 64 255 128
101.81235504 156.11102295 503.82769775 64 255 128
95.04815674 147.32888794 402.43353271 64 255 128
174.78784180 286.21127319 449.33740234 64 255 128
194.82499695 231.79100037 471.65798950 64 255 128
127.83570862 158.91380310 370.56076050 64 255 128
93.70901489 248.25372314 501.85507202 64 255 128
171.97131348 271.21591187 424.15750122 64 255 128
142.81848145 157.66311646 474.70019531 64 255 128
73.33527374 155.24809265 492.17361450 64 255 128
73.45788574 192.65708923 480.44256592 64 255 128
84.93855286 204.45991516 424.05538940 64 255 128
79.08032990 208.35116577 458.12579346 64 255 128
198.15391541 202.87586975 389.71630859 64 255 128
146.34214783 133.84982300 457.95730591 64 255 128
130.07476807 277.08917236 490.40985107 64 255 128
141.10099792 253.64500427 488.83502197 64 255 128
147.13999939 226.53762817 370.27938843 64 255 128
124.62324524 132.59414673 470.75512695 64 255 128
232.73715210 234.39389038 421.28579712 64 255 128
80.00897217 188.47610474 551.37866211 64 255 128
96.52007294 209.87510681 388.33715820 64 255 128
223.97900391 280.39498901 459.83499146 64 255 128
91.12619019 176.57994080 542.34790039 64 255 128
76.46426392 177.34150696 454.72979736 64 255 128
157.64999390 206.11199951 469.24099731 64 255 128
196.24400330 280.17398071 474.48501587 64 255 128
70.66418457 164.52273560 489.72119141 64 255 128
114.73390198 238.64559937 482.67926025 64 255 128
117.39981842 138.76866150 478.31298828 64 255 128
97.75147247 123.00271606 489.01956177 64 255 128
207.62098694 220.06700134 465.99502563 64 255 128
216.54200745 285.19100952 475.36901855 64 255 128
156.98181152 165.59217834 370.00042725 64 255 128
148.41899109 217.46600342 478.36499023 64 255 128
220.70500183 254.46000671 455.97799683 64 255 128
241.03094482 208.16781616 434.59951782 64 255 128
170.17857361 130.31556702 444.52258301 64 255 128
203.90093994 163.78274536 420.11621094 64 255 128
70.37281036 179.00126648 507.77886963 64 255 128
148.57844543 177.51394653 366.12362671 64 255 128
226.61483765 218.44624329 418.20095825 64 255 128
131.61706543 140.59938049 377.10900879 64 255 128
161.19023132 132.18409729 449.86264038 64 255 128
85.99861145 232.86650085 452.81301880 64 255 128
135.27661133 263.08551025 415.83084106 64 255 128
110.26366425 232.41984558 385.62463379 64 255 128
80.61064148 222.02769470 484.61535645 64 255 128
79.94394684 193.28388977 548.93890381 64 255 128
91.54854584 200.56463623 548.15509033 64 255 128
139.29913330 183.55097961 501.71798706 64 255 128
161.92010498 220.67198181 371.54846191 64 255 128
117.13407135 248.70503235 398.92456055 64 255 128
196.10368347 176.26683044 391.69732666 64 255 128
98.39685822 172.56809998 385.38418579 64 255 128
149.60398865 221.47900391 482.02197266 64 255 128
75.08489227 189.26174927 458.21444702 64 255 128
151.65699768 267.78601074 477.28799438 64 255 128
203.18759155 262.98767090 417.76443481 64 255 128
216.48075867 262.80047607 418.97027588 64 255 128
76.58892822 175.62841797 537.38775635 64 255 128
170.32168579 177.23774719 478.46377563 64 255 128
125.76950836 265.12832642 492.13241577 64 255 128
214.48400879 288.44799805 442.90499878 64 255 128
84.30138397 231.56781006 499.98886108 64 255 128
224.64413452 200.28614807 418.10656738 64 255 128
143.42413330 170.39048767 367.15386963 64 255 128
179.30316162 183.17887878 461.94808960 64 255 128
202.41552734 195.99337769 392.15621948 64 255 128
189.93655396 133.16110229 433.37698364 64 255 128
194.92228699 157.29721069 402.41351318 64 255 128
110.18276978 113.22539520 409.85171509 64 255 128
196.88090515 148.01158142 425.94140625 64 255 128
158.54396057 287.34002686 467.30047607 64 255 128
91.25824738 242.96563721 438.10293579 64 255 128
77.24378967 162.82145691 461.07720947 64 255 128
215.60600281 217.85198975 460.79800415 64 255 128
122.52196503 219.35098267 482.60360718 64 255 128
135.08396912 100.98368073 400.19662476 64 255 128
243.57899475 283.19100952 442.79501343 64 255 128
185.73316956 255.75250244 408.63873291 64 255 128
163.33352661 254.27052307 399.06817627 64 255 128
114.00650024 112.15375519 473.35781860 64 255 128
132.66833496 196.25178528 363.30004883 64 255 128
228.15283203 250.32397461 423.41467285 64 255 128
223.87461853 267.53741455 420.69134521 64 255 128
121.22230530 200.80517578 367.81640625 64 255 128
211.71400452 235.46600342 463.95800781 64 255 128
201.47660828 158.98857117 422.90826416 64 255 128
109.69810486 107.20685577 437.05197144 64 255 128
209.83200073 254.76300049 463.48501587 64 255 128
86.35269165 132.66096497 460.11209106 64 255 128
121.49160767 169.60707092 501.80364990 64 255 128
109.18292999 260.45681763 431.96490479 64 255 128
157.74255371 260.88253784 406.50753784 64 255 128
114.84436798 196.89836121 519.36840820 64 255 128
148.17887878 160.30702209 369.12329102 64 255 128
77.22729492 159.93975830 523.94482422 64 255 128
90.74053192 197.69296265 395.24050903 64 255 128
168.89334106 171.98233032 473.80972290 64 255 128
86.33309937 215.45916748 419.84066772 64 255 128
140.80377197 231.00343323 488.20855713 64 255 128
173.72886658 103.94300079 432.68899536 64 255 128
82.16626740 219.13642883 457.55892944 64 255 128
104.99098969 111.74944305 447.37060547 64 255 128
195.66699219 260.20199585 468.95401001 64 255 128
128.80348206 281.57302856 469.90347290 64 255 128
98.16135406 179.45381165 533.37225342 64 255 128
203.81816101 224.56788635 404.04888916 64 255 128
164.25199890 297.53698730 484.86300659 64 255 128
86.58032227 133.13995361 499.64834595 64 255 128
122.93844604 206.94279480 368.00570679 64 255 128
178.62487793 107.60441589 429.23199463 64 255 128
100.11923218 204.10116577 534.91284180 64 255 128
250.53999329 271.12298584 428.56900024 64 255 128
190.41377258 124.85425568 426.48083496 64 255 128
258.99172974 228.54965210 427.42919922 64 255 128
96.92213440 256.55145264 457.08203125 64 255 128
80.22187042 158.28779602 452.64868164 64 255 128
121.06143188 272.04299927 454.06338501 64 255 128
122.30847931 150.06030273 375.36474609 64 255 128
203.93200684 194.42399597 460.75201416 64 255 128
104.45490265 251.89625549 499.64123535 64 255 128
197.18701172 213.18499756 479.24499512 64 255 128
105.11222839 118.63259125 413.25784302 64 255 128
194.13429260 257.81503296 414.20751953 64 255 128
243.97579956 264.52172852 423.28833008 64 255 128
93.40625000 158.74592590 403.64956665 64 255 128
171.13072205 282.96319580 442.64880371 64 255 128
138.12770081 120.58443451 385.71899414 64 255 128
116.36103058 207.15716553 514.91558838 64 255 128
125.70662689 204.20075989 508.95892334 64 255 128
88.39556122 207.42459106 406.30007935 64 255 128
208.83551025 219.59292603 405.75823975 64 255 128
166.24179077 104.81929016 440.27706909 64 255 128
165.26199341 292.53900146 493.99600220 64 255 128
73.31428528 205.28491211 506.62100220 64 255 128
100.65850830 154.14967346 389.18069458 64 255 128
149.08853149 284.48141479 473.70333862 64 255 128
213.61399841 291.04598999 461.42599487 64 255 128
119.42225647 129.61486816 473.55688477 64 255 128
98.34831238 217.78399658 389.04461670 64 255 128
192.72692871 271.73339844 422.06637573 64 255 128
149.60997009 276.44430542 441.22427368 64 255 128
128.96551514 179.79475403 504.90744019 64 255 128
151.92977905 94.69493866 415.24963379 64 255 128
128.69602966 235.74073792 377.35690308 64 255 128
139.19526672 102.64690399 397.47244263 64 255 128
131.60513306 252.48605347 489.58938599 64 255 128
77.03551483 209.11360168 472.08120728 64 255 128
85.17191315 227.97795105 445.92993164 64 255 128
78.09970856 217.23132324 486.10525513 64 255 128
148.94711304 147.06007385 463.20794678 64 255 128
170.16252136 246.35411072 392.90783691 64 255 128
105.34900665 224.37945557 515.88970947 64 255 128
168.22836304 291.53793335 466.42810059 64 255 128
137.67388916 117.87091064 460.11099243 64 255 128
160.23742676 96.59456635 416.39227295 64 255 128
220.28665161 255.34367371 420.83029175 64 255 128
189.21328735 215.74665833 387.15594482 64 255 128
173.52339172 160.88081360 379.25354004 64 255 128
165.74552917 131.79959106 386.28970337 64 255 128
113.88706970 270.81555176 492.97979736 64 255 128
169.57072449 252.29364014 399.01675415 64 255 128
103.79049683 113.21955872 452.71334839 64 255 128
159.39016724 181.70335388 367.38235474 64 255 128
147.63961792 98.63500214 446.98141479 64 255 128
176.60610962 149.96621704 385.51824951 64 255 128
105.30603027 164.15725708 379.81805420 64 255 128
151.83407593 93.72163391 439.64712524 64 255 128
226.84283447 256.16567993 422.59024048 64 255 128
167.69271851 175.93768311 370.30981445 64 255 128
181.07084656 273.29299927 425.10009766 64 255 128
211.61640930 187.82164001 444.66476440 64 255 128
260.63949585 216.43263245 424.56372070 64 255 128
179.05700684 226.15400696 453.46899414 64 255 128
147.05699158 249.83599854 486.85397339 64 255 128
85.97922516 150.35682678 515.20758057 64 255 128
109.84963226 126.88486481 481.00299072 64 255 128
217.83499146 279.38299561 467.79901123 64 255 128
249.85369873 214.62417603 434.90225220 64 255 128
154.29980469 212.73345947 367.19180298 64 255 128
212.00604248 187.16688538 450.01235962 64 255 128
177.16078186 179.08811951 472.78314209 64 255 128
193.02278137 135.81954956 429.34002686 64 255 128
151.98530579 196.51940918 470.29821777 64 255 128
166.16548157 99.91411591 414.32644653 64 255 128
