ply
format ascii 1.0
element vertex 4096
property float x
property float y
property float z
property uchar red
property uchar green
property uchar blue
end_header
89.95664978 116.90232086 422.14718628 255 64 64
83.30549622 125.28473663 426.88290405 255 64 64
90.07376862 110.25872803 411.29302979 255 64 64
82.78602600 118.87065887 414.98742676 255 64 64
109.18609619 96.10568237 396.72091675 255 64 64
100.43438721 101.24162292 402.01574707 255 64 64
118.42895508 90.45948029 384.30264282 255 64 64
108.43238831 94.58126068 389.48605347 255 64 64
242.48829651 264.38909912 358.05209351 255 64 64
243.49041748 266.69769287 368.67959595 255 64 64
251.86007690 259.31158447 359.81732178 255 64 64
250.64898682 264.05865479 366.14215088 255 64 64
97.90405273 105.61406708 409.50869751 255 64 64
90.33767700 112.68221283 414.72799683 255 64 64
103.34624481 98.32632446 397.71759033 255 64 64
95.52769470 105.63295746 402.89721680 255 64 64
163.51597595 79.01825714 349.61389160 255 64 64
160.95355225 78.90468597 360.33203125 255 64 64
174.51512146 82.87298584 341.46853638 255 64 64
172.28941345 80.50418854 351.58978271 255 64 64
149.88331604 79.53145599 358.19091797 255 64 64
138.68157959 81.45256042 360.57791138 255 64 64
159.81942749 80.61856842 347.60974121 255 64 64
147.15560913 80.04124451 347.61917114 255 64 64
127.48873138 87.30933380 382.57144165 255 64 64
118.97031403 92.42378998 389.60226440 255 64 64
140.00143433 85.16155243 369.80938721 255 64 64
130.77935791 88.86775208 377.19348145 255 64 64
95.34832001 102.77430725 396.13742065 255 64 64
87.82633972 110.71469116 400.11108398 255 64 64
100.32959747 98.87352753 383.46981812 255 64 64
91.14152527 107.24177551 386.48654175 255 64 64
78.65416718 128.82629395 423.99432373 255 64 64
76.28466034 138.77563477 429.54229736 255 64 64
76.26836395 129.76324463 413.20062256 255 64 64
73.55482483 140.15081787 417.66101074 255 64 64
151.46989441 80.46765900 338.69189453 255 64 64
140.85185242 83.83384705 335.59298706 255 64 64
160.47189331 83.58201599 330.17535400 255 64 64
149.76885986 85.95128632 326.34539795 255 64 64
129.81689453 82.05404663 363.89324951 255 64 64
119.63143921 87.57746887 364.58932495 255 64 64
138.69612122 80.45784760 353.84472656 255 64 64
127.02212524 84.84031677 352.83459473 255 64 64
110.60572815 91.39472961 376.30581665 255 64 64
101.73028564 98.22344208 378.55184937 255 64 64
118.46394348 89.26884460 365.33361816 255 64 64
107.74956512 95.85954285 366.26110840 255 64 64
173.63917542 86.32810974 334.38369751 255 64 64
163.85040283 83.44691467 333.30673218 255 64 64
181.93374634 93.93791962 328.25131226 255 64 64
173.01770020 90.31860352 326.19183350 255 64 64
254.45297241 223.87417603 353.09912109 255 64 64
256.40948486 236.17152405 355.13003540 255 64 64
260.40460205 220.86874390 350.84643555 255 64 64
260.34393311 229.36946106 352.47320557 255 64 64
96.99340820 124.08135986 428.34671021 255 64 64
92.12641144 134.26115417 434.73529053 255 64 64
110.62815857 125.70590210 420.11071777 255 64 64
106.05490875 136.50527954 428.29193115 255 64 64
89.90525818 139.43469238 433.93377686 255 64 64
85.47556305 150.65533447 435.79870605 255 64 64
98.33300781 146.46554565 426.60260010 255 64 64
94.49078369 158.56265259 430.77206421 255 64 64
132.13928223 83.56613922 344.07482910 255 64 64
123.34695435 90.59886169 343.59786987 255 64 64
140.24307251 82.37134552 334.87542725 255 64 64
131.10787964 88.82981873 333.85821533 255 64 64
95.86975098 106.22535706 376.02456665 255 64 64
89.53972626 115.32653046 379.10668945 255 64 64
102.60451508 103.24169159 364.60937500 255 64 64
95.12976074 112.95301056 367.05908203 255 64 64
76.99323273 147.14421082 426.33419800 255 64 64
77.67964935 157.61302185 430.79977417 255 64 64
76.18072510 154.96842957 418.80844116 255 64 64
77.63832092 166.10971069 422.70544434 255 64 64
83.70483398 117.19840240 402.98587036 255 64 64
79.24610138 126.59803772 408.29299927 255 64 64
87.34114838 115.37741089 388.42739868 255 64 64
81.26047516 126.17112732 392.98837280 255 64 64
220.58578491 266.10540771 361.46801758 255 64 64
219.00279236 268.82412720 371.53637695 255 64 64
231.37176514 265.58798218 362.71954346 255 64 64
225.98895264 267.71417236 367.65914917 255 64 64
186.96243286 95.32066345 332.23681641 255 64 64
191.94937134 97.66018677 340.61639404 255 64 64
190.21527100 105.15666199 327.64086914 255 64 64
196.48484802 107.61990356 336.87805176 255 64 64
113.63189697 94.80052948 357.35061646 255 64 64
105.99563599 102.88731384 358.52224731 255 64 64
121.87641144 92.28816223 347.10375977 255 64 64
113.49116516 100.55251312 347.72909546 255 64 64
177.67839050 89.49685669 352.12408447 255 64 64
173.51881409 96.01766968 361.47836304 255 64 64
187.53988647 96.48708344 345.21932983 255 64 64
184.42398071 102.74532318 356.23971558 255 64 64
162.62870789 272.95901489 394.08654785 255 64 64
160.27500916 268.35458374 403.80541992 255 64 64
174.85617065 274.38613892 397.83123779 255 64 64
169.43286133 271.98852539 402.90768433 255 64 64
150.84365845 90.88615417 372.47079468 255 64 64
143.03833008 98.85204315 379.60174561 255 64 64
164.79954529 94.81903839 364.40383911 255 64 64
157.39657593 101.92733002 371.82568359 255 64 64
219.05303955 265.76141357 385.19784546 255 64 64
215.01484680 264.66720581 395.56274414 255 64 64
230.51635742 263.99291992 382.30105591 255 64 64
224.25741577 263.99932861 388.99282837 255 64 64
169.01858521 95.23804474 317.90472412 255 64 64
159.77572632 99.21060181 311.12322998 255 64 64
178.02719116 104.18809509 316.88891602 255 64 64
169.45304871 108.49689484 310.10552979 255 64 64
75.22128296 144.31237793 411.37359619 255 64 64
74.28811646 154.61117554 416.93572998 255 64 64
76.82503510 147.95057678 400.25308228 255 64 64
75.96023560 159.04652405 405.49884033 255 64 64
114.84199524 108.01927948 400.61480713 255 64 64
109.33982849 117.24890900 409.65176392 255 64 64
128.95468140 112.42063904 391.62698364 255 64 64
124.23408508 121.55959320 402.02780151 255 64 64
125.34291840 97.06877136 334.95889282 255 64 64
117.66604614 104.76831818 335.18652344 255 64 64
134.24008179 96.24139404 324.95236206 255 64 64
125.81893921 103.46302032 325.01763916 255 64 64
81.50698853 169.51803589 426.23327637 255 64 64
84.40282440 177.63314819 429.01434326 255 64 64
83.48098755 180.63098145 420.55776978 255 64 64
87.39498901 188.19451904 423.15420532 255 64 64
144.65156555 94.67378998 319.37414551 255 64 64
135.64483643 100.95469666 315.67926025 255 64 64
154.23065186 99.25837708 313.27459717 255 64 64
145.48083496 105.21437836 309.52682495 255 64 64
221.96966553 248.17495728 347.24981689 255 64 64
220.59353638 256.85015869 353.13687134 255 64 64
232.17616272 249.31970215 348.99572754 255 64 64
226.67819214 253.82707214 350.99899292 255 64 64
185.13311768 269.80963135 404.15405273 255 64 64
178.00971985 264.16436768 409.88336182 255 64 64
197.33271790 267.90490723 407.06640625 255 64 64
190.29998779 265.33731079 410.25973511 255 64 64
198.69009399 269.93811035 377.89614868 255 64 64
197.24597168 270.16574097 389.63815308 255 64 64
210.51696777 270.81448364 377.30065918 255 64 64
204.82472229 270.44433594 384.07128906 255 64 64
197.53039551 265.08398438 356.53604126 255 64 64
194.96986389 268.24853516 366.56472778 255 64 64
208.69235229 265.73797607 358.43478394 255 64 64
202.29856873 267.24917603 362.96353149 255 64 64
176.25701904 271.77514648 374.21041870 255 64 64
173.55198669 270.74847412 384.78121948 255 64 64
188.44198608 272.67218018 376.47119141 255 64 64
181.86120605 271.92840576 381.73370361 255 64 64
236.30000305 193.40956116 344.66830444 255 64 64
240.83169556 198.70346069 346.75375366 255 64 64
244.52893066 195.33633423 341.35699463 255 64 64
245.43542480 196.81098938 343.07791138 255 64 64
115.73255920 127.14186096 415.48638916 255 64 64
111.19566345 136.77195740 422.88180542 255 64 64
129.45233154 131.86056519 410.32754517 255 64 64
124.08758545 141.49255371 418.18765259 255 64 64
105.16667175 243.06309509 395.70294189 255 64 64
108.55646515 239.33752441 405.81283569 255 64 64
116.75611877 251.59378052 395.62783813 255 64 64
116.06970215 247.54379272 403.12997437 255 64 64
84.90769958 124.37889099 382.38540649 255 64 64
80.62628937 134.13365173 387.24151611 255 64 64
91.86651611 122.87147522 369.16433716 255 64 64
86.64722443 133.82763672 373.45233154 255 64 64
120.62222290 257.45507812 378.35791016 255 64 64
120.33036804 255.16799927 389.78634644 255 64 64
132.09408569 263.29455566 378.39639282 255 64 64
127.91468048 260.48187256 385.79559326 255 64 64
108.89356995 149.81248474 433.74691772 255 64 64
100.88801575 159.26123047 435.72470093 255 64 64
121.47332764 155.75148010 427.59539795 255 64 64
113.05219269 165.34002686 431.47729492 255 64 64
184.79943848 106.44891357 321.46426392 255 64 64
183.41386414 111.90716553 314.53921509 255 64 64
190.80691528 116.59942627 324.36953735 255 64 64
190.30114746 122.55731201 319.30514526 255 64 64
77.21508789 166.49902344 413.10507202 255 64 64
77.74436188 175.81555176 418.43203735 255 64 64
80.23972321 172.92538452 404.47802734 255 64 64
81.21349335 182.10212708 409.79931641 255 64 64
153.00444031 103.70207977 309.44854736 255 64 64
145.81114197 111.93431854 304.44839478 255 64 64
162.56369019 107.98254395 307.82260132 255 64 64
155.78408813 116.35834503 302.77709961 255 64 64
233.12756348 223.34872437 346.38226318 255 64 64
230.79843140 235.22860718 347.01058960 255 64 64
241.71350098 223.58154297 346.15444946 255 64 64
236.56245422 229.84817505 346.31011963 255 64 64
91.57132721 217.82055664 410.53787231 255 64 64
97.40454102 217.78985596 414.88632202 255 64 64
100.40568542 229.01614380 412.04718018 255 64 64
104.29985046 227.73304749 415.55596924 255 64 64
124.62821198 256.78112793 350.74465942 255 64 64
123.29193115 258.04815674 362.97399902 255 64 64
135.77517700 262.85070801 349.65658569 255 64 64
130.45387268 261.71566772 357.33535767 255 64 64
183.85910034 107.66925049 361.11163330 255 64 64
178.02777100 115.95437622 367.81188965 255 64 64
192.33123779 114.12583160 355.26614380 255 64 64
186.46591187 122.87943268 363.22824097 255 64 64
138.24195862 109.95862579 384.71875000 255 64 64
131.15068054 119.36014557 391.71560669 255 64 64
150.89445496 115.36114502 378.15261841 255 64 64
143.92784119 124.29231262 385.64059448 255 64 64
149.80920410 265.50277710 372.76800537 255 64 64
145.63595581 264.64279175 382.59268188 255 64 64
159.86528015 267.48114014 372.94793701 255 64 64
153.47999573 266.07077026 377.95837402 255 64 64
234.93905640 231.89404297 373.06964111 255 64 64
231.89303589 243.07876587 377.17111206 255 64 64
242.52972412 234.28443909 368.19058228 255 64 64
237.35302734 238.81265259 372.39736938 255 64 64
91.57665253 218.47747803 386.44888306 255 64 64
94.54615784 222.69276428 396.85348511 255 64 64
99.58384705 229.18853760 380.84707642 255 64 64
99.15940857 229.77867126 390.09936523 255 64 64
132.49835205 110.89041138 314.57394409 255 64 64
125.32583618 119.91603088 311.76501465 255 64 64
142.60258484 111.07931519 307.72787476 255 64 64
135.70019531 119.84236145 304.81317139 255 64 64
160.38491821 107.30737305 374.60388184 255 64 64
152.29246521 115.56983948 380.18395996 255 64 64
172.34980774 112.20365143 368.95306396 255 64 64
164.60681152 119.97875214 374.98651123 255 64 64
107.24259949 240.17480469 363.84136963 255 64 64
108.79299927 243.68171692 376.32760620 255 64 64
116.99690247 248.94210815 357.31677246 255 64 64
114.19363403 248.03620911 366.96386719 255 64 64
117.75276184 111.96132660 331.50036621 255 64 64
111.30374146 121.09272766 331.84509277 255 64 64
126.63859558 108.85959625 321.19955444 255 64 64
119.77587891 117.72275543 321.33413696 255 64 64
78.26116180 157.34600830 396.04006958 255 64 64
77.23944855 167.45968628 402.04235840 255 64 64
83.53712463 160.68197632 385.35781860 255 64 64
81.68637848 171.50968933 391.23257446 255 64 64
126.36123657 148.70211792 421.86312866 255 64 64
118.59747314 158.06774902 426.73861694 255 64 64
138.27229309 153.08457947 415.96569824 255 64 64
129.46202087 162.28398132 421.81781006 255 64 64
101.45692444 113.96547699 355.36111450 255 64 64
95.54957581 123.71646118 358.08065796 255 64 64
110.92315674 110.44061279 344.11590576 255 64 64
104.66113281 120.76207733 346.52249146 255 64 64
172.41796875 260.10888672 346.96832275 255 64 64
168.63621521 264.72796631 356.86288452 255 64 64
183.35383606 261.79879761 348.51022339 255 64 64
176.45854187 263.25048828 353.08087158 255 64 64
81.94635010 188.49525452 404.61721802 255 64 64
84.38410187 197.36975098 410.55245972 255 64 64
85.91654968 197.29229736 398.35144043 255 64 64
87.48583221 204.71415710 404.49444580 255 64 64
144.21023560 170.33631897 409.32180786 255 64 64
140.94647217 170.40324402 409.39321899 255 64 64
144.88127136 170.33830261 409.23703003 255 64 64
144.19686890 170.39044189 409.31799316 255 64 64
132.51617432 173.26167297 415.56842041 255 64 64
129.29196167 173.31932068 415.62139893 255 64 64
133.18388367 173.27822876 415.45309448 255 64 64
132.49911499 173.32194519 415.51916504 255 64 64
136.65754700 181.97631836 405.17864990 255 64 64
133.60989380 182.03561401 405.20190430 255 64 64
137.28274536 181.99400330 405.11184692 255 64 64
136.65170288 182.03738403 405.14785767 255 64 64
123.09120941 224.56388855 412.75015259 255 64 64
120.23908997 224.59771729 412.77703857 255 64 64
123.63856506 224.56974792 412.70788574 255 64 64
123.12501526 224.60197449 412.74432373 255 64 64
162.69860840 183.15919495 393.25854492 255 64 64
159.97470093 183.18893433 393.30007935 255 64 64
163.14369202 183.16955566 393.23089600 255 64 64
162.70498657 183.18940735 393.28436279 255 64 64
166.98141479 187.90562439 383.03228760 255 64 64
164.10285950 187.93495178 383.06304932 255 64 64
167.44145203 187.92053223 383.01220703 255 64 64
167.01750183 187.93844604 383.06008911 255 64 64
150.92311096 179.14701843 398.66116333 255 64 64
147.96008301 179.19313049 398.69711304 255 64 64
151.47119141 179.16195679 398.59408569 255 64 64
150.91081238 179.19628906 398.64245605 255 64 64
158.23199463 195.67358398 395.49850464 255 64 64
154.87780762 195.72459412 395.51742554 255 64 64
158.82666016 195.68971252 395.48657227 255 64 64
158.19242859 195.72808838 395.52639771 255 64 64
75.84347534 154.63960266 398.35867310 255 64 64
74.69325256 154.70703125 398.40045166 255 64 64
75.93783569 154.66239929 398.34619141 255 64 64
75.82791901 154.70765686 398.35137939 255 64 64
75.56405640 161.81286621 409.56860352 255 64 64
74.64883423 161.85330200 409.60202026 255 64 64
75.64020538 161.84712219 409.60220337 255 64 64
75.64350891 161.86769104 409.60510254 255 64 64
173.25065613 210.43724060 395.46923828 255 64 64
169.59571838 210.47929382 395.49304199 255 64 64
173.84875488 210.44718933 395.45361328 255 64 64
173.23049927 210.47885132 395.50717163 255 64 64
144.43490601 191.17001343 395.60162354 255 64 64
141.09942627 191.22106934 395.61367798 255 64 64
145.11058044 191.19868469 395.57000732 255 64 64
144.45660400 191.23487854 395.60272217 255 64 64
173.13058472 225.91732788 403.83541870 255 64 64
169.36306763 225.98767090 403.83700562 255 64 64
173.70463562 225.96174622 403.80798340 255 64 64
173.08164978 226.01704407 403.84600830 255 64 64
173.42678833 233.29237366 371.83953857 255 64 64
169.96272278 233.32458496 371.71926880 255 64 64
173.97134399 233.38157654 371.92990112 255 64 64
173.81976318 233.41450500 371.87274170 255 64 64
133.97355652 195.87341309 401.28759766 255 64 64
130.66114807 195.92985535 401.28955078 255 64 64
134.66152954 195.91410828 401.21697998 255 64 64
134.00926208 195.95669556 401.23989868 255 64 64
78.34645844 173.59269714 409.44891357 255 64 64
77.41188049 173.62464905 409.48132324 255 64 64
78.45941925 173.63652039 409.48297119 255 64 64
78.46189880 173.65231323 409.48919678 255 64 64
166.57427979 198.77827454 387.11087036 255 64 64
163.47846985 198.81660461 387.12814331 255 64 64
167.08224487 198.78910828 387.11093140 255 64 64
166.58135986 198.81987000 387.14831543 255 64 64
79.01705933 154.82360840 383.48989868 255 64 64
77.68307495 154.91033936 383.54449463 255 64 64
79.16794586 154.85641479 383.47436523 255 64 64
79.02615356 154.91458130 383.49078369 255 64 64
129.57385254 216.56091309 403.19815063 255 64 64
126.43183136 216.60659790 403.21185303 255 64 64
130.17758179 216.60867310 403.13714600 255 64 64
129.61448669 216.64797974 403.16101074 255 64 64
119.09805298 171.52270508 420.65863037 255 64 64
116.36522675 171.55416870 420.75271606 255 64 64
119.65589142 171.52772522 420.59002686 255 64 64
119.08963776 171.55879211 420.66931152 255 64 64
166.68949890 187.00427246 372.14199829 255 64 64
164.24240112 187.01953125 372.16732788 255 64 64
167.09109497 187.01348877 372.16485596 255 64 64
166.82191467 187.02111816 372.20333862 255 64 64
120.83032227 206.63275146 410.27389526 255 64 64
117.98098755 206.67453003 410.33761597 255 64 64
121.44777679 206.66578674 410.20721436 255 64 64
120.89331055 206.70295715 410.26882935 255 64 64
81.99429321 183.61936951 411.54232788 255 64 64
81.00942230 183.64498901 411.55844116 255 64 64
82.10810852 183.66090393 411.58328247 255 64 64
82.10420990 183.67262268 411.57800293 255 64 64
138.73866272 222.64825439 403.52838135 255 64 64
135.38458252 222.69107056 403.53112793 255 64 64
139.36218262 222.69015503 403.49105835 255 64 64
138.75929260 222.72703552 403.51110840 255 64 64
157.57710266 229.36093140 411.04412842 255 64 64
153.67643738 229.42265320 411.03735352 255 64 64
158.26223755 229.39590454 411.03659058 255 64 64
157.54241943 229.44953918 411.06015015 255 64 64
87.48658752 164.13389587 424.51296997 255 64 64
86.22863770 164.15472412 424.52816772 255 64 64
87.72483826 164.13920593 424.54794312 255 64 64
87.58800507 164.15431213 424.54241943 255 64 64
154.06713867 180.87420654 363.08822632 255 64 64
151.26225281 180.89712524 363.07510376 255 64 64
154.63372803 180.96479797 363.09161377 255 64 64
154.40115356 180.96955872 363.10696411 255 64 64
85.06472015 178.74862671 422.30416870 255 64 64
83.91603851 178.77085876 422.31442261 255 64 64
85.24736023 178.76725769 422.34765625 255 64 64
85.14057922 178.78088379 422.33807373 255 64 64
157.23701477 207.57537842 400.70510864 255 64 64
153.88442993 207.62132263 400.72280884 255 64 64
157.84274292 207.57446289 400.72015381 255 64 64
157.20355225 207.61373901 400.75613403 255 64 64
147.90528870 261.16088867 335.93801880 255 64 64
143.24053955 261.23110962 335.89303589 255 64 64
148.65615845 261.23889160 335.98849487 255 64 64
148.14389038 261.28155518 335.95910645 255 64 64
149.27372742 203.04248047 396.15975952 255 64 64
145.94561768 203.08155823 396.17852783 255 64 64
149.91616821 203.05369568 396.13424683 255 64 64
149.27075195 203.08706665 396.17041016 255 64 64
111.61909485 179.14149475 420.00735474 255 64 64
109.24516296 179.15596008 420.09014893 255 64 64
112.13467407 179.17382812 419.96725464 255 64 64
111.69064331 179.18948364 420.03591919 255 64 64
80.13535309 172.61390686 393.79501343 255 64 64
78.93235779 172.67219543 393.84963989 255 64 64
80.29414368 172.64845276 393.80352783 255 64 64
80.20619202 172.68797302 393.82821655 255 64 64
134.05200195 206.34445190 399.84329224 255 64 64
130.72134399 206.39369202 399.87579346 255 64 64
134.72300720 206.38177490 399.78582764 255 64 64
134.06251526 206.42144775 399.82742310 255 64 64
148.62135315 264.50680542 352.59194946 255 64 64
143.64831543 264.54803467 352.59606934 255 64 64
149.40882874 264.59762573 352.62670898 255 64 64
148.70565796 264.62811279 352.62594604 255 64 64
85.53263092 151.22631836 368.44189453 255 64 64
83.99983215 151.31097412 368.47528076 255 64 64
85.77031708 151.25880432 368.44824219 255 64 64
85.59995270 151.31607056 368.44891357 255 64 64
151.10086060 244.78805542 413.96774292 255 64 64
147.16471863 244.83232117 413.95248413 255 64 64
151.80377197 244.84663391 413.97674561 255 64 64
151.14595032 244.89096069 413.98913574 255 64 64
162.32723999 221.86965942 406.29321289 255 64 64
158.24028015 221.91238403 406.34201050 255 64 64
163.06167603 221.90177917 406.24935913 255 64 64
162.23500061 221.93347168 406.32147217 255 64 64
152.99430847 216.01470947 406.52059937 255 64 64
149.47212219 216.05892944 406.54211426 255 64 64
153.64015198 216.01791382 406.52841187 255 64 64
152.92387390 216.05834961 406.56524658 255 64 64
173.83276367 221.67837524 370.28103638 255 64 64
170.27577209 221.70916748 370.21783447 255 64 64
174.37300110 221.73016357 370.31051636 255 64 64
174.01350403 221.75657654 370.28802490 255 64 64
133.77380371 245.06890869 314.12673950 255 64 64
129.09700012 245.15254211 314.13604736 255 64 64
134.49891663 245.17451477 314.08932495 255 64 64
133.98677063 245.19131470 314.09951782 255 64 64
128.28338623 190.28776550 406.96328735 255 64 64
125.32041168 190.28366089 407.06259155 255 64 64
128.85614014 190.35542297 406.84939575 255 64 64
128.27708435 190.34893799 406.93560791 255 64 64
141.64486694 263.73678589 344.66723633 255 64 64
137.02851868 263.75903320 344.69244385 255 64 64
142.40466309 263.83966064 344.71591187 255 64 64
141.89062500 263.84805298 344.72955322 255 64 64
117.53413391 191.06851196 412.38110352 255 64 64
114.74205017 191.07774353 412.48645020 255 64 64
118.07357788 191.13562012 412.26702881 255 64 64
117.54312134 191.14184570 412.35647583 255 64 64
128.70776367 257.14434814 406.43872070 255 64 64
125.36347198 257.10430908 406.43463135 255 64 64
129.32611084 257.21682739 406.46997070 255 64 64
128.83656311 257.19049072 406.47332764 255 64 64
156.56823730 181.28669739 374.57015991 255 64 64
154.06694031 181.31152344 374.59146118 255 64 64
157.03576660 181.32173157 374.58685303 255 64 64
156.73010254 181.33445740 374.61975098 255 64 64
91.10487366 192.10119629 418.25741577 255 64 64
89.84680939 192.12173462 418.26373291 255 64 64
91.33740234 192.12445068 418.29919434 255 64 64
91.22388458 192.13871765 418.29010010 255 64 64
143.91351318 232.74279785 411.47833252 255 64 64
140.17584229 232.76371765 411.50122070 255 64 64
144.63815308 232.77656555 411.46740723 255 64 64
143.93762207 232.80039978 411.51062012 255 64 64
94.07420349 213.94319153 404.23324585 255 64 64
92.72570038 213.96060181 404.25158691 255 64 64
94.27668762 213.97605896 404.28042603 255 64 64
94.20182800 213.98829651 404.28137207 255 64 64
104.33117676 169.97615051 422.85214233 255 64 64
102.47009277 170.00378418 422.86663818 255 64 64
104.76766968 170.00619507 422.85729980 255 64 64
104.42678833 170.03161621 422.86376953 255 64 64
145.61167908 263.17260742 402.81701660 255 64 64
141.53364563 263.16873169 402.76232910 255 64 64
146.30462646 263.23883057 402.84481812 255 64 64
145.66455078 263.24069214 402.81405640 255 64 64
97.37187195 209.86888123 416.75241089 255 64 64
95.81221008 209.87762451 416.77200317 255 64 64
97.64704132 209.91162109 416.76831055 255 64 64
97.48246002 209.92037964 416.77578735 255 64 64
161.13307190 238.84387207 411.40652466 255 64 64
156.96505737 238.90838623 411.39389038 255 64 64
161.86570740 238.90997314 411.39959717 255 64 64
161.11889648 238.96685791 411.41622925 255 64 64
91.06483459 203.34164429 409.77969360 255 64 64
89.85162354 203.35421753 409.78332520 255 64 64
91.25325775 203.40019226 409.83236694 255 64 64
91.18726349 203.40621948 409.82138062 255 64 64
85.62116241 173.92439270 379.48205566 255 64 64
84.20488739 173.99552917 379.52624512 255 64 64
85.85445404 173.97016907 379.49447632 255 64 64
85.71844482 174.01969910 379.51226807 255 64 64
151.15989685 265.88348389 365.78283691 255 64 64
146.72103882 265.89318848 365.79638672 255 64 64
151.86521912 265.96902466 365.87280273 255 64 64
151.25633240 265.98663330 365.88284302 255 64 64
137.49890137 265.82797241 364.40261841 255 64 64
133.36714172 265.81750488 364.40905762 255 64 64
138.15486145 265.90112305 364.46328735 255 64 64
137.59436035 265.89831543 364.46569824 255 64 64
148.63710022 266.71426392 381.14352417 255 64 64
144.50189209 266.70800781 381.11788940 255 64 64
149.30326843 266.78613281 381.21057129 255 64 64
148.75663757 266.79052734 381.19738770 255 64 64
163.44721985 269.67144775 378.57434082 255 64 64
158.75233459 269.66729736 378.57147217 255 64 64
164.18046570 269.75253296 378.63388062 255 64 64
163.55804443 269.76123047 378.64120483 255 64 64
87.42675781 194.13766479 407.67974854 255 64 64
86.26573944 194.16685486 407.69647217 255 64 64
87.58868408 194.19154358 407.72567749 255 64 64
87.51961517 194.21022034 407.72421265 255 64 64
99.48368073 182.48057556 422.32458496 255 64 64
97.96374512 182.50778198 422.33657837 255 64 64
99.84246826 182.51406860 422.36709595 255 64 64
99.60740662 182.53819275 422.36993408 255 64 64
86.28070831 186.79530334 392.79391479 255 64 64
85.03604126 186.85340881 392.83880615 255 64 64
86.47515869 186.82829285 392.81005859 255 64 64
86.37031555 186.87086487 392.82836914 255 64 64
157.54966736 267.37365723 390.17138672 255 64 64
153.09596252 267.34432983 390.16601562 255 64 64
158.28260803 267.42614746 390.20352173 255 64 64
157.62709045 267.41314697 390.20986938 255 64 64
133.03549194 253.97526550 329.11718750 255 64 64
128.95657349 254.00849915 329.13671875 255 64 64
133.72674561 254.06756592 329.14346313 255 64 64
133.33432007 254.07522583 329.16058350 255 64 64
250.29342651 217.49313354 358.63626099 255 64 64
248.52108765 227.44058228 363.87823486 255 64 64
258.93945312 222.51042175 353.26962280 255 64 64
256.78167725 230.76721191 358.35290527 255 64 64
246.35960388 203.18695068 343.64804077 255 64 64
249.33428955 213.75398254 345.63336182 255 64 64
258.03549194 208.90777588 345.43029785 255 64 64
260.79956055 219.04788208 348.35729980 255 64 64
234.75219727 207.37200928 367.03472900 255 64 64
231.26701355 214.61442566 374.18457031 255 64 64
243.13934326 213.33557129 362.26406860 255 64 64
239.30279541 220.27951050 369.12585449 255 64 64
248.35296631 239.48965454 364.11245728 255 64 64
244.03472900 249.32752991 368.92562866 255 64 64
257.32098389 242.72879028 358.15457153 255 64 64
252.84878540 250.52656555 362.41235352 255 64 64
222.29051208 188.56755066 355.24127197 255 64 64
225.04750061 194.38565063 362.19088745 255 64 64
230.82876587 194.47584534 352.17166138 255 64 64
234.04100037 199.42312622 359.31204224 255 64 64
212.56005859 175.40550232 377.76754761 255 64 64
212.23913574 178.74996948 386.88571167 255 64 64
220.16539001 182.79194641 373.28115845 255 64 64
220.12384033 184.87409973 382.36911011 255 64 64
221.76017761 196.17736816 375.94204712 255 64 64
218.13897705 201.37586975 383.81539917 255 64 64
228.98840332 203.49957275 371.41979980 255 64 64
224.88645935 208.44119263 378.88888550 255 64 64
211.45146179 167.73524475 362.65228271 255 64 64
213.91375732 171.43579102 370.18179321 255 64 64
218.13850403 175.76913452 357.58221436 255 64 64
222.24328613 177.38517761 365.36297607 255 64 64
230.29795837 226.58876038 376.10662842 255 64 64
224.48551941 233.40425110 381.79061890 255 64 64
238.82299805 232.66564941 371.10293579 255 64 64
233.04833984 239.26391602 376.30404663 255 64 64
240.53913879 219.48519897 344.26385498 255 64 64
243.24182129 230.31668091 346.70443726 255 64 64
252.82611084 223.88938904 347.66876221 255 64 64
254.90464783 234.46020508 350.71667480 255 64 64
243.52186584 260.80883789 367.44274902 255 64 64
239.26785278 267.25787354 376.67617798 255 64 64
252.79022217 260.58828735 362.35192871 255 64 64
248.55131531 264.37808228 369.87200928 255 64 64
224.22390747 194.80548096 341.11444092 255 64 64
227.71429443 204.17866516 341.38439941 255 64 64
234.28184509 199.49679565 342.85702515 255 64 64
238.84094238 208.86999512 343.43103027 255 64 64
209.19410706 179.27511597 346.40786743 255 64 64
213.85426331 185.84313965 348.92022705 255 64 64
218.33496094 185.87715149 344.78756714 255 64 64
225.09567261 191.25889587 347.82272339 255 64 64
217.30168152 208.81237793 385.70083618 255 64 64
210.72419739 214.30273438 390.88424683 255 64 64
224.86048889 216.25689697 382.00076294 255 64 64
218.24429321 221.66981506 386.87579346 255 64 64
226.55586243 250.97283936 382.71621704 255 64 64
219.55902100 256.03817749 390.74444580 255 64 64
236.32858276 255.67572021 376.81121826 255 64 64
229.90316772 259.59136963 383.58706665 255 64 64
205.69003296 185.64952087 389.79333496 255 64 64
199.68679810 189.78736877 395.84945679 255 64 64
214.42095947 193.31837463 388.57778931 255 64 64
208.10415649 197.00804138 394.36282349 255 64 64
215.05187988 232.68927002 387.49288940 255 64 64
208.19105530 238.41481018 393.34310913 255 64 64
223.14340210 239.66343689 382.24670410 255 64 64
216.61407471 245.14245605 387.70635986 255 64 64
233.31893921 238.45164490 345.58474731 255 64 64
236.31015015 249.14334106 349.13888550 255 64 64
246.08428955 242.13896179 350.01110840 255 64 64
248.28684998 252.42642212 353.77682495 255 64 64
200.42044067 145.23355103 349.35754395 255 64 64
200.85231018 153.02375793 354.21789551 255 64 64
200.95904541 160.28128052 342.28323364 255 64 64
204.01921082 165.11898804 348.83618164 255 64 64
199.29766846 123.93229675 340.05328369 255 64 64
202.18310547 134.03463745 342.43579102 255 64 64
201.41900635 141.09948730 338.36877441 255 64 64
204.83903503 148.69229126 342.02777100 255 64 64
194.79620361 118.95455933 357.69555664 255 64 64
192.86706543 126.58042908 364.66781616 255 64 64
199.94311523 133.11447144 353.73431396 255 64 64
198.12460327 138.29974365 360.82373047 255 64 64
193.04699707 140.45060730 365.68316650 255 64 64
191.42126465 146.66917419 373.01623535 255 64 64
196.86653137 154.66056824 361.24685669 255 64 64
196.63986206 158.14953613 369.00683594 255 64 64
203.80291748 216.13943481 394.61123657 255 64 64
196.11849976 221.30204773 397.76205444 255 64 64
211.66207886 223.70614624 392.50628662 255 64 64
204.27328491 228.84799194 395.67379761 255 64 64
188.37173462 172.44734192 385.65173340 255 64 64
187.58236694 174.74908447 394.62445068 255 64 64
197.53901672 180.48088074 385.54028320 255 64 64
197.27030945 181.13577271 394.35809326 255 64 64
217.09011841 212.29167175 337.13101196 255 64 64
220.45535278 221.81976318 339.82470703 255 64 64
227.27557373 215.48596191 341.09695435 255 64 64
231.20845032 224.92526245 343.69195557 255 64 64
190.44111633 171.27333069 366.93368530 255 64 64
192.57757568 174.27305603 375.29058838 255 64 64
199.66696167 180.28808594 366.61868286 255 64 64
203.82086182 180.47781372 374.98883057 255 64 64
206.12638855 193.18630981 329.62887573 255 64 64
208.75054932 202.34416199 331.74264526 255 64 64
214.66085815 196.20852661 335.31945801 255 64 64
219.40602112 205.08302307 337.31658936 255 64 64
183.76257324 146.13270569 379.43078613 255 64 64
180.25282288 151.24243164 388.06726074 255 64 64
190.24465942 158.07020569 376.77062988 255 64 64
187.32899475 160.92919922 385.05197144 255 64 64
203.91154480 242.82772827 396.57672119 255 64 64
196.49157715 247.06192017 403.91735840 255 64 64
213.62286377 249.42953491 393.87310791 255 64 64
206.78564453 253.40492249 400.56628418 255 64 64
219.30873108 268.45666504 373.91043091 255 64 64
215.44195557 267.98962402 386.18133545 255 64 64
230.94351196 268.10317993 377.31463623 255 64 64
227.15844727 267.14669800 388.37658691 255 64 64
197.88659668 198.50508118 387.03356934 255 64 64
191.28643799 202.84410095 390.14663696 255 64 64
206.11315918 205.09861755 388.36526489 255 64 64
198.93121338 208.81521606 391.93688965 255 64 64
192.03070068 170.60462952 352.41995239 255 64 64
194.30128479 175.60101318 358.61584473 255 64 64
199.91537476 181.87248230 351.46847534 255 64 64
205.50112915 183.11473083 358.62020874 255 64 64
196.34706116 134.72222900 329.10278320 255 64 64
196.57090759 147.19337463 325.53918457 255 64 64
199.64146423 148.53456116 332.55114746 255 64 64
201.74769592 158.36488342 330.91763306 255 64 64
178.98719788 167.20396423 396.59231567 255 64 64
173.53178406 169.61952209 405.26278687 255 64 64
186.90020752 176.63099670 395.05041504 255 64 64
182.45350647 177.38328552 402.86141968 255 64 64
216.33828735 256.86651611 348.64538574 255 64 64
218.44027710 263.29473877 357.65588379 255 64 64
229.37707520 259.93139648 354.05734253 255 64 64
230.64146423 265.75140381 363.45697021 255 64 64
171.42555237 119.89646149 370.16479492 255 64 64
164.79707336 125.73534393 378.68795776 255 64 64
183.26954651 129.69609070 372.82263184 255 64 64
176.57873535 133.39285278 379.94979858 255 64 64
193.31852722 176.65696716 334.24511719 255 64 64
194.46490479 183.38555908 338.44149780 255 64 64
198.63699341 187.41856384 336.37683105 255 64 64
204.42109680 190.78192139 342.13259888 255 64 64
191.33744812 223.23910522 399.17221069 255 64 64
183.30545044 227.84446716 401.83190918 255 64 64
198.65919495 231.11337280 398.52154541 255 64 64
190.86897278 235.68615723 401.52117920 255 64 64
166.39704895 140.74151611 388.76147461 255 64 64
159.75535583 145.57733154 398.06668091 255 64 64
175.64178467 150.14385986 388.97729492 255 64 64
169.21543884 152.91136169 396.78640747 255 64 64
208.59152222 239.46768188 339.52343750 255 64 64
212.17778015 248.72753906 344.74459839 255 64 64
219.84992981 242.05088806 344.61614990 255 64 64
223.36724854 251.07272339 349.36318970 255 64 64
183.08821106 248.94525146 408.65023804 255 64 64
174.37239075 252.97447205 411.94274902 255 64 64
193.17071533 256.15310669 408.29132080 255 64 64
185.13398743 260.07495117 412.11938477 255 64 64
177.89938354 181.20719910 380.51272583 255 64 64
178.79026794 182.02124023 389.57611084 255 64 64
187.25910950 186.86320496 383.21398926 255 64 64
189.17123413 185.77821350 392.23202515 255 64 64
201.80625916 221.68847656 330.12945557 255 64 64
204.86405945 230.19271851 335.19006348 255 64 64
211.25311279 222.60864258 336.38580322 255 64 64
215.16806030 230.97027588 340.90142822 255 64 64
192.01678467 155.34863281 316.44830322 255 64 64
191.58470154 167.81977844 313.12554932 255 64 64
196.41058350 165.83633423 322.71704102 255 64 64
198.18977356 175.48342896 320.65948486 255 64 64
182.40817261 205.76921082 391.81741333 255 64 64
174.69161987 209.84754944 393.65066528 255 64 64
189.73558044 212.06663513 394.32125854 255 64 64
181.36355591 215.86116028 396.65985107 255 64 64
193.46728516 271.18444824 386.29113770 255 64 64
189.86592102 269.39508057 398.81140137 255 64 64
205.67774963 269.69277954 391.38955688 255 64 64
202.01026917 267.47131348 402.74618530 255 64 64
196.18933105 206.60177612 318.53292847 255 64 64
198.02566528 215.07203674 324.29812622 255 64 64
203.29855347 205.63461304 328.30657959 255 64 64
206.71575928 213.96791077 333.33508301 255 64 64
147.69696045 120.49526978 381.33892822 255 64 64
141.39620972 126.62695312 391.04833984 255 64 64
161.28448486 128.91688538 382.84655762 255 64 64
154.00619507 132.55366516 390.85211182 255 64 64
193.60188293 182.82170105 310.87304688 255 64 64
193.42526245 194.02722168 311.56039429 255 64 64
198.26062012 187.03038025 320.40270996 255 64 64
200.50756836 196.21844482 321.21386719 255 64 64
175.50862122 195.52424622 371.45309448 255 64 64
174.37722778 198.89610291 378.66339111 255 64 64
183.92633057 200.66656494 374.46697998 255 64 64
183.48300171 202.55603027 382.19485474 255 64 64
195.41885376 264.95471191 356.32226562 255 64 64
195.86537170 267.37640381 367.71667480 255 64 64
207.66403198 266.63259888 362.54837036 255 64 64
207.55729675 268.19293213 373.92013550 255 64 64
174.56317139 230.15896606 405.25570679 255 64 64
166.00225830 234.80398560 407.00067139 255 64 64
181.76496887 238.51870728 405.59738159 255 64 64
173.36555481 243.15901184 407.89700317 255 64 64
153.31576538 149.85969543 406.26727295 255 64 64
143.31164551 156.32949829 411.68679810 255 64 64
164.11326599 156.38923645 405.31945801 255 64 64
154.91007996 161.07653809 409.68066406 255 64 64
182.98313904 125.28576660 316.36245728 255 64 64
182.47404480 136.87284851 310.33279419 255 64 64
190.16909790 135.11987305 320.53146362 255 64 64
190.60876465 145.24110413 316.51925659 255 64 64
179.31967163 204.90498352 367.40591431 255 64 64
176.06208801 210.19606018 372.27954102 255 64 64
186.31460571 209.65391541 369.05642700 255 64 64
182.92953491 214.26495361 374.42306519 255 64 64
168.14625549 210.14883423 399.45932007 255 64 64
160.00469971 214.49163818 401.13674927 255 64 64
174.98252869 216.94354248 402.30059814 255 64 64
166.20816040 221.43746948 404.34048462 255 64 64
191.63024902 249.84463501 339.25329590 255 64 64
194.42973328 256.75079346 347.35708618 255 64 64
203.08888245 252.03161621 344.22134399 255 64 64
205.91433716 258.49765015 352.13244629 255 64 64
162.22520447 173.29077148 401.85363770 255 64 64
151.09147644 177.01681519 402.99386597 255 64 64
170.80123901 178.17271423 396.76608276 255 64 64
160.43821716 179.86146545 397.35876465 255 64 64
136.97596741 134.71185303 403.71524048 255 64 64
128.63227844 141.40266418 412.20816040 255 64 64
149.13163757 141.50312805 402.69894409 255 64 64
140.97308350 146.16799927 409.59945679 255 64 64
187.45225525 237.18176270 326.01522827 255 64 64
188.91339111 243.96325684 333.58819580 255 64 64
196.80183411 235.62240601 333.87344360 255 64 64
199.15835571 242.28016663 340.59259033 255 64 64
163.98858643 194.10490417 378.26104736 255 64 64
160.79901123 196.18916321 384.92730713 255 64 64
172.01113892 199.50292969 380.85440063 255 64 64
168.61851501 200.11639404 387.43185425 255 64 64
185.78237915 222.67712402 311.37222290 255 64 64
186.74270630 229.66073608 318.83374023 255 64 64
193.34356689 219.80490112 321.07409668 255 64 64
195.39218140 226.94342041 327.77246094 255 64 64
172.92919922 217.41580200 366.64559937 255 64 64
168.07258606 222.65586853 371.07153320 255 64 64
179.43489075 222.07217407 368.12963867 255 64 64
173.88125610 226.97222900 372.78036499 255 64 64
161.01530457 170.85314941 370.01177979 255 64 64
163.76190186 171.21441650 378.92028809 255 64 64
169.35522461 177.80889893 371.50787354 255 64 64
172.21327209 175.93595886 380.45794678 255 64 64
178.43974304 144.50439453 305.07855225 255 64 64
177.98521423 156.83197021 300.22949219 255 64 64
185.71627808 152.85752869 309.47991943 255 64 64
186.17294312 163.33010864 306.21054077 255 64 64
159.04508972 241.52975464 409.55435181 255 64 64
149.74368286 245.13868713 409.82177734 255 64 64
167.06576538 249.19458008 409.80493164 255 64 64
157.70201111 252.36030579 411.12393188 255 64 64
170.53135681 268.91934204 364.48269653 255 64 64
171.25695801 269.73895264 376.29269409 255 64 64
182.23391724 269.93527222 370.73718262 255 64 64
182.60911560 269.74755859 382.60006714 255 64 64
182.87451172 201.59500122 297.95611572 255 64 64
183.61393738 212.06758118 302.71258545 255 64 64
189.86332703 202.50030518 308.06787109 255 64 64
191.59033203 211.85176086 312.43051147 255 64 64
178.92533875 175.27964783 295.73016357 255 64 64
178.92910767 187.78857422 294.48980713 255 64 64
186.16632080 181.30932617 302.84197998 255 64 64
187.51081848 191.49951172 302.48507690 255 64 64
131.86056519 160.05081177 425.36309814 255 64 64
120.85150909 166.69062805 429.01879883 255 64 64
141.23753357 167.27999878 421.02456665 255 64 64
130.81405640 172.99043274 423.41366577 255 64 64
147.99777222 215.25952148 404.20315552 255 64 64
139.49729919 219.63159180 405.70623779 255 64 64
155.42152405 222.25398254 406.97988892 255 64 64
146.38079834 226.73799133 408.59640503 255 64 64
173.00852966 257.70898438 343.39868164 255 64 64
175.07792664 262.85461426 353.00613403 255 64 64
184.24333191 259.56774902 347.92660522 255 64 64
186.00906372 264.14575195 357.60958862 255 64 64
154.87513733 176.92851257 365.10040283 255 64 64
156.91996765 178.40901184 372.57894897 255 64 64
162.22425842 184.14163208 365.58163452 255 64 64
164.63179016 183.75863647 373.71942139 255 64 64
157.67538452 269.29962158 378.96679688 255 64 64
156.58331299 267.75396729 391.07904053 255 64 64
169.47230530 271.06890869 384.62152100 255 64 64
168.04737854 268.31665039 396.21615601 255 64 64
143.14117432 186.35884094 403.57421875 255 64 64
132.66857910 191.06243896 403.66067505 255 64 64
148.82704163 191.92712402 398.29760742 255 64 64
138.56225586 196.49707031 397.39843750 255 64 64
163.00772095 120.41593170 305.35339355 255 64 64
161.88235474 131.73101807 299.36151123 255 64 64
171.61917114 129.78912354 306.06365967 255 64 64
171.14433289 140.35144043 301.47152710 255 64 64
169.84376526 249.31878662 324.45492554 255 64 64
170.52380371 254.06866455 333.80920410 255 64 64
179.68589783 248.04017639 331.42340088 255 64 64
180.68067932 252.63043213 340.26770020 255 64 64
170.72615051 238.85258484 308.44567871 255 64 64
170.85661316 244.96536255 317.18038940 255 64 64
179.88058472 236.72344971 317.02926636 255 64 64
180.20324707 242.58216858 325.12551880 255 64 64
124.99596405 221.07336426 408.63427734 255 64 64
116.40103149 225.02655029 412.10153198 255 64 64
133.01663208 229.52874756 410.46459961 255 64 64
124.21202850 232.88478088 413.32360840 255 64 64
116.24991608 189.04121399 422.99807739 255 64 64
106.70671844 194.71008301 428.34960938 255 64 64
119.73393250 198.73458862 414.43148804 255 64 64
110.54586792 203.85093689 417.73629761 255 64 64
168.47967529 219.61080933 293.17504883 255 64 64
169.53466797 229.43736267 299.48995972 255 64 64
178.38272095 220.44573975 301.37707520 255 64 64
179.74043274 229.54597473 307.70520020 255 64 64
161.47315979 146.88073730 293.51223755 255 64 64
160.96784973 158.99298096 288.74252319 255 64 64
170.46240234 154.42916870 294.99322510 255 64 64
170.69853210 165.31921387 291.54721069 255 64 64
149.15147400 262.04614258 347.25506592 255 64 64
150.65464783 264.99673462 358.03369141 255 64 64
159.86444092 264.67654419 351.84533691 255 64 64
161.01956177 266.85644531 362.96395874 255 64 64
160.18792725 174.00410461 284.11071777 255 64 64
161.24388123 186.35057068 282.45263672 255 64 64
170.31860352 180.11311340 287.22378540 255 64 64
172.13250732 191.07684326 286.43045044 255 64 64
161.94752502 197.50958252 283.85476685 255 64 64
163.05004883 209.12310791 286.48327637 255 64 64
172.43899536 201.83348083 289.86175537 255 64 64
174.21795654 211.98399353 292.84921265 255 64 64
149.42160034 256.01080322 325.85089111 255 64 64
150.28488159 259.62066650 336.06655884 255 64 64
160.08662415 257.12908936 331.09472656 255 64 64
160.78744507 260.30447388 341.44641113 255 64 64
123.38653564 260.53240967 375.96780396 255 64 64
126.22663879 260.17886353 387.56243896 255 64 64
134.70539856 265.56155396 380.63549805 255 64 64
136.42803955 263.66311646 392.73260498 255 64 64
131.20225525 263.23437500 358.18103027 255 64 64
133.22064209 263.75903320 369.65100098 255 64 64
141.86373901 266.80145264 362.97717285 255 64 64
143.33502197 266.06872559 374.92318726 255 64 64
149.10330200 244.65132141 307.85253906 255 64 64
149.68275452 250.76222229 317.05950928 255 64 64
160.34590149 246.37124634 312.79605103 255 64 64
160.52740479 252.38014221 322.53948975 255 64 64
144.46842957 124.80973816 301.63775635 255 64 64
142.89158630 135.86413574 296.15966797 255 64 64
152.67776489 133.03063965 297.66140747 255 64 64
151.54293823 144.39483643 292.68957520 255 64 64
128.13641357 254.54020691 336.11190796 255 64 64
129.76235962 258.56942749 346.31625366 255 64 64
137.79861450 260.23931885 337.90136719 255 64 64
139.08290100 263.43927002 349.00109863 255 64 64
144.15130615 225.41003418 292.57434082 255 64 64
145.42166138 234.73788452 299.41250610 255 64 64
155.69778442 229.89733887 295.93109131 255 64 64
157.10414124 238.93051147 303.35485840 255 64 64
102.32803345 236.87622070 380.25579834 255 64 64
106.52537537 241.77816772 389.29464722 255 64 64
110.03134918 247.23547363 380.26715088 255 64 64
113.97934723 251.20613098 390.57727051 255 64 64
142.38415527 205.30168152 284.87670898 255 64 64
144.17610168 216.33340454 288.67547607 255 64 64
153.58683777 210.51435852 286.77383423 255 64 64
156.07511902 220.89627075 290.73977661 255 64 64
90.92747498 209.69737244 395.96893311 255 64 64
93.86911011 216.64509583 403.20001221 255 64 64
95.89317322 221.45446777 391.31210327 255 64 64
98.82394409 227.97717285 399.58212280 255 64 64
140.11816406 151.11587524 290.07852173 255 64 64
139.73564148 163.09965515 285.67150879 255 64 64
149.47529602 158.39984131 286.47384644 255 64 64
150.01826477 170.15882874 282.72891235 255 64 64
113.44287109 244.94789124 353.61911011 255 64 64
116.05440521 249.85360718 363.11697388 255 64 64
120.66544342 253.27268982 353.32818604 255 64 64
123.17071533 257.36614990 363.91790771 255 64 64
127.82496643 244.02984619 317.87176514 255 64 64
128.92979431 249.38325500 327.18072510 255 64 64
137.13841248 250.55632019 318.38555908 255 64 64
138.29920959 255.23724365 328.57479858 255 64 64
139.82267761 180.41606140 282.26190186 255 64 64
141.04580688 192.49052429 281.23336792 255 64 64
150.56822205 186.31729126 281.27343750 255 64 64
152.92710876 197.82693481 280.82775879 255 64 64
129.08326721 116.85707092 311.63052368 255 64 64
126.40373230 127.46943665 307.31985474 255 64 64
134.31343079 123.37409973 303.68542480 255 64 64
132.12030029 134.49461365 299.04888916 255 64 64
101.87844849 227.05345154 364.16534424 255 64 64
104.01678467 233.32492065 372.61105347 255 64 64
107.12040710 237.23701477 362.30847168 255 64 64
109.56806946 242.88322449 371.60989380 255 64 64
127.92131042 228.13772583 303.36239624 255 64 64
128.80276489 236.65332031 310.15145874 255 64 64
136.92401123 235.32913208 301.81152344 255 64 64
138.25387573 243.46691895 309.53753662 255 64 64
84.50276947 175.82769775 388.23397827 255 64 64
85.53344727 184.28662109 394.73779297 255 64 64
88.13028717 184.87031555 382.16180420 255 64 64
89.15742493 193.65036011 388.94708252 255 64 64
113.88772583 234.88711548 336.75225830 255 64 64
115.15193939 241.08868408 344.99584961 255 64 64
119.17502594 243.56137085 334.32492065 255 64 64
120.96295929 249.06967163 343.33163452 255 64 64
93.63935852 203.67170715 373.20324707 255 64 64
94.61242676 211.57148743 379.86950684 255 64 64
97.38641357 213.16864014 369.11169434 255 64 64
98.72004700 221.00039673 376.34088135 255 64 64
125.47529602 207.84616089 294.81942749 255 64 64
126.64883423 218.26206970 298.16955566 255 64 64
134.07824707 214.65550232 291.43341064 255 64 64
136.06829834 224.81262207 295.43618774 255 64 64
126.36241150 137.88912964 304.32955933 255 64 64
124.54708862 149.04553223 300.37591553 255 64 64
132.21286011 144.51950073 297.13909912 255 64 64
130.99069214 156.13114929 293.14434814 255 64 64
85.09095001 157.28437805 375.52011108 255 64 64
84.63464355 166.71990967 381.14175415 255 64 64
88.24179840 164.40022278 369.53198242 255 64 64
87.72137451 174.29855347 375.03842163 255 64 64
116.61732483 121.73067474 325.15997314 255 64 64
113.50426483 132.32794189 322.67547607 255 64 64
119.63310242 127.60544586 316.06967163 255 64 64
116.98048401 138.50683594 312.82720947 255 64 64
101.28967285 211.49285889 351.47131348 255 64 64
101.84350586 219.22451782 358.57394409 255 64 64
104.77852631 220.91232300 347.83309937 255 64 64
106.01723480 228.21517944 355.43441772 255 64 64
115.83799744 222.56141663 319.50573730 255 64 64
116.38308716 230.29118347 325.96044922 255 64 64
120.65457916 230.80215454 315.43307495 255 64 64
122.12374878 238.06723022 322.66979980 255 64 64
90.07742310 137.33377075 364.50689697 255 64 64
88.22290802 147.40966797 368.89599609 255 64 64
92.89250183 143.62789917 357.33627319 255 64 64
90.98744965 154.06648254 361.23895264 255 64 64
123.27792358 162.23638916 296.30984497 255 64 64
122.99882507 173.85748291 293.40835571 255 64 64
130.70639038 168.61929321 289.55197144 255 64 64
131.41766357 180.31028748 286.89108276 255 64 64
122.59410095 187.52056885 293.34719849 255 64 64
123.21073914 198.86965942 293.07754517 255 64 64
130.64500427 193.55448914 287.82235718 255 64 64
132.43246460 204.91302490 287.96047974 255 64 64
93.44561768 185.90737915 362.17150879 255 64 64
93.49225616 194.40406799 368.30130005 255 64 64
96.77509308 194.74975586 357.41598511 255 64 64
97.29550934 203.40324402 363.88391113 255 64 64
99.84117126 126.61561584 353.33575439 255 64 64
96.70071411 137.19775391 354.70904541 255 64 64
102.39225769 132.12014771 344.55087280 255 64 64
99.29618835 142.98374939 345.06408691 255 64 64
107.35842133 208.73397827 334.06045532 255 64 64
107.18083954 217.11734009 340.76260376 255 64 64
110.68022156 218.03256226 329.40597534 255 64 64
111.45812988 225.87944031 336.68237305 255 64 64
107.42831421 132.61505127 337.17587280 255 64 64
104.62504578 143.22364807 336.68615723 255 64 64
110.02473450 138.56916809 328.18945312 255 64 64
107.59029388 149.45733643 326.90045166 255 64 64
116.15190125 204.32507324 309.62466431 255 64 64
116.45570374 214.20451355 312.53652954 255 64 64
120.71774292 211.57751465 303.56170654 255 64 64
121.99281311 221.10182190 307.18383789 255 64 64
115.79750061 140.57528687 316.05975342 255 64 64
113.61193848 151.42944336 313.88787842 255 64 64
119.13346863 146.63894653 307.79586792 255 64 64
117.47020721 157.87658691 305.25164795 255 64 64
94.02447510 164.28216553 357.58599854 255 64 64
92.73500061 174.15405273 362.10067749 255 64 64
97.23057556 171.61146545 351.27767944 255 64 64
96.22705078 181.93292236 355.80371094 255 64 64
100.71151733 183.57635498 344.20339966 255 64 64
99.80598450 193.16867065 349.34902954 255 64 64
103.58036804 191.91531372 338.33950806 255 64 64
103.37158203 201.72676086 343.72879028 255 64 64
97.06741333 147.05453491 351.08029175 255 64 64
95.14677429 157.51956177 353.33621216 255 64 64
100.18023682 153.41667175 343.33636475 255 64 64
98.38947296 164.17637634 345.12240601 255 64 64
108.80208588 189.64758301 325.17697144 255 64 64
108.03089905 199.71969604 328.87564087 255 64 64
111.54785156 197.75892639 317.78677368 255 64 64
111.75668335 207.60247803 322.02755737 255 64 64
113.58058929 180.66729736 310.47305298 255 64 64
113.07475281 191.71035767 310.91741943 255 64 64
117.46336365 187.66035461 302.26715088 255 64 64
117.92404175 198.55796814 303.20751953 255 64 64
111.64661407 153.62918091 318.08569336 255 64 64
110.19917297 164.73646545 316.68029785 255 64 64
115.03292847 159.94598389 309.20318604 255 64 64
114.22775269 171.13259888 307.58761597 255 64 64
111.64738464 164.99998474 316.97326660 255 64 64
110.51493073 176.04681396 316.56457520 255 64 64
115.04072571 171.62657166 308.23129272 255 64 64
114.66859436 182.68475342 307.89505005 255 64 64
102.32377625 165.73291016 339.25140381 255 64 64
100.94717407 176.12994385 341.96069336 255 64 64
105.12420654 172.74485779 331.30392456 255 64 64
104.30627441 183.41012573 333.84320068 255 64 64
75.78898621 154.66448975 398.35168457 255 64 64
75.79110718 154.67012024 398.36401367 255 64 64
75.79443359 154.67658997 398.36090088 255 64 64
75.80171204 154.68150330 398.37036133 255 64 64
162.74685669 267.05065918 362.26794434 255 64 64
162.74526978 267.05380249 362.27435303 255 64 64
162.74758911 267.03866577 362.27618408 255 64 64
162.75103760 267.04415894 362.28482056 255 64 64
114.91159058 189.05043030 314.23300171 255 64 64
114.91656494 189.05963135 314.24664307 255 64 64
114.91053009 189.05102539 314.23184204 255 64 64
114.91783142 189.05711365 314.24377441 255 64 64
162.71047974 183.19392395 393.25753784 255 64 64
162.71859741 183.19694519 393.27316284 255 64 64
162.71511841 183.18487549 393.26727295 255 64 64
162.73135376 183.18902588 393.27728271 255 64 64
102.37138367 232.60046387 403.09204102 255 64 64
102.37091827 232.60571289 403.09786987 255 64 64
102.37390137 232.59848022 403.10470581 255 64 64
102.38111877 232.60801697 403.10852051 255 64 64
133.86759949 245.17669678 314.10855103 255 64 64
133.86999512 245.18603516 314.10943604 255 64 64
133.87345886 245.18014526 314.12011719 255 64 64
133.88133240 245.18777466 314.12503052 255 64 64
161.10733032 238.92126465 411.41049194 255 64 64
161.10760498 238.91571045 411.42205811 255 64 64
161.12001038 238.91238403 411.42404175 255 64 64
161.12532043 238.91357422 411.43270874 255 64 64
96.39275360 194.14753723 363.55783081 255 64 64
96.39556885 194.15220642 363.56076050 255 64 64
96.39656830 194.14668274 363.56182861 255 64 64
96.40347290 194.15118408 363.56542969 255 64 64
119.11911011 171.54312134 420.66857910 255 64 64
119.12387085 171.54493713 420.69268799 255 64 64
119.13068390 171.53013611 420.67904663 255 64 64
119.14302063 171.53886414 420.69659424 255 64 64
118.86526489 248.42208862 360.18759155 255 64 64
118.86643982 248.43081665 360.19360352 255 64 64
118.86931610 248.41912842 360.19311523 255 64 64
118.87327576 248.42854309 360.20065308 255 64 64
173.85978699 221.72740173 370.25930786 255 64 64
173.86151123 221.72799683 370.26464844 255 64 64
173.86032104 221.72564697 370.27783203 255 64 64
173.86923218 221.72688293 370.27975464 255 64 64
87.45712280 194.17796326 407.71087646 255 64 64
87.45954132 194.18444824 407.71234131 255 64 64
87.45863342 194.17263794 407.72857666 255 64 64
87.46700287 194.18090820 407.72857666 255 64 64
103.29875946 159.21464539 338.25900269 255 64 64
103.30640411 159.22174072 338.27090454 255 64 64
103.29804993 159.21772766 338.26028442 255 64 64
103.30786133 159.22225952 338.27178955 255 64 64
133.14991760 261.80761719 397.13241577 255 64 64
133.14927673 261.80731201 397.14788818 255 64 64
133.14710999 261.80206299 397.14364624 255 64 64
133.15257263 261.80807495 397.15692139 255 64 64
134.03837585 206.37094116 399.81454468 255 64 64
134.03646851 206.37269592 399.81985474 255 64 64
134.03491211 206.37145996 399.82104492 255 64 64
134.03947449 206.37660217 399.82369995 255 64 64
111.72549438 216.68148804 337.88708496 255 64 64
111.72681427 216.68960571 337.89471436 255 64 64
111.72928619 216.68148804 337.89660645 255 64 64
111.73370361 216.68861389 337.90438843 255 64 64
85.57685089 151.27955627 368.40747070 255 64 64
85.57915497 151.28384399 368.41717529 255 64 64
85.57731628 151.28656006 368.41680908 255 64 64
85.58361053 151.28849792 368.42578125 255 64 64
154.11799622 180.94206238 363.07785034 255 64 64
154.12126160 180.94647217 363.08016968 255 64 64
154.10092163 180.94821167 363.07794189 255 64 64
154.11590576 180.95295715 363.07467651 255 64 64
101.52876282 223.28427124 372.70513916 255 64 64
101.52842712 223.29141235 372.70574951 255 64 64
101.53314209 223.28076172 372.71121216 255 64 64
101.53760529 223.28729248 372.71350098 255 64 64
148.06930542 261.26013184 335.94921875 255 64 64
148.06932068 261.27035522 335.94821167 255 64 64
148.06777954 261.25781250 335.95678711 255 64 64
148.07148743 261.26519775 335.96014404 255 64 64
87.51451111 164.15345764 424.54296875 255 64 64
87.51676941 164.16262817 424.55422974 255 64 64
87.51618195 164.15022278 424.55068970 255 64 64
87.52707672 164.16152954 424.55877686 255 64 64
120.08102417 219.90460205 308.43572998 255 64 64
120.08599854 219.91633606 308.44467163 255 64 64
120.07986450 219.90431213 308.44509888 255 64 64
120.08729553 219.91392517 308.45553589 255 64 64
108.35150146 209.99713135 419.67730713 255 64 64
108.35131073 210.00189209 419.68908691 255 64 64
108.35225677 209.98988342 419.68713379 255 64 64
108.35850525 210.00260925 419.69519043 255 64 64
131.62814331 241.24998474 415.73663330 255 64 64
131.62712097 241.24633789 415.75479126 255 64 64
131.63111877 241.24305725 415.74816895 255 64 64
131.63748169 241.24903870 415.76211548 255 64 64
173.24005127 210.48645020 395.46359253 255 64 64
173.23559570 210.48712158 395.47265625 255 64 64
173.24411011 210.47332764 395.47634888 255 64 64
173.25000000 210.47660828 395.48242188 255 64 64
144.28874207 170.37652588 409.29678345 255 64 64
144.29702759 170.37803650 409.31549072 255 64 64
144.29528809 170.36027527 409.31311035 255 64 64
144.31140137 170.36437988 409.32598877 255 64 64
159.82418823 265.76483154 400.12921143 255 64 64
159.82487488 265.75927734 400.14602661 255 64 64
159.82571411 265.74737549 400.14495850 255 64 64
159.83248901 265.74951172 400.16033936 255 64 64
137.50415039 265.88088989 364.43627930 255 64 64
137.50152588 265.88864136 364.44409180 255 64 64
137.50268555 265.87539673 364.44030762 255 64 64
137.50578308 265.88409424 364.44888306 255 64 64
85.66906738 173.98675537 379.46740723 255 64 64
85.67165375 173.99180603 379.47021484 255 64 64
85.66597748 173.99484253 379.47805786 255 64 64
85.67535400 173.99851990 379.48092651 255 64 64
114.09506226 245.55984497 385.09204102 255 64 64
114.09298706 245.56494141 385.10617065 255 64 64
114.09786987 245.55413818 385.10266113 255 64 64
114.10163879 245.56343079 385.11563110 255 64 64
122.55700684 245.97532654 335.24151611 255 64 64
122.56035614 245.98576355 335.24984741 255 64 64
122.56172943 245.97175598 335.25155640 255 64 64
122.56642151 245.98181152 335.26144409 255 64 64
104.77832031 189.78378296 342.48129272 255 64 64
104.78250122 189.79063416 342.49154663 255 64 64
104.77909851 189.78793335 342.48602295 255 64 64
104.78691101 189.79441833 342.49496460 255 64 64
94.67984009 172.06027222 357.27807617 255 64 64
94.68382263 172.06521606 357.28790283 255 64 64
94.67977905 172.06144714 357.28677368 255 64 64
94.68762970 172.06594849 357.29669189 255 64 64
93.16040039 204.42100525 383.38775635 255 64 64
93.16085815 204.42556763 383.38864136 255 64 64
93.16375732 204.41751099 383.39672852 255 64 64
93.17088318 204.42337036 383.39797974 255 64 64
152.97724915 216.02513123 406.54364014 255 64 64
152.97328186 216.02609253 406.55053711 255 64 64
152.98355103 216.01501465 406.55151367 255 64 64
152.98625183 216.02116394 406.55487061 255 64 64
99.56602478 182.51907349 422.39794922 255 64 64
99.56694031 182.52601624 422.40850830 255 64 64
99.57054138 182.51548767 422.40380859 255 64 64
99.57834625 182.52841187 422.40997314 255 64 64
117.50923920 191.14361572 412.34628296 255 64 64
117.51223755 191.14544678 412.36273193 255 64 64
117.51297760 191.14184570 412.35437012 255 64 64
117.52400970 191.14979553 412.36645508 255 64 64
94.08607483 213.93537903 404.27249146 255 64 64
94.08633423 213.94192505 404.27285767 255 64 64
94.08686066 213.93725586 404.28103638 255 64 64
94.09521484 213.94540405 404.28128052 255 64 64
148.68740845 266.76208496 381.14260864 255 64 64
148.68527222 266.76382446 381.15124512 255 64 64
148.68400574 266.75067139 381.15109253 255 64 64
148.68717957 266.75680542 381.16058350 255 64 64
78.36505890 173.61714172 409.45996094 255 64 64
78.37016296 173.62377930 409.46032715 255 64 64
78.36739349 173.62051392 409.47219849 255 64 64
78.37944031 173.62747192 409.47229004 255 64 64
116.90218353 247.22727966 404.51483154 255 64 64
116.90026855 247.23275757 404.52786255 255 64 64
116.90319824 247.22079468 404.52154541 255 64 64
116.90834045 247.23168945 404.53192139 255 64 64
173.18560791 203.51715088 377.38769531 255 64 64
173.19364929 203.51304626 377.40734863 255 64 64
173.19345093 203.50704956 377.39889526 255 64 64
173.20915222 203.50454712 377.41265869 255 64 64
123.10150146 224.55584717 412.71417236 255 64 64
123.10252380 224.55860901 412.71783447 255 64 64
123.10231018 224.55830383 412.71963501 255 64 64
123.10839844 224.56466675 412.72323608 255 64 64
144.26200867 255.15948486 413.07684326 255 64 64
144.26080322 255.15634155 413.09231567 255 64 64
144.26612854 255.15414429 413.08816528 255 64 64
144.27296448 255.15841675 413.10119629 255 64 64
144.46549988 191.19783020 395.59243774 255 64 64
144.46479797 191.20083618 395.60165405 255 64 64
144.45779419 191.19363403 395.60110474 255 64 64
144.46626282 191.19958496 395.60671997 255 64 64
110.98081970 232.02818298 356.64178467 255 64 64
110.98014832 232.03686523 356.65084839 255 64 64
110.99066162 232.02505493 356.64797974 255 64 64
110.99304962 232.03450012 356.65673828 255 64 64
124.81107330 258.59341431 374.95858765 255 64 64
124.80802917 258.60119629 374.96719360 255 64 64
124.80932617 258.58709717 374.96542358 255 64 64
124.81195831 258.59780884 374.97399902 255 64 64
104.87426758 214.14999390 354.31045532 255 64 64
104.87721252 214.15663147 354.32089233 255 64 64
104.88163757 214.14624023 354.31704712 255 64 64
104.88621521 214.15338135 354.32608032 255 64 64
119.24736023 232.36578369 324.54806519 255 64 64
119.24793243 232.37500000 324.55911255 255 64 64
119.25292969 232.36189270 324.56048584 255 64 64
119.25700378 232.37020874 324.57162476 255 64 64
173.12940979 225.96231079 403.84463501 255 64 64
173.12957764 225.95999146 403.85083008 255 64 64
173.14172363 225.94966125 403.85824585 255 64 64
173.14617920 225.95202637 403.86175537 255 64 64
109.60139465 170.56124878 326.49548340 255 64 64
109.60813904 170.56994629 326.51000977 255 64 64
109.60092163 170.56439209 326.49084473 255 64 64
109.60971832 170.57019043 326.50387573 255 64 64
129.16629028 258.05709839 345.47201538 255 64 64
129.16864014 258.06484985 345.47970581 255 64 64
129.16946411 258.05438232 345.47894287 255 64 64
129.17483521 258.06243896 345.48861694 255 64 64
166.76109314 187.01921082 372.13690186 255 64 64
166.76759338 187.02401733 372.14907837 255 64 64
166.76718140 187.01687622 372.14163208 255 64 64
166.78175354 187.02206421 372.14797974 255 64 64
86.32933807 186.84939575 392.82080078 255 64 64
86.33368683 186.85511780 392.82501221 255 64 64
86.33290863 186.85035706 392.83474731 255 64 64
86.34367371 186.85643005 392.83770752 255 64 64
109.73135376 201.24716187 331.75482178 255 64 64
109.73501587 201.25607300 331.76119995 255 64 64
109.73069763 201.24902344 331.75903320 255 64 64
109.73757172 201.25674438 331.76599121 255 64 64
148.62472534 264.58996582 352.59204102 255 64 64
148.62411499 264.59674072 352.59729004 255 64 64
148.61813354 264.58468628 352.59667969 255 64 64
148.62121582 264.58990479 352.60488892 255 64 64
138.71615601 222.68801880 403.50628662 255 64 64
138.71327209 222.69009399 403.50704956 255 64 64
138.71614075 222.68638611 403.51220703 255 64 64
138.71905518 222.69242859 403.51126099 255 64 64
120.90379333 206.66329956 410.24603271 255 64 64
120.90403748 206.66452026 410.25115967 255 64 64
120.89923096 206.66290283 410.25494385 255 64 64
120.90628052 206.66952515 410.25772095 255 64 64
117.83491516 203.21878052 307.37487793 255 64 64
117.84222412 203.22909546 307.38861084 255 64 64
117.83390045 203.21850586 307.37725830 255 64 64
117.84303284 203.22698975 307.39169312 255 64 64
80.15388489 172.65365601 393.79006958 255 64 64
80.16027069 172.65898132 393.79476929 255 64 64
80.15823364 172.66502380 393.80368042 255 64 64
80.17000580 172.66949463 393.80819702 255 64 64
112.05892944 239.44442749 371.11526489 255 64 64
112.05514526 239.45237732 371.12130737 255 64 64
112.06286621 239.44241333 371.12503052 255 64 64
112.06469727 239.45150757 371.13070679 255 64 64
103.64473724 231.55316162 385.44152832 255 64 64
103.64067841 231.56037903 385.45010376 255 64 64
103.64966583 231.54791260 385.44723511 255 64 64
103.65378571 231.55726624 385.45550537 255 64 64
163.46839905 269.74172974 378.57507324 255 64 64
163.47152710 269.73999023 378.58480835 255 64 64
163.47647095 269.72753906 378.58905029 255 64 64
163.48268127 269.72857666 378.59881592 255 64 64
79.02416992 154.87402344 383.47204590 255 64 64
79.02739716 154.87968445 383.48123169 255 64 64
79.02541351 154.88825989 383.47817993 255 64 64
79.03422546 154.89096069 383.48660278 255 64 64
103.78949738 223.75901794 415.35891724 255 64 64
103.78776550 223.76577759 415.36563110 255 64 64
103.79321289 223.75686646 415.37057495 255 64 64
103.79949951 223.76907349 415.37524414 255 64 64
85.07475281 178.76795959 422.32186890 255 64 64
85.07730865 178.77569580 422.32955933 255 64 64
85.07949066 178.76475525 422.32922363 255 64 64
85.09063721 178.77478027 422.33398438 255 64 64
133.14808655 254.02413940 329.16033936 255 64 64
133.14842224 254.03451538 329.16351318 255 64 64
133.15173340 254.02374268 329.16687012 255 64 64
133.15635681 254.03190613 329.17446899 255 64 64
111.98255157 236.85040283 413.41287231 255 64 64
111.97885132 236.85681152 413.42340088 255 64 64
111.98970032 236.84631348 413.42120361 255 64 64
111.99389648 236.85937500 413.42886353 255 64 64
136.67930603 181.99299622 405.13967896 255 64 64
136.68022156 181.99621582 405.15206909 255 64 64
136.68104553 181.98936462 405.15161133 255 64 64
136.68963623 181.99584961 405.16006470 255 64 64
160.55471802 251.23251343 404.03106689 255 64 64
160.55577087 251.22520447 404.04861450 255 64 64
160.55995178 251.22706604 404.04284668 255 64 64
160.56684875 251.22697449 404.05740356 255 64 64
99.93521118 176.47177124 344.46813965 255 64 64
99.94090271 176.47842407 344.47650146 255 64 64
99.93261719 176.47079468 344.46981812 255 64 64
99.94113159 176.47453308 344.47674561 255 64 64
104.44656372 196.34898376 420.14614868 255 64 64
104.44683838 196.35478210 420.15582275 255 64 64
104.45182800 196.34342957 420.15411377 255 64 64
104.45817566 196.35708618 420.16021729 255 64 64
115.88749695 218.44177246 321.87652588 255 64 64
115.89106750 218.45268250 321.89108276 255 64 64
115.88925171 218.44049072 321.88317871 255 64 64
115.89542389 218.45059204 321.89691162 255 64 64
90.00254059 191.49366760 378.68936157 255 64 64
90.00452423 191.49940491 378.69360352 255 64 64
90.00704193 191.49354553 378.69973755 255 64 64
90.01559448 191.49932861 378.70425415 255 64 64
97.57205200 218.95181274 386.17935181 255 64 64
97.57005310 218.95843506 386.18307495 255 64 64
97.57873535 218.94738770 386.18652344 255 64 64
97.58207703 218.95550537 386.19009399 255 64 64
92.06442261 157.30680847 357.57824707 255 64 64
92.06930542 157.31214905 357.58636475 255 64 64
92.05648041 157.31188965 357.58300781 255 64 64
92.06529236 157.31472778 357.58956909 255 64 64
143.92628479 232.77565002 411.48553467 255 64 64
143.92462158 232.77362061 411.49060059 255 64 64
143.92561340 232.77276611 411.49334717 255 64 64
143.92916870 232.77745056 411.49429321 255 64 64
132.54638672 173.31146240 415.50689697 255 64 64
132.55157471 173.31372070 415.52542114 255 64 64
132.55154419 173.30557251 415.52709961 255 64 64
132.56539917 173.31201172 415.54061890 255 64 64
150.93275452 179.18218994 398.65203857 255 64 64
150.93882751 179.18603516 398.66836548 255 64 64
150.93614197 179.17532349 398.65893555 255 64 64
150.95018005 179.18089294 398.66964722 255 64 64
158.25071716 195.72436523 395.49990845 255 64 64
158.24810791 195.72924805 395.50857544 255 64 64
158.25389099 195.71926880 395.50869751 255 64 64
158.26091003 195.72732544 395.51229858 255 64 64
114.81442261 234.41767883 343.92880249 255 64 64
114.81611633 234.42568970 343.93728638 255 64 64
114.82044220 234.41534424 343.93676758 255 64 64
114.82342529 234.42337036 343.94573975 255 64 64
104.40611267 170.01214600 422.89215088 255 64 64
104.40881348 170.02088928 422.90261841 255 64 64
104.40724182 170.01097107 422.89965820 255 64 64
104.41705322 170.02613831 422.90563965 255 64 64
145.62416077 263.22741699 402.75509644 255 64 64
145.62590027 263.22463989 402.76522827 255 64 64
145.61868286 263.21966553 402.76303101 255 64 64
145.62673950 263.22363281 402.77212524 255 64 64
136.13420105 264.33523560 382.57626343 255 64 64
136.13116455 264.33923340 382.58834839 255 64 64
136.12959290 264.32785034 382.58236694 255 64 64
136.13275146 264.33612061 382.59445190 255 64 64
89.74311066 200.43354797 396.75817871 255 64 64
89.74218750 200.44046021 396.75793457 255 64 64
89.74588013 200.43017578 396.76870728 255 64 64
89.75141907 200.43771362 396.76837158 255 64 64
107.77719879 181.19474792 333.48785400 255 64 64
107.78105164 181.20315552 333.49926758 255 64 64
107.78054047 181.19734192 333.49511719 255 64 64
107.78628540 181.20346069 333.50485229 255 64 64
119.95655823 253.39337158 393.29522705 255 64 64
119.95426178 253.39736938 393.30575562 255 64 64
119.96007538 253.38549805 393.30541992 255 64 64
119.96431732 253.39480591 393.31527710 255 64 64
115.07766724 203.97058105 320.59655762 255 64 64
115.08148193 203.97897339 320.60876465 255 64 64
115.07756042 203.97082520 320.60281372 255 64 64
115.08255005 203.97917175 320.61541748 255 64 64
124.33587646 231.51669312 310.51266479 255 64 64
124.33950043 231.52746582 310.52148438 255 64 64
124.34477234 231.51463318 310.52224731 255 64 64
124.35138702 231.52362061 310.53323364 255 64 64
100.06938171 206.07153320 362.95227051 255 64 64
100.06848145 206.07852173 362.95422363 255 64 64
100.07524109 206.07165527 362.95898438 255 64 64
100.07936096 206.07778931 362.96166992 255 64 64
89.37760925 169.48875427 368.07800293 255 64 64
89.38159943 169.49404907 368.08303833 255 64 64
89.37837982 169.49772644 368.08605957 255 64 64
89.38722229 169.50126648 368.09033203 255 64 64
102.19916534 196.38479614 352.47592163 255 64 64
102.19996643 196.39236450 352.48126221 255 64 64
102.20074463 196.38104248 352.48248291 255 64 64
102.20631409 196.38742065 352.48825073 255 64 64
166.57629395 198.80964661 387.11846924 255 64 64
166.57615662 198.81336975 387.12918091 255 64 64
166.58145142 198.80294800 387.12814331 255 64 64
166.58822632 198.80767822 387.13403320 255 64 64
159.21578979 261.91381836 347.25140381 255 64 64
159.21769714 261.92050171 347.25701904 255 64 64
159.21679688 261.90823364 347.25866699 255 64 64
159.22129822 261.91549683 347.26657104 255 64 64
151.18399048 265.94378662 365.83001709 255 64 64
151.18222046 265.94732666 365.83712769 255 64 64
151.18260193 265.93664551 365.83563232 255 64 64
151.18556213 265.94189453 365.84454346 255 64 64
98.32678223 184.73225403 353.19366455 255 64 64
98.33013916 184.73934937 353.20169067 255 64 64
98.32684326 184.73001099 353.19970703 255 64 64
98.33459473 184.73495483 353.20687866 255 64 64
75.55827332 161.83480835 409.58459473 255 64 64
75.56304932 161.84231567 409.59237671 255 64 64
75.56036377 161.84616089 409.59640503 255 64 64
75.57145691 161.85276794 409.60144043 255 64 64
128.26998901 190.35151672 406.93273926 255 64 64
128.27359009 190.35351562 406.95013428 255 64 64
128.27445984 190.35429382 406.93734741 255 64 64
128.28723145 190.36245728 406.95150757 255 64 64
151.10655212 244.86305237 413.98782349 255 64 64
151.10537720 244.86059570 413.99575806 255 64 64
151.11436462 244.85249329 413.99633789 255 64 64
151.11825562 244.85691833 414.00265503 255 64 64
106.23903656 207.45468140 344.69113159 255 64 64
106.24103546 207.46160889 344.69812012 255 64 64
106.24479675 207.45193481 344.69738770 255 64 64
106.24900818 207.45840454 344.70364380 255 64 64
156.60517883 181.33821106 374.58108521 255 64 64
156.60424805 181.34092712 374.59228516 255 64 64
156.60336304 181.33607483 374.58502197 255 64 64
156.61303711 181.33943176 374.58963013 255 64 64
173.55636597 233.30397034 371.82327271 255 64 64
173.55352783 233.30508423 371.82565308 255 64 64
173.55230713 233.30575562 371.83517456 255 64 64
173.55664062 233.30619812 371.83642578 255 64 64
108.53924561 239.06663513 392.96585083 255 64 64
108.53497314 239.07525635 392.97375488 255 64 64
108.54391479 239.06405640 392.97650146 255 64 64
108.54720306 239.07598877 392.98242188 255 64 64
149.27867126 203.06692505 396.15466309 255 64 64
149.27429199 203.07102966 396.16110229 255 64 64
149.27998352 203.06478882 396.16244507 255 64 64
149.28295898 203.07266235 396.16430664 255 64 64
91.15340424 192.11155701 418.28704834 255 64 64
91.15618896 192.11874390 418.29260254 255 64 64
91.15251160 192.11192322 418.29187012 255 64 64
91.16329193 192.12216187 418.29455566 255 64 64
97.38728333 209.88320923 416.76995850 255 64 64
97.38998413 209.88681030 416.77496338 255 64 64
97.38567352 209.87805176 416.78024292 255 64 64
97.39527130 209.88798523 416.78274536 255 64 64
126.07612610 256.49990845 356.87060547 255 64 64
126.07392883 256.50845337 356.87771606 255 64 64
126.08079529 256.49462891 356.87585449 255 64 64
126.08253479 256.50408936 356.88400269 255 64 64
128.72705078 257.18453979 406.43914795 255 64 64
128.72509766 257.18679810 406.44808960 255 64 64
128.72360229 257.17550659 406.44674683 255 64 64
128.72827148 257.18402100 406.45474243 255 64 64
124.63916016 241.71157837 321.96325684 255 64 64
124.64167786 241.72192383 321.97091675 255 64 64
124.64605713 241.71084595 321.97613525 255 64 64
124.65190125 241.71853638 321.98583984 255 64 64
93.16241455 181.63197327 362.57388306 255 64 64
93.16674805 181.63600159 362.57962036 255 64 64
93.16467285 181.63015747 362.58065796 255 64 64
93.17286682 181.63290405 362.58685303 255 64 64
162.29153442 221.91535950 406.29360962 255 64 64
162.29011536 221.91259766 406.30212402 255 64 64
162.30113220 221.91061401 406.30157471 255 64 64
162.30560303 221.91354370 406.30612183 255 64 64
129.56236267 216.60304260 403.14456177 255 64 64
129.56130981 216.60499573 403.14721680 255 64 64
129.55374146 216.60475159 403.15069580 255 64 64
129.55924988 216.60968018 403.15124512 255 64 64
166.99076843 187.93342590 383.01525879 255 64 64
166.99395752 187.93702698 383.02947998 255 64 64
167.00189209 187.92898560 383.02947998 255 64 64
167.01434326 187.93403625 383.03683472 255 64 64
81.98871613 183.64132690 411.53143311 255 64 64
81.99217224 183.64753723 411.53283691 255 64 64
81.99102020 183.63989258 411.54476929 255 64 64
82.00320435 183.64810181 411.54443359 255 64 64
97.72080994 223.39736938 399.75921631 255 64 64
97.71528625 223.40480042 399.76718140 255 64 64
97.72906494 223.39270020 399.77273560 255 64 64
97.73258972 223.40426636 399.77917480 255 64 64
111.65284729 179.16200256 420.03732300 255 64 64
111.65870667 179.16271973 420.05816650 255 64 64
111.66394806 179.15310669 420.04284668 255 64 64
111.67620850 179.16105652 420.05960083 255 64 64
144.54374695 266.05883789 392.62759399 255 64 64
144.53967285 266.06054688 392.63903809 255 64 64
144.54348755 266.04974365 392.63400269 255 64 64
144.54608154 266.05746460 392.64535522 255 64 64
95.69848633 200.94897461 371.60742188 255 64 64
95.70021820 200.95408630 371.61361694 255 64 64
95.70146179 200.94720459 371.61557007 255 64 64
95.70744324 200.95306396 371.62081909 255 64 64
109.52571106 191.43989563 327.88604736 255 64 64
109.52993774 191.44857788 327.89300537 255 64 64
109.52493286 191.44091797 327.88894653 255 64 64
109.53187561 191.44796753 327.89593506 255 64 64
141.72793579 263.82461548 344.70584106 255 64 64
141.73219299 263.83123779 344.70935059 255 64 64
141.72044373 263.82418823 344.70901489 255 64 64
141.72860718 263.82928467 344.71746826 255 64 64
157.58163452 267.38909912 390.13311768 255 64 64
157.58341980 267.38558960 390.14514160 255 64 64
157.58383179 267.37622070 390.14651489 255 64 64
157.59065247 267.37820435 390.15866089 255 64 64
157.20808411 207.59646606 400.71563721 255 64 64
157.20597839 207.59875488 400.72427368 255 64 64
157.21662903 207.58747864 400.71932983 255 64 64
157.22088623 207.59262085 400.72323608 255 64 64
111.25624847 225.18971252 346.42550659 255 64 64
111.25904846 225.19644165 346.44104004 255 64 64
111.25997925 225.18753052 346.42965698 255 64 64
111.26546478 225.19631958 346.44357300 255 64 64
98.08549500 166.44754028 349.57327271 255 64 64
98.09202576 166.45318604 349.58209229 255 64 64
98.08222198 166.45216370 349.57794189 255 64 64
98.09214783 166.45620728 349.58605957 255 64 64
91.09134674 203.35560608 409.79437256 255 64 64
91.09175873 203.36277771 409.79846191 255 64 64
91.09101105 203.35249329 409.80776978 255 64 64
91.09948730 203.36262512 409.81060791 255 64 64
157.55619812 229.41818237 411.04019165 255 64 64
157.55264282 229.41833496 411.04684448 255 64 64
157.56430054 229.40882874 411.04809570 255 64 64
157.56538391 229.41436768 411.05227661 255 64 64
134.01318359 195.90747070 401.22799683 255 64 64
134.01045227 195.90956116 401.23654175 255 64 64
134.00608826 195.90776062 401.23953247 255 64 64
134.01184082 195.91355896 401.24569702 255 64 64
104.22673035 219.93302917 362.02197266 255 64 64
104.22485352 219.93949890 362.02465820 255 64 64
104.23377991 219.92996216 362.02703857 255 64 64
104.23674774 219.93679810 362.03076172 255 64 64
119.14115906 215.67855835 413.15704346 255 64 64
119.14196777 215.68095398 413.16268921 255 64 64
119.14128113 215.67918396 413.16546631 255 64 64
119.14642334 215.68522644 413.16998291 255 64 64
81.42169952 165.59863281 381.52761841 255 64 64
81.42529297 165.60209656 381.53402710 255 64 64
81.42266083 165.60693359 381.53836060 255 64 64
81.43201447 165.61004639 381.54467773 255 64 64
168.57804871 241.68327332 406.04644775 255 64 64
168.57685852 241.68032837 406.05078125 255 64 64
168.59335327 241.67405701 406.06677246 255 64 64
168.59585571 241.67602539 406.06973267 255 64 64
103.83406067 171.95202637 336.96337891 255 64 64
103.83975220 171.95846558 336.97332764 255 64 64
103.83273315 171.95239258 336.96606445 255 64 64
103.84062195 171.95718384 336.97457886 255 64 64
121.63706970 247.22943115 344.58258057 255 64 64
121.63764954 247.23703003 344.59329224 255 64 64
121.64270020 247.22293091 344.59078979 255 64 64
121.64624786 247.23179626 344.60211182 255 64 64
94.72924805 215.71110535 394.58471680 255 64 64
94.72843933 215.71768188 394.59017944 255 64 64
94.73331451 215.70484924 394.59725952 255 64 64
94.73822021 215.71376038 394.60110474 255 64 64
112.89820862 223.08798218 417.75650024 255 64 64
112.89603424 223.08847046 417.76925659 255 64 64
112.89622498 223.08338928 417.76315308 255 64 64
112.90168762 223.09252930 417.77197266 255 64 64
99.04472351 211.36529541 370.63659668 255 64 64
99.04434204 211.37168884 370.64074707 255 64 64
99.04905701 211.35935974 370.64227295 255 64 64
99.05379486 211.36643982 370.64675903 255 64 64
142.93994141 258.13165283 328.84951782 255 64 64
142.94264221 258.14218140 328.85241699 255 64 64
142.94453430 258.12933350 328.85525513 255 64 64
142.95109558 258.13732910 328.86196899 255 64 64
116.24005127 246.93475342 374.47213745 255 64 64
116.23820496 246.94219971 374.47872925 255 64 64
116.23773956 246.93507385 374.48175049 255 64 64
116.24150085 246.94508362 374.48858643 255 64 64
127.77713776 201.80921936 404.77474976 255 64 64
127.78054810 201.80996704 404.79171753 255 64 64
127.77558136 201.81307983 404.77996826 255 64 64
127.78586578 201.82084656 404.79403687 255 64 64
167.29193115 231.69490051 407.99691772 255 64 64
167.29002380 231.69351196 408.00393677 255 64 64
167.30317688 231.68411255 408.01034546 255 64 64
167.30615234 231.68754578 408.01428223 255 64 64
138.64651489 265.51290894 373.52209473 255 64 64
138.64443970 265.51660156 373.53640747 255 64 64
138.64682007 265.50445557 373.52664185 255 64 64
138.64965820 265.51123047 373.54122925 255 64 64
113.70661926 239.91075134 360.34432983 255 64 64
113.70598602 239.92012024 360.35046387 255 64 64
113.71083069 239.90975952 360.35244751 255 64 64
113.71348572 239.91867065 360.35876465 255 64 64
155.80459595 258.17764282 407.52032471 255 64 64
155.80554199 258.17108154 407.53854370 255 64 64
155.80773926 258.16360474 407.52810669 255 64 64
155.81486511 258.16540527 407.54431152 255 64 64
124.98505402 235.20855713 414.39645386 255 64 64
124.98704529 235.20674133 414.40466309 255 64 64
124.97886658 235.20845032 414.40576172 255 64 64
124.98612976 235.21476746 414.41125488 255 64 64
107.32574463 233.75694275 376.30490112 255 64 64
107.32244873 233.76515198 376.30950928 255 64 64
107.33015442 233.75296021 376.31362915 255 64 64
107.33244324 233.76295471 376.31799316 255 64 64
88.80991364 193.92140198 387.30624390 255 64 64
88.80860901 193.92797852 387.31005859 255 64 64
88.81920624 193.91923523 387.31692505 255 64 64
88.82495880 193.92550659 387.32046509 255 64 64
118.56941223 237.90252686 334.81149292 255 64 64
118.57381439 237.91113281 334.82427979 255 64 64
118.57053375 237.90112305 334.82229614 255 64 64
118.57617188 237.91102600 334.83486938 255 64 64
82.62479401 156.63406372 375.39956665 255 64 64
82.62902832 156.63825989 375.40789795 255 64 64
82.62313843 156.64633179 375.41036987 255 64 64
82.63095856 156.64897156 375.41818237 255 64 64
88.55039215 182.75805664 377.45593262 255 64 64
88.55286407 182.76448059 377.45794678 255 64 64
88.55268860 182.76310730 377.46606445 255 64 64
88.56110382 182.76828003 377.46826172 255 64 64
129.76579285 261.78552246 366.06979370 255 64 64
129.76373291 261.79080200 366.07916260 255 64 64
129.76486206 261.78057861 366.07589722 255 64 64
129.76875305 261.78921509 366.08612061 255 64 64
112.37748718 198.07373047 416.49905396 255 64 64
112.38560486 198.07554626 416.51986694 255 64 64
112.38374329 198.06922913 416.50653076 255 64 64
112.39695740 198.07818604 416.52337646 255 64 64
119.44064331 252.03408813 382.18695068 255 64 64
119.43808746 252.04187012 382.19476318 255 64 64
119.44343567 252.02799988 382.19567871 255 64 64
119.44596863 252.03952026 382.20343018 255 64 64
112.60845947 180.94795227 317.05383301 255 64 64
112.61430359 180.95596313 317.07113647 255 64 64
112.60839844 180.94706726 317.04846191 255 64 64
112.61594391 180.95332336 317.06420898 255 64 64
172.83010864 205.10246277 387.08575439 255 64 64
172.82585144 205.10542297 387.09490967 255 64 64
172.83700562 205.09301758 387.09835815 255 64 64
172.84111023 205.09822083 387.10330200 255 64 64
135.27075195 250.48919678 321.05151367 255 64 64
135.27105713 250.49996948 321.05279541 255 64 64
135.27496338 250.49067688 321.06127930 255 64 64
135.28126526 250.49929810 321.06597900 255 64 64
96.57647705 157.19885254 350.21087646 255 64 64
96.58139038 157.20455933 350.22299194 255 64 64
96.57749939 157.20248413 350.21463013 255 64 64
96.58606720 157.20478821 350.22454834 255 64 64
131.37292480 252.14543152 412.91653442 255 64 64
131.37216187 252.14569092 412.92965698 255 64 64
131.37640381 252.13510132 412.92776489 255 64 64
131.38227844 252.14247131 412.93841553 255 64 64
131.77458191 256.86141968 337.36376953 255 64 64
131.77616882 256.86962891 337.36944580 255 64 64
131.77680969 256.85870361 337.37310791 255 64 64
131.78189087 256.86618042 337.38156128 255 64 64
119.18672180 179.93536377 415.96896362 255 64 64
119.19228363 179.93685913 415.98812866 255 64 64
119.19705963 179.93159485 415.98242188 255 64 64
119.21026611 179.93933105 415.99642944 255 64 64
162.62051392 213.60798645 404.18936157 255 64 64
162.61744690 213.61038208 404.19708252 255 64 64
162.62973022 213.59646606 404.19427490 255 64 64
162.63356018 213.60270691 404.19824219 255 64 64
129.40264893 261.29495239 386.88946533 255 64 64
129.40341187 261.29821777 386.90325928 255 64 64
129.39906311 261.28640747 386.89706421 255 64 64
129.40475464 261.29409790 386.91021729 255 64 64
138.41079712 261.12579346 406.85223389 255 64 64
138.41481018 261.12292480 406.86422729 255 64 64
138.41323853 261.11157227 406.86526489 255 64 64
138.42338562 261.11566162 406.87567139 255 64 64
91.49766541 171.69143677 424.85305786 255 64 64
91.50102234 171.69964600 424.86364746 255 64 64
91.50123596 171.68817139 424.85903931 255 64 64
91.51091766 171.70126343 424.86557007 255 64 64
135.12049866 263.42861938 350.07455444 255 64 64
135.12188721 263.43289185 350.07830811 255 64 64
135.11831665 263.42312622 350.07739258 255 64 64
135.12478638 263.42648315 350.08526611 255 64 64
129.65974426 237.98132324 309.77334595 255 64 64
129.66427612 237.99111938 309.77774048 255 64 64
129.66896057 237.98194885 309.78027344 255 64 64
129.67764282 237.98925781 309.78808594 255 64 64
110.62353516 242.24406433 400.41323853 255 64 64
110.62112427 242.25073242 400.42028809 255 64 64
110.62254333 242.24021912 400.42459106 255 64 64
110.62786865 242.25166321 400.42959595 255 64 64
125.62877655 257.44363403 397.88961792 255 64 64
125.62501526 257.44818115 397.90206909 255 64 64
125.63117218 257.43386841 397.90045166 255 64 64
125.63491821 257.44430542 397.91119385 255 64 64
124.90298462 245.39639282 413.10266113 255 64 64
124.90225220 245.39572144 413.11419678 255 64 64
124.90192413 245.39175415 413.11126709 255 64 64
124.90855408 245.39857483 413.12017822 255 64 64
152.17245483 186.08309937 394.30004883 255 64 64
152.17347717 186.08671570 394.31222534 255 64 64
152.17254639 186.08033752 394.30978394 255 64 64
152.18130493 186.08680725 394.31689453 255 64 64
151.77795410 223.66072083 409.90719604 255 64 64
151.77313232 223.66375732 409.91165161 255 64 64
151.78755188 223.65155029 409.91601562 255 64 64
151.78846741 223.65765381 409.91751099 255 64 64
160.57275391 267.74691772 371.13262939 255 64 64
160.57331848 267.74462891 371.14059448 255 64 64
160.57354736 267.73669434 371.14529419 255 64 64
160.57829285 267.73648071 371.15533447 255 64 64
116.96032715 213.29273987 312.19732666 255 64 64
116.96616364 213.30258179 312.20812988 255 64 64
116.96389771 213.29258728 312.20349121 255 64 64
116.97143555 213.30101013 312.21594238 255 64 64
156.81698608 259.93804932 395.27352905 255 64 64
156.81611633 259.93389893 395.28973389 255 64 64
156.81953430 259.92697144 395.28460693 255 64 64
156.82492065 259.92932129 395.29876709 255 64 64
101.07049561 230.38867188 395.38909912 255 64 64
101.06896973 230.39549255 395.39666748 255 64 64
101.07466888 230.38273621 395.39447021 255 64 64
101.07919312 230.39273071 395.40118408 255 64 64
115.08219910 165.15335083 423.50726318 255 64 64
115.08872986 165.15359497 423.53268433 255 64 64
115.09265137 165.13813782 423.51187134 255 64 64
115.10528564 165.14546204 423.53182983 255 64 64
77.16617584 160.29901123 392.76492310 255 64 64
77.17050171 160.30422974 392.77316284 255 64 64
77.16686249 160.31105042 392.77600098 255 64 64
77.17646027 160.31474304 392.78305054 255 64 64
109.48027802 239.26470947 383.22064209 255 64 64
109.47705078 239.27186584 383.22317505 255 64 64
109.48616028 239.26069641 383.22991943 255 64 64
109.48919678 239.27056885 383.23223877 255 64 64
146.07476807 216.77684021 402.60324097 255 64 64
146.06909180 216.78009033 402.60693359 255 64 64
146.07739258 216.77084351 402.61550903 255 64 64
146.07844543 216.77783203 402.61663818 255 64 64
113.41883850 224.25953674 336.03421021 255 64 64
113.42281342 224.26708984 336.04400635 255 64 64
113.42108154 224.25602722 336.04382324 255 64 64
113.42630768 224.26368713 336.05276489 255 64 64
136.32466125 215.47920227 399.14733887 255 64 64
136.32128906 215.48260498 399.14782715 255 64 64
136.31594849 215.48265076 399.15063477 255 64 64
136.31971741 215.48771667 399.14962769 255 64 64
110.75460052 209.27909851 335.19796753 255 64 64
110.75798798 209.28802490 335.20959473 255 64 64
110.75863647 209.27955627 335.20318604 255 64 64
110.76417542 209.28729248 335.21490479 255 64 64
94.38037109 199.27507019 417.52862549 255 64 64
94.38195038 199.28021240 417.53399658 255 64 64
94.38149261 199.27023315 417.53997803 255 64 64
94.39052582 199.28041077 417.54299927 255 64 64
107.58763123 194.67503357 335.56353760 255 64 64
107.59254456 194.68310547 335.57406616 255 64 64
107.59114075 194.67633057 335.56726074 255 64 64
107.59815979 194.68458557 335.57723999 255 64 64
171.00245667 216.22450256 400.39285278 255 64 64
170.99954224 216.22523499 400.39852905 255 64 64
171.01416016 216.21099854 400.40258789 255 64 64
171.01805115 216.21481323 400.40573120 255 64 64
172.61265564 223.98051453 377.65905762 255 64 64
172.61187744 223.97804260 377.66830444 255 64 64
172.61334229 223.97535706 377.67517090 255 64 64
172.61958313 223.97445679 377.68060303 255 64 64
115.12629700 247.42312622 394.83334351 255 64 64
115.12298584 247.42951965 394.84262085 255 64 64
115.12815857 247.41558838 394.84246826 255 64 64
115.13271332 247.42649841 394.85098267 255 64 64
162.59571838 264.46945190 354.89291382 255 64 64
162.59262085 264.47463989 354.89584351 255 64 64
162.59204102 264.46353149 354.90509033 255 64 64
162.59413147 264.46966553 354.90966797 255 64 64
96.75808716 213.55163574 380.60806274 255 64 64
96.75518799 213.55769348 380.60986328 255 64 64
96.76136780 213.54919434 380.61740112 255 64 64
96.76493073 213.55653381 380.61779785 255 64 64
91.16101837 183.59642029 422.84759521 255 64 64
91.16401672 183.60374451 422.85629272 255 64 64
91.16474915 183.59336853 422.85690308 255 64 64
91.17453766 183.60502625 422.86199951 255 64 64
107.44642639 227.14788818 361.56826782 255 64 64
107.44595337 227.15539551 361.56838989 255 64 64
107.45025635 227.14251709 361.57275391 255 64 64
107.45475769 227.15028381 361.57482910 255 64 64
143.46055603 208.14025879 396.73513794 255 64 64
143.45494080 208.14453125 396.73913574 255 64 64
143.45588684 208.14123535 396.74356079 255 64 64
143.45793152 208.14898682 396.74426270 255 64 64
162.30834961 203.41317749 396.66744995 255 64 64
162.30326843 203.41833496 396.67355347 255 64 64
162.31251526 203.40603638 396.67175293 255 64 64
162.31593323 203.41366577 396.67388916 255 64 64
152.14801025 266.87167358 373.44155884 255 64 64
152.14183044 266.87597656 373.44973755 255 64 64
152.14558411 266.86349487 373.44668579 255 64 64
152.14610291 266.86987305 373.45581055 255 64 64
138.75018311 250.30068970 415.45626831 255 64 64
138.75138855 250.29638672 415.47241211 255 64 64
138.75512695 250.29220581 415.46600342 255 64 64
138.76307678 250.29571533 415.47863770 255 64 64
117.73736572 228.96246338 416.62612915 255 64 64
117.73735046 228.96319580 416.63262939 255 64 64
117.73345947 228.96319580 416.63015747 255 64 64
117.73880005 228.97024536 416.63470459 255 64 64
81.53982544 172.09547424 420.85943604 255 64 64
81.54334259 172.10298157 420.86639404 255 64 64
81.54410553 172.09237671 420.87026978 255 64 64
81.55591583 172.10195923 420.87512207 255 64 64
118.06429291 241.90466309 412.74978638 255 64 64
118.06214905 241.90702820 412.76275635 255 64 64
118.06388092 241.90197754 412.75765991 255 64 64
118.07003784 241.91171265 412.76696777 255 64 64
134.82145691 235.11456299 412.41967773 255 64 64
134.82174683 235.11425781 412.42419434 255 64 64
134.81820679 235.11125183 412.42236328 255 64 64
134.82374573 235.11712646 412.42529297 255 64 64
122.83023071 250.97888184 352.67196655 255 64 64
122.83093262 250.98706055 352.68347168 255 64 64
122.83293152 250.97521973 352.67828369 255 64 64
122.83654785 250.98425293 352.69024658 255 64 64
79.35522461 166.65669250 388.81176758 255 64 64
79.36038971 166.66026306 388.81790161 255 64 64
79.35693359 166.66363525 388.82080078 255 64 64
79.36722565 166.66613770 388.82666016 255 64 64
128.64749146 248.64103699 326.15484619 255 64 64
128.65138245 248.65029907 326.16030884 255 64 64
128.65518188 248.63922119 326.16787720 255 64 64
128.66128540 248.64665222 326.17562866 255 64 64
84.73492432 163.78759766 373.78063965 255 64 64
84.74082947 163.79272461 373.78585815 255 64 64
84.73609924 163.79148865 373.79138184 255 64 64
84.74727631 163.79412842 373.79748535 255 64 64
88.17551422 158.86952209 363.94467163 255 64 64
88.17989349 158.87313843 363.95196533 255 64 64
88.17414093 158.87628174 363.95559692 255 64 64
88.18278503 158.87809753 363.96267700 255 64 64
111.47162628 186.59268188 322.02386475 255 64 64
111.47657776 186.60131836 322.04080200 255 64 64
111.47428894 186.59246826 322.02081299 255 64 64
111.48101807 186.59983826 322.03570557 255 64 64
117.77471924 240.91021729 346.39556885 255 64 64
117.77658081 240.91880798 346.40975952 255 64 64
117.77961731 240.90600586 346.40438843 255 64 64
117.78482819 240.91610718 346.41683960 255 64 64
96.97129822 177.49926758 351.57165527 255 64 64
96.97636414 177.50386047 351.57708740 255 64 64
96.97052002 177.49284363 351.58102417 255 64 64
96.97829437 177.49603271 351.58703613 255 64 64
110.37863159 179.82684326 326.54797363 255 64 64
110.38419342 179.83468628 326.55758667 255 64 64
110.37922668 179.82748413 326.55395508 255 64 64
110.38586426 179.83326721 326.56234741 255 64 64
93.06109619 187.72673035 366.98754883 255 64 64
93.06295776 187.73236084 366.98934937 255 64 64
93.05917358 187.72763062 366.99682617 255 64 64
93.06636047 187.73217773 367.00021362 255 64 64
80.07132721 177.05464172 402.98989868 255 64 64
80.07546997 177.06040955 402.99343872 255 64 64
80.07357788 177.06199646 403.00415039 255 64 64
80.08456421 177.06736755 403.00729370 255 64 64
134.43688965 264.30703735 357.48852539 255 64 64
134.43698120 264.31457520 357.49227905 255 64 64
134.43046570 264.30450439 357.49426270 255 64 64
134.43597412 264.31106567 357.50079346 255 64 64
112.60684204 195.30197144 322.27713013 255 64 64
112.60951233 195.31063843 322.29150391 255 64 64
112.60776520 195.30294800 322.27703857 255 64 64
112.61161041 195.30970764 322.28915405 255 64 64
114.22146606 212.29968262 325.77343750 255 64 64
114.22532654 212.30740356 325.79119873 255 64 64
114.22634888 212.29800415 325.77740479 255 64 64
114.23139954 212.30642700 325.79412842 255 64 64
97.75809479 221.26026917 406.89135742 255 64 64
97.75543213 221.26708984 406.89624023 255 64 64
97.76019287 221.25511169 406.90106201 255 64 64
97.76539612 221.26551819 406.90414429 255 64 64
115.99154663 229.18780518 330.44366455 255 64 64
115.99275970 229.19697571 330.45321655 255 64 64
115.99570465 229.18568420 330.45004272 255 64 64
116.00010681 229.19421387 330.45996094 255 64 64
154.89886475 176.08772278 368.64938354 255 64 64
154.90287781 176.09231567 368.65960693 255 64 64
154.89541626 176.09251404 368.65127563 255 64 64
154.90951538 176.09645081 368.65548706 255 64 64
100.49307251 202.89491272 419.64318848 255 64 64
100.49359131 202.90087891 419.65127563 255 64 64
100.49504852 202.89100647 419.65866089 255 64 64
100.50173950 202.90402222 419.66375732 255 64 64
86.29697418 183.76902771 386.08511353 255 64 64
86.30092621 183.77487183 386.08880615 255 64 64
86.30077362 183.77200317 386.09353638 255 64 64
86.31039429 183.77694702 386.09741211 255 64 64
144.50331116 224.42358398 408.96740723 255 64 64
144.49980164 224.42739868 408.97015381 255 64 64
144.50833130 224.41445923 408.97708130 255 64 64
144.50988770 224.42268372 408.97885132 255 64 64
112.57724762 185.47663879 416.37576294 255 64 64
112.58144379 185.47817993 416.39163208 255 64 64
112.58197021 185.47045898 416.38711548 255 64 64
112.59292603 185.47891235 416.39877319 255 64 64
127.49030304 251.91302490 333.98199463 255 64 64
127.49395752 251.92213440 333.99017334 255 64 64
127.49410248 251.91209412 333.98898315 255 64 64
127.50104523 251.92074585 333.99963379 255 64 64
109.01376343 233.69766235 367.68872070 255 64 64
109.01203156 233.70660400 367.69097900 255 64 64
109.01551819 233.69818115 367.69686890 255 64 64
109.01824951 233.70800781 367.69955444 255 64 64
89.99446106 176.46006775 370.24618530 255 64 64
89.99737549 176.46563721 370.24896240 255 64 64
89.99503326 176.46664429 370.25848389 255 64 64
90.00303650 176.47122192 370.26190186 255 64 64
154.32603455 265.27593994 359.24932861 255 64 64
154.32450867 265.28088379 359.25497437 255 64 64
154.32440186 265.26910400 359.25961304 255 64 64
154.32821655 265.27478027 359.26647949 255 64 64
130.83413696 223.45436096 405.36676025 255 64 64
130.83056641 223.45782471 405.36618042 255 64 64
130.82287598 223.45370483 405.36874390 255 64 64
130.82615662 223.46125793 405.36743164 255 64 64
125.12911987 256.25540161 365.12673950 255 64 64
125.12816620 256.26287842 365.13574219 255 64 64
125.12646484 256.25494385 365.13259888 255 64 64
125.13026428 256.26467896 365.14071655 255 64 64
122.85748291 198.56130981 409.02294922 255 64 64
122.86018372 198.56376648 409.03012085 255 64 64
122.85066223 198.57453918 409.04125977 255 64 64
122.85986328 198.58186340 409.04592896 255 64 64
146.68005371 175.02908325 404.26580811 255 64 64
146.68865967 175.03321838 404.28359985 255 64 64
146.68301392 175.02226257 404.27371216 255 64 64
146.70033264 175.02838135 404.28558350 255 64 64
101.50505829 189.23283386 420.49731445 255 64 64
101.50681305 189.23893738 420.50759888 255 64 64
101.51429749 189.23074341 420.50317383 255 64 64
101.52227783 189.24253845 420.50912476 255 64 64
120.34048462 227.98274231 315.38607788 255 64 64
120.34153748 227.99337769 315.39675903 255 64 64
120.34613800 227.98040771 315.39575195 255 64 64
120.35092163 227.98916626 315.40756226 255 64 64
161.77755737 189.75701904 387.65826416 255 64 64
161.77505493 189.76139832 387.66894531 255 64 64
161.77780151 189.75256348 387.66778564 255 64 64
161.78559875 189.75889587 387.67361450 255 64 64
157.69847107 247.11935425 412.09753418 255 64 64
157.69812012 247.11532593 412.10595703 255 64 64
157.70587158 247.11299133 412.10885620 255 64 64
157.71121216 247.11537170 412.11578369 255 64 64
107.77188873 202.49871826 338.58242798 255 64 64
107.77250671 202.50703430 338.58828735 255 64 64
107.77433777 202.49722290 338.58666992 255 64 64
107.77900696 202.50440979 338.59265137 255 64 64
144.10266113 244.57702637 415.59216309 255 64 64
144.09962463 244.57583618 415.59817505 255 64 64
144.11152649 244.56993103 415.60232544 255 64 64
144.11450195 244.57420349 415.60696411 255 64 64
128.66271973 178.52555847 412.46130371 255 64 64
128.66917419 178.52536011 412.48214722 255 64 64
128.66563416 178.52058411 412.46862793 255 64 64
128.68011475 178.52751160 412.48507690 255 64 64
95.42150879 207.39776611 377.24414062 255 64 64
95.42294312 207.40359497 377.24438477 255 64 64
95.42398071 207.39810181 377.25524902 255 64 64
95.43201447 207.40374756 377.25616455 255 64 64
109.62325287 230.44302368 415.48242188 255 64 64
109.62173462 230.44580078 415.49563599 255 64 64
109.62519836 230.43911743 415.49206543 255 64 64
109.63125610 230.44979858 415.50201416 255 64 64
106.76063538 221.22749329 355.49578857 255 64 64
106.76214600 221.23449707 355.50180054 255 64 64
106.76383209 221.22406006 355.49862671 255 64 64
106.76780701 221.23216248 355.50515747 255 64 64
98.60433960 224.16888428 392.75366211 255 64 64
98.60157013 224.17462158 392.76083374 255 64 64
98.60940552 224.16105652 392.76089478 255 64 64
98.61387634 224.17118835 392.76730347 255 64 64
175.24467468 209.43200684 380.75149536 255 64 64
175.25155640 209.42625427 380.76995850 255 64 64
175.25085449 209.42047119 380.76443481 255 64 64
175.26467896 209.41708374 380.77841187 255 64 64
77.36192322 165.88005066 397.11010742 255 64 64
77.36706543 165.88499451 397.12042236 255 64 64
77.36688995 165.89147949 397.12142944 255 64 64
77.37870026 165.89511108 397.12936401 255 64 64
95.78952026 214.07716370 411.10098267 255 64 64
95.78770447 214.08531189 411.10455322 255 64 64
95.79171753 214.07247925 411.11077881 255 64 64
95.79899597 214.08424377 411.11206055 255 64 64
102.79371643 182.88894653 344.78314209 255 64 64
102.79776001 182.89561462 344.79440308 255 64 64
102.79779053 182.88619995 344.78573608 255 64 64
102.80401611 182.89186096 344.79559326 255 64 64
123.45095825 257.58453369 383.64758301 255 64 64
123.44850159 257.59161377 383.65844727 255 64 64
123.45022583 257.57922363 383.65490723 255 64 64
123.45327759 257.58978271 383.66488647 255 64 64
144.54434204 266.11611938 358.06076050 255 64 64
144.54046631 266.12445068 358.06637573 255 64 64
144.54110718 266.11016846 358.06301880 255 64 64
144.54254150 266.11840820 358.07073975 255 64 64
119.68905640 252.24374390 371.54916382 255 64 64
119.68814087 252.25172424 371.55645752 255 64 64
119.68692780 252.23973083 371.55401611 255 64 64
119.69097900 252.24945068 371.56222534 255 64 64
154.52638245 263.08703613 342.28390503 255 64 64
154.52912903 263.09487915 342.28616333 255 64 64
154.52163696 263.08496094 342.28729248 255 64 64
154.52836609 263.09170532 342.29370117 255 64 64
96.47129822 187.25941467 359.37829590 255 64 64
96.47329712 187.26498413 359.38385010 255 64 64
96.47149658 187.26080322 359.38116455 255 64 64
96.47768402 187.26451111 359.38626099 255 64 64
139.60656738 264.19271851 397.94622803 255 64 64
139.60368347 264.19314575 397.96041870 255 64 64
139.60554504 264.18084717 397.95266724 255 64 64
139.61033630 264.18792725 397.96493530 255 64 64
129.34278870 261.39300537 379.96862793 255 64 64
129.34301758 261.39666748 379.97866821 255 64 64
129.33821106 261.38647461 379.97354126 255 64 64
129.34362793 261.39309692 379.98373413 255 64 64
101.90327454 213.45852661 361.30041504 255 64 64
101.90481567 213.46542358 361.29858398 255 64 64
101.90655518 213.45440674 361.30624390 255 64 64
101.91265869 213.46064758 361.30712891 255 64 64
106.67541504 216.67518616 419.04425049 255 64 64
106.67358398 216.67973328 419.05697632 255 64 64
106.67786407 216.66990662 419.05529785 255 64 64
106.68393707 216.68133545 419.06338501 255 64 64
117.35617065 197.11184692 310.53497314 255 64 64
117.36344910 197.12171936 310.55337524 255 64 64
117.35769653 197.11155701 310.53161621 255 64 64
117.36544800 197.12042236 310.54772949 255 64 64
139.65919495 197.24392700 397.52017212 255 64 64
139.65919495 197.24487305 397.53002930 255 64 64
139.66120911 197.23947144 397.53228760 255 64 64
139.66796875 197.24490356 397.53854370 255 64 64
114.96716309 221.89974976 327.76812744 255 64 64
114.96987915 221.90888977 327.77929688 255 64 64
114.97311401 221.89704895 327.77612305 255 64 64
114.97740936 221.90640259 327.78671265 255 64 64
100.07157135 224.76147461 383.50845337 255 64 64
100.07050323 224.76777649 383.51477051 255 64 64
100.07687378 224.75653076 383.51800537 255 64 64
100.08209229 224.76541138 383.52395630 255 64 64
124.99706268 210.70610046 406.51092529 255 64 64
124.99748993 210.70762634 406.51562500 255 64 64
124.99285889 210.71125793 406.52197266 255 64 64
124.99922943 210.71653748 406.52532959 255 64 64
250.84001160 264.26602173 365.56399536 64 255 128
85.14905548 108.98876953 402.52288818 64 255 128
148.21122742 190.93400574 278.55532837 64 255 128
116.90471649 247.22596741 404.51904297 64 255 128
178.32426453 86.62378693 327.83206177 64 255 128
194.67199707 179.36900330 398.12298584 64 255 128
172.29196167 254.03645325 334.74014282 64 255 128
96.96870422 177.50042725 351.57791138 64 255 128
203.12821960 157.58874512 320.38442993 64 255 128
192.16300964 266.54898071 413.10598755 64 255 128
119.13049316 171.53764343 420.67523193 64 255 128
245.48413086 195.94581604 343.35073853 64 255 128
125.68958282 129.96678162 306.21694946 64 255 128
146.39352417 122.53919220 374.97720337 64 255 128
115.99391174 229.19955444 330.44995117 64 255 128
196.05366516 211.30822754 306.64498901 64 255 128
96.63859558 123.36974335 352.09588623 64 255 128
218.85200500 225.62800598 385.37799072 64 255 128
162.30101013 221.91600037 406.29000854 64 255 128
77.16307831 160.31297302 392.77288818 64 255 128
154.10687256 180.94287109 363.07727051 64 255 128
191.19477844 127.72677612 356.33331299 64 255 128
154.19454956 266.50396729 379.48336792 64 255 128
129.94657898 91.06115723 334.21276855 64 255 128
152.06578064 235.91343689 296.87686157 64 255 128
202.41500854 267.17401123 362.73800659 64 255 128
173.05348206 126.75368500 297.37722778 64 255 128
92.25421906 206.49295044 395.49111938 64 255 128
116.76932526 176.21661377 310.11798096 64 255 128
215.34014893 231.02587891 338.39205933 64 255 128
203.28501892 184.64726257 352.98138428 64 255 128
178.95300293 217.91999817 366.24899292 64 255 128
113.51253510 89.82958984 375.88635254 64 255 128
89.63965607 142.83163452 428.96908569 64 255 128
154.44755554 153.24082947 404.50537109 64 255 128
176.52476501 164.60408020 289.51641846 64 255 128
121.84112549 130.56652832 407.87905884 64 255 128
119.76934814 251.45402527 365.35995483 64 255 128
201.37394714 117.51341248 320.37240601 64 255 128
101.90756989 213.45898438 361.30026245 64 255 128
260.25000000 229.31100464 352.31900024 64 255 128
136.78564453 257.89831543 333.26403809 64 255 128
123.77074432 213.39002991 298.05068970 64 255 128
139.85487366 158.29621887 288.42349243 64 255 128
151.06520081 100.35774994 307.25839233 64 255 128
85.07901764 178.77224731 422.32138062 64 255 128
153.27038574 255.21650696 412.13427734 64 255 128
225.01400757 264.35598755 389.15197754 64 255 128
107.96878815 147.82148743 330.59405518 64 255 128
124.99401093 210.71401978 406.52261353 64 255 128
160.77589417 100.33726501 354.49484253 64 255 128
144.82940674 185.58401489 396.61709595 64 255 128
220.32899475 192.66299438 379.96499634 64 255 128
172.88388062 142.40103149 380.41213989 64 255 128
189.25653076 161.90036011 360.65316772 64 255 128
192.51899719 236.95500183 401.33099365 64 255 128
171.81140137 212.11486816 286.67803955 64 255 128
83.27637482 130.59782410 378.59082031 64 255 128
180.28562927 237.59152222 308.50570679 64 255 128
227.50640869 254.18484497 350.68972778 64 255 128
197.26031494 181.62538147 304.62399292 64 255 128
109.73059082 201.25936890 331.75790405 64 255 128
190.16000366 207.66400146 391.92199707 64 255 128
211.33134460 204.88497925 328.80673218 64 255 128
113.34754944 116.53388214 329.91076660 64 255 128
89.59087372 150.95442200 358.61401367 64 255 128
182.16360474 272.68951416 382.31878662 64 255 128
236.92700195 212.10600281 365.34399414 64 255 128
88.55107880 182.76721191 377.45846558 64 255 128
179.52799988 189.73199463 368.54199219 64 255 128
103.64947510 231.55804443 385.44366455 64 255 128
197.28089905 253.05294800 341.37557983 64 255 128
74.55751038 135.04187012 407.35656738 64 255 128
103.79423523 223.76651001 415.36642456 64 255 128
123.52780151 112.73321533 387.97332764 64 255 128
135.27209473 87.25809479 360.42883301 64 255 128
154.71105957 263.27770996 352.86999512 64 255 128
178.37937927 103.15198517 307.54199219 64 255 128
206.03369141 145.07621765 343.81854248 64 255 128
237.35099792 238.86799622 372.35098267 64 255 128
110.79664612 100.46608734 349.68518066 64 255 128
190.42839050 105.54315948 342.09942627 64 255 128
198.57946777 227.80818176 322.70904541 64 255 128
129.66458130 237.98939514 309.77484131 64 255 128
104.45302582 196.35620117 420.14935303 64 255 128
129.40307617 261.29483032 386.89840698 64 255 128
169.40100098 273.87908936 403.86776733 64 255 128
95.09631348 107.64706421 371.17260742 64 255 128
193.56214905 138.01676941 308.10433960 64 255 128
212.63758850 169.57655334 373.76986694 64 255 128
193.73767090 189.03353882 329.62829590 64 255 128
178.09904480 265.00329590 354.79098511 64 255 128
157.94937134 252.58615112 316.11877441 64 255 128
168.94050598 183.91738892 393.01385498 64 255 128
99.98236847 121.75535583 417.57855225 64 255 128
180.53602600 189.09432983 286.89987183 64 255 128
237.48681641 230.12771606 345.58581543 64 255 128
153.75677490 86.19506836 327.81149292 64 255 128
128.75558472 180.96293640 288.84658813 64 255 128
144.72668457 215.44749451 285.25003052 64 255 128
131.76362610 150.32740784 417.93078613 64 255 128
149.49942017 132.74688721 293.33969116 64 255 128
121.83793640 153.70054626 303.17431641 64 255 128
107.17117310 173.30857849 330.90478516 64 255 128
168.27122498 123.36167145 364.80059814 64 255 128
224.65998840 192.25500488 354.63601685 64 255 128
140.38279724 135.53450012 393.07806396 64 255 128
129.93910217 106.89504242 313.87811279 64 255 128
75.94094086 157.90022278 415.11346436 64 255 128
134.81883240 235.11445618 412.42565918 64 255 128
175.84100342 250.55599976 408.53500366 64 255 128
205.96147156 167.30194092 340.62133789 64 255 128
110.85408020 149.67395020 427.12765503 64 255 128
110.99121094 232.03623962 356.64724731 64 255 128
84.37054443 184.28500366 398.83999634 64 255 128
228.57015991 209.67953491 340.31283569 64 255 128
161.07821655 149.94848633 288.63162231 64 255 128
212.68600464 246.48300171 391.83300781 64 255 128
139.24780273 172.04541016 412.32455444 64 255 128
100.77746582 98.70804596 391.38705444 64 255 128
226.08900452 267.68801880 367.70401001 64 255 128
159.83595276 164.15234375 374.28753662 64 255 128
117.35491943 197.13029480 310.53955078 64 255 128
155.74255371 171.23789978 282.02783203 64 255 128
205.17100525 270.69500732 384.15100098 64 255 128
134.43875122 264.30447388 357.49288940 64 255 128
177.89700317 235.20599365 378.36199951 64 255 128
173.91877747 158.86885071 397.21249390 64 255 128
121.64422607 247.23692322 344.58599854 64 255 128
123.84762573 189.05496216 409.78857422 64 255 128
249.21182251 246.60113525 351.66574097 64 255 128
194.33705139 177.98527527 376.37756348 64 255 128
207.26248169 177.02110291 322.39654541 64 255 128
191.46722412 159.48974609 303.32675171 64 255 128
170.29200745 206.25999451 395.91299438 64 255 128
193.65263367 98.90190125 322.46749878 64 255 128
134.41429138 103.87411499 373.48736572 64 255 128
204.09706116 122.09497070 341.99295044 64 255 128
96.39356232 194.14936829 363.55905151 64 255 128
143.45336914 208.14411926 396.73495483 64 255 128
203.41064453 136.94038391 325.56814575 64 255 128
133.23686218 259.04840088 408.04751587 64 255 128
81.19231415 124.11742401 423.18826294 64 255 128
209.52799988 263.87100220 402.02099609 64 255 128
209.35900879 208.25900269 388.10198975 64 255 128
259.72985840 209.01216125 345.58425903 64 255 128
179.01951599 145.05708313 295.72473145 64 255 128
140.13104248 117.63584900 300.81039429 64 255 128
99.97102356 159.26541138 344.69454956 64 255 128
84.73504639 163.79345703 373.78643799 64 255 128
187.40686035 144.70149231 368.31466675 64 255 128
186.13465881 243.13958740 326.16772461 64 255 128
149.13070679 85.72151184 347.25369263 64 255 128
192.55099487 203.65800476 368.79797363 64 255 128
109.56824493 216.09011841 344.02868652 64 255 128
92.12778473 161.21842957 425.00335693 64 255 128
116.11784363 214.82943726 318.16189575 64 255 128
109.24264526 114.17487335 403.20605469 64 255 128
131.52705383 198.63398743 286.37875366 64 255 128
95.42169952 207.39973450 377.25222778 64 255 128
103.64807129 194.39874268 346.84057617 64 255 128
103.72806549 131.58186340 336.78219604 64 255 128
184.10997009 159.54858398 382.58062744 64 255 128
114.12931061 132.74833679 321.17251587 64 255 128
190.72196960 176.52471924 347.36791992 64 255 128
155.74337769 171.09008789 401.84371948 64 255 128
169.81231689 228.70103455 292.87756348 64 255 128
187.06900024 119.01235962 305.87805176 64 255 128
172.66600037 175.77000427 377.88702393 64 255 128
113.44075775 161.19825745 317.74765015 64 255 128
148.54107666 264.06069946 397.95214844 64 255 128
160.06449890 113.70631409 299.41885376 64 255 128
166.01492310 91.68537903 313.98873901 64 255 128
85.97714233 114.01088715 385.43173218 64 255 128
181.34999084 222.88600159 401.45800781 64 255 128
155.92062378 136.42170715 383.28573608 64 255 128
114.09970856 245.56475830 385.09848022 64 255 128
161.11999512 238.91600037 411.41500854 64 255 128
218.31909180 174.90481567 357.86709595 64 255 128
93.90090179 208.20692444 413.08175659 64 255 128
165.19926453 197.64088440 280.33767700 64 255 128
178.43821716 113.01128387 352.85876465 64 255 128
215.88650513 183.23260498 340.82040405 64 255 128
189.70901489 200.97729492 294.54190063 64 255 128
139.96899414 249.96925354 316.58843994 64 255 128
201.96800232 223.24800110 395.65597534 64 255 128
173.20098877 203.51399231 377.39599609 64 255 128
170.70205688 269.73199463 370.09072876 64 255 128
236.71099854 255.97500610 376.03900146 64 255 128
123.94673920 243.66857910 326.40832520 64 255 128
175.32864380 96.88533020 342.29162598 64 255 128
191.30900574 272.37399292 396.57000732 64 255 128
132.70770264 141.96998596 295.98934937 64 255 128
208.18800354 187.72799683 391.12200928 64 255 128
77.47226715 140.64245605 391.18728638 64 255 128
202.07933044 196.91346741 314.37652588 64 255 128
210.71539307 259.49884033 350.00460815 64 255 128
101.57303619 175.88214111 422.52038574 64 255 128
137.31222534 228.30921936 295.63983154 64 255 128
97.72856903 223.40452576 399.76910400 64 255 128
156.97590637 259.68322754 332.86676025 64 255 128
184.41494751 217.51521301 296.05368042 64 255 128
144.50456238 224.42115784 408.97134399 64 255 128
201.50178528 240.05938721 332.83316040 64 255 128
225.49700928 212.62001038 377.34899902 64 255 128
138.43244934 93.68877411 320.34893799 64 255 128
192.31599426 194.16500854 382.61801147 64 255 128
138.65142822 265.50686646 373.52777100 64 255 128
242.14279175 214.11807251 346.10095215 64 255 128
149.49641418 106.23644257 364.75991821 64 255 128
225.41999817 245.14999390 381.47100830 64 255 128
111.47310638 186.60597229 322.02459717 64 255 128
119.15782928 89.33165741 359.61322021 64 255 128
88.55683899 135.35502625 362.35885620 64 255 128
196.69599915 254.41101074 403.36199951 64 255 128
246.39199829 224.74600220 362.84701538 64 255 128
164.68453979 242.25265503 303.54498291 64 255 128
87.29060364 192.84550476 412.20559692 64 255 128
92.15573883 166.86125183 360.93392944 64 255 128
111.52283478 134.14161682 419.40054321 64 255 128
117.17521667 235.74316406 415.51486206 64 255 128
220.15847778 243.47229004 343.81127930 64 255 128
81.38134766 146.33268738 377.09603882 64 255 128
173.10856628 248.87471008 320.79760742 64 255 128
112.65199280 211.43696594 417.36596680 64 255 128
124.73057556 168.31101990 295.87033081 64 255 128
120.50386047 119.11506653 316.30261230 64 255 128
177.14900208 265.24499512 416.41400146 64 255 128
203.03495789 157.91738892 353.82897949 64 255 128
78.36648560 173.62341309 409.45858765 64 255 128
96.13995361 139.66918945 347.61248779 64 255 128
216.51480103 199.65260315 341.51498413 64 255 128
188.02217102 173.74784851 296.01211548 64 255 128
105.62982941 236.83831787 402.52178955 64 255 128
177.18269348 177.04144287 401.90802002 64 255 128
104.47061157 225.93109131 370.13610840 64 255 128
139.93740845 172.13519287 282.68048096 64 255 128
158.25000000 195.72700500 395.49899292 64 255 128
202.18121338 108.80715179 332.78292847 64 255 128
112.06216431 239.44984436 371.11734009 64 255 128
203.57269287 214.37287903 318.69308472 64 255 128
210.73353577 220.37763977 329.00543213 64 255 128
165.78372192 181.74121094 282.04397583 64 255 128
163.87168884 87.76878357 338.92221069 64 255 128
133.98237610 139.43127441 406.44116211 64 255 128
189.93849182 224.85194397 308.12997437 64 255 128
76.05351257 138.88523865 421.69262695 64 255 128
237.15600586 262.03601074 357.34201050 64 255 128
116.16854858 146.20492554 314.03945923 64 255 128
168.57412720 272.19558716 389.14920044 64 255 128
135.24607849 121.99302673 384.76708984 64 255 128
203.30947876 194.43859863 336.61096191 64 255 128
116.90361023 103.44544220 335.55014038 64 255 128
105.25820923 115.86140442 342.59106445 64 255 128
90.89764404 121.03182220 366.34967041 64 255 128
78.46717072 123.13011932 399.50454712 64 255 128
198.45361328 140.40415955 357.14697266 64 255 128
187.50399780 269.52801514 368.74200439 64 255 128
120.34325409 227.99449158 315.39471436 64 255 128
226.87899780 198.81599426 367.44500732 64 255 128
198.96040344 169.17742920 310.99099731 64 255 128
237.01300049 199.55599976 357.05398560 64 255 128
122.12393951 190.80908203 297.53417969 64 255 128
88.81658936 193.92683411 387.31063843 64 255 128
249.99600220 249.35400391 365.92599487 64 255 128
106.97504425 96.60406494 365.01882935 64 255 128
100.97412109 108.32695007 358.36508179 64 255 128
167.70106506 261.20941162 347.57763672 64 255 128
232.33200073 225.04598999 375.11398315 64 255 128
183.53616333 256.42367554 340.60339355 64 255 128
74.53672791 149.48022461 402.19165039 64 255 128
159.55030823 255.07929993 399.53616333 64 255 128
161.71932983 146.94487000 394.45477295 64 255 128
164.88265991 137.21466064 292.52694702 64 255 128
97.57765198 218.95893860 386.17941284 64 255 128
158.49484253 211.63003540 281.86795044 64 255 128
134.00350952 195.91204834 401.23629761 64 255 128
195.23417664 263.36657715 353.38778687 64 255 128
168.80799866 190.12199402 378.25500488 64 255 128
122.23335266 157.65739441 425.57824707 64 255 128
180.56529236 132.59858704 365.04898071 64 255 128
117.54813385 100.71666718 383.88677979 64 255 128
82.44505310 174.59858704 388.51095581 64 255 128
141.72886658 263.82955933 344.70867920 64 255 128
107.04792786 186.44844055 335.46966553 64 255 128
176.65599060 234.91099548 406.51397705 64 255 128
182.88299561 184.32000732 384.98602295 64 255 128
170.27899170 228.43499756 368.52600098 64 255 128
221.56655884 184.36436462 367.59179688 64 255 128
204.39248657 154.24722290 333.60363770 64 255 128
155.71444702 225.02049255 289.57568359 64 255 128
134.91639709 86.71007538 346.09872437 64 255 128
97.54212952 109.32513428 408.54299927 64 255 128
151.18841553 265.94277954 365.83541870 64 255 128
112.59008026 185.47943115 416.38510132 64 255 128
106.91619110 162.36946106 424.25552368 64 255 128
125.83528137 100.37567139 324.75881958 64 255 128
129.17581177 258.06283569 345.47512817 64 255 128
233.95599365 268.77600098 379.45397949 64 255 128
121.63701630 121.86385345 397.66220093 64 255 128
101.13476562 97.46866608 377.74670410 64 255 128
142.42240906 156.40974426 412.66259766 64 255 128
196.48811340 176.25556946 333.16928101 64 255 128
227.27180481 223.52618408 341.76742554 64 255 128
114.82183838 234.42828369 343.93188477 64 255 128
147.26881409 93.37811279 358.16247559 64 255 128
126.44252014 93.18093872 371.66787720 64 255 128
99.64762878 134.24253845 426.47250366 64 255 128
211.93157959 175.59346008 387.17684937 64 255 128
160.77972412 179.31727600 378.16778564 64 255 128
123.09458923 224.56275940 412.72628784 64 255 128
193.57130432 116.87825012 348.38836670 64 255 128
231.50088501 196.45683289 341.27035522 64 255 128
138.75891113 250.29457092 415.46444702 64 255 128
147.07518005 244.22360229 305.89065552 64 255 128
259.18600464 242.05699158 358.97399902 64 255 128
250.21600342 213.06900024 356.03298950 64 255 128
165.62300110 261.41900635 410.08898926 64 255 128
236.92381287 243.07270813 348.05545044 64 255 128
175.09944153 114.87052155 301.79220581 64 255 128
126.53048706 225.23062134 302.44625854 64 255 128
85.49374390 113.89575195 416.36270142 64 255 128
181.33341980 93.24233246 317.08593750 64 255 128
121.43232727 92.13369751 347.31573486 64 255 128
124.81086731 258.59210205 374.95889282 64 255 128
148.37039185 147.44509888 289.44992065 64 255 128
188.10087585 234.03324890 317.62628174 64 255 128
179.02900696 211.60798645 386.68399048 64 255 128
216.89399719 269.47998047 378.91799927 64 255 128
191.98989868 179.07553101 361.48739624 64 255 128
122.45499420 140.60722351 417.30187988 64 255 128
196.46163940 150.14495850 312.20663452 64 255 128
130.94592285 165.62461853 420.86666870 64 255 128
148.24649048 256.88928223 324.38836670 64 255 128
119.96009827 253.39414978 393.29901123 64 255 128
217.59399414 264.81301880 358.61398315 64 255 128
157.21600342 207.59400940 400.71499634 64 255 128
193.86114502 109.05831909 314.46304321 64 255 128
155.31251526 117.28069305 367.56628418 64 255 128
206.22247314 177.20805359 365.83886719 64 255 128
193.69923401 164.91572571 348.70306396 64 255 128
136.26992798 129.27017212 298.61486816 64 255 128
163.09098816 161.48539734 285.06268311 64 255 128
208.91999817 234.62800598 393.47698975 64 255 128
164.79701233 101.11904144 305.96130371 64 255 128
129.64038086 118.15100098 307.81466675 64 255 128
182.91502380 133.64627075 300.92745972 64 255 128
166.13507080 85.73787689 325.13580322 64 255 128
182.32099915 272.64401245 407.78298950 64 255 128
248.42823792 233.88244629 348.13568115 64 255 128
185.22474670 94.33895874 335.16314697 64 255 128
247.08700562 237.12599182 363.93298340 64 255 128
81.35137177 166.69914246 422.47271729 64 255 128
93.16262817 181.63539124 362.57714844 64 255 128
116.34562683 200.32408142 413.56610107 64 255 128
199.39375305 129.71520996 316.15689087 64 255 128
82.40505981 152.03056335 424.91943359 64 255 128
150.39356995 203.22235107 278.63354492 64 255 128
103.47673035 207.09660339 350.50161743 64 255 128
186.73095703 168.13554382 374.09783936 64 255 128
164.50527954 133.84260559 375.01400757 64 255 128
176.58311462 176.39263916 286.02127075 64 255 128
136.67887878 181.99639893 405.14624023 64 255 128
178.12176514 201.39950562 286.26776123 64 255 128
151.97294617 91.39353180 315.54989624 64 255 128
132.22789001 212.01593018 288.90951538 64 255 128
148.99217224 143.58581543 397.55136108 64 255 128
162.75173950 267.04730225 362.26998901 64 255 128
211.99610901 173.36709595 346.84143066 64 255 128
136.85757446 187.48643494 282.98559570 64 255 128
148.33938599 238.91300964 412.83279419 64 255 128
143.43428040 266.42636108 385.01052856 64 255 128
100.95395660 170.41529846 341.32791138 64 255 128
166.58100891 198.81199646 387.11700439 64 255 128
215.12500000 270.61001587 393.66998291 64 255 128
142.79563904 86.45523071 333.01989746 64 255 128
112.02474976 107.68180084 393.50097656 64 255 128
180.28100586 201.77699280 367.76599121 64 255 128
165.97221375 112.74732971 358.96716309 64 255 128
206.88854980 166.19355774 328.65432739 64 255 128
209.30918884 247.78947449 342.56411743 64 255 128
112.98185730 214.73559570 332.42404175 64 255 128
191.29513550 247.92750549 333.64263916 64 255 128
218.88984680 213.95965576 334.04193115 64 255 128
163.26356506 161.90461731 403.34017944 64 255 128
205.65226746 124.70348358 328.97869873 64 255 128
204.30975342 200.34053040 324.16329956 64 255 128
178.33979797 274.26287842 396.11254883 64 255 128
112.20135498 124.37754059 411.23828125 64 255 128
186.56698608 256.23501587 409.24002075 64 255 128
112.73220062 173.95877075 320.70391846 64 255 128
203.59338379 133.53880310 348.91009521 64 255 128
190.81381226 186.98953247 295.75354004 64 255 128
119.02379608 165.12322998 307.24749756 64 255 128
100.98561096 147.80120850 341.46435547 64 255 128
139.67594910 105.52452087 307.37973022 64 255 128
128.66729736 178.52186584 412.46841431 64 255 128
173.59538269 153.87869263 290.64620972 64 255 128
126.08384705 256.50473022 356.86749268 64 255 128
201.78134155 185.82510376 317.96160889 64 255 128
124.90868378 245.39155579 413.11236572 64 255 128
164.88874817 179.10205078 368.21063232 64 255 128
203.12200928 198.68099976 390.23400879 64 255 128
115.07817841 203.98774719 320.60086060 64 255 128
181.56973267 227.88940430 299.96878052 64 255 128
196.96499634 270.31002808 375.36901855 64 255 128
106.76705170 221.23367310 355.49481201 64 255 128
194.54504395 185.36560059 346.01174927 64 255 128
136.31451416 215.48414612 399.14721680 64 255 128
186.93000793 212.50100708 373.57101440 64 255 128
121.32318878 201.99919128 298.40603638 64 255 128
148.76574707 165.18476868 408.09402466 64 255 128
157.59042358 267.38375854 390.14392090 64 255 128
157.48434448 180.52130127 395.25183105 64 255 128
129.27067566 155.84408569 294.94088745 64 255 128
187.90065002 147.68777466 302.70941162 64 255 128
196.64714050 196.61203003 302.83279419 64 255 128
150.67391968 160.29693604 285.34890747 64 255 128
99.50774384 150.32014465 426.90084839 64 255 128
106.27506256 162.12590027 330.50924683 64 255 128
130.07043457 131.35687256 399.47192383 64 255 128
240.53500366 268.32699585 370.17102051 64 255 128
190.35791016 175.22254944 387.77600098 64 255 128
95.36654663 188.91455078 421.59664917 64 255 128
216.07499695 257.27297974 392.40499878 64 255 128
184.71499634 202.04100037 379.75399780 64 255 128
117.03870392 244.73414612 356.52767944 64 255 128
76.61911011 125.40225983 412.90283203 64 255 128
205.16015625 135.06115723 336.50582886 64 255 128
127.49752045 251.92335510 333.98715210 64 255 128
93.57561493 103.85538483 383.18450928 64 255 128
197.24377441 151.13027954 360.63040161 64 255 128
124.41362762 141.00407410 303.40570068 64 255 128
89.45070648 200.68167114 404.66571045 64 255 128
178.47399902 222.61700439 376.39300537 64 255 128
99.50393677 217.77099609 374.81158447 64 255 128
130.82266235 223.45594788 405.37155151 64 255 128
102.79545593 182.89788818 344.77984619 64 255 128
157.75213623 125.46412659 295.13375854 64 255 128
203.56401062 245.86599731 398.08700562 64 255 128
192.75799561 271.73901367 385.60900879 64 255 128
121.31840515 178.40083313 298.65496826 64 255 128
218.98399353 181.06199646 380.79898071 64 255 128
250.76118469 203.84423828 349.95498657 64 255 128
210.88400269 268.77297974 369.68298340 64 255 128
226.65499878 233.31700134 379.72500610 64 255 128
207.81500244 230.46945190 332.28015137 64 255 128
199.61898804 269.59500122 405.58801270 64 255 128
149.77185059 180.34201050 280.26831055 64 255 128
140.33021545 97.50610352 365.69613647 64 255 128
133.15264893 261.80300903 397.14266968 64 255 128
172.09622192 104.38000488 350.30178833 64 255 128
89.72745514 105.75317383 393.17456055 64 255 128
171.01199341 216.22000122 400.39300537 64 255 128
118.36016083 210.33274841 307.17004395 64 255 128
200.69799805 211.93901062 393.68600464 64 255 128
183.90100098 183.61698914 395.83001709 64 255 128
250.47201538 257.06799316 357.36999512 64 255 128
142.95002747 110.73548126 372.85952759 64 255 128
217.86799622 205.98300171 381.43499756 64 255 128
239.43055725 252.46282959 352.92620850 64 255 128
92.69075012 191.93254089 372.95986938 64 255 128
85.57128143 151.28889465 368.41125488 64 255 128
76.11845398 161.69100952 403.36654663 64 255 128
167.16290283 171.34310913 283.51049805 64 255 128
218.76400757 236.59100342 386.41598511 64 255 128
120.98123932 110.74378204 322.85458374 64 255 128
194.59939575 99.83004761 333.20376587 64 255 128
184.13310242 171.37051392 396.97100830 64 255 128
172.56904602 149.48381042 389.98922729 64 255 128
189.25744629 155.37600708 369.24276733 64 255 128
94.08528900 213.93832397 404.27539062 64 255 128
79.02092743 154.89208984 383.47976685 64 255 128
88.91050720 129.01358032 428.82858276 64 255 128
131.65760803 112.22650909 380.94134521 64 255 128
118.28437042 185.95892334 307.17584229 64 255 128
226.97399902 234.03218079 344.19232178 64 255 128
74.62425232 147.14282227 414.55892944 64 255 128
80.99042511 129.01567078 388.68908691 64 255 128
186.49198914 244.34800720 406.20397949 64 255 128
252.31658936 223.44070435 348.42684937 64 255 128
189.89939880 259.11685181 346.87615967 64 255 128
220.47087097 183.64872742 350.64123535 64 255 128
141.77926636 236.93971252 300.76242065 64 255 128
205.97839355 176.85737610 377.48599243 64 255 128
165.25000000 250.53900146 407.67300415 64 255 128
192.45300293 219.16200256 397.94000244 64 255 128
181.17399597 179.92599487 373.14297485 64 255 128
95.07241058 150.94850159 349.45919800 64 255 128
145.12863159 197.11659241 394.95761108 64 255 128
98.17408752 203.93904114 367.37911987 64 255 128
142.65483093 129.80274963 384.39944458 64 255 128
87.74713898 119.65428925 376.95031738 64 255 128
201.31307983 146.88629150 323.58343506 64 255 128
79.69109344 174.36137390 398.37722778 64 255 128
144.54707336 266.11657715 358.05816650 64 255 128
186.93434143 101.18154144 313.16882324 64 255 128
99.41418457 189.75811768 354.53283691 64 255 128
108.54381561 239.07243347 392.97048950 64 255 128
181.43377686 147.59260559 378.72180176 64 255 128
108.90543365 127.80128479 328.64071655 64 255 128
154.53059387 263.09280396 342.28292847 64 255 128
235.11358643 192.34011841 350.01434326 64 255 128
193.10099792 185.83999634 390.24401855 64 255 128
179.81962585 123.52832794 359.53359985 64 255 128
98.78256989 103.46129608 400.25482178 64 255 128
81.99308777 183.64228821 411.53234863 64 255 128
146.68656921 175.03109741 404.26937866 64 255 128
143.04095459 147.50830078 407.58386230 64 255 128
161.78099060 189.75799561 387.66101074 64 255 128
170.04415894 245.72737122 311.16625977 64 255 128
118.57362366 237.91500854 334.82235718 64 255 128
188.22399902 188.66400146 375.01202393 64 255 128
152.98522949 216.02555847 406.54180908 64 255 128
131.70822144 169.08723450 287.79061890 64 255 128
102.81192780 209.53002930 419.77542114 64 255 128
138.95573425 206.76959229 283.03997803 64 255 128
159.82928467 265.75637817 400.14474487 64 255 128
108.58361816 94.39536285 383.96838379 64 255 128
100.76057434 200.18429565 357.78521729 64 255 128
212.21701050 217.96899414 388.55401611 64 255 128
214.73799133 198.35400391 387.29299927 64 255 128
186.54981995 266.49795532 358.15368652 64 255 128
187.79792786 171.26957703 359.52001953 64 255 128
150.57470703 117.07125092 298.08319092 64 255 128
187.97999573 212.22999573 363.54800415 64 255 128
157.56399536 229.41600037 411.04400635 64 255 128
120.07865143 219.91827393 308.44635010 64 255 128
129.76979065 261.78390503 366.07644653 64 255 128
245.57699585 258.37298584 371.98400879 64 255 128
201.71899414 178.47200012 391.04800415 64 255 128
120.12429810 135.36712646 312.82580566 64 255 128
171.58825684 235.37432861 299.69607544 64 255 128
167.30099487 231.69100952 408.00198364 64 255 128
189.06022644 137.26991272 361.16275024 64 255 128
164.04739380 218.58842468 287.27133179 64 255 128
123.41409302 254.79811096 402.82901001 64 255 128
163.48043823 269.74136353 378.58605957 64 255 128
158.36528015 188.12988281 279.38879395 64 255 128
155.68235779 129.00028992 374.99520874 64 255 128
163.02313232 254.68656921 324.03738403 64 255 128
228.99200439 255.64500427 382.30999756 64 255 128
91.51175690 171.69721985 424.85397339 64 255 128
139.95909119 196.74145508 281.13375854 64 255 128
94.63078308 160.91255188 353.20361328 64 255 128
94.38248444 199.27877808 417.53631592 64 255 128
185.33830261 163.77546692 296.56961060 64 255 128
204.82597351 166.91816711 318.87695312 64 255 128
163.19039917 93.76251984 347.46179199 64 255 128
145.79179382 259.89978027 408.36706543 64 255 128
80.58699799 116.17442322 407.59838867 64 255 128
178.18676758 269.28594971 363.45248413 64 255 128
148.17205811 108.44276428 302.54238892 64 255 128
131.08691406 247.09425354 319.65902710 64 255 128
111.26097870 225.19703674 346.43249512 64 255 128
125.58155060 100.56314850 378.02124023 64 255 128
236.10699463 205.25170898 343.31643677 64 255 128
84.55514526 139.44000244 370.75088501 64 255 128
197.34153748 222.04743958 316.30151367 64 255 128
208.64920044 176.38209534 355.49789429 64 255 128
204.18147278 255.96192932 345.96069336 64 255 128
102.03654480 229.57745361 407.76788330 64 255 128
175.96482849 220.88439941 292.32205200 64 255 128
184.03208923 208.57148743 291.83532715 64 255 128
180.26550293 241.72113037 316.75653076 64 255 128
192.88095093 126.52738190 307.65106201 64 255 128
240.44999695 247.51399231 369.43298340 64 255 128
205.57899475 270.76699829 394.97500610 64 255 128
259.85900879 217.86599731 349.51098633 64 255 128
179.27580261 271.56240845 373.69271851 64 255 128
168.58799744 241.67799377 406.05499268 64 255 128
120.90985107 148.42376709 423.41616821 64 255 128
163.38111877 171.24230957 369.19250488 64 255 128
193.70072937 235.85850525 324.93560791 64 255 128
183.67199707 213.59098816 395.68099976 64 255 128
94.73439789 215.71696472 394.58981323 64 255 128
210.56318665 169.64231873 362.07781982 64 255 128
85.66333008 173.99433899 379.47171021 64 255 128
138.94050598 149.19993591 290.73257446 64 255 128
127.77763367 201.81436157 404.78698730 64 255 128
89.99241638 176.46781921 370.25234985 64 255 128
107.33004761 233.76287842 376.30847168 64 255 128
148.07582092 261.26077271 335.94369507 64 255 128
112.90053558 223.09106445 417.76196289 64 255 128
157.15951538 247.47961426 308.40319824 64 255 128
112.11916351 152.78379822 320.79696655 64 255 128
204.11265564 144.90153503 332.52941895 64 255 128
141.53939819 86.24212646 352.89294434 64 255 128
239.86299133 227.96598816 370.23498535 64 255 128
82.78522491 113.80752563 394.81329346 64 255 128
228.07901001 264.17401123 359.17599487 64 255 128
141.49018860 140.32205200 292.57492065 64 255 128
178.48678589 138.74185181 372.62310791 64 255 128
135.62603760 220.33665466 291.27340698 64 255 128
159.42700195 184.63299561 377.08200073 64 255 128
203.01039124 178.03500366 313.51525879 64 255 128
116.24265289 246.94026184 374.47610474 64 255 128
129.26385498 125.07005310 392.58041382 64 255 128
154.58773804 86.21165466 338.82058716 64 255 128
143.40510559 97.78960419 312.05465698 64 255 128
108.38272858 106.94356537 343.12820435 64 255 128
88.16931915 158.87681580 363.95315552 64 255 128
170.41377258 189.49143982 282.31567383 64 255 128
199.20082092 140.41741943 317.01589966 64 255 128
92.50566101 199.64634705 380.85144043 64 255 128
257.39099121 251.40199280 360.56799316 64 255 128
126.45863342 87.05553436 354.23684692 64 255 128
92.17017365 122.28254700 422.66226196 64 255 128
234.67791748 217.98539734 343.47784424 64 255 128
186.31323242 91.17846680 326.37322998 64 255 128
180.25390625 249.05416870 330.55468750 64 255 128
217.22293091 251.95288086 346.33914185 64 255 128
160.83758545 233.35876465 294.58404541 64 255 128
138.42187500 244.06575012 309.75827026 64 255 128
137.88839722 254.31948853 324.56588745 64 255 128
162.94300842 259.80538940 340.65692139 64 255 128
108.02225494 207.93640137 340.09075928 64 255 128
174.16787720 90.36457825 335.80593872 64 255 128
179.13706970 156.43772888 389.07940674 64 255 128
181.42987061 124.54126740 300.74990845 64 255 128
203.03288269 148.67410278 353.04672241 64 255 128
253.66699219 229.81700134 358.77999878 64 255 128
122.82869720 237.42565918 319.69879150 64 255 128
108.51560211 137.02618408 328.50827026 64 255 128
221.21633911 193.26565552 346.33444214 64 255 128
200.22003174 107.74224854 323.82583618 64 255 128
114.37257385 121.90437317 322.82067871 64 255 128
86.44847870 130.29043579 370.01211548 64 255 128
212.21205139 191.50013733 343.06045532 64 255 128
173.25000000 181.31700134 368.65698242 64 255 128
207.91700745 255.94999695 397.63198853 64 255 128
86.29833221 183.77307129 386.08691406 64 255 128
93.82171631 209.63233948 387.40704346 64 255 128
170.56700134 270.40100098 412.62399292 64 255 128
119.44638824 252.03829956 382.18728638 64 255 128
178.97898865 231.49000549 370.05697632 64 255 128
104.63125610 154.03254700 336.76852417 64 255 128
197.00671387 169.35964966 340.63153076 64 255 128
128.27670288 190.84091187 289.16299438 64 255 128
104.48225403 185.24295044 420.32131958 64 255 128
76.50764465 149.71330261 392.95648193 64 255 128
196.68899536 202.06600952 383.99600220 64 255 128
184.01211548 110.48380280 306.76208496 64 255 128
146.42521667 223.36238098 289.03768921 64 255 128
173.49406433 136.08653259 295.72021484 64 255 128
202.76679993 204.99165344 315.48910522 64 255 128
157.52799988 107.51773834 360.67535400 64 255 128
184.66433716 180.98324585 291.55337524 64 255 128
101.07621002 230.39299011 395.39163208 64 255 128
173.14100647 225.95899963 403.84600830 64 255 128
193.41696167 168.01263428 303.56701660 64 255 128
186.23167419 119.09082794 353.25064087 64 255 128
112.60305023 195.31819153 322.27835083 64 255 128
227.65783691 244.44912720 347.30480957 64 255 128
200.80795288 113.65216827 341.16152954 64 255 128
174.50010681 96.06813049 311.63378906 64 255 128
204.90051270 156.31791687 345.11248779 64 255 128
106.77087402 139.80628967 424.59451294 64 255 128
111.14016724 239.72163391 409.10913086 64 255 128
173.89286804 88.17336273 320.14910889 64 255 128
121.55429840 94.83220673 338.84658813 64 255 128
95.26571655 116.50363922 359.88735962 64 255 128
176.25093079 261.49267578 344.97500610 64 255 128
255.50898743 237.80099487 351.28701782 64 255 128
201.38934326 190.32408142 310.01058960 64 255 128
157.70367432 247.11639404 412.10629272 64 255 128
219.09851074 177.36459351 372.38687134 64 255 128
196.58943176 120.41998291 313.42553711 64 255 128
219.11549377 204.52468872 333.55111694 64 255 128
166.68823242 119.53627777 298.12432861 64 255 128
198.05410767 159.23577881 313.07058716 64 255 128
92.90036774 132.58869934 355.18572998 64 255 128
86.68283844 187.01828003 419.05026245 64 255 128
168.53277588 265.50677490 355.53131104 64 255 128
100.31889343 115.23152161 350.60134888 64 255 128
168.41983032 182.87054443 382.99014282 64 255 128
186.72099304 229.98001099 401.30401611 64 255 128
191.56101990 208.28756714 298.44079590 64 255 128
219.30499268 191.20899963 362.41299438 64 255 128
80.02671814 137.67207336 383.13549805 64 255 128
164.83096313 140.28576660 382.86523438 64 255 128
81.66915131 134.02017212 427.70870972 64 255 128
157.69303894 142.29069519 290.14428711 64 255 128
172.83599854 205.10099792 387.08999634 64 255 128
109.34066010 171.88394165 422.38317871 64 255 128
244.75126648 205.85110474 343.29675293 64 255 128
211.06954956 239.14735413 338.22149658 64 255 128
149.06489563 137.05842590 388.57299805 64 255 128
179.62060547 103.94058228 345.73400879 64 255 128
201.60600281 237.26300049 398.12200928 64 255 128
171.55763245 132.65994263 370.06997681 64 255 128
181.18460083 154.51612854 295.42401123 64 255 128
252.48083496 214.86642456 345.98495483 64 255 128
169.80339050 107.81939697 303.30593872 64 255 128
118.18395996 87.92343903 368.70443726 64 255 128
119.19638824 179.93554688 415.97567749 64 255 128
76.05433655 140.19650269 399.69592285 64 255 128
101.22087097 123.56552887 344.58096313 64 255 128
204.41043091 189.52752686 344.67031860 64 255 128
81.41974640 165.60810852 381.53451538 64 255 128
127.12578583 86.18312073 363.49804688 64 255 128
112.25042725 143.63146973 324.12274170 64 255 128
199.18745422 202.56871033 307.64071655 64 255 128
195.75299072 245.53201294 401.96298218 64 255 128
160.38786316 124.47398376 369.02206421 64 255 128
209.78100586 226.20100403 391.40899658 64 255 128
87.37382507 192.31947327 396.82669067 64 255 128
243.75100708 207.25999451 356.62399292 64 255 128
184.72155762 195.63461304 289.83905029 64 255 128
205.25547791 117.00946808 332.95071411 64 255 128
221.12199402 199.92601013 375.26101685 64 255 128
111.94866943 95.99695587 358.03192139 64 255 128
154.47003174 93.17625427 353.26248169 64 255 128
165.07109070 153.29536438 399.84158325 64 255 128
203.15049744 263.83676147 354.51611328 64 255 128
103.95617676 142.16369629 334.91461182 64 255 128
168.59895325 144.67515564 292.07717896 64 255 128
155.37847900 196.20315552 277.68914795 64 255 128
98.86132050 216.27044678 414.40432739 64 255 128
129.98622131 142.49877930 413.59561157 64 255 128
158.94921875 88.12868500 319.33602905 64 255 128
162.62899780 213.60301208 404.19000244 64 255 128
133.04722595 99.98586273 318.11380005 64 255 128
220.22299194 192.16799927 371.41201782 64 255 128
171.45951843 271.52191162 380.80007935 64 255 128
185.48899841 274.01300049 390.50201416 64 255 128
104.54273987 106.96711731 350.86874390 64 255 128
160.58102417 267.74566650 371.14819336 64 255 128
110.09446716 165.84985352 324.43353271 64 255 128
243.54113770 198.97691345 351.23318481 64 255 128
200.42158508 124.68457794 349.24328613 64 255 128
164.13581848 173.98561096 399.89880371 64 255 128
127.61005402 205.22784424 290.29180908 64 255 128
209.29095459 213.81852722 325.49075317 64 255 128
123.33017731 161.51231384 300.63751221 64 255 128
100.25155640 100.60258484 370.00781250 64 255 128
221.62100220 253.89599609 386.96499634 64 255 128
220.51058960 223.91677856 338.33782959 64 255 128
109.62669373 230.45056152 415.49203491 64 255 128
186.56698608 196.16999817 367.01300049 64 255 128
201.76200867 246.48460388 337.99185181 64 255 128
170.90600586 229.27899170 376.91000366 64 255 128
117.26873016 156.15786743 309.96322632 64 255 128
144.10527039 244.57318115 415.60046387 64 255 128
105.57415009 117.10964203 410.14346313 64 255 128
110.37631989 179.83973694 326.55328369 64 255 128
165.22894287 256.51223755 331.58410645 64 255 128
105.38672638 201.41273499 343.68463135 64 255 128
93.79802704 114.73919678 415.22640991 64 255 128
195.86772156 181.85816956 326.94577026 64 255 128
157.91529846 105.13700867 303.27108765 64 255 128
224.05516052 200.50762939 338.18612671 64 255 128
145.49264526 123.60839844 296.87149048 64 255 128
140.58023071 263.32315063 403.02563477 64 255 128
107.59153748 194.68679810 335.56597900 64 255 128
225.13000488 269.17498779 377.45898438 64 255 128
216.05599976 190.11401367 387.69799805 64 255 128
229.10900879 206.25300598 370.52301025 64 255 128
172.01368713 166.28431702 401.18704224 64 255 128
119.13356018 215.68716431 413.16915894 64 255 128
117.69090271 123.71971893 404.70501709 64 255 128
194.58100891 229.16400146 398.71902466 64 255 128
107.09788513 123.48992920 335.18338013 64 255 128
150.72105408 250.57870483 312.84915161 64 255 128
84.21363831 122.51779175 383.82839966 64 255 128
105.37462616 178.81840515 337.87438965 64 255 128
90.29690552 150.90553284 427.09149170 64 255 128
76.87413788 166.17216492 414.04324341 64 255 128
91.38086700 143.00485229 356.35287476 64 255 128
198.16609192 193.98550415 330.45770264 64 255 128
186.91003418 112.03018188 348.53396606 64 255 128
99.67845917 167.85005188 423.88592529 64 255 128
198.67100525 261.25500488 407.54898071 64 255 128
148.42877197 167.68548584 282.63223267 64 255 128
145.34477234 231.82963562 294.98535156 64 255 128
192.46122742 266.61831665 362.35180664 64 255 128
150.93666077 179.18338013 398.65332031 64 255 128
191.94065857 183.35420227 338.69778442 64 255 128
107.45530701 227.15196228 361.56466675 64 255 128
134.03041077 206.37557983 399.81643677 64 255 128
138.50059509 229.14852905 410.24707031 64 255 128
118.26076508 115.00544739 394.60552979 64 255 128
152.88839722 100.80506134 359.40982056 64 255 128
114.90902710 189.06367493 314.23757935 64 255 128
136.24459839 87.45682526 338.09539795 64 255 128
129.61022949 157.48008728 421.32623291 64 255 128
218.17932129 258.57806396 351.55435181 64 255 128
131.63796997 241.24243164 415.74691772 64 255 128
109.48403168 239.26821899 383.22149658 64 255 128
204.31961060 175.00741577 329.81918335 64 255 128
78.10565186 133.39111328 394.93978882 64 255 128
123.22945404 124.89839172 311.71804810 64 255 128
177.07499695 195.98199463 373.09899902 64 255 128
147.17462158 266.63781738 375.78759766 64 255 128
253.85000610 256.14199829 368.12002563 64 255 128
189.22599792 197.62699890 374.67501831 64 255 128
196.96911621 179.91477966 368.74929810 64 255 128
90.48431396 111.94043732 376.42242432 64 255 128
115.09432220 165.14161682 423.50878906 64 255 128
165.76223755 272.47930908 396.77053833 64 255 128
170.98301697 203.30690002 282.74203491 64 255 128
131.37936401 252.13723755 412.92828369 64 255 128
113.42003632 224.26550293 336.04013062 64 255 128
136.13447571 264.33459473 382.58200073 64 255 128
191.49108887 216.73681641 302.48040771 64 255 128
109.95594788 113.67502594 336.52532959 64 255 128
235.38499451 218.30599976 370.20498657 64 255 128
233.53999329 245.27000427 375.33102417 64 255 128
133.62855530 232.51020813 301.51519775 64 255 128
155.39041138 161.25283813 405.94219971 64 255 128
139.44799805 264.67117310 393.04959106 64 255 128
208.50939941 199.45889282 336.84811401 64 255 128
130.24249268 134.40307617 300.41851807 64 255 128
122.56309509 245.98612976 335.24734497 64 255 128
199.50700378 270.83901978 389.81198120 64 255 128
201.26510620 233.97636414 328.87161255 64 255 128
205.71600342 269.67700195 375.67498779 64 255 128
218.79998779 244.55101013 386.21398926 64 255 128
94.72109985 179.33718872 424.22454834 64 255 128
110.69779205 203.24964905 417.84841919 64 255 128
100.90901184 224.65301514 378.75836182 64 255 128
98.08110046 166.45611572 349.57308960 64 255 128
105.67283630 127.18959045 418.63882446 64 255 128
114.97023010 221.91102600 327.77453613 64 255 128
198.51026917 131.05480957 354.40673828 64 255 128
186.21456909 232.22589111 310.89126587 64 255 128
114.11981201 141.97242737 422.63583374 64 255 128
139.14297485 189.75138855 398.86862183 64 255 128
218.17601013 215.50300598 383.96600342 64 255 128
115.12802124 247.42274475 394.83688354 64 255 128
189.67799377 271.35598755 405.20199585 64 255 128
98.12216187 130.14303589 348.03039551 64 255 128
203.03135681 163.71357727 347.23403931 64 255 128
243.38139343 222.04367065 345.83535767 64 255 128
220.25000000 270.46200562 387.65200806 64 255 128
118.42214966 133.88153076 414.13629150 64 255 128
186.77200317 179.40299988 403.45498657 64 255 128
179.90699768 258.98297119 412.42098999 64 255 128
115.36390686 168.12409973 315.70684814 64 255 128
124.98482513 235.20986938 414.40390015 64 255 128
197.47445679 190.88424683 338.90936279 64 255 128
252.39700317 220.60600281 356.39300537 64 255 128
165.58924866 250.74114990 316.53231812 64 255 128
140.15299988 118.50341034 377.62304688 64 255 128
119.78745270 94.24971008 377.48123169 64 255 128
239.55799866 263.68499756 377.50000000 64 255 128
200.08898926 191.51200867 389.56698608 64 255 128
84.44030762 160.00985718 425.16964722 64 255 128
76.31668854 130.64559937 418.68487549 64 255 128
119.62890625 106.35394287 329.03936768 64 255 128
184.72399902 219.88500977 372.37100220 64 255 128
196.82991028 188.96109009 303.16192627 64 255 128
220.36460876 234.48870850 341.71707153 64 255 128
127.54396820 89.84708405 343.05462646 64 255 128
143.18914795 266.36947632 367.27984619 64 255 128
172.14108276 240.94313049 305.44021606 64 255 128
79.35404968 166.66537476 388.81771851 64 255 128
154.89738464 176.09051514 368.64926147 64 255 128
180.96398926 208.83000183 379.38897705 64 255 128
217.49354553 173.22877502 365.91281128 64 255 128
215.75733948 174.01274109 379.68185425 64 255 128
244.93399048 217.35200500 361.09799194 64 255 128
162.31100464 203.41500854 396.66198730 64 255 128
209.88313293 182.46055603 345.65890503 64 255 128
114.02723694 156.66162109 426.53118896 64 255 128
224.65100098 225.45999146 380.27001953 64 255 128
117.77967834 240.91757202 346.40371704 64 255 128
193.83076477 143.70291138 362.56588745 64 255 128
106.62906647 94.16757965 372.24551392 64 255 128
153.93922424 242.14387512 302.72467041 64 255 128
135.69664001 260.71691895 341.33444214 64 255 128
122.83416748 250.98535156 352.67562866 64 255 128
207.58647156 207.31901550 323.46032715 64 255 128
153.19294739 219.69558716 284.92657471 64 255 128
149.92790222 210.20886230 282.72738647 64 255 128
106.67900085 216.68214417 419.05169678 64 255 128
201.08850098 181.47152710 361.70834351 64 255 128
144.57102966 86.13109589 341.09756470 64 255 128
204.56962585 219.91058350 323.13284302 64 255 128
195.04040527 217.83058167 309.80139160 64 255 128
199.33439636 178.49301147 383.44458008 64 255 128
110.62422943 242.25024414 400.41622925 64 255 128
149.61219788 231.83856201 411.12277222 64 255 128
133.12145996 161.68873596 290.54129028 64 255 128
164.27992249 129.41589355 294.62921143 64 255 128
188.91235352 174.61251831 367.57629395 64 255 128
181.87527466 172.12730408 291.64343262 64 255 128
233.75700378 267.00500488 363.48001099 64 255 128
109.52402496 191.45069885 327.88824463 64 255 128
205.36645508 225.98629761 327.46206665 64 255 128
137.52505493 180.06797791 283.44439697 64 255 128
134.75227356 112.75862885 305.72079468 64 255 128
92.15026093 202.30856323 388.54318237 64 255 128
194.44375610 175.40574646 302.50878906 64 255 128
184.72898865 265.24697876 414.28399658 64 255 128
82.61987305 156.64663696 375.40695190 64 255 128
243.49499512 265.69000244 363.65399170 64 255 128
104.88353729 214.15701294 354.31430054 64 255 128
198.68080139 191.47846985 319.68881226 64 255 128
98.15580750 142.87588501 427.60903931 64 255 128
203.22856140 125.65937805 321.23678589 64 255 128
221.04615784 184.08283997 358.23785400 64 255 128
243.91941833 240.50085449 348.12734985 64 255 128
158.26560974 141.97000122 389.24829102 64 255 128
97.75921631 221.26219177 406.89831543 64 255 128
91.30880737 104.30803680 401.49316406 64 255 128
81.77181244 141.60331726 427.39340210 64 255 128
136.89135742 164.11555481 416.57446289 64 255 128
156.42005920 95.85643768 310.18572998 64 255 128
145.37632751 90.55277252 320.32647705 64 255 128
142.18107605 164.04478455 284.48916626 64 255 128
209.64099121 266.36999512 360.60699463 64 255 128
215.62400818 263.75000000 396.82998657 64 255 128
179.60800171 214.28799438 373.01901245 64 255 128
231.30485535 194.51557922 357.49880981 64 255 128
86.27799225 190.86741638 403.91253662 64 255 128
123.18251038 97.25784302 331.99926758 64 255 128
88.20029449 109.15916443 411.20761108 64 255 128
234.67500305 204.70100403 362.02999878 64 255 128
157.64154053 204.54467773 280.11337280 64 255 128
173.86500549 221.72500610 370.26901245 64 255 128
99.04976654 211.36872864 370.63873291 64 255 128
130.30746460 94.71818542 326.88571167 64 255 128
217.08700562 267.57498169 365.63900757 64 255 128
130.32785034 222.28341675 296.39755249 64 255 128
139.14895630 138.95297241 399.53558350 64 255 128
185.04052734 168.96951294 388.32266235 64 255 128
170.59188843 267.16271973 362.07208252 64 255 128
99.82401276 135.69880676 341.75079346 64 255 128
119.24908447 232.37594604 324.55728149 64 255 128
174.97700500 185.62699890 384.45898438 64 255 128
133.53454590 91.55368805 366.27224731 64 255 128
147.74159241 153.51855469 407.90750122 64 255 128
117.51657104 191.14776611 412.35711670 64 255 128
185.70399475 204.88800049 363.70999146 64 255 128
112.60616302 180.96315002 317.05453491 64 255 128
135.12454224 263.42739868 350.07250977 64 255 128
125.13065338 256.26016235 365.12615967 64 255 128
129.37042236 184.86064148 407.89376831 64 255 128
163.68200684 268.80694580 406.02319336 64 255 128
217.48847961 176.86622620 350.39715576 64 255 128
136.18083191 145.97743225 411.49584961 64 255 128
142.80258179 164.76457214 412.11465454 64 255 128
215.02723694 224.72151184 334.95257568 64 255 128
149.47529602 266.62634277 389.21548462 64 255 128
168.95576477 92.22814178 341.94625854 64 255 128
171.27700806 255.64199829 411.38900757 64 255 128
170.00840759 159.85763550 288.46118164 64 255 128
192.71713257 193.97238159 297.48355103 64 255 128
109.01677704 233.70289612 367.68988037 64 255 128
251.89114380 207.79367065 343.40817261 64 255 128
132.49511719 124.73096466 302.74234009 64 255 128
195.39390564 182.83903503 356.23727417 64 255 128
196.04560852 159.45700073 355.70516968 64 255 128
154.88279724 154.49411011 286.95904541 64 255 128
186.94088745 222.85484314 301.51745605 64 255 128
88.07303619 145.29365540 362.75994873 64 255 128
140.85234070 89.28027344 326.53997803 64 255 128
119.15636444 194.08241272 303.62255859 64 255 128
176.67700195 243.61500549 406.23400879 64 255 128
141.57815552 133.66821289 295.04727173 64 255 128
199.55200195 205.16101074 390.02297974 64 255 128
190.70060730 180.02149963 297.05865479 64 255 128
213.20399475 270.68099976 385.57601929 64 255 128
171.93441772 117.03910828 359.27392578 64 255 128
146.07627869 216.77786255 402.60562134 64 255 128
76.49773407 126.79476929 405.75216675 64 255 128
184.32398987 236.16400146 404.42199707 64 255 128
170.24526978 252.80389404 327.58828735 64 255 128
80.35038757 175.59913635 417.66549683 64 255 128
74.24529266 154.37124634 408.91076660 64 255 128
179.58100891 179.04800415 380.23498535 64 255 128
164.37213135 206.67018127 281.93597412 64 255 128
154.05946350 259.07608032 402.24917603 64 255 128
115.81525421 140.74369812 318.37698364 64 255 128
129.02009583 119.16960907 388.28845215 64 255 128
149.20721436 132.20657349 382.02325439 64 255 128
231.36700439 263.53900146 383.82699585 64 255 128
191.73657227 227.14074707 314.17581177 64 255 128
240.64099121 221.57000732 366.35000610 64 255 128
128.31275940 147.65505981 297.55465698 64 255 128
184.91000366 128.95681763 360.24539185 64 255 128
178.77922058 212.98731995 288.95846558 64 255 128
177.97599792 217.83599854 397.43798828 64 255 128
189.65243530 252.53170776 338.93353271 64 255 128
158.98179626 175.84092712 363.46600342 64 255 128
110.15283966 192.79524231 417.87524414 64 255 128
123.53478241 105.41561890 383.00335693 64 255 128
203.70513916 140.45539856 351.35137939 64 255 128
94.67719269 172.06619263 357.28350830 64 255 128
233.26246643 237.14683533 347.71798706 64 255 128
113.71257019 239.91633606 360.34652710 64 255 128
184.27699280 206.66200256 387.38900757 64 255 128
99.29093933 160.57272339 425.12399292 64 255 128
108.60104370 155.74740601 327.56250000 64 255 128
124.33879089 231.52682495 310.52114868 64 255 128
167.39144897 175.52734375 378.96362305 64 255 128
156.80532837 132.48254395 293.00582886 64 255 128
178.33512878 246.56628418 324.76947021 64 255 128
111.66549683 179.15832520 420.04501343 64 255 128
92.84313202 136.39570618 428.46484375 64 255 128
159.22322083 261.91687012 347.24963379 64 255 128
261.92199707 236.34899902 355.53100586 64 255 128
243.64616394 258.59494019 356.12228394 64 255 128
156.82095337 259.93347168 395.28625488 64 255 128
136.77066040 156.93539429 417.22103882 64 255 128
156.30624390 164.46081543 283.58468628 64 255 128
198.18522644 107.26390076 339.07312012 64 255 128
105.95736694 154.92102051 426.74426270 64 255 128
93.53780365 113.97848511 368.15591431 64 255 128
161.80932617 117.03450775 364.63229370 64 255 128
158.31230164 171.59300232 376.26208496 64 255 128
91.55058289 127.33730316 359.61901855 64 255 128
93.05786133 187.73181152 366.98959351 64 255 128
223.45024109 208.95317078 336.62506104 64 255 128
206.51162720 162.22599792 334.54537964 64 255 128
138.71215820 222.68716431 403.50900269 64 255 128
122.85540009 198.57505798 409.04037476 64 255 128
108.39869690 99.76436615 388.64111328 64 255 128
166.76600647 187.02200317 372.13598633 64 255 128
117.83377075 203.23966980 307.38220215 64 255 128
166.58958435 105.76566315 354.65274048 64 255 128
212.49884033 170.23852539 353.28302002 64 255 128
80.03328705 120.64907837 417.06134033 64 255 128
214.31555176 210.61634827 330.23309326 64 255 128
89.37450409 169.49604797 368.08093262 64 255 128
152.17106628 186.08531189 394.30291748 64 255 128
198.82899475 184.33299255 395.11700439 64 255 128
126.06753540 197.22761536 291.31448364 64 255 128
112.79376221 91.83786011 366.06353760 64 255 128
159.41967773 88.45646667 344.53643799 64 255 128
158.15036011 186.03952026 390.61071777 64 255 128
132.55357361 173.30886841 415.51312256 64 255 128
186.03523254 161.02522278 375.83657837 64 255 128
224.84254456 260.31311035 354.49533081 64 255 128
187.42480469 128.82550049 303.36441040 64 255 128
192.47064209 151.86441040 306.20510864 64 255 128
104.23261261 219.93513489 362.02105713 64 255 128
123.45397949 257.58404541 383.64727783 64 255 128
104.71593475 108.76927948 402.34594727 64 255 128
77.54153442 148.40013123 421.23300171 64 255 128
232.86900330 268.91101074 372.44799805 64 255 128
98.60894775 224.17311096 392.75683594 64 255 128
133.52114868 188.18495178 403.16314697 64 255 128
176.65240479 194.95817566 284.64031982 64 255 128
245.42300415 243.60499573 366.24600220 64 255 128
256.19097900 247.87699890 354.55001831 64 255 128
177.45397949 273.48529053 389.33218384 64 255 128
159.26443481 238.80287170 299.28906250 64 255 128
116.14536285 245.66769409 364.66156006 64 255 128
187.40690613 162.11668396 368.13259888 64 255 128
255.53202820 201.54397583 345.19284058 64 255 128
84.33174133 181.45399475 392.14221191 64 255 128
128.19552612 135.77508545 408.27264404 64 255 128
197.88719177 259.01965332 347.65045166 64 255 128
203.30450439 153.17480469 325.85354614 64 255 128
118.79802704 107.49336243 387.77667236 64 255 128
117.29274750 126.53344727 318.79107666 64 255 128
164.56298828 225.09298706 290.40118408 64 255 128
194.58100891 110.94026947 343.85864258 64 255 128
174.10319519 182.59298706 284.02035522 64 255 128
96.75848389 213.55288696 380.61026001 64 255 128
237.11682129 192.76554871 343.14108276 64 255 128
206.24400330 218.27400208 392.18200684 64 255 128
128.65444946 248.64509583 326.16134644 64 255 128
233.49130249 250.33822632 350.76242065 64 255 128
101.59886169 219.09967041 368.53601074 64 255 128
188.00500488 205.00299072 374.35098267 64 255 128
221.37100220 186.09399414 374.65600586 64 255 128
144.27177429 255.15475464 413.08657837 64 255 128
114.22416687 212.31320190 325.78207397 64 255 128
175.22070312 128.16213989 365.19479370 64 255 128
149.29165649 115.66823578 370.63449097 64 255 128
173.78332520 258.07608032 340.11672974 64 255 128
104.86436462 104.61743927 396.82397461 64 255 128
153.51107788 123.08448792 371.21008301 64 255 128
142.94606018 258.13336182 328.84774780 64 255 128
77.36547089 165.89266968 397.11859131 64 255 128
206.24609375 127.16782379 335.48416138 64 255 128
223.14155579 217.15092468 337.84591675 64 255 128
117.71414948 221.33355713 318.23855591 64 255 128
188.28088379 95.34025574 319.88104248 64 255 128
100.52824402 97.31959534 384.56155396 64 255 128
136.01261902 239.20181274 305.69409180 64 255 128
220.66400146 268.44299316 372.22799683 64 255 128
186.85848999 141.10848999 302.09091187 64 255 128
151.78237915 223.66015625 409.91064453 64 255 128
226.92300415 268.85299683 384.12402344 64 255 128
129.34217834 261.39416504 379.97247314 64 255 128
173.14698792 196.56500244 378.71997070 64 255 128
231.93302917 227.78047180 344.00927734 64 255 128
151.77177429 196.87258911 396.19494629 64 255 128
159.04330444 181.49913025 280.44006348 64 255 128
114.47769928 99.12243652 344.11782837 64 255 128
255.73399353 212.64199829 351.97500610 64 255 128
205.09460449 148.99250793 338.35464478 64 255 128
112.33270264 206.65156555 329.36273193 64 255 128
244.16108704 228.91938782 346.44497681 64 255 128
113.59284210 236.89744568 353.13897705 64 255 128
150.19204712 85.32249451 333.57235718 64 255 128
202.89799500 230.89100647 396.07699585 64 255 128
103.65869904 101.94545746 362.32296753 64 255 128
74.18423462 135.90394592 414.91824341 64 255 128
175.66500854 273.98699951 407.26599121 64 255 128
188.23962402 262.87127686 352.02703857 64 255 128
92.25429535 207.11236572 405.30300903 64 255 128
165.34599304 208.67698669 400.35998535 64 255 128
147.90641785 264.81149292 347.08288574 64 255 128
178.06799316 184.85499573 392.55499268 64 255 128
203.65739441 114.67572784 326.74728394 64 255 128
128.81495667 242.12501526 315.80422974 64 255 128
134.16026306 85.67194366 353.94638062 64 255 128
162.29901123 257.10400391 406.04299927 64 255 128
192.29699707 210.90600586 369.75601196 64 255 128
154.32875061 265.27474976 359.25906372 64 255 128
111.58033752 119.55086517 406.52261353 64 255 128
120.03300476 143.24841309 308.19039917 64 255 128
172.20654297 111.63100433 355.01132202 64 255 128
196.04908752 143.21525574 311.62966919 64 255 128
183.35760498 100.09314728 341.59097290 64 255 128
170.14498901 87.57102966 331.16592407 64 255 128
210.44999695 195.01400757 391.29400635 64 255 128
85.94062805 118.11272430 421.57287598 64 255 128
184.29200745 273.33898926 401.37100220 64 255 128
99.93245697 176.47599792 344.46707153 64 255 128
124.10614777 163.87277222 423.85324097 64 255 128
126.02600098 105.75199127 320.87683105 64 255 128
185.93034363 187.48283386 290.88940430 64 255 128
145.07856750 185.40374756 280.04211426 64 255 128
78.91366577 156.21118164 420.99166870 64 255 128
117.73482513 228.96589661 416.63323975 64 255 128
170.61238098 220.29934692 288.37506104 64 255 128
80.82463074 115.67154694 400.93981934 64 255 128
120.42124939 172.85514832 301.78979492 64 255 128
194.47691345 240.35858154 328.76116943 64 255 128
185.38925171 152.00843811 376.04742432 64 255 128
180.12799072 225.23300171 367.93301392 64 255 128
202.43600464 268.72198486 369.25900269 64 255 128
130.64849854 98.37135315 372.65640259 64 255 128
228.39500427 219.84700012 376.64300537 64 255 128
188.87998962 185.80400085 382.40200806 64 255 128
189.95599365 249.81401062 404.48400879 64 255 128
100.49416351 202.90255737 419.65325928 64 255 128
170.61593628 137.53631592 375.50680542 64 255 128
190.27499390 203.64401245 385.04898071 64 255 128
143.91000366 253.93086243 319.95803833 64 255 128
208.62178040 171.37216187 333.41561890 64 255 128
140.70552063 91.11673737 360.84579468 64 255 128
186.83885193 167.74703979 364.80578613 64 255 128
143.51376343 177.33122253 281.46966553 64 255 128
103.94357300 167.22163391 334.39312744 64 255 128
94.20135498 101.16543579 391.25778198 64 255 128
101.87212372 208.06478882 357.22366333 64 255 128
89.74413300 200.43367004 396.76110840 64 255 128
178.86138916 166.67333984 398.62542725 64 255 128
183.65016174 260.86724854 348.23483276 64 255 128
166.07850647 180.55137634 397.09289551 64 255 128
96.46953583 187.26307678 359.37985229 64 255 128
75.78823853 154.68205261 398.35729980 64 255 128
186.40408325 153.92991638 299.68511963 64 255 128
190.77043152 95.15655518 330.47814941 64 255 128
205.70903015 177.26649475 385.00912476 64 255 128
147.06913757 99.93716431 362.45291138 64 255 128
128.65486145 230.10456848 412.51962280 64 255 128
118.06790161 241.90534973 412.75616455 64 255 128
97.86940765 108.86118317 364.03161621 64 255 128
168.07601929 99.26300049 349.10705566 64 255 128
203.86599731 258.71301270 402.05401611 64 255 128
160.85635376 86.52414703 333.19161987 64 255 128
92.05561829 157.31416321 357.58322144 64 255 128
172.96600342 190.90699768 372.13900757 64 255 128
184.22196960 240.35879517 321.32971191 64 255 128
201.47399902 251.94799805 399.52401733 64 255 128
174.93161011 230.25279236 297.23373413 64 255 128
90.00605774 191.49928284 378.69335938 64 255 128
167.46339417 113.20422363 300.47677612 64 255 128
115.89652252 117.77771759 400.04248047 64 255 128
122.94426727 218.51435852 302.09939575 64 255 128
219.48767090 188.58876038 342.32919312 64 255 128
82.02802277 181.87028503 404.28634644 64 255 128
135.11018372 126.99317932 389.06143188 64 255 128
193.26951599 155.81555176 363.29199219 64 255 128
150.74008179 229.40681458 291.89950562 64 255 128
239.08442688 199.62887573 341.29638672 64 255 128
220.12402344 178.86924744 362.80895996 64 255 128
245.46900940 230.89698792 365.19302368 64 255 128
234.50415039 258.04019165 353.34735107 64 255 128
205.33044434 137.14694214 343.79455566 64 255 128
123.25224304 113.14793396 316.44415283 64 255 128
133.15502930 254.02656555 329.16259766 64 255 128
247.62100220 264.55300903 372.55297852 64 255 128
137.76708984 256.86016846 412.00491333 64 255 128
141.68232727 260.93103027 336.93222046 64 255 128
178.87100220 229.07099915 404.09500122 64 255 128
153.76461792 255.42631531 321.08694458 64 255 128
131.78033447 256.86145020 337.37048340 64 255 128
199.20008850 174.96647644 308.83312988 64 255 128
189.21502686 99.01423645 337.35202026 64 255 128
198.09300232 270.75000000 382.00500488 64 255 128
190.92401123 271.38400269 379.37301636 64 255 128
120.89806366 206.67094421 410.25305176 64 255 128
123.79499817 127.81848145 402.35937500 64 255 128
119.21063995 149.90155029 307.35437012 64 255 128
145.54293823 154.92349243 288.31079102 64 255 128
209.77400208 202.64999390 384.87698364 64 255 128
137.50794983 265.87832642 364.43872070 64 255 128
124.98107910 253.17048645 408.79666138 64 255 128
192.91107178 177.75714111 339.13317871 64 255 128
232.16099548 212.14100647 369.72399902 64 255 128
191.72773743 144.36917114 306.67968750 64 255 128
245.87127686 251.66439819 353.95867920 64 255 128
197.22402954 245.87695312 334.53527832 64 255 128
129.55412292 216.60633850 403.15057373 64 255 128
162.38029480 167.88760376 401.76449585 64 255 128
190.08090210 111.27985382 309.74560547 64 255 128
158.11793518 148.75192261 399.25320435 64 255 128
128.34344482 174.71696472 289.14453125 64 255 128
105.64704895 121.98191071 414.29962158 64 255 128
200.02548218 213.76095581 314.09573364 64 255 128
182.27600098 207.80099487 373.16302490 64 255 128
108.79876709 219.75367737 349.46490479 64 255 128
78.66499329 144.60989380 386.40771484 64 255 128
207.19400024 240.38200378 395.78698730 64 255 128
139.65542603 197.24380493 397.52725220 64 255 128
265.20776367 215.03721619 347.29418945 64 255 128
173.11636353 263.51513672 350.26727295 64 255 128
167.81015015 149.62005615 394.42285156 64 255 128
137.18319702 112.74092865 377.05883789 64 255 128
128.92666626 112.67683411 310.83453369 64 255 128
199.54925537 103.62202454 328.69290161 64 255 128
178.06632996 108.90419769 304.77581787 64 255 128
199.31553650 118.70218658 346.25274658 64 255 128
114.37456512 154.46684265 315.29208374 64 255 128
172.80778503 169.27172852 286.20886230 64 255 128
192.95799255 260.15100098 410.23001099 64 255 128
89.34481812 109.35301208 382.50726318 64 255 128
231.99400330 233.44500732 376.19400024 64 255 128
112.70333862 243.01071167 379.32559204 64 255 128
174.33503723 122.19145966 362.53527832 64 255 128
176.30609131 207.43801880 287.42330933 64 255 128
113.13774109 112.51197052 397.73263550 64 255 128
175.46301270 212.89299011 391.82598877 64 255 128
204.79794312 159.18020630 326.93057251 64 255 128
162.59628296 264.47113037 354.89639282 64 255 128
159.37962341 133.83976746 378.59228516 64 255 128
207.52372742 236.76428223 335.03451538 64 255 128
208.74400330 250.05999756 395.33297729 64 255 128
227.83590698 192.91400146 345.12698364 64 255 128
167.35311890 153.41201782 289.00866699 64 255 128
162.80516052 95.66459656 309.87625122 64 255 128
182.15299988 251.27500916 408.77999878 64 255 128
195.97401428 268.63900757 366.91299438 64 255 128
180.08843994 160.86950684 293.34994507 64 255 128
151.65484619 140.39584351 290.71359253 64 255 128
91.15354919 192.11454773 418.28753662 64 255 128
152.14823914 147.90951538 401.88577271 64 255 128
128.28042603 162.20782471 294.67861938 64 255 128
141.95072937 237.15242004 414.56411743 64 255 128
118.17096710 116.20017242 321.29980469 64 255 128
208.07200623 181.69100952 393.05200195 64 255 128
195.39131165 132.21807861 309.40454102 64 255 128
200.34817505 152.06356812 320.26721191 64 255 128
213.42300415 231.41700745 390.40301514 64 255 128
203.75732422 172.86466980 316.61846924 64 255 128
155.63533020 144.53466797 394.89080811 64 255 128
195.72196960 162.47019958 308.15017700 64 255 128
123.12046814 147.57644653 302.83374023 64 255 128
118.07375336 250.86734009 399.20614624 64 255 128
144.29664612 170.36683655 409.29864502 64 255 128
195.24057007 104.56317902 318.60723877 64 255 128
142.16822815 110.40750885 303.15255737 64 255 128
139.58357239 123.60614777 299.30368042 64 255 128
151.21409607 259.44152832 330.73623657 64 255 128
154.18981934 111.07386017 364.69372559 64 255 128
104.77945709 189.79606628 342.48059082 64 255 128
75.55706787 161.84620667 409.58703613 64 255 128
90.02176666 198.82746887 412.20623779 64 255 128
73.77973175 143.93717957 409.22601318 64 255 128
181.00265503 163.45776367 391.61715698 64 255 128
189.18516541 166.59307861 354.13208008 64 255 128
182.18099976 210.83599854 365.48501587 64 255 128
231.44100952 239.59500122 377.28302002 64 255 128
133.14360046 263.38018799 375.47964478 64 255 128
139.60734558 103.64425659 369.94665527 64 255 128
166.96859741 128.36854553 368.93768311 64 255 128
106.29496002 133.10124207 422.70510864 64 255 128
91.87925720 173.72486877 364.71240234 64 255 128
186.94099426 217.61700439 366.97500610 64 255 128
253.37500000 235.70600891 360.87301636 64 255 128
123.37850189 182.97467041 295.27944946 64 255 128
129.30902100 208.29930115 402.58599854 64 255 128
140.81898499 265.29107666 351.47589111 64 255 128
97.39598846 102.16023254 375.26876831 64 255 128
197.31900024 271.33798218 397.87399292 64 255 128
126.71591187 253.89089966 341.61895752 64 255 128
232.73500061 251.34301758 377.30899048 64 255 128
195.03599548 213.58099365 395.71401978 64 255 128
144.77851868 206.22282410 280.64620972 64 255 128
205.64941406 200.25570679 329.82730103 64 255 128
115.36467743 182.09895325 311.65206909 64 255 128
202.45849609 132.67524719 321.03244019 64 255 128
178.21400452 270.68399048 413.57601929 64 255 128
161.44958496 167.75251770 283.32489014 64 255 128
137.05873108 100.47437286 313.40985107 64 255 128
151.77978516 122.73448944 296.17822266 64 255 128
143.64587402 142.88003540 401.56344604 64 255 128
126.50061798 147.34288025 419.14132690 64 255 128
193.84942627 122.22897339 351.65634155 64 255 128
249.78675842 240.40972900 351.09716797 64 255 128
133.87251282 245.18032837 314.11138916 64 255 128
212.48957825 262.33325195 354.31863403 64 255 128
135.41940308 89.06732941 332.03536987 64 255 128
203.33917236 251.72456360 342.40634155 64 255 128
114.71378326 108.85243988 333.55117798 64 255 128
94.65278625 128.70632935 426.56814575 64 255 128
147.27023315 88.56800079 353.12643433 64 255 128
182.75642395 251.49530029 334.68978882 64 255 128
122.30226135 252.19119263 358.84652710 64 255 128
124.91771698 169.72760010 420.32058716 64 255 128
162.60435486 184.40249634 382.01959229 64 255 128
251.21400452 241.68099976 363.78298950 64 255 128
190.85966492 149.39601135 366.68988037 64 255 128
189.33424377 134.30749512 305.25628662 64 255 128
204.94599915 269.97799683 402.54901123 64 255 128
135.05310059 134.08859253 396.95516968 64 255 128
119.69394684 252.24691772 371.55032349 64 255 128
184.34213257 202.71289062 290.62103271 64 255 128
162.43084717 248.76374817 311.03762817 64 255 128
133.23178101 149.30781555 293.12585449 64 255 128
129.21733093 258.97387695 400.97079468 64 255 128
205.06846619 128.11552429 342.91949463 64 255 128
164.11187744 144.16947937 388.82971191 64 255 128
231.34799194 199.55700684 362.14102173 64 255 128
254.29000854 258.09298706 362.04098511 64 255 128
102.19919586 196.38702393 352.47790527 64 255 128
113.75849915 129.96452332 414.70114136 64 255 128
206.01979065 159.35093689 339.85305786 64 255 128
103.47676849 126.59874725 340.08813477 64 255 128
164.74729919 187.99096680 280.73944092 64 255 128
95.70106506 200.95236206 371.60867310 64 255 128
116.55249023 162.92921448 312.56423950 64 255 128
129.68380737 259.62664795 351.43536377 64 255 128
180.84587097 89.30789185 321.70312500 64 255 128
131.31222534 227.43702698 299.38497925 64 255 128
128.90502930 105.53469086 379.27227783 64 255 128
182.97915649 142.72798157 371.86251831 64 255 128
127.94980621 215.04226685 293.87939453 64 255 128
214.68101501 178.02593994 343.72274780 64 255 128
148.80885315 239.55659485 301.10647583 64 255 128
179.70628357 183.00862122 288.30401611 64 255 128
201.45355225 197.31872559 320.36782837 64 255 128
214.27600098 238.07301331 390.23101807 64 255 128
93.20243073 145.51249695 351.41632080 64 255 128
189.08148193 174.27987671 353.31591797 64 255 128
224.11100769 193.98899841 365.02902222 64 255 128
242.19999695 238.62298584 367.50299072 64 255 128
177.87364197 235.36163330 303.69299316 64 255 128
125.52223969 217.29374695 407.19210815 64 255 128
141.51292419 179.19271851 403.48333740 64 255 128
89.15061951 128.03373718 365.00286865 64 255 128
139.17764282 213.18370056 285.58715820 64 255 128
109.72829437 225.40800476 353.07669067 64 255 128
120.62811279 90.48750305 352.98950195 64 255 128
85.95455170 170.79931641 422.72753906 64 255 128
168.18299866 201.32400513 392.36502075 64 255 128
116.77622986 207.90397644 312.45956421 64 255 128
200.37242126 164.39143372 315.59393311 64 255 128
213.34100342 184.93199158 389.15600586 64 255 128
159.09523010 120.01651001 297.02182007 64 255 128
83.28576660 146.54327393 371.53372192 64 255 128
110.99442291 122.10602570 328.87585449 64 255 128
162.19337463 174.79269409 282.50875854 64 255 128
149.07516479 173.32122803 281.34765625 64 255 128
152.53251648 181.82820129 369.35794067 64 255 128
143.16329956 247.21485901 311.23324585 64 255 128
184.32598877 182.64801025 379.39797974 64 255 128
148.10881042 87.47523499 326.17648315 64 255 128
124.46641541 207.96659851 294.75088501 64 255 128
82.52101898 118.12355804 390.69650269 64 255 128
177.88299561 183.35800171 398.36300659 64 255 128
173.54998779 233.30200195 371.83697510 64 255 128
125.80896759 117.55579376 312.60961914 64 255 128
97.45007324 145.09169006 344.99819946 64 255 128
215.82600403 198.56600952 381.41098022 64 255 128
166.18600464 195.07699585 382.45700073 64 255 128
224.39799500 204.93200684 375.22399902 64 255 128
119.80829620 242.88722229 340.96411133 64 255 128
192.95744324 230.90370178 319.37646484 64 255 128
176.31953430 120.42555237 300.20782471 64 255 128
240.87400818 253.99801636 372.23602295 64 255 128
247.75900269 261.83999634 359.71298218 64 255 128
185.96049500 229.00462341 306.10083008 64 255 128
90.84043121 185.93264771 371.89645386 64 255 128
182.26139832 153.32273865 381.59091187 64 255 128
165.78678894 236.46339417 298.63275146 64 255 128
98.67698669 171.67317200 347.25180054 64 255 128
172.15299988 261.14099121 413.49099731 64 255 128
184.40979004 137.08282471 366.07415771 64 255 128
107.18402863 235.13354492 409.24023438 64 255 128
190.77099609 175.91198730 395.25500488 64 255 128
170.70671082 178.75134277 399.43768311 64 255 128
125.00977325 175.84513855 416.21801758 64 255 128
153.20658875 112.20661926 300.11767578 64 255 128
186.58499146 219.40701294 398.80499268 64 255 128
204.66677856 129.85757446 326.28189087 64 255 128
221.79328918 253.67874146 348.74966431 64 255 128
215.71398926 210.26800537 385.29000854 64 255 128
175.66450500 274.24319458 401.37689209 64 255 128
110.75820160 209.29116821 335.20394897 64 255 128
105.04999542 233.95028687 390.72817993 64 255 128
99.57454681 182.52395630 422.39727783 64 255 128
180.62205505 116.58245087 303.23120117 64 255 128
156.79702759 175.91445923 399.15893555 64 255 128
204.32353210 120.55473328 324.52886963 64 255 128
168.97299194 176.24099731 371.13601685 64 255 128
184.92576599 271.40814209 374.41000366 64 255 128
175.25898743 209.42700195 380.76098633 64 255 128
120.36165619 247.91220093 409.17306519 64 255 128
211.64241028 252.34710693 345.81799316 64 255 128
134.15487671 173.44630432 284.97805786 64 255 128
158.26766968 216.50106812 285.21765137 64 255 128
152.62506104 185.14427185 279.22329712 64 255 128
85.62589264 110.55247498 390.80035400 64 255 128
205.00193787 181.36651611 318.88986206 64 255 128
172.14466858 99.95371246 307.94915771 64 255 128
78.23809814 171.45909119 403.13708496 64 255 128
220.91400146 230.95500183 384.03298950 64 255 128
177.90699768 229.70899963 376.31100464 64 255 128
84.73738861 158.20039368 370.38327026 64 255 128
82.42044067 138.35708618 375.92910767 64 255 128
139.03598022 151.97377014 414.25415039 64 255 128
169.79600525 200.12100220 381.96398926 64 255 128
185.72001648 124.25387573 356.21823120 64 255 128
211.00000000 269.79800415 378.21099854 64 255 128
116.92744446 127.63936615 409.30960083 64 255 128
148.15118408 127.60301208 378.22311401 64 255 128
166.84631348 212.68814087 283.56445312 64 255 128
105.69638824 195.68276978 341.02630615 64 255 128
212.69171143 168.58221436 367.95367432 64 255 128
163.22090149 168.97488403 375.09100342 64 255 128
124.14743805 257.34271240 392.58901978 64 255 128
191.73500061 207.74600220 363.60699463 64 255 128
174.41773987 91.81609344 315.61553955 64 255 128
106.27877045 93.14753723 378.76843262 64 255 128
83.87346649 111.11092377 407.78680420 64 255 128
116.67739868 95.76876831 348.30538940 64 255 128
178.79893494 137.43063354 297.93759155 64 255 128
241.95133972 245.68444824 350.15808105 64 255 128
193.69940186 135.12245178 358.20825195 64 255 128
207.38668823 169.90319824 324.24237061 64 255 128
89.04243469 121.56462097 371.76611328 64 255 128
226.99700928 259.52398682 386.17700195 64 255 128
223.57400513 266.39199829 362.60797119 64 255 128
167.84899902 225.76699829 406.27801514 64 255 128
114.05886841 229.61038208 338.02124023 64 255 128
250.45185852 198.81552124 344.27337646 64 255 128
237.90707397 210.92404175 343.25411987 64 255 128
94.84061432 154.44888306 426.33453369 64 255 128
174.87809753 146.93957520 385.15368652 64 255 128
174.78199768 177.24899292 372.51300049 64 255 128
111.62542725 220.57723999 341.72775269 64 255 128
179.41418457 223.86964417 295.62255859 64 255 128
194.91088867 156.23493958 308.96176147 64 255 128
98.92976379 152.66143799 344.22406006 64 255 128
134.18460083 204.22720337 285.08163452 64 255 128
197.76316833 136.26519775 312.88531494 64 255 128
119.87158203 237.27697754 329.05249023 64 255 128
160.56044006 251.22645569 404.04257202 64 255 128
87.24549103 135.53587341 429.70581055 64 255 128
117.86640167 170.25097656 309.79650879 64 255 128
194.76098633 190.23899841 386.10101318 64 255 128
220.15252686 189.60470581 356.71563721 64 255 128
200.69035339 178.76728821 375.92901611 64 255 128
193.42100525 199.38999939 378.24099731 64 255 128
167.61550903 257.74844360 337.84146118 64 255 128
144.94596863 107.48761749 368.50183105 64 255 128
116.30440521 137.30918884 418.81881714 64 255 128
160.53100586 156.61392212 403.60653687 64 255 128
111.09954071 159.86837769 322.61312866 64 255 128
170.56800842 246.32899475 408.83401489 64 255 128
154.16134644 88.96576691 349.33737183 64 255 128
185.87615967 268.24658203 363.26733398 64 255 128
99.00833130 115.14025116 412.76318359 64 255 128
91.16628265 183.59916687 422.84838867 64 255 128
185.13575745 165.88705444 381.24087524 64 255 128
100.41378784 129.21511841 423.80026245 64 255 128
143.92523193 232.77593994 411.48721313 64 255 128
177.03257751 130.73880005 298.51296997 64 255 128
86.76393127 169.23236084 373.90823364 64 255 128
183.50802612 148.04711914 298.84262085 64 255 128
163.66656494 270.41195679 386.73126221 64 255 128
223.64848328 248.59770203 346.68270874 64 255 128
80.56362152 122.38272858 394.25006104 64 255 128
247.97700500 254.12500000 368.94000244 64 255 128
198.14395142 187.03323364 349.09957886 64 255 128
85.73123932 108.56955719 396.21652222 64 255 128
181.28984070 99.87233734 311.20870972 64 255 128
85.68114471 147.51730347 427.49081421 64 255 128
151.96572876 211.10549927 402.45529175 64 255 128
200.31863403 146.57101440 357.61907959 64 255 128
178.80400085 202.92399597 376.31402588 64 255 128
125.17924500 152.13604736 422.80630493 64 255 128
175.00891113 148.06379700 292.90698242 64 255 128
152.80805969 167.25462341 404.92303467 64 255 128
101.91473389 189.06390381 349.59356689 64 255 128
211.61622620 197.86245728 342.41748047 64 255 128
205.72509766 242.13591003 337.12487793 64 255 128
169.80979919 194.98225403 283.09167480 64 255 128
154.36497498 266.38128662 385.65264893 64 255 128
196.85357666 187.04312134 321.73660278 64 255 128
183.78001404 236.69665527 313.37911987 64 255 128
107.77365112 202.50820923 338.58270264 64 255 128
139.84948730 124.94017792 382.70031738 64 255 128
119.58522034 245.96652222 351.58453369 64 255 128
78.07339478 162.03752136 418.49386597 64 255 128
151.11416626 244.85772705 413.99407959 64 255 128
155.21942139 239.55232239 412.30184937 64 255 128
77.68274689 128.79283142 398.93612671 64 255 128
111.94515991 138.04374695 324.31503296 64 255 128
75.85015869 144.45440674 395.98809814 64 255 128
135.27401733 250.49185181 321.05126953 64 255 128
124.87786865 235.66607666 314.34207153 64 255 128
126.13093567 254.75057983 348.90066528 64 255 128
184.61799622 185.25299072 372.24298096 64 255 128
117.30894470 111.39614105 327.83154297 64 255 128
231.18202209 214.39373779 341.73760986 64 255 128
128.72029114 261.10882568 371.83523560 64 255 128
203.41799927 264.25399780 406.70999146 64 255 128
192.57347107 256.34066772 342.60144043 64 255 128
127.45034790 230.09616089 305.01931763 64 255 128
192.86752319 121.10196686 309.20425415 64 255 128
203.63526917 259.74044800 349.69723511 64 255 128
165.98541260 267.99713135 368.20861816 64 255 128
254.38099670 246.60398865 363.64999390 64 255 128
86.33240509 186.85243225 392.82858276 64 255 128
235.74200439 260.54800415 380.24301147 64 255 128
78.42365265 159.64945984 387.38525391 64 255 128
95.17757416 218.21600342 400.93215942 64 255 128
162.00361633 156.42234802 286.60922241 64 255 128
247.17799377 212.07028198 346.07653809 64 255 128
98.64021301 193.66217041 420.38793945 64 255 128
220.80729675 196.33273315 341.08651733 64 255 128
133.76759338 177.84764099 410.61318970 64 255 128
107.77718353 181.20912170 333.49130249 64 255 128
199.98080444 208.84347534 311.99514771 64 255 128
161.58999634 195.40299988 390.97698975 64 255 128
135.33615112 263.71173096 388.13739014 64 255 128
100.07397461 206.07489014 362.95370483 64 255 128
172.61700439 223.97700500 377.66900635 64 255 128
159.44013977 99.57662201 306.87170410 64 255 128
167.12605286 185.82022095 387.69766235 64 255 128
141.76113892 85.79771423 347.30984497 64 255 128
108.69303131 108.55842590 398.02404785 64 255 128
164.53005981 87.64475250 319.83108521 64 255 128
148.62406921 264.59085083 352.59759521 64 255 128
148.69056702 266.75561523 381.14871216 64 255 128
112.47529602 230.44511414 346.67440796 64 255 128
223.79293823 228.02429199 341.43460083 64 255 128
185.32598877 190.99900818 370.84002686 64 255 128
219.59201050 266.00598145 393.60202026 64 255 128
76.80670929 152.42463684 417.41452026 64 255 128
106.01159668 146.95451355 427.21530151 64 255 128
152.15112305 266.86734009 373.44549561 64 255 128
122.33878326 136.59393311 308.01495361 64 255 128
116.96166229 213.30816650 312.20562744 64 255 128
221.71600342 259.89999390 389.76300049 64 255 128
201.39895630 153.38346863 356.63650513 64 255 128
135.23320007 195.10110474 283.58502197 64 255 128
197.49900818 196.82798767 385.71798706 64 255 128
198.04621887 115.29784393 316.45278931 64 255 128
147.82751465 263.17742920 341.13830566 64 255 128
163.17724609 270.83477783 392.14627075 64 255 128
165.64199829 218.27700806 403.73800659 64 255 128
117.38056946 151.74859619 426.14627075 64 255 128
204.54211426 150.85026550 345.98861694 64 255 128
106.29691315 131.65463257 331.85379028 64 255 128
193.10099792 184.08299255 395.63500977 64 255 128
135.56504822 164.70196533 286.81158447 64 255 128
171.23448181 274.01452637 396.88317871 64 255 128
160.17597961 85.14386749 327.86410522 64 255 128
117.39971924 98.68070984 338.26083374 64 255 128
157.37600708 220.55999756 408.44699097 64 255 128
205.44483948 208.97703552 318.89190674 64 255 128
204.00599670 202.83700562 386.67700195 64 255 128
150.00625610 158.53897095 407.88793945 64 255 128
211.22865295 231.57974243 335.23165894 64 255 128
191.32206726 100.72938538 317.64376831 64 255 128
114.51478577 102.94094849 387.93838501 64 255 128
145.48371887 138.02664185 392.71334839 64 255 128
212.41400146 268.21801758 400.17300415 64 255 128
179.50030518 91.46638489 334.78207397 64 255 128
188.91400146 182.28300476 399.24301147 64 255 128
120.69828033 232.51277161 318.97207642 64 255 128
94.34296417 136.79789734 352.16760254 64 255 128
169.00772095 132.26248169 294.68850708 64 255 128
253.05619812 232.56683350 350.55291748 64 255 128
205.22499084 133.50930786 331.15762329 64 255 128
106.79248810 213.20993042 347.37420654 64 255 128
117.31562805 209.93759155 413.56030273 64 255 128
136.56025696 201.71203613 399.08486938 64 255 128
207.36314392 181.04734802 352.24353027 64 255 128
180.12554932 109.11750031 349.21517944 64 255 128
110.44759369 233.64700317 362.38763428 64 255 128
120.08017731 128.69725037 314.80340576 64 255 128
139.18261719 130.84751892 388.60031128 64 255 128
188.41052246 193.01953125 293.24426270 64 255 128
160.74974060 229.11186218 291.08996582 64 255 128
193.58099365 271.77798462 391.05001831 64 255 128
128.27272034 190.35643005 406.94088745 64 255 128
171.56053162 85.83569336 326.06961060 64 255 128
103.42182159 112.79960632 346.78002930 64 255 128
89.68634796 164.10865784 365.18438721 64 255 128
144.55436707 115.99269104 373.53738403 64 255 128
116.18785095 219.33735657 415.99737549 64 255 128
195.48300171 177.90899658 392.89599609 64 255 128
115.05524445 194.07655334 316.32083130 64 255 128
118.83441925 177.09359741 305.02908325 64 255 128
149.27513123 203.06907654 396.15524292 64 255 128
147.60609436 249.61976624 414.37930298 64 255 128
155.80799866 258.17001343 407.52999878 64 255 128
159.11408997 268.51956177 381.74191284 64 255 128
103.29722595 159.22731018 338.25811768 64 255 128
179.14498901 184.28199768 368.61300659 64 255 128
118.87462616 248.42469788 360.18862915 64 255 128
186.78199768 270.29998779 409.88201904 64 255 128
85.44779968 125.90189362 376.58734131 64 255 128
210.12818909 225.56668091 330.99954224 64 255 128
205.70756531 140.01553345 338.88601685 64 255 128
95.20143127 118.96250916 418.33175659 64 255 128
120.33865356 253.42768860 376.91925049 64 255 128
215.20339966 244.94201660 342.91430664 64 255 128
178.53959656 142.85760498 376.79669189 64 255 128
132.55046082 116.91986084 383.61596680 64 255 128
82.79586029 171.72697449 383.84042358 64 255 128
198.80209351 171.96873474 336.05563354 64 255 128
168.47099304 265.11199951 412.92898560 64 255 128
156.74124146 159.08389282 285.45013428 64 255 128
130.30155945 85.77420807 358.79931641 64 255 128
100.78395081 223.78244019 410.91339111 64 255 128
187.20458984 245.93782043 329.82916260 64 255 128
140.34887695 232.60905457 298.05139160 64 255 128
224.33100891 237.42300415 382.39999390 64 255 128
189.81829834 237.08045959 321.93124390 64 255 128
81.47504425 159.80612183 379.71374512 64 255 128
209.34225464 173.35371399 371.75405884 64 255 128
198.67991638 147.88893127 317.28619385 64 255 128
241.10600281 213.35400391 362.13897705 64 255 128
187.01000977 272.83599854 384.32699585 64 255 128
120.28404999 253.17189026 387.43966675 64 255 128
219.67500305 187.98799133 382.60202026 64 255 128
139.68775940 143.13249207 405.25375366 64 255 128
98.48928070 194.85743713 358.90612793 64 255 128
143.55023193 227.39445496 292.79443359 64 255 128
115.34421539 94.06357574 380.57626343 64 255 128
162.14981079 258.70648193 335.46881104 64 255 128
212.27799988 258.78997803 396.20797729 64 255 128
120.80184937 212.80447388 302.60949707 64 255 128
162.42666626 144.77676392 290.51983643 64 255 128
88.10108948 186.64875793 382.17956543 64 255 128
160.90327454 257.32653809 328.78738403 64 255 128
146.13890076 137.47200012 292.67611694 64 255 128
145.92897034 115.17771912 300.01364136 64 255 128
147.82801819 148.25054932 405.12948608 64 255 128
117.94497681 192.21569824 308.47879028 64 255 128
205.89399719 211.04399109 391.13198853 64 255 128
199.48640442 196.13339233 307.36911011 64 255 128
162.20800781 233.65800476 411.17001343 64 255 128
125.12902832 119.53736115 391.98114014 64 255 128
169.90351868 145.46720886 386.73059082 64 255 128
74.68503571 144.25189209 403.56018066 64 255 128
215.23175049 201.75164795 336.14807129 64 255 128
195.62899780 223.48899841 398.13400269 64 255 128
102.37431335 232.60403442 403.09732056 64 255 128
162.72274780 183.19299316 393.25830078 64 255 128
86.94528961 140.80468750 365.27288818 64 255 128
237.60514832 224.68273926 345.97021484 64 255 128
115.42115784 175.41273499 420.31744385 64 255 128
111.72841644 216.69349670 337.89318848 64 255 128
127.22212219 89.11764526 367.97317505 64 255 128
170.60050964 171.29187012 400.72985840 64 255 128
128.27571106 142.71417236 299.07592773 64 255 128
174.46499634 187.21899414 368.55599976 64 255 128
129.08897400 196.59298706 404.19155884 64 255 128
104.81491852 231.43096924 380.30010986 64 255 128
98.37581635 100.26723480 395.87823486 64 255 128
188.89999390 212.45999146 395.66900635 64 255 128
123.59208679 173.36511230 295.35296631 64 255 128
210.85696411 173.72932434 381.69613647 64 255 128
214.66700745 268.70501709 373.44802856 64 255 128
141.64103699 221.15951538 288.80303955 64 255 128
160.93330383 105.18042755 357.27972412 64 255 128
79.89080048 179.22885132 413.81210327 64 255 128
180.07199097 239.50799561 406.17401123 64 255 128
116.94603729 249.69145203 390.44937134 64 255 128
203.79063416 150.18122864 330.12939453 64 255 128
221.86799622 219.26000977 383.18099976 64 255 128
110.22033691 238.93592834 376.00628662 64 255 128
92.76538849 105.84631348 406.34994507 64 255 128
242.87954712 235.27226257 348.48129272 64 255 128
186.03906250 212.05204773 295.00738525 64 255 128
226.35301208 194.16600037 360.20599365 64 255 128
104.41500092 170.01562500 422.89590454 64 255 128
181.51499939 195.04199219 368.24499512 64 255 128
228.79187012 238.76449585 345.81628418 64 255 128
99.82468414 164.54371643 344.85263062 64 255 128
209.07301331 199.74899292 389.27798462 64 255 128
98.32763672 184.73645020 353.19909668 64 255 128
176.86196899 134.23007202 368.60733032 64 255 128
92.96595764 107.17652893 376.15942383 64 255 128
82.75597382 181.76069641 418.65740967 64 255 128
112.38516235 198.07728577 416.51049805 64 255 128
147.69009399 198.89852905 279.52731323 64 255 128
99.99524689 140.92350769 340.91293335 64 255 128
97.38810730 209.88475037 416.77624512 64 255 128
78.09685516 121.61281586 404.52288818 64 255 128
139.01170349 176.80891418 407.28344727 64 255 128
148.78062439 189.61314392 394.97885132 64 255 128
93.16304779 204.42327881 383.39236450 64 255 128
190.76600647 189.93099976 379.48599243 64 255 128
169.89999390 234.94699097 404.72900391 64 255 128
102.63119507 136.81829834 337.05377197 64 255 128
126.99757385 125.00624084 307.16387939 64 255 128
174.04240417 245.28912354 314.42269897 64 255 128
190.07960510 165.48184204 300.39636230 64 255 128
193.38084412 184.54983521 330.76083374 64 255 128
157.09332275 213.80065918 405.21926880 64 255 128
206.35015869 185.54133606 348.06698608 64 255 128
171.90299988 178.88400269 382.08999634 64 255 128
124.33843994 155.82070923 299.23046875 64 255 128
103.82930756 171.96347046 336.96328735 64 255 128
111.98909760 236.85356140 413.41925049 64 255 128
184.45500183 209.22500610 392.00799561 64 255 128
175.12649536 159.41633606 290.10043335 64 255 128
156.60585022 181.33583069 374.57748413 64 255 128
165.94409180 269.55157471 373.12832642 64 255 128
175.64816284 187.67019653 285.63815308 64 255 128
216.01199341 250.12200928 389.94100952 64 255 128
132.47273254 186.76522827 285.88076782 64 255 128
100.25061798 227.27116394 389.06817627 64 255 128
214.61099243 224.10800171 388.13000488 64 255 128
167.00201416 187.94000244 383.01901245 64 255 128
86.36514282 135.26156616 367.02041626 64 255 128
142.81347656 241.55760193 304.67782593 64 255 128
237.29400635 268.69699097 375.31201172 64 255 128
177.26889038 254.90951538 337.52111816 64 255 128
122.48884583 226.91162109 309.14767456 64 255 128
82.51427460 123.15854645 388.69964600 64 255 128
135.50923157 261.73406982 403.06311035 64 255 128
90.94232941 115.58915710 372.76702881 64 255 128
170.55940247 164.67031860 287.10583496 64 255 128
130.54934692 234.54953003 305.87713623 64 255 128
144.54666138 266.04995728 392.63208008 64 255 128
122.74434662 130.29776001 310.75686646 64 255 128
258.88601685 242.33500671 353.72998047 64 255 128
83.20063782 127.61184692 426.54980469 64 255 128
114.60971832 243.31408691 369.25628662 64 255 128
120.86492157 87.17442322 364.26757812 64 255 128
193.28321838 168.44293213 345.02185059 64 255 128
114.38921356 96.09906006 352.94714355 64 255 128
123.08677673 104.85995483 325.30368042 64 255 128
142.38316345 93.57015228 316.88772583 64 255 128
132.48506165 129.13043213 393.74450684 64 255 128
239.28900146 204.26699829 357.32901001 64 255 128
118.85327148 184.97120667 414.23855591 64 255 128
161.75300598 245.67399597 409.20999146 64 255 128
81.68901825 177.40989685 394.75976562 64 255 128
194.36163330 188.18914795 337.96505737 64 255 128
84.68546295 187.78700256 413.64718628 64 255 128
112.35265350 238.15913391 365.00372314 64 255 128
179.00004578 149.37893677 383.34487915 64 255 128
78.39849091 132.93780518 423.78591919 64 255 128
105.02835846 147.90083313 334.69427490 64 255 128
156.12136841 177.42869568 280.94287109 64 255 128
198.01136780 154.34008789 314.78286743 64 255 128
239.61747742 193.78610229 347.61230469 64 255 128
181.55445862 176.85723877 289.84542847 64 255 128
127.40544891 225.48397827 409.61129761 64 255 128
195.66062927 201.57910156 302.84121704 64 255 128
162.76800537 183.60200500 372.19302368 64 255 128
183.90324402 265.25784302 354.11285400 64 255 128
102.04763794 111.93588257 407.98556519 64 255 128
235.92999268 231.60900879 373.30499268 64 255 128
198.38800049 233.20899963 398.72299194 64 255 128
250.37399292 260.22601318 371.16101074 64 255 128
127.68660736 169.94042969 291.10736084 64 255 128
205.90550232 178.78933716 360.76190186 64 255 128
192.89135742 211.75224304 301.70559692 64 255 128
209.92556763 177.30035400 349.54510498 64 255 128
80.07250977 177.06112671 402.99252319 64 255 128
122.85762024 229.91720581 415.09310913 64 255 128
198.92199707 241.54399109 399.34799194 64 255 128
158.19818115 266.92639160 366.84243774 64 255 128
105.70516205 237.09663391 396.65786743 64 255 128
105.59814453 203.50085449 420.35305786 64 255 128
188.51277161 173.00999451 376.56561279 64 255 128
139.48645020 266.34249878 357.46066284 64 255 128
163.70600891 227.65100098 408.76901245 64 255 128
91.09587097 203.36119080 409.80358887 64 255 128
199.91275024 180.59352112 323.71456909 64 255 128
203.85987854 117.48191833 339.49093628 64 255 128
138.55604553 209.36312866 398.13970947 64 255 128
227.22911072 216.84686279 340.24499512 64 255 128
105.97012329 180.27221680 420.95867920 64 255 128
96.33091736 167.41552734 354.22998047 64 255 128
174.54278564 155.11793518 393.14920044 64 255 128
151.09965515 151.40783691 288.12448120 64 255 128
203.79118347 170.58448792 335.70568848 64 255 128
205.81404114 203.87516785 319.36300659 64 255 128
160.29005432 200.09178162 279.70062256 64 255 128
100.53522491 130.11128235 343.61874390 64 255 128
137.65402222 239.02851868 415.48400879 64 255 128
87.52335358 164.15475464 424.54306030 64 255 128
112.79023743 244.35363770 391.39599609 64 255 128
215.16790771 204.46568298 331.60214233 64 255 128
79.33660889 147.59053040 382.38107300 64 255 128
89.75800323 139.58673096 359.85369873 64 255 128
148.43307495 170.11724854 406.56964111 64 255 128
76.48341370 166.33476257 407.18292236 64 255 128
123.51432800 195.04400635 295.26473999 64 255 128
102.49497986 118.54187775 346.06454468 64 255 128
134.77407837 92.63721466 325.25814819 64 255 128
145.03120422 101.07157135 308.49206543 64 255 128
157.01675415 92.16252899 313.69259644 64 255 128
173.39952087 271.08227539 376.12567139 64 255 128
201.06401062 218.33000183 394.43902588 64 255 128
116.71781921 225.71783447 325.05273438 64 255 128
155.93490601 233.24713135 411.74926758 64 255 128
179.25619507 95.50016785 339.26635742 64 255 128
218.43479919 239.47833252 341.98590088 64 255 128
205.96499634 192.35899353 391.20401001 64 255 128
125.55982208 138.81604004 413.61392212 64 255 128
215.67729187 220.15223694 332.85546875 64 255 128
183.22981262 167.26948547 293.43344116 64 255 128
122.34976959 166.40786743 301.07690430 64 255 128
201.39353943 137.67082214 320.66873169 64 255 128
152.52702332 264.65377808 392.73739624 64 255 128
200.92695618 112.50083923 322.06042480 64 255 128
228.55540466 191.47000122 350.03628540 64 255 128
144.45687866 191.19903564 395.59527588 64 255 128
176.33200073 221.51200867 400.61300659 64 255 128
256.63800049 224.09500122 350.87799072 64 255 128
174.74107361 142.90501404 293.84219360 64 255 128
187.85926819 159.30426025 299.50317383 64 255 128
208.47473145 194.03039551 341.27178955 64 255 128
99.81506348 181.25637817 348.17694092 64 255 128
97.29380035 199.16374207 365.65457153 64 255 128
125.27816010 134.50538635 304.21795654 64 255 128
130.09216309 98.77191162 322.06250000 64 255 128
224.72700500 251.46499634 383.70098877 64 255 128
154.93559265 232.65080261 294.09729004 64 255 128
186.42240906 257.01342773 343.89465332 64 255 128
240.60099792 258.97698975 374.61099243 64 255 128
109.59984589 170.57701111 326.48913574 64 255 128
143.37574768 219.68966675 404.70132446 64 255 128
125.66083527 124.87863922 396.47912598 64 255 128
176.53788757 271.94497681 381.35452271 64 255 128
142.24636841 189.66764832 280.29724121 64 255 128
181.41294861 267.78540039 359.62490845 64 255 128
232.09262085 204.17880249 340.81814575 64 255 128
191.92799377 220.06654358 306.36984253 64 255 128
93.49738312 111.08807373 411.72592163 64 255 128
77.59542847 153.04298401 387.87332153 64 255 128
141.35458374 127.46565247 296.73004150 64 255 128
151.42860413 95.39366150 311.21273804 64 255 128
182.04396057 231.80445862 304.21182251 64 255 128
162.12199402 262.06399536 404.90798950 64 255 128
119.31018829 162.42611694 424.36816406 64 255 128
170.37011719 160.61764526 400.81744385 64 255 128
247.01899719 267.03799438 367.45797729 64 255 128
97.57089233 100.79918671 380.09292603 64 255 128
178.06829834 170.63145447 288.58319092 64 255 128
128.72731018 257.17938232 406.44503784 64 255 128
81.04537964 117.36322021 413.33703613 64 255 128
174.21211243 250.41702271 329.30264282 64 255 128
169.74713135 175.37985229 284.49407959 64 255 128
115.56568909 208.08929443 318.05023193 64 255 128
215.01203918 236.22105408 339.33419800 64 255 128
175.34700012 226.88000488 368.29299927 64 255 128
201.26679993 185.63897705 309.90679932 64 255 128
115.88894653 218.44996643 321.88903809 64 255 128
230.77101135 216.47499084 373.70300293 64 255 128
172.97964478 100.66107941 346.92495728 64 255 128
85.16960144 121.99378204 425.49334717 64 255 128
107.00672913 141.45083618 331.05456543 64 255 128
206.32173157 122.00186920 333.17156982 64 255 128
256.28799438 218.47100830 353.04299927 64 255 128
137.21748352 200.72099304 282.92358398 64 255 128
90.56951904 106.38634491 386.36953735 64 255 128
201.09754944 218.77987671 319.37500000 64 255 128
135.62474060 119.03394318 302.74737549 64 255 128
145.62399292 263.22238159 402.76379395 64 255 128
158.58859253 95.95893860 352.36093140 64 255 128
115.27819824 199.39894104 318.69338989 64 255 128
136.28524780 138.36404419 296.05941772 64 255 128
177.92401123 172.92767334 402.25854492 64 255 128
165.78105164 192.76354980 281.22668457 64 255 128
219.38858032 183.79859924 344.40606689 64 255 128
106.24325562 207.46365356 344.69393921 64 255 128
95.12442017 128.91404724 352.43469238 64 255 128
101.51418304 189.23776245 420.49798584 64 255 128
196.64329529 171.31533813 306.93527222 64 255 128
200.39871216 180.91120911 308.73306274 64 255 128
161.56831360 253.33816528 319.32073975 64 255 128
96.57323456 157.20744324 350.21154785 64 255 128
214.90701294 180.55101013 387.26400757 64 255 128
189.59458923 105.34195709 312.21710205 64 255 128
196.00775146 99.89363861 328.39251709 64 255 128
125.00962830 187.22813416 293.68829346 64 255 128
248.39399719 221.30999756 359.78698730 64 255 128
166.14698792 236.56600952 407.85699463 64 255 128
100.43857574 111.41343689 353.74240112 64 255 128
75.63741302 132.94351196 402.95193481 64 255 128
207.90609741 218.82489014 326.08642578 64 255 128
98.62533569 104.97502899 367.03833008 64 255 128
249.90199280 228.24099731 361.67300415 64 255 128
190.86299133 243.14401245 404.09100342 64 255 128
74.79213715 131.98997498 411.27914429 64 255 128
237.15199280 223.77899170 370.51800537 64 255 128
90.29861450 195.80268860 383.16012573 64 255 128
125.63095856 257.44088745 397.89660645 64 255 128
199.46438599 165.63432312 344.38812256 64 255 128
162.13601685 107.63375092 302.31228638 64 255 128
108.31535339 118.43125153 336.43481445 64 255 128
88.42504120 194.74533081 392.14215088 64 255 128
102.63829041 175.83837891 340.16110229 64 255 128
108.70943451 103.41419220 391.97561646 64 255 128
131.61959839 261.76727295 391.32006836 64 255 128
191.40357971 172.74081421 299.77938843 64 255 128
200.31794739 196.39477539 326.01531982 64 255 128
221.62300110 213.62599182 380.89099121 64 255 128
188.19200134 200.10200500 364.41497803 64 255 128
116.86954498 135.90823364 318.03033447 64 255 128
120.01716614 197.73785400 300.31082153 64 255 128
175.27212524 225.91409302 293.57846069 64 255 128
133.99601746 247.90492249 414.70156860 64 255 128
108.35558319 210.00082397 419.68289185 64 255 128
167.88349915 97.45912933 308.74002075 64 255 128
184.07798767 108.47624969 346.25643921 64 255 128
78.37447357 170.54927063 416.08432007 64 255 128
131.46810913 193.38394165 286.32626343 64 255 128
162.45703125 129.70483398 372.51199341 64 255 128
101.53246307 223.28968811 372.70513916 64 255 128
194.41654968 177.39639282 382.64617920 64 255 128
170.65361023 223.98725891 291.77398682 64 255 128
197.51062012 125.28504181 313.70599365 64 255 128
139.61088562 264.18362427 397.95248413 64 255 128
169.17599487 184.25999451 368.78900146 64 255 128
241.38600159 232.57899475 369.22399902 64 255 128
229.91600037 202.68699646 366.80499268 64 255 128
131.39285278 129.24893188 301.29013062 64 255 128
135.37130737 108.16698456 375.79672241 64 255 128
149.50418091 85.80347443 340.58602905 64 255 128
89.02194977 157.37924194 425.61730957 64 255 128
184.10000610 215.31201172 363.58401489 64 255 128
158.15365601 255.44711304 323.18231201 64 255 128
203.83500671 139.18409729 330.02807617 64 255 128
123.56628418 239.90815735 414.65100098 64 255 128
173.98500061 185.89599609 389.29501343 64 255 128
180.65859985 219.56822205 293.43252563 64 255 128
178.22830200 240.81575012 311.52310181 64 255 128
163.36827087 245.62153625 307.42221069 64 255 128
148.68386841 253.98033142 318.67071533 64 255 128
221.07099915 189.82099915 367.16299438 64 255 128
171.59182739 117.62647247 299.74362183 64 255 128
237.79818726 195.35809326 352.77593994 64 255 128
80.15430450 172.66308594 393.79794312 64 255 128
206.60783386 177.94482422 390.27801514 64 255 128
150.22804260 260.76965332 404.88623047 64 255 128
116.53118134 247.52644348 379.39288330 64 255 128
144.32209778 159.94152832 285.93487549 64 255 128
95.79415894 214.08071899 411.10754395 64 255 128
159.50189209 222.89547729 287.12268066 64 255 128
211.54199219 213.13301086 388.05200195 64 255 128
100.08053589 224.77195740 383.51361084 64 255 128
98.21273041 124.20469666 421.41174316 64 255 128
198.17866516 155.82060242 359.64328003 64 255 128
154.24986267 213.84655762 283.21383667 64 255 128
167.55671692 172.97505188 372.46603394 64 255 128
172.96183777 198.31181335 284.77029419 64 255 128
173.24600220 210.48399353 395.46798706 64 255 128
81.54353333 172.10089111 420.85708618 64 255 128
135.39382935 95.74231720 367.97329712 64 255 128
186.56800842 273.51199341 396.21401978 64 255 128
189.84696960 94.10865784 324.67211914 64 255 128
120.20349884 187.54260254 303.06048584 64 255 128
90.63371277 203.69390869 401.15988159 64 255 128
138.41714478 261.11572266 406.86123657 64 255 128
95.96594238 120.12692261 355.52459717 64 255 128
255.63139343 208.05871582 350.44537354 64 255 128
167.11199951 256.11001587 408.89401245 64 255 128
194.80134583 265.79345703 358.24343872 64 255 128
189.23307800 141.11785889 364.44290161 64 255 128
126.91977692 93.91287994 331.67849731 64 255 128
192.66099548 255.33100891 405.92199707 64 255 128
168.98175049 140.08383179 293.02963257 64 255 128
149.83969116 110.49417114 367.17608643 64 255 128
176.86604309 245.79516602 319.88442993 64 255 128
189.87100220 176.83200073 400.73400879 64 255 128
187.19366455 114.17304993 306.88836670 64 255 128
213.50500488 205.74000549 384.51000977 64 255 128
246.89794922 202.83229065 352.81414795 64 255 128
187.84510803 218.12255859 299.55609131 64 255 128
199.10816956 162.38452148 349.82809448 64 255 128
186.64700317 198.57800293 382.54699707 64 255 128
154.99328613 85.85263062 332.98440552 64 255 128
246.20401001 211.92700195 358.50701904 64 255 128
135.49906921 107.61643219 308.83691406 64 255 128
127.20559692 131.49577332 403.38256836 64 255 128
92.03025055 151.79618835 354.70843506 64 255 128
230.96621704 221.59924316 343.47082520 64 255 128
239.78399658 264.30300903 360.71801758 64 255 128
170.08300781 220.23699951 402.92999268 64 255 128
120.81417847 159.94790649 304.29629517 64 255 128
158.21310425 164.62033081 403.88369751 64 255 128
75.04473114 139.30363464 404.26977539 64 255 128
149.72737122 141.02146912 393.58963013 64 255 128
208.37544250 174.81314087 362.06680298 64 255 128
247.58711243 216.98278809 345.92956543 64 255 128
87.29705048 178.04841614 377.40286255 64 255 128
96.56266785 220.21093750 395.05111694 64 255 128
158.34904480 113.18967438 363.44491577 64 255 128
124.64511108 241.71920776 321.97012329 64 255 128
257.26300049 232.54100037 357.05502319 64 255 128
220.11199951 249.19900513 386.21099854 64 255 128
173.53599548 207.49099731 391.22799683 64 255 128
203.86500549 183.67900085 394.34201050 64 255 128
135.36734009 168.73605347 416.74404907 64 255 128
245.37649536 200.78599548 343.17376709 64 255 128
245.45100403 250.03599548 368.48699951 64 255 128
195.93324280 191.85951233 326.13592529 64 255 128
190.39059448 177.84414673 356.77169800 64 255 128
203.98170471 154.44247437 350.61514282 64 255 128
144.46005249 135.21270752 388.53067017 64 255 128
182.53189087 270.59756470 370.08215332 64 255 128
193.28613281 182.77729797 350.27169800 64 255 128
165.96891785 137.74526978 378.07476807 64 255 128
183.91189575 222.22822571 297.96475220 64 255 128
197.06700134 267.95300293 409.32501221 64 255 128
102.08808136 154.10177612 340.62258911 64 255 128
111.25612640 130.66200256 325.83200073 64 255 128
110.53732300 151.20491028 324.81140137 64 255 128
87.46195984 194.18060303 407.71957397 64 255 128
166.43898010 270.58276367 382.03002930 64 255 128
251.81001282 224.94400024 358.37899780 64 255 128
168.65104675 270.56347656 376.76965332 64 255 128
212.51611328 242.26411438 340.64343262 64 255 128
249.52099609 208.66999817 354.22598267 64 255 128
228.33799744 211.31399536 373.69900513 64 255 128
