ply
format ascii 1.0
element vertex 4096
property float x
property float y
property float z
property uchar red
property uchar green
property uchar blue
end_header
293.02621460 237.70312500 485.07778931 255 64 64
299.84783936 244.00675964 493.58782959 255 64 64
297.93862915 233.19685364 475.64410400 255 64 64
303.57617188 238.54977417 484.40008545 255 64 64
128.37757874 129.91281128 469.96023560 255 64 64
121.56274414 135.34027100 470.29278564 255 64 64
132.87754822 131.06298828 462.11068726 255 64 64
126.32121277 135.41967773 461.48791504 255 64 64
143.62593079 123.61936188 473.34005737 255 64 64
134.70924377 125.93131256 471.90103149 255 64 64
149.19946289 125.65200043 465.35971069 255 64 64
140.78041077 127.10326385 463.31640625 255 64 64
128.89927673 128.27941895 489.09576416 255 64 64
121.59939575 133.09501648 490.38293457 255 64 64
132.32023621 127.64528656 479.84603882 255 64 64
125.34373474 131.18484497 479.92687988 255 64 64
149.91119385 123.34557343 486.05438232 255 64 64
141.10488892 124.18762207 486.38452148 255 64 64
154.18389893 124.18931580 478.18377686 255 64 64
146.05142212 124.27863312 477.87686157 255 64 64
111.99662781 142.66403198 487.19708252 255 64 64
107.66220856 149.95036316 490.25222778 255 64 64
114.66146851 141.32412720 478.19714355 255 64 64
110.14987183 147.94821167 480.38250732 255 64 64
277.52606201 259.72607422 526.85870361 255 64 64
276.48919678 256.28332520 538.85217285 255 64 64
288.92218018 256.47793579 517.92071533 255 64 64
286.32754517 254.64907837 529.28100586 255 64 64
115.98835754 146.01655579 527.52410889 255 64 64
111.33154297 152.66389465 531.42456055 255 64 64
116.07984924 141.77700806 517.69732666 255 64 64
111.88484192 147.64596558 520.63592529 255 64 64
117.72588348 140.93588257 467.76989746 255 64 64
112.87738037 147.58128357 469.87890625 255 64 64
122.49972534 141.98342896 459.92880249 255 64 64
117.36851501 148.22801208 461.30697632 255 64 64
279.72613525 261.51556396 495.36724854 255 64 64
281.02224731 263.20208740 507.96871948 255 64 64
289.72787476 255.27194214 489.06457520 255 64 64
288.57916260 257.60809326 500.45196533 255 64 64
105.76247406 154.53291321 516.40875244 255 64 64
103.13732910 162.82611084 520.69891357 255 64 64
105.58869171 152.18998718 506.28771973 255 64 64
102.94272614 159.93327332 509.95312500 255 64 64
118.75350952 136.53161621 506.48251343 255 64 64
113.26602173 142.66969299 509.48934937 255 64 64
120.82269287 133.90017700 497.19598389 255 64 64
115.93352509 138.95004272 499.14947510 255 64 64
108.24736023 162.68547058 542.29315186 255 64 64
106.19390869 170.72888184 546.93640137 255 64 64
106.16244507 159.10379028 533.16149902 255 64 64
104.28955841 166.57017517 537.27569580 255 64 64
101.30339813 170.12715149 531.62738037 255 64 64
100.73751068 178.57331848 536.68890381 255 64 64
100.10806274 171.62973022 522.47058105 255 64 64
99.59606171 179.67314148 527.23193359 255 64 64
275.82122803 240.09680176 472.68194580 255 64 64
279.99978638 251.02336121 479.22277832 255 64 64
286.45504761 234.85763550 470.79354858 255 64 64
287.19268799 245.16653442 478.62783813 255 64 64
134.54371643 132.37167358 514.59771729 255 64 64
128.30493164 135.75537109 519.45739746 255 64 64
139.85887146 128.16262817 504.17266846 255 64 64
134.10804749 130.55929565 508.50128174 255 64 64
107.33089447 151.02052307 480.85794067 255 64 64
103.80101013 159.01553345 484.48681641 255 64 64
110.57807922 150.25569153 472.21813965 255 64 64
106.63575745 157.86923218 475.09646606 255 64 64
155.33489990 125.39226532 494.34484863 255 64 64
150.57206726 126.09127045 502.42892456 255 64 64
164.72790527 125.67060852 487.07208252 255 64 64
160.80786133 125.37338257 494.43777466 255 64 64
278.06372070 215.56611633 479.69580078 255 64 64
283.29754639 222.95506287 488.69186401 255 64 64
286.53845215 217.67669678 468.12829590 255 64 64
287.98291016 221.67807007 478.79733276 255 64 64
154.30087280 128.70364380 462.26477051 255 64 64
145.34352112 130.72854614 458.81137085 255 64 64
160.67639160 134.09674072 456.55944824 255 64 64
152.43161011 135.62109375 452.83108521 255 64 64
126.97655487 144.20880127 532.93920898 255 64 64
123.12863159 149.50265503 539.79571533 255 64 64
133.82817078 139.41546631 525.48059082 255 64 64
130.66908264 144.23493958 531.88977051 255 64 64
261.16769409 258.18206787 540.82751465 255 64 64
257.36611938 254.90582275 550.52453613 255 64 64
274.71215820 256.12182617 534.57904053 255 64 64
269.49865723 253.73727417 543.96820068 255 64 64
102.55998993 162.10871887 499.41687012 255 64 64
100.23255157 170.34188843 504.35153198 255 64 64
104.02529144 160.91595459 489.80117798 255 64 64
101.54585266 168.82769775 494.17044067 255 64 64
129.87507629 138.42506409 457.14096069 255 64 64
123.57046509 144.67158508 456.66415405 255 64 64
137.34146118 141.83682251 450.82714844 255 64 64
131.17047119 148.08721924 449.92568970 255 64 64
103.49812317 186.96308899 551.02734375 255 64 64
105.07524109 195.96304321 556.04138184 255 64 64
102.33936310 190.75631714 543.87170410 255 64 64
104.21758270 198.56542969 548.90026855 255 64 64
174.97589111 129.23645020 467.80734253 255 64 64
170.41728210 125.03466797 471.80871582 255 64 64
180.73348999 135.24673462 462.27243042 255 64 64
176.70500183 130.54345703 465.44604492 255 64 64
255.80194092 204.62660217 464.60455322 255 64 64
263.15795898 210.35612488 467.79595947 255 64 64
267.70828247 207.16073608 461.39743042 255 64 64
272.87823486 211.03141785 467.25280762 255 64 64
281.01696777 230.10856628 497.95538330 255 64 64
283.66778564 239.77363586 506.79751587 255 64 64
290.04501343 230.21627808 485.07122803 255 64 64
287.93273926 236.25947571 495.11871338 255 64 64
245.22116089 263.72561646 548.17602539 255 64 64
239.63201904 258.29815674 554.49414062 255 64 64
258.51004028 260.17102051 550.15875244 255 64 64
251.93338013 257.16104126 556.38983154 255 64 64
110.52130127 152.22900391 468.57904053 255 64 64
106.53154755 160.36535645 470.98431396 255 64 64
116.98468781 152.76148987 460.68740845 255 64 64
112.54570770 161.00433350 462.58981323 255 64 64
109.59324646 196.86257935 564.89392090 255 64 64
112.57612610 204.74916077 568.68713379 255 64 64
109.98244476 202.87577820 562.72753906 255 64 64
112.70779419 209.21330261 566.78704834 255 64 64
102.15579224 187.29022217 536.61431885 255 64 64
102.66685486 196.08491516 542.44458008 255 64 64
101.18715668 189.63314819 526.36645508 255 64 64
101.72344971 198.08319092 532.32641602 255 64 64
258.19732666 265.88296509 524.58764648 255 64 64
256.25375366 264.82992554 536.21710205 255 64 64
270.38928223 263.48925781 518.71386719 255 64 64
265.36505127 263.23513794 527.90649414 255 64 64
265.13003540 256.07281494 477.00592041 255 64 64
266.24246216 263.53726196 487.68658447 255 64 64
277.45657349 250.51416016 480.40512085 255 64 64
274.05139160 257.43984985 488.74090576 255 64 64
99.25868988 176.39656067 515.04418945 255 64 64
98.53184509 184.69944763 520.53649902 255 64 64
99.94171906 176.26876831 504.61523438 255 64 64
99.16816711 184.41674805 509.96136475 255 64 64
112.87277985 177.44848633 556.03710938 255 64 64
112.08071136 185.59259033 561.63012695 255 64 64
117.22305298 177.44558716 550.94799805 255 64 64
116.71247101 185.23535156 556.89440918 255 64 64
151.95689392 132.48831177 507.80197144 255 64 64
149.36079407 137.57788086 516.93750000 255 64 64
161.14514160 135.30273438 502.79425049 255 64 64
159.32356262 139.92855835 511.46115112 255 64 64
258.20187378 234.07267761 527.84600830 255 64 64
258.16412354 242.81509399 536.59326172 255 64 64
270.12127686 236.69395447 518.28259277 255 64 64
266.17895508 240.68467712 528.28167725 255 64 64
121.71652985 159.92910767 543.88903809 255 64 64
119.08509064 167.31611633 550.43377686 255 64 64
129.56825256 159.02001953 538.76556396 255 64 64
127.33956146 166.13594055 545.37030029 255 64 64
255.20431519 238.32447815 465.76458740 255 64 64
257.49206543 251.18540955 469.68365479 255 64 64
267.64990234 234.32382202 467.91918945 255 64 64
265.72186279 244.94058228 471.93606567 255 64 64
172.59492493 129.32157898 486.67822266 255 64 64
169.55975342 134.37727356 495.59878540 255 64 64
180.92636108 134.74420166 482.52969360 255 64 64
178.69427490 139.12411499 490.89260864 255 64 64
254.31939697 267.87603760 497.61749268 255 64 64
252.59802246 268.88653564 509.76391602 255 64 64
267.73699951 263.87487793 498.46896362 255 64 64
261.52993774 265.74029541 506.42910767 255 64 64
180.82208252 139.37475586 456.25045776 255 64 64
182.38952637 138.65542603 460.72720337 255 64 64
183.98504639 147.01565552 454.12850952 255 64 64
187.20584106 147.22132874 458.52972412 255 64 64
107.08001709 206.52691650 551.04467773 255 64 64
110.78029633 213.98748779 556.60375977 255 64 64
108.62590790 213.36181641 543.56860352 255 64 64
111.96313477 219.20559692 549.80059814 255 64 64
115.77830505 214.68550110 564.22485352 255 64 64
120.67715454 221.86724854 568.78771973 255 64 64
120.36946106 222.73519897 561.20129395 255 64 64
123.65682220 227.41331482 566.68249512 255 64 64
170.66529846 140.67135620 455.30493164 255 64 64
163.53582764 144.76760864 449.23266602 255 64 64
177.74249268 148.24133301 453.95629883 255 64 64
171.49017334 152.49444580 447.48904419 255 64 64
143.55895996 144.60572815 523.59393311 255 64 64
140.71646118 151.78359985 531.98205566 255 64 64
152.90840149 146.99319458 519.08721924 255 64 64
150.34182739 153.52047729 527.08801270 255 64 64
263.19912720 217.49502563 501.06506348 255 64 64
263.84579468 226.21807861 511.34686279 255 64 64
273.64782715 220.01997375 491.75918579 255 64 64
270.49359131 223.93807983 502.66445923 255 64 64
102.94227600 168.83259583 485.34478760 255 64 64
101.23203278 177.78219604 489.38876343 255 64 64
106.11345673 167.77149963 476.23107910 255 64 64
104.03483582 177.02316284 479.82293701 255 64 64
228.77182007 254.60368347 551.59100342 255 64 64
223.03097534 255.31558228 555.19061279 255 64 64
240.60844421 253.61035156 553.99298096 255 64 64
233.20739746 253.43295288 558.00598145 255 64 64
260.01580811 207.36909485 480.78890991 255 64 64
262.71890259 214.20812988 491.53543091 255 64 64
270.33050537 209.47096252 471.35525513 255 64 64
268.97799683 212.31732178 482.59744263 255 64 64
233.65165710 270.57583618 526.31030273 255 64 64
231.53430176 270.71282959 538.46838379 255 64 64
246.56294250 270.89880371 524.62475586 255 64 64
240.28326416 270.73287964 532.54229736 255 64 64
100.00491333 183.84956360 505.19143677 255 64 64
100.71965027 192.92697144 510.40588379 255 64 64
100.72739410 185.10816956 496.08593750 255 64 64
101.11801910 194.79743958 501.42626953 255 64 64
140.90264893 152.08700562 447.42614746 255 64 64
135.90892029 159.93678284 445.30493164 255 64 64
150.58612061 155.58009338 444.60205078 255 64 64
145.64852905 163.50151062 441.99865723 255 64 64
103.58992004 203.70278931 530.09625244 255 64 64
106.48857117 212.35807800 536.40856934 255 64 64
104.65198517 210.55343628 520.88812256 255 64 64
107.32215118 219.15063477 527.96533203 255 64 64
233.99778748 224.85664368 530.93859863 255 64 64
232.73046875 235.02030945 539.38378906 255 64 64
245.94479370 226.99917603 525.90130615 255 64 64
241.11999512 231.31616211 534.74438477 255 64 64
114.02724457 226.45730591 543.72479248 255 64 64
119.27850342 233.43380737 551.65588379 255 64 64
117.01078796 235.46160889 535.46545410 255 64 64
120.95407104 240.10679626 543.73156738 255 64 64
123.93322754 238.00793457 558.35418701 255 64 64
130.39080811 238.92913818 564.66845703 255 64 64
130.97729492 246.29121399 557.17932129 255 64 64
134.69886780 245.75267029 563.54882812 255 64 64
112.42890167 169.25717163 464.55789185 255 64 64
110.01530457 178.96968079 466.62442017 255 64 64
117.35546875 168.07989502 456.66937256 255 64 64
114.58074188 177.92021179 458.24844360 255 64 64
106.26299286 189.69331360 479.94479370 255 64 64
106.11631775 199.42517090 483.85900879 255 64 64
109.27830505 190.96739197 471.37954712 255 64 64
108.28764343 201.14462280 475.16790771 255 64 64
237.77178955 262.36187744 478.60992432 255 64 64
237.27511597 269.02471924 488.94979858 255 64 64
250.94253540 260.85858154 480.98721313 255 64 64
245.10577393 265.24298096 486.89489746 255 64 64
213.52688599 266.61621094 546.93664551 255 64 64
204.93550110 265.52465820 550.11828613 255 64 64
223.92097473 264.96820068 550.55786133 255 64 64
215.40025330 264.46862793 552.99200439 255 64 64
186.33544922 140.55143738 468.75512695 255 64 64
186.88294983 146.14251709 476.25833130 255 64 64
190.12625122 148.25985718 465.44406128 255 64 64
191.39212036 153.46272278 472.61419678 255 64 64
236.48156738 213.36854553 507.50393677 255 64 64
237.31758118 220.71488953 517.02862549 255 64 64
248.52877808 216.03775024 503.79446411 255 64 64
245.21769714 218.25892639 513.85937500 255 64 64
162.38017273 122.86634064 484.82452393 255 64 64
159.11912537 122.83340454 484.82717896 255 64 64
162.95317078 122.90544128 484.74899292 255 64 64
162.29560852 122.87875366 484.74145508 255 64 64
173.10029602 149.30079651 494.81616211 255 64 64
169.76431274 149.28356934 494.80545044 255 64 64
173.71934509 149.31713867 494.81088257 255 64 64
173.06184387 149.30511475 494.80966187 255 64 64
143.65057373 147.44509888 529.10302734 255 64 64
140.97772217 147.43762207 529.15112305 255 64 64
144.25201416 147.45971680 529.05432129 255 64 64
143.67947388 147.45645142 529.08276367 255 64 64
162.65464783 141.93881226 503.61694336 255 64 64
159.12052917 141.92834473 503.61599731 255 64 64
163.37168884 141.96261597 503.58059692 255 64 64
162.59251404 141.95538330 503.58303833 255 64 64
179.12043762 143.20111084 485.02786255 255 64 64
176.28973389 143.16091919 485.03277588 255 64 64
179.64721680 143.23648071 485.00119019 255 64 64
179.15293884 143.20355225 484.99896240 255 64 64
139.45797729 137.95465088 525.80242920 255 64 64
137.03002930 137.95281982 525.82653809 255 64 64
139.98503113 137.96237183 525.76239014 255 64 64
139.48535156 137.96310425 525.76300049 255 64 64
157.91647339 149.97424316 517.12145996 255 64 64
154.95326233 149.96563721 517.14782715 255 64 64
158.51576233 150.00796509 517.07348633 255 64 64
157.88647461 150.00613403 517.08911133 255 64 64
136.51422119 158.09957886 537.51556396 255 64 64
134.08805847 158.08959961 537.57385254 255 64 64
137.06445312 158.11189270 537.46197510 255 64 64
136.54164124 158.10830688 537.49395752 255 64 64
152.08325195 138.89001465 515.87921143 255 64 64
149.34368896 138.88491821 515.88446045 255 64 64
152.70018005 138.90722656 515.85559082 255 64 64
152.10781860 138.90660095 515.84906006 255 64 64
168.25563049 137.81507874 495.91748047 255 64 64
164.78479004 137.80854797 495.90866089 255 64 64
168.91333008 137.84506226 495.87124634 255 64 64
168.14637756 137.84266663 495.85882568 255 64 64
150.62478638 125.70883179 502.64907837 255 64 64
148.00534058 125.70629120 502.65444946 255 64 64
151.13945007 125.73368835 502.62298584 255 64 64
150.61660767 125.73020935 502.60372925 255 64 64
142.58178711 124.72719574 478.10421753 255 64 64
139.74421692 124.69993591 478.09600830 255 64 64
143.14694214 124.75813293 478.06344604 255 64 64
142.66093445 124.73386383 478.03396606 255 64 64
172.80413818 158.12568665 501.86276245 255 64 64
169.90638733 158.11373901 501.88253784 255 64 64
173.35189819 158.14675903 501.82153320 255 64 64
172.83729553 158.13752747 501.83639526 255 64 64
183.00254822 158.35580444 486.19580078 255 64 64
180.21601868 158.32208252 486.20559692 255 64 64
183.49250793 158.37768555 486.17269897 255 64 64
183.03634644 158.35260010 486.17611694 255 64 64
128.27752686 138.11341858 526.75164795 255 64 64
126.26661682 138.12028503 526.75775146 255 64 64
128.67066956 138.09747314 526.72265625 255 64 64
128.27502441 138.10510254 526.69628906 255 64 64
163.94660950 129.51080322 496.57940674 255 64 64
161.12460327 129.50271606 496.57699585 255 64 64
164.49589539 129.55300903 496.51199341 255 64 64
163.90042114 129.54418945 496.49365234 255 64 64
151.78065491 161.45123291 528.61273193 255 64 64
149.00451660 161.43423462 528.65661621 255 64 64
152.37699890 161.45903015 528.57849121 255 64 64
151.76593018 161.45361328 528.61077881 255 64 64
166.30422974 154.53182983 509.68325806 255 64 64
163.13168335 154.52062988 509.69436646 255 64 64
166.93505859 154.55410767 509.65673828 255 64 64
166.24623108 154.54946899 509.66690063 255 64 64
135.46830750 130.81726074 516.05755615 255 64 64
133.35357666 130.82040405 516.05810547 255 64 64
135.89071655 130.81741333 516.02825928 255 64 64
135.47781372 130.81838989 515.99884033 255 64 64
127.68266296 167.03247070 545.66467285 255 64 64
125.75243378 167.02398682 545.71295166 255 64 64
128.12878418 167.01960754 545.62988281 255 64 64
127.73785400 167.01600647 545.64825439 255 64 64
149.02825928 123.34674072 487.96035767 255 64 64
146.26811218 123.34271240 487.93804932 255 64 64
149.57534790 123.38595581 487.92785645 255 64 64
149.04176331 123.38099670 487.88723755 255 64 64
162.59143066 163.65771484 520.22680664 255 64 64
159.77239990 163.64001465 520.27380371 255 64 64
163.19435120 163.67779541 520.18023682 255 64 64
162.61254883 163.66867065 520.21704102 255 64 64
181.99673462 173.56219482 500.44644165 255 64 64
179.20150757 173.53662109 500.47790527 255 64 64
182.49461365 173.55044556 500.41210938 255 64 64
182.01023865 173.53305054 500.43902588 255 64 64
122.81281281 156.55148315 544.94128418 255 64 64
121.05168152 156.55364990 544.96215820 255 64 64
123.18945312 156.53895569 544.91839600 255 64 64
122.85140991 156.54431152 544.90643311 255 64 64
128.64053345 144.20538330 534.56964111 255 64 64
126.67205811 144.20916748 534.58416748 255 64 64
129.06793213 144.19792175 534.53747559 255 64 64
128.67271423 144.20278931 534.52191162 255 64 64
171.74266052 169.12002563 514.43688965 255 64 64
169.08863831 169.10295105 514.48205566 255 64 64
172.26445007 169.12547302 514.39392090 255 64 64
171.76022339 169.11740112 514.42846680 255 64 64
186.28097534 167.31448364 486.56793213 255 64 64
183.63374329 167.27261353 486.58416748 255 64 64
186.74459839 167.34536743 486.55538940 255 64 64
186.34527588 167.31466675 486.56387329 255 64 64
168.76629639 178.08638000 521.85137939 255 64 64
165.90631104 178.07092285 521.91918945 255 64 64
169.35073853 178.09240723 521.79302979 255 64 64
168.77522278 178.08671570 521.85156250 255 64 64
156.55058289 175.93580627 531.58752441 255 64 64
153.85328674 175.91679382 531.65325928 255 64 64
157.14120483 175.93544006 531.52972412 255 64 64
156.57804871 175.92901611 531.58178711 255 64 64
121.42556763 137.22624207 513.46514893 255 64 64
119.60501862 137.23568726 513.45751953 255 64 64
121.77793884 137.22268677 513.47045898 255 64 64
121.46280670 137.22746277 513.42749023 255 64 64
137.20480347 127.81820679 494.19638062 255 64 64
134.80653381 127.82207489 494.16943359 255 64 64
137.65966797 127.82816315 494.16503906 255 64 64
137.21833801 127.82931519 494.11135864 255 64 64
141.19671631 172.87992859 538.84936523 255 64 64
138.69851685 172.86050415 538.90216064 255 64 64
141.77291870 172.89697266 538.78674316 255 64 64
141.23861694 172.89012146 538.81988525 255 64 64
178.66355896 179.87783813 512.58837891 255 64 64
176.07795715 179.86291504 512.63348389 255 64 64
179.16764832 179.88400269 512.55871582 255 64 64
178.72961426 179.87451172 512.59692383 255 64 64
130.21020508 130.21327209 500.02050781 255 64 64
128.15766907 130.21965027 499.99655151 255 64 64
130.60356140 130.20919800 500.01846313 255 64 64
130.25611877 130.21029663 499.96221924 255 64 64
192.30819702 199.91564941 515.72540283 255 64 64
189.48225403 199.90718079 515.75811768 255 64 64
192.75328064 199.90615845 515.67089844 255 64 64
192.28152466 199.90963745 515.70233154 255 64 64
129.14389038 176.70259094 545.55297852 255 64 64
127.18714905 176.68736267 545.59881592 255 64 64
129.61129761 176.70996094 545.51391602 255 64 64
129.22065735 176.70304871 545.53137207 255 64 64
173.60060120 201.77674866 533.23907471 255 64 64
170.37220764 201.76235962 533.31237793 255 64 64
174.24299622 201.80860901 533.12585449 255 64 64
173.58746338 201.80554199 533.19470215 255 64 64
181.70045471 192.80284119 520.09045410 255 64 64
178.76823425 192.80111694 520.12786865 255 64 64
182.27056885 192.81225586 520.04986572 255 64 64
181.75740051 192.81698608 520.08917236 255 64 64
173.04165649 186.27601624 522.58300781 255 64 64
170.36764526 186.26547241 522.63958740 255 64 64
173.57659912 186.29681396 522.54058838 255 64 64
173.07061768 186.29460144 522.58966064 255 64 64
121.23687744 148.89367676 538.09338379 255 64 64
119.54293823 148.89575195 538.09741211 255 64 64
121.58435059 148.88919067 538.07812500 255 64 64
121.26322937 148.89178467 538.05072021 255 64 64
131.25183105 185.69218445 547.12304688 255 64 64
129.19412231 185.67240906 547.17657471 255 64 64
131.74337769 185.70854187 547.05810547 255 64 64
131.32156372 185.69749451 547.08752441 255 64 64
167.50964355 189.64712524 529.60168457 255 64 64
164.67715454 189.63426208 529.66961670 255 64 64
168.11741638 189.66015625 529.54217529 255 64 64
167.53936768 189.65744019 529.60333252 255 64 64
186.73478699 185.63980103 504.23785400 255 64 64
184.10636902 185.62370300 504.26196289 255 64 64
187.21994019 185.63758850 504.23516846 255 64 64
186.81108093 185.63064575 504.25646973 255 64 64
116.98976135 144.54129028 527.24182129 255 64 64
115.42655182 144.55081177 527.23406982 255 64 64
117.28765869 144.54751587 527.23107910 255 64 64
117.02033234 144.55274963 527.18902588 255 64 64
154.39064026 188.82041931 539.04943848 255 64 64
151.66184998 188.80480957 539.10693359 255 64 64
155.02975464 188.80651855 538.96862793 255 64 64
154.44773865 188.80404663 539.01751709 255 64 64
134.71389771 126.53323364 482.32989502 255 64 64
132.32017517 126.52421570 482.30960083 255 64 64
135.19537354 126.56590271 482.30316162 255 64 64
134.79714966 126.55374146 482.25177002 255 64 64
118.29043579 180.56739807 554.88269043 255 64 64
116.70353699 180.56216431 554.90246582 255 64 64
118.63330078 180.56488037 554.86712646 255 64 64
118.33448029 180.56488037 554.85894775 255 64 64
120.87127686 132.85144043 480.68334961 255 64 64
118.72319794 132.85153198 480.67083740 255 64 64
121.25445557 132.87033081 480.68084717 255 64 64
120.92177582 132.86328125 480.62304688 255 64 64
114.37341309 140.48492432 502.08328247 255 64 64
112.76845551 140.49526978 502.06048584 255 64 64
114.63350677 140.48757935 502.09521484 255 64 64
114.40454102 140.48976135 502.03106689 255 64 64
140.77917480 185.14146423 542.86767578 255 64 64
138.37773132 185.13365173 542.90966797 255 64 64
141.34484863 185.14199829 542.80059814 255 64 64
140.85185242 185.14350891 542.82647705 255 64 64
145.76843262 196.55198669 546.84094238 255 64 64
143.15252686 196.54177856 546.90814209 255 64 64
146.37472534 196.54995728 546.74475098 255 64 64
145.80833435 196.54986572 546.79840088 255 64 64
189.59950256 208.02680969 527.61517334 255 64 64
186.97187805 208.01118469 527.64788818 255 64 64
190.03971863 207.98663330 527.59234619 255 64 64
189.60714722 207.99195862 527.62530518 255 64 64
110.96580505 153.67716980 533.48486328 255 64 64
109.66201019 153.68833923 533.46801758 255 64 64
111.19071960 153.68981934 533.49829102 255 64 64
111.00550079 153.69515991 533.44555664 255 64 64
135.41546631 196.43016052 550.78765869 255 64 64
133.23858643 196.40664673 550.85583496 255 64 64
135.91320801 196.43531799 550.70574951 255 64 64
135.45571899 196.42459106 550.75152588 255 64 64
112.19873810 144.65052795 475.15914917 255 64 64
110.29383087 144.64022827 475.16033936 255 64 64
112.55078125 144.69473267 475.17071533 255 64 64
112.30632019 144.67271423 475.12512207 255 64 64
181.39703369 211.54614258 535.12945557 255 64 64
178.47889709 211.53471375 535.16186523 255 64 64
181.94546509 211.53388977 535.07489014 255 64 64
181.39649963 211.54176331 535.10839844 255 64 64
121.43128967 132.99923706 492.84948730 255 64 64
119.54472351 133.00924683 492.83883667 255 64 64
121.78994751 133.01327515 492.84704590 255 64 64
121.49695587 133.01358032 492.79183960 255 64 64
189.09759521 185.79913330 495.28411865 255 64 64
186.66958618 185.77143860 495.31417847 255 64 64
189.52580261 185.78967285 495.28628540 255 64 64
189.21856689 185.77368164 495.31002808 255 64 64
110.05795288 198.27619934 569.27777100 255 64 64
108.78531647 198.27354431 569.27099609 255 64 64
110.26454926 198.29666138 569.25836182 255 64 64
110.04973602 198.29855347 569.22589111 255 64 64
124.77853394 189.75262451 553.60723877 255 64 64
122.99491119 189.74470520 553.62341309 255 64 64
125.19439697 189.75883484 553.56915283 255 64 64
124.82922363 189.75764465 553.56335449 255 64 64
147.43002319 205.57075500 550.98858643 255 64 64
144.96353149 205.55285645 551.03045654 255 64 64
147.99377441 205.57719421 550.92291260 255 64 64
147.51049805 205.57438660 550.95440674 255 64 64
170.87474060 217.51614380 545.37207031 255 64 64
167.87432861 217.49919128 545.39416504 255 64 64
171.49359131 217.51249695 545.30432129 255 64 64
170.89715576 217.51840210 545.32873535 255 64 64
117.11255646 169.68696594 552.90136719 255 64 64
115.58965302 169.68769836 552.89666748 255 64 64
117.44654083 169.69369507 552.87030029 255 64 64
117.15148926 169.69805908 552.83874512 255 64 64
113.27687836 141.20568848 489.06896973 255 64 64
111.53044891 141.21362305 489.05145264 255 64 64
113.57945251 141.22479248 489.07974243 255 64 64
113.32858276 141.22244263 489.01846313 255 64 64
293.90295410 232.17036438 483.09375000 255 64 64
294.56060791 241.71441650 493.20126343 255 64 64
301.74645996 236.62774658 469.12524414 255 64 64
300.20080566 245.37402344 478.66348267 255 64 64
289.83285522 250.29708862 506.89480591 255 64 64
288.04129028 255.46992493 519.45367432 255 64 64
299.56521606 250.50311279 492.46932983 255 64 64
296.92602539 254.83772278 503.52951050 255 64 64
272.55761719 211.12854004 456.41534424 255 64 64
277.14666748 223.59834290 460.55514526 255 64 64
287.17864990 220.34535217 453.13717651 255 64 64
289.39575195 231.69984436 459.77093506 255 64 64
260.13476562 208.29573059 488.93267822 255 64 64
259.50161743 212.42585754 499.44680786 255 64 64
272.57989502 209.10993958 480.63269043 255 64 64
271.50863647 213.74255371 491.60379028 255 64 64
265.33422852 246.68612671 538.82836914 255 64 64
258.66561890 250.30023193 549.98144531 255 64 64
279.57287598 248.83142090 530.32794189 255 64 64
274.07763672 252.67366028 540.14117432 255 64 64
264.03399658 223.19841003 510.42758179 255 64 64
260.14495850 228.35382080 521.30963135 255 64 64
278.07125854 226.36483765 503.85867310 255 64 64
274.39904785 231.77099609 513.97003174 255 64 64
250.02871704 230.09222412 532.44049072 255 64 64
243.68151855 235.86338806 539.99786377 255 64 64
263.91201782 235.06126404 528.41778564 255 64 64
257.94046021 241.29811096 535.81158447 255 64 64
268.40908813 267.21041870 506.07519531 255 64 64
268.23095703 267.39822388 519.24206543 255 64 64
281.27420044 262.86901855 508.74395752 255 64 64
280.08984375 263.46130371 521.84112549 255 64 64
242.37838745 212.04127502 509.11096191 255 64 64
238.37699890 217.11633301 517.38867188 255 64 64
255.01567078 214.35539246 506.40026855 255 64 64
250.62316895 219.13710022 514.55792236 255 64 64
237.80758667 203.14128113 493.07659912 255 64 64
237.63273621 206.69633484 502.51803589 255 64 64
249.07711792 203.94871521 487.82608032 255 64 64
248.52711487 207.34983826 497.81353760 255 64 64
234.95651245 199.05955505 475.78128052 255 64 64
239.18832397 201.49154663 483.97186279 255 64 64
244.76004028 200.66595459 468.71859741 255 64 64
249.21546936 202.52142334 478.02450562 255 64 64
267.39132690 235.72686768 463.55545044 255 64 64
271.60955811 247.52671814 470.61715698 255 64 64
284.65081787 241.46026611 466.66830444 255 64 64
286.23083496 252.63275146 475.82122803 255 64 64
235.98275757 242.08085632 546.31988525 255 64 64
227.43978882 247.13267517 550.52844238 255 64 64
250.51666260 246.45545959 546.99664307 255 64 64
242.99218750 251.77157593 552.45025635 255 64 64
216.30409241 200.53065491 506.28631592 255 64 64
212.90394592 205.05773926 513.04211426 255 64 64
227.47657776 203.43075562 505.98278809 255 64 64
223.07728577 207.99269104 512.75598145 255 64 64
217.51428223 189.94535828 491.49536133 255 64 64
219.31892395 193.01634216 499.53683472 255 64 64
227.91998291 191.63841248 487.11349487 255 64 64
229.66412354 194.20790100 495.73782349 255 64 64
245.50550842 207.30433655 458.55978394 255 64 64
250.96588135 217.65582275 459.46911621 255 64 64
259.59405518 213.09776306 457.18597412 255 64 64
265.35845947 223.55574036 460.89111328 255 64 64
230.65792847 221.82226562 526.41033936 255 64 64
224.57405090 227.76091003 531.37402344 255 64 64
242.53909302 225.87640381 526.46984863 255 64 64
236.00987244 231.65142822 531.90991211 255 64 64
216.89660645 184.24101257 478.72155762 255 64 64
221.14291382 187.57531738 485.19464111 255 64 64
225.67774963 187.97419739 473.03076172 255 64 64
230.55142212 190.07508850 479.98016357 255 64 64
260.47073364 258.11975098 475.65252686 255 64 64
263.73437500 264.13198853 486.54229736 255 64 64
276.09814453 258.16549683 481.88549805 255 64 64
278.00347900 264.54852295 493.68920898 255 64 64
213.46450806 252.66906738 545.34063721 255 64 64
203.87979126 257.24261475 545.84020996 255 64 64
225.88397217 255.04974365 547.99499512 255 64 64
217.02343750 259.23797607 549.97686768 255 64 64
243.25068665 271.60153198 517.95788574 255 64 64
241.07138062 269.76785278 530.82269287 255 64 64
256.01928711 268.37976074 524.91790771 255 64 64
254.01460266 266.83120728 537.19799805 255 64 64
216.45318604 233.74713135 536.38909912 255 64 64
208.59179688 239.08744812 538.85302734 255 64 64
227.03315735 238.29331970 538.54565430 255 64 64
219.19499207 243.88247681 541.92156982 255 64 64
216.41543579 212.07733154 513.40075684 255 64 64
210.47677612 217.22209167 518.08471680 255 64 64
226.95861816 215.21318054 514.42315674 255 64 64
220.28997803 220.35600281 519.41784668 255 64 64
220.25996399 191.78872681 467.30123901 255 64 64
226.15600586 197.15809631 470.11129761 255 64 64
229.49807739 197.30912781 462.99295044 255 64 64
236.87345886 201.28291321 467.13665771 255 64 64
241.10041809 269.95153809 495.62115479 255 64 64
242.26220703 271.47445679 507.27770996 255 64 64
254.00299072 268.94320679 501.53509521 255 64 64
254.33892822 270.06173706 513.13745117 255 64 64
239.83407593 231.11434937 463.59539795 255 64 64
244.43569946 241.83374023 466.51242065 255 64 64
253.62057495 234.90176392 465.18316650 255 64 64
257.62774658 245.41009521 469.01751709 255 64 64
219.06236267 272.41064453 527.09436035 255 64 64
215.68060303 269.28350830 539.10717773 255 64 64
230.63711548 269.22155762 534.42907715 255 64 64
228.19978333 266.32098389 545.68286133 255 64 64
199.64897156 244.03228760 538.25231934 255 64 64
191.16407776 249.17510986 540.48095703 255 64 64
209.46603394 247.93382263 540.60198975 255 64 64
201.20574951 253.34191895 543.79058838 255 64 64
196.29722595 195.23437500 499.16992188 255 64 64
196.82873535 199.19412231 507.25592041 255 64 64
205.92005920 199.72467041 498.27243042 255 64 64
206.65451050 202.31932068 506.20159912 255 64 64
227.05639648 209.37231445 458.23544312 255 64 64
232.39672852 219.32879639 459.53567505 255 64 64
238.23468018 213.82000732 459.64993286 255 64 64
244.28176880 223.29724121 461.90136719 255 64 64
190.30920410 168.11158752 485.09780884 255 64 64
190.27288818 174.30001831 491.07034302 255 64 64
194.54328918 175.73773193 478.01675415 255 64 64
194.93431091 180.23576355 484.65051270 255 64 64
205.61763000 224.24531555 520.38311768 255 64 64
198.47653198 229.34747314 523.86749268 255 64 64
215.19265747 227.27926636 523.01940918 255 64 64
207.57716370 232.47048950 526.98492432 255 64 64
186.33105469 178.16101074 498.29373169 255 64 64
185.50256348 183.99122620 505.35156250 255 64 64
191.58183289 185.00537109 493.24383545 255 64 64
190.93510437 188.98156738 500.51660156 255 64 64
183.28428650 191.29302979 517.28308105 255 64 64
181.18835449 196.65853882 525.21417236 255 64 64
189.20744324 196.36808777 513.06970215 255 64 64
187.21934509 199.99284363 520.73937988 255 64 64
185.61807251 146.77157593 479.98983765 255 64 64
186.59924316 154.00947571 484.70959473 255 64 64
190.60449219 155.91007996 473.44708252 255 64 64
191.64089966 161.65121460 478.67703247 255 64 64
194.72688293 203.08319092 511.77719116 255 64 64
192.93652344 206.97515869 520.21173096 255 64 64
203.95481873 206.57144165 511.31246948 255 64 64
202.23974609 209.11477661 519.07708740 255 64 64
176.28260803 155.82766724 495.72424316 255 64 64
174.19763184 162.80998230 502.64364624 255 64 64
184.00361633 163.22434998 491.58346558 255 64 64
181.70523071 168.57049561 498.40893555 255 64 64
233.75794983 262.46160889 479.11511230 255 64 64
236.55590820 268.19500732 487.51092529 255 64 64
246.76797485 263.80474854 482.67550659 255 64 64
248.89791870 269.12475586 491.45663452 255 64 64
196.72418213 167.66139221 467.80273438 255 64 64
199.80194092 174.13058472 471.17773438 255 64 64
199.91714478 178.15229797 460.13885498 255 64 64
204.22155762 182.62806702 464.98928833 255 64 64
170.88999939 174.06596375 514.32342529 255 64 64
166.79713440 180.37251282 522.60113525 255 64 64
179.55302429 178.77264404 511.39669800 255 64 64
175.23506165 183.56886292 518.96960449 255 64 64
181.86303711 258.37933350 544.32843018 255 64 64
172.79725647 262.55789185 548.14776611 255 64 64
192.71409607 262.12789917 543.08581543 255 64 64
184.22532654 265.80398560 547.52960205 255 64 64
197.44834900 191.33030701 483.63107300 255 64 64
200.06236267 195.25712585 490.51849365 255 64 64
206.51026917 197.89533997 480.56491089 255 64 64
210.47000122 199.45455933 488.09713745 255 64 64
188.68367004 148.39031982 464.24188232 255 64 64
192.63470459 156.91394043 464.58410645 255 64 64
193.28335571 160.95693970 458.30346680 255 64 64
197.30313110 168.29553223 460.02459717 255 64 64
190.87266541 230.67359924 530.30810547 255 64 64
183.29202271 236.02941895 533.22418213 255 64 64
199.64218140 235.31686401 532.27490234 255 64 64
192.28034973 241.13545227 535.58795166 255 64 64
229.89308167 245.41275024 466.88009644 255 64 64
234.10647583 254.60633850 471.72473145 255 64 64
242.29705811 248.09744263 469.61706543 255 64 64
246.04380798 257.02767944 474.48977661 255 64 64
220.69273376 274.16384888 505.80514526 255 64 64
221.24906921 273.91442871 516.96990967 255 64 64
231.65028381 272.98681641 511.24761963 255 64 64
231.59558105 272.45568848 522.05993652 255 64 64
156.45483398 189.31799316 534.57427979 255 64 64
151.53129578 195.26536560 542.51312256 255 64 64
166.06278992 191.73112488 531.23413086 255 64 64
160.84057617 196.86619568 538.18743896 255 64 64
198.75827026 189.65007019 471.15060425 255 64 64
203.00845337 193.91284180 477.00405884 255 64 64
206.77456665 197.76028442 465.84124756 255 64 64
212.79066467 199.11254883 472.76354980 255 64 64
159.43287659 158.47653198 511.86917114 255 64 64
156.16294861 165.15872192 520.67938232 255 64 64
169.63914490 163.32116699 509.56301880 255 64 64
165.61936951 168.27133179 517.25018311 255 64 64
177.80792236 206.78637695 533.46282959 255 64 64
172.34658813 212.44136047 539.97076416 255 64 64
185.41954041 209.35488892 530.12756348 255 64 64
180.49359131 213.79289246 535.77868652 255 64 64
200.93176270 217.38473511 502.78231812 255 64 64
199.46405029 221.44807434 509.83822632 255 64 64
210.05128479 219.24214172 505.38568115 255 64 64
208.14450073 222.81655884 512.88305664 255 64 64
191.72076416 279.06671143 528.55914307 255 64 64
188.70787048 274.73422241 539.66967773 255 64 64
201.25851440 273.95776367 533.64678955 255 64 64
199.09130859 270.14129639 543.49481201 255 64 64
207.33222961 224.05288696 494.89358521 255 64 64
205.94921875 229.38354492 500.94839478 255 64 64
215.79217529 226.19734192 496.83908081 255 64 64
214.02699280 231.23561096 503.80398560 255 64 64
218.22491455 227.99472046 457.31109619 255 64 64
222.71907043 237.38192749 461.37347412 255 64 64
228.78552246 230.28149414 460.50698853 255 64 64
233.27000427 239.29791260 464.54031372 255 64 64
217.98045349 268.86309814 487.46264648 255 64 64
219.97628784 272.52270508 496.66009521 255 64 64
229.22796631 269.92639160 490.81573486 255 64 64
230.61000061 273.26068115 500.21261597 255 64 64
144.91445923 173.34008789 533.70678711 255 64 64
140.77368164 179.19548035 542.41247559 255 64 64
154.98905945 176.70199585 530.33184814 255 64 64
150.26254272 181.22618103 537.68206787 255 64 64
205.25360107 238.80609131 500.53057861 255 64 64
202.74801636 244.82218933 506.54861450 255 64 64
213.86628723 241.14949036 503.07342529 255 64 64
210.25314331 247.33792114 509.98217773 255 64 64
198.91607666 194.36595154 458.56994629 255 64 64
203.55546570 201.59030151 461.28659058 255 64 64
206.86073303 202.44615173 456.66632080 255 64 64
213.46353149 207.60350037 460.97073364 255 64 64
202.35353088 279.84753418 515.43194580 255 64 64
201.81423950 277.53265381 526.45727539 255 64 64
212.53567505 276.44641113 520.26306152 255 64 64
211.68504333 274.34017944 530.40155029 255 64 64
176.49946594 240.23252869 543.45367432 255 64 64
168.57417297 244.91452026 546.63891602 255 64 64
184.58064270 245.91134644 544.88342285 255 64 64
177.32046509 251.46371460 548.26007080 255 64 64
188.84680176 162.78286743 454.81738281 255 64 64
191.63749695 172.92137146 452.04751587 255 64 64
195.86929321 173.75784302 454.32678223 255 64 64
199.40789795 183.05308533 453.33877563 255 64 64
142.20750427 205.11146545 552.11914062 255 64 64
135.97067261 210.67446899 558.88848877 255 64 64
150.14624023 211.10820007 548.67059326 255 64 64
144.42251587 216.34687805 554.25103760 255 64 64
163.04699707 249.55548096 557.46722412 255 64 64
155.47604370 253.12118530 562.43963623 255 64 64
171.45248413 256.46423340 553.66912842 255 64 64
164.78579712 260.66503906 559.12567139 255 64 64
186.65925598 218.54168701 516.14257812 255 64 64
182.91735840 222.78219604 523.00872803 255 64 64
195.50285339 221.30769348 518.51647949 255 64 64
191.35044861 225.09898376 524.97406006 255 64 64
206.96820068 211.25343323 450.96560669 255 64 64
211.32295227 221.12858582 453.50604248 255 64 64
216.22761536 214.91401672 454.95343018 255 64 64
221.01222229 224.09403992 457.74267578 255 64 64
212.85165405 256.95965576 474.07250977 255 64 64
215.88391113 263.64379883 480.87280273 255 64 64
223.77339172 258.86911011 476.69619751 255 64 64
226.46582031 265.36929321 483.38418579 255 64 64
182.45724487 206.43862915 504.51242065 255 64 64
184.22605896 209.41279602 513.34582520 255 64 64
190.30459595 210.95426941 504.57354736 255 64 64
192.35176086 212.16833496 513.25592041 255 64 64
147.46070862 230.79946899 558.11975098 255 64 64
141.24903870 235.03028870 563.43493652 255 64 64
154.13320923 237.97348022 555.46618652 255 64 64
148.89356995 243.18600464 560.67486572 255 64 64
170.52209473 222.67666626 538.86901855 255 64 64
163.58044434 228.06927490 542.71936035 255 64 64
177.42695618 226.34014893 537.68011475 255 64 64
171.23852539 232.05999756 541.44818115 255 64 64
202.98327637 275.12777710 497.18762207 255 64 64
204.12715149 277.20544434 506.63290405 255 64 64
213.73388672 275.05297852 500.86126709 255 64 64
214.09877014 276.94329834 510.20199585 255 64 64
192.25518799 185.42408752 449.86770630 255 64 64
195.20321655 195.65939331 448.81436157 255 64 64
200.38960266 192.80140686 452.16766357 255 64 64
204.29705811 202.22056580 452.36120605 255 64 64
166.32455444 279.59677124 536.95013428 255 64 64
166.72537231 275.05517578 548.15356445 255 64 64
176.68922424 278.66784668 538.70056152 255 64 64
176.94578552 273.94323730 549.01330566 255 64 64
207.16716003 241.07833862 461.23623657 255 64 64
210.67573547 248.99588013 466.66177368 255 64 64
217.44506836 242.11425781 464.19732666 255 64 64
220.72903442 249.86238098 469.26562500 255 64 64
175.32098389 208.75497437 499.94055176 255 64 64
177.07116699 211.55584717 508.16210938 255 64 64
183.41111755 212.90896606 502.80822754 255 64 64
185.37887573 214.80897522 511.13433838 255 64 64
176.51980591 155.03958130 448.77758789 255 64 64
178.30023193 166.61094666 445.16247559 255 64 64
185.22833252 163.70648193 449.85125732 255 64 64
186.89259338 173.91130066 447.68960571 255 64 64
197.22314453 264.31024170 481.03228760 255 64 64
199.62416077 269.86743164 488.63812256 255 64 64
207.75276184 266.11572266 483.33383179 255 64 64
209.72924805 271.68261719 490.89703369 255 64 64
184.09123230 280.44946289 505.99624634 255 64 64
185.74484253 281.86151123 515.41052246 255 64 64
194.53034973 280.73385620 509.68307495 255 64 64
195.36422729 281.94793701 519.25231934 255 64 64
171.43070984 282.73770142 519.79833984 255 64 64
173.64778137 281.68750000 530.16143799 255 64 64
181.74879456 282.65225220 523.49279785 255 64 64
183.24168396 280.91589355 533.88690186 255 64 64
197.32926941 224.01428223 449.01281738 255 64 64
201.24739075 232.79736328 454.10144043 255 64 64
207.05630493 225.12222290 453.73159790 255 64 64
210.69364929 233.79104614 458.52880859 255 64 64
188.92668152 204.01068115 445.47616577 255 64 64
192.57273865 214.53256226 447.12008667 255 64 64
198.38165283 207.94622803 449.12127686 255 64 64
201.87377930 217.84751892 451.10598755 255 64 64
178.78431702 177.02052307 445.72372437 255 64 64
181.52514648 188.25883484 443.74093628 255 64 64
187.88882446 184.36686707 446.99374390 255 64 64
190.60351562 194.58378601 446.25823975 255 64 64
146.29553223 268.30484009 540.90795898 255 64 64
151.06077576 267.06518555 551.33300781 255 64 64
156.49549866 272.94073486 541.61663818 255 64 64
160.62370300 270.81997681 552.10363770 255 64 64
192.38394165 252.82879639 467.83123779 255 64 64
195.16157532 259.29412842 474.72836304 255 64 64
202.71704102 253.86763000 470.46127319 255 64 64
205.27684021 260.35812378 477.06213379 255 64 64
131.28578186 251.89453125 548.50213623 255 64 64
136.61448669 254.15904236 556.87860107 255 64 64
139.62060547 260.12384033 545.89392090 255 64 64
144.70147705 261.07135010 554.80090332 255 64 64
180.99169922 270.76818848 488.90823364 255 64 64
183.49728394 275.57989502 497.39505005 255 64 64
191.23281860 272.88504028 491.42373657 255 64 64
193.24124146 277.83813477 500.09835815 255 64 64
186.14614868 240.82177734 456.09457397 255 64 64
189.54823303 247.76342773 462.62185669 255 64 64
196.65060425 241.17417908 459.29266357 255 64 64
199.61314392 248.29107666 465.56726074 255 64 64
159.36752319 155.12091064 444.67358398 255 64 64
161.23364258 166.96334839 441.66067505 255 64 64
169.22428894 162.07998657 443.34960938 255 64 64
170.69926453 172.77807617 441.30053711 255 64 64
162.74977112 274.68859863 499.96572876 255 64 64
165.57676697 278.45181274 508.85531616 255 64 64
172.60459900 277.91363525 501.97659302 255 64 64
175.03948975 281.58776855 511.37155151 255 64 64
150.05438232 274.34600830 514.15979004 255 64 64
153.71884155 276.82641602 523.47729492 255 64 64
159.45611572 278.88372803 515.72045898 255 64 64
162.79043579 280.67745972 525.66918945 255 64 64
177.13458252 259.65548706 473.59228516 255 64 64
179.89865112 265.29013062 481.34912109 255 64 64
187.42797852 261.25439453 475.91778564 255 64 64
189.82028198 267.16204834 483.73852539 255 64 64
165.18467712 181.78964233 442.32049561 255 64 64
168.33697510 193.11703491 441.50537109 255 64 64
175.13436890 187.17837524 442.82730103 255 64 64
177.85295105 197.80870056 443.06140137 255 64 64
137.86970520 265.86642456 523.68737793 255 64 64
142.21476746 268.76315308 532.55761719 255 64 64
146.23309326 272.56362915 523.52185059 255 64 64
150.34677124 274.43917847 533.19177246 255 64 64
116.12934875 232.94876099 538.37719727 255 64 64
120.35437012 238.06642151 545.44470215 255 64 64
121.01464844 242.28562927 533.68139648 255 64 64
125.40425110 246.31604004 541.66864014 255 64 64
176.20223999 223.63439941 445.22662354 255 64 64
180.29850769 232.19868469 450.11193848 255 64 64
187.09880066 224.90147400 448.18991089 255 64 64
190.54252625 233.59645081 452.88446045 255 64 64
169.85504150 203.91386414 441.05035400 255 64 64
173.92321777 214.33892822 442.75961304 255 64 64
180.58410645 207.41470337 442.48361206 255 64 64
183.95521545 217.40216064 444.66268921 255 64 64
125.13800812 249.98243713 530.53515625 255 64 64
129.32235718 254.28683472 537.84277344 255 64 64
131.33901978 258.60675049 527.55712891 255 64 64
135.54273987 261.90234375 535.78643799 255 64 64
160.41748047 264.14263916 483.20236206 255 64 64
163.32098389 269.48489380 491.34259033 255 64 64
170.22972107 267.09548950 484.95260620 255 64 64
172.81468201 272.68948364 493.54785156 255 64 64
169.78146362 247.02545166 458.86788940 255 64 64
173.06446838 253.15966797 466.19100952 255 64 64
180.67608643 248.03451538 461.33355713 255 64 64
183.51179504 254.61311340 468.81930542 255 64 64
144.16705322 163.41992188 443.71026611 255 64 64
146.22050476 175.24299622 441.55709839 255 64 64
154.13708496 169.63159180 440.34689331 255 64 64
155.84635925 180.69467163 439.04885864 255 64 64
108.60583496 219.60568237 523.77551270 255 64 64
111.94499207 225.42814636 530.63586426 255 64 64
112.03890991 228.94448853 518.51165771 255 64 64
115.34030914 234.07376099 526.13684082 255 64 64
143.53485107 265.48547363 496.00952148 255 64 64
146.60098267 270.27395630 504.19235229 255 64 64
152.38665771 270.27105713 496.93057251 255 64 64
155.33081055 274.92977905 505.95764160 255 64 64
130.58290100 258.37438965 506.74520874 255 64 64
133.96466064 263.04089355 514.44012451 255 64 64
137.90988159 265.02752686 505.94989014 255 64 64
141.42039490 269.17993164 514.71362305 255 64 64
119.01251221 241.08123779 514.79974365 255 64 64
122.31003571 246.57647705 521.60394287 255 64 64
124.17082214 248.81484985 511.55111694 255 64 64
127.58356476 253.81631470 519.33508301 255 64 64
160.79409790 232.27928162 448.11849976 255 64 64
164.70350647 239.92962646 453.68731689 255 64 64
172.18344116 233.95951843 449.51626587 255 64 64
175.48291016 242.04843140 455.28549194 255 64 64
103.25098419 201.56124878 510.72772217 255 64 64
105.43901062 208.78367615 517.17559814 255 64 64
105.54212189 210.17007446 504.10748291 255 64 64
107.53360748 217.38667297 511.52740479 255 64 64
154.97259521 252.93820190 466.65789795 255 64 64
158.10263062 258.49539185 474.38955688 255 64 64
165.28633118 255.16882324 468.37396240 255 64 64
168.04652405 261.27014160 476.75039673 255 64 64
146.86529541 188.32080078 440.90164185 255 64 64
150.40000916 199.45068359 440.59716797 255 64 64
157.39007568 193.39585876 438.86706543 255 64 64
160.43878174 203.99713135 439.49734497 255 64 64
151.36816406 211.50418091 440.90164185 255 64 64
155.60673523 221.27865601 443.32928467 255 64 64
162.93371582 214.76686096 440.53570557 255 64 64
166.43939209 224.37286377 443.46868896 255 64 64
109.19544220 222.49658203 504.35244751 255 64 64
111.67294312 228.87283325 510.82357788 255 64 64
112.70499420 230.44898987 499.52230835 255 64 64
115.20767212 236.69163513 506.93835449 255 64 64
128.30871582 251.71542358 490.73416138 255 64 64
131.29061890 256.95895386 498.20248413 255 64 64
135.60276794 258.00454712 489.73284912 255 64 64
138.76766968 263.05056763 498.37265015 255 64 64
139.42987061 254.89387512 477.27755737 255 64 64
142.53862000 260.29617310 485.14089966 255 64 64
148.66604614 259.01336670 478.02062988 255 64 64
151.65861511 264.70611572 486.87728882 255 64 64
127.34249878 166.23143005 449.57437134 255 64 64
129.04353333 177.66337585 447.91882324 255 64 64
136.32598877 171.92562866 443.97747803 255 64 64
138.00282288 183.12521362 442.99816895 255 64 64
117.29016876 238.38397217 496.26062012 255 64 64
120.01261139 244.15609741 503.09963989 255 64 64
122.38845825 246.00720215 493.09234619 255 64 64
125.24353790 251.65153503 501.09701538 255 64 64
145.38497925 238.96292114 453.94580078 255 64 64
149.03105164 246.03044128 460.06454468 255 64 64
156.46064758 241.68536377 454.28732300 255 64 64
159.67782593 249.35119629 461.09344482 255 64 64
103.61755371 189.25022888 485.33404541 255 64 64
104.00275421 198.54837036 489.06335449 255 64 64
105.65067291 196.19332886 477.87347412 255 64 64
105.98307800 205.96974182 482.50219727 255 64 64
105.98553467 208.22250366 492.57388306 255 64 64
107.44985962 215.88833618 497.91033936 255 64 64
108.60244751 215.69180298 486.74948120 255 64 64
110.03289032 223.65388489 492.99407959 255 64 64
131.40969849 187.97613525 445.41082764 255 64 64
134.29382324 199.06341553 444.84240723 255 64 64
141.35746765 193.24288940 441.10763550 255 64 64
144.06442261 204.03585815 441.42047119 255 64 64
137.39192200 220.35890198 446.90274048 255 64 64
141.21224976 229.27365112 450.13442993 255 64 64
148.47920227 224.40771484 445.13586426 255 64 64
151.86579895 233.53158569 449.11108398 255 64 64
121.45564270 239.95043945 476.92733765 255 64 64
124.09918213 246.37509155 483.48754883 255 64 64
128.42779541 246.80690002 474.86694336 255 64 64
131.32546997 253.36129761 482.69155884 255 64 64
131.85214233 239.96157837 462.30386353 255 64 64
134.91732788 246.75025940 468.44195557 255 64 64
141.21804810 245.02307129 460.96081543 255 64 64
144.25805664 252.23193359 468.17160034 255 64 64
111.81864929 222.97679138 483.32669067 255 64 64
113.60828400 230.14886475 488.90133667 255 64 64
115.96282959 230.14498901 478.87127686 255 64 64
117.85604858 237.65203857 485.52246094 255 64 64
128.74534607 202.40161133 447.40692139 255 64 64
131.97801208 212.98158264 447.86267090 255 64 64
138.79089355 207.54153442 443.37408447 255 64 64
141.84155273 218.03244019 444.71835327 255 64 64
114.17828369 174.21289062 459.22467041 255 64 64
115.02856445 184.93614197 458.56921387 255 64 64
120.56687927 179.79138184 451.81387329 255 64 64
121.79400635 190.90190125 451.73480225 255 64 64
107.65251160 187.81057739 469.78649902 255 64 64
108.27666473 198.01878357 471.29873657 255 64 64
111.71699524 194.11325073 462.69088745 255 64 64
112.60527802 204.81715393 464.98443604 255 64 64
109.31658173 207.46311951 473.47515869 255 64 64
110.35286713 216.45530701 477.19769287 255 64 64
113.03174591 214.31013489 467.59457397 255 64 64
114.19522095 223.83480835 472.28237915 255 64 64
117.31243134 224.09016418 465.31967163 255 64 64
119.62728882 232.44532776 469.58728027 255 64 64
123.83972168 230.92532349 461.14208984 255 64 64
126.37143707 239.62707520 466.51922607 255 64 64
122.94708252 219.74122620 455.47671509 255 64 64
126.01225281 229.11488342 458.29159546 255 64 64
131.67207336 225.68955994 451.64813232 255 64 64
134.73530579 235.33622742 455.41134644 255 64 64
114.50091553 205.04951477 460.79284668 255 64 64
116.31716919 214.97888184 462.34140015 255 64 64
120.82682800 211.27775574 454.60583496 255 64 64
122.83767700 221.66409302 457.04898071 255 64 64
162.35505676 122.87493134 484.75616455 255 64 64
162.34866333 122.87509918 484.75793457 255 64 64
162.35841370 122.87439728 484.75848389 255 64 64
162.35429382 122.86856079 484.75491333 255 64 64
133.64372253 232.79724121 569.04583740 255 64 64
133.63481140 232.79185486 569.04998779 255 64 64
133.65290833 232.79301453 569.04095459 255 64 64
133.64797974 232.79383850 569.04296875 255 64 64
109.17691040 199.80305481 483.30419922 255 64 64
109.17711639 199.79721069 483.29827881 255 64 64
109.17581940 199.80383301 483.29821777 255 64 64
109.17339325 199.79470825 483.29458618 255 64 64
192.32394409 199.92137146 515.67980957 255 64 64
192.32270813 199.92041016 515.68170166 255 64 64
192.32933044 199.91615295 515.68572998 255 64 64
192.33349609 199.91433716 515.68518066 255 64 64
122.86318970 156.51080322 544.95428467 255 64 64
122.85131836 156.50747681 544.95611572 255 64 64
122.86643982 156.50691223 544.95751953 255 64 64
122.85600281 156.50389099 544.95599365 255 64 64
112.28147125 144.66282654 475.08096313 255 64 64
112.27401733 144.65841675 475.07949829 255 64 64
112.28601074 144.66802979 475.07437134 255 64 64
112.27508545 144.65731812 475.07369995 255 64 64
150.03308105 232.33924866 517.49609375 255 64 64
150.02410889 232.33638000 517.48004150 255 64 64
150.02383423 232.34094238 517.48992920 255 64 64
150.02050781 232.33543396 517.47601318 255 64 64
104.90028381 207.94934082 534.25750732 255 64 64
104.89756012 207.94389343 534.25305176 255 64 64
104.90199280 207.94924927 534.26123047 255 64 64
104.90051270 207.94418335 534.25646973 255 64 64
162.61920166 163.64929199 520.22814941 255 64 64
162.61663818 163.64590454 520.23144531 255 64 64
162.62023926 163.65074158 520.23522949 255 64 64
162.62155151 163.64660645 520.23529053 255 64 64
145.80836487 196.51382446 546.82196045 255 64 64
145.79876709 196.51148987 546.82012939 255 64 64
145.80424500 196.50910950 546.82586670 255 64 64
145.79896545 196.50968933 546.82189941 255 64 64
186.29505920 167.30215454 486.58758545 255 64 64
186.30123901 167.29820251 486.58648682 255 64 64
186.29603577 167.30117798 486.60125732 255 64 64
186.30482483 167.29479980 486.59606934 255 64 64
135.49655151 130.79867554 516.05029297 255 64 64
135.48698425 130.79527283 516.04943848 255 64 64
135.49746704 130.79693604 516.05731201 255 64 64
135.48774719 130.79037476 516.05181885 255 64 64
101.76621246 163.61219788 511.98910522 255 64 64
101.76044464 163.60726929 511.99035645 255 64 64
101.77054596 163.61781311 511.98666382 255 64 64
101.76308441 163.60891724 511.98709106 255 64 64
110.03706360 198.24417114 569.30725098 255 64 64
110.03036499 198.23970032 569.30731201 255 64 64
110.03929138 198.23832703 569.29724121 255 64 64
110.03527832 198.23719788 569.29681396 255 64 64
167.47090149 226.20034790 549.01037598 255 64 64
167.46769714 226.19401550 549.00994873 255 64 64
167.48118591 226.18981934 549.01196289 255 64 64
167.47853088 226.18676758 549.01141357 255 64 64
111.70153046 226.91958618 505.19149780 255 64 64
111.70079803 226.91578674 505.18054199 255 64 64
111.70656586 226.92141724 505.19073486 255 64 64
111.70516205 226.91548157 505.18261719 255 64 64
116.92127228 236.99986267 533.78839111 255 64 64
116.91844177 236.99649048 533.78216553 255 64 64
116.93209839 236.99867249 533.78698730 255 64 64
116.93100739 236.99639893 533.78247070 255 64 64
104.22800446 178.38427734 548.54302979 255 64 64
104.22246552 178.38021851 548.54083252 255 64 64
104.23055267 178.38485718 548.53692627 255 64 64
104.22782898 178.38076782 548.53417969 255 64 64
102.43434143 171.96287537 480.39801025 255 64 64
102.42839050 171.95828247 480.39425659 255 64 64
102.43735504 171.96665955 480.39944458 255 64 64
102.42987061 171.95741272 480.39947510 255 64 64
167.55516052 189.62364197 529.60583496 255 64 64
167.54850769 189.62167358 529.60369873 255 64 64
167.55880737 189.62274170 529.60955811 255 64 64
167.55693054 189.62266541 529.60559082 255 64 64
134.77539062 126.53905487 482.26867676 255 64 64
134.76435852 126.53682709 482.26901245 255 64 64
134.78143311 126.54456329 482.26559448 255 64 64
134.76925659 126.53604126 482.26348877 255 64 64
175.36822510 222.66183472 515.11505127 255 64 64
175.36106873 222.66105652 515.10900879 255 64 64
175.37260437 222.66154480 515.11419678 255 64 64
175.36932373 222.65866089 515.10699463 255 64 64
114.41085052 140.45736694 502.05053711 255 64 64
114.40019226 140.45379639 502.04922485 255 64 64
114.41591644 140.46026611 502.05139160 255 64 64
114.40309906 140.45278931 502.04971313 255 64 64
162.67492676 141.91494751 503.59194946 255 64 64
162.67434692 141.90902710 503.59979248 255 64 64
162.67735291 141.91040039 503.60711670 255 64 64
162.67907715 141.90295410 503.60995483 255 64 64
100.57366180 190.43774414 515.07275391 255 64 64
100.56936646 190.43365479 515.06787109 255 64 64
100.57288361 190.43907166 515.07574463 255 64 64
100.56881714 190.43176270 515.07238770 255 64 64
141.24259949 172.85314941 538.85083008 255 64 64
141.23428345 172.85009766 538.85333252 255 64 64
141.23722839 172.85310364 538.85321045 255 64 64
141.23277283 172.85008240 538.85302734 255 64 64
179.15359497 143.17347717 485.04174805 255 64 64
179.15434265 143.16947937 485.04238892 255 64 64
179.15473938 143.17263794 485.04519653 255 64 64
179.15689087 143.16488647 485.04101562 255 64 64
181.44985962 211.54052734 535.10034180 255 64 64
181.44514465 211.53797913 535.09973145 255 64 64
181.45599365 211.53492737 535.10052490 255 64 64
181.45405579 211.53376770 535.09881592 255 64 64
114.52974701 222.90560913 552.58020020 255 64 64
114.52517700 222.90042114 552.57525635 255 64 64
114.53337097 222.90361023 552.58142090 255 64 64
114.53111267 222.90119934 552.57641602 255 64 64
124.80445862 189.71061707 553.62567139 255 64 64
124.79484558 189.70606995 553.62310791 255 64 64
124.80764771 189.70947266 553.62841797 255 64 64
124.80036926 189.70751953 553.62548828 255 64 64
143.69636536 147.41999817 529.08148193 255 64 64
143.68774414 147.41497803 529.08612061 255 64 64
143.69602966 147.41445923 529.09259033 255 64 64
143.68972778 147.40933228 529.09381104 255 64 64
178.69644165 179.84283447 512.59399414 255 64 64
178.69390869 179.84169006 512.59552002 255 64 64
178.69924927 179.84495544 512.59936523 255 64 64
178.70257568 179.84230042 512.59661865 255 64 64
117.04833984 144.52722168 527.24652100 255 64 64
117.04070282 144.52447510 527.24584961 255 64 64
117.05094910 144.52844238 527.24664307 255 64 64
117.04267120 144.52389526 527.24328613 255 64 64
149.03814697 222.00906372 558.50335693 255 64 64
149.02761841 222.00534058 558.50018311 255 64 64
149.04006958 222.00813293 558.49908447 255 64 64
149.03190613 222.01019287 558.49554443 255 64 64
105.49689484 163.10519409 534.16186523 255 64 64
105.49177551 163.09970093 534.16033936 255 64 64
105.49797058 163.11003113 534.15649414 255 64 64
105.49222565 163.10423279 534.15209961 255 64 64
159.19525146 206.77584839 521.19616699 255 64 64
159.18214417 206.77630615 521.18975830 255 64 64
159.19079590 206.77474976 521.19787598 255 64 64
159.18405151 206.77444458 521.19128418 255 64 64
189.12788391 185.76524353 495.30691528 255 64 64
189.13291931 185.76269531 495.30477905 255 64 64
189.13638306 185.76612854 495.31460571 255 64 64
189.14419556 185.76110840 495.30892944 255 64 64
150.65429688 125.70350647 502.63107300 255 64 64
150.64646912 125.70056152 502.63061523 255 64 64
150.65545654 125.70454407 502.63677979 255 64 64
150.64772034 125.69786835 502.63150024 255 64 64
172.81478882 158.08392334 501.85717773 255 64 64
172.81150818 158.07980347 501.86401367 255 64 64
172.81201172 158.08412170 501.86856079 255 64 64
172.81433105 158.07855225 501.86944580 255 64 64
124.26620483 207.82862854 561.92797852 255 64 64
124.25630188 207.82299805 561.92510986 255 64 64
124.26735687 207.82438660 561.92791748 255 64 64
124.25990295 207.82388306 561.92401123 255 64 64
161.64529419 205.23208618 543.80401611 255 64 64
161.64183044 205.22982788 543.80078125 255 64 64
161.65130615 205.23077393 543.79602051 255 64 64
161.64903259 205.23109436 543.79144287 255 64 64
102.22802734 196.10060120 552.74822998 255 64 64
102.22583771 196.09498596 552.74359131 255 64 64
102.22976685 196.10214233 552.74566650 255 64 64
102.23050690 196.09764099 552.74151611 255 64 64
101.45801544 184.16188049 498.00628662 255 64 64
101.45338440 184.15678406 498.00146484 255 64 64
101.46030426 184.16450500 498.00729370 255 64 64
101.45420837 184.15536499 498.00418091 255 64 64
103.02490234 160.21133423 494.24288940 255 64 64
103.01628113 160.20674133 494.24246216 255 64 64
103.02669525 160.21498108 494.24340820 255 64 64
103.01657867 160.20520020 494.24377441 255 64 64
100.80022430 180.06048584 529.57366943 255 64 64
100.79506683 180.05564880 529.57250977 255 64 64
100.80011749 180.06193542 529.57330322 255 64 64
100.79466248 180.05650330 529.57214355 255 64 64
105.91078949 210.39372253 516.75189209 255 64 64
105.90742493 210.38928223 516.75006104 255 64 64
105.91182709 210.38945007 516.75225830 255 64 64
105.90880585 210.38403320 516.75042725 255 64 64
109.95682526 215.01708984 492.61270142 255 64 64
109.95536041 215.01348877 492.60330200 255 64 64
109.96118164 215.01596069 492.61126709 255 64 64
109.95885468 215.00872803 492.60504150 255 64 64
156.58186340 175.88781738 531.58996582 255 64 64
156.57783508 175.88598633 531.59008789 255 64 64
156.58122253 175.88775635 531.59826660 255 64 64
156.58010864 175.88685608 531.59649658 255 64 64
163.16963196 228.09495544 527.52758789 255 64 64
163.16134644 228.09385681 527.52563477 255 64 64
163.16873169 228.08999634 527.52868652 255 64 64
163.16294861 228.08854675 527.52569580 255 64 64
130.26736450 130.18496704 499.99981689 255 64 64
130.25781250 130.18345642 499.99813843 255 64 64
130.26797485 130.18801880 500.00177002 255 64 64
130.25692749 130.18255615 499.99755859 255 64 64
152.12835693 138.88223267 515.84582520 255 64 64
152.12145996 138.87936401 515.84918213 255 64 64
152.13403320 138.88287354 515.86199951 255 64 64
152.12890625 138.87756348 515.85980225 255 64 64
117.15936279 169.64573669 552.92602539 255 64 64
117.14991760 169.64233398 552.92822266 255 64 64
117.16400146 169.64399719 552.92211914 255 64 64
117.15549469 169.64198303 552.92163086 255 64 64
110.15452576 224.64688110 522.63421631 255 64 64
110.15169525 224.64291382 522.62634277 255 64 64
110.16051483 224.64260864 522.63146973 255 64 64
110.15831757 224.63803101 522.62634277 255 64 64
104.44273376 158.34346008 473.23526001 255 64 64
104.43585968 158.33796692 473.23156738 255 64 64
104.44856262 158.34744263 473.23318481 255 64 64
104.43898773 158.33706665 473.23403931 255 64 64
176.43952942 226.12005615 536.50384521 255 64 64
176.43290710 226.11651611 536.50207520 255 64 64
176.44728088 226.10926819 536.51123047 255 64 64
176.44415283 226.10722351 536.50885010 255 64 64
120.90219116 132.86322021 480.62289429 255 64 64
120.89070129 132.85943604 480.62207031 255 64 64
120.90385437 132.86856079 480.61987305 255 64 64
120.88900757 132.85951233 480.61737061 255 64 64
136.55307007 158.07102966 537.51037598 255 64 64
136.54794312 158.06381226 537.51495361 255 64 64
136.55619812 158.06930542 537.51672363 255 64 64
136.55250549 158.06283569 537.51904297 255 64 64
138.07809448 210.97404480 556.11242676 255 64 64
138.07084656 210.96987915 556.10821533 255 64 64
138.08056641 210.97201538 556.11169434 255 64 64
138.07420349 210.97172546 556.10638428 255 64 64
109.52124786 149.11462402 515.93225098 255 64 64
109.51302338 149.11032104 515.93090820 255 64 64
109.52542877 149.11798096 515.93170166 255 64 64
109.51522064 149.11145020 515.92993164 255 64 64
129.19845581 176.65960693 545.57373047 255 64 64
129.19100952 176.65379333 545.57385254 255 64 64
129.20223999 176.65740967 545.57885742 255 64 64
129.19688416 176.65373230 545.57690430 255 64 64
120.26818848 235.32015991 548.51708984 255 64 64
120.26567078 235.31484985 548.51251221 255 64 64
120.27503967 235.31802368 548.51989746 255 64 64
120.27552032 235.31607056 548.51593018 255 64 64
182.02444458 173.51226807 500.43515015 255 64 64
182.02403259 173.50883484 500.43786621 255 64 64
182.02609253 173.51455688 500.44094849 255 64 64
182.03123474 173.50978088 500.43975830 255 64 64
125.12112427 220.87251282 567.18798828 255 64 64
125.11399078 220.86625671 567.18542480 255 64 64
125.12605286 220.86685181 567.18920898 255 64 64
125.12144470 220.86529541 567.18572998 255 64 64
106.29188538 209.13912964 549.48846436 255 64 64
106.28696442 209.13406372 549.48492432 255 64 64
106.29438782 209.13964844 549.48724365 255 64 64
106.29186249 209.13642883 549.48278809 255 64 64
154.46493530 188.76345825 539.02557373 255 64 64
154.45555115 188.76202393 539.02264404 255 64 64
154.46121216 188.76112366 539.02734375 255 64 64
154.45521545 188.76226807 539.02178955 255 64 64
104.64750671 203.47839355 504.77655029 255 64 64
104.64399719 203.47314453 504.77169800 255 64 64
104.64752197 203.47706604 504.77734375 255 64 64
104.64289093 203.47053528 504.77441406 255 64 64
151.79583740 161.43031311 528.60437012 255 64 64
151.79151917 161.42500305 528.60900879 255 64 64
151.79663086 161.42864990 528.61694336 255 64 64
151.79495239 161.42425537 528.61694336 255 64 64
121.47494507 137.20254517 513.46740723 255 64 64
121.46499634 137.20095825 513.46655273 255 64 64
121.48013306 137.20350647 513.46905518 255 64 64
121.46920776 137.19854736 513.46545410 255 64 64
113.07015228 186.02351379 559.90447998 255 64 64
113.06439209 186.01930237 559.90625000 255 64 64
113.07461548 186.02143860 559.90246582 255 64 64
113.07063293 186.02030945 559.90136719 255 64 64
128.70451355 144.18635559 534.57305908 255 64 64
128.69393921 144.18261719 534.57470703 255 64 64
128.70280457 144.18261719 534.57739258 255 64 64
128.69281006 144.17825317 534.57525635 255 64 64
148.02087402 234.54275513 564.12030029 255 64 64
148.01319885 234.53656006 564.11798096 255 64 64
148.03160095 234.53335571 564.11730957 255 64 64
148.02563477 234.53205872 564.11486816 255 64 64
149.02987671 123.34740448 487.92697144 255 64 64
149.01837158 123.34920502 487.92831421 255 64 64
149.02941895 123.35385132 487.92953491 255 64 64
149.01965332 123.34933472 487.92620850 255 64 64
112.51275635 222.70190430 539.02362061 255 64 64
112.50785828 222.69766235 539.02008057 255 64 64
112.51773834 222.70059204 539.02349854 255 64 64
112.51443481 222.69786072 539.02105713 255 64 64
168.78198242 178.04876709 521.85888672 255 64 64
168.77697754 178.04833984 521.85784912 255 64 64
168.78012085 178.04809570 521.86407471 255 64 64
168.78115845 178.04719543 521.86047363 255 64 64
163.94970703 129.49407959 496.53750610 255 64 64
163.94259644 129.49278259 496.53970337 255 64 64
163.95304871 129.49771118 496.54617310 255 64 64
163.94757080 129.49133301 496.54290771 255 64 64
181.72918701 192.80250549 520.07629395 255 64 64
181.72213745 192.80224609 520.07641602 255 64 64
181.73469543 192.79817200 520.08197021 255 64 64
181.73336792 192.79708862 520.07891846 255 64 64
101.00736237 197.12844849 527.23223877 255 64 64
101.00569153 197.12278748 527.23028564 255 64 64
101.01294708 197.12872314 527.22857666 255 64 64
101.01152039 197.12205505 527.22644043 255 64 64
113.33275604 141.19104004 489.02304077 255 64 64
113.32115173 141.18731689 489.02233887 255 64 64
113.33686066 141.19036865 489.02139282 255 64 64
113.32226562 141.18106079 489.02011108 255 64 64
140.82157898 185.09234619 542.85845947 255 64 64
140.81076050 185.09066772 542.85681152 255 64 64
140.81408691 185.09509277 542.85931396 255 64 64
140.80789185 185.09593201 542.85546875 255 64 64
103.75874329 187.61807251 485.88192749 255 64 64
103.75645447 187.61262512 485.87719727 255 64 64
103.75849915 187.61885071 485.88455200 255 64 64
103.75437927 187.60919189 485.88247681 255 64 64
112.38272858 215.88586426 562.94165039 255 64 64
112.37844086 215.88014221 562.94006348 255 64 64
112.38605499 215.87976074 562.94073486 255 64 64
112.38570404 215.87648010 562.93835449 255 64 64
173.61183167 201.76902771 533.22222900 255 64 64
173.60156250 201.76770020 533.22167969 255 64 64
173.60694885 201.76443481 533.22479248 255 64 64
173.60316467 201.76493835 533.22155762 255 64 64
122.53420258 232.12480164 562.06524658 255 64 64
122.52917480 232.11772156 562.06152344 255 64 64
122.54148865 232.11708069 562.06561279 255 64 64
122.53923798 232.11453247 562.06231689 255 64 64
100.02166748 176.11576843 512.40167236 255 64 64
100.01669312 176.11039734 512.40069580 255 64 64
100.02526093 176.11808777 512.40246582 255 64 64
100.01859283 176.10942078 512.40069580 255 64 64
158.50302124 217.63795471 551.22137451 255 64 64
158.49162292 217.63494873 551.21508789 255 64 64
158.49920654 217.63548279 551.21716309 255 64 64
158.49150085 217.63661194 551.21026611 255 64 64
157.90942383 149.97395325 517.12384033 255 64 64
157.90548706 149.96972656 517.13031006 255 64 64
157.91252136 149.97195435 517.13732910 255 64 64
157.91175842 149.96621704 517.13812256 255 64 64
105.62981415 153.10630798 504.81625366 255 64 64
105.62110901 153.10037231 504.81695557 255 64 64
105.63261414 153.10617065 504.81570435 255 64 64
105.62196350 153.09657288 504.81518555 255 64 64
192.41450500 194.30093384 503.68255615 255 64 64
192.42134094 194.29708862 503.68603516 255 64 64
192.41972351 194.30314636 503.68130493 255 64 64
192.42822266 194.29750061 503.68075562 255 64 64
101.86720276 195.10432434 539.35992432 255 64 64
101.86721039 195.09907532 539.35620117 255 64 64
101.87009430 195.10968018 539.35595703 255 64 64
101.87078857 195.10424805 539.35247803 255 64 64
180.77188110 213.64038086 508.86270142 255 64 64
180.76554871 213.63871765 508.85699463 255 64 64
180.76762390 213.64317322 508.85974121 255 64 64
180.76744080 213.64080811 508.85168457 255 64 64
170.53128052 214.52888489 522.59887695 255 64 64
170.52276611 214.52714539 522.59576416 255 64 64
170.53402710 214.52601624 522.59881592 255 64 64
170.52839661 214.52374268 522.59515381 255 64 64
171.73825073 169.07846069 514.43127441 255 64 64
171.73562622 169.07637024 514.43469238 255 64 64
171.73945618 169.08023071 514.44226074 255 64 64
171.74264526 169.07611084 514.44250488 255 64 64
104.79921722 197.42823792 494.22879028 255 64 64
104.79738617 197.42405701 494.22366333 255 64 64
104.80307007 197.42680359 494.22985840 255 64 64
104.79998016 197.41894531 494.22714233 255 64 64
106.27846527 153.42915344 485.09057617 255 64 64
106.27010345 153.42352295 485.08923340 255 64 64
106.28466034 153.43026733 485.09182739 255 64 64
106.27375031 153.41926575 485.09347534 255 64 64
111.17810059 162.22171021 546.04180908 255 64 64
111.17278290 162.21659851 546.04223633 255 64 64
111.18163300 162.21911621 546.03448486 255 64 64
111.17637634 162.21481323 546.03295898 255 64 64
100.29261017 173.23153687 493.92669678 255 64 64
100.28610992 173.22665405 493.92523193 255 64 64
100.29682159 173.23663330 493.92391968 255 64 64
100.28823090 173.22769165 493.92337036 255 64 64
189.67063904 207.99188232 527.59478760 255 64 64
189.67083740 207.98977661 527.59570312 255 64 64
189.67744446 207.98704529 527.59002686 255 64 64
189.67971802 207.98487854 527.58874512 255 64 64
121.49626160 132.98403931 492.81161499 255 64 64
121.48406982 132.98083496 492.81176758 255 64 64
121.49993896 132.98474121 492.81082153 255 64 64
121.48501587 132.97692871 492.80819702 255 64 64
181.40565491 220.35762024 527.44696045 255 64 64
181.39906311 220.35707092 527.44573975 255 64 64
181.40940857 220.35580444 527.44378662 255 64 64
181.40563965 220.35549927 527.44110107 255 64 64
107.49575043 216.20019531 505.66302490 255 64 64
107.49378967 216.19540405 505.65466309 255 64 64
107.49945831 216.19906616 505.66400146 255 64 64
107.49633026 216.19140625 505.65838623 255 64 64
106.27880096 157.01538086 523.49841309 255 64 64
106.27225494 157.01063538 523.49694824 255 64 64
106.28356934 157.01725769 523.50280762 255 64 64
106.27525330 157.01074219 523.49938965 255 64 64
173.14462280 149.26226807 494.81213379 255 64 64
173.14317322 149.25634766 494.81948853 255 64 64
173.14372253 149.26010132 494.81872559 255 64 64
173.14755249 149.25277710 494.82125854 255 64 64
135.44490051 196.39703369 550.79339600 255 64 64
135.43281555 196.39317322 550.79022217 255 64 64
135.44305420 196.39288330 550.79669189 255 64 64
135.43408203 196.39183044 550.79254150 255 64 64
111.01586914 153.66867065 533.49688721 255 64 64
111.00771332 153.66519165 533.49499512 255 64 64
111.01754761 153.66787720 533.49414062 255 64 64
111.00899506 153.66290283 533.49035645 255 64 64
139.51129150 137.93264771 525.79443359 255 64 64
139.50103760 137.92825317 525.79663086 255 64 64
139.50872803 137.92828369 525.80053711 255 64 64
139.49908447 137.92309570 525.79876709 255 64 64
166.29711914 154.51664734 509.68203735 255 64 64
166.29228210 154.51248169 509.68847656 255 64 64
166.29440308 154.51837158 509.69158936 255 64 64
166.29457092 154.51307678 509.69342041 255 64 64
164.96153259 223.99183655 517.52062988 255 64 64
164.95460510 223.98915100 517.51531982 255 64 64
164.96424866 223.98820496 517.51776123 255 64 64
164.95965576 223.98574829 517.51281738 255 64 64
101.34567261 170.67622375 521.43475342 255 64 64
101.33972931 170.66923523 521.43029785 255 64 64
101.34996796 170.68006897 521.43511963 255 64 64
101.34317780 170.67221069 521.43078613 255 64 64
103.39937592 172.99169922 539.58837891 255 64 64
103.39546204 172.98744202 539.58355713 255 64 64
103.40655518 172.99154663 539.58862305 255 64 64
103.40252686 172.98680115 539.58386230 255 64 64
147.47991943 205.54154968 550.96691895 255 64 64
147.47138977 205.53936768 550.96490479 255 64 64
147.47463989 205.53817749 550.96508789 255 64 64
147.46897888 205.53948975 550.96270752 255 64 64
170.92657471 217.51129150 545.34729004 255 64 64
170.92218018 217.50874329 545.34619141 255 64 64
170.93356323 217.50177002 545.34619141 255 64 64
170.93167114 217.50102234 545.34503174 255 64 64
107.83989716 149.04479980 493.93566895 255 64 64
107.83058929 149.04057312 493.93469238 255 64 64
107.84456635 149.04866028 493.93481445 255 64 64
107.83309937 149.03981018 493.93295288 255 64 64
128.31793213 138.09033203 526.75292969 255 64 64
128.30764771 138.08758545 526.75366211 255 64 64
128.31777954 138.08810425 526.75866699 255 64 64
128.30688477 138.08329773 526.75640869 255 64 64
127.74897003 166.97604370 545.69195557 255 64 64
127.73979187 166.97117615 545.69299316 255 64 64
127.75094604 166.97499084 545.69433594 255 64 64
127.74354553 166.97048950 545.69281006 255 64 64
140.10969543 222.28407288 562.19860840 255 64 64
140.09869385 222.28096008 562.19549561 255 64 64
140.11346436 222.27886963 562.19714355 255 64 64
140.10534668 222.28021240 562.19372559 255 64 64
166.56004333 211.54287720 514.40136719 255 64 64
166.55137634 211.54197693 514.39605713 255 64 64
166.55714417 211.54788208 514.39843750 255 64 64
166.55162048 211.54713440 514.39294434 255 64 64
183.05494690 158.33251953 486.21289062 255 64 64
183.06021118 158.32917786 486.21389771 255 64 64
183.05458069 158.33630371 486.21875000 255 64 64
183.06269836 158.32907104 486.21508789 255 64 64
121.28075409 148.88681030 538.11663818 255 64 64
121.27195740 148.88264465 538.11676025 255 64 64
121.28364563 148.88043213 538.11779785 255 64 64
121.27412415 148.87657166 538.11523438 255 64 64
103.94261932 186.97779846 554.36877441 255 64 64
103.93741608 186.97158813 554.36688232 255 64 64
103.94275665 186.97354126 554.36987305 255 64 64
103.93902588 186.96820068 554.36682129 255 64 64
137.23143005 127.78167725 494.15582275 255 64 64
137.22108459 127.78221893 494.15527344 255 64 64
137.23782349 127.78706360 494.16366577 255 64 64
137.22674561 127.78237152 494.15957642 255 64 64
153.99761963 230.04246521 528.22869873 255 64 64
153.99226379 230.04000854 528.22192383 255 64 64
154.00128174 230.03675842 528.22772217 255 64 64
153.99787903 230.03347778 528.22259521 255 64 64
159.32701111 227.39208984 553.51257324 255 64 64
159.31948853 227.38613892 553.50946045 255 64 64
159.32957458 227.38520813 553.51281738 255 64 64
159.32348633 227.38340759 553.50872803 255 64 64
168.23353577 137.81799316 495.88473511 255 64 64
168.22865295 137.81439209 495.89266968 255 64 64
168.23376465 137.81311035 495.89877319 255 64 64
168.23132324 137.80654907 495.89962769 255 64 64
131.28430176 185.64736938 547.13476562 255 64 64
131.27491760 185.64367676 547.13232422 255 64 64
131.28195190 185.64628601 547.14154053 255 64 64
131.27597046 185.64289856 547.13665771 255 64 64
173.06156921 186.26222229 522.59851074 255 64 64
173.05815125 186.26167297 522.59576416 255 64 64
173.06196594 186.26417542 522.59857178 255 64 64
173.06420898 186.26463318 522.59356689 255 64 64
186.75337219 185.61779785 504.24197388 255 64 64
186.74954224 185.61793518 504.24105835 255 64 64
186.75665283 185.62303162 504.24584961 255 64 64
186.75941467 185.62240601 504.24108887 255 64 64
142.63200378 124.73355103 478.02911377 255 64 64
142.62837219 124.73264313 478.02670288 255 64 64
142.63241577 124.73824310 478.02691650 255 64 64
142.62760925 124.73014832 478.02243042 255 64 64
118.33052063 180.52952576 554.91088867 255 64 64
118.32215881 180.52355957 554.91308594 255 64 64
118.33940887 180.52536011 554.91351318 255 64 64
118.33198547 180.52084351 554.91394043 255 64 64
156.40921021 131.39686584 506.74661255 255 64 64
156.40014648 131.39315796 506.75311279 255 64 64
156.41389465 131.39337158 506.75933838 255 64 64
156.40800476 131.38607788 506.76052856 255 64 64
101.98374176 163.95463562 484.66378784 255 64 64
101.97565460 163.94915771 484.66262817 255 64 64
101.98751831 163.95991516 484.66378784 255 64 64
101.97622681 163.95018005 484.66452026 255 64 64
150.11112976 145.07131958 522.15203857 255 64 64
150.10485840 145.06640625 522.15710449 255 64 64
150.11102295 145.07202148 522.16912842 255 64 64
150.10705566 145.06588745 522.17034912 255 64 64
129.78207397 131.53070068 508.87194824 255 64 64
129.77032471 131.53088379 508.87084961 255 64 64
129.78199768 131.53323364 508.87246704 255 64 64
129.77047729 131.52801514 508.86752319 255 64 64
113.25630188 230.17993164 529.30712891 255 64 64
113.25358582 230.17628479 529.29791260 255 64 64
113.26258850 230.17919922 529.30523682 255 64 64
113.26194763 230.17454529 529.29650879 255 64 64
182.83940125 214.04205322 517.53594971 255 64 64
182.83308411 214.04182434 517.53393555 255 64 64
182.84170532 214.04035950 517.53509521 255 64 64
182.83905029 214.03883362 517.53155518 255 64 64
150.16204834 213.49891663 553.58990479 255 64 64
150.15095520 213.49649048 553.58416748 255 64 64
150.15998840 213.49684143 553.58776855 255 64 64
150.15101624 213.49899292 553.58221436 255 64 64
150.16078186 179.71784973 536.15216064 255 64 64
150.15589905 179.71635437 536.14892578 255 64 64
150.15426636 179.71771240 536.15270996 255 64 64
150.15203857 179.71754456 536.14813232 255 64 64
102.40686035 198.99586487 515.08093262 255 64 64
102.40325165 198.99008179 515.07403564 255 64 64
102.40785980 198.99598694 515.08209229 255 64 64
102.40524292 198.98709106 515.07800293 255 64 64
116.60897064 193.95172119 560.90301514 255 64 64
116.60255432 193.94682312 560.90185547 255 64 64
116.61071014 193.94538879 560.90478516 255 64 64
116.60617828 193.94393921 560.90203857 255 64 64
111.16988373 226.63331604 513.85980225 255 64 64
111.16704559 226.63009644 513.84863281 255 64 64
111.17665863 226.63525391 513.85620117 255 64 64
111.17443085 226.62965393 513.84771729 255 64 64
107.39097595 213.62428284 528.18548584 255 64 64
107.38596344 213.62010193 528.18054199 255 64 64
107.39219666 213.62062073 528.18676758 255 64 64
107.38874054 213.61636353 528.18292236 255 64 64
158.80345154 197.39329529 541.44323730 255 64 64
158.79716492 197.39103699 541.44097900 255 64 64
158.80636597 197.38877869 541.44042969 255 64 64
158.80245972 197.39010620 541.43804932 255 64 64
103.74648285 167.92283630 472.88140869 255 64 64
103.74190521 167.91795349 472.87802124 255 64 64
103.74987030 167.92924500 472.87377930 255 64 64
103.74179840 167.91806030 472.87335205 255 64 64
180.95571899 203.00598145 529.08081055 255 64 64
180.94876099 203.00640869 529.08184814 255 64 64
180.95397949 203.00003052 529.08599854 255 64 64
180.95252991 203.00088501 529.08532715 255 64 64
178.00529480 158.68391418 495.20144653 255 64 64
178.00064087 158.68083191 495.20721436 255 64 64
178.00386047 158.68278503 495.20861816 255 64 64
178.00651550 158.67756653 495.20910645 255 64 64
108.20154572 191.13679504 564.53765869 255 64 64
108.19532776 191.12977600 564.53930664 255 64 64
108.20674896 191.13710022 564.52947998 255 64 64
108.20317078 191.13403320 564.52905273 255 64 64
170.45954895 161.79875183 509.95312500 255 64 64
170.45964050 161.79460144 509.95794678 255 64 64
170.46385193 161.79960632 509.96453857 255 64 64
170.46855164 161.79345703 509.96554565 255 64 64
170.19947815 131.03311157 491.15991211 255 64 64
170.19418335 131.03088379 491.16342163 255 64 64
170.20695496 131.03349304 491.16546631 255 64 64
170.20228577 131.02639771 491.16229248 255 64 64
132.58682251 214.71966553 561.15997314 255 64 64
132.57705688 214.71359253 561.15893555 255 64 64
132.58737183 214.71772766 561.15875244 255 64 64
132.58047485 214.71707153 561.15557861 255 64 64
143.84869385 158.50692749 533.50842285 255 64 64
143.84214783 158.50180054 533.51190186 255 64 64
143.84771729 158.50527954 533.51702881 255 64 64
143.84420776 158.50135803 533.51806641 255 64 64
149.12069702 168.06082153 532.83117676 255 64 64
149.11332703 168.05789185 532.83233643 255 64 64
149.11703491 168.05966187 532.83831787 255 64 64
149.11250305 168.05786133 532.83630371 255 64 64
114.71626282 141.89135742 512.37310791 255 64 64
114.70667267 141.88760376 512.37304688 255 64 64
114.71688843 141.89309692 512.37109375 255 64 64
114.70578766 141.88613892 512.36907959 255 64 64
154.92594910 207.67202759 548.12890625 255 64 64
154.91581726 207.67105103 548.12579346 255 64 64
154.92395020 207.66987610 548.12756348 255 64 64
154.91632080 207.67247009 548.12310791 255 64 64
108.80111694 206.88757324 493.02374268 255 64 64
108.80020142 206.88420105 493.01800537 255 64 64
108.80153656 206.88639832 493.02441406 255 64 64
108.79787445 206.87969971 493.02148438 255 64 64
142.54951477 125.94460297 501.36553955 255 64 64
142.54112244 125.94074249 501.36596680 255 64 64
142.55418396 125.94073486 501.36978149 255 64 64
142.54492188 125.93358612 501.36560059 255 64 64
109.13258362 208.64520264 564.78167725 255 64 64
109.12834167 208.63912964 564.78039551 255 64 64
109.13542175 208.64186096 564.77893066 255 64 64
109.13339996 208.63868713 564.77764893 255 64 64
116.68841553 228.26147461 546.81634521 255 64 64
116.68417358 228.25427246 546.81152344 255 64 64
116.69439697 228.25709534 546.81805420 255 64 64
116.69286346 228.25297546 546.81402588 255 64 64
143.24195862 129.82267761 513.98950195 255 64 64
143.23167419 129.81964111 513.98846436 255 64 64
143.24040222 129.82302856 513.99401855 255 64 64
143.23043823 129.81752014 513.98754883 255 64 64
162.51147461 215.76702881 519.95550537 255 64 64
162.49938965 215.76654053 519.95068359 255 64 64
162.51002502 215.76794434 519.95300293 255 64 64
162.50225830 215.76766968 519.94683838 255 64 64
100.26248169 181.55249023 521.69134521 255 64 64
100.25920105 181.54739380 521.68768311 255 64 64
100.26194763 181.55592346 521.69042969 255 64 64
100.25812531 181.54879761 521.68780518 255 64 64
103.94013214 205.07656860 542.96826172 255 64 64
103.93730164 205.07118225 542.96496582 255 64 64
103.94404602 205.08053589 542.96746826 255 64 64
103.94294739 205.07600403 542.96331787 255 64 64
112.85409546 156.15914917 541.08532715 255 64 64
112.84694672 156.15548706 541.08264160 255 64 64
112.85725403 156.15689087 541.08319092 255 64 64
112.85077667 156.15316772 541.08007812 255 64 64
116.02275848 212.17031860 569.00476074 255 64 64
116.01711273 212.16381836 569.00506592 255 64 64
116.02681732 212.16038513 569.00299072 255 64 64
116.02365112 212.15840149 569.00177002 255 64 64
108.43360901 179.93798828 557.78070068 255 64 64
108.42741394 179.93344116 557.78051758 255 64 64
108.44017792 179.93750000 557.77496338 255 64 64
108.43466187 179.93547058 557.77313232 255 64 64
104.96307373 190.78428650 478.77294922 255 64 64
104.96353912 190.77999878 478.76547241 255 64 64
104.96413422 190.78877258 478.76953125 255 64 64
104.96103668 190.78039551 478.76568604 255 64 64
168.77606201 150.74673462 501.17782593 255 64 64
168.77488708 150.74099731 501.18496704 255 64 64
168.77751160 150.74674988 501.18618774 255 64 64
168.78094482 150.74053955 501.18920898 255 64 64
105.68338776 201.15882874 563.45770264 255 64 64
105.68019104 201.15174866 563.45648193 255 64 64
105.68859100 201.15788269 563.45404053 255 64 64
105.68720245 201.15513611 563.45184326 255 64 64
178.89018250 151.81263733 490.10760498 255 64 64
178.89083862 151.80801392 490.11221313 255 64 64
178.88760376 151.81240845 490.11706543 255 64 64
178.89245605 151.80522156 490.11737061 255 64 64
109.02095795 213.22607422 555.60363770 255 64 64
109.01789093 213.22023010 555.59747314 255 64 64
109.02348328 213.22412109 555.60327148 255 64 64
109.02256775 213.22123718 555.59875488 255 64 64
118.57248688 229.21826172 554.77758789 255 64 64
118.56931305 229.21351624 554.77258301 255 64 64
118.57545471 229.21604919 554.77612305 255 64 64
118.57495880 229.21437073 554.77142334 255 64 64
154.37266541 155.81335449 523.83843994 255 64 64
154.36788940 155.80850220 523.84411621 255 64 64
154.37542725 155.81134033 523.84973145 255 64 64
154.37374878 155.80609131 523.85058594 255 64 64
152.20870972 123.39167786 495.34893799 255 64 64
152.20162964 123.39053345 495.35119629 255 64 64
152.20982361 123.39019775 495.35568237 255 64 64
152.20349121 123.38282776 495.35293579 255 64 64
135.44384766 165.32043457 540.09094238 255 64 64
135.43539429 165.31668091 540.09362793 255 64 64
135.44390869 165.31758118 540.09924316 255 64 64
135.43682861 165.31483459 540.09881592 255 64 64
99.78358459 174.27783203 501.60363770 255 64 64
99.77944946 174.27340698 501.59963989 255 64 64
99.78855896 174.28314209 501.60333252 255 64 64
99.78269196 174.27453613 501.60058594 255 64 64
113.63303375 231.88661194 521.75512695 255 64 64
113.63092041 231.88322449 521.74676514 255 64 64
113.64137268 231.88636780 521.75598145 255 64 64
113.64067078 231.88246155 521.74865723 255 64 64
129.22505188 197.80564880 555.07263184 255 64 64
129.21548462 197.80149841 555.07043457 255 64 64
129.22100830 197.80268860 555.07214355 255 64 64
129.21517944 197.80046082 555.06860352 255 64 64
163.62350464 213.49000549 547.28546143 255 64 64
163.61331177 213.48945618 547.28198242 255 64 64
163.62023926 213.48728943 547.28051758 255 64 64
163.61439514 213.48989868 547.27593994 255 64 64
100.06491852 190.65951538 522.71337891 255 64 64
100.06094360 190.65380859 522.70874023 255 64 64
100.06884766 190.66464233 522.70849609 255 64 64
100.06459045 190.65782166 522.70489502 255 64 64
181.76928711 165.18942261 492.36477661 255 64 64
181.77365112 165.18475342 492.36730957 255 64 64
181.76997375 165.19328308 492.37609863 255 64 64
181.77969360 165.18705750 492.37438965 255 64 64
106.42570496 169.64614868 545.70111084 255 64 64
106.41851044 169.64100647 545.69848633 255 64 64
106.42712402 169.64453125 545.70428467 255 64 64
106.42057037 169.63906860 545.70013428 255 64 64
108.64327240 214.57655334 544.78082275 255 64 64
108.63890839 214.57109070 544.77587891 255 64 64
108.65020752 214.57644653 544.78277588 255 64 64
108.64727783 214.57325745 544.77807617 255 64 64
156.64210510 183.07238770 534.17871094 255 64 64
156.63546753 183.07147217 534.17541504 255 64 64
156.63954163 183.07385254 534.18121338 255 64 64
156.63566589 183.07435608 534.17657471 255 64 64
147.91494751 154.99156189 528.25067139 255 64 64
147.90911865 154.98577881 528.25775146 255 64 64
147.91561890 154.98835754 528.26220703 255 64 64
147.91329956 154.98211670 528.26538086 255 64 64
134.32139587 225.85269165 566.25762939 255 64 64
134.31169128 225.84759521 566.25634766 255 64 64
134.32226562 225.84819031 566.25323486 255 64 64
134.31604004 225.84913635 566.25146484 255 64 64
117.28383636 221.12823486 565.13592529 255 64 64
117.28153992 221.11968994 565.13470459 255 64 64
117.28894043 221.11958313 565.13775635 255 64 64
117.28801727 221.11476135 565.13677979 255 64 64
169.94963074 218.11332703 512.66430664 255 64 64
169.94148254 218.11013794 512.65948486 255 64 64
169.94522095 218.11590576 512.66210938 255 64 64
169.94378662 218.11161804 512.65625000 255 64 64
101.56781769 184.59492493 535.47631836 255 64 64
101.56526947 184.58871460 535.47442627 255 64 64
101.56930542 184.59405518 535.47827148 255 64 64
101.56635284 184.58763123 535.47656250 255 64 64
173.05957031 138.57209778 490.24389648 255 64 64
173.05543518 138.56890869 490.24716187 255 64 64
173.05894470 138.57113647 490.25006104 255 64 64
173.05740356 138.56466675 490.24798584 255 64 64
149.89756775 129.61659241 509.91564941 255 64 64
149.88987732 129.61257935 509.91592407 255 64 64
149.89883423 129.61373901 509.92373657 255 64 64
149.89015198 129.60705566 509.91952515 255 64 64
177.50588989 164.21527100 500.16680908 255 64 64
177.50372314 164.21086121 500.17160034 255 64 64
177.50439453 164.21667480 500.17599487 255 64 64
177.50830078 164.21141052 500.17687988 255 64 64
103.84455872 182.92619324 480.09667969 255 64 64
103.84209442 182.92163086 480.09222412 255 64 64
103.84579468 182.93206787 480.09478760 255 64 64
103.84152985 182.92146301 480.09259033 255 64 64
127.07788086 129.18925476 489.68368530 255 64 64
127.06809235 129.18762207 489.68475342 255 64 64
127.07784271 129.18911743 489.68292236 255 64 64
127.06523132 129.18316650 489.68075562 255 64 64
103.44641113 194.79435730 501.05160522 255 64 64
103.44441986 194.78956604 501.04864502 255 64 64
103.44786835 194.79536438 501.05059814 255 64 64
103.44473267 194.78665161 501.04977417 255 64 64
133.54429626 151.28796387 537.02532959 255 64 64
133.53335571 151.28318787 537.02954102 255 64 64
133.54579163 151.28533936 537.03192139 255 64 64
133.53663635 151.28137207 537.03118896 255 64 64
142.62710571 134.06350708 520.00781250 255 64 64
142.61819458 134.06092834 520.00579834 255 64 64
142.62799072 134.06503296 520.01245117 255 64 64
142.62043762 134.06022644 520.00610352 255 64 64
159.61413574 168.06181335 525.32672119 255 64 64
159.60906982 168.05882263 525.33038330 255 64 64
159.61082458 168.06364441 525.33483887 255 64 64
159.61050415 168.06004333 525.33453369 255 64 64
119.73001099 135.43609619 501.38919067 255 64 64
119.72067261 135.43325806 501.38867188 255 64 64
119.73204041 135.43774414 501.38830566 255 64 64
119.72044373 135.43093872 501.38604736 255 64 64
148.22346497 188.12008667 542.75671387 255 64 64
148.21441650 188.11900330 542.75622559 255 64 64
148.22042847 188.11856079 542.75805664 255 64 64
148.21481323 188.11938477 542.75531006 255 64 64
100.86263275 187.51475525 508.38824463 255 64 64
100.85868073 187.51028442 508.38598633 255 64 64
100.86457825 187.51713562 508.38638306 255 64 64
100.86009979 187.50959778 508.38442993 255 64 64
158.64262390 123.46030426 491.01257324 255 64 64
158.63572693 123.45912933 491.01278687 255 64 64
158.64352417 123.45829010 491.01806641 255 64 64
158.63761902 123.45183563 491.01361084 255 64 64
110.26171112 171.89598083 553.64044189 255 64 64
110.25298309 171.89210510 553.64086914 255 64 64
110.26898193 171.89266968 553.63604736 255 64 64
110.26085663 171.88972473 553.63433838 255 64 64
163.75183105 192.96453857 534.82183838 255 64 64
163.74339294 192.96359253 534.82043457 255 64 64
163.75354004 192.96192932 534.82141113 255 64 64
163.74882507 192.96252441 534.81805420 255 64 64
134.12446594 141.43719482 530.59387207 255 64 64
134.11441040 141.43423462 530.59387207 255 64 64
134.12423706 141.43017578 530.60211182 255 64 64
134.11543274 141.42636108 530.59820557 255 64 64
101.83290100 164.22094727 500.17031860 255 64 64
101.82645416 164.21499634 500.16900635 255 64 64
101.83629608 164.22363281 500.16723633 255 64 64
101.82783508 164.21435547 500.16720581 255 64 64
105.81180573 155.24404907 515.00939941 255 64 64
105.80494690 155.23931885 515.00964355 255 64 64
105.81469727 155.24757385 515.00585938 255 64 64
105.80536652 155.24032593 515.00463867 255 64 64
107.76854706 218.13618469 520.64849854 255 64 64
107.76539612 218.13194275 520.64160156 255 64 64
107.77039337 218.13703918 520.64843750 255 64 64
107.76798248 218.13116455 520.64343262 255 64 64
100.99590302 191.68878174 531.92413330 255 64 64
100.99465942 191.68301392 531.91912842 255 64 64
100.99843597 191.68955994 531.92443848 255 64 64
100.99807739 191.68208313 531.92041016 255 64 64
116.83107758 233.74838257 540.16448975 255 64 64
116.82946014 233.74174500 540.15930176 255 64 64
116.83858490 233.74401855 540.16723633 255 64 64
116.83806610 233.74011230 540.16314697 255 64 64
158.85409546 143.58683777 509.38711548 255 64 64
158.85208130 143.58148193 509.39297485 255 64 64
158.85220337 143.58413696 509.40142822 255 64 64
158.85296631 143.57809448 509.40325928 255 64 64
164.10267639 210.77940369 524.77764893 255 64 64
164.09490967 210.77926636 524.77459717 255 64 64
164.10267639 210.78135681 524.78039551 255 64 64
164.09811401 210.78092957 524.77618408 255 64 64
104.69622803 206.43211365 522.49926758 255 64 64
104.69226837 206.42695618 522.49218750 255 64 64
104.69881439 206.43388367 522.50073242 255 64 64
104.69612122 206.42773438 522.49462891 255 64 64
108.98392487 149.55545044 478.96643066 255 64 64
108.97569275 149.55151367 478.96731567 255 64 64
108.98757172 149.56167603 478.96310425 255 64 64
108.97638702 149.55117798 478.96508789 255 64 64
129.06564331 155.04449463 541.90234375 255 64 64
129.05395508 155.04188538 541.90362549 255 64 64
129.07032776 155.04077148 541.90844727 255 64 64
129.06004333 155.03814697 541.90637207 255 64 64
174.34338379 224.09960938 521.94940186 255 64 64
174.33627319 224.09817505 521.94354248 255 64 64
174.34907532 224.09736633 521.94915771 255 64 64
174.34429932 224.09530640 521.94451904 255 64 64
178.27996826 172.90570068 506.37631226 255 64 64
178.27827454 172.90167236 506.37921143 255 64 64
178.28041077 172.90327454 506.38412476 255 64 64
178.28370667 172.89846802 506.38369751 255 64 64
102.00768280 188.55685425 541.95568848 255 64 64
102.00616455 188.55145264 541.95404053 255 64 64
102.00936127 188.56105042 541.95263672 255 64 64
102.00879669 188.55686951 541.94989014 255 64 64
166.61354065 171.44482422 520.73455811 255 64 64
166.61009216 171.44195557 520.73785400 255 64 64
166.61430359 171.44540405 520.74072266 255 64 64
166.61654663 171.44137573 520.74133301 255 64 64
188.20234680 202.45367432 523.51348877 255 64 64
188.20228577 202.45143127 523.51568604 255 64 64
188.20962524 202.45338440 523.50939941 255 64 64
188.21173096 202.45166016 523.50885010 255 64 64
111.75379944 205.26699829 570.33642578 255 64 64
111.75028992 205.26184082 570.33935547 255 64 64
111.75917053 205.26119995 570.33038330 255 64 64
111.75769806 205.26138306 570.33172607 255 64 64
183.01083374 185.35865784 512.81433105 255 64 64
183.00881958 185.35746765 512.81658936 255 64 64
183.01338196 185.35778809 512.81799316 255 64 64
183.01571655 185.35647583 512.81658936 255 64 64
145.29879761 228.16572571 563.21752930 255 64 64
145.28865051 228.16229248 563.21655273 255 64 64
145.30500793 228.16278076 563.21411133 255 64 64
145.29711914 228.16482544 563.21160889 255 64 64
115.74942780 148.24479675 533.00543213 255 64 64
115.73915863 148.24121094 533.00433350 255 64 64
115.75154114 148.24209595 533.00372314 255 64 64
115.74142456 148.23698425 532.99987793 255 64 64
171.20329285 195.90901184 530.31091309 255 64 64
171.19674683 195.90853882 530.30865479 255 64 64
171.20300293 195.90455627 530.31018066 255 64 64
171.19981384 195.90559387 530.30670166 255 64 64
153.15533447 226.26759338 522.42510986 255 64 64
153.14857483 226.26475525 522.42041016 255 64 64
153.15704346 226.26396179 522.42663574 255 64 64
153.15274048 226.25993347 522.42224121 255 64 64
152.93292236 199.26651001 544.67706299 255 64 64
152.92286682 199.26644897 544.67352295 255 64 64
152.92613220 199.26335144 544.67724609 255 64 64
152.91868591 199.26597595 544.67218018 255 64 64
104.74137115 174.64837646 474.35568237 255 64 64
104.73768616 174.64381409 474.35021973 255 64 64
104.74275970 174.65327454 474.35125732 255 64 64
104.73693085 174.64245605 474.34915161 255 64 64
151.99395752 229.93502808 560.74346924 255 64 64
151.98448181 229.92825317 560.74151611 255 64 64
151.99707031 229.92897034 560.74041748 255 64 64
151.98971558 229.92849731 560.73767090 255 64 64
130.11686707 133.81631470 519.25299072 255 64 64
130.10809326 133.81350708 519.25097656 255 64 64
130.11654663 133.81559753 519.25476074 255 64 64
130.10736084 133.80984497 519.24908447 255 64 64
183.29061890 179.60922241 504.69158936 255 64 64
183.28897095 179.60823059 504.69213867 255 64 64
183.29367065 179.60919189 504.69778442 255 64 64
183.29739380 179.60646057 504.69430542 255 64 64
177.34748840 215.67671204 538.88275146 255 64 64
177.34149170 215.67480469 538.88037109 255 64 64
177.34996033 215.67179871 538.88507080 255 64 64
177.34681702 215.67105103 538.88189697 255 64 64
118.51680756 206.52784729 565.86712646 255 64 64
118.51243591 206.52246094 565.86590576 255 64 64
118.51461029 206.52244568 565.86755371 255 64 64
118.51175690 206.52285767 565.86572266 255 64 64
101.36019897 172.90924072 487.05822754 255 64 64
101.35469818 172.90496826 487.05587769 255 64 64
101.36127472 172.91287231 487.05578613 255 64 64
101.35396576 172.90396118 487.05593872 255 64 64
177.20108032 197.56747437 527.48638916 255 64 64
177.19442749 197.56729126 527.48602295 255 64 64
177.20138550 197.56491089 527.48663330 255 64 64
177.19894409 197.56460571 527.48352051 255 64 64
117.48345947 141.33493042 518.55511475 255 64 64
117.47509766 141.33116150 518.55401611 255 64 64
117.48577118 141.33874512 518.55712891 255 64 64
117.47505951 141.33232117 518.55371094 255 64 64
176.61560059 211.62910461 516.29595947 255 64 64
176.60688782 211.62802124 516.29315186 255 64 64
176.61651611 211.62980652 516.29376221 255 64 64
176.61172485 211.62867737 516.29028320 255 64 64
107.86718750 213.91615295 535.41015625 255 64 64
107.86592865 213.91061401 535.40533447 255 64 64
107.87282562 213.91435242 535.41149902 255 64 64
107.87292480 213.91040039 535.40716553 255 64 64
122.80635834 195.11691284 557.15710449 255 64 64
122.79725647 195.11160278 557.15472412 255 64 64
122.81121826 195.11431885 557.16058350 255 64 64
122.80469513 195.11206055 557.15643311 255 64 64
116.82620239 224.42237854 559.19775391 255 64 64
116.82275391 224.41566467 559.19555664 255 64 64
116.83035278 224.42037964 559.19580078 255 64 64
116.82905579 224.41799927 559.19433594 255 64 64
109.43550873 219.54447937 500.13522339 255 64 64
109.43423462 219.54031372 500.12692261 255 64 64
109.43981934 219.54896545 500.13311768 255 64 64
109.43833923 219.54142761 500.12704468 255 64 64
100.40538788 171.20877075 507.56250000 255 64 64
100.40083313 171.20266724 507.56060791 255 64 64
100.40689087 171.21456909 507.56005859 255 64 64
100.40081787 171.20469666 507.55972290 255 64 64
109.75396729 151.25785828 523.70745850 255 64 64
109.74613953 151.25369263 523.70721436 255 64 64
109.76029968 151.25889587 523.70495605 255 64 64
109.75131989 151.25183105 523.70263672 255 64 64
158.96052551 223.01741028 520.38006592 255 64 64
158.95040894 223.01475525 520.37542725 255 64 64
158.95843506 223.01480103 520.37939453 255 64 64
158.95069885 223.01316833 520.37445068 255 64 64
111.13809967 145.09538269 507.67657471 255 64 64
111.12794495 145.09143066 507.67507935 255 64 64
111.14081573 145.09963989 507.67401123 255 64 64
111.12954712 145.09138489 507.67196655 255 64 64
141.95108032 201.73873901 550.79901123 255 64 64
141.94256592 201.73625183 550.79504395 255 64 64
141.94842529 201.73495483 550.80200195 255 64 64
141.94256592 201.73594666 550.79718018 255 64 64
102.58058167 181.98249817 543.07818604 255 64 64
102.57882690 181.97712708 543.07562256 255 64 64
102.58422852 181.98690796 543.07482910 255 64 64
102.58227539 181.98178101 543.07110596 255 64 64
136.03125000 129.26506042 509.46038818 255 64 64
136.02148438 129.26116943 509.45928955 255 64 64
136.03211975 129.26113892 509.47024536 255 64 64
136.02169800 129.25415039 509.46572876 255 64 64
193.74725342 197.16186523 509.78707886 255 64 64
193.75148010 197.16079712 509.78887939 255 64 64
193.75471497 197.16003418 509.79025269 255 64 64
193.76268005 197.15783691 509.78979492 255 64 64
106.83344269 215.94985962 512.27221680 255 64 64
106.82932281 215.94491577 512.26751709 255 64 64
106.83766937 215.94879150 512.27227783 255 64 64
106.83414459 215.94311523 512.26867676 255 64 64
164.53535461 199.82945251 539.13421631 255 64 64
164.52973938 199.82901001 539.13104248 255 64 64
164.53938293 199.83203125 539.13073730 255 64 64
164.53578186 199.83323669 539.12646484 255 64 64
140.00767517 153.08644104 533.66522217 255 64 64
140.00161743 153.08006287 533.67028809 255 64 64
140.00848389 153.08212280 533.67102051 255 64 64
140.00326538 153.07626343 533.67315674 255 64 64
102.40764618 201.52334595 531.98168945 255 64 64
102.40577698 201.51766968 531.97509766 255 64 64
102.40950775 201.52415466 531.98101807 255 64 64
102.40875244 201.51780701 531.97668457 255 64 64
141.46218872 233.93661499 564.79522705 255 64 64
141.45687866 233.92779541 564.79455566 255 64 64
141.46813965 233.93070984 564.79217529 255 64 64
141.46392822 233.92811584 564.79022217 255 64 64
103.82907104 157.90206909 509.34085083 255 64 64
103.82291412 157.89593506 509.34078979 255 64 64
103.83542633 157.90679932 509.33657837 255 64 64
103.82669830 157.89727783 509.33526611 255 64 64
122.45420074 201.80062866 560.10375977 255 64 64
122.44659424 201.79405212 560.10150146 255 64 64
122.45304871 201.79769897 560.10675049 255 64 64
122.44744873 201.79550171 560.10314941 255 64 64
122.42453003 142.27853394 530.20117188 255 64 64
122.41429138 142.27700806 530.19952393 255 64 64
122.42564392 142.27825928 530.20373535 255 64 64
122.41491699 142.27404785 530.19915771 255 64 64
128.41394043 127.89994049 482.74731445 255 64 64
128.40206909 127.89698029 482.74667358 255 64 64
128.41851807 127.90019989 482.74862671 255 64 64
128.40447998 127.89210510 482.74581909 255 64 64
124.22640991 133.41444397 505.66674805 255 64 64
124.21722412 133.41207886 505.66537476 255 64 64
124.22682190 133.41757202 505.66671753 255 64 64
124.21630096 133.41162109 505.66345215 255 64 64
294.15719604 253.32620239 436.64260864 64 255 128
106.96796417 163.07357788 540.05694580 64 255 128
174.66500854 283.49301147 519.43395996 64 255 128
194.99990845 174.15260315 448.39517212 64 255 128
116.64400482 223.20300293 472.64297485 64 255 128
271.90164185 261.41799927 524.48114014 64 255 128
117.73513794 142.36827087 457.90557861 64 255 128
180.95285034 203.00292969 529.07684326 64 255 128
216.55743408 252.30661011 457.21627808 64 255 128
119.49900055 240.02499390 540.52697754 64 255 128
159.40229797 136.58549500 507.23397827 64 255 128
169.57508850 231.05966187 446.45474243 64 255 128
236.48965454 202.10087585 484.07290649 64 255 128
253.23435974 215.84609985 431.27227783 64 255 128
257.37374878 272.98291016 475.62545776 64 255 128
144.20655823 184.59790039 437.78765869 64 255 128
215.77767944 244.00202942 513.57226562 64 255 128
101.77166748 181.30424500 493.62649536 64 255 128
170.67031860 130.08528137 457.49319458 64 255 128
159.39299011 261.78900146 562.53802490 64 255 128
147.92298889 258.89099121 484.11499023 64 255 128
111.75900269 205.26300049 570.33300781 64 255 128
184.10775757 169.95217896 492.15124512 64 255 128
270.73324585 231.02432251 470.96060181 64 255 128
149.35498047 172.87287903 535.30255127 64 255 128
114.39915466 140.45903015 502.04174805 64 255 128
189.05856323 265.50845337 483.73367310 64 255 128
212.39524841 210.31030273 453.19842529 64 255 128
155.32849121 228.97377014 518.10614014 64 255 128
149.03338623 222.01031494 558.48956299 64 255 128
102.40799713 201.52400208 531.97302246 64 255 128
293.70886230 266.96298218 487.75054932 64 255 128
221.47230530 275.90658569 494.36889648 64 255 128
139.17500305 269.10598755 521.70800781 64 255 128
249.06968689 251.83746338 443.98056030 64 255 128
254.35778809 233.08638000 507.16192627 64 255 128
237.19114685 260.78713989 537.38549805 64 255 128
112.92010498 182.42520142 458.25354004 64 255 128
119.56000519 242.40499878 504.82897949 64 255 128
142.62565613 124.72486877 478.01898193 64 255 128
182.53327942 237.80998230 545.50573730 64 255 128
134.11981201 141.43353271 530.59082031 64 255 128
139.16047668 216.73822021 444.79772949 64 255 128
200.41921997 201.16194153 497.75421143 64 255 128
165.18141174 159.35435486 440.07073975 64 255 128
175.02563477 199.24336243 439.38580322 64 255 128
186.57200623 276.49899292 548.55102539 64 255 128
248.03825378 272.79263306 507.89166260 64 255 128
221.08959961 182.08612061 465.26077271 64 255 128
107.51100159 212.92900085 500.81597900 64 255 128
196.46238708 235.65768433 448.66366577 64 255 128
189.57691956 151.79866028 466.95004272 64 255 128
141.36999512 239.87100220 462.32199097 64 255 128
282.27795410 270.01586914 459.42422485 64 255 128
277.28305054 229.30923462 439.50833130 64 255 128
188.56524658 226.46113586 514.85443115 64 255 128
224.17002869 216.19448853 508.40313721 64 255 128
207.25900269 275.65399170 528.90496826 64 255 128
194.59208679 194.43321228 470.25408936 64 255 128
144.42028809 140.58882141 447.46011353 64 255 128
133.37199402 245.87998962 565.09204102 64 255 128
104.87263489 156.07165527 480.14956665 64 255 128
176.91401672 135.11804199 485.11727905 64 255 128
169.82600403 251.19999695 466.24801636 64 255 128
167.82476807 163.75350952 514.99005127 64 255 128
135.43840027 196.39482117 550.78704834 64 255 128
239.13316345 208.95245361 456.11849976 64 255 128
233.76548767 270.67123413 465.65307617 64 255 128
274.86016846 246.34001160 493.07202148 64 255 128
127.36653137 163.87953186 444.38381958 64 255 128
101.75773621 163.61402893 511.97708130 64 255 128
157.14299011 275.24899292 539.94500732 64 255 128
230.51690674 231.35688782 444.37658691 64 255 128
157.48800659 272.40698242 504.29202271 64 255 128
198.29412842 279.28576660 504.97799683 64 255 128
110.59469604 199.24778748 477.83947754 64 255 128
110.15399933 224.64199829 522.62597656 64 255 128
118.32817078 180.52888489 554.90490723 64 255 128
111.04000092 217.72601318 549.27099609 64 255 128
239.30368042 238.93638611 527.06817627 64 255 128
127.33399963 246.22698975 481.50500488 64 255 128
158.80015564 197.39183044 541.43194580 64 255 128
136.02418518 129.25906372 509.45205688 64 255 128
133.93299866 258.48400879 544.29296875 64 255 128
121.58857727 204.88497925 456.16186523 64 255 128
159.18324280 206.77406311 521.18920898 64 255 128
250.31158447 221.37280273 488.50936890 64 255 128
283.70880127 246.41618347 457.60662842 64 255 128
194.93449402 209.53810120 443.57046509 64 255 128
271.46347046 270.68725586 493.68554688 64 255 128
207.15708923 269.16000366 479.54052734 64 255 128
271.35540771 254.68763733 439.80300903 64 255 128
120.88326263 132.85882568 480.60665894 64 255 128
122.59700012 225.27200317 568.71997070 64 255 128
183.00997925 185.36155701 512.80822754 64 255 128
261.91894531 218.62919617 452.55575562 64 255 128
129.85995483 161.80502319 542.76025391 64 255 128
195.38600159 255.41899109 551.24597168 64 255 128
190.26797485 249.30166626 465.27349854 64 255 128
195.76139832 172.50411987 471.75408936 64 255 128
170.93200684 217.50131226 545.33789062 64 255 128
214.69554138 200.50253296 477.01181030 64 255 128
114.47307587 145.49092102 523.54864502 64 255 128
102.22899628 196.10099792 552.73901367 64 255 128
152.18713379 150.63526917 522.81817627 64 255 128
133.57600403 257.97399902 499.73898315 64 255 128
100.79036713 180.05798340 529.56732178 64 255 128
165.08889771 180.17860413 437.55334473 64 255 128
261.85168457 266.72460938 455.24929810 64 255 128
153.29367065 203.45915222 437.23071289 64 255 128
163.26300049 240.04299927 557.90399170 64 255 128
168.64199829 264.22302246 484.75201416 64 255 128
283.43505859 260.54431152 506.98263550 64 255 128
214.63572693 228.66844177 497.16867065 64 255 128
126.01499176 251.52400208 522.14904785 64 255 128
111.07908630 162.25181580 457.85049438 64 255 128
158.64134216 123.45626831 491.00317383 64 255 128
102.19799805 196.14300537 511.21997070 64 255 128
213.53091431 231.17291260 447.66424561 64 255 128
133.51499939 129.28079224 460.44409180 64 255 128
255.34326172 252.14707947 532.01782227 64 255 128
173.85133362 153.44259644 497.19357300 64 255 128
198.72640991 213.47869873 523.58056641 64 255 128
178.59399414 274.67501831 498.37100220 64 255 128
180.14447021 147.23039246 449.93954468 64 255 128
174.94699097 257.51501465 551.35797119 64 255 128
104.73194122 174.64913940 474.33895874 64 255 128
221.39135742 193.40802002 449.35711670 64 255 128
284.60702515 252.73078918 476.24169922 64 255 128
268.56686401 247.13781738 511.94631958 64 255 128
166.86471558 184.55622864 526.50769043 64 255 128
239.53799438 274.26443481 489.45404053 64 255 128
255.51110840 234.01245117 439.12799072 64 255 128
197.07742310 234.96788025 531.54132080 64 255 128
146.00680542 165.00680542 440.02395630 64 255 128
223.99516296 245.42988586 493.53598022 64 255 128
114.50199890 228.58599854 490.44299316 64 255 128
152.85456848 229.67832947 449.99996948 64 255 128
129.87998962 224.35400391 456.84799194 64 255 128
167.65856934 122.70365906 474.28491211 64 255 128
190.69160461 192.46058655 449.16574097 64 255 128
127.78968811 185.58714294 447.15811157 64 255 128
200.32563782 258.89843750 531.75103760 64 255 128
191.47680664 186.09660339 487.50936890 64 255 128
232.67680359 255.14146423 450.61126709 64 255 128
203.04833984 256.44967651 464.55786133 64 255 128
173.73785400 219.42568970 525.00762939 64 255 128
269.25573730 221.83976746 424.87051392 64 255 128
153.76599121 125.31572723 462.50003052 64 255 128
233.32075500 270.82904053 522.36676025 64 255 128
247.31030273 213.77239990 470.93096924 64 255 128
156.25000000 278.40798950 521.02099609 64 255 128
179.16395569 217.16624451 441.25567627 64 255 128
275.98843384 272.31204224 476.27832031 64 255 128
163.23051453 142.57913208 446.88265991 64 255 128
222.07199097 204.12518311 495.81094360 64 255 128
168.44400024 273.62899780 553.56994629 64 255 128
133.87794495 179.14091492 545.01977539 64 255 128
191.15699768 281.87600708 532.72998047 64 255 128
234.21038818 233.54847717 512.05010986 64 255 128
250.69898987 268.04037476 524.14978027 64 255 128
182.55667114 238.68975830 452.52502441 64 255 128
229.26777649 212.15202332 442.75167847 64 255 128
280.77633667 243.01725769 430.24679565 64 255 128
228.02949524 274.95794678 507.82501221 64 255 128
218.81260681 266.97772217 466.86346436 64 255 128
150.25700378 246.63899231 566.29901123 64 255 128
265.38354492 233.06207275 489.97592163 64 255 128
133.27957153 201.27627563 443.81051636 64 255 128
231.41473389 196.01408386 469.59744263 64 255 128
183.75083923 154.27928162 482.79083252 64 255 128
294.12423706 265.88177490 470.92718506 64 255 128
180.95730591 164.08201599 443.79653931 64 255 128
294.30462646 258.74346924 454.48388672 64 255 128
153.68301392 251.56301880 469.66497803 64 255 128
205.53721619 216.59437561 506.20971680 64 255 128
132.58200073 214.71400452 561.14801025 64 255 128
104.22528076 178.38511658 548.53027344 64 255 128
171.51300049 281.79602051 535.76300049 64 255 128
192.32478333 199.92051697 515.67095947 64 255 128
183.23605347 134.21614075 470.15155029 64 255 128
147.29798889 264.63400269 552.15802002 64 255 128
125.53599548 235.86499023 467.94702148 64 255 128
121.27559662 148.88114929 538.11187744 64 255 128
215.44262695 256.99914551 506.87451172 64 255 128
181.87809753 180.23091125 441.43908691 64 255 128
105.51609039 153.60047913 496.15597534 64 255 128
255.09803772 273.12237549 491.94146729 64 255 128
121.88899994 234.51800537 555.69396973 64 255 128
104.79278564 197.42436218 494.21920776 64 255 128
163.90310669 216.67846680 440.98846436 64 255 128
129.05322266 146.38868713 447.46517944 64 255 128
147.32806396 135.91413879 519.37554932 64 255 128
163.06300354 239.61799622 457.36502075 64 255 128
105.90699768 210.38900757 516.74597168 64 255 128
99.60185242 181.57255554 511.34234619 64 255 128
224.49713135 243.75706482 528.51629639 64 255 128
131.43928528 129.03549194 494.42636108 64 255 128
272.63967896 229.85055542 455.09463501 64 255 128
242.64437866 223.63056946 440.38116455 64 255 128
256.72488403 241.52352905 521.31976318 64 255 128
262.74005127 269.14132690 510.60247803 64 255 128
246.91395569 266.85656738 456.27069092 64 255 128
223.45394897 189.44877625 482.36758423 64 255 128
147.47554016 205.54165649 550.95843506 64 255 128
236.68898010 210.01858521 497.14208984 64 255 128
211.65560913 277.36740112 511.33047485 64 255 128
184.79615784 216.32548523 534.24926758 64 255 128
111.44000244 212.42498779 484.73800659 64 255 128
238.36178589 225.46673584 500.57006836 64 255 128
143.84346008 158.50849915 533.50622559 64 255 128
111.70099640 226.91600037 505.18099976 64 255 128
200.77751160 203.67076111 457.68435669 64 255 128
282.69519043 262.63565063 445.64639282 64 255 128
137.14100647 229.44100952 566.73504639 64 255 128
116.65800476 237.67100525 525.65802002 64 255 128
192.61598206 161.21817017 454.98507690 64 255 128
146.18598938 265.43899536 497.35900879 64 255 128
204.37953186 221.69744873 445.28625488 64 255 128
145.62641907 124.76495361 497.72052002 64 255 128
189.43600464 282.80197144 515.99401855 64 255 128
143.90100098 270.16601562 536.65100098 64 255 128
124.77733612 136.30676270 518.71466064 64 255 128
114.16000366 227.11999512 536.55798340 64 255 128
111.01410675 146.56840515 470.23510742 64 255 128
110.92074585 144.43583679 485.82131958 64 255 128
241.35131836 239.45840454 444.66363525 64 255 128
180.76651001 213.64109802 508.85140991 64 255 128
180.43899536 257.61700439 473.51501465 64 255 128
267.43905640 240.96565247 435.10671997 64 255 128
127.25299835 247.45100403 550.55395508 64 255 128
152.20181274 152.58877563 442.77001953 64 255 128
115.75800323 208.36000061 469.56698608 64 255 128
162.03767395 150.14689636 512.10803223 64 255 128
247.22901917 210.25776672 443.73657227 64 255 128
106.27089691 157.01538086 523.49194336 64 255 128
148.21577454 188.12370300 542.75073242 64 255 128
214.49334717 199.51965332 461.85684204 64 255 128
211.20266724 275.23413086 495.43063354 64 255 128
101.11450958 167.25610352 488.34030151 64 255 128
108.20362091 191.13494873 564.52581787 64 255 128
266.93646240 219.13764954 438.95251465 64 255 128
168.23120117 137.81359863 495.88201904 64 255 128
207.16720581 242.48321533 454.01562500 64 255 128
180.29626465 231.27943420 532.07800293 64 255 128
107.87100220 213.91200256 535.40496826 64 255 128
178.27806091 172.90512085 506.37316895 64 255 128
189.42907715 225.12408447 443.46258545 64 255 128
228.44750977 274.12619019 480.05047607 64 255 128
244.46833801 273.67919922 472.81704712 64 255 128
260.88977051 222.15399170 477.94775391 64 255 128
139.91899109 250.32899475 476.76199341 64 255 128
114.61089325 194.39375305 464.41333008 64 255 128
196.87500000 270.34500122 541.78796387 64 255 128
116.55075073 161.67738342 549.40112305 64 255 128
203.34222412 234.87074280 512.62469482 64 255 128
276.19836426 241.95390320 477.52929688 64 255 128
225.61914062 243.50033569 450.83227539 64 255 128
193.55119324 183.73429871 459.28143311 64 255 128
122.44869995 201.79769897 560.09326172 64 255 128
285.22143555 257.14831543 492.41607666 64 255 128
225.65036011 257.04608154 530.85943604 64 255 128
105.29629517 187.89375305 473.82949829 64 255 128
162.36294556 193.22895813 436.95950317 64 255 128
282.57125854 240.34547424 445.00296021 64 255 128
165.36224365 217.95700073 515.55346680 64 255 128
213.49363708 183.76271057 454.15142822 64 255 128
122.31322479 133.71177673 467.05599976 64 255 128
118.45800018 235.68699646 479.77600098 64 255 128
159.61145020 168.06401062 525.32421875 64 255 128
140.57299805 256.45700073 560.38201904 64 255 128
189.96298218 190.39814758 500.85794067 64 255 128
159.34817505 212.66969299 550.21984863 64 255 128
133.13899231 262.10400391 531.33099365 64 255 128
194.67626953 242.88674927 544.54431152 64 255 128
219.07987976 218.48980713 445.16213989 64 255 128
265.36737061 239.22315979 501.70291138 64 255 128
197.98016357 197.75373840 483.23251343 64 255 128
210.43611145 241.58982849 502.15823364 64 255 128
126.13199615 250.81599426 537.06799316 64 255 128
182.72064209 136.76307678 457.14315796 64 255 128
118.82733917 153.53843689 451.45626831 64 255 128
100.06229401 190.66061401 522.70361328 64 255 128
139.18376160 154.18760681 442.38500977 64 255 128
112.38300323 215.87899780 562.93395996 64 255 128
241.66294861 248.79893494 536.14947510 64 255 128
169.65715027 203.67387390 537.76721191 64 255 128
198.14300537 272.79400635 493.83099365 64 255 128
133.34700012 261.20999146 513.36596680 64 255 128
124.21649933 133.41578674 505.65451050 64 255 128
170.32220459 230.94395447 546.29583740 64 255 128
163.16563416 228.08602905 527.52368164 64 255 128
260.42660522 257.71859741 445.64282227 64 255 128
171.06199646 278.70898438 508.15396118 64 255 128
136.37181091 173.15766907 441.96209717 64 255 128
147.84100342 272.29299927 512.52001953 64 255 128
120.47038269 175.82666016 449.09570312 64 255 128
107.28567505 151.13172913 508.46994019 64 255 128
153.71534729 133.60891724 452.18811035 64 255 128
221.58552551 233.32785034 507.51675415 64 255 128
184.96400452 249.03599548 554.01995850 64 255 128
262.20980835 220.92297363 465.19757080 64 255 128
262.30950928 263.66921997 532.12365723 64 255 128
196.31922913 261.73764038 473.53927612 64 255 128
159.32646179 227.38676453 553.50653076 64 255 128
196.89953613 247.23994446 457.76443481 64 255 128
217.45263672 273.01962280 481.34585571 64 255 128
156.08839417 122.32186127 478.42929077 64 255 128
175.21501160 241.56799316 458.27999878 64 255 128
171.97799683 245.57901001 551.19195557 64 255 128
148.02398682 234.53498840 564.10900879 64 255 128
229.72422791 201.93067932 454.03588867 64 255 128
162.70700073 257.99798584 474.94699097 64 255 128
157.60597229 170.66108704 439.40051270 64 255 128
284.64242554 268.56719971 496.52865601 64 255 128
141.79479980 225.33973694 452.20336914 64 255 128
118.44200134 240.06300354 491.83599854 64 255 128
104.73155212 162.59838867 469.90057373 64 255 128
192.20310974 214.06562805 514.29766846 64 255 128
250.76585388 213.19017029 455.08013916 64 255 128
165.97200012 269.95300293 495.10198975 64 255 128
279.84185791 231.43180847 426.76281738 64 255 128
156.63502502 183.07667542 534.16876221 64 255 128
244.90606689 233.30152893 518.01702881 64 255 128
172.79641724 176.44812012 517.13421631 64 255 128
129.39993286 212.27716064 451.96051025 64 255 128
125.03899384 249.23500061 496.62701416 64 255 128
125.02700043 251.87098694 509.73898315 64 255 128
268.59094238 271.51174927 467.20306396 64 255 128
189.28936768 166.67216492 479.82025146 64 255 128
204.09361267 206.99583435 511.93856812 64 255 128
106.56500244 207.51499939 556.75799561 64 255 128
124.80030823 189.70928955 553.61608887 64 255 128
102.32682800 168.09724426 525.70495605 64 255 128
204.71929932 253.23074341 516.42089844 64 255 128
254.79666138 228.98771667 495.60830688 64 255 128
276.38900757 251.62559509 503.83163452 64 255 128
250.27894592 263.48168945 534.93499756 64 255 128
176.52780151 190.34973145 522.55377197 64 255 128
272.76800537 266.06704712 450.97668457 64 255 128
274.81991577 267.07104492 511.68911743 64 255 128
111.00640106 153.66613770 533.49023438 64 255 128
101.82128906 164.22105408 500.15640259 64 255 128
150.52478027 216.37942505 442.83432007 64 255 128
103.94000244 205.07800293 542.95800781 64 255 128
156.07299805 264.86502075 491.27200317 64 255 128
243.61477661 211.19660950 485.12969971 64 255 128
131.84948730 125.37845612 474.11047363 64 255 128
258.89248657 247.08647156 440.38687134 64 255 128
115.10600281 235.81900024 514.37200928 64 255 128
135.33000183 253.41001892 486.89300537 64 255 128
142.90710449 123.52135468 466.45413208 64 255 128
185.68176270 202.20468140 441.11108398 64 255 128
288.70761108 254.80557251 463.93695068 64 255 128
121.84199524 217.56599426 461.45300293 64 255 128
253.09378052 271.38522339 465.00054932 64 255 128
285.89303589 272.74377441 481.77008057 64 255 128
162.32299805 251.42898560 557.27703857 64 255 128
133.53961182 151.28881836 537.02526855 64 255 128
149.89160156 129.61038208 509.90640259 64 255 128
266.44830322 272.49832153 483.01098633 64 255 128
212.79867554 202.59217834 489.80102539 64 255 128
263.07894897 228.81826782 432.41140747 64 255 128
238.50398254 204.89549255 470.02938843 64 255 128
191.32499695 266.05099487 551.42498779 64 255 128
152.76300049 242.99099731 462.26599121 64 255 128
169.87585449 126.35140228 485.16723633 64 255 128
182.90316772 143.51818848 478.91430664 64 255 128
136.16661072 132.68057251 520.41528320 64 255 128
142.54646301 195.35058594 439.74536133 64 255 128
276.71969604 237.95166016 463.58639526 64 255 128
200.34199524 280.55798340 517.90399170 64 255 128
127.62599945 235.44999695 567.64697266 64 255 128
226.54640198 192.07356262 459.39901733 64 255 128
122.57478333 195.07232666 453.92160034 64 255 128
192.16737366 183.11283875 472.47991943 64 255 128
198.38796997 171.52545166 460.66809082 64 255 128
143.69111633 147.42172241 529.08245850 64 255 128
205.69515991 201.92942810 471.76483154 64 255 128
226.41078186 264.07693481 459.00408936 64 255 128
158.14300537 270.05700684 551.23797607 64 255 128
129.65209961 137.01403809 453.51266479 64 255 128
172.90385437 170.93179321 440.74786377 64 255 128
283.08786011 253.21925354 436.17724609 64 255 128
141.65049744 207.05688477 439.24099731 64 255 128
124.95819855 171.40208435 548.15295410 64 255 128
121.48205566 132.98095703 492.79879761 64 255 128
275.87878418 255.91134644 513.78381348 64 255 128
185.82160950 220.15670776 524.00933838 64 255 128
178.29699707 267.80300903 489.85900879 64 255 128
147.98800659 274.95898438 527.30499268 64 255 128
256.95965576 214.63877869 443.52066040 64 255 128
179.45758057 229.31959534 446.20919800 64 255 128
187.49398804 279.47802734 503.42202759 64 255 128
210.80035400 262.00302124 466.46658325 64 255 128
102.00485992 188.55825806 541.94653320 64 255 128
289.74569702 249.79721069 445.93948364 64 255 128
138.60279846 167.69291687 537.96752930 64 255 128
197.75251770 184.68048096 446.79180908 64 255 128
179.32699585 267.38198853 551.39898682 64 255 128
249.17584229 243.69306946 528.56036377 64 255 128
122.73299408 212.57899475 564.89099121 64 255 128
166.10301208 281.92999268 526.47503662 64 255 128
240.00332642 273.93478394 502.05300903 64 255 128
184.00759888 191.26593018 440.69494629 64 255 128
103.75196838 187.61439514 485.87377930 64 255 128
230.15229797 236.46147156 521.93017578 64 255 128
174.41117859 144.28385925 490.47888184 64 255 128
169.89167786 150.62788391 444.42614746 64 255 128
134.42799377 243.47200012 469.61297607 64 255 128
165.43611145 203.69567871 438.45809937 64 255 128
176.13899231 277.95199585 546.76098633 64 255 128
186.54367065 180.33517456 496.70703125 64 255 128
169.96705627 209.92913818 518.13360596 64 255 128
116.68699646 228.25599670 546.80798340 64 255 128
224.73130798 267.39215088 528.56359863 64 255 128
118.53610992 165.02259827 450.47058105 64 255 128
153.90997314 180.34564209 438.61239624 64 255 128
140.19999695 265.29397583 506.41201782 64 255 128
193.03733826 161.80712891 465.62136841 64 255 128
240.30735779 267.86453247 529.26947021 64 255 128
216.55415344 242.16519165 452.43905640 64 255 128
110.26321411 171.89538574 553.63330078 64 255 128
227.96842957 196.50253296 488.71478271 64 255 128
262.73217773 251.30769348 524.68670654 64 255 128
143.75581360 131.20538330 454.68652344 64 255 128
285.74072266 272.44195557 469.02783203 64 255 128
99.77619934 174.27888489 501.59042358 64 255 128
110.19679260 172.75346375 459.58383179 64 255 128
180.27099609 248.22900391 464.45001221 64 255 128
187.49700928 271.88198853 492.37799072 64 255 128
159.03507996 157.86018372 520.96014404 64 255 128
241.15721130 259.94610596 451.37539673 64 255 128
221.65826416 203.56181335 447.69927979 64 255 128
110.68038177 150.62060547 460.71484375 64 255 128
116.82800293 224.41799927 559.19299316 64 255 128
174.05923462 186.55815125 439.60806274 64 255 128
218.07475281 190.38531494 470.66159058 64 255 128
169.21449280 156.31657410 506.44845581 64 255 128
183.65899658 283.25598145 524.48303223 64 255 128
192.98649597 202.36914062 451.19171143 64 255 128
173.32766724 138.25357056 451.88516235 64 255 128
182.01200867 281.91000366 537.37200928 64 255 128
149.79200745 259.95901489 565.62103271 64 255 128
176.12841797 127.23934937 467.84396362 64 255 128
137.04699707 231.77799988 457.80599976 64 255 128
188.00622559 146.39855957 458.25506592 64 255 128
156.48400879 127.59265137 502.24191284 64 255 128
164.97291565 146.51490784 501.02954102 64 255 128
100.23236847 173.90013123 518.19378662 64 255 128
149.02310181 123.34381866 487.91491699 64 255 128
114.70510101 141.89106750 512.36267090 64 255 128
231.30853271 250.11244202 535.49011230 64 255 128
292.85494995 267.76074219 458.93246460 64 255 128
288.79452515 244.73985291 436.78451538 64 255 128
204.96055603 211.57441711 449.28167725 64 255 128
175.36654663 222.65972900 515.10473633 64 255 128
164.84037781 124.22554016 464.64401245 64 255 128
214.28404236 264.04602051 523.85205078 64 255 128
189.18389893 232.66654968 524.30023193 64 255 128
221.79261780 232.12486267 447.38708496 64 255 128
210.84872437 212.99952698 515.27911377 64 255 128
104.64099884 203.47399902 504.76800537 64 255 128
235.74855042 273.33782959 512.12280273 64 255 128
224.02249146 272.41061401 518.71960449 64 255 128
122.41454315 142.27607727 530.19641113 64 255 128
177.50529480 164.21510315 500.16467285 64 255 128
139.39585876 126.57199860 488.73132324 64 255 128
171.20034790 195.90962219 530.29711914 64 255 128
283.00759888 247.42851257 467.78799438 64 255 128
101.90708923 189.85321045 499.93676758 64 255 128
154.12925720 143.35722351 515.62078857 64 255 128
151.79232788 161.43234253 528.60272217 64 255 128
233.38432312 245.26176453 446.56503296 64 255 128
190.65716553 241.25471497 454.62860107 64 255 128
260.78741455 271.34979248 499.33468628 64 255 128
203.40290833 241.43685913 527.27893066 64 255 128
262.09127808 239.44073486 511.57867432 64 255 128
108.79500580 206.88099670 493.01400757 64 255 128
221.72679138 237.97474670 499.17556763 64 255 128
191.57135010 176.30082703 480.83621216 64 255 128
210.47657776 205.72532654 501.98941040 64 255 128
115.33447266 140.90319824 477.42626953 64 255 128
267.03939819 229.73898315 480.44818115 64 255 128
103.39553833 172.99073792 539.57824707 64 255 128
200.22700500 279.02297974 535.38897705 64 255 128
198.49238586 267.54516602 482.45373535 64 255 128
176.41615295 210.56278992 538.16143799 64 255 128
217.91294861 248.87876892 522.51348877 64 255 128
121.77700043 226.77899170 465.14300537 64 255 128
102.50030518 177.09716797 484.18206787 64 255 128
181.06597900 160.53271484 490.39492798 64 255 128
177.51718140 129.00854492 477.44949341 64 255 128
252.14723206 260.94302368 449.58789062 64 255 128
290.21585083 259.74719238 482.34286499 64 255 128
189.67488098 207.98603821 527.58123779 64 255 128
160.79699707 277.28598022 512.00402832 64 255 128
279.77691650 249.00888062 484.14099121 64 255 128
215.22537231 222.75382996 506.57891846 64 255 128
153.14479065 189.68463135 437.43829346 64 255 128
192.03695679 194.38090515 458.87576294 64 255 128
195.45239258 254.82958984 465.26239014 64 255 128
193.72335815 216.71864319 505.89932251 64 255 128
242.76582336 231.23411560 507.03274536 64 255 128
234.36946106 215.48750305 504.23367310 64 255 128
232.85266113 221.56542969 443.34045410 64 255 128
187.97073364 258.97351074 475.86096191 64 255 128
120.98000336 244.29400635 531.12902832 64 255 128
179.76200867 281.70498657 510.91098022 64 255 128
209.46051025 251.30393982 460.56933594 64 255 128
158.41560364 223.63711548 444.15368652 64 255 128
271.54629517 225.51368713 446.37527466 64 255 128
183.93688965 155.83482361 448.43917847 64 255 128
204.11979675 231.74551392 447.12426758 64 255 128
283.55557251 235.83917236 435.91113281 64 255 128
265.80532837 266.74920654 519.13281250 64 255 128
141.53001404 265.34500122 544.59796143 64 255 128
116.60722351 193.94819641 560.89752197 64 255 128
136.22138977 188.13760376 441.82730103 64 255 128
200.47666931 225.62113953 507.09576416 64 255 128
155.12869263 161.24330139 440.47100830 64 255 128
163.94683838 129.49427795 496.53311157 64 255 128
161.20837402 129.50547791 456.88235474 64 255 128
221.30924988 249.19604492 504.11898804 64 255 128
238.01535034 212.28988647 442.19857788 64 255 128
252.45597839 216.93283081 477.47656250 64 255 128
271.06594849 232.95161438 429.95285034 64 255 128
242.45367432 271.63116455 518.14251709 64 255 128
131.17800903 259.53900146 522.31994629 64 255 128
157.97799683 261.12802124 482.39700317 64 255 128
196.65585327 220.23228455 442.92520142 64 255 128
201.32289124 177.80960083 454.23889160 64 255 128
142.09980774 214.05505371 556.71057129 64 255 128
128.40089417 127.89443207 482.73843384 64 255 128
262.33935547 216.10966492 429.68432617 64 255 128
108.18000031 219.80599976 510.11001587 64 255 128
187.58349609 234.05691528 537.83563232 64 255 128
105.70099640 208.76899719 527.10699463 64 255 128
145.53601074 246.39299011 467.52600098 64 255 128
146.07099915 233.39801025 456.12399292 64 255 128
188.20932007 233.98889160 448.10919189 64 255 128
274.40188599 223.67700195 432.69821167 64 255 128
291.29205322 260.11566162 443.28106689 64 255 128
105.68600464 201.15501404 563.44799805 64 255 128
199.67498779 262.54800415 545.95001221 64 255 128
119.96199799 243.42500305 516.46600342 64 255 128
192.00999451 279.85501099 541.85302734 64 255 128
229.04983521 224.48164368 505.50616455 64 255 128
250.74455261 273.74444580 484.29098511 64 255 128
175.99755859 222.51637268 540.02862549 64 255 128
250.98765564 224.82054138 437.71640015 64 255 128
153.45339966 142.60125732 446.31219482 64 255 128
165.72900391 262.88198853 555.93902588 64 255 128
141.86199951 243.41699219 568.30499268 64 255 128
176.32450867 208.16020203 440.28500366 64 255 128
166.98199463 275.93200684 544.80102539 64 255 128
237.39033508 266.50985718 457.71282959 64 255 128
113.85299683 221.37199402 481.18698120 64 255 128
211.78431702 217.51383972 446.16552734 64 255 128
140.80700684 259.99002075 492.32598877 64 255 128
187.71847534 214.45829773 441.31356812 64 255 128
242.88748169 217.46022034 495.48641968 64 255 128
158.16799927 278.86599731 529.93499756 64 255 128
103.93836975 186.97631836 554.35992432 64 255 128
100.99243927 191.68917847 531.91497803 64 255 128
224.07922363 209.02415466 502.64401245 64 255 128
198.57710266 201.73948669 507.12573242 64 255 128
176.08499146 262.84600830 479.73800659 64 255 128
187.92687988 156.92796326 474.49493408 64 255 128
142.59317017 178.69064331 539.48101807 64 255 128
137.66819763 187.20701599 546.40795898 64 255 128
153.99423218 230.03613281 528.21600342 64 255 128
241.19448853 248.74786377 445.62878418 64 255 128
186.83624268 141.63308716 466.71832275 64 255 128
111.55399323 220.30799866 492.46200562 64 255 128
146.04916382 175.84446716 438.80996704 64 255 128
220.81048584 276.20312500 505.72622681 64 255 128
186.62065125 171.02395630 444.66418457 64 255 128
136.36135864 205.93283081 555.46197510 64 255 128
271.33740234 269.40924072 503.88961792 64 255 128
170.74667358 221.59495544 442.96954346 64 255 128
122.86135864 156.50918579 544.95361328 64 255 128
128.75340271 193.97444153 446.93789673 64 255 128
277.48336792 237.11643982 453.57696533 64 255 128
245.90054321 256.61169434 538.61364746 64 255 128
163.87583923 232.56208801 451.49673462 64 255 128
233.39794922 201.78210449 462.12860107 64 255 128
166.61207581 171.44783020 520.73242188 64 255 128
255.24032593 215.74821472 461.96765137 64 255 128
156.45500183 235.10499573 561.24499512 64 255 128
119.97339630 184.26353455 451.42120361 64 255 128
164.37655640 218.52867126 524.60852051 64 255 128
214.98103333 199.86231995 452.00848389 64 255 128
225.15177917 256.15676880 454.76867676 64 255 128
203.17826843 262.97705078 471.85018921 64 255 128
251.37979126 270.47988892 515.26031494 64 255 128
130.51899719 222.05500793 566.59301758 64 255 128
145.79939270 196.51371765 546.81555176 64 255 128
143.52000427 252.03498840 568.90203857 64 255 128
246.03527832 214.76879883 436.03628540 64 255 128
272.85388184 241.52694702 486.28598022 64 255 128
151.19599915 270.44998169 544.26196289 64 255 128
126.27239227 154.59422302 446.34304810 64 255 128
229.14454651 275.17776489 494.18652344 64 255 128
233.20503235 202.92430115 492.33041382 64 255 128
110.42609406 145.04806519 495.92840576 64 255 128
135.56135559 163.89376831 440.93051147 64 255 128
161.39274597 151.53439331 442.29901123 64 255 128
208.52622986 249.35551453 507.24130249 64 255 128
225.05085754 271.41857910 472.50756836 64 255 128
237.29948425 274.76583862 481.13705444 64 255 128
183.55072021 197.41291809 522.27197266 64 255 128
246.47914124 273.41815186 494.04138184 64 255 128
161.33920288 176.69613647 527.24072266 64 255 128
124.36299896 240.66198730 475.54498291 64 255 128
216.02397156 253.21519470 515.48590088 64 255 128
279.76321411 271.66525269 487.99053955 64 255 128
251.33341980 241.30227661 441.82049561 64 255 128
163.74740601 192.96836853 534.81079102 64 255 128
173.76286316 159.16412354 441.74734497 64 255 128
182.83760071 214.04003906 517.52789307 64 255 128
112.93599701 206.56199646 477.52999878 64 255 128
106.25591278 178.18714905 466.67065430 64 255 128
178.88769531 151.81259155 490.10629272 64 255 128
134.70156860 218.65762329 452.77117920 64 255 128
215.41244507 191.97225952 455.96633911 64 255 128
106.06163788 195.37013245 484.40783691 64 255 128
205.38389587 271.66677856 489.86776733 64 255 128
201.17008972 254.25767517 543.26525879 64 255 128
149.96406555 122.67427826 471.21823120 64 255 128
253.13339233 235.73718262 515.99432373 64 255 128
165.73800659 281.00900269 517.94097900 64 255 128
109.52921295 186.94696045 465.10299683 64 255 128
210.34394836 276.88305664 502.78897095 64 255 128
225.01429749 235.54946899 515.21453857 64 255 128
106.58040619 154.42752075 468.27825928 64 255 128
220.40003967 184.25340271 476.20733643 64 255 128
260.43768311 225.37121582 485.72409058 64 255 128
161.64726257 205.22831726 543.78979492 64 255 128
161.84901428 246.34201050 462.45501709 64 255 128
134.47099304 253.39001465 555.30499268 64 255 128
220.76472473 197.65971375 484.60003662 64 255 128
138.00764465 127.91563416 499.58227539 64 255 128
244.47149658 271.25637817 464.37921143 64 255 128
140.10598755 222.28201294 562.18804932 64 255 128
272.72250366 270.02288818 458.55224609 64 255 128
269.85717773 254.54980469 519.69335938 64 255 128
102.16418457 166.37689209 479.73544312 64 255 128
145.59683228 222.20402527 446.00021362 64 255 128
190.18028259 182.49836731 443.79678345 64 255 128
183.29194641 179.61425781 504.68826294 64 255 128
102.52500153 200.62899780 523.59600830 64 255 128
200.19664001 235.42237854 522.32128906 64 255 128
213.43434143 180.65356445 462.06008911 64 255 128
245.66250610 232.47698975 441.97177124 64 255 128
189.34921265 193.21009827 509.11898804 64 255 128
108.43590546 179.93736267 557.76959229 64 255 128
156.27259827 211.16564941 440.20983887 64 255 128
198.40834045 206.31152344 520.47192383 64 255 128
111.16799927 226.63000488 513.84600830 64 255 128
242.01072693 208.15284729 476.73806763 64 255 128
234.96066284 199.46875000 476.48458862 64 255 128
268.25711060 226.47151184 463.76892090 64 255 128
226.59382629 190.36720276 474.72518921 64 255 128
108.65799713 218.00900269 527.37597656 64 255 128
189.22973633 153.71122742 454.56384277 64 255 128
128.72299194 255.17601013 530.32000732 64 255 128
167.30700684 274.04800415 502.15698242 64 255 128
140.35398865 259.79598999 552.82403564 64 255 128
144.35360718 147.91911316 443.64578247 64 255 128
128.00799561 250.23901367 488.95700073 64 255 128
268.58273315 261.20236206 445.84179688 64 255 128
135.47283936 141.29618835 448.31869507 64 255 128
116.45162201 202.11935425 465.66647339 64 255 128
294.05517578 269.96813965 478.10913086 64 255 128
182.94200134 257.62799072 553.20397949 64 255 128
106.07797241 170.10691833 467.32241821 64 255 128
134.97799683 238.41400146 569.71801758 64 255 128
154.14399719 234.78099060 455.92901611 64 255 128
280.97866821 267.72808838 504.00604248 64 255 128
171.96800232 258.48199463 474.18902588 64 255 128
269.20779419 239.95809937 494.37100220 64 255 128
148.21000671 253.78399658 475.26400757 64 255 128
232.08488464 266.05767822 532.00811768 64 255 128
186.90257263 148.28024292 473.63531494 64 255 128
126.76981354 203.95552063 449.42541504 64 255 128
232.76069641 207.68521118 448.86941528 64 255 128
192.99603271 191.01380920 480.49319458 64 255 128
154.81599426 252.85198975 563.85699463 64 255 128
194.57785034 195.02906799 490.42474365 64 255 128
131.43199158 235.52400208 462.24298096 64 255 128
274.68139648 248.86830139 435.25311279 64 255 128
109.51033020 149.11781311 515.92449951 64 255 128
174.58743286 166.16360474 508.38977051 64 255 128
207.25599670 204.03974915 460.68402100 64 255 128
100.25441742 181.55097961 521.68353271 64 255 128
112.84971619 156.15582275 541.07763672 64 255 128
176.22515869 236.55589294 450.28915405 64 255 128
271.86264038 245.63114929 500.64862061 64 255 128
220.83894348 186.01261902 456.50067139 64 255 128
200.95674133 241.15332031 454.07183838 64 255 128
163.91006470 219.04757690 550.52679443 64 255 128
171.89149475 213.30622864 511.09976196 64 255 128
206.11984253 201.62319946 483.34204102 64 255 128
260.68862915 271.24368286 466.34503174 64 255 128
207.54896545 234.17704773 503.02304077 64 255 128
173.92481995 178.58729553 439.20843506 64 255 128
129.60270691 177.43960571 443.13012695 64 255 128
217.66036987 235.92472839 493.40457153 64 255 128
157.31300354 244.05500793 561.41003418 64 255 128
292.86105347 261.67126465 464.11312866 64 255 128
201.03800964 270.32797241 533.71099854 64 255 128
176.47203064 233.12492371 539.69238281 64 255 128
174.83999634 283.48400879 528.72302246 64 255 128
247.12063599 212.06805420 462.72558594 64 255 128
115.16542053 141.47941589 465.63391113 64 255 128
219.63316345 211.47789001 449.56747437 64 255 128
115.95886993 138.38671875 485.51144409 64 255 128
158.92546082 122.09984589 470.93762207 64 255 128
196.38952637 178.23835754 464.46759033 64 255 128
113.25699615 230.17599487 529.29199219 64 255 128
237.67465210 229.79864502 443.55615234 64 255 128
188.81060791 177.64331055 489.01339722 64 255 128
164.93699646 167.76217651 438.40600586 64 255 128
187.22343445 244.09016418 460.00137329 64 255 128
256.12335205 217.21003723 469.72158813 64 255 128
283.90466309 266.94613647 452.28674316 64 255 128
106.42040253 169.64535522 545.69512939 64 255 128
139.50486755 137.93037415 525.78784180 64 255 128
123.05799866 240.79200745 550.27502441 64 255 128
116.02799988 212.16299438 568.99896240 64 255 128
216.46179199 250.17034912 499.99371338 64 255 128
277.32513428 264.56094360 518.66589355 64 255 128
212.24336243 239.96511841 509.18865967 64 255 128
203.73052979 249.17662048 458.89355469 64 255 128
178.40582275 221.86158752 532.04431152 64 255 128
150.15614319 213.50370789 553.57867432 64 255 128
246.61212158 230.33700562 500.18161011 64 255 128
134.40356445 208.84739685 443.35968018 64 255 128
108.96961975 149.55603027 478.95050049 64 255 128
116.92500305 237.00000000 533.78100586 64 255 128
287.18267822 261.98318481 499.79821777 64 255 128
199.03443909 199.86787415 464.72848511 64 255 128
100.00041199 182.65617371 503.51583862 64 255 128
143.23393250 129.82019043 513.97686768 64 255 128
128.30847168 138.08621216 526.74804688 64 255 128
158.95283508 223.01327515 520.36944580 64 255 128
249.21148682 238.43937683 523.03344727 64 255 128
219.24552917 256.26922607 523.92755127 64 255 128
277.37091064 233.30995178 446.26303101 64 255 128
210.95100403 277.16400146 521.30798340 64 255 128
104.23100281 203.76600647 512.52398682 64 255 128
104.13368988 157.86715698 487.91525269 64 255 128
264.99386597 272.81060791 474.91796875 64 255 128
137.43099976 265.59298706 536.77600098 64 255 128
138.20013428 180.27467346 440.13894653 64 255 128
114.88999939 232.47900391 500.87399292 64 255 128
289.61575317 258.04666138 470.92211914 64 255 128
169.76585388 193.70523071 439.08520508 64 255 128
100.56707001 190.43789673 515.06451416 64 255 128
184.95184326 192.63912964 515.83624268 64 255 128
227.11631775 190.03262329 467.00473022 64 255 128
226.00143433 222.81730652 443.66137695 64 255 128
162.65499878 253.08799744 469.08300781 64 255 128
191.42700195 282.38497925 523.36499023 64 255 128
125.32762909 129.27313232 474.05984497 64 255 128
123.46303558 143.88400269 452.08566284 64 255 128
125.12378693 179.37927246 549.55114746 64 255 128
201.70100403 279.72998047 525.64105225 64 255 128
219.62846375 259.66079712 458.84344482 64 255 128
113.63500214 231.88200378 521.74700928 64 255 128
258.72836304 234.13771057 500.87112427 64 255 128
275.76077271 260.03057861 442.89767456 64 255 128
204.13699341 276.77999878 500.81597900 64 255 128
237.34945679 234.86964417 518.93713379 64 255 128
170.19848633 131.03051758 491.14987183 64 255 128
209.17158508 225.21691895 502.65890503 64 255 128
200.55264282 214.68759155 514.33618164 64 255 128
188.73266602 164.68261719 447.90332031 64 255 128
168.36860657 225.69267273 521.06616211 64 255 128
110.02300262 203.37699890 486.49002075 64 255 128
233.65489197 244.07775879 531.85852051 64 255 128
191.76872253 215.06054688 529.33990479 64 255 128
237.07914734 273.34509277 471.69436646 64 255 128
146.68576050 126.38068390 460.32687378 64 255 128
103.63887024 156.74089050 502.99459839 64 255 128
117.78618622 190.91319275 458.15454102 64 255 128
136.55017090 158.07128906 537.50915527 64 255 128
132.17805481 169.67263794 541.95483398 64 255 128
173.53462219 238.22564697 546.70214844 64 255 128
106.29100037 209.13999939 549.47900391 64 255 128
100.28372192 173.23445129 493.91394043 64 255 128
164.21498108 157.29876709 515.15850830 64 255 128
214.18983459 270.34844971 475.21582031 64 255 128
101.86718750 195.10641479 539.34667969 64 255 128
196.72787476 230.20823669 517.31494141 64 255 128
162.29200745 269.00500488 558.36499023 64 255 128
113.72399902 213.56600952 475.18399048 64 255 128
201.88076782 243.64929199 535.32556152 64 255 128
127.27555847 133.27091980 459.50588989 64 255 128
123.72799683 245.81900024 542.41900635 64 255 128
106.17399597 210.92900085 509.35299683 64 255 128
153.77671814 169.10282898 530.01629639 64 255 128
120.01892853 140.55928040 523.31921387 64 255 128
181.30961609 225.04138184 518.88311768 64 255 128
148.88656616 197.59146118 436.51690674 64 255 128
262.39770508 244.89759827 517.70703125 64 255 128
168.19741821 210.93846130 544.08886719 64 255 128
260.49487305 240.00706482 438.50979614 64 255 128
257.26962280 271.07202148 506.17550659 64 255 128
145.97251892 141.94790649 524.29046631 64 255 128
182.07899475 264.90798950 483.50900269 64 255 128
105.80267334 155.24624634 514.99963379 64 255 128
248.32926941 225.31831360 494.48883057 64 255 128
114.80022430 173.63717651 453.79183960 64 255 128
139.73799133 269.03097534 530.68798828 64 255 128
230.11602783 205.49206543 498.86535645 64 255 128
107.45921326 150.21252441 488.92291260 64 255 128
204.33799744 278.89498901 509.13696289 64 255 128
164.69900513 279.33099365 536.92498779 64 255 128
117.15910339 169.64097595 552.91900635 64 255 128
117.37699890 217.25000000 468.43099976 64 255 128
257.84289551 268.10855103 517.58465576 64 255 128
252.91517639 211.58186340 438.25198364 64 255 128
146.54399109 261.26797485 559.20098877 64 255 128
199.02194214 227.97566223 445.46862793 64 255 128
272.04183960 236.65759277 480.78497314 64 255 128
139.14657593 135.70451355 451.19677734 64 255 128
110.03900146 198.24400330 569.29901123 64 255 128
106.26451111 160.19380188 530.41827393 64 255 128
244.47035217 210.23529053 450.95645142 64 255 128
182.27716064 221.42916870 510.65701294 64 255 128
196.55387878 169.24578857 453.93020630 64 255 128
164.53321838 134.46469116 452.70062256 64 255 128
216.32276917 188.43298340 462.18701172 64 255 128
274.27319336 227.08883667 424.84277344 64 255 128
257.04354858 258.38449097 535.32531738 64 255 128
194.17799377 277.55697632 499.24798584 64 255 128
170.33953857 144.01506042 447.94122314 64 255 128
275.17630005 238.03381348 470.90795898 64 255 128
149.55900574 274.22100830 534.64697266 64 255 128
162.35540771 122.86948395 484.74472046 64 255 128
147.91015625 154.99353027 528.25067139 64 255 128
181.84732056 132.45695496 463.24468994 64 255 128
145.80256653 158.14764404 441.85018921 64 255 128
115.73699188 148.24221802 532.99719238 64 255 128
172.39233398 214.44444275 442.02920532 64 255 128
151.85000610 268.75201416 500.34301758 64 255 128
122.38800049 244.22299194 487.47000122 64 255 128
215.83016968 198.64590454 468.85406494 64 255 128
121.63600159 209.41000366 460.90399170 64 255 128
125.45299530 240.40600586 557.82299805 64 255 128
234.45988464 237.84474182 445.31610107 64 255 128
110.80999756 221.21800232 534.18395996 64 255 128
274.26092529 240.15113831 431.26760864 64 255 128
178.83900452 244.20001221 552.82403564 64 255 128
172.14601135 267.15899658 551.54595947 64 255 128
181.06800842 274.36300659 552.64099121 64 255 128
158.85121155 143.58352661 509.39065552 64 255 128
219.86871338 194.21524048 478.22503662 64 255 128
179.15327454 143.17300415 485.03289795 64 255 128
268.37240601 223.33876038 452.76257324 64 255 128
224.19157410 227.72346497 502.31747437 64 255 128
116.10700226 236.48699951 506.91998291 64 255 128
175.87550354 183.07249451 518.43823242 64 255 128
128.69776917 144.18186951 534.56835938 64 255 128
132.17724609 157.50868225 443.44091797 64 255 128
191.37780762 225.71049500 521.85736084 64 255 128
152.20599365 123.38686371 495.33822632 64 255 128
180.94052124 135.46273804 479.23870850 64 255 128
250.79449463 273.02517700 499.05322266 64 255 128
275.49722290 272.03988647 468.26889038 64 255 128
187.81199646 253.62301636 471.10699463 64 255 128
154.45745850 188.76533508 539.01379395 64 255 128
150.39703369 233.25395203 523.57745361 64 255 128
265.61468506 248.35562134 438.82366943 64 255 128
154.91921997 207.67359924 548.11798096 64 255 128
138.33599854 266.45498657 513.17102051 64 255 128
173.64199829 270.66497803 494.39801025 64 255 128
153.77000427 275.61898804 514.57299805 64 255 128
133.13800049 248.42100525 477.59500122 64 255 128
167.01799011 255.76698303 554.21002197 64 255 128
256.37951660 224.90786743 433.30633545 64 255 128
227.47947693 268.79623413 465.24819946 64 255 128
128.73643494 206.69909668 559.74713135 64 255 128
114.52999878 222.90299988 552.57299805 64 255 128
286.44546509 270.47283936 489.86218262 64 255 128
136.22966003 124.17516327 468.63113403 64 255 128
216.03686523 275.14916992 493.91885376 64 255 128
244.69429016 274.31750488 481.74603271 64 255 128
164.09620667 210.77976990 524.77471924 64 255 128
266.11959839 258.74279785 527.56591797 64 255 128
164.20462036 226.76196289 446.27944946 64 255 128
109.13299561 208.63999939 564.77600098 64 255 128
159.32179260 200.09555054 438.30172729 64 255 128
103.83882904 182.92607117 480.08462524 64 255 128
123.44519043 163.52357483 546.70855713 64 255 128
140.99400330 253.81500244 482.78601074 64 255 128
194.19337463 218.34712219 522.15893555 64 255 128
120.95499420 244.34700012 523.33801270 64 255 128
182.69390869 223.41882324 443.91989136 64 255 128
119.30699921 232.22200012 473.75698853 64 255 128
145.29600525 228.16400146 563.20800781 64 255 128
148.45803833 208.53800964 438.76635742 64 255 128
292.39990234 263.59393311 449.86019897 64 255 128
192.69700623 273.55099487 546.33599854 64 255 128
257.02618408 247.68421936 527.11071777 64 255 128
218.53793335 226.41799927 446.00469971 64 255 128
144.67588806 126.37181854 506.72875977 64 255 128
182.02462769 173.51361084 500.43243408 64 255 128
180.25491333 173.58755493 440.76916504 64 255 128
156.03700256 256.15100098 474.40402222 64 255 128
214.38499451 208.42628479 506.44409180 64 255 128
162.61761475 163.65220642 520.22381592 64 255 128
131.53601074 257.56399536 537.84802246 64 255 128
195.47200012 268.01602173 487.85998535 64 255 128
147.54499817 262.68899536 491.14801025 64 255 128
188.49607849 243.76850891 548.48229980 64 255 128
115.49200439 228.06500244 480.52099609 64 255 128
127.34700775 229.26499939 461.01699829 64 255 128
109.43199921 219.53999329 500.12396240 64 255 128
118.51599884 206.52400208 565.86401367 64 255 128
266.63760376 265.53335571 526.26800537 64 255 128
130.33859253 127.19775391 466.28140259 64 255 128
272.82266235 223.96954346 439.51797485 64 255 128
211.42549133 238.22517395 451.02725220 64 255 128
219.80439758 270.05929565 524.34191895 64 255 128
192.94879150 186.49340820 451.48599243 64 255 128
216.33862305 216.78051758 508.84552002 64 255 128
129.72200012 252.60600281 546.70098877 64 255 128
176.61285400 211.62893677 516.28930664 64 255 128
219.98159790 274.93469238 514.05352783 64 255 128
222.27935791 211.25775146 443.33218384 64 255 128
233.31384277 261.23223877 454.19711304 64 255 128
100.39591217 171.20968628 507.55191040 64 255 128
278.06820679 251.16276550 496.47888184 64 255 128
248.21916199 231.92697144 512.23406982 64 255 128
250.64071655 273.24014282 474.68038940 64 255 128
111.12557220 145.09652710 507.66317749 64 255 128
197.87084961 207.00036621 449.23236084 64 255 128
156.76361084 221.29537964 554.86724854 64 255 128
176.40699768 251.41000366 554.09600830 64 255 128
191.22566223 164.67137146 473.30221558 64 255 128
291.67492676 269.64993286 465.47476196 64 255 128
134.35200500 260.17401123 506.17300415 64 255 128
178.69804382 179.84806824 512.58843994 64 255 128
290.57775879 264.85449219 494.47280884 64 255 128
101.56565857 184.59512329 535.46832275 64 255 128
267.54772949 242.81872559 506.95626831 64 255 128
116.83200073 233.74200439 540.15795898 64 255 128
144.62966919 167.68791199 534.71612549 64 255 128
187.11839294 212.62857056 510.37554932 64 255 128
125.39814758 131.64355469 498.98751831 64 255 128
122.53499603 232.11599731 562.05102539 64 255 128
154.76707458 136.73820496 512.29083252 64 255 128
254.91082764 265.46197510 453.85861206 64 255 128
109.74813080 151.26000977 523.69799805 64 255 128
117.29000092 221.11999512 565.13201904 64 255 128
163.37149048 136.24945068 501.64895630 64 255 128
178.78399658 279.15298462 504.67700195 64 255 128
199.75982666 247.98385620 542.66912842 64 255 128
107.76699829 218.13400269 520.64196777 64 255 128
208.86314392 267.08682251 472.40930176 64 255 128
283.87170410 254.12603760 485.54293823 64 255 128
289.87994385 253.76206970 455.57995605 64 255 128
186.28356934 160.43836975 482.02969360 64 255 128
151.99371338 229.93022156 560.73059082 64 255 128
122.44689941 159.97151184 448.00234985 64 255 128
141.94621277 201.73458862 550.79217529 64 255 128
107.40550232 160.75303650 463.40972900 64 255 128
140.00517273 153.08831787 533.66400146 64 255 128
190.43205261 197.32884216 440.72256470 64 255 128
256.10568237 265.38436890 530.03051758 64 255 128
178.16600037 253.15100098 468.96697998 64 255 128
111.20413971 165.99983215 549.47009277 64 255 128
102.15004730 165.73042297 518.71679688 64 255 128
129.77020264 131.52819824 508.86029053 64 255 128
104.90000153 207.94799805 534.25201416 64 255 128
209.16622925 224.91410828 446.31365967 64 255 128
102.57995605 181.98434448 543.06713867 64 255 128
133.37199402 255.35299683 493.51599121 64 255 128
159.49299622 268.79800415 496.61999512 64 255 128
194.42208862 196.22038269 497.41165161 64 255 128
228.26486206 250.66604614 450.33312988 64 255 128
239.96951294 210.90667725 462.69860840 64 255 128
107.84982300 193.86529541 474.48651123 64 255 128
128.55499268 256.48400879 513.74298096 64 255 128
188.20509338 202.45265198 523.49749756 64 255 128
214.16665649 258.09213257 461.81814575 64 255 128
181.67098999 242.43701172 459.90197754 64 255 128
129.06118774 155.04367065 541.90008545 64 255 128
171.73820496 169.08038330 514.43170166 64 255 128
148.02600098 274.04202271 518.98498535 64 255 128
193.77656555 230.16973877 445.68322754 64 255 128
129.21716309 197.80293274 555.06317139 64 255 128
163.78190613 232.13397217 553.23974609 64 255 128
239.22824097 208.10179138 489.99645996 64 255 128
226.61975098 237.09892273 447.70086670 64 255 128
170.77946472 236.66937256 452.00527954 64 255 128
281.38085938 263.20932007 513.50451660 64 255 128
195.56596375 199.92289734 458.66989136 64 255 128
150.15470886 179.72441101 536.14422607 64 255 128
183.03500366 279.80102539 543.97302246 64 255 128
234.76286316 230.46109009 506.47305298 64 255 128
222.82449341 240.40229797 522.52978516 64 255 128
152.19157410 224.16909790 445.16055298 64 255 128
217.09275818 276.59552002 501.26910400 64 255 128
151.34594727 129.09992981 456.43249512 64 255 128
123.75311279 138.57667542 456.17871094 64 255 128
130.31355286 170.38977051 442.27636719 64 255 128
247.42314148 217.13548279 482.95733643 64 255 128
119.71897888 135.43507385 501.37811279 64 255 128
144.63902283 213.38957214 442.78112793 64 255 128
103.01219940 160.21343994 494.23309326 64 255 128
283.55874634 244.72343445 451.12142944 64 255 128
187.98300171 282.04501343 509.60397339 64 255 128
191.50090027 255.96743774 469.42163086 64 255 128
140.12568665 126.98651886 460.55050659 64 255 128
185.53492737 140.96289062 473.34313965 64 255 128
113.07328033 186.02239990 559.89593506 64 255 128
199.18798828 264.13598633 539.58300781 64 255 128
123.94400024 249.77299500 503.09197998 64 255 128
266.67086792 271.72857666 489.57269287 64 255 128
213.73902893 273.40673828 487.37677002 64 255 128
134.76661682 126.53377533 482.25784302 64 255 128
191.05548096 202.88288879 444.77502441 64 255 128
214.57803345 236.42362976 512.36029053 64 255 128
119.55079651 137.84477234 462.27532959 64 255 128
117.68134308 138.33078003 507.22509766 64 255 128
131.27804565 185.65054321 547.12969971 64 255 128
148.33100891 238.50399780 459.56799316 64 255 128
176.99870300 131.83081055 457.65664673 64 255 128
242.49974060 244.25865173 531.60827637 64 255 128
268.41394043 217.68888855 431.41104126 64 255 128
184.64300537 209.21459961 439.62857056 64 255 128
192.05134583 262.38864136 478.13223267 64 255 128
167.52200317 243.75900269 459.77099609 64 255 128
251.74369812 212.69267273 447.57962036 64 255 128
173.74600220 247.03900146 463.07901001 64 255 128
141.46398926 233.93099976 564.78295898 64 255 128
264.68621826 221.08178711 458.04763794 64 255 128
257.08587646 273.12063599 484.37243652 64 255 128
285.15817261 238.23782349 429.48706055 64 255 128
220.97035217 251.57856750 528.15991211 64 255 128
272.77990723 272.19796753 484.00561523 64 255 128
103.28996277 191.29934692 493.72808838 64 255 128
259.74804688 228.97157288 490.92510986 64 255 128
193.86610413 237.89770508 540.31756592 64 255 128
169.53146362 208.53410339 439.36264038 64 255 128
157.90675354 149.97346497 517.12182617 64 255 128
160.66232300 184.66236877 438.89663696 64 255 128
186.75245667 185.62379456 504.23461914 64 255 128
215.12820435 194.21891785 447.70874023 64 255 128
272.25201416 231.45811462 462.57934570 64 255 128
294.73468018 255.83505249 448.61355591 64 255 128
117.78700256 239.77799988 498.29699707 64 255 128
152.92362976 199.26797485 544.66741943 64 255 128
164.53558350 199.82748413 539.11877441 64 255 128
177.19531250 197.56631470 527.47509766 64 255 128
255.48262024 220.96786499 483.71316528 64 255 128
223.52153015 185.16354370 470.59628296 64 255 128
127.06381226 129.18476868 489.67175293 64 255 128
183.31300354 208.00816345 532.03582764 64 255 128
113.31299591 231.42999268 509.85198975 64 255 128
189.48500061 255.67098999 553.90295410 64 255 128
126.68000031 218.73199463 456.82998657 64 255 128
231.08448792 210.12055969 502.91824341 64 255 128
156.57914734 175.89120483 531.58508301 64 255 128
286.19192505 252.80651855 469.73526001 64 255 128
113.84274292 167.45564270 454.80938721 64 255 128
123.18386078 170.65615845 446.27493286 64 255 128
228.32272339 231.82536316 508.55172729 64 255 128
220.13719177 201.32934570 490.15719604 64 255 128
192.02145386 187.95802307 464.23547363 64 255 128
224.51884460 274.82061768 487.53753662 64 255 128
147.59095764 135.66355896 450.03991699 64 255 128
157.13958740 138.21624756 449.15036011 64 255 128
279.92437744 251.44314575 490.08291626 64 255 128
100.85621643 187.51460266 508.37908936 64 255 128
145.67599487 268.60202026 505.94503784 64 255 128
189.33413696 171.87493896 484.76962280 64 255 128
151.34887695 170.26574707 437.67584229 64 255 128
113.52640533 154.12553406 456.18173218 64 255 128
120.27099609 235.31599426 548.51104736 64 255 128
183.50926208 229.09341431 524.70269775 64 255 128
244.07305908 254.20423889 447.16125488 64 255 128
292.30163574 262.25979614 475.94314575 64 255 128
191.00004578 156.04954529 462.56491089 64 255 128
150.63600159 240.34899902 564.09002686 64 255 128
183.52255249 143.09925842 453.34307861 64 255 128
200.04438782 215.02850342 444.65808105 64 255 128
156.19799805 266.45300293 559.61499023 64 255 128
117.25669098 139.04714966 471.12210083 64 255 128
282.57620239 273.17282104 474.56686401 64 255 128
244.04875183 264.62960815 534.79681396 64 255 128
161.82327271 185.64114380 531.64477539 64 255 128
161.95799255 265.13601685 488.89700317 64 255 128
222.30482483 223.37962341 506.85137939 64 255 128
176.28813171 192.32301331 440.12725830 64 255 128
167.47648621 226.18449402 549.00317383 64 255 128
141.64071655 169.53225708 440.28472900 64 255 128
178.29824829 153.69760132 446.29406738 64 255 128
196.52600098 268.18902588 547.72698975 64 255 128
138.71499634 261.65499878 499.51800537 64 255 128
109.02400208 213.22299194 555.59405518 64 255 128
118.57399750 229.21400452 554.77001953 64 255 128
121.46472931 137.20158386 513.45855713 64 255 128
211.52018738 204.11770630 456.15896606 64 255 128
165.85548401 188.24432373 438.60723877 64 255 128
136.07328796 194.13790894 442.62203979 64 255 128
267.06707764 225.93298340 471.60006714 64 255 128
119.04474640 198.96354675 460.44210815 64 255 128
262.22512817 215.15119934 438.26721191 64 255 128
159.95169067 231.41302490 524.24786377 64 255 128
206.89202881 247.63307190 520.92370605 64 255 128
263.19567871 234.75292969 434.55584717 64 255 128
251.19375610 254.59251404 536.00653076 64 255 128
244.40786743 269.22259521 523.99719238 64 255 128
218.74879456 242.74319458 504.88137817 64 255 128
148.07301331 123.92292023 481.66992188 64 255 128
181.31611633 198.04037476 441.13330078 64 255 128
139.18000793 247.16700745 471.39599609 64 255 128
167.39140320 173.45552063 439.12710571 64 255 128
197.57699585 213.36982727 508.57919312 64 255 128
138.55456543 146.69895935 532.51452637 64 255 128
185.76399231 268.92300415 551.38897705 64 255 128
120.59674835 133.69448853 474.33987427 64 255 128
120.41500092 217.38999939 569.06701660 64 255 128
193.61152649 224.85372925 508.51583862 64 255 128
128.76799011 253.98298645 499.51498413 64 255 128
213.46067810 203.96014404 495.70480347 64 255 128
166.11599731 247.05999756 554.91198730 64 255 128
245.13883972 214.54165649 477.42898560 64 255 128
130.20298767 248.24499512 556.00604248 64 255 128
103.81823730 157.90283203 509.32818604 64 255 128
261.19287109 222.26512146 429.82312012 64 255 128
219.88496399 240.18766785 517.11730957 64 255 128
192.66516113 247.94841003 549.56622314 64 255 128
225.80062866 197.26934814 451.36917114 64 255 128
196.52799988 281.00100708 529.69598389 64 255 128
279.62606812 241.70335388 459.26895142 64 255 128
256.21621704 215.60887146 453.33453369 64 255 128
136.99499512 251.94799805 562.73504639 64 255 128
115.96799469 234.95700073 494.38101196 64 255 128
266.69314575 265.17932129 450.93136597 64 255 128
150.64907837 125.70051575 502.61605835 64 255 128
286.26489258 246.96049500 431.56890869 64 255 128
262.21673584 233.55210876 495.63931274 64 255 128
111.92666626 196.75106812 471.36782837 64 255 128
168.97056580 145.75163269 496.19949341 64 255 128
169.78199768 260.90899658 551.44299316 64 255 128
199.62858582 251.89891052 461.70138550 64 255 128
204.68821716 207.03620911 453.93017578 64 255 128
264.97290039 269.98977661 461.88973999 64 255 128
142.68502808 190.53009033 545.81323242 64 255 128
187.55296326 176.96427917 443.33825684 64 255 128
120.88600159 245.08099365 498.76300049 64 255 128
212.26585388 247.36294556 456.37106323 64 255 128
172.81204224 158.08616638 501.85556030 64 255 128
196.02352905 168.75866699 465.63745117 64 255 128
174.34074402 224.09626770 521.94116211 64 255 128
168.77770996 178.05027771 521.85290527 64 255 128
230.24606323 256.30151367 534.81958008 64 255 128
216.85270691 206.09121704 450.70584106 64 255 128
265.61267090 254.45404053 441.85983276 64 255 128
266.99548340 221.21629333 447.09133911 64 255 128
174.59500122 280.40502930 540.87799072 64 255 128
189.13566589 185.76856995 495.29959106 64 255 128
259.12002563 269.53732300 460.66094971 64 255 128
178.93479919 225.59141541 527.34820557 64 255 128
174.03599548 271.85897827 555.32202148 64 255 128
247.42639160 249.62762451 534.28460693 64 255 128
285.49829102 257.84600830 439.42028809 64 255 128
202.89973450 201.35446167 491.67343140 64 255 128
103.73569489 167.92311096 472.86425781 64 255 128
134.58843994 132.85568237 455.58590698 64 255 128
269.59460449 226.69323730 428.73626709 64 255 128
278.62948608 243.01692200 470.79080200 64 255 128
147.00857544 227.84382629 449.48721313 64 255 128
129.89900208 229.93699646 568.93597412 64 255 128
202.33718872 266.28445435 477.73461914 64 255 128
221.87907410 251.55746460 453.33660889 64 255 128
241.67765808 217.52969360 441.26699829 64 255 128
286.77447510 249.69038391 452.13238525 64 255 128
279.93667603 246.51307678 475.72702026 64 255 128
216.21638489 242.51495361 495.86196899 64 255 128
112.34100342 218.11898804 486.66998291 64 255 128
190.77874756 189.64207458 443.72698975 64 255 128
128.78799438 242.81700134 562.28601074 64 255 128
167.59100342 239.22500610 553.73101807 64 255 128
106.51525116 153.49923706 474.72018433 64 255 128
197.37699890 277.21899414 540.88201904 64 255 128
229.16114807 193.74789429 479.05035400 64 255 128
127.64400482 216.55499268 564.13104248 64 255 128
104.74010468 182.02354431 472.98474121 64 255 128
234.86883545 274.40985107 506.68496704 64 255 128
138.80386353 201.50340271 441.18173218 64 255 128
157.95634460 228.69496155 447.98510742 64 255 128
188.06298828 275.97900391 498.52801514 64 255 128
138.58541870 146.72505188 445.26388550 64 255 128
116.91974640 147.67808533 455.21688843 64 255 128
255.75465393 251.64010620 442.96890259 64 255 128
190.65029907 196.99537659 453.19439697 64 255 128
180.58633423 149.57768250 484.52871704 64 255 128
221.17733765 239.83563232 450.62811279 64 255 128
162.08898926 210.40345764 517.67895508 64 255 128
173.64405823 127.46180725 462.34982300 64 255 128
198.55845642 198.15856934 473.51687622 64 255 128
227.23565674 208.37374878 449.97555542 64 255 128
178.00148010 158.68197632 495.19845581 64 255 128
173.10339355 125.00904846 476.78988647 64 255 128
279.34289551 256.13513184 506.49279785 64 255 128
261.11557007 262.24652100 449.65356445 64 255 128
103.63520050 166.93518066 531.38330078 64 255 128
161.66099548 257.19500732 558.86297607 64 255 128
114.28524780 203.36450195 472.03817749 64 255 128
235.86984253 253.19715881 537.93487549 64 255 128
260.02127075 255.79017639 530.77880859 64 255 128
216.93598938 235.19462585 449.36306763 64 255 128
165.14900208 276.58099365 507.94100952 64 255 128
108.64499664 214.57299805 544.77600098 64 255 128
135.05500793 265.16699219 519.86700439 64 255 128
156.83880615 224.21707153 526.69921875 64 255 128
130.11143494 133.81202698 519.24224854 64 255 128
150.01916504 232.33770752 517.46765137 64 255 128
112.59999847 218.34400940 557.48498535 64 255 128
102.96472168 187.13343811 548.39672852 64 255 128
290.52673340 271.72576904 472.49441528 64 255 128
143.20300293 272.14801025 525.09899902 64 255 128
206.57521057 241.04347229 518.83850098 64 255 128
109.88500214 217.90499878 539.34698486 64 255 128
253.34077454 268.78536987 458.78045654 64 255 128
128.83499146 255.97399902 507.70300293 64 255 128
243.69865417 214.34303284 490.68249512 64 255 128
157.09509277 147.86332703 444.26071167 64 255 128
194.48101807 164.03277588 459.96835327 64 255 128
196.35400391 280.93002319 510.33401489 64 255 128
240.93360901 210.41140747 468.95727539 64 255 128
184.25224304 230.53166199 444.98706055 64 255 128
166.33349609 126.60826874 490.95999146 64 255 128
192.50273132 246.20317078 458.63717651 64 255 128
130.27012634 209.69949341 447.60494995 64 255 128
131.73150635 151.82357788 444.77175903 64 255 128
115.42900085 199.44000244 566.01800537 64 255 128
224.06278992 186.32263184 462.48477173 64 255 128
218.72927856 211.99916077 511.91418457 64 255 128
208.13066101 234.60974121 448.30886841 64 255 128
116.61903381 137.65142822 496.94201660 64 255 128
162.67257690 141.91026306 503.59201050 64 255 128
286.36669922 265.53634644 504.90133667 64 255 128
192.70211792 215.30364990 442.96014404 64 255 128
184.67399597 267.98001099 487.83300781 64 255 128
209.52395630 258.39306641 522.99163818 64 255 128
173.05744934 138.57185364 490.23944092 64 255 128
106.37000275 205.33399963 499.44497681 64 255 128
277.03369141 270.03796387 495.19515991 64 255 128
226.22288513 251.07186890 532.76550293 64 255 128
186.29727173 167.30502319 486.58523560 64 255 128
205.55000305 274.23001099 495.67300415 64 255 128
100.01306915 176.11512756 512.39331055 64 255 128
293.83078003 252.38743591 442.45373535 64 255 128
156.50527954 162.88697815 525.62945557 64 255 128
276.97430420 253.66351318 437.77862549 64 255 128
104.00099945 196.21600342 560.78796387 64 255 128
212.39530945 245.11303711 509.88888550 64 255 128
233.95666504 220.98567200 505.21099854 64 255 128
156.28533936 122.19063568 485.76406860 64 255 128
237.31610107 253.19393921 447.66046143 64 255 128
118.15474701 152.90827942 541.37280273 64 255 128
270.30422974 272.54483032 477.65142822 64 255 128
185.23905945 149.68531799 451.57980347 64 255 128
231.50956726 265.89999390 459.43026733 64 255 128
152.98699951 258.90798950 480.33200073 64 255 128
280.75061035 254.81549072 499.98587036 64 255 128
158.34750366 176.72599792 437.79974365 64 255 128
135.95500183 266.43402100 527.09100342 64 255 128
186.08399963 140.39553833 460.25924683 64 255 128
155.43901062 247.90400696 465.48699951 64 255 128
174.98019409 148.13742065 447.35494995 64 255 128
103.44218445 194.78977966 501.04367065 64 255 128
111.22799683 224.54899597 529.42504883 64 255 128
150.18495178 184.43261719 436.98141479 64 255 128
275.85418701 235.58206177 427.65203857 64 255 128
220.14645386 271.99978638 475.35711670 64 255 128
141.23501587 172.85841370 538.84472656 64 255 128
230.80496216 274.70681763 487.73992920 64 255 128
137.95159912 124.28330994 474.63662720 64 255 128
100.24706268 186.51417542 525.79418945 64 255 128
164.23902893 149.65820312 506.25830078 64 255 128
246.95143127 258.92449951 449.34857178 64 255 128
277.24050903 264.10510254 447.80664062 64 255 128
174.09239197 165.35752869 440.36102295 64 255 128
204.35659790 210.01725769 518.64996338 64 255 128
156.40646362 131.39492798 506.74356079 64 255 128
221.47824097 260.04006958 527.67028809 64 255 128
122.80476379 195.11459351 557.15057373 64 255 128
219.30082703 254.22033691 509.53042603 64 255 128
170.46380615 161.79933167 509.95416260 64 255 128
173.60551453 201.76943970 533.21398926 64 255 128
227.55654907 262.36718750 531.80517578 64 255 128
140.04699707 243.79800415 466.78097534 64 255 128
107.49399567 216.19300842 505.65499878 64 255 128
245.16947937 243.16098022 442.92922974 64 255 128
194.82348633 179.49354553 446.29434204 64 255 128
155.99069214 217.43601990 442.21197510 64 255 128
161.77000427 273.56600952 545.46496582 64 255 128
233.61878967 208.01803589 456.76403809 64 255 128
168.77542114 150.74554443 501.17868042 64 255 128
229.55212402 194.97273254 463.40521240 64 255 128
187.72601318 281.58898926 538.00701904 64 255 128
231.71678162 272.61123657 471.70513916 64 255 128
260.98068237 272.32986450 490.73031616 64 255 128
170.06549072 124.48683167 466.98959351 64 255 128
259.53268433 235.93200684 507.99215698 64 255 128
180.19349670 221.05307007 521.83496094 64 255 128
271.13265991 266.04046631 521.17950439 64 255 128
216.46574402 180.60571289 468.28121948 64 255 128
286.19400024 243.47044373 441.80731201 64 255 128
150.10359192 145.07708740 522.15252686 64 255 128
191.70922852 171.34869385 477.60317993 64 255 128
190.67552185 157.53370667 469.48394775 64 255 128
216.33483887 226.31306458 501.13864136 64 255 128
100.65296173 175.85305786 525.04376221 64 255 128
167.42999268 268.44900513 555.93298340 64 255 128
265.59323120 271.13064575 495.25955200 64 255 128
172.76876831 226.91871643 444.37057495 64 255 128
103.62000275 201.41799927 551.21301270 64 255 128
208.13630676 257.72717285 464.91726685 64 255 128
152.76199341 272.30200195 507.48001099 64 255 128
212.31459045 202.10473633 484.21118164 64 255 128
144.65699768 257.58200073 564.19500732 64 255 128
279.79034424 272.40264893 480.39257812 64 255 128
102.39176941 173.89144897 534.15606689 64 255 128
209.46719360 256.63546753 510.93249512 64 255 128
115.09922791 175.28068542 554.49346924 64 255 128
192.50999451 260.48999023 551.29998779 64 255 128
179.52908325 129.64790344 472.16781616 64 255 128
189.30007935 218.33323669 518.75482178 64 255 128
103.21704865 160.84410095 477.77792358 64 255 128
161.41360474 207.45779419 439.62542725 64 255 128
179.76135254 186.14079285 439.53265381 64 255 128
253.62474060 231.29959106 500.53710938 64 255 128
154.37202454 155.81657410 523.83709717 64 255 128
109.71562195 179.01506042 461.30807495 64 255 128
102.42401123 171.96469116 480.38751221 64 255 128
152.27699280 266.15200806 554.42401123 64 255 128
107.73617554 149.19407654 502.94851685 64 255 128
214.90576172 222.78753662 446.27294922 64 255 128
198.10899353 265.03100586 534.08801270 64 255 128
235.25950623 274.51770020 500.20254517 64 255 128
117.63148499 187.52694702 557.06628418 64 255 128
238.57128906 269.74136353 462.33157349 64 255 128
130.90336609 193.17318726 550.71264648 64 255 128
117.85815430 206.08332825 463.77441406 64 255 128
180.38781738 168.31867981 497.86672974 64 255 128
159.28646851 125.87228394 461.45797729 64 255 128
279.65222168 271.66564941 464.19549561 64 255 128
104.34700012 205.12600708 518.03204346 64 255 128
128.68598938 242.64100647 472.51599121 64 255 128
290.39163208 261.78958130 489.73867798 64 255 128
121.44999695 241.52299500 482.61599731 64 255 128
121.72100067 244.62300110 537.29394531 64 255 128
285.14004517 249.80220032 461.82092285 64 255 128
239.99290466 209.23292542 446.65097046 64 255 128
180.12500000 283.82598877 518.10400391 64 255 128
220.36410522 231.43325806 497.44442749 64 255 128
286.59677124 270.84185791 463.43460083 64 255 128
254.06869507 256.41888428 446.53085327 64 255 128
116.97052765 179.17105103 452.15753174 64 255 128
143.03709412 189.94670105 438.41799927 64 255 128
226.40803528 227.97535706 446.56512451 64 255 128
163.31584167 222.05076599 442.83599854 64 255 128
174.15899658 130.30728149 485.57565308 64 255 128
99.88978577 185.36056519 518.28131104 64 255 128
276.74368286 244.44567871 482.44055176 64 255 128
126.88459778 147.98228455 538.55200195 64 255 128
166.40501404 260.67401123 478.20700073 64 255 128
124.84801483 189.27111816 450.22232056 64 255 128
118.76430511 170.67240906 449.97506714 64 255 128
176.67800903 264.99899292 485.00100708 64 255 128
215.69619751 214.45072937 447.76907349 64 255 128
288.56933594 254.39581299 436.08404541 64 255 128
182.33401489 234.01889038 540.38934326 64 255 128
273.13238525 249.20863342 507.86911011 64 255 128
153.15049744 226.26414490 522.41589355 64 255 128
103.60546875 160.28955078 515.97180176 64 255 128
175.95783997 173.92971802 511.58123779 64 255 128
157.55125427 155.32502747 440.94915771 64 255 128
154.08499146 263.49600220 563.86297607 64 255 128
237.96791077 219.28463745 501.03759766 64 255 128
293.89379883 265.08566284 480.83755493 64 255 128
152.51499939 268.57299805 549.35400391 64 255 128
266.31649780 248.96847534 517.15008545 64 255 128
141.41671753 161.77178955 439.84948730 64 255 128
273.74670410 258.60916138 519.81555176 64 255 128
192.29078674 181.67488098 479.75381470 64 255 128
154.46308899 197.71977234 436.24362183 64 255 128
214.54946899 189.27894592 450.13772583 64 255 128
125.60999298 252.18000793 516.63500977 64 255 128
145.24899292 239.38000488 566.50903320 64 255 128
186.88313293 217.25357056 507.66403198 64 255 128
108.19899750 221.14300537 515.98199463 64 255 128
176.17810059 143.28916931 449.94528198 64 255 128
109.71416473 191.10751343 468.96972656 64 255 128
287.74865723 268.37960815 456.04776001 64 255 128
182.06500244 260.90802002 477.69100952 64 255 128
124.65915680 199.09742737 451.39260864 64 255 128
167.56892395 139.55047607 449.74816895 64 255 128
236.82614136 272.30627441 517.43725586 64 255 128
137.94499207 247.34500122 568.62597656 64 255 128
222.04777527 264.85244751 462.55493164 64 255 128
170.52612305 214.52534485 522.59106445 64 255 128
113.33700562 222.45899963 547.17895508 64 255 128
210.86067200 271.20605469 488.85791016 64 255 128
109.95599365 215.01100159 492.60000610 64 255 128
180.23815918 158.75028992 444.76116943 64 255 128
251.51541138 246.90171814 441.47277832 64 255 128
129.19468689 176.66056824 545.56787109 64 255 128
117.33599854 235.71301270 485.18499756 64 255 128
160.13999939 280.11999512 524.54699707 64 255 128
156.37300110 272.30700684 544.73297119 64 255 128
187.84530640 239.05502319 545.20678711 64 255 128
167.55181885 189.62675476 529.59851074 64 255 128
134.58760071 213.57283020 446.05590820 64 255 128
201.68943787 199.98837280 479.02160645 64 255 128
124.18099976 213.29901123 457.93399048 64 255 128
183.97854614 219.24728394 440.17092896 64 255 128
219.13299561 246.52604675 453.34582520 64 255 128
268.75659180 233.44372559 484.19412231 64 255 128
124.44700623 222.70399475 459.92498779 64 255 128
124.88603210 181.15361023 446.89151001 64 255 128
102.50800323 201.17401123 537.46301270 64 255 128
169.95919800 239.85964966 456.49456787 64 255 128
246.37454224 227.27757263 439.05395508 64 255 128
106.42399597 211.71200562 522.52099609 64 255 128
279.28189087 268.41278076 454.86914062 64 255 128
117.47284698 141.33511353 518.54803467 64 255 128
189.17314148 159.97854614 450.56542969 64 255 128
156.39700317 239.14498901 458.36898804 64 255 128
218.13304138 206.87646484 501.37579346 64 255 128
114.90856171 161.50373840 453.87969971 64 255 128
233.79388428 215.46649170 442.79174805 64 255 128
269.54284668 237.45375061 488.23422241 64 255 128
205.27101135 279.13900757 515.98797607 64 255 128
113.16799927 227.59899902 499.09201050 64 255 128
147.88299561 250.07701111 470.82202148 64 255 128
227.23400879 201.37345886 494.93164062 64 255 128
154.12298584 276.73501587 532.99804688 64 255 128
179.36399841 282.71200562 532.65899658 64 255 128
152.96398926 277.21200562 527.25299072 64 255 128
264.36718750 229.37365723 485.41366577 64 255 128
193.75431824 197.16522217 509.77813721 64 255 128
229.30392456 197.49227905 457.21231079 64 255 128
215.83642578 274.12075806 520.86132812 64 255 128
255.88899231 225.20956421 490.23742676 64 255 128
219.09762573 197.66528320 446.52566528 64 255 128
185.78199768 282.37597656 532.04602051 64 255 128
277.68264771 227.91326904 433.30883789 64 255 128
196.74400330 240.82046509 452.47793579 64 255 128
177.34803772 215.66601562 538.87329102 64 255 128
152.26000977 265.60501099 495.07202148 64 255 128
170.66157532 203.03475952 439.48358154 64 255 128
244.83293152 274.03149414 488.05169678 64 255 128
101.34995270 172.91113281 487.04650879 64 255 128
192.16734314 237.52700806 450.65570068 64 255 128
211.09031677 201.93289185 470.03942871 64 255 128
229.98059082 241.89396667 448.37051392 64 255 128
104.96074677 190.78474426 478.75955200 64 255 128
198.49090576 240.84611511 538.51562500 64 255 128
142.65600586 258.46798706 487.47100830 64 255 128
179.58631897 202.79080200 439.15753174 64 255 128
168.15626526 224.47554016 526.06494141 64 255 128
137.22482300 127.78335571 494.14840698 64 255 128
144.89300537 268.66098022 541.96502686 64 255 128
136.95899963 236.91999817 461.32299805 64 255 128
143.28619385 201.49800110 438.11520386 64 255 128
160.34098816 278.94198608 517.10400391 64 255 128
171.36999512 266.12698364 488.98101807 64 255 128
169.71699524 282.69799805 522.56500244 64 255 128
131.53100586 249.89799500 482.50698853 64 255 128
150.22799683 252.42001343 566.62298584 64 255 128
102.19670105 161.40205383 505.47778320 64 255 128
276.03393555 245.90419006 487.58255005 64 255 128
222.76670837 244.98814392 500.24951172 64 255 128
295.44906616 263.44439697 457.10409546 64 255 128
229.91653442 273.30163574 513.87841797 64 255 128
183.29800415 251.73500061 468.32000732 64 255 128
102.69297791 183.97235107 489.19049072 64 255 128
232.36589050 240.15225220 528.51269531 64 255 128
225.51449585 215.44055176 444.22763062 64 255 128
131.68699646 188.62503052 444.86157227 64 255 128
133.01011658 135.35423279 523.97497559 64 255 128
288.93820190 258.31118774 477.25686646 64 255 128
249.93261719 231.46752930 504.72891235 64 255 128
218.74676514 236.76106262 504.37753296 64 255 128
203.64306641 229.40528870 505.70935059 64 255 128
113.25592804 188.63354492 461.67007446 64 255 128
150.63800049 231.27099609 453.92797852 64 255 128
240.98902893 272.78875732 513.07666016 64 255 128
196.36500549 281.59799194 521.47802734 64 255 128
162.49989319 215.77005005 519.94464111 64 255 128
161.20007324 162.86141968 440.22653198 64 255 128
122.93696594 165.36378479 447.34231567 64 255 128
107.12775421 186.47575378 560.68652344 64 255 128
124.06100464 248.50399780 532.23901367 64 255 128
178.14768982 224.57223511 442.64251709 64 255 128
112.26956177 144.66163635 475.06359863 64 255 128
182.27699280 270.81997681 492.32400513 64 255 128
268.70236206 225.35090637 458.42138672 64 255 128
112.51300049 222.69900513 539.01898193 64 255 128
122.04103088 131.81469727 485.73910522 64 255 128
251.80413818 220.39254761 433.66110229 64 255 128
241.12965393 236.22984314 523.00073242 64 255 128
184.73159790 136.88987732 465.60644531 64 255 128
170.66799927 250.72100830 551.46197510 64 255 128
125.12199402 220.86499023 567.17596436 64 255 128
200.53611755 238.54922485 532.75958252 64 255 128
202.64759827 251.04090881 536.68359375 64 255 128
249.90303040 232.26052856 439.09338379 64 255 128
148.23622131 123.28746796 466.22430420 64 255 128
193.17761230 166.62402344 450.74621582 64 255 128
222.10394287 273.53842163 480.18814087 64 255 128
122.60299683 247.59100342 511.71398926 64 255 128
136.35694885 174.63423157 541.97027588 64 255 128
165.81568909 197.13999939 437.49645996 64 255 128
231.59106445 197.88905334 484.99020386 64 255 128
280.93783569 244.29229736 463.65557861 64 255 128
223.32858276 190.26510620 454.70605469 64 255 128
127.74446869 166.97906494 545.68841553 64 255 128
128.60478210 198.88316345 447.46582031 64 255 128
159.87483215 126.25145721 495.94372559 64 255 128
160.54966736 235.53062439 455.22128296 64 255 128
142.08200073 269.73599243 514.95495605 64 255 128
183.13812256 149.37155151 479.81979370 64 255 128
191.40953064 190.57003784 455.08389282 64 255 128
144.72399902 272.65899658 530.76599121 64 255 128
123.37099457 248.07099915 519.08898926 64 255 128
130.61100769 240.43899536 567.55603027 64 255 128
155.44299316 258.46298218 564.67004395 64 255 128
178.52101135 261.39001465 551.22601318 64 255 128
145.92599487 255.67298889 479.62298584 64 255 128
199.25041199 179.29763794 449.62011719 64 255 128
203.90713501 238.25318909 451.35296631 64 255 128
101.00699615 197.12500000 527.22296143 64 255 128
242.77040100 264.52197266 454.58224487 64 255 128
216.40864563 195.06289673 463.38940430 64 255 128
148.93981934 132.51997375 514.30511475 64 255 128
193.10632324 182.46673584 467.13177490 64 255 128
130.25881958 130.18363953 499.98904419 64 255 128
255.81106567 270.32025146 511.99423218 64 255 128
281.17694092 266.63681030 509.52822876 64 255 128
199.38523865 257.47137451 467.16339111 64 255 128
106.26420593 153.42910767 485.07504272 64 255 128
167.70300293 254.25198364 469.93801880 64 255 128
203.57107544 202.19102478 465.12988281 64 255 128
253.94839478 229.57855225 436.71072388 64 255 128
172.38174438 223.55163574 544.51934814 64 255 128
188.51506042 146.87245178 465.50515747 64 255 128
213.21694946 257.69146729 514.40417480 64 255 128
261.20547485 216.51019287 445.66824341 64 255 128
193.50984192 193.84388733 464.99981689 64 255 128
133.35299683 239.28900146 465.31701660 64 255 128
219.04071045 266.73153687 527.58148193 64 255 128
109.21446228 155.59536743 461.27517700 64 255 128
173.58799744 282.02398682 514.53796387 64 255 128
290.62835693 250.31439209 433.55401611 64 255 128
198.95425415 203.58883667 512.40740967 64 255 128
173.05931091 186.26402283 522.58947754 64 255 128
103.95500183 200.16899109 556.26599121 64 255 128
271.03735352 245.27694702 436.22338867 64 255 128
237.11338806 206.38237000 464.02032471 64 255 128
168.79400635 282.11599731 530.92700195 64 255 128
104.42768097 158.34449768 473.21728516 64 255 128
215.18742371 262.55380249 464.84344482 64 255 128
172.16099548 275.92001343 502.21401978 64 255 128
191.74421692 234.73081970 534.16113281 64 255 128
194.29722595 265.80511475 482.06927490 64 255 128
209.09754944 256.48434448 519.38415527 64 255 128
180.59933472 187.23445129 517.28955078 64 255 128
138.37069702 180.40206909 542.67639160 64 255 128
167.40522766 155.04510498 441.75784302 64 255 128
123.55500031 247.79400635 526.22698975 64 255 128
169.04324341 199.12896729 534.95629883 64 255 128
255.61294556 241.57832336 438.94732666 64 255 128
194.47145081 233.19552612 523.54083252 64 255 128
244.83084106 241.07583618 527.21563721 64 255 128
283.92724609 258.21044922 502.38531494 64 255 128
204.42985535 254.11083984 526.38659668 64 255 128
201.76007080 220.12712097 504.65231323 64 255 128
265.48693848 226.03909302 477.44949341 64 255 128
178.06401062 283.97100830 523.31195068 64 255 128
234.55989075 274.56634521 491.54089355 64 255 128
124.92000580 230.85800171 567.87701416 64 255 128
114.20299530 218.50199890 476.65499878 64 255 128
148.63049316 144.03169250 445.02609253 64 255 128
238.45957947 270.19735718 523.48767090 64 255 128
168.21099854 278.77899170 540.67700195 64 255 128
216.53692627 276.45837402 511.31033325 64 255 128
144.36973572 218.50186157 558.96899414 64 255 128
277.21582031 268.87286377 500.77087402 64 255 128
138.07656860 210.97206116 556.10186768 64 255 128
142.62196350 134.06021118 519.99530029 64 255 128
178.35408020 138.87033081 452.97222900 64 255 128
169.24378967 163.49507141 440.00402832 64 255 128
118.30069733 158.59979248 450.98718262 64 255 128
189.59762573 219.88037109 442.04495239 64 255 128
232.62998962 234.13313293 516.75128174 64 255 128
166.55230713 211.54724121 514.39282227 64 255 128
140.14753723 210.84753418 442.87695312 64 255 128
194.80795288 210.01583862 526.05725098 64 255 128
109.66759491 148.91307068 465.48388672 64 255 128
208.51770020 209.78199768 513.19842529 64 255 128
125.87000275 238.10101318 562.40203857 64 255 128
233.61116028 209.75210571 444.12792969 64 255 128
124.18636322 208.95703125 456.22088623 64 255 128
122.21099854 245.76600647 492.36398315 64 255 128
198.14099121 272.70999146 537.41003418 64 255 128
192.27600098 274.34399414 495.72698975 64 255 128
131.94636536 127.97895050 488.83444214 64 255 128
157.46400452 274.83599854 508.97598267 64 255 128
192.05773926 187.56806946 476.32431030 64 255 128
117.83599854 211.87899780 466.47500610 64 255 128
109.30344391 157.49681091 536.78924561 64 255 128
238.82859802 234.83512878 442.81970215 64 255 128
206.00816345 216.62426758 446.10690308 64 255 128
107.13116455 201.40051270 492.10241699 64 255 128
157.53723145 230.91183472 452.78878784 64 255 128
245.69541931 267.69274902 528.58691406 64 255 128
225.01672363 275.91891479 500.88583374 64 255 128
116.80362701 157.79013062 545.74407959 64 255 128
217.90754700 185.50985718 468.53848267 64 255 128
107.82813263 149.04701233 493.92236328 64 255 128
113.31632996 141.18899536 489.00967407 64 255 128
282.37216187 237.34385681 440.86151123 64 255 128
196.37394714 196.20208740 478.50018311 64 255 128
145.64999390 242.37200928 463.53399658 64 255 128
272.28463745 252.23860168 513.84350586 64 255 128
139.02429199 141.99987793 529.57788086 64 255 128
280.89288330 231.78697205 434.48159790 64 255 128
181.72994995 192.80155945 520.07061768 64 255 128
196.37332153 202.60688782 517.49523926 64 255 128
172.14601135 275.89099121 549.16198730 64 255 128
176.44471741 226.10824585 536.50323486 64 255 128
158.81935120 187.55148315 535.87988281 64 255 128
185.71083069 175.22978210 495.78552246 64 255 128
233.75802612 274.53610229 478.02902222 64 255 128
220.51945496 274.38696289 485.84078979 64 255 128
256.24349976 212.77757263 434.61749268 64 255 128
250.56106567 265.61447144 530.35083008 64 255 128
241.84347534 229.57522583 440.99279785 64 255 128
196.43507385 250.64292908 548.12548828 64 255 128
207.23666382 203.64137268 496.89572144 64 255 128
132.28799438 248.29499817 560.61499023 64 255 128
106.38500214 210.16000366 543.77600098 64 255 128
115.13300323 232.31700134 534.38995361 64 255 128
134.27038574 184.04658508 443.77856445 64 255 128
177.96958923 240.74269104 547.66284180 64 255 128
210.87751770 216.62672424 508.17947388 64 255 128
165.43200684 248.99299622 465.11798096 64 255 128
123.20706177 151.76860046 541.86175537 64 255 128
222.35113525 269.24789429 469.11138916 64 255 128
291.30413818 270.80230713 485.57974243 64 255 128
244.23362732 226.94128418 497.55474854 64 255 128
202.23367310 202.67674255 501.98400879 64 255 128
227.35731506 192.99064636 483.72366333 64 255 128
286.98666382 240.57406616 434.65512085 64 255 128
239.82743835 256.80093384 538.79431152 64 255 128
276.71145630 244.36450195 432.89157104 64 255 128
280.66159058 241.64149475 454.18978882 64 255 128
192.42028809 194.30165100 503.67687988 64 255 128
236.61207581 225.06417847 441.73626709 64 255 128
151.59712219 175.99519348 438.20559692 64 255 128
160.24412537 207.20237732 525.95361328 64 255 128
249.19042969 269.63107300 519.79559326 64 255 128
194.09642029 250.14662170 461.82247925 64 255 128
212.08543396 253.31306458 505.61297607 64 255 128
141.81706238 222.03805542 449.07327271 64 255 128
111.40078735 145.56341553 480.49725342 64 255 128
196.21284485 182.89353943 452.51678467 64 255 128
219.01177979 253.09593201 503.09896851 64 255 128
158.65998840 277.76199341 534.85205078 64 255 128
287.62762451 260.76358032 494.93371582 64 255 128
151.00312805 194.68429565 543.41210938 64 255 128
103.90208435 162.04917908 521.24530029 64 255 128
121.14663696 176.08627319 552.33172607 64 255 128
137.99600220 226.34098816 454.04199219 64 255 128
245.76190186 211.33892822 457.97866821 64 255 128
163.61927795 213.49488831 547.27545166 64 255 128
291.45809937 256.96975708 459.06628418 64 255 128
258.01489258 239.52853394 517.04266357 64 255 128
216.94515991 248.01658630 510.14489746 64 255 128
240.81245422 273.88525391 496.88220215 64 255 128
200.96899414 275.59301758 497.11798096 64 255 128
279.74975586 238.34690857 448.73455811 64 255 128
230.30625916 275.20611572 502.21490479 64 255 128
237.91659546 202.93034363 478.24526978 64 255 128
101.22399139 166.18785095 505.25344849 64 255 128
201.66183472 258.29141235 539.77203369 64 255 128
218.04048157 245.26101685 519.20379639 64 255 128
119.36100006 227.08099365 469.49099731 64 255 128
164.95826721 223.98542786 517.51110840 64 255 128
129.83499146 254.52798462 541.41003418 64 255 128
212.61026001 271.50881958 480.39056396 64 255 128
183.98562622 235.10902405 449.03509521 64 255 128
273.55130005 235.00492859 467.48416138 64 255 128
186.45953369 224.45983887 522.77478027 64 255 128
241.64569092 221.66400146 497.14364624 64 255 128
218.20600891 182.41438293 458.63043213 64 255 128
133.30801392 202.06474304 555.12872314 64 255 128
101.33736420 170.67776489 521.42413330 64 255 128
151.91600037 273.61398315 538.98101807 64 255 128
122.78799438 236.90600586 472.69601440 64 255 128
254.22128296 243.87844849 524.78723145 64 255 128
159.64830017 189.13566589 436.74966431 64 255 128
120.22399902 220.79199219 464.86499023 64 255 128
160.74658203 234.23274231 558.00982666 64 255 128
246.58341980 273.39404297 502.44992065 64 255 128
170.45668030 183.67866516 437.75363159 64 255 128
144.87913513 152.76277161 442.98275757 64 255 128
229.32058716 213.57913208 505.72799683 64 255 128
113.08302307 144.39953613 462.24148560 64 255 128
112.05150604 146.95440674 519.43750000 64 255 128
208.95458984 221.02978516 504.57583618 64 255 128
189.83132935 197.88134766 448.22976685 64 255 128
247.43513489 236.95840454 440.83685303 64 255 128
240.42744446 206.52618408 481.42376709 64 255 128
217.10728455 197.28117371 473.39431763 64 255 128
117.33191681 186.40803528 455.19195557 64 255 128
274.80847168 271.33340454 489.88497925 64 255 128
168.41799927 279.93899536 512.14495850 64 255 128
142.09799194 235.37899780 458.29598999 64 255 128
161.10913086 131.91220093 501.75927734 64 255 128
236.74864197 248.29827881 535.92449951 64 255 128
208.74464417 249.18980408 516.39520264 64 255 128
148.02761841 180.40858459 438.74676514 64 255 128
191.18058777 181.14688110 485.87756348 64 255 128
127.34873962 140.79177856 451.35482788 64 255 128
106.67947388 184.27429199 467.97857666 64 255 128
156.27212524 127.98068237 458.18231201 64 255 128
152.81599426 262.45199585 488.45300293 64 255 128
121.60500336 240.93699646 545.55895996 64 255 128
215.06217957 196.81950378 456.94781494 64 255 128
204.07385254 264.21484375 527.14642334 64 255 128
263.66458130 243.53456116 437.32421875 64 255 128
187.20094299 248.13037109 464.26147461 64 255 128
134.43798828 261.72702026 537.37200928 64 255 128
288.11068726 272.56759644 476.75570679 64 255 128
228.80906677 244.60121155 531.19934082 64 255 128
194.42755127 178.79414368 472.66775513 64 255 128
194.51408386 175.07803345 476.24945068 64 255 128
149.11306763 168.06567383 532.82720947 64 255 128
144.03439331 125.34140015 489.43661499 64 255 128
127.02110291 141.01348877 531.00885010 64 255 128
181.77204895 165.19105530 492.36209106 64 255 128
198.86169434 174.53088379 466.43142700 64 255 128
166.25997925 205.87751770 541.78308105 64 255 128
138.02230835 192.26597595 547.84680176 64 255 128
150.45439148 184.18832397 539.69268799 64 255 128
262.87686157 221.91810608 469.95898438 64 255 128
101.45800018 197.06800842 520.39801025 64 255 128
221.29206848 249.04934692 498.93887329 64 255 128
205.31941223 205.22787476 506.06091309 64 255 128
146.52636719 123.69342804 475.22381592 64 255 128
107.97499847 203.46800232 567.10900879 64 255 128
256.41122437 235.17626953 511.77395630 64 255 128
121.88683319 167.05209351 550.34594727 64 255 128
205.51989746 270.25567627 484.60891724 64 255 128
183.05375671 158.33557129 486.20880127 64 255 128
252.88674927 214.70915222 467.49295044 64 255 128
161.74172974 227.32916260 520.08276367 64 255 128
208.60978699 206.86558533 455.03021240 64 255 128
261.71029663 265.66940308 527.72131348 64 255 128
133.80619812 146.66564941 535.08483887 64 255 128
254.20469666 272.27334595 502.88967896 64 255 128
186.22656250 184.35133362 441.66448975 64 255 128
231.66705322 195.80046082 475.33731079 64 255 128
105.94733429 165.03401184 465.87609863 64 255 128
111.17614746 162.21646118 546.03033447 64 255 128
193.46600342 224.64401245 444.14611816 64 255 128
148.00148010 202.70544434 437.70379639 64 255 128
252.03710938 259.05087280 537.77380371 64 255 128
127.14600372 250.42301941 543.20501709 64 255 128
100.29000092 177.56645203 496.46139526 64 255 128
142.54417419 125.94075775 501.35360718 64 255 128
150.54951477 159.60456848 441.25540161 64 255 128
251.87843323 215.33239746 473.00064087 64 255 128
101.97113800 163.95614624 484.65246582 64 255 128
246.82942200 262.89630127 452.44305420 64 255 128
273.07186890 269.81054688 498.22058105 64 255 128
140.31597900 125.87641144 483.92489624 64 255 128
131.95100403 252.44500732 551.27099609 64 255 128
101.31413269 165.98272705 493.03073120 64 255 128
200.52479553 199.89248657 487.76031494 64 255 128
195.61029053 198.48431396 504.40396118 64 255 128
162.23699951 271.51501465 499.55001831 64 255 128
101.47914886 189.88180542 535.74072266 64 255 128
101.11773682 186.37405396 530.52239990 64 255 128
122.68776703 151.64552307 449.11154175 64 255 128
189.08148193 205.94918823 441.39642334 64 255 128
277.04016113 237.63391113 458.63662720 64 255 128
188.08619690 211.37734985 530.79455566 64 255 128
191.31529236 188.73373413 492.11898804 64 255 128
134.25056458 178.92945862 443.31045532 64 255 128
191.29013062 157.07788086 457.84680176 64 255 128
115.12400055 224.38499451 477.40301514 64 255 128
113.03924561 191.05744934 562.04925537 64 255 128
261.05523682 253.40386963 442.71871948 64 255 128
243.38778687 232.02833557 513.39837646 64 255 128
186.95356750 261.93380737 479.66860962 64 255 128
180.64054871 139.66146851 481.91769409 64 255 128
173.89653015 125.17525482 472.01651001 64 255 128
191.07495117 174.58471680 445.60263062 64 255 128
101.45188141 184.16163635 497.99603271 64 255 128
169.94577026 218.11326599 512.65270996 64 255 128
217.61634827 186.20289612 452.90167236 64 255 128
110.90879059 151.94709778 528.39996338 64 255 128
164.42033386 148.32260132 444.15197754 64 255 128
170.38822937 134.67985535 453.25183105 64 255 128
124.26399994 207.82299805 561.91998291 64 255 128
185.65364075 218.61175537 530.20898438 64 255 128
185.76660156 196.26325989 440.38476562 64 255 128
149.00817871 149.06793213 525.92755127 64 255 128
241.30102539 272.95123291 469.32003784 64 255 128
248.42562866 219.09117126 436.72052002 64 255 128
157.65718079 131.75683594 454.21566772 64 255 128
165.52839661 206.66864014 520.40435791 64 255 128
157.60130310 206.00332642 437.26937866 64 255 128
261.37710571 247.35636902 521.57720947 64 255 128
166.28842163 154.51707458 509.67901611 64 255 128
138.49382019 130.30599976 456.69064331 64 255 128
158.49565125 217.63710022 551.20660400 64 255 128
102.40499878 198.99400330 515.07299805 64 255 128
225.77980042 220.83889771 508.72402954 64 255 128
266.53488159 268.07846069 513.19140625 64 255 128
162.66815186 172.34487915 439.51425171 64 255 128
147.87466431 189.69758606 438.17681885 64 255 128
189.74459839 152.50782776 459.16220093 64 255 128
166.68632507 122.96057129 478.99923706 64 255 128
134.10400391 220.39300537 563.88201904 64 255 128
152.12892151 138.88334656 515.84472656 64 255 128
128.96800232 245.45800781 477.07302856 64 255 128
201.49899292 279.31799316 530.78503418 64 255 128
143.56700134 229.08000183 453.81399536 64 255 128
201.68957520 214.75552368 518.51940918 64 255 128
184.85600281 283.16101074 518.32598877 64 255 128
149.65211487 140.87402344 519.67163086 64 255 128
105.04037476 166.82110596 538.08215332 64 255 128
203.18698120 247.60787964 532.52447510 64 255 128
126.83968353 159.40533447 446.05270386 64 255 128
157.94500732 263.17901611 486.70599365 64 255 128
185.11499023 261.35198975 551.16497803 64 255 128
159.50399780 242.50500488 459.71200562 64 255 128
220.41993713 240.02897644 492.70071411 64 255 128
288.70367432 258.42239380 486.74945068 64 255 128
112.08599854 224.09201050 496.04898071 64 255 128
269.42114258 272.12460327 472.96923828 64 255 128
143.07899475 249.44099426 472.92501831 64 255 128
222.37281799 211.21546936 507.69757080 64 255 128
175.18647766 216.83369446 512.13116455 64 255 128
136.81048584 125.63327026 463.73028564 64 255 128
195.48527527 258.32064819 469.71896362 64 255 128
193.24157715 205.38616943 522.23339844 64 255 128
135.49124146 130.79357910 516.04046631 64 255 128
185.80477905 232.15576172 528.53479004 64 255 128
207.57473755 202.15238953 475.94107056 64 255 128
274.91677856 230.84490967 449.65588379 64 255 128
117.27300262 238.98098755 511.57897949 64 255 128
208.24366760 211.73097229 451.71258545 64 255 128
147.44000244 255.91000366 568.21197510 64 255 128
178.20437622 168.78854370 503.42272949 64 255 128
286.19830322 246.48316956 447.49603271 64 255 128
255.86553955 262.94308472 534.84729004 64 255 128
132.57699585 231.85899353 459.47302246 64 255 128
109.17008209 199.79841614 483.29040527 64 255 128
191.99598694 280.22097778 504.68200684 64 255 128
184.31900024 274.44799805 496.07000732 64 255 128
204.24356079 260.20175171 467.54138184 64 255 128
276.82669067 225.35379028 428.98117065 64 255 128
185.20697021 153.27952576 478.27310181 64 255 128
135.91900635 256.54400635 552.09204102 64 255 128
140.51185608 160.70364380 536.35754395 64 255 128
187.04141235 172.69091797 489.81347656 64 255 128
249.54833984 270.03930664 461.43041992 64 255 128
225.48228455 274.10784912 512.67230225 64 255 128
124.57678223 206.70564270 452.38894653 64 255 128
290.11853027 247.83610535 440.08877563 64 255 128
256.64202881 259.80694580 448.47686768 64 255 128
157.81455994 123.53007507 465.30371094 64 255 128
257.80056763 219.23297119 430.94601440 64 255 128
174.45599365 256.11697388 470.95599365 64 255 128
134.77999878 243.10299683 569.28900146 64 255 128
223.33666992 207.92852783 447.47332764 64 255 128
199.50276184 205.27912903 453.36056519 64 255 128
133.64500427 232.78799438 569.03796387 64 255 128
233.47352600 200.84425354 487.93051147 64 255 128
188.51881409 152.79550171 471.48126221 64 255 128
173.14506531 149.25827026 494.80972290 64 255 128
105.52199554 209.10299683 538.76605225 64 255 128
137.93200684 262.39099121 543.96697998 64 255 128
165.11860657 126.45481873 460.50570679 64 255 128
140.17124939 185.77711487 440.78726196 64 255 128
181.45289612 211.53286743 535.09002686 64 255 128
120.08900452 243.63101196 511.49700928 64 255 128
118.38400269 240.83699036 521.57800293 64 255 128
190.37561035 217.91584778 525.76831055 64 255 128
192.80387878 191.18566895 485.29953003 64 255 128
180.17298889 283.48602295 527.61499023 64 255 128
203.04399109 275.27401733 535.25299072 64 255 128
221.51478577 222.17079163 446.70037842 64 255 128
272.52038574 235.34637451 476.29367065 64 255 128
266.95986938 270.08407593 502.49862671 64 255 128
267.59594727 236.24165344 434.82391357 64 255 128
178.22970581 240.48200989 455.51873779 64 255 128
119.96299744 228.90899658 559.81097412 64 255 128
109.92400360 211.07899475 488.95700073 64 255 128
122.05900574 233.32099915 469.77697754 64 255 128
181.21699524 251.82501221 553.73199463 64 255 128
271.64450073 220.38708496 429.41400146 64 255 128
232.55210876 197.81848145 480.31555176 64 255 128
238.61781311 242.94912720 446.48220825 64 255 128
191.86573792 191.81321716 496.56164551 64 255 128
126.88772583 173.18403625 444.96560669 64 255 128
213.40060425 237.79869080 496.51782227 64 255 128
129.22898865 256.95300293 518.95300293 64 255 128
140.80926514 185.10018921 542.84790039 64 255 128
264.30441284 236.95724487 497.96459961 64 255 128
105.72282410 198.31933594 488.51840210 64 255 128
117.04144287 144.52520752 527.24066162 64 255 128
214.99821472 187.18446350 456.98321533 64 255 128
183.64521790 182.84735107 508.53747559 64 255 128
261.35104370 271.99984741 470.93414307 64 255 128
104.69499969 206.43200684 522.49005127 64 255 128
226.71897888 201.61726379 450.08941650 64 255 128
201.94104004 269.63171387 485.48809814 64 255 128
148.25224304 201.83265686 547.65673828 64 255 128
147.34678650 123.99313354 493.38247681 64 255 128
126.91999817 253.46401978 503.75497437 64 255 128
118.47763062 194.99707031 460.03189087 64 255 128
195.89201355 280.09500122 537.54199219 64 255 128
207.18307495 246.68174744 456.95736694 64 255 128
262.15933228 268.01666260 515.08453369 64 255 128
216.59539795 252.82197571 520.07421875 64 255 128
163.30300903 280.58599854 529.92700195 64 255 128
153.98847961 132.32337952 510.67077637 64 255 128
206.27600098 271.54699707 530.83404541 64 255 128
181.40400696 220.35139465 527.43927002 64 255 128
165.59715271 142.17623901 498.96575928 64 255 128
140.00755310 197.52026367 550.50097656 64 255 128
135.43743896 165.32287598 540.08764648 64 255 128
159.97099304 249.04699707 465.72100830 64 255 128
107.38899994 213.62100220 528.17901611 64 255 128
259.65191650 252.11688232 528.01690674 64 255 128
184.56878662 217.80546570 519.91516113 64 255 128
236.13172913 248.75721741 448.14855957 64 255 128
259.92962646 273.10009766 479.29595947 64 255 128
114.38845825 199.09405518 468.94515991 64 255 128
154.71585083 147.34732056 518.89111328 64 255 128
106.83100128 215.94400024 512.26696777 64 255 128
241.72976685 261.37341309 537.81506348 64 255 128
210.89533997 246.00178528 503.47094727 64 255 128
217.85273743 226.82429504 506.01745605 64 255 128
112.53881073 201.75765991 475.71887207 64 255 128
201.50205994 237.51139832 526.61053467 64 255 128
179.04792786 206.05950928 533.16418457 64 255 128
283.00054932 248.91709900 473.04391479 64 255 128
152.10034180 225.47164917 556.79956055 64 255 128
193.34524536 169.13664246 473.68176270 64 255 128
199.76660156 233.28065491 448.28399658 64 255 128
275.68588257 271.09280396 461.87103271 64 255 128
175.67958069 232.47128296 447.43298340 64 255 128
199.07971191 229.95788574 512.21533203 64 255 128
159.92051697 193.19436646 537.72442627 64 255 128
201.33837891 245.58964539 456.45489502 64 255 128
194.94320679 188.15582275 444.96456909 64 255 128
167.62884521 224.12367249 444.80105591 64 255 128
162.40995789 211.90872192 440.13894653 64 255 128
233.71214294 205.80995178 495.68164062 64 255 128
234.40489197 268.42572021 528.84307861 64 255 128
207.43945312 229.24569702 447.33044434 64 255 128
139.33299255 237.60800171 566.53704834 64 255 128
265.69747925 219.53598022 426.62826538 64 255 128
245.54570007 248.74382019 445.41107178 64 255 128
134.31799316 225.84599304 566.24700928 64 255 128
266.09777832 254.22262573 523.33001709 64 255 128
198.16799927 258.05801392 548.71203613 64 255 128
112.33899689 208.85699463 481.46600342 64 255 128
107.98724365 176.12727356 554.02490234 64 255 128
287.08203125 256.54553223 481.18753052 64 255 128
113.59078979 178.28120422 558.32531738 64 255 128
207.60496521 263.51330566 469.19354248 64 255 128
236.45904541 258.85635376 451.61160278 64 255 128
188.21444702 160.72749329 477.81823730 64 255 128
260.76397705 218.86975098 458.75512695 64 255 128
146.73420715 210.74508667 552.68395996 64 255 128
162.27499390 271.74697876 550.18298340 64 255 128
189.56646729 230.23817444 445.34231567 64 255 128
103.88021088 175.90950012 478.85809326 64 255 128
269.58413696 268.80407715 508.16433716 64 255 128
171.64799500 272.85702515 497.89199829 64 255 128
198.92808533 175.08908081 451.37097168 64 255 128
101.07635498 168.53366089 515.54254150 64 255 128
281.36495972 237.35450745 427.08093262 64 255 128
199.75764465 174.07952881 456.36145020 64 255 128
126.73279572 129.88859558 467.02127075 64 255 128
290.09259033 268.18658447 491.34579468 64 255 128
187.15702820 198.24488831 518.99816895 64 255 128
206.00659180 277.67376709 504.41073608 64 255 128
189.46302795 236.19482422 541.29760742 64 255 128
140.48098755 253.83401489 565.00500488 64 255 128
170.72700500 255.77198792 551.47998047 64 255 128
196.15200806 281.62500000 516.43798828 64 255 128
168.83464050 216.49990845 440.52407837 64 255 128
266.43609619 268.59454346 457.68362427 64 255 128
245.22833252 220.95352173 492.39959717 64 255 128
144.91200256 266.33001709 501.64901733 64 255 128
191.87599182 269.96099854 549.02899170 64 255 128
248.35174561 211.21087646 437.80026245 64 255 128
224.26412964 193.91026306 486.97244263 64 255 128
105.61628723 153.10466003 504.80288696 64 255 128
238.26661682 215.09896851 499.95706177 64 255 128
105.48981476 163.10345459 534.14788818 64 255 128
141.42095947 175.99517822 439.14776611 64 255 128
122.63500214 247.88099670 507.16601562 64 255 128
104.66530609 191.17102051 559.91070557 64 255 128
276.55572510 253.32153320 508.90170288 64 255 128
229.87059021 226.57826233 444.83279419 64 255 128
106.20899963 195.83499146 566.43096924 64 255 128
238.22930908 244.87846375 533.03338623 64 255 128
162.34088135 222.24540710 526.88024902 64 255 128
121.19696045 199.78038025 456.33383179 64 255 128
264.32418823 239.59674072 506.50674438 64 255 128
133.13299561 222.01600647 454.42700195 64 255 128
271.89862061 242.53698730 491.49874878 64 255 128
271.29058838 226.67846680 451.93423462 64 255 128
136.58953857 217.45413208 449.25888062 64 255 128
170.90858459 223.17680359 516.82427979 64 255 128
198.49217224 264.10562134 476.88800049 64 255 128
191.84463501 188.84495544 459.32925415 64 255 128
269.28738403 250.81372070 437.94314575 64 255 128
269.83840942 263.33422852 528.60034180 64 255 128
117.13600159 228.53698730 475.27502441 64 255 128
282.99182129 234.27740479 429.99389648 64 255 128
120.98265076 188.18743896 453.24353027 64 255 128
159.31298828 249.27101135 559.89703369 64 255 128
256.71984863 272.55615234 495.96255493 64 255 128
166.01000977 236.78300476 455.40600586 64 255 128
130.74398804 258.86599731 526.78100586 64 255 128
180.08230591 169.44715881 442.42071533 64 255 128
