ply
format ascii 1.0
element vertex 4096
property float x
property float y
property float z
property uchar red
property uchar green
property uchar blue
end_header
284.27703857 219.04998779 365.53652954 255 64 64
292.41436768 221.96917725 376.32965088 255 64 64
284.90197754 213.49868774 354.49536133 255 64 64
293.54141235 215.30737305 364.73083496 255 64 64
285.02749634 238.14898682 402.30749512 255 64 64
288.38732910 240.99906921 412.66583252 255 64 64
288.46826172 231.34658813 387.45251465 255 64 64
289.85522461 232.75286865 398.90954590 255 64 64
264.44882202 214.00700378 360.38482666 255 64 64
271.24884033 222.25186157 367.56289673 255 64 64
270.61798096 209.66719055 354.82995605 255 64 64
274.85266113 218.93394470 360.59747314 255 64 64
281.60433960 221.78445435 382.91778564 255 64 64
287.46752930 225.85459900 395.10253906 255 64 64
286.09655762 217.22668457 366.30285645 255 64 64
289.22875977 219.54219055 379.36419678 255 64 64
260.57604980 198.75274658 361.91540527 255 64 64
267.69979858 199.60246277 371.07110596 255 64 64
267.99868774 201.66485596 354.55303955 255 64 64
274.16784668 200.42498779 363.69927979 255 64 64
71.66766357 155.61285400 488.80810547 255 64 64
72.62014771 168.18511963 491.89916992 255 64 64
65.41432190 157.52670288 480.72567749 255 64 64
66.81838989 169.59567261 483.70156860 255 64 64
80.02426147 137.33712769 475.60043335 255 64 64
73.98681641 146.67004395 479.46325684 255 64 64
79.85768890 130.10708618 463.88821411 255 64 64
72.72214508 139.41636658 467.30358887 255 64 64
267.80044556 231.54095459 374.63195801 255 64 64
271.56079102 236.35818481 386.02047729 255 64 64
276.95495605 226.13790894 368.46633911 255 64 64
277.61447144 232.56698608 378.04852295 255 64 64
272.15023804 247.12220764 410.93655396 255 64 64
272.94787598 246.10858154 422.63458252 255 64 64
280.95907593 243.39080811 400.64434814 255 64 64
279.45257568 243.00279236 411.41854858 255 64 64
87.27970886 118.71012878 452.08761597 255 64 64
80.44541931 125.97798157 455.55969238 255 64 64
89.14939117 112.99224854 439.71618652 255 64 64
80.35755157 119.91277313 442.11111450 255 64 64
107.29347229 102.87277222 430.71612549 255 64 64
98.22578430 107.05058289 433.84103394 255 64 64
115.07403564 98.81000519 420.41213989 255 64 64
103.08538818 102.31516266 421.28280640 255 64 64
103.48485565 100.30879974 409.63720703 255 64 64
94.31379700 105.92272186 409.65081787 255 64 64
109.48804474 99.17230988 400.16430664 255 64 64
99.34707642 104.04432678 399.09515381 255 64 64
75.51727295 132.69453430 462.29595947 255 64 64
70.70433044 142.18457031 466.15710449 255 64 64
76.01242065 129.14802551 450.08047485 255 64 64
69.97202301 138.20449829 453.36883545 255 64 64
259.66973877 246.81782532 430.37005615 255 64 64
259.03118896 243.99195862 442.00192261 255 64 64
270.14031982 245.87094116 422.43707275 255 64 64
267.14315796 244.69384766 432.94781494 255 64 64
82.28005219 117.35000610 426.37805176 255 64 64
75.90886688 126.01542664 428.79544067 255 64 64
85.52530670 113.66527557 415.19982910 255 64 64
78.21492004 121.80262756 416.83041382 255 64 64
129.33569336 95.91884613 410.03775024 255 64 64
129.07696533 97.83799744 422.71157837 255 64 64
140.51036072 98.54269409 403.13137817 255 64 64
140.43417358 99.80617523 414.97827148 255 64 64
94.41339111 108.55590057 429.44763184 255 64 64
86.01436615 115.17990112 431.06317139 255 64 64
99.87728119 105.05783081 418.05203247 255 64 64
89.62525940 111.06632996 418.48736572 255 64 64
120.00932312 97.30628967 414.34362793 255 64 64
110.04673767 99.75248718 415.31265259 255 64 64
127.56542969 97.26848602 404.82144165 255 64 64
114.78761292 98.86512756 403.58834839 255 64 64
88.57729340 113.75637817 404.95596313 255 64 64
81.51499939 121.42826080 406.83612061 255 64 64
93.96202850 110.49813080 395.02233887 255 64 64
86.12238312 117.64075470 396.07989502 255 64 64
70.35786438 140.95361328 448.54116821 255 64 64
67.03936768 150.87722778 452.92300415 255 64 64
70.76425934 138.84367371 435.97601318 255 64 64
66.61288452 148.22619629 439.85211182 255 64 64
66.35790253 155.34161377 468.41314697 255 64 64
65.86127472 166.53637695 473.23703003 255 64 64
65.30115509 155.97247314 456.40795898 255 64 64
64.76274109 166.98294067 461.41229248 255 64 64
242.30834961 248.79037476 448.86267090 255 64 64
240.12367249 244.96978760 460.27478027 255 64 64
254.76718140 249.62310791 443.53167725 255 64 64
249.44241333 247.74678040 452.56805420 255 64 64
262.06347656 206.52445984 387.05203247 255 64 64
266.33654785 215.22415161 396.23138428 255 64 64
270.10064697 206.84904480 371.77914429 255 64 64
269.48785400 212.24324036 383.12750244 255 64 64
96.07624817 111.38449860 384.69442749 255 64 64
88.99504852 118.35464478 385.48834229 255 64 64
102.48287964 110.21493530 376.47940063 255 64 64
95.14413452 116.55658722 376.45046997 255 64 64
110.84402466 103.24070740 385.87249756 255 64 64
102.06991577 107.70160675 384.89758301 255 64 64
118.58576965 105.25260162 378.28302002 255 64 64
109.26939392 109.04719543 376.47433472 255 64 64
103.31418610 111.26001740 445.02093506 255 64 64
97.13880920 120.06130219 452.57821655 255 64 64
114.35300446 109.31606293 434.63659668 255 64 64
108.19328308 118.97502899 441.68942261 255 64 64
135.72680664 100.01821899 400.11560059 255 64 64
131.17140198 98.54341125 405.98468018 255 64 64
143.70584106 105.43366241 392.00186157 255 64 64
137.19407654 102.23980713 396.37298584 255 64 64
262.81542969 222.53869629 412.78713989 255 64 64
263.87054443 229.63171387 423.28018188 255 64 64
271.46209717 223.64595032 397.93011475 255 64 64
268.56652832 227.53860474 409.43673706 255 64 64
65.87023163 174.78173828 477.28176880 255 64 64
71.16990662 186.67587280 480.97891235 255 64 64
66.11359406 184.09822083 469.22003174 255 64 64
72.55448151 196.19555664 474.03533936 255 64 64
215.24047852 251.20436096 473.43255615 255 64 64
211.52252197 245.87042236 482.94973755 255 64 64
227.83340454 251.30456543 473.73321533 255 64 64
221.57977295 248.54280090 480.68090820 255 64 64
125.42501068 99.77514648 394.93701172 255 64 64
115.00995636 101.43734741 392.78808594 255 64 64
134.47674561 103.77127838 386.88058472 255 64 64
122.18802643 104.69847870 383.34115601 255 64 64
65.33972931 152.54547119 448.90945435 255 64 64
65.00539398 164.02139282 453.99505615 255 64 64
64.96434021 152.03038025 436.64434814 255 64 64
64.35858917 163.80639648 441.96646118 255 64 64
133.32745361 103.18360901 426.60992432 255 64 64
129.23307800 112.24951935 436.98483276 255 64 64
147.18504333 105.85825348 420.67703247 255 64 64
142.80566406 114.15627289 430.05718994 255 64 64
68.71666718 142.42306519 428.57809448 255 64 64
66.97796631 153.29650879 433.35140991 255 64 64
69.05187988 139.07267761 416.33898926 255 64 64
66.69561768 150.13986206 420.92395020 255 64 64
149.21170044 102.90199280 400.81436157 255 64 64
153.76710510 106.91278076 412.14141846 255 64 64
155.48217773 109.48612213 394.83657837 255 64 64
161.19297791 113.26064301 406.04550171 255 64 64
76.12556458 128.98931885 408.77694702 255 64 64
72.09646606 138.43798828 412.37689209 255 64 64
79.96859741 125.11437988 396.93182373 255 64 64
74.88275146 134.33151245 399.96914673 255 64 64
197.27082825 244.50509644 480.25793457 255 64 64
191.26881409 239.86286926 486.04019165 255 64 64
209.35398865 242.81129456 483.36849976 255 64 64
201.89947510 240.45030212 487.72543335 255 64 64
82.20995331 151.01409912 478.04855347 255 64 64
78.82005310 161.96784973 482.35821533 255 64 64
89.64556122 154.41351318 467.74926758 255 64 64
86.72637177 167.35671997 473.95858765 255 64 64
234.04431152 190.68484497 373.49298096 255 64 64
236.97473145 189.49519348 380.06146240 255 64 64
246.88088989 193.25611877 366.48385620 255 64 64
245.78309631 190.41371155 375.11029053 255 64 64
85.22107697 125.92770386 385.09664917 255 64 64
79.62960052 134.26351929 387.68859863 255 64 64
91.29809570 123.00969696 374.51620483 255 64 64
85.01315308 130.82571411 376.20639038 255 64 64
105.67460632 114.34662628 370.70864868 255 64 64
98.03462219 120.66228485 369.62710571 255 64 64
114.64690399 116.13050842 363.81942749 255 64 64
106.58988953 122.11538696 361.70239258 255 64 64
222.77648926 248.01092529 455.12979126 255 64 64
221.71383667 247.72695923 466.33636475 255 64 64
234.18153381 248.91719055 454.58401489 255 64 64
229.13555908 249.23904419 461.98889160 255 64 64
88.46447754 131.24394226 371.22857666 255 64 64
83.01949310 141.08483887 372.71063232 255 64 64
95.52854919 130.28703308 361.50875854 255 64 64
89.04749298 139.62701416 361.96801758 255 64 64
95.77801514 127.27854919 457.97189331 255 64 64
92.77671051 138.32682800 465.63433838 255 64 64
104.59938049 130.70573425 449.41870117 255 64 64
102.67608643 142.80780029 457.64111328 255 64 64
126.90113831 111.26045227 375.67849731 255 64 64
117.42646790 114.19264221 371.25305176 255 64 64
135.99304199 115.84420776 370.93408203 255 64 64
126.44749451 118.34578705 366.01126099 255 64 64
218.08912659 223.07128906 466.98229980 255 64 64
216.55215454 230.77212524 475.87750244 255 64 64
228.52056885 227.11781311 461.29040527 255 64 64
222.95846558 228.23576355 469.18496704 255 64 64
64.01784515 173.27772522 452.96719360 255 64 64
67.07407379 184.28347778 459.03359985 255 64 64
63.93987274 177.30387878 441.40548706 255 64 64
67.13196564 187.65750122 448.02120972 255 64 64
244.72393799 218.45259094 384.44439697 255 64 64
245.29101562 225.70745850 392.60537720 255 64 64
257.49822998 216.67166138 379.11990356 255 64 64
253.30609131 222.36297607 386.68902588 255 64 64
240.37472534 208.77838135 427.95523071 255 64 64
241.39248657 218.94651794 437.35549927 255 64 64
248.97221375 212.77557373 419.54028320 255 64 64
245.13986206 216.08108521 428.88970947 255 64 64
233.70126343 224.89692688 448.83627319 255 64 64
233.59732056 232.49024963 458.96484375 255 64 64
243.92530823 228.61022949 440.92959595 255 64 64
239.15400696 230.54104614 450.09799194 255 64 64
79.53144836 210.73144531 471.92422485 255 64 64
87.56484222 213.11961365 476.35025024 255 64 64
89.07286835 222.82296753 471.93365479 255 64 64
94.72814178 223.10493469 478.03195190 255 64 64
145.54443359 108.52313995 385.60534668 255 64 64
147.09086609 107.60993195 391.91629028 255 64 64
149.81394958 116.66639709 379.66064453 255 64 64
152.93869019 114.26081085 385.98809814 255 64 64
69.66358948 190.44712830 467.20480347 255 64 64
76.17536163 201.06538391 471.58950806 255 64 64
73.48535919 201.89677429 461.17089844 255 64 64
79.96878052 210.97215271 467.24557495 255 64 64
76.76316833 139.79769897 391.99072266 255 64 64
73.51673889 150.59552002 395.49188232 255 64 64
79.80876923 137.46328735 380.54962158 255 64 64
75.45301819 147.83581543 383.09759521 255 64 64
244.45359802 194.49565125 392.01480103 255 64 64
245.72772217 203.34655762 401.84860229 255 64 64
254.31634521 197.79878235 378.02487183 255 64 64
250.90039062 201.69853210 389.53390503 255 64 64
153.19609070 109.38344574 418.68518066 255 64 64
150.76953125 120.52622986 427.53610229 255 64 64
163.18466187 114.50591278 413.86279297 255 64 64
160.47811890 125.55891418 422.70898438 255 64 64
236.57843018 231.94226074 418.90222168 255 64 64
236.05389404 237.81312561 429.93865967 255 64 64
248.15328979 233.87515259 414.55560303 255 64 64
242.82025146 236.59497070 422.79455566 255 64 64
76.72758484 151.74603271 380.39340210 255 64 64
74.72573090 163.53149414 384.10647583 255 64 64
80.20261383 150.04957581 368.33978271 255 64 64
77.02115631 161.58457947 371.18157959 255 64 64
67.30416107 151.73405457 415.85314941 255 64 64
66.66089630 163.48170471 420.69976807 255 64 64
68.66631317 148.99797058 402.94421387 255 64 64
66.98225403 161.05278015 407.40924072 255 64 64
220.58383179 203.34072876 449.38735962 255 64 64
221.36767578 212.98434448 458.53598022 255 64 64
229.71797180 207.67240906 443.12368774 255 64 64
226.10476685 210.00601196 451.87005615 255 64 64
118.60892487 113.87860107 435.09585571 255 64 64
113.54641724 125.73493958 442.01754761 255 64 64
129.51542664 118.39383698 429.49966431 255 64 64
124.44140625 130.18402100 436.16262817 255 64 64
63.95878601 162.06900024 438.45016479 255 64 64
64.93811035 173.56620789 444.64770508 255 64 64
64.39733887 161.27038574 425.41955566 255 64 64
64.98566437 173.34883118 431.80017090 255 64 64
231.47229004 191.97080994 416.58840942 255 64 64
233.22102356 196.16529846 428.30770874 255 64 64
239.21269226 195.83769226 408.76470947 255 64 64
237.03932190 195.79249573 419.34753418 255 64 64
170.29185486 237.25788879 479.19775391 255 64 64
164.50131226 233.94204712 485.08691406 255 64 64
181.85992432 235.02566528 485.35391235 255 64 64
174.19158936 234.11866760 489.47634888 255 64 64
273.87823486 206.00598145 356.47869873 255 64 64
269.04711914 205.89128113 356.59716797 255 64 64
274.27697754 206.06845093 356.46051025 255 64 64
274.14099121 205.97955322 356.50085449 255 64 64
269.05166626 218.63150024 361.93682861 255 64 64
263.84164429 218.50985718 361.97760010 255 64 64
269.51416016 218.65948486 361.91424561 255 64 64
269.22546387 218.57722473 361.90362549 255 64 64
285.76855469 214.21833801 374.64935303 255 64 64
281.04183960 214.09410095 374.69128418 255 64 64
286.04193115 214.23260498 374.62521362 255 64 64
286.00473022 214.15083313 374.60653687 255 64 64
262.59103394 195.78102112 366.40963745 255 64 64
258.18478394 195.66416931 366.49829102 255 64 64
262.93408203 195.84216309 366.36108398 255 64 64
262.65377808 195.76359558 366.39944458 255 64 64
269.41076660 230.45562744 373.96029663 255 64 64
264.51712036 230.31390381 373.97528076 255 64 64
269.82009888 230.47409058 373.98132324 255 64 64
269.69869995 230.38749695 373.95941162 255 64 64
260.06787109 210.46963501 369.89770508 255 64 64
255.50265503 210.34068298 369.95828247 255 64 64
260.43188477 210.50085449 369.85202026 255 64 64
260.21365356 210.41777039 369.87417603 255 64 64
273.23504639 203.52400208 368.51849365 255 64 64
268.09802246 203.37530518 368.57159424 255 64 64
273.60366821 203.52784729 368.46008301 255 64 64
273.30978394 203.43495178 368.45889282 255 64 64
248.34140015 188.21006775 374.29446411 255 64 64
243.51187134 188.08312988 374.29269409 255 64 64
248.75015259 188.23333740 374.25198364 255 64 64
248.42314148 188.15933228 374.23532104 255 64 64
259.46337891 231.24813843 384.18585205 255 64 64
254.42456055 231.07838440 384.22787476 255 64 64
259.89868164 231.26116943 384.16610718 255 64 64
259.57452393 231.17201233 384.17922974 255 64 64
276.56091309 244.86590576 401.60534668 255 64 64
271.08395386 244.70590210 401.66799927 255 64 64
276.89065552 244.83982849 401.56228638 255 64 64
276.68893433 244.76727295 401.58120728 255 64 64
257.27462769 198.62081909 377.36660767 255 64 64
252.81953430 198.50267029 377.39923096 255 64 64
257.57519531 198.62315369 377.32562256 255 64 64
257.42196655 198.55169678 377.32678223 255 64 64
273.78167725 247.60583496 415.10757446 255 64 64
268.66760254 247.46630859 415.11700439 255 64 64
274.07690430 247.58551025 415.08889771 255 64 64
273.92633057 247.52697754 415.07958984 255 64 64
248.83390808 204.22824097 377.96697998 255 64 64
244.56188965 204.10287476 378.03833008 255 64 64
249.18524170 204.28251648 377.91601562 255 64 64
248.96728516 204.20364380 377.95538330 255 64 64
260.32064819 222.85601807 376.12521362 255 64 64
255.67405701 222.70004272 376.13739014 255 64 64
260.72348022 222.87429810 376.10211182 255 64 64
260.53622437 222.77653503 376.09036255 255 64 64
263.43472290 237.57601929 390.41589355 255 64 64
258.12088013 237.41572571 390.41897583 255 64 64
263.87173462 237.53086853 390.40692139 255 64 64
263.70294189 237.44946289 390.39135742 255 64 64
265.13687134 204.51959229 379.81054688 255 64 64
260.27102661 204.37638855 379.86895752 255 64 64
265.44015503 204.53202820 379.73342896 255 64 64
265.17828369 204.44866943 379.74609375 255 64 64
191.16914368 171.22253418 418.12210083 255 64 64
188.30548096 171.14364624 418.16302490 255 64 64
191.44161987 171.22982788 418.06533813 255 64 64
191.27777100 171.18499756 418.09973145 255 64 64
274.13415527 240.81771851 390.35290527 255 64 64
268.66583252 240.63781738 390.38247681 255 64 64
274.53405762 240.79280090 390.32873535 255 64 64
274.30502319 240.69950867 390.32006836 255 64 64
253.68484497 218.08761597 381.33798218 255 64 64
249.25982666 217.93260193 381.38958740 255 64 64
254.05477905 218.12619019 381.30151367 255 64 64
253.86767578 218.03071594 381.32595825 255 64 64
195.24057007 173.99595642 392.77868652 255 64 64
192.05601501 173.91647339 392.77175903 255 64 64
195.53094482 174.02285767 392.75540161 255 64 64
195.33755493 173.98254395 392.75109863 255 64 64
239.36241150 196.83018494 383.37628174 255 64 64
234.44807434 196.71456909 383.37756348 255 64 64
239.79238892 196.84733582 383.34143066 255 64 64
239.37588501 196.79328918 383.33630371 255 64 64
186.58551025 162.91181946 401.91256714 255 64 64
184.01438904 162.83760071 401.91625977 255 64 64
186.81243896 162.93394470 401.87545776 255 64 64
186.71955872 162.89025879 401.87322998 255 64 64
237.87838745 187.82312012 379.66424561 255 64 64
233.50279236 187.70878601 379.65197754 255 64 64
238.24458313 187.85456848 379.61795044 255 64 64
237.97966003 187.79383850 379.59930420 255 64 64
242.29858398 193.40550232 393.64932251 255 64 64
238.12731934 193.29132080 393.69601440 255 64 64
242.58801270 193.42800903 393.58789062 255 64 64
242.31652832 193.36610413 393.60690308 255 64 64
227.84880066 209.61178589 447.00802612 255 64 64
223.88836670 209.49755859 447.04708862 255 64 64
228.17733765 209.64350891 446.94351196 255 64 64
227.92208862 209.59518433 446.98016357 255 64 64
240.99658203 211.53213501 389.36587524 255 64 64
236.02862549 211.39819336 389.37341309 255 64 64
241.42443848 211.55488586 389.34741211 255 64 64
241.09033203 211.49913025 389.34957886 255 64 64
262.32788086 242.38528442 400.46923828 255 64 64
256.94097900 242.18865967 400.50616455 255 64 64
262.74078369 242.32305908 400.41323853 255 64 64
262.51101685 242.22673035 400.42730713 255 64 64
283.21621704 221.80183411 389.07144165 255 64 64
278.59802246 221.65940857 389.10800171 255 64 64
283.40667725 221.77102661 389.00158691 255 64 64
283.28918457 221.68508911 388.98452759 255 64 64
289.99371338 229.77432251 400.59716797 255 64 64
285.67779541 229.63108826 400.66967773 255 64 64
290.12734985 229.74311829 400.51651001 255 64 64
290.10205078 229.65264893 400.53207397 255 64 64
192.42347717 179.64910889 383.06988525 255 64 64
188.74366760 179.56623840 383.06460571 255 64 64
192.77909851 179.64707947 383.07989502 255 64 64
192.49313354 179.61769104 383.08157349 255 64 64
202.03620911 188.40840149 386.51577759 255 64 64
198.24330139 188.30517578 386.53350830 255 64 64
202.40356445 188.38420105 386.52178955 255 64 64
202.14785767 188.34260559 386.54086304 255 64 64
283.93341064 234.03465271 414.00604248 255 64 64
279.41213989 233.89311218 414.05618286 255 64 64
284.11318970 234.00296021 413.92651367 255 64 64
284.03454590 233.92204285 413.93478394 255 64 64
248.74996948 231.72863770 395.68316650 255 64 64
243.07263184 231.56246948 395.69555664 255 64 64
249.23074341 231.71443176 395.63323975 255 64 64
248.78707886 231.65142822 395.63574219 255 64 64
188.80816650 182.87651062 440.15609741 255 64 64
185.28314209 182.78376770 440.20269775 255 64 64
189.21778870 182.89270020 440.09313965 255 64 64
188.84365845 182.85156250 440.14050293 255 64 64
235.33569336 222.75096130 395.83654785 255 64 64
229.55439758 222.63795471 395.84176636 255 64 64
235.89253235 222.77743530 395.81048584 255 64 64
235.29969788 222.75277710 395.81637573 255 64 64
246.53070068 222.22273254 390.90466309 255 64 64
241.10815430 222.07838440 390.90661621 255 64 64
247.01156616 222.24195862 390.87786865 255 64 64
246.60693359 222.18157959 390.87393188 255 64 64
217.67662048 205.58987427 452.90808105 255 64 64
213.62046814 205.48828125 452.95281982 255 64 64
218.06845093 205.59040833 452.85748291 255 64 64
217.71817017 205.55406189 452.90277100 255 64 64
218.32438660 222.87461853 466.04568481 255 64 64
213.59815979 222.75068665 466.06246948 255 64 64
218.77343750 222.88275146 466.01251221 255 64 64
218.28656006 222.84910583 466.04275513 255 64 64
226.40449524 191.84693909 420.38723755 255 64 64
222.72087097 191.74839783 420.42553711 255 64 64
226.72953796 191.86616516 420.32922363 255 64 64
226.55809021 191.82162476 420.35797119 255 64 64
280.61035156 225.89010620 398.92684937 255 64 64
276.05526733 225.75485229 398.98275757 255 64 64
280.79232788 225.85893250 398.85461426 255 64 64
280.69796753 225.78097534 398.85977173 255 64 64
224.23594666 186.16770935 391.58181763 255 64 64
220.00018311 186.06904602 391.57083130 255 64 64
224.65237427 186.21243286 391.56506348 255 64 64
224.34588623 186.16596985 391.56112671 255 64 64
180.18356323 183.62792969 449.33480835 255 64 64
176.96910095 183.53570557 449.40359497 255 64 64
180.58309937 183.60772705 449.30661011 255 64 64
180.26745605 183.56567383 449.36904907 255 64 64
221.66836548 197.73915100 392.60272217 255 64 64
217.42843628 197.61717224 392.62713623 255 64 64
222.02352905 197.73106384 392.57635498 255 64 64
221.69970703 197.68383789 392.59399414 255 64 64
272.45837402 235.55838013 422.79724121 255 64 64
267.67810059 235.41960144 422.83541870 255 64 64
272.68798828 235.54797363 422.70223999 255 64 64
272.50509644 235.48103333 422.71075439 255 64 64
254.92218018 205.43942261 392.77972412 255 64 64
250.43173218 205.32511902 392.81692505 255 64 64
255.21261597 205.44770813 392.72628784 255 64 64
254.95999146 205.38790894 392.73153687 255 64 64
240.97584534 214.83329773 433.29452515 255 64 64
236.80682373 214.71409607 433.31640625 255 64 64
241.28288269 214.83699036 433.25735474 255 64 64
241.03996277 214.78536987 433.27429199 255 64 64
218.03790283 214.49903870 458.43453979 255 64 64
213.80487061 214.38392639 458.44931030 255 64 64
218.42564392 214.49571228 458.37249756 255 64 64
218.03158569 214.45660400 458.39520264 255 64 64
252.27612305 244.47741699 412.65768433 255 64 64
246.54945374 244.27362061 412.66732788 255 64 64
252.78445435 244.43618774 412.64096069 255 64 64
252.36822510 244.35749817 412.63964844 255 64 64
273.01831055 213.81933594 384.98080444 255 64 64
268.20642090 213.65077209 385.02447510 255 64 64
273.27990723 213.81025696 384.89968872 255 64 64
273.03759766 213.70840454 384.89550781 255 64 64
194.72929382 190.44715881 438.78173828 255 64 64
191.01316833 190.35002136 438.83123779 255 64 64
195.15957642 190.43637085 438.70648193 255 64 64
194.75959778 190.39729309 438.75854492 255 64 64
228.46536255 218.82575989 452.10891724 255 64 64
224.18801880 218.70013428 452.13717651 255 64 64
228.85290527 218.83523560 452.04031372 255 64 64
228.55239868 218.78302002 452.06817627 255 64 64
220.08947754 196.18955994 436.89404297 255 64 64
216.72024536 196.08102417 436.92333984 255 64 64
220.37788391 196.17762756 436.83877563 255 64 64
220.20880127 196.12870789 436.86032104 255 64 64
265.00387573 216.07159424 395.93688965 255 64 64
260.53857422 215.93760681 395.97070312 255 64 64
265.22833252 216.07917786 395.88034058 255 64 64
265.06072998 216.00071716 395.87286377 255 64 64
230.01834106 182.11012268 383.52362061 255 64 64
225.75961304 181.99450684 383.50268555 255 64 64
230.41139221 182.12632751 383.48028564 255 64 64
230.12194824 182.06649780 383.46063232 255 64 64
230.05854797 208.82934570 391.95669556 255 64 64
224.92031860 208.69256592 391.94772339 255 64 64
230.51251221 208.80378723 391.91268921 255 64 64
229.99935913 208.75520325 391.90313721 255 64 64
189.57208252 193.54663086 385.62442017 255 64 64
185.55035400 193.45143127 385.63513184 255 64 64
189.97920227 193.50524902 385.63482666 255 64 64
189.56182861 193.48031616 385.65188599 255 64 64
182.51460266 169.54032898 427.07904053 255 64 64
179.52186584 169.45463562 427.14099121 255 64 64
182.84727478 169.55548096 427.03033447 255 64 64
182.58352661 169.50997925 427.07888794 255 64 64
210.08685303 196.53706360 443.06903076 255 64 64
206.23672485 196.42652893 443.12515259 255 64 64
210.49865723 196.52995300 443.00485229 255 64 64
210.15524292 196.48519897 443.05883789 255 64 64
209.91725159 188.29277039 417.77301025 255 64 64
206.51734924 188.18177795 417.81042480 255 64 64
210.24485779 188.27130127 417.69970703 255 64 64
210.00526428 188.21716309 417.73367310 255 64 64
185.60177612 192.23390198 448.56079102 255 64 64
182.11433411 192.13517761 448.61853027 255 64 64
186.02328491 192.22024536 448.51187134 255 64 64
185.64634705 192.18061829 448.56716919 255 64 64
215.65727234 211.18099976 394.06863403 255 64 64
210.78042603 211.04591370 394.07620239 255 64 64
216.10580444 211.14862061 394.01794434 255 64 64
215.62519836 211.11125183 394.03179932 255 64 64
273.89822388 244.80517578 432.32281494 255 64 64
269.19305420 244.66082764 432.36120605 255 64 64
274.11541748 244.77952576 432.25091553 255 64 64
273.93762207 244.71055603 432.26092529 255 64 64
244.89743042 212.19409180 421.12164307 255 64 64
240.78741455 212.07218933 421.15786743 255 64 64
245.17517090 212.21530151 421.04547119 255 64 64
245.01199341 212.15682983 421.06420898 255 64 64
207.14176941 202.92242432 452.26849365 255 64 64
203.37783813 202.80561829 452.30691528 255 64 64
207.53524780 202.90110779 452.22601318 255 64 64
207.18130493 202.85806274 452.26489258 255 64 64
268.61322021 240.58139038 416.10131836 255 64 64
265.88366699 246.05767822 429.47927856 255 64 64
276.54147339 240.96652222 399.50527954 255 64 64
273.53958130 245.99212646 413.02026367 255 64 64
221.92623901 229.11608887 468.37506104 255 64 64
216.11563110 234.24151611 478.51129150 255 64 64
232.38381958 232.91778564 461.69494629 255 64 64
227.01562500 237.19555664 473.12597656 255 64 64
279.71792603 221.52336121 376.76605225 255 64 64
279.69296265 230.67433167 388.82797241 255 64 64
287.65295410 225.38293457 361.81451416 255 64 64
285.68774414 235.26164246 374.57577515 255 64 64
217.09204102 199.70843506 444.49697876 255 64 64
214.22251892 204.42803955 453.69284058 255 64 64
227.89459229 203.45886230 440.15924072 255 64 64
224.47212219 207.77326965 449.80877686 255 64 64
224.97656250 188.53448486 417.46697998 255 64 64
224.60443115 193.01074219 427.04327393 255 64 64
236.03076172 190.74618530 410.42596436 255 64 64
235.43933105 195.10546875 420.84100342 255 64 64
192.23106384 216.15901184 474.76867676 255 64 64
184.64778137 221.28619385 479.94903564 255 64 64
202.86112976 222.01481628 475.99731445 255 64 64
195.47041321 226.90336609 481.94674683 255 64 64
264.91195679 195.06278992 364.93276978 255 64 64
266.28515625 205.50148010 370.63647461 255 64 64
272.53070068 199.45280457 357.53320312 255 64 64
273.63751221 211.08232117 366.14071655 255 64 64
205.21443176 207.76373291 461.25842285 255 64 64
200.10614014 212.72434998 469.18548584 255 64 64
215.49244690 213.09774780 459.42962646 255 64 64
210.01438904 217.59645081 467.61187744 255 64 64
172.82333374 223.10797119 480.28454590 255 64 64
163.53532410 227.94335938 481.90716553 255 64 64
183.51277161 227.18927002 485.21975708 255 64 64
174.74220276 231.74821472 487.87255859 255 64 64
221.84051514 242.57675171 437.90664673 255 64 64
222.84536743 244.72390747 450.27334595 255 64 64
233.11746216 245.87161255 441.14364624 255 64 64
233.37322998 248.19067383 453.90255737 255 64 64
196.25720215 190.50561523 445.29559326 255 64 64
193.78280640 194.60974121 452.71231079 255 64 64
206.16072083 194.56542969 443.74325562 255 64 64
203.17773438 198.33522034 451.11743164 255 64 64
200.72637939 184.65069580 429.00671387 255 64 64
200.84391785 187.85696411 436.85107422 255 64 64
210.38430786 187.90362549 425.58544922 255 64 64
210.44396973 190.57473755 433.43688965 255 64 64
185.12387085 197.40666199 455.91973877 255 64 64
180.38151550 201.97387695 461.67779541 255 64 64
194.19688416 201.83093262 457.16375732 255 64 64
189.21853638 206.17486572 462.95486450 255 64 64
201.93078613 239.76565552 449.40914917 255 64 64
202.10090637 242.46865845 460.60864258 255 64 64
212.20614624 243.39071655 453.89132690 255 64 64
211.67304993 246.10729980 464.95849609 255 64 64
171.67503357 204.95272827 465.19506836 255 64 64
165.12074280 209.67825317 469.22711182 255 64 64
180.59268188 209.90684509 468.83578491 255 64 64
174.11163330 214.61228943 473.07220459 255 64 64
178.10411072 178.63392639 441.80578613 255 64 64
175.55410767 182.61045837 448.40499878 255 64 64
186.67503357 182.37890625 442.69537354 255 64 64
184.58517456 185.73402405 448.71569824 255 64 64
200.20892334 179.83479309 409.58010864 255 64 64
203.46127319 182.61103821 415.99261475 255 64 64
208.65107727 183.18814087 404.25234985 255 64 64
212.66421509 185.79899597 411.10202026 255 64 64
183.97203064 239.15191650 464.89471436 255 64 64
182.95367432 239.61779785 476.30682373 255 64 64
194.20780945 242.07791138 471.63092041 255 64 64
192.95288086 242.27105713 482.21609497 255 64 64
183.06295776 171.34420776 427.39059448 255 64 64
183.87751770 174.48432922 434.58047485 255 64 64
190.88488770 174.86679077 424.55615234 255 64 64
192.26531982 177.20062256 431.25457764 255 64 64
155.23022461 211.10594177 466.73883057 255 64 64
147.86785889 216.22013855 470.55352783 255 64 64
164.15495300 215.13327026 472.89263916 255 64 64
157.36911011 220.39987183 476.68252563 255 64 64
214.14921570 219.72116089 400.10070801 255 64 64
217.42991638 226.57318115 407.54101562 255 64 64
225.50701904 223.46319580 401.90112305 255 64 64
228.39666748 230.46405029 409.48559570 255 64 64
184.70388794 166.89985657 410.84652710 255 64 64
187.75599670 169.99035645 417.14093018 255 64 64
190.82167053 171.15637207 406.22616577 255 64 64
195.20458984 173.23974609 412.25592041 255 64 64
162.58549500 190.99441528 447.58038330 255 64 64
157.80798340 195.26393127 453.20611572 255 64 64
170.47476196 195.23202515 451.92315674 255 64 64
166.48049927 199.10340881 456.82940674 255 64 64
205.77735901 227.53659058 409.54229736 255 64 64
208.92042542 233.25210571 418.36721802 255 64 64
216.69155884 230.62707520 411.76327515 255 64 64
219.45480347 236.80451965 420.52676392 255 64 64
202.33895874 191.06500244 392.39956665 255 64 64
206.57302856 199.10784912 393.81042480 255 64 64
212.07116699 194.37051392 392.60543823 255 64 64
216.80969238 202.64726257 394.66458130 255 64 64
142.14761353 224.84953308 469.60723877 255 64 64
134.58795166 229.28089905 474.66943359 255 64 64
152.25904846 227.57734680 477.07708740 255 64 64
146.11822510 231.44165039 481.31588745 255 64 64
196.44503784 235.16416931 429.11776733 255 64 64
198.09071350 238.48622131 438.96575928 255 64 64
207.15307617 237.90202332 432.20590210 255 64 64
208.27023315 241.44970703 441.86248779 255 64 64
160.06561279 236.94067383 464.29809570 255 64 64
158.50086975 236.79742432 475.13372803 255 64 64
169.75204468 237.42536926 472.93518066 255 64 64
168.70031738 236.86004639 482.33895874 255 64 64
151.45689392 198.62229919 448.86691284 255 64 64
145.86541748 203.26748657 454.64266968 255 64 64
158.99409485 202.72286987 455.12231445 255 64 64
154.02993774 207.23101807 459.92108154 255 64 64
185.93194580 169.11996460 393.62673950 255 64 64
188.99407959 174.40664673 397.02792358 255 64 64
191.10992432 175.57385254 391.53833008 255 64 64
196.01974487 179.69923401 395.41680908 255 64 64
182.28088379 235.89486694 440.78744507 255 64 64
183.32582092 238.83294678 450.55038452 255 64 64
192.66168213 238.71481323 444.89392090 255 64 64
193.17893982 241.86201477 454.33551025 255 64 64
170.17320251 237.46047974 449.38198853 255 64 64
171.18830872 238.79367065 460.10891724 255 64 64
180.56788635 239.30432129 455.48855591 255 64 64
181.19822693 240.63012695 465.53027344 255 64 64
150.27314758 175.25459290 440.99063110 255 64 64
142.68513489 180.94412231 448.23724365 255 64 64
157.56108093 179.07583618 436.54156494 255 64 64
151.50059509 183.43630981 443.67947388 255 64 64
192.24642944 205.86534119 392.72799683 255 64 64
195.83427429 213.58920288 398.76248169 255 64 64
201.31588745 208.38641357 395.56182861 255 64 64
204.91673279 216.32528687 401.31280518 255 64 64
145.76971436 159.01414490 446.60339355 255 64 64
136.16627502 165.82244873 451.98693848 255 64 64
155.05300903 158.97219849 440.80517578 255 64 64
145.81225586 166.00260925 446.56085205 255 64 64
158.49200439 171.78605652 427.34097290 255 64 64
156.45288086 176.18315125 436.17297363 255 64 64
165.89491272 178.32942200 425.71658325 255 64 64
165.61662292 180.48042297 433.57510376 255 64 64
188.18778992 226.64465332 409.45486450 255 64 64
190.69409180 231.16224670 419.25323486 255 64 64
197.80245972 228.72978210 413.06280518 255 64 64
200.17466736 233.73175049 422.52331543 255 64 64
134.32804871 203.89952087 453.77319336 255 64 64
129.52455139 208.87550354 460.93707275 255 64 64
142.74893188 208.32498169 462.14089966 255 64 64
138.32820129 213.20999146 467.62014771 255 64 64
159.79034424 148.12417603 426.28216553 255 64 64
153.69796753 154.81788635 432.99359131 255 64 64
165.56138611 153.23689270 418.90087891 255 64 64
159.53163147 159.07763672 426.02224731 255 64 64
169.98211670 140.27212524 408.80807495 255 64 64
167.48600769 147.30607605 415.54016113 255 64 64
172.96450806 148.49630737 398.92700195 255 64 64
171.13809204 154.22482300 406.88003540 255 64 64
124.66553497 176.57418823 450.02584839 255 64 64
114.04610443 183.43092346 453.92086792 255 64 64
134.10359192 178.51046753 445.28143311 255 64 64
123.51368713 185.81967163 448.99685669 255 64 64
165.40367126 118.49042511 407.54574585 255 64 64
166.60455322 126.37259674 413.59857178 255 64 64
170.51492310 128.82513428 400.22119141 255 64 64
171.73011780 135.07937622 407.74423218 255 64 64
134.46154785 147.24050903 445.77523804 255 64 64
124.89945221 154.68675232 451.88296509 255 64 64
147.47563171 146.75244141 441.50839233 255 64 64
138.06712341 154.53065491 447.74606323 255 64 64
105.98435974 211.41783142 466.59469604 255 64 64
105.11191559 217.35545349 478.10607910 255 64 64
116.67645264 220.91848755 473.71490479 255 64 64
116.83770752 226.06695557 482.84460449 255 64 64
115.45076752 165.59857178 459.28552246 255 64 64
104.33396912 173.24446106 464.23431396 255 64 64
128.24038696 165.46447754 454.81042480 255 64 64
117.46147156 173.40690613 459.81948853 255 64 64
181.01208496 185.15809631 382.05746460 255 64 64
182.96430969 193.97592163 387.32525635 255 64 64
187.22201538 188.34074402 387.11968994 255 64 64
190.59011841 196.40011597 391.70581055 255 64 64
157.32481384 207.79373169 426.84716797 255 64 64
156.87882996 211.60722351 435.73114014 255 64 64
164.33555603 210.93855286 431.73571777 255 64 64
163.65847778 214.47679138 439.45248413 255 64 64
175.84465027 231.53645325 418.63772583 255 64 64
177.84420776 234.74153137 428.67474365 255 64 64
185.42808533 232.88470459 423.23684692 255 64 64
187.23973083 236.38159180 432.69262695 255 64 64
155.59762573 197.49259949 421.44351196 255 64 64
154.47708130 201.67587280 429.54306030 255 64 64
162.63865662 201.32913208 426.28009033 255 64 64
162.05291748 204.73977661 433.12973022 255 64 64
151.17808533 129.88720703 425.68615723 255 64 64
145.47213745 137.69377136 433.53051758 255 64 64
163.15255737 134.87263489 422.83901978 255 64 64
157.27163696 141.85694885 430.25335693 255 64 64
161.96644592 163.93460083 409.71713257 255 64 64
160.88578796 169.12440491 417.37246704 255 64 64
167.46813965 173.69752502 405.50195312 255 64 64
169.17848206 176.10517883 413.44555664 255 64 64
171.22492981 134.85800171 393.04312134 255 64 64
171.99992371 143.16311646 396.54208374 255 64 64
171.36196899 148.77230835 384.60806274 255 64 64
173.90341187 155.24627686 389.50253296 255 64 64
180.10626221 215.15129089 394.74063110 255 64 64
182.86743164 220.94950867 403.70495605 255 64 64
188.90429688 216.46942139 399.05398560 255 64 64
191.85420227 222.61141968 407.38745117 255 64 64
116.58253479 207.63505554 454.31188965 255 64 64
114.92564392 213.34112549 464.74111938 255 64 64
126.70142365 213.98733521 463.74166870 255 64 64
125.17825317 219.48075867 471.54586792 255 64 64
128.55581665 240.25651550 460.03921509 255 64 64
131.04144287 238.48149109 471.00244141 255 64 64
139.15635681 239.12239075 467.88595581 255 64 64
142.04600525 236.86122131 476.63525391 255 64 64
145.56179810 191.57063293 427.77017212 255 64 64
142.48370361 195.88975525 437.25430298 255 64 64
154.26799011 194.90390015 433.18444824 255 64 64
152.19702148 198.05700684 440.60824585 255 64 64
132.63276672 190.89488220 442.74542236 255 64 64
127.04956055 195.93347168 451.10015869 255 64 64
141.55455017 194.57843018 446.64355469 255 64 64
137.33938599 198.75343323 453.08798218 255 64 64
98.24986267 177.53819275 464.62060547 255 64 64
87.89624023 185.63774109 470.66339111 255 64 64
107.13502502 182.10423279 457.76330566 255 64 64
96.79086304 190.35026550 463.83795166 255 64 64
161.33558655 115.38575745 393.02304077 255 64 64
165.81774902 124.84152222 393.01715088 255 64 64
164.25950623 129.06378174 386.92578125 255 64 64
169.31817627 136.94122314 389.03338623 255 64 64
168.25494385 162.44250488 391.24682617 255 64 64
167.07356262 168.34823608 397.17971802 255 64 64
170.82444763 174.06848145 386.82019043 255 64 64
173.22737122 177.10935974 394.08334351 255 64 64
92.38549042 192.12351990 461.19699097 255 64 64
89.25984955 199.91590881 472.14602661 255 64 64
98.03115845 201.68679810 454.39611816 255 64 64
96.10801697 209.31616211 465.70901489 255 64 64
160.80274963 235.44508362 424.57742310 255 64 64
162.67764282 237.68734741 435.25238037 255 64 64
170.10084534 235.99232483 430.22589111 255 64 64
171.99992371 238.40942383 440.19674683 255 64 64
107.47408295 148.58683777 455.01776123 255 64 64
97.30948639 156.67692566 463.00863647 255 64 64
121.01979065 148.30714417 450.73852539 255 64 64
110.93080139 156.26019287 458.06781006 255 64 64
138.17462158 239.83372498 446.02331543 255 64 64
141.16706848 240.03559875 457.19683838 255 64 64
148.11949158 240.29357910 453.21084595 255 64 64
151.03277588 240.26876831 463.32818604 255 64 64
120.54842377 133.70187378 441.49154663 255 64 64
112.45124054 141.68565369 451.26156616 255 64 64
135.86857605 134.73529053 439.11135864 255 64 64
127.38153076 141.98660278 447.55114746 255 64 64
150.18276978 239.60144043 434.84628296 255 64 64
152.32756042 240.89091492 445.46453857 255 64 64
159.61431885 239.64248657 441.53408813 255 64 64
161.53524780 240.94998169 451.13162231 255 64 64
171.81472778 200.53376770 376.38565063 255 64 64
173.65029907 207.71656799 385.15859985 255 64 64
178.30731201 201.09019470 383.77520752 255 64 64
181.20878601 208.03199768 391.10449219 255 64 64
105.57914734 191.74075317 448.44750977 255 64 64
100.14302826 198.33758545 457.50634766 255 64 64
112.00231934 197.36825562 443.08935547 255 64 64
107.76942444 203.50317383 451.06604004 255 64 64
107.01806641 234.71997070 465.35543823 255 64 64
110.76304626 236.17100525 475.80355835 255 64 64
117.25946045 237.81135559 470.05969238 255 64 64
121.06232452 238.55178833 478.77593994 255 64 64
166.42335510 223.62031555 398.92169189 255 64 64
168.72395325 227.22235107 409.45251465 255 64 64
175.18374634 223.72781372 404.52850342 255 64 64
177.69772339 227.55430603 414.21347046 255 64 64
171.34838867 159.90727234 374.60235596 255 64 64
169.62298584 169.82377625 376.51678467 255 64 64
171.96624756 170.44577026 378.33139038 255 64 64
172.59548950 178.21925354 381.04089355 255 64 64
137.36338806 175.64443970 421.04479980 255 64 64
136.60574341 180.96891785 430.63760376 255 64 64
146.88848877 179.55303955 424.52456665 255 64 64
146.82469177 183.54846191 432.78005981 255 64 64
87.75211334 221.21266174 472.33267212 255 64 64
91.69320679 224.98599243 482.29879761 255 64 64
96.73533630 229.44570923 471.54824829 255 64 64
101.40060425 231.74938965 479.93603516 255 64 64
153.19647217 230.32051086 402.77770996 255 64 64
155.36489868 232.71929932 413.73620605 255 64 64
161.87666321 229.85623169 409.00830078 255 64 64
164.16322327 232.37965393 419.32885742 255 64 64
155.59614563 123.56800079 380.02667236 255 64 64
157.48664856 135.32037354 373.54327393 255 64 64
160.99180603 134.56901550 379.75732422 255 64 64
163.21516418 145.08093262 375.61007690 255 64 64
167.64653015 177.31845093 359.77307129 255 64 64
167.18638611 188.96214294 365.64453125 255 64 64
171.01686096 181.18157959 369.96603394 255 64 64
171.10580444 191.40524292 375.18066406 255 64 64
160.74888611 215.29275513 374.70809937 255 64 64
162.95291138 220.39396667 385.26727295 255 64 64
168.40852356 213.80184937 382.76275635 255 64 64
171.14341736 219.01765442 392.17599487 255 64 64
127.30887604 181.56256104 414.10122681 255 64 64
128.92086792 185.79191589 424.20913696 255 64 64
137.65364075 184.96139526 420.24087524 255 64 64
139.66271973 188.82923889 428.97601318 255 64 64
161.69267273 145.27232361 366.26712036 255 64 64
161.83827209 158.84875488 361.20608521 255 64 64
167.11003113 154.92657471 370.10308838 255 64 64
167.42944336 166.56317139 366.94937134 255 64 64
139.90711975 235.03717041 408.34201050 255 64 64
142.35552979 236.45275879 419.40682983 255 64 64
148.97363281 234.62930298 414.96481323 255 64 64
151.47283936 236.06645203 425.51690674 255 64 64
129.71061707 234.60301208 421.73413086 255 64 64
132.69656372 236.44302368 432.45870972 255 64 64
139.00041199 236.03604126 427.85131836 255 64 64
142.21258545 237.85299683 438.29000854 255 64 64
116.58016968 233.86701965 434.50485229 255 64 64
120.01562500 236.14413452 444.21582031 255 64 64
126.11390686 236.75726318 439.85888672 255 64 64
129.71003723 238.97471619 449.21304321 255 64 64
102.06454468 232.04354858 445.95953369 255 64 64
105.67839050 234.44531250 454.76791382 255 64 64
111.90544128 236.23391724 450.15344238 255 64 64
115.68940735 238.28005981 458.36401367 255 64 64
149.40275574 229.53076172 377.46780396 255 64 64
151.83256531 232.08016968 388.82559204 255 64 64
158.43235779 227.16149902 385.45629883 255 64 64
160.72305298 229.78652954 395.95642090 255 64 64
71.61799622 203.59355164 458.30288696 255 64 64
74.86088562 210.15139771 466.63397217 255 64 64
76.90759277 212.86856079 452.60552979 255 64 64
80.79788208 218.80854797 460.84213257 255 64 64
84.67166138 221.76318359 451.13027954 255 64 64
88.58853149 225.53533936 459.48263550 255 64 64
93.10022736 228.85589600 451.45294189 255 64 64
97.30357361 232.03262329 459.73678589 255 64 64
157.42108154 201.46174622 350.76150513 255 64 64
158.79562378 210.26776123 360.67092896 255 64 64
164.56549072 200.26913452 361.55932617 255 64 64
165.51118469 209.07397461 370.40551758 255 64 64
140.73945618 123.48766327 369.40133667 255 64 64
142.14730835 135.77874756 361.27105713 255 64 64
149.08053589 131.76913452 368.06402588 255 64 64
150.26222229 143.77551270 361.97280884 255 64 64
152.94085693 177.94931030 343.94613647 255 64 64
155.15461731 190.58535767 347.89901733 255 64 64
161.09931946 182.34169006 351.44787598 255 64 64
162.40829468 193.13597107 356.41204834 255 64 64
133.00962830 237.65658569 382.59262085 255 64 64
136.08712769 238.82821655 393.95278931 255 64 64
142.89660645 236.38926697 389.43048096 255 64 64
145.46965027 237.46490479 400.37478638 255 64 64
146.41357422 146.63800049 353.65588379 255 64 64
148.24826050 160.09628296 348.62438965 255 64 64
155.37080383 154.48001099 355.54138184 255 64 64
156.82685852 166.51472473 352.82745361 255 64 64
145.31459045 221.69998169 355.06408691 255 64 64
148.04269409 226.73738098 366.15017700 255 64 64
155.51257324 219.62606812 364.10638428 255 64 64
157.50024414 224.94227600 374.48599243 255 64 64
94.86048126 225.30200195 426.25646973 255 64 64
98.38453674 228.43029785 435.10501099 255 64 64
103.74800873 230.14271545 429.11184692 255 64 64
107.44808960 233.02055359 438.09744263 255 64 64
109.76714325 232.18237305 411.73257446 255 64 64
113.45069122 233.45944214 422.36264038 255 64 64
119.50289917 234.24653625 416.83377075 255 64 64
123.16046143 235.21261597 427.40713501 255 64 64
119.72972870 236.74485779 396.72430420 255 64 64
123.27977753 237.47480774 407.96868896 255 64 64
129.69113159 237.11183167 402.40673828 255 64 64
132.97183228 237.55078125 413.50701904 255 64 64
68.05908966 191.00357056 442.30670166 255 64 64
69.88964081 198.76997375 449.45169067 255 64 64
71.59968567 199.75996399 435.69805908 255 64 64
73.92464447 207.77209473 443.06277466 255 64 64
78.87522125 213.43798828 432.88992310 255 64 64
82.33193970 218.33599854 440.99890137 255 64 64
86.08400726 220.61251831 432.01052856 255 64 64
89.81126404 225.21871948 440.32980347 255 64 64
66.23090363 169.11022949 434.31585693 255 64 64
65.82244110 178.97947693 440.51690674 255 64 64
67.95822906 176.67106628 424.52691650 255 64 64
68.07164001 187.54212952 431.28915405 255 64 64
138.47381592 205.34907532 339.11782837 255 64 64
141.65852356 214.62292480 347.31658936 255 64 64
150.39895630 206.40759277 346.12814331 255 64 64
152.46105957 215.24549866 354.45922852 255 64 64
125.81029510 229.91175842 360.58233643 255 64 64
129.40759277 233.99342346 370.80126953 255 64 64
137.18699646 230.63771057 366.19152832 255 64 64
140.21368408 234.70875549 376.52151489 255 64 64
125.16983795 127.24445343 359.19421387 255 64 64
126.18656158 139.68203735 351.08758545 255 64 64
134.58264160 133.82711792 355.73748779 255 64 64
135.66183472 146.38519287 349.22100830 255 64 64
92.47763824 223.22720337 407.63790894 255 64 64
96.20962524 226.33068848 417.34176636 255 64 64
101.28719330 228.24571228 410.18554688 255 64 64
105.23773193 231.00424194 420.35015869 255 64 64
70.30252838 193.30253601 421.98931885 255 64 64
72.00431061 201.01458740 429.28552246 255 64 64
73.95979309 201.49540710 416.45455933 255 64 64
76.17311096 209.52171326 424.28472900 255 64 64
112.23032379 231.05444336 372.25436401 255 64 64
115.78864288 234.50524902 382.34335327 255 64 64
122.72689056 233.93051147 375.90954590 255 64 64
126.24858856 237.22892761 386.55145264 255 64 64
132.49276733 180.77990723 332.63735962 255 64 64
136.08949280 193.46792603 335.72253418 255 64 64
144.90258789 184.98443604 335.97534180 255 64 64
147.39707947 196.11895752 340.50476074 255 64 64
77.87931824 209.11532593 412.48791504 255 64 64
81.01351929 214.64300537 420.83081055 255 64 64
84.20679474 216.51962280 411.03894043 255 64 64
87.72612762 221.91853333 419.86151123 255 64 64
128.49438477 152.55435181 342.00512695 255 64 64
131.37223816 166.35760498 338.12072754 255 64 64
140.37316895 158.84875488 341.35064697 255 64 64
142.54042053 171.31704712 339.85119629 255 64 64
100.96940613 227.69607544 389.11386108 255 64 64
104.65531158 230.62944031 399.13668823 255 64 64
110.26922607 231.97976685 391.83694458 255 64 64
114.24339294 234.56698608 402.49298096 255 64 64
118.25891113 212.87820435 342.98211670 255 64 64
121.97198486 221.19512939 350.39883423 255 64 64
131.23873901 215.72769165 346.06433105 255 64 64
134.25598145 223.78234863 354.14498901 255 64 64
69.61496735 175.39398193 411.77746582 255 64 64
69.50480652 185.21362305 417.80133057 255 64 64
71.62162018 182.92175293 403.54559326 255 64 64
71.97684479 193.62506104 410.15307617 255 64 64
84.98355103 214.26614380 390.04241943 255 64 64
88.10298157 219.49020386 398.90750122 255 64 64
91.92475128 220.93031311 389.58758545 255 64 64
95.55277252 225.95944214 399.29852295 255 64 64
72.29603577 156.32060242 402.54144287 255 64 64
70.38545227 167.73272705 406.36569214 255 64 64
73.26011658 162.65516663 391.82394409 255 64 64
71.85472107 175.15180969 395.97885132 255 64 64
74.10657501 194.24055481 398.21640015 255 64 64
75.78709412 202.45587158 405.32122803 255 64 64
77.49079132 202.33773804 393.38574219 255 64 64
79.72241974 210.81768799 401.03399658 255 64 64
102.77455139 216.12564087 353.06048584 255 64 64
106.29742432 223.24227905 360.67092896 255 64 64
113.62671661 221.30361938 353.15704346 255 64 64
117.39886475 228.16271973 361.76223755 255 64 64
108.83728790 135.72677612 352.88119507 255 64 64
109.13127136 148.27304077 345.47631836 255 64 64
117.74559784 140.81707764 346.44738770 255 64 64
118.47126770 153.59960938 340.23217773 255 64 64
93.11085510 216.64071655 369.30328369 255 64 64
96.20016479 222.81933594 377.75015259 255 64 64
101.24938965 223.09223938 368.67596436 255 64 64
104.95774841 228.96369934 378.10812378 255 64 64
109.43222046 188.11155701 333.92211914 255 64 64
113.35736084 200.05294800 337.04449463 255 64 64
122.48706818 192.71037292 332.60635376 255 64 64
126.10918427 203.72320557 337.30114746 255 64 64
108.59048462 160.25222778 339.19815063 255 64 64
111.31593323 173.89953613 335.70953369 255 64 64
120.46218872 165.16094971 334.70401001 255 64 64
123.42272186 178.14904785 333.27130127 255 64 64
73.83988190 179.35043335 386.83142090 255 64 64
74.00852203 189.87417603 392.08029175 255 64 64
75.60884857 186.90063477 378.77676392 255 64 64
76.43123627 198.01742554 384.74157715 255 64 64
79.50253296 199.03932190 377.35601807 255 64 64
81.79441071 207.61614990 384.51281738 255 64 64
83.86832428 207.27886963 372.68557739 255 64 64
86.93991852 215.80134583 380.81347656 255 64 64
77.02111816 158.22262573 380.59017944 255 64 64
75.47351074 170.60348511 381.62982178 255 64 64
77.98800659 164.33271790 370.01330566 255 64 64
77.15306091 177.43423462 371.26785278 255 64 64
94.10912323 194.32383728 343.07653809 255 64 64
97.56938934 204.83340454 347.08853149 255 64 64
103.82833862 200.40853882 338.82720947 255 64 64
107.86866760 210.69128418 344.21667480 255 64 64
81.69872284 193.94520569 363.10369873 255 64 64
83.91026306 203.90661621 368.45181274 255 64 64
86.12712860 201.74674988 356.90704346 255 64 64
89.34520721 211.72233582 363.43771362 255 64 64
86.36340332 194.51226807 352.03265381 255 64 64
89.12842560 204.84226990 356.71798706 255 64 64
92.91238403 201.86326599 346.13995361 255 64 64
96.77904510 211.96879578 352.08230591 255 64 64
92.77357483 144.70999146 355.55319214 255 64 64
92.25852966 157.35076904 349.90618896 255 64 64
99.27485657 149.14253235 346.07379150 255 64 64
99.70473480 162.13771057 340.89581299 255 64 64
78.73345184 174.15353394 368.35937500 255 64 64
78.73522949 186.16108704 370.77682495 255 64 64
80.57020569 180.96301270 358.85632324 255 64 64
81.58294678 193.40295410 362.04016113 255 64 64
80.55426025 176.80691528 360.27636719 255 64 64
81.40632629 188.76249695 362.02029419 255 64 64
83.48023987 183.63647461 350.88436890 255 64 64
85.56537628 195.90629578 353.69488525 255 64 64
90.53131104 167.12196350 346.03363037 255 64 64
92.37367249 180.08407593 343.94967651 255 64 64
98.52748871 172.41218567 337.31799316 255 64 64
101.52229309 185.37901306 336.67678833 255 64 64
273.98046875 206.09359741 356.49090576 255 64 64
273.97918701 206.09199524 356.51745605 255 64 64
273.97259521 206.09936523 356.49200439 255 64 64
273.97344971 206.09709167 356.51947021 255 64 64
180.35224915 195.93865967 456.79412842 255 64 64
180.34291077 195.94364929 456.80169678 255 64 64
180.34516907 195.93461609 456.79287720 255 64 64
180.33528137 195.94306946 456.79061890 255 64 64
256.37625122 242.31564331 437.47497559 255 64 64
256.37719727 242.30369568 437.48822021 255 64 64
256.36996460 242.31690979 437.48257446 255 64 64
256.36822510 242.31253052 437.49020386 255 64 64
175.45483398 182.31752014 378.14129639 255 64 64
175.45382690 182.31100464 378.15817261 255 64 64
175.44834900 182.31112671 378.14956665 255 64 64
175.44398499 182.30464172 378.15405273 255 64 64
232.83630371 191.04998779 402.77795410 255 64 64
232.83460999 191.04130554 402.79010010 255 64 64
232.83352661 191.04667664 402.79449463 255 64 64
232.83053589 191.04312134 402.79708862 255 64 64
191.11592102 229.98596191 413.73696899 255 64 64
191.10919189 229.97610474 413.74905396 255 64 64
191.11732483 229.98117065 413.73083496 255 64 64
191.11070251 229.97212219 413.73379517 255 64 64
289.90911865 229.74371338 400.51867676 255 64 64
289.91094971 229.73422241 400.53430176 255 64 64
289.91308594 229.73884583 400.52435303 255 64 64
289.91137695 229.73455811 400.53961182 255 64 64
218.25393677 222.90246582 466.03292847 255 64 64
218.24685669 222.90151978 466.03817749 255 64 64
218.25164795 222.89590454 466.04254150 255 64 64
218.24636841 222.90164185 466.04098511 255 64 64
191.23434448 171.21374512 418.09017944 255 64 64
191.23593140 171.21076965 418.10226440 255 64 64
191.23371887 171.20452881 418.10153198 255 64 64
191.23510742 171.20324707 418.10205078 255 64 64
248.67001343 231.72807312 395.63537598 255 64 64
248.67147827 231.71949768 395.64813232 255 64 64
248.67861938 231.73275757 395.63858032 255 64 64
248.68041992 231.72624207 395.64785767 255 64 64
220.15173340 196.17567444 436.84478760 255 64 64
220.14981079 196.17356873 436.85372925 255 64 64
220.13641357 196.17364502 436.85095215 255 64 64
220.13546753 196.17469788 436.85064697 255 64 64
202.12446594 203.77069092 391.58209229 255 64 64
202.12721252 203.76455688 391.58981323 255 64 64
202.13345337 203.77316284 391.58871460 255 64 64
202.13378906 203.76672363 391.58892822 255 64 64
221.81942749 240.07141113 434.06103516 255 64 64
221.81518555 240.06407166 434.06918335 255 64 64
221.82186890 240.06509399 434.06530762 255 64 64
221.81692505 240.06094360 434.06640625 255 64 64
248.29701233 188.20031738 374.22338867 255 64 64
248.29975891 188.18859863 374.23764038 255 64 64
248.30955505 188.19580078 374.22811890 255 64 64
248.31161499 188.18516541 374.23706055 255 64 64
171.30876160 212.57217407 389.01647949 255 64 64
171.30563354 212.56478882 389.02789307 255 64 64
171.31091309 212.56906128 389.01153564 255 64 64
171.30514526 212.56069946 389.01309204 255 64 64
191.73292542 237.85108948 444.40441895 255 64 64
191.72270203 237.84461975 444.41662598 255 64 64
191.73170471 237.84887695 444.41055298 255 64 64
191.72099304 237.84317017 444.41412354 255 64 64
244.87197876 212.20895386 421.06988525 255 64 64
244.86987305 212.20089722 421.07916260 255 64 64
244.87057495 212.20474243 421.07946777 255 64 64
244.86946106 212.20169067 421.08386230 255 64 64
269.50390625 230.47769165 373.94903564 255 64 64
269.49664307 230.47433472 373.97085571 255 64 64
269.49386597 230.48426819 373.95800781 255 64 64
269.49023438 230.48489380 373.98236084 255 64 64
220.38192749 225.82131958 401.86068726 255 64 64
220.38088989 225.81105042 401.87069702 255 64 64
220.39187622 225.81811523 401.86148071 255 64 64
220.39111328 225.81002808 401.86618042 255 64 64
273.74072266 247.61094666 415.08444214 255 64 64
273.73645020 247.60894775 415.09417725 255 64 64
273.73809814 247.60897827 415.08660889 255 64 64
273.73474121 247.60960388 415.09603882 255 64 64
236.57913208 221.74678040 446.49169922 255 64 64
236.57577515 221.74108887 446.49969482 255 64 64
236.57250977 221.74058533 446.50347900 255 64 64
236.56922913 221.74118042 446.50692749 255 64 64
254.83969116 205.44999695 392.70190430 255 64 64
254.83842468 205.44271851 392.71246338 255 64 64
254.83624268 205.44515991 392.70980835 255 64 64
254.83438110 205.44093323 392.71481323 255 64 64
172.84484863 179.93428040 437.83422852 255 64 64
172.84017944 179.93386841 437.84738159 255 64 64
172.83795166 179.93101501 437.83184814 255 64 64
172.83142090 179.93260193 437.83294678 255 64 64
195.27882385 173.98822021 392.75918579 255 64 64
195.28038025 173.98124695 392.77142334 255 64 64
195.28085327 173.98147583 392.77032471 255 64 64
195.28346252 173.97578430 392.77319336 255 64 64
243.13104248 241.93020630 458.63354492 255 64 64
243.13110352 241.91989136 458.64505005 255 64 64
243.12738037 241.93029785 458.64648438 255 64 64
243.12686157 241.92703247 458.65222168 255 64 64
169.13632202 175.05249023 400.54943848 255 64 64
169.12948608 175.04634094 400.56674194 255 64 64
169.12837219 175.04566956 400.54415894 255 64 64
169.12387085 175.04029846 400.54937744 255 64 64
194.72697449 190.45599365 438.76928711 255 64 64
194.72424316 190.45605469 438.77740479 255 64 64
194.71983337 190.44882202 438.77871704 255 64 64
194.71858215 190.45252991 438.77593994 255 64 64
237.00537109 235.93469238 415.78381348 255 64 64
237.00398254 235.92459106 415.79690552 255 64 64
237.00338745 235.93820190 415.78894043 255 64 64
237.00100708 235.93170166 415.79580688 255 64 64
285.78155518 214.21684265 374.62039185 255 64 64
285.78912354 214.20719910 374.63375854 255 64 64
285.79260254 214.20477295 374.62197876 255 64 64
285.79553223 214.19616699 374.63693237 255 64 64
209.98426819 188.25241089 417.74734497 255 64 64
209.98115540 188.24804688 417.75640869 255 64 64
209.97171021 188.25151062 417.75592041 255 64 64
209.96923828 188.24964905 417.75509644 255 64 64
198.10620117 209.96902466 460.65679932 255 64 64
198.10324097 209.96722412 460.66217041 255 64 64
198.10688782 209.95866394 460.66442871 255 64 64
198.10470581 209.96284485 460.66210938 255 64 64
211.28153992 243.19738770 453.10488892 255 64 64
211.27929688 243.18627930 453.11447144 255 64 64
211.28524780 243.19416809 453.11822510 255 64 64
211.28100586 243.18753052 453.12155151 255 64 64
267.49819946 224.18763733 404.12039185 255 64 64
267.49673462 224.17997742 404.13601685 255 64 64
267.49169922 224.18821716 404.13317871 255 64 64
267.48721313 224.18368530 404.14352417 255 64 64
230.00100708 182.10231018 383.46664429 255 64 64
229.99966431 182.08892822 383.48309326 255 64 64
230.01153564 182.09432983 383.47375488 255 64 64
230.01068115 182.08459473 383.48187256 255 64 64
229.96670532 208.81298828 391.89392090 255 64 64
229.97100830 208.80041504 391.90560913 255 64 64
229.97195435 208.81384277 391.89648438 255 64 64
229.97583008 208.80383301 391.90261841 255 64 64
211.06784058 186.22381592 396.78585815 255 64 64
211.06590271 186.21444702 396.79876709 255 64 64
211.06471252 186.22422791 396.79641724 255 64 64
211.06259155 186.21582031 396.79998779 255 64 64
189.71272278 218.83053589 396.39083862 255 64 64
189.70942688 218.82337952 396.40222168 255 64 64
189.72261047 218.82438660 396.39041138 255 64 64
189.72074890 218.81483459 396.39373779 255 64 64
274.09640503 240.81033325 390.30911255 255 64 64
274.10043335 240.80004883 390.32455444 255 64 64
274.10180664 240.80731201 390.30957031 255 64 64
274.10366821 240.80108643 390.32507324 255 64 64
260.11425781 210.51237488 369.87561035 255 64 64
260.10232544 210.50942993 369.89929199 255 64 64
260.10220337 210.51457214 369.88879395 255 64 64
260.09457397 210.51422119 369.91058350 255 64 64
166.26101685 176.85958862 420.25741577 255 64 64
166.25411987 176.85676575 420.27127075 255 64 64
166.25251770 176.85852051 420.25546265 255 64 64
166.24420166 176.85650635 420.25753784 255 64 64
217.65348816 205.59982300 452.88427734 255 64 64
217.64901733 205.59890747 452.89004517 255 64 64
217.64611816 205.58949280 452.89547729 255 64 64
217.64294434 205.59455872 452.89349365 255 64 64
208.52313232 232.51654053 420.13378906 255 64 64
208.52134705 232.50741577 420.14459229 255 64 64
208.52722168 232.50807190 420.13861084 255 64 64
208.52384949 232.50042725 420.14181519 255 64 64
181.82629395 235.67720032 428.55593872 255 64 64
181.82043457 235.66876221 428.56939697 255 64 64
181.82115173 235.67147827 428.55975342 255 64 64
181.81150818 235.66595459 428.56311035 255 64 64
256.46948242 229.33908081 425.15362549 255 64 64
256.47119141 229.32783508 425.16897583 255 64 64
256.46026611 229.34027100 425.16018677 255 64 64
256.45996094 229.33380127 425.16940308 255 64 64
174.95185852 227.16122437 406.73498535 255 64 64
174.94683838 227.15539551 406.74673462 255 64 64
174.96171570 227.15644836 406.73272705 255 64 64
174.95587158 227.14909363 406.73400879 255 64 64
252.22872925 244.47311401 412.63824463 255 64 64
252.22982788 244.46638489 412.64843750 255 64 64
252.23016357 244.47268677 412.63964844 255 64 64
252.23138428 244.46754456 412.64715576 255 64 64
228.62672424 245.78230286 449.41549683 255 64 64
228.62216187 245.77403259 449.42565918 255 64 64
228.62492371 245.77912903 449.42361450 255 64 64
228.62020874 245.77566528 449.42642212 255 64 64
273.75878906 244.78840637 432.28277588 255 64 64
273.76272583 244.77891541 432.29342651 255 64 64
273.75204468 244.78698730 432.28939819 255 64 64
273.75561523 244.78239441 432.29861450 255 64 64
189.54394531 193.50465393 385.63983154 255 64 64
189.54020691 193.49867249 385.65161133 255 64 64
189.54820251 193.50579834 385.64401245 255 64 64
189.54342651 193.49850464 385.64727783 255 64 64
226.46542358 191.85067749 420.36718750 255 64 64
226.46643066 191.84405518 420.37643433 255 64 64
226.46240234 191.83818054 420.37802124 255 64 64
226.46353149 191.83569336 420.38012695 255 64 64
186.66856384 162.88053894 401.87265015 255 64 64
186.66764832 162.87893677 401.88928223 255 64 64
186.66253662 162.87504578 401.87915039 255 64 64
186.66087341 162.87167358 401.88366699 255 64 64
234.81773376 207.09373474 433.25506592 255 64 64
234.81814575 207.08934021 433.26580811 255 64 64
234.81140137 207.09297180 433.27081299 255 64 64
234.81100464 207.09162903 433.27371216 255 64 64
272.90393066 213.77693176 384.88861084 255 64 64
272.90176392 213.76853943 384.90344238 255 64 64
272.89990234 213.77294922 384.89291382 255 64 64
272.89398193 213.76849365 384.90478516 255 64 64
206.07496643 218.43017578 397.86614990 255 64 64
206.07080078 218.42288208 397.87551880 255 64 64
206.07897949 218.43278503 397.86141968 255 64 64
206.07777405 218.42498779 397.86279297 255 64 64
173.60487366 198.26429749 382.54211426 255 64 64
173.60896301 198.25561523 382.55532837 255 64 64
173.60263062 198.25865173 382.54574585 255 64 64
173.59988403 198.25041199 382.54913330 255 64 64
262.29721069 242.31723022 400.41430664 255 64 64
262.29812622 242.30944824 400.42785645 255 64 64
262.30444336 242.31658936 400.41772461 255 64 64
262.30569458 242.31132507 400.42904663 255 64 64
235.22546387 222.80584717 395.82232666 255 64 64
235.22076416 222.79542542 395.83517456 255 64 64
235.22967529 222.80653381 395.82382202 255 64 64
235.22889709 222.79885864 395.83084106 255 64 64
239.29492188 196.83673096 383.31240845 255 64 64
239.29200745 196.82571411 383.32403564 255 64 64
239.29934692 196.83859253 383.31845093 255 64 64
239.29794312 196.83020020 383.32531738 255 64 64
283.84313965 233.98045349 413.94714355 255 64 64
283.84283447 233.97238159 413.95825195 255 64 64
283.84332275 233.97651672 413.95095825 255 64 64
283.84179688 233.97303772 413.95989990 255 64 64
262.56713867 195.84242249 366.43014526 255 64 64
262.55575562 195.83947754 366.45703125 255 64 64
262.55914307 195.84019470 366.43765259 255 64 64
262.55175781 195.83979797 366.46136475 255 64 64
207.50213623 239.01779175 439.04357910 255 64 64
207.49214172 239.01234436 439.05236816 255 64 64
207.50260925 239.01321411 439.04434204 255 64 64
207.49325562 239.01052856 439.04574585 255 64 64
253.74783325 218.10662842 381.27670288 255 64 64
253.73144531 218.10272217 381.29806519 255 64 64
253.73092651 218.11106873 381.28994751 255 64 64
253.72137451 218.11146545 381.30996704 255 64 64
242.39639282 246.66542053 440.25173950 255 64 64
242.39331055 246.65882874 440.26077271 255 64 64
242.39886475 246.66302490 440.25848389 255 64 64
242.39529419 246.66255188 440.26257324 255 64 64
245.20887756 199.32290649 403.12158203 255 64 64
245.20819092 199.31094360 403.13754272 255 64 64
245.20236206 199.31898499 403.13201904 255 64 64
245.19900513 199.31149292 403.14062500 255 64 64
230.12252808 229.53115845 460.14288330 255 64 64
230.11932373 229.52566528 460.15246582 255 64 64
230.11914062 229.52398682 460.14929199 255 64 64
230.11593628 229.52630615 460.15155029 255 64 64
189.27383423 176.86102295 431.46722412 255 64 64
189.27215576 176.85836792 431.47756958 255 64 64
189.26634216 176.85296631 431.47116089 255 64 64
189.26492310 176.85292053 431.47097778 255 64 64
253.05508423 212.22935486 405.46124268 255 64 64
253.05455017 212.21887207 405.47540283 255 64 64
253.04711914 212.23176575 405.47180176 255 64 64
253.04525757 212.22511292 405.47955322 255 64 64
269.13336182 218.66021729 361.93905640 255 64 64
269.12573242 218.65705872 361.96215820 255 64 64
269.12387085 218.66328430 361.94586182 255 64 64
269.12020874 218.66241455 361.97131348 255 64 64
197.88064575 198.77729797 451.58273315 255 64 64
197.87677002 198.77578735 451.59249878 255 64 64
197.86837769 198.76875305 451.58715820 255 64 64
197.86460876 198.77261353 451.58593750 255 64 64
259.47183228 231.23031616 384.18032837 255 64 64
259.46008301 231.22799683 384.20385742 255 64 64
259.46099854 231.22921753 384.19299316 255 64 64
259.45330811 231.22990417 384.21527100 255 64 64
247.30059814 241.25906372 426.42947388 255 64 64
247.29876709 241.25039673 426.44122314 255 64 64
247.29574585 241.25668335 426.43798828 255 64 64
247.29403687 241.25239563 426.44439697 255 64 64
180.20626831 183.58448792 449.32162476 255 64 64
180.19764709 183.58914185 449.33074951 255 64 64
180.19316101 183.57911682 449.31838989 255 64 64
180.18545532 183.58612061 449.31719971 255 64 64
246.68167114 227.24392700 434.96017456 255 64 64
246.68258667 227.23329163 434.97271729 255 64 64
246.68038940 227.24142456 434.97335815 255 64 64
246.67929077 227.23596191 434.97937012 255 64 64
221.60809326 197.72434998 392.59155273 255 64 64
221.60870361 197.71849060 392.60116577 255 64 64
221.61056519 197.72396851 392.59652710 255 64 64
221.61044312 197.71841431 392.59912109 255 64 64
196.24261475 180.49362183 409.08218384 255 64 64
196.24371338 180.48703003 409.09429932 255 64 64
196.23565674 180.49258423 409.09191895 255 64 64
196.23620605 180.48725891 409.09246826 255 64 64
283.11883545 221.76614380 388.98501587 255 64 64
283.12036133 221.75631714 389.00253296 255 64 64
283.12225342 221.75947571 388.99374390 255 64 64
283.12048340 221.75294495 389.01016235 255 64 64
259.77294922 247.91079712 423.41259766 255 64 64
259.76721191 247.90466309 423.42398071 255 64 64
259.76950073 247.91133118 423.41702271 255 64 64
259.76669312 247.90885925 423.42556763 255 64 64
202.05810547 188.35159302 386.51116943 255 64 64
202.06161499 188.34460449 386.51947021 255 64 64
202.06248474 188.35011292 386.52020264 255 64 64
202.06616211 188.34313965 386.52056885 255 64 64
237.24096680 197.08525085 414.20422363 255 64 64
237.24160767 197.07553101 414.21688843 255 64 64
237.23355103 197.08877563 414.22106934 255 64 64
237.23028564 197.08279419 414.22546387 255 64 64
182.02572632 173.85006714 394.62152100 255 64 64
182.02218628 173.84338379 394.63906860 255 64 64
182.02487183 173.84051514 394.63488770 255 64 64
182.02182007 173.83462524 394.64111328 255 64 64
272.34484863 235.54098511 422.73605347 255 64 64
272.34582520 235.53361511 422.74664307 255 64 64
272.34036255 235.54083252 422.74386597 255 64 64
272.33898926 235.53788757 422.74993896 255 64 64
248.88522339 204.27612305 377.91351318 255 64 64
248.86891174 204.27088928 377.93643188 255 64 64
248.86988831 204.27467346 377.92553711 255 64 64
248.85992432 204.27314758 377.94369507 255 64 64
257.01043701 222.48348999 412.15634155 255 64 64
257.00753784 222.47586060 412.17129517 255 64 64
257.00164795 222.48370361 412.16250610 255 64 64
256.99835205 222.47898865 412.17089844 255 64 64
199.81945801 188.82810974 427.12069702 255 64 64
199.81846619 188.82234192 427.13095093 255 64 64
199.81054688 188.81835938 427.13058472 255 64 64
199.80839539 188.81704712 427.13070679 255 64 64
194.50184631 234.79360962 429.07144165 255 64 64
194.49430847 234.78451538 429.08502197 255 64 64
194.49627686 234.79064941 429.07165527 255 64 64
194.48652649 234.78280640 429.07656860 255 64 64
265.05267334 204.48913574 379.75213623 255 64 64
265.05529785 204.47875977 379.76541138 255 64 64
265.05960083 204.48428345 379.75878906 255 64 64
265.06048584 204.47703552 379.76980591 255 64 64
244.05252075 236.00866699 446.72412109 255 64 64
244.04922485 236.00068665 446.73348999 255 64 64
244.04769897 236.00827026 446.72915649 255 64 64
244.04376221 236.00622559 446.73226929 255 64 64
215.56449890 211.15451050 394.03997803 255 64 64
215.57104492 211.14520264 394.04800415 255 64 64
215.57203674 211.15463257 394.04046631 255 64 64
215.57687378 211.14625549 394.04260254 255 64 64
227.85589600 209.63479614 446.99548340 255 64 64
227.85253906 209.63238525 447.00085449 255 64 64
227.84716797 209.62565613 447.00338745 255 64 64
227.84503174 209.62973022 447.00314331 255 64 64
206.87474060 217.98431396 467.21105957 255 64 64
206.87399292 217.98393250 467.21603394 255 64 64
206.87252808 217.98245239 467.22341919 255 64 64
206.87277222 217.98774719 467.21948242 255 64 64
251.29776001 247.37541199 451.00323486 255 64 64
251.29927063 247.36253357 451.01565552 255 64 64
251.29228210 247.37257385 451.00842285 255 64 64
251.29269409 247.36715698 451.01589966 255 64 64
180.56369019 170.82214355 411.83618164 255 64 64
180.56222534 170.81906128 411.85043335 255 64 64
180.56065369 170.81855774 411.84133911 255 64 64
180.55638123 170.81713867 411.84506226 255 64 64
273.18301392 203.52352905 368.46673584 255 64 64
273.18243408 203.51289368 368.48333740 255 64 64
273.19070435 203.51710510 368.47052002 255 64 64
273.18792725 203.50939941 368.48602295 255 64 64
276.47344971 244.85929871 401.59606934 255 64 64
276.47845459 244.85285950 401.60729980 255 64 64
276.47723389 244.85572815 401.59823608 255 64 64
276.48071289 244.85214233 401.61013794 255 64 64
207.10780334 225.83666992 407.16262817 255 64 64
207.10310364 225.83093262 407.17260742 255 64 64
207.11094666 225.83279419 407.16394043 255 64 64
207.10412598 225.82580566 407.16711426 255 64 64
264.90277100 216.04576111 395.86907959 255 64 64
264.90252686 216.03706360 395.88009644 255 64 64
264.89974976 216.04289246 395.88027954 255 64 64
264.89727783 216.03877258 395.88644409 255 64 64
188.68492126 205.05821228 388.00708008 255 64 64
188.68365479 205.05290222 388.01788330 255 64 64
188.69229126 205.05572510 388.00897217 255 64 64
188.68951416 205.04943848 388.01080322 255 64 64
210.13870239 196.53245544 443.05450439 255 64 64
210.13417053 196.53074646 443.06234741 255 64 64
210.12628174 196.52218628 443.05957031 255 64 64
210.12329102 196.52592468 443.05718994 255 64 64
231.51242065 238.56776428 427.77423096 255 64 64
231.50872803 238.55847168 427.78421021 255 64 64
231.51318359 238.56689453 427.77749634 255 64 64
231.50732422 238.56088257 427.78048706 255 64 64
240.95227051 211.53662109 389.31072998 255 64 64
240.95036316 211.52697754 389.32183838 255 64 64
240.94976807 211.53897095 389.31750488 255 64 64
240.95019531 211.53143311 389.32302856 255 64 64
219.70622253 233.97790527 417.43594360 255 64 64
219.69911194 233.97259521 417.44577026 255 64 64
219.70742798 233.97546387 417.43554688 255 64 64
219.70085144 233.97126770 417.43814087 255 64 64
192.42520142 179.62400818 383.06042480 255 64 64
192.42674255 179.61543274 383.07171631 255 64 64
192.42741394 179.61833191 383.06451416 255 64 64
192.43058777 179.61093140 383.06643677 255 64 64
234.90615845 231.64590454 405.26623535 255 64 64
234.90576172 231.63488770 405.27850342 255 64 64
234.91203308 231.64408875 405.26550293 255 64 64
234.91220093 231.63613892 405.27340698 255 64 64
220.24925232 188.84571838 411.15127563 255 64 64
220.24792480 188.83883667 411.16381836 255 64 64
220.24496460 188.84693909 411.16259766 255 64 64
220.24252319 188.84390259 411.16510010 255 64 64
242.22825623 193.41050720 393.56375122 255 64 64
242.22517395 193.40301514 393.57275391 255 64 64
242.22262573 193.40570068 393.57553101 255 64 64
242.22024536 193.40272522 393.57827759 255 64 64
172.59902954 176.09526062 389.07861328 255 64 64
172.59504700 176.08818054 389.09893799 255 64 64
172.59495544 176.08715820 389.08825684 255 64 64
172.58843994 176.08120728 389.09457397 255 64 64
187.10397339 204.12744141 459.90133667 255 64 64
187.10076904 204.12620544 459.90740967 255 64 64
187.10012817 204.11763000 459.90255737 255 64 64
187.09754944 204.12219238 459.90100098 255 64 64
182.54301453 169.54621887 427.05505371 255 64 64
182.54202271 169.54428101 427.06719971 255 64 64
182.54109192 169.53652954 427.06076050 255 64 64
182.54103088 169.53633118 427.06121826 255 64 64
246.48178101 222.23419189 390.87066650 255 64 64
246.47927856 222.22363281 390.88189697 255 64 64
246.48345947 222.23522949 390.87298584 255 64 64
246.48439026 222.22891235 390.88037109 255 64 64
224.25056458 186.20666504 391.52621460 255 64 64
224.24746704 186.19447327 391.53781128 255 64 64
224.25320435 186.19847107 391.53210449 255 64 64
224.25415039 186.19169617 391.53646851 255 64 64
218.01165771 214.50941467 458.39166260 255 64 64
218.00920105 214.50897217 458.39675903 255 64 64
218.00531006 214.50369263 458.40243530 255 64 64
218.00332642 214.50920105 458.40026855 255 64 64
194.14700317 227.29679871 404.15545654 255 64 64
194.14208984 227.28994751 404.16348267 255 64 64
194.16006470 227.29086304 404.15521240 255 64 64
194.15425110 227.28160095 404.15838623 255 64 64
178.43415833 229.57008362 416.21484375 255 64 64
178.42535400 229.56336975 416.22717285 255 64 64
178.43875122 229.56251526 416.21301270 255 64 64
178.43003845 229.55393982 416.21563721 255 64 64
280.50109863 225.87191772 398.86279297 255 64 64
280.50262451 225.86180115 398.87811279 255 64 64
280.49902344 225.86628723 398.86959839 255 64 64
280.49609375 225.85839844 398.88238525 255 64 64
228.45043945 218.82177734 452.07949829 255 64 64
228.44781494 218.81703186 452.08557129 255 64 64
228.45123291 218.81349182 452.09289551 255 64 64
228.44860840 218.81539917 452.09359741 255 64 64
185.59217834 192.21389771 448.56008911 255 64 64
185.58612061 192.21520996 448.56686401 255 64 64
185.57992554 192.20309448 448.56005859 255 64 64
185.57530212 192.20811462 448.55776978 255 64 64
207.16329956 202.92103577 452.23654175 255 64 64
207.15887451 202.92158508 452.24261475 255 64 64
207.15368652 202.91636658 452.24063110 255 64 64
207.14950562 202.92254639 452.23809814 255 64 64
204.11311340 192.71652222 435.41940308 255 64 64
204.11468506 192.71347046 435.42700195 255 64 64
204.10398865 192.71247864 435.42623901 255 64 64
204.10339355 192.71345520 435.42401123 255 64 64
257.25762939 198.59675598 377.28588867 255 64 64
257.25744629 198.58517456 377.29898071 255 64 64
257.26367188 198.59513855 377.29693604 255 64 64
257.26248169 198.58651733 377.30728149 255 64 64
240.97465515 214.83590698 433.26956177 255 64 64
240.96859741 214.83042908 433.27575684 255 64 64
240.97218323 214.83123779 433.27685547 255 64 64
240.96726990 214.83160400 433.27856445 255 64 64
237.86035156 187.83052063 379.58178711 255 64 64
237.85821533 187.81881714 379.59606934 255 64 64
237.86392212 187.83280945 379.59082031 255 64 64
237.86334229 187.82440186 379.59783936 255 64 64
241.31610107 249.08345032 452.19125366 255 64 64
241.31787109 249.07359314 452.20117188 255 64 64
241.31250000 249.08114624 452.20333862 255 64 64
241.31320190 249.07859802 452.20700073 255 64 64
188.81596375 182.89248657 440.14596558 255 64 64
188.80953979 182.89002991 440.15722656 255 64 64
188.80448914 182.87803650 440.15002441 255 64 64
188.80012512 182.88081360 440.15145874 255 64 64
263.44488525 237.55271912 390.36947632 255 64 64
263.44445801 237.54338074 390.38467407 255 64 64
263.45098877 237.55078125 390.36785889 255 64 64
263.45104980 237.54420471 390.38232422 255 64 64
260.38891602 222.84893799 376.08566284 255 64 64
260.37506104 222.84559631 376.10913086 255 64 64
260.37332153 222.85398865 376.09872437 255 64 64
260.36447144 222.85499573 376.12176514 255 64 64
175.24255371 219.54338074 394.39849854 255 64 64
175.23950195 219.53842163 394.40872192 255 64 64
175.24838257 219.53851318 394.39520264 255 64 64
175.24346924 219.53234863 394.39617920 255 64 64
194.00112915 181.29731750 424.32037354 255 64 64
193.99731445 181.29388428 424.33224487 255 64 64
193.99264526 181.29774475 424.33032227 255 64 64
193.98864746 181.29684448 424.33187866 255 64 64
226.90710449 216.63725281 396.44894409 255 64 64
226.90676880 216.62841797 396.46078491 255 64 64
226.91018677 216.63783264 396.45620728 255 64 64
226.91024780 216.63139343 396.46099854 255 64 64
243.23632812 204.34701538 415.54611206 255 64 64
243.23522949 204.33963013 415.55587769 255 64 64
243.23944092 204.34069824 415.55441284 255 64 64
243.23815918 204.33674622 415.55856323 255 64 64
266.78057861 238.90953064 429.70690918 255 64 64
266.77755737 238.90193176 429.71624756 255 64 64
266.77203369 238.90910339 429.71246338 255 64 64
266.76925659 238.90632629 429.71899414 255 64 64
226.95797729 202.25381470 439.37710571 255 64 64
226.95434570 202.25201416 439.38232422 255 64 64
226.95205688 202.24043274 439.39303589 255 64 64
226.94917297 202.24436951 439.39071655 255 64 64
231.52804565 200.46414185 427.42340088 255 64 64
231.52529907 200.45732117 427.43222046 255 64 64
231.52021790 200.45555115 427.43380737 255 64 64
231.51870728 200.45426941 427.43481445 255 64 64
280.86846924 208.98165894 368.43231201 255 64 64
280.87112427 208.97129822 368.44833374 255 64 64
280.87707520 208.97238159 368.43740845 255 64 64
280.87731934 208.96482849 368.45458984 255 64 64
263.50833130 230.15605164 419.04107666 255 64 64
263.51141357 230.14370728 419.05499268 255 64 64
263.49975586 230.15655518 419.04989624 255 64 64
263.49963379 230.14927673 419.05987549 255 64 64
179.81063843 208.88581848 389.57150269 255 64 64
179.80728149 208.88035583 389.58279419 255 64 64
179.81573486 208.88742065 389.57293701 255 64 64
179.81210327 208.88101196 389.57363892 255 64 64
251.82278442 198.97337341 386.79544067 255 64 64
251.82318115 198.96516418 386.80703735 255 64 64
251.82086182 198.97311401 386.80786133 255 64 64
251.82003784 198.96795654 386.81408691 255 64 64
266.86907959 200.66525269 358.72882080 255 64 64
266.86254883 200.66285706 358.75585938 255 64 64
266.86029053 200.66729736 358.73443604 255 64 64
266.85662842 200.66600037 358.76049805 255 64 64
231.55764771 192.62016296 385.84677124 255 64 64
231.55322266 192.60850525 385.85815430 255 64 64
231.56008911 192.61976624 385.85208130 255 64 64
231.55754089 192.61091614 385.85586548 255 64 64
197.39785767 196.18020630 389.66174316 255 64 64
197.39945984 196.17115784 389.67132568 255 64 64
197.39979553 196.18154907 389.67465210 255 64 64
197.40092468 196.17362976 389.67706299 255 64 64
199.17207336 181.56518555 400.52951050 255 64 64
199.16838074 181.55574036 400.54287720 255 64 64
199.16781616 181.56405640 400.53488159 255 64 64
199.16537476 181.55680847 400.53829956 255 64 64
235.34078979 243.19128418 435.69931030 255 64 64
235.34118652 243.18113708 435.70834351 255 64 64
235.34027100 243.19258118 435.70364380 255 64 64
235.33908081 243.18646240 435.70645142 255 64 64
228.65020752 232.06420898 468.72708130 255 64 64
228.65373230 232.05184937 468.74102783 255 64 64
228.64364624 232.06414795 468.73806763 255 64 64
228.64521790 232.06079102 468.74380493 255 64 64
244.64634705 235.76547241 402.66375732 255 64 64
244.64721680 235.75555420 402.67425537 255 64 64
244.65341187 235.76284790 402.66516113 255 64 64
244.65447998 235.75616455 402.67419434 255 64 64
186.75534058 235.74580383 437.18255615 255 64 64
186.74330139 235.73852539 437.19378662 255 64 64
186.75202942 235.74206543 437.18527222 255 64 64
186.74095154 235.73651123 437.18780518 255 64 64
234.80116272 211.77149963 440.97323608 255 64 64
234.79957581 211.76818848 440.98007202 255 64 64
234.79324341 211.76844788 440.98474121 255 64 64
234.79061890 211.77049255 440.98571777 255 64 64
171.68290710 175.16371155 409.20281982 255 64 64
171.67875671 175.15946960 409.21881104 255 64 64
171.68052673 175.16346741 409.19857788 255 64 64
171.67347717 175.16026306 409.20135498 255 64 64
206.78601074 195.66751099 388.85000610 255 64 64
206.78814697 195.66276550 388.85678101 255 64 64
206.78927612 195.66926575 388.85821533 255 64 64
206.79182434 195.66389465 388.85848999 255 64 64
214.40226746 192.27026367 431.11227417 255 64 64
214.40205383 192.26484680 431.12005615 255 64 64
214.39215088 192.26136780 431.11599731 255 64 64
214.39215088 192.26124573 431.11535645 255 64 64
271.52584839 231.39422607 414.81341553 255 64 64
271.52655029 231.38378906 414.82513428 255 64 64
271.52066040 231.39405823 414.81948853 255 64 64
271.51928711 231.38844299 414.82870483 255 64 64
244.84246826 241.23603821 416.42285156 255 64 64
244.84049988 241.22834778 416.43298340 255 64 64
244.84094238 241.23658752 416.42694092 255 64 64
244.83926392 241.23179626 416.43359375 255 64 64
226.24061584 230.79396057 407.14349365 255 64 64
226.23565674 230.78604126 407.15280151 255 64 64
226.24763489 230.78729248 407.14663696 255 64 64
226.24456787 230.78155518 407.15158081 255 64 64
221.62409973 243.25624084 444.74761963 255 64 64
221.61999512 243.24707031 444.76010132 255 64 64
221.62338257 243.25407410 444.75946045 255 64 64
221.61799622 243.25042725 444.76483154 255 64 64
235.77203369 203.47210693 388.06164551 255 64 64
235.77236938 203.46223450 388.07388306 255 64 64
235.77827454 203.47386169 388.06469727 255 64 64
235.78012085 203.46597290 388.07189941 255 64 64
234.55825806 229.25308228 452.62213135 255 64 64
234.55667114 229.24757385 452.63119507 255 64 64
234.56286621 229.24700928 452.62719727 255 64 64
234.56085205 229.24801636 452.62933350 255 64 64
248.81465149 219.81143188 422.55130005 255 64 64
248.81663513 219.79971313 422.56726074 255 64 64
248.80798340 219.81178284 422.56741333 255 64 64
248.80801392 219.80480957 422.57446289 255 64 64
245.26725769 196.25608826 377.02902222 255 64 64
245.25398254 196.25183105 377.04827881 255 64 64
245.25445557 196.25108337 377.03546143 255 64 64
245.24830627 196.25018311 377.05178833 255 64 64
210.01901245 235.57138062 428.10729980 255 64 64
210.01420593 235.56172180 428.11724854 255 64 64
210.02471924 235.56193542 428.10687256 255 64 64
210.01895142 235.55375671 428.10934448 255 64 64
236.55572510 236.42860413 459.53741455 255 64 64
236.55508423 236.41778564 459.54946899 255 64 64
236.55519104 236.43087769 459.54153442 255 64 64
236.55293274 236.42829895 459.54672241 255 64 64
267.30029297 248.52685547 427.45492554 255 64 64
267.30282593 248.51599121 427.46722412 255 64 64
267.29235840 248.52178955 427.46011353 255 64 64
267.29327393 248.51705933 427.46981812 255 64 64
252.92295837 237.91192627 399.74612427 255 64 64
252.92544556 237.90086365 399.76022339 255 64 64
252.92739868 237.91087341 399.74481201 255 64 64
252.92941284 237.90213013 399.75717163 255 64 64
217.76431274 189.09785461 401.21307373 255 64 64
217.76129150 189.09078979 401.22607422 255 64 64
217.75567627 189.09880066 401.22070312 255 64 64
217.75131226 189.09332275 401.22509766 255 64 64
182.90417480 182.06729126 382.11636353 255 64 64
182.90310669 182.06057739 382.13024902 255 64 64
182.90629578 182.06280518 382.12292480 255 64 64
182.90307617 182.05522156 382.12689209 255 64 64
185.74136353 164.16650391 412.00759888 255 64 64
185.74215698 164.16267395 412.02557373 255 64 64
185.73640442 164.15510559 412.01391602 255 64 64
185.73512268 164.15135193 412.01971436 255 64 64
260.68627930 244.76245117 408.29568481 255 64 64
260.68811035 244.75457764 408.30746460 255 64 64
260.68579102 244.76208496 408.29605103 255 64 64
260.68811035 244.75718689 408.30593872 255 64 64
198.84063721 236.57539368 435.98260498 255 64 64
198.83308411 236.56536865 435.99353027 255 64 64
198.84175110 236.56362915 435.98684692 255 64 64
198.83374023 236.55755615 435.98999023 255 64 64
253.93746948 211.34970093 376.38510132 255 64 64
253.92224121 211.34535217 376.40795898 255 64 64
253.92570496 211.35174561 376.39776611 255 64 64
253.91639709 211.35151672 376.41973877 255 64 64
214.37321472 218.96493530 398.31674194 255 64 64
214.37461853 218.95681763 398.32379150 255 64 64
214.38122559 218.96694946 398.31274414 255 64 64
214.38261414 218.95890808 398.31488037 255 64 64
235.52166748 184.58393860 389.16806030 255 64 64
235.52175903 184.57344055 389.18048096 255 64 64
235.52005005 184.57908630 389.18048096 255 64 64
235.51947021 184.57130432 389.18521118 255 64 64
223.03479004 221.06921387 459.13024902 255 64 64
223.02856445 221.06617737 459.13610840 255 64 64
223.02999878 221.06301880 459.13836670 255 64 64
223.02659607 221.06532288 459.13732910 255 64 64
202.76181030 185.33432007 410.74911499 255 64 64
202.75909424 185.32943726 410.76037598 255 64 64
202.75283813 185.33204651 410.75729370 255 64 64
202.75244141 185.32804871 410.75854492 255 64 64
227.25973511 236.35206604 421.02603149 255 64 64
227.25849915 236.34060669 421.03833008 255 64 64
227.25976562 236.34825134 421.02822876 255 64 64
227.25872803 236.34010315 421.03439331 255 64 64
290.13214111 232.70153809 408.23779297 255 64 64
290.13696289 232.69206238 408.25061035 255 64 64
290.13330078 232.69677734 408.24200439 255 64 64
290.13510132 232.69122314 408.25485229 255 64 64
265.07031250 211.62236023 363.32846069 255 64 64
265.06185913 211.61903381 363.35351562 255 64 64
265.06283569 211.62670898 363.33734131 255 64 64
265.05734253 211.62620544 363.36245728 255 64 64
182.29318237 173.41606140 434.20794678 255 64 64
182.28959656 173.41412354 434.22268677 255 64 64
182.28823853 173.40141296 434.20755005 255 64 64
182.28445435 173.40130615 434.20910645 255 64 64
281.12805176 215.51713562 381.07754517 255 64 64
281.12973022 215.50714111 381.09295654 255 64 64
281.13354492 215.51081848 381.08926392 255 64 64
281.13064575 215.50315857 381.10250854 255 64 64
242.98815918 189.21269226 386.78436279 255 64 64
242.99087524 189.20217896 386.79629517 255 64 64
242.98165894 189.21203613 386.80001831 255 64 64
242.98306274 189.20451355 386.80612183 255 64 64
225.21586609 196.74336243 430.65499878 255 64 64
225.21386719 196.73803711 430.66491699 255 64 64
225.20565796 196.73883057 430.66247559 255 64 64
225.20339966 196.73751831 430.66543579 255 64 64
241.67996216 225.41439819 440.88330078 255 64 64
241.67849731 225.40594482 440.89025879 255 64 64
241.67823792 225.40844727 440.89910889 255 64 64
241.67474365 225.40702820 440.90048218 255 64 64
215.71923828 230.80220032 411.35107422 255 64 64
215.71609497 230.79496765 411.36108398 255 64 64
215.72497559 230.79833984 411.35437012 255 64 64
215.72229004 230.79170227 411.35769653 255 64 64
198.02481079 230.66215515 417.47674561 255 64 64
198.01525879 230.65406799 417.48916626 255 64 64
198.02153015 230.65985107 417.47711182 255 64 64
198.01190186 230.65280151 417.48074341 255 64 64
183.32095337 167.28530884 418.81393433 255 64 64
183.31944275 167.28306580 418.82876587 255 64 64
183.31773376 167.28567505 418.81509399 255 64 64
183.31259155 167.28469849 418.81723022 255 64 64
289.78875732 221.90716553 384.90588379 255 64 64
289.79632568 221.89759827 384.92126465 255 64 64
289.79785156 221.89739990 384.91372681 255 64 64
289.79922485 221.88922119 384.92916870 255 64 64
252.49057007 226.90628052 389.38473511 255 64 64
252.48971558 226.89773560 389.39764404 255 64 64
252.49633789 226.90731812 389.38668823 255 64 64
252.49697876 226.90081787 389.39721680 255 64 64
230.98844910 244.42288208 441.97296143 255 64 64
230.98582458 244.41323853 441.98037720 255 64 64
230.99005127 244.42109680 441.98510742 255 64 64
230.98738098 244.41792297 441.98776245 255 64 64
189.44213867 199.10719299 454.52001953 255 64 64
189.43682861 199.10742188 454.52630615 255 64 64
189.43679810 199.09704590 454.52294922 255 64 64
189.43383789 199.10186768 454.51953125 255 64 64
276.51593018 222.02311707 393.50973511 255 64 64
276.51452637 222.01506042 393.52282715 255 64 64
276.51382446 222.01901245 393.51702881 255 64 64
276.51031494 222.01425171 393.52728271 255 64 64
262.84335327 245.44909668 434.73196411 255 64 64
262.84649658 245.43901062 434.74267578 255 64 64
262.83416748 245.44821167 434.73657227 255 64 64
262.83538818 245.44490051 434.74496460 255 64 64
188.27226257 169.82592773 392.66333008 255 64 64
188.27018738 169.82150269 392.67993164 255 64 64
188.26921082 169.81895447 392.67523193 255 64 64
188.26803589 169.81356812 392.68197632 255 64 64
183.64285278 227.25399780 411.05612183 255 64 64
183.63914490 227.24694824 411.06936646 255 64 64
183.64527893 227.24446106 411.06030273 255 64 64
183.63813782 227.23715210 411.06420898 255 64 64
237.52389526 180.71847534 382.43621826 255 64 64
237.52326965 180.70748901 382.44998169 255 64 64
237.52758789 180.71604919 382.44238281 255 64 64
237.52618408 180.70722961 382.44955444 255 64 64
249.68832397 205.10916138 400.90771484 255 64 64
249.68875122 205.09883118 400.92266846 255 64 64
249.68748474 205.11010742 400.92068481 255 64 64
249.68463135 205.10418701 400.92849731 255 64 64
184.26000977 178.97325134 389.40283203 255 64 64
184.25903320 178.96449280 389.41937256 255 64 64
184.26373291 178.96617126 389.41516113 255 64 64
184.26252747 178.95744324 389.42047119 255 64 64
211.14787292 214.70698547 461.71398926 255 64 64
211.14370728 214.70504761 461.72006226 255 64 64
211.14431763 214.70527649 461.72195435 255 64 64
211.13899231 214.70988464 461.72012329 255 64 64
200.91564941 194.38291931 442.13809204 255 64 64
200.91003418 194.38397217 442.14529419 255 64 64
200.90588379 194.37466431 442.14059448 255 64 64
200.90219116 194.37959290 442.13824463 255 64 64
249.39299011 215.04443359 415.63049316 255 64 64
249.39401245 215.03448486 415.64700317 255 64 64
249.39115906 215.05035400 415.64053345 255 64 64
249.38967896 215.04428101 415.64819336 255 64 64
182.06698608 216.29078674 393.75659180 255 64 64
182.06105042 216.28541565 393.76657104 255 64 64
182.07388306 216.28610229 393.75488281 255 64 64
182.06726074 216.27938843 393.75616455 255 64 64
259.19784546 220.18884277 405.27597046 255 64 64
259.19549561 220.18177795 405.28756714 255 64 64
259.19384766 220.18647766 405.28427124 255 64 64
259.18984985 220.18231201 405.28976440 255 64 64
219.73080444 201.58892822 446.80676270 255 64 64
219.72756958 201.58847046 446.81393433 255 64 64
219.71783447 201.57881165 446.81848145 255 64 64
219.71545410 201.58367920 446.81805420 255 64 64
220.88394165 191.52374268 425.44955444 255 64 64
220.88226318 191.51634216 425.45965576 255 64 64
220.87579346 191.51620483 425.46228027 255 64 64
220.87467957 191.51264954 425.46371460 255 64 64
205.31527710 210.80300903 458.55551147 255 64 64
205.30932617 210.80340576 458.55938721 255 64 64
205.31245422 210.79336548 458.56195068 255 64 64
205.30703735 210.79956055 458.55807495 255 64 64
259.73129272 205.80152893 386.98855591 255 64 64
259.73254395 205.79173279 387.00134277 255 64 64
259.73495483 205.79733276 387.00262451 255 64 64
259.73376465 205.79119873 387.01025391 255 64 64
251.13623047 198.19726562 372.72540283 255 64 64
251.12106323 198.19328308 372.74932861 255 64 64
251.12341309 198.19563293 372.73211670 255 64 64
251.11401367 198.19471741 372.75311279 255 64 64
252.93978882 247.58251953 443.69216919 255 64 64
252.94351196 247.57366943 443.70062256 255 64 64
252.94271851 247.57803345 443.69967651 255 64 64
252.94506836 247.57525635 443.70416260 255 64 64
262.74343872 203.24481201 365.47192383 255 64 64
262.73159790 203.24272156 365.49780273 255 64 64
262.73217773 203.24465942 365.48193359 255 64 64
262.72344971 203.24519348 365.50622559 255 64 64
230.62533569 188.49629211 394.67169189 255 64 64
230.62152100 188.48725891 394.68255615 255 64 64
230.62396240 188.49256897 394.68075562 255 64 64
230.62301636 188.48796082 394.68444824 255 64 64
180.57278442 172.64163208 401.79342651 255 64 64
180.56958008 172.63554382 401.81094360 255 64 64
180.57040405 172.63461304 401.80047607 255 64 64
180.56564331 172.62875366 401.80654907 255 64 64
224.74844360 226.44718933 465.63983154 255 64 64
224.74304199 226.44439697 465.64620972 255 64 64
224.74353027 226.43746948 465.64770508 255 64 64
224.73934937 226.44131470 465.64865112 255 64 64
212.18060303 191.22714233 391.30480957 255 64 64
212.18101501 191.21989441 391.31420898 255 64 64
212.17251587 191.22491455 391.30978394 255 64 64
212.17263794 191.21937561 391.31091309 255 64 64
237.16625977 247.61946106 445.38677979 255 64 64
237.16476440 247.61157227 445.39566040 255 64 64
237.16531372 247.61663818 445.39755249 255 64 64
237.16253662 247.61334229 445.40158081 255 64 64
271.42437744 235.70046997 378.80468750 255 64 64
271.41592407 235.69940186 378.82571411 255 64 64
271.41174316 235.71092224 378.81469727 255 64 64
271.40780640 235.71298218 378.83816528 255 64 64
200.23680115 228.72378540 408.07641602 255 64 64
200.23284912 228.71524048 408.08697510 255 64 64
200.24746704 228.71925354 408.07974243 255 64 64
200.24270630 228.71058655 408.08166504 255 64 64
189.11402893 186.24855042 384.37457275 255 64 64
189.11529541 186.23895264 384.38720703 255 64 64
189.11445618 186.24740601 384.38452148 255 64 64
189.11590576 186.23847961 384.38696289 255 64 64
264.57049561 219.01966858 367.70126343 255 64 64
264.56152344 219.01651001 367.72488403 255 64 64
264.56335449 219.02656555 367.71173096 255 64 64
264.55642700 219.02548218 367.73605347 255 64 64
193.32919312 174.18568420 406.68014526 255 64 64
193.32875061 174.18127441 406.69274902 255 64 64
193.32228088 174.18440247 406.69329834 255 64 64
193.32086182 174.18057251 406.69421387 255 64 64
201.99623108 182.52777100 390.98822021 255 64 64
201.99778748 182.51969910 390.99801636 255 64 64
201.99618530 182.52543640 391.00366211 255 64 64
201.99790955 182.51919556 391.00369263 255 64 64
259.62567139 211.10397339 394.60488892 255 64 64
259.62341309 211.09558105 394.61749268 255 64 64
259.61901855 211.09934998 394.61825562 255 64 64
259.61541748 211.09384155 394.62579346 255 64 64
222.18556213 208.36653137 392.58081055 255 64 64
222.18891907 208.35998535 392.58938599 255 64 64
222.18911743 208.36944580 392.58319092 255 64 64
222.19253540 208.36145020 392.58749390 255 64 64
195.10903931 181.65782166 417.09857178 255 64 64
195.10879517 181.65197754 417.11294556 255 64 64
195.10469055 181.65405273 417.10693359 255 64 64
195.10505676 181.65159607 417.10910034 255 64 64
201.21788025 239.15805054 442.77886963 255 64 64
201.20690918 239.15126038 442.79074097 255 64 64
201.21817017 239.15351868 442.78033447 255 64 64
201.20771790 239.14945984 442.78424072 255 64 64
240.00090027 218.36683655 439.88085938 255 64 64
239.99871826 218.36317444 439.88586426 255 64 64
239.99665833 218.35960388 439.89328003 255 64 64
239.99595642 218.36105347 439.89227295 255 64 64
172.89210510 178.18705750 430.76321411 255 64 64
172.88496399 178.18673706 430.77615356 255 64 64
172.88478088 178.17903137 430.76232910 255 64 64
172.87687683 178.18162537 430.76385498 255 64 64
211.57244873 187.58740234 410.67538452 255 64 64
211.56750488 187.58042908 410.68414307 255 64 64
211.56588745 187.58433533 410.68487549 255 64 64
211.56245422 187.58009338 410.68475342 255 64 64
239.83291626 194.53741455 402.33560181 255 64 64
239.83282471 194.52770996 402.34646606 255 64 64
239.82949829 194.53257751 402.35214233 255 64 64
239.82806396 194.52725220 402.35562134 255 64 64
177.25407410 192.12937927 381.34976196 255 64 64
177.25547791 192.12112427 381.36090088 255 64 64
177.25379944 192.12066650 381.34793091 255 64 64
177.25209045 192.11291504 381.35049438 255 64 64
228.26342773 189.83457947 408.24328613 255 64 64
228.26025391 189.82492065 408.25549316 255 64 64
228.25375366 189.83061218 408.25793457 255 64 64
228.25280762 189.82560730 408.26083374 255 64 64
201.67143250 234.46170044 428.26843262 255 64 64
201.66281128 234.45394897 428.27752686 255 64 64
201.67550659 234.45410156 428.26486206 255 64 64
201.66867065 234.44813538 428.26602173 255 64 64
214.92164612 199.52105713 390.59027100 255 64 64
214.92182922 199.51416016 390.59729004 255 64 64
214.92196655 199.51864624 390.59552002 255 64 64
214.92213440 199.51304626 390.59597778 255 64 64
282.10607910 236.46783447 420.48010254 255 64 64
282.10491943 236.45979309 420.49295044 255 64 64
282.10144043 236.46618652 420.47869873 255 64 64
282.09851074 236.46325684 420.48925781 255 64 64
249.10852051 240.83825684 445.00784302 255 64 64
249.10855103 240.83079529 445.01580811 255 64 64
249.10275269 240.83737183 445.01889038 255 64 64
249.10226440 240.83609009 445.02288818 255 64 64
176.83200073 173.66514587 417.29144287 255 64 64
176.82977295 173.66093445 417.30609131 255 64 64
176.82643127 173.66435242 417.29583740 255 64 64
176.82339478 173.66145325 417.29803467 255 64 64
207.65759277 185.79101562 403.10391235 255 64 64
207.65631104 185.78456116 403.11846924 255 64 64
207.65722656 185.79559326 403.11389160 255 64 64
207.65303040 185.79034424 403.11624146 255 64 64
274.25134277 226.43826294 403.29263306 255 64 64
274.24838257 226.42832947 403.30841064 255 64 64
274.24462891 226.43774414 403.29757690 255 64 64
274.23974609 226.43139648 403.30865479 255 64 64
226.79306030 233.07983398 414.68566895 255 64 64
226.78887939 233.07353210 414.69427490 255 64 64
226.79586792 233.07556152 414.68746948 255 64 64
226.79153442 233.07133484 414.69079590 255 64 64
192.45811462 185.01736450 434.40417480 255 64 64
192.45980835 185.01287842 434.41461182 255 64 64
192.44564819 185.00849915 434.40567017 255 64 64
192.44512939 185.00723267 434.40539551 255 64 64
272.51757812 246.21105957 408.20077515 255 64 64
272.51858521 246.20649719 408.21313477 255 64 64
272.51669312 246.21284485 408.20422363 255 64 64
272.51684570 246.21160889 408.21426392 255 64 64
245.09146118 220.21049500 431.07162476 255 64 64
245.09020996 220.20167542 431.08285522 255 64 64
245.09214783 220.20785522 431.08755493 255 64 64
245.08966064 220.20364380 431.09222412 255 64 64
194.94407654 194.05192566 447.14868164 255 64 64
194.93980408 194.05372620 447.15661621 255 64 64
194.93826294 194.04614258 447.15396118 255 64 64
194.93359375 194.05201721 447.15167236 255 64 64
183.85829163 221.36822510 399.54202271 255 64 64
183.85226440 221.36239624 399.55334473 255 64 64
183.86714172 221.36148071 399.53738403 255 64 64
183.86386108 221.35499573 399.53939819 255 64 64
212.99813843 200.42556763 448.66946411 255 64 64
212.99610901 200.42419434 448.67767334 255 64 64
212.98995972 200.41670227 448.68267822 255 64 64
212.98664856 200.42115784 448.68026733 255 64 64
240.30595398 210.28259277 426.11297607 255 64 64
240.30203247 210.27604675 426.12066650 255 64 64
240.30316162 210.27819824 426.12878418 255 64 64
240.29931641 210.27723694 426.13052368 255 64 64
248.30480957 210.11869812 381.86401367 255 64 64
248.30700684 210.10752869 381.87405396 255 64 64
248.31008911 210.12178040 381.87112427 255 64 64
248.31259155 210.11425781 381.87783813 255 64 64
243.17568970 226.81753540 395.10333252 255 64 64
243.17764282 226.80802917 395.11618042 255 64 64
243.18243408 226.81791687 395.10009766 255 64 64
243.18331909 226.80979919 395.10870361 255 64 64
182.18215942 178.80024719 444.55975342 255 64 64
182.17948914 178.80361938 444.56979370 255 64 64
182.17224121 178.79371643 444.55484009 255 64 64
182.16831970 178.80088806 444.55505371 255 64 64
184.70243835 234.17680359 422.34100342 255 64 64
184.69619751 234.16696167 422.35321045 255 64 64
184.70285034 234.16793823 422.34063721 255 64 64
184.69557190 234.15914917 422.34506226 255 64 64
267.90264893 240.93878174 396.43875122 255 64 64
267.90213013 240.93070984 396.45144653 255 64 64
267.90264893 240.93618774 396.44064331 255 64 64
267.90222168 240.93258667 396.45346069 255 64 64
266.91918945 227.30522156 410.37643433 255 64 64
266.91909790 227.29539490 410.38977051 255 64 64
266.91281128 227.29899597 410.37792969 255 64 64
266.91162109 227.29302979 410.38824463 255 64 64
271.23562622 248.68338013 421.52526855 255 64 64
271.23687744 248.67581177 421.53558350 255 64 64
271.23187256 248.68127441 421.53088379 255 64 64
271.23309326 248.67849731 421.53976440 255 64 64
224.65390015 190.08584595 401.29092407 255 64 64
224.64883423 190.07594299 401.30273438 255 64 64
224.65032959 190.08566284 401.30227661 255 64 64
224.64646912 190.08169556 401.30593872 255 64 64
253.26312256 236.25596619 436.16430664 255 64 64
253.25988770 236.24690247 436.17425537 255 64 64
253.25160217 236.25482178 436.17047119 255 64 64
253.24810791 236.25183105 436.17544556 255 64 64
177.55114746 191.10404968 452.69689941 255 64 64
177.54328918 191.10775757 452.70428467 255 64 64
177.54016113 191.10067749 452.69100952 255 64 64
177.53146362 191.10777283 452.68991089 255 64 64
215.03637695 238.17855835 432.11053467 255 64 64
215.03277588 238.16763306 432.12207031 255 64 64
215.04060364 238.17552185 432.11547852 255 64 64
215.03581238 238.16885376 432.11911011 255 64 64
265.02313232 225.24664307 371.54174805 255 64 64
265.01370239 225.24412537 371.56414795 255 64 64
265.01049805 225.25537109 371.55236816 255 64 64
265.00363159 225.25573730 371.57553101 255 64 64
216.89501953 188.55290222 417.85839844 255 64 64
216.88888550 188.54788208 417.86895752 255 64 64
216.88198853 188.55010986 417.86453247 255 64 64
216.87673950 188.54879761 417.86651611 255 64 64
242.51129150 205.52673340 386.27331543 255 64 64
242.51016235 205.51667786 386.28582764 255 64 64
242.51626587 205.52549744 386.28210449 255 64 64
242.51550293 205.51745605 386.28924561 255 64 64
249.37927246 209.20419312 410.46777344 255 64 64
249.38116455 209.19248962 410.48199463 255 64 64
249.37931824 209.20631409 410.48214722 255 64 64
249.37832642 209.19932556 410.48956299 255 64 64
214.55084229 235.03187561 422.93148804 255 64 64
214.54629517 235.02392578 422.94244385 255 64 64
214.55329895 235.03100586 422.93524170 255 64 64
214.54682922 235.02571106 422.93847656 255 64 64
293.01251221 217.35812378 362.46438599 64 255 128
72.25582886 164.21951294 499.46658325 64 255 128
132.56251526 192.51029968 340.98477173 64 255 128
204.34628296 238.42321777 487.98324585 64 255 128
141.02844238 95.77866364 417.77130127 64 255 128
114.57999420 232.53900146 437.25299072 64 255 128
207.65974426 185.79270935 403.10806274 64 255 128
70.70103455 154.91061401 399.96646118 64 255 128
269.22134399 247.15412903 433.19995117 64 255 128
145.71455383 163.95927429 448.98950195 64 255 128
120.66071320 127.83261871 361.37268066 64 255 128
85.60334015 115.84481812 453.50717163 64 255 128
87.23600006 213.04200745 382.16201782 64 255 128
178.20399475 235.25000000 432.29699707 64 255 128
68.48700714 195.13800049 448.13299561 64 255 128
171.19544983 140.25343323 393.10296631 64 255 128
142.22000122 229.41400146 385.70800781 64 255 128
149.18017578 226.72805786 480.68777466 64 255 128
246.48170471 222.23068237 390.87103271 64 255 128
227.85591125 209.62536621 446.99713135 64 255 128
92.36412811 105.49143219 401.33468628 64 255 128
121.40275574 182.09672546 408.16561890 64 255 128
92.74800110 223.64099121 484.03100586 64 255 128
87.25008392 169.36051941 352.90567017 64 255 128
169.56047058 187.36064148 373.80374146 64 255 128
180.35275269 195.93345642 456.79238892 64 255 128
104.14966583 169.48567200 468.08181763 64 255 128
158.64324951 199.91682434 416.14978027 64 255 128
65.51270294 151.96556091 445.62399292 64 255 128
294.63934326 234.95704651 401.34967041 64 255 128
126.44387817 127.69417572 442.75448608 64 255 128
211.69584656 227.79238892 409.07180786 64 255 128
240.05873108 183.63232422 376.42449951 64 255 128
230.71705627 248.63258362 457.36917114 64 255 128
148.85505676 156.56607056 353.86117554 64 255 128
128.49966431 199.92944336 459.52203369 64 255 128
83.73799896 218.80599976 419.76998901 64 255 128
182.54452515 169.53569031 427.05667114 64 255 128
161.48246765 125.62063599 426.70230103 64 255 128
85.52742004 133.07746887 372.77178955 64 255 128
116.73200226 218.62500000 361.33001709 64 255 128
146.97729492 114.27291870 384.36773682 64 255 128
182.06768799 216.27923584 393.75643921 64 255 128
147.65701294 244.26300049 447.86999512 64 255 128
108.04937744 98.11817169 431.68029785 64 255 128
70.57599640 189.92100525 406.04000854 64 255 128
81.20480347 134.87849426 483.09194946 64 255 128
119.99099731 242.26699829 469.99401855 64 255 128
113.27400208 233.58699036 402.81100464 64 255 128
237.24069214 197.08566284 414.20953369 64 255 128
178.97399902 239.53900146 466.08999634 64 255 128
72.31317902 128.36669922 421.75222778 64 255 128
71.78399658 193.96499634 484.36297607 64 255 128
240.28318787 237.85897827 420.23294067 64 255 128
267.41326904 196.63394165 362.19357300 64 255 128
116.50804901 154.90864563 344.07550049 64 255 128
148.51100159 232.19999695 417.51599121 64 255 128
85.32199860 222.32200623 451.70700073 64 255 128
160.55009460 169.79785156 401.58264160 64 255 128
151.56938171 210.36033630 361.32830811 64 255 128
271.40557861 235.70532227 378.80804443 64 255 128
204.11219788 192.70608521 435.41879272 64 255 128
201.62124634 216.22637939 467.27740479 64 255 128
207.50395203 239.00965881 439.04241943 64 255 128
104.17977142 137.21386719 463.56967163 64 255 128
117.95294189 105.82139587 385.53027344 64 255 128
98.25299835 196.23300171 352.70199585 64 255 128
96.32262421 199.52215576 466.01147461 64 255 128
74.38800049 177.77200317 379.70199585 64 255 128
266.91836548 227.29745483 410.37536621 64 255 128
153.17630005 193.64459229 443.60015869 64 255 128
66.53992462 165.72242737 471.76312256 64 255 128
188.86170959 166.07144165 396.35629272 64 255 128
65.93290710 168.68775940 424.94134521 64 255 128
222.18730164 208.36734009 392.58340454 64 255 128
167.67723083 160.61946106 373.15066528 64 255 128
156.38534546 159.45259094 424.97662354 64 255 128
154.77026367 136.41897583 372.66339111 64 255 128
153.70355225 182.04664612 351.72473145 64 255 128
124.92973328 152.72515869 459.15771484 64 255 128
174.56106567 233.17234802 489.84933472 64 255 128
78.16580200 128.12037659 396.71237183 64 255 128
135.09355164 180.78234863 429.75823975 64 255 128
159.81192017 110.56895447 405.64651489 64 255 128
157.92822266 208.10289001 466.00076294 64 255 128
205.62904358 243.01945496 462.66799927 64 255 128
267.30645752 210.83236694 385.29580688 64 255 128
189.54496765 193.50013733 385.64617920 64 255 128
110.84223938 179.07421875 340.88012695 64 255 128
224.75347900 226.42822266 465.63983154 64 255 128
161.25550842 213.21633911 382.96957397 64 255 128
88.67612457 159.09761047 482.53295898 64 255 128
240.74365234 230.09309387 445.85525513 64 255 128
112.53817749 217.07925415 470.47756958 64 255 128
79.68110657 155.54829407 370.27316284 64 255 128
100.19467926 141.64106750 355.98098755 64 255 128
114.42367554 96.39567566 408.82513428 64 255 128
146.58656311 139.94245911 438.68939209 64 255 128
143.06193542 112.38307953 434.22909546 64 255 128
71.56777191 136.63850403 461.93933105 64 255 128
88.67713165 110.17917633 426.96078491 64 255 128
122.03308105 176.61566162 453.82385254 64 255 128
191.11700439 229.97399902 413.73199463 64 255 128
107.80999756 226.93200684 381.36801147 64 255 128
179.09693909 214.59536743 474.10467529 64 255 128
110.19876862 113.68022156 450.47009277 64 255 128
101.00246429 116.28900909 374.13735962 64 255 128
245.05699158 216.58029175 426.13552856 64 255 128
109.50325775 195.03297424 447.01940918 64 255 128
98.92299652 234.51000977 464.86599731 64 255 128
278.71994019 247.01690674 412.65542603 64 255 128
161.94038391 213.59783936 434.50692749 64 255 128
249.10633850 199.35995483 392.32928467 64 255 128
135.36213684 169.35655212 341.79867554 64 255 128
224.68426514 247.33155823 478.90274048 64 255 128
269.11865234 218.66099548 361.94851685 64 255 128
168.56643677 228.64993286 409.28927612 64 255 128
78.54299927 210.91101074 471.15298462 64 255 128
82.71600342 195.33898926 367.47500610 64 255 128
65.51126099 173.64785767 447.30978394 64 255 128
202.69233704 213.20129395 394.93743896 64 255 128
289.80105591 221.89704895 384.90844727 64 255 128
134.46337891 99.90727997 397.88824463 64 255 128
169.23941040 142.51570129 414.29589844 64 255 128
90.03483582 181.90957642 480.49114990 64 255 128
251.31088257 247.36309814 451.00585938 64 255 128
69.31099701 193.29998779 427.05398560 64 255 128
141.05999756 243.17300415 469.06399536 64 255 128
170.21583557 181.37593079 442.51586914 64 255 128
230.62609863 188.49284363 394.67333984 64 255 128
258.13558960 246.79780579 414.41354370 64 255 128
133.07914734 219.59785461 467.46942139 64 255 128
94.54199982 222.11999512 402.26300049 64 255 128
74.10562897 129.92706299 442.18313599 64 255 128
128.45599365 235.57299805 422.46099854 64 255 128
138.15776062 138.49665833 358.99304199 64 255 128
230.62583923 230.76509094 403.56820679 64 255 128
68.60084534 148.34986877 421.70193481 64 255 128
130.59713745 204.72174072 357.61096191 64 255 128
75.16100311 211.53799438 436.39199829 64 255 128
207.16052246 202.91503906 452.23809814 64 255 128
75.60900116 197.46400452 386.85501099 64 255 128
103.52700043 226.94799805 421.64999390 64 255 128
135.27900696 222.91999817 367.11801147 64 255 128
258.58993530 237.21403503 394.78842163 64 255 128
226.82699585 242.56422424 437.79537964 64 255 128
129.06356812 97.12843323 433.28668213 64 255 128
189.87600708 239.16700745 449.88800049 64 255 128
77.50800323 208.64700317 404.30200195 64 255 128
98.62899780 212.87399292 364.78997803 64 255 128
225.21752930 196.73643494 430.65420532 64 255 128
115.86105347 200.44847107 345.70358276 64 255 128
166.25163269 176.86476135 420.25317383 64 255 128
67.71333313 183.32431030 464.69699097 64 255 128
159.02400208 238.57200623 433.67800903 64 255 128
160.43899536 238.97200012 461.84201050 64 255 128
109.68399811 232.26800537 483.93801880 64 255 128
127.51999664 241.12400818 452.62597656 64 255 128
257.83297729 233.09277344 428.54812622 64 255 128
132.82154846 118.74639893 372.38330078 64 255 128
70.91522980 150.85426331 483.14712524 64 255 128
195.10752869 181.65014648 417.10394287 64 255 128
140.16624451 195.91459656 420.88070679 64 255 128
172.60050964 176.09136963 389.08880615 64 255 128
251.11457825 198.19543457 372.73724365 64 255 128
253.05259705 212.22535706 405.46865845 64 255 128
133.35501099 234.75999451 404.48199463 64 255 128
188.81053162 182.88084412 440.14901733 64 255 128
78.93037415 180.82690430 494.84286499 64 255 128
163.51733398 123.11954498 393.07504272 64 255 128
83.03699493 209.22100830 489.19000244 64 255 128
80.46834564 116.53373718 410.07699585 64 255 128
277.50683594 242.51461792 394.62423706 64 255 128
71.58657074 172.75076294 400.10610962 64 255 128
152.40162659 227.86312866 400.47689819 64 255 128
77.36299133 144.89933777 383.96447754 64 255 128
90.65935516 123.37301636 469.00830078 64 255 128
190.77432251 226.41143799 484.02716064 64 255 128
87.81210327 116.57672119 386.23223877 64 255 128
216.88287354 188.54798889 417.85943604 64 255 128
155.79721069 107.56017303 422.55972290 64 255 128
219.48974609 235.85348511 423.74597168 64 255 128
153.42355347 173.30111694 436.59405518 64 255 128
94.03099823 227.48899841 437.51599121 64 255 128
241.13400269 246.35839844 470.74539185 64 255 128
174.46807861 202.86444092 385.65121460 64 255 128
148.32838440 220.73559570 459.31280518 64 255 128
206.78384399 195.66642761 388.85269165 64 255 128
177.18960571 155.47734070 387.22616577 64 255 128
108.74891663 184.68101501 462.77621460 64 255 128
95.26401520 106.25111389 443.00628662 64 255 128
280.50732422 225.86164856 398.86550903 64 255 128
99.81385040 157.23789978 347.43496704 64 255 128
177.19564819 173.69369507 405.99987793 64 255 128
244.92579651 243.39282227 435.58972168 64 255 128
126.41500092 230.26800537 379.96301270 64 255 128
130.17135620 189.75691223 445.71707153 64 255 128
142.37500000 236.60400391 432.93499756 64 255 128
280.43811035 207.56475830 356.61584473 64 255 128
283.06146240 229.92752075 368.42358398 64 255 128
133.50915527 152.94276428 347.81820679 64 255 128
260.36849976 222.84678650 376.09622192 64 255 128
281.80062866 211.60354614 373.22128296 64 255 128
167.85563660 124.14003754 410.83953857 64 255 128
129.03730774 232.20535278 479.44372559 64 255 128
145.43171692 205.04521179 453.74343872 64 255 128
161.46501160 237.39099121 479.62899780 64 255 128
158.77598572 143.05442810 427.06903076 64 255 128
164.64155579 174.12510681 364.76867676 64 255 128
194.50099182 234.78099060 429.07199097 64 255 128
173.69300842 237.19100952 448.23699951 64 255 128
117.59502411 137.83374023 454.22442627 64 255 128
197.06925964 180.25660706 392.04037476 64 255 128
148.05865479 197.08467102 349.97534180 64 255 128
134.84155273 143.23005676 449.68545532 64 255 128
109.50122833 152.96252441 464.25830078 64 255 128
193.27772522 240.01217651 474.01974487 64 255 128
161.89050293 200.54682922 369.38021851 64 255 128
111.78000641 237.49700928 452.49099731 64 255 128
126.63842773 110.48530579 442.02761841 64 255 128
74.41116333 163.48081970 385.06600952 64 255 128
209.67170715 226.95983887 475.50466919 64 255 128
95.72730255 181.55218506 347.58770752 64 255 128
99.33808136 101.94119263 417.99200439 64 255 128
68.19926453 177.25334167 484.05307007 64 255 128
244.65324402 235.76011658 402.66699219 64 255 128
93.38280487 142.05067444 474.53768921 64 255 128
116.49662781 115.93555450 371.14883423 64 255 128
72.51880646 138.79847717 409.43420410 64 255 128
111.83889008 204.44303894 460.84399414 64 255 128
118.37822723 140.33695984 352.66857910 64 255 128
150.56997681 219.80874634 374.08618164 64 255 128
149.91593933 187.15722656 428.75854492 64 255 128
168.55451965 154.15829468 400.01620483 64 255 128
73.78300476 207.99099731 454.96099854 64 255 128
67.86114502 151.80160522 462.74700928 64 255 128
164.93182373 222.10971069 478.55691528 64 255 128
165.94599915 145.38438416 378.57363892 64 255 128
164.02334595 198.80632019 454.90823364 64 255 128
82.30199432 181.08999634 361.63000488 64 255 128
190.28698730 207.72091675 461.95980835 64 255 128
157.49703979 151.36361694 365.11920166 64 255 128
73.67199707 206.88800049 421.89599609 64 255 128
218.01661682 214.49963379 458.38980103 64 255 128
88.13282776 152.08070374 357.84616089 64 255 128
100.64941406 106.07089233 388.66033936 64 255 128
105.61177063 127.03010559 362.96090698 64 255 128
282.20748901 242.82537842 426.64843750 64 255 128
150.80250549 209.95999146 424.89355469 64 255 128
248.31320190 210.11744690 381.86441040 64 255 128
286.36495972 236.08291626 381.68209839 64 255 128
87.41399384 225.50498962 467.35299683 64 255 128
71.31999969 197.57301331 467.62298584 64 255 128
79.15847778 150.75543213 495.30734253 64 255 128
218.83204651 243.84213257 450.43304443 64 255 128
235.78196716 203.47027588 388.06610107 64 255 128
232.38383484 217.84315491 393.63333130 64 255 128
168.40095520 222.28088379 395.71157837 64 255 128
234.82360840 207.08802795 433.26351929 64 255 128
94.92195129 211.71502686 474.93020630 64 255 128
151.33833313 154.20600891 439.80401611 64 255 128
133.74497986 180.99310303 415.21597290 64 255 128
117.85729218 165.32112122 462.14099121 64 255 128
132.49455261 107.14625549 385.66415405 64 255 128
159.85714722 158.78382874 410.77279663 64 255 128
194.94009399 194.04080200 447.14843750 64 255 128
289.44137573 237.15208435 415.35684204 64 255 128
88.29838562 199.54777527 479.09930420 64 255 128
136.96215820 174.85392761 445.46646118 64 255 128
68.82701874 180.54293823 418.85198975 64 255 128
267.60238647 220.07875061 397.95947266 64 255 128
101.37442017 121.30260468 458.96530151 64 255 128
66.11055756 183.26232910 437.68969727 64 255 128
79.34527588 120.79620361 431.22879028 64 255 128
142.50447083 128.70401001 369.00067139 64 255 128
185.74263000 164.16300964 412.01361084 64 255 128
121.31427765 94.76707458 421.02276611 64 255 128
123.97599792 234.46499634 393.26098633 64 255 128
68.44631958 166.31970215 411.20141602 64 255 128
67.89942932 139.08862305 433.72488403 64 255 128
192.93267822 222.62652588 399.41375732 64 255 128
132.70387268 164.94677734 454.62158203 64 255 128
215.91139221 196.94644165 442.11318970 64 255 128
149.50604248 105.65148163 397.46380615 64 255 128
165.72665405 163.68362427 386.81079102 64 255 128
130.02101135 235.13800049 439.41699219 64 255 128
109.13800049 208.89599609 354.57101440 64 255 128
147.35357666 126.50755310 434.43847656 64 255 128
76.79460907 169.55404663 368.32464600 64 255 128
97.61554718 155.69219971 472.25723267 64 255 128
236.57122803 236.42073059 459.53744507 64 255 128
260.09768677 210.50970459 369.88848877 64 255 128
182.90089417 182.06756592 382.12689209 64 255 128
214.38021851 218.95921326 398.31301880 64 255 128
72.22200012 184.02799988 391.63101196 64 255 128
66.13768005 158.37596130 434.07510376 64 255 128
154.75134277 125.73339081 380.84332275 64 255 128
207.25408936 243.19592285 475.68280029 64 255 128
172.49876404 205.50204468 466.40481567 64 255 128
240.00437927 218.36096191 439.88092041 64 255 128
255.28710938 223.62857056 417.93649292 64 255 128
142.21687317 180.85873413 343.95181274 64 255 128
168.59899902 234.43501282 422.90802002 64 255 128
99.37799835 233.05599976 449.78201294 64 255 128
267.30935669 243.99768066 404.95861816 64 255 128
125.09588623 177.77711487 340.22363281 64 255 128
179.94758606 224.89826965 404.35366821 64 255 128
78.75730896 125.29398346 461.48474121 64 255 128
203.88508606 231.11558533 419.40332031 64 255 128
158.29501343 192.75872803 358.33432007 64 255 128
217.85221863 189.22552490 390.41506958 64 255 128
114.61199951 233.00099182 417.57699585 64 255 128
192.70286560 206.57595825 390.59478760 64 255 128
178.86865234 239.18307495 479.26269531 64 255 128
102.84099579 228.42599487 394.09802246 64 255 128
72.59490204 142.27294922 395.98492432 64 255 128
228.26240540 189.82861328 408.24978638 64 255 128
114.40480042 103.09969330 443.54934692 64 255 128
220.73381042 247.20922852 466.15789795 64 255 128
83.36844635 166.84202576 491.98657227 64 255 128
229.20602417 223.64076233 453.26733398 64 255 128
156.81504822 166.77658081 355.92587280 64 255 128
237.17594910 247.60716248 445.38909912 64 255 128
141.08946228 195.82261658 438.96151733 64 255 128
272.35079956 235.53541565 422.73706055 64 255 128
277.85278320 217.65109253 387.34652710 64 255 128
193.32580566 174.18228149 406.68786621 64 255 128
127.28717804 95.52439117 408.42401123 64 255 128
85.05400085 213.10000610 394.84301758 64 255 128
150.80244446 101.20750427 411.37216187 64 255 128
109.05929565 165.07730103 342.20288086 64 255 128
85.00889587 113.67921448 440.05517578 64 255 128
68.57736969 163.50585938 484.97210693 64 255 128
161.03300476 239.00500488 449.16497803 64 255 128
86.47048950 146.35997009 484.48141479 64 255 128
117.10953522 100.24372864 396.79586792 64 255 128
122.34117126 210.03594971 464.89736938 64 255 128
144.23818970 229.56179810 469.47689819 64 255 128
270.67208862 204.49871826 372.83187866 64 255 128
195.26472473 186.91131592 428.75924683 64 255 128
145.62847900 102.04686737 427.52633667 64 255 128
149.53845215 216.57905579 470.80209351 64 255 128
108.27880096 190.65382385 344.75656128 64 255 128
230.01419067 182.09414673 383.47476196 64 255 128
220.91036987 234.06852722 474.61752319 64 255 128
172.88618469 178.18011475 430.76107788 64 255 128
140.50399780 214.41101074 358.30599976 64 255 128
240.66088867 206.16432190 421.48590088 64 255 128
73.43987274 139.30787659 474.64627075 64 255 128
66.19793701 171.18124390 460.05004883 64 255 128
99.28441620 186.44198608 471.15640259 64 255 128
178.27511597 225.00445557 481.10473633 64 255 128
152.71299744 221.49699402 386.14300537 64 255 128
122.23283386 165.66882324 342.19223022 64 255 128
280.12301636 231.25805664 410.24935913 64 255 128
134.84048462 169.94114685 423.00387573 64 255 128
170.73706055 172.16523743 376.35833740 64 255 128
180.20118713 183.57725525 449.31604004 64 255 128
91.16999817 201.87998962 361.57699585 64 255 128
257.39953613 201.60675049 382.84994507 64 255 128
94.93399811 222.39399719 387.05099487 64 255 128
79.49166107 130.41764832 383.06085205 64 255 128
164.17120361 132.61383057 385.62481689 64 255 128
84.69336700 144.09794617 368.35650635 64 255 128
108.11799622 221.41000366 369.41400146 64 255 128
101.35253143 201.89839172 455.17291260 64 255 128
242.99095154 189.21109009 386.79324341 64 255 128
171.53221130 135.88063049 404.35382080 64 255 128
106.80899811 238.39999390 473.17800903 64 255 128
76.01399994 189.74499512 377.55700684 64 255 128
76.83434296 194.99288940 494.83688354 64 255 128
89.73175812 107.37588501 413.05630493 64 255 128
94.21700287 223.20599365 414.27600098 64 255 128
192.92753601 241.05435181 462.90725708 64 255 128
128.56001282 216.41400146 359.51800537 64 255 128
239.83509827 194.53399658 402.33981323 64 255 128
69.64739990 139.45825195 448.36300659 64 255 128
164.72810364 152.40597534 419.53094482 64 255 128
295.18960571 222.07325745 374.10290527 64 255 128
84.14600372 220.74400330 437.02301025 64 255 128
139.00500488 245.41099548 457.48999023 64 255 128
159.46835327 202.65324402 428.31442261 64 255 128
83.40811157 117.59177399 398.48733521 64 255 128
141.10577393 153.10377502 451.65545654 64 255 128
115.50823975 124.20565796 449.45468140 64 255 128
226.79719543 233.07482910 414.68551636 64 255 128
269.61071777 227.33056641 370.10787964 64 255 128
94.94065857 132.12944031 364.67416382 64 255 128
97.72899628 218.95800781 374.94299316 64 255 128
146.96725464 166.87336731 348.50091553 64 255 128
149.17874146 141.74507141 363.82305908 64 255 128
118.81600189 225.92700195 371.81402588 64 255 128
178.43699646 229.56100464 416.20800781 64 255 128
155.88485718 170.43998718 420.59609985 64 255 128
102.38099670 220.89299011 477.73400879 64 255 128
87.09700012 206.82600403 372.09698486 64 255 128
136.61497498 122.48663330 437.03659058 64 255 128
154.27804565 117.41057587 431.03842163 64 255 128
138.06236267 202.79705811 347.81481934 64 255 128
256.38275146 242.30964661 437.47702026 64 255 128
231.51666260 238.56478882 427.77725220 64 255 128
246.69262695 227.23692322 434.96600342 64 255 128
259.45739746 231.22659302 384.19824219 64 255 128
204.84774780 241.97071838 451.73651123 64 255 128
259.62356567 211.10119629 394.60650635 64 255 128
101.93529510 101.17252350 406.08691406 64 255 128
162.65997314 230.08256531 488.29714966 64 255 128
281.78729248 218.72392273 359.84823608 64 255 128
271.24151611 248.67359924 421.52505493 64 255 128
97.17900085 232.69599915 478.33801270 64 255 128
96.26273346 110.05112457 453.95260620 64 255 128
177.25712585 192.12176514 381.34960938 64 255 128
158.80186462 182.75698853 443.54388428 64 255 128
190.30177307 215.18051147 470.86474609 64 255 128
80.39900208 217.05799866 461.61499023 64 255 128
200.24487305 228.71315002 408.07885742 64 255 128
71.41000366 199.10299683 412.86502075 64 255 128
80.59545898 127.55350494 472.73675537 64 255 128
68.94715118 151.07823181 410.35726929 64 255 128
89.24800110 188.16999817 355.89797974 64 255 128
113.16400146 231.67500305 390.35000610 64 255 128
75.25000000 204.08200073 479.70599365 64 255 128
163.23945618 116.57976532 419.89895630 64 255 128
246.29582214 203.29109192 409.63421631 64 255 128
169.38337708 188.12350464 451.52413940 64 255 128
118.87913513 225.01394653 475.66342163 64 255 128
117.85326385 185.20991516 447.98822021 64 255 128
176.82740784 173.66746521 417.29269409 64 255 128
119.15888214 190.04228210 341.29306030 64 255 128
204.50059509 188.36511230 421.77291870 64 255 128
293.83959961 230.80534363 390.38735962 64 255 128
249.09655762 244.18121338 420.95397949 64 255 128
137.87162781 196.30294800 451.10650635 64 255 128
83.46199799 218.26599121 477.97799683 64 255 128
166.23701477 132.46813965 419.37710571 64 255 128
82.37002563 161.43751526 359.75088501 64 255 128
119.58499908 237.61999512 481.78900146 64 255 128
120.06299591 208.59800720 352.41897583 64 255 128
151.08799744 238.11499023 472.02600098 64 255 128
157.23744202 210.49873352 371.06991577 64 255 128
108.77598572 108.66489410 380.03106689 64 255 128
156.67506409 114.33744812 392.61483765 64 255 128
130.39855957 142.86564636 352.46316528 64 255 128
233.50349426 238.33274841 470.22372437 64 255 128
96.32742310 170.57383728 346.15744019 64 255 128
140.69143677 213.04402161 461.76403809 64 255 128
137.05499268 235.45399475 414.88201904 64 255 128
132.74971008 128.96420288 363.76693726 64 255 128
168.86785889 198.41468811 377.19299316 64 255 128
70.97100067 201.48100281 438.13800049 64 255 128
96.05728149 167.12089539 475.07778931 64 255 128
194.64300537 237.09700012 439.79498291 64 255 128
102.84400177 228.43399048 405.65197754 64 255 128
187.57904053 235.99864197 487.98953247 64 255 128
131.24600220 242.51399231 476.59799194 64 255 128
65.36698914 170.88461304 435.66329956 64 255 128
125.04437256 110.68231201 378.61437988 64 255 128
64.22218323 163.27673340 452.26226807 64 255 128
76.93196106 126.43206024 407.57952881 64 255 128
243.90539551 248.94934082 459.26901245 64 255 128
211.71141052 207.75509644 394.01058960 64 255 128
256.66812134 242.28489685 404.36395264 64 255 128
119.39799500 232.16400146 427.42602539 64 255 128
141.27091980 98.21014404 407.10461426 64 255 128
155.87113953 132.99851990 432.48739624 64 255 128
199.07432556 223.53141785 477.07870483 64 255 128
102.79759216 209.95304871 467.27993774 64 255 128
191.23620605 171.20692444 418.09802246 64 255 128
83.71752930 190.90226746 486.60980225 64 255 128
212.66384888 220.58830261 466.12890625 64 255 128
224.72685242 223.37365723 398.30169678 64 255 128
244.15388489 239.54162598 451.00881958 64 255 128
163.31857300 184.79096985 363.08981323 64 255 128
74.01316071 130.00476074 453.22756958 64 255 128
70.33286285 187.16355896 492.78637695 64 255 128
206.94963074 185.01551819 391.35940552 64 255 128
244.43493652 200.23440552 380.76849365 64 255 128
249.40170288 215.04554749 415.63360596 64 255 128
142.21461487 184.91505432 421.48455811 64 255 128
81.49481201 115.13088989 420.99105835 64 255 128
226.97103882 198.27177429 388.84930420 64 255 128
217.75393677 189.09599304 401.21545410 64 255 128
92.85400391 228.50199890 456.89801025 64 255 128
284.69802856 243.56214905 402.47229004 64 255 128
159.38999939 231.98300171 418.15502930 64 255 128
98.33811951 102.17831421 430.30703735 64 255 128
268.28448486 208.65472412 358.39376831 64 255 128
149.39723206 197.71174622 425.80838013 64 255 128
210.02558899 235.55905151 428.10504150 64 255 128
135.26345825 135.21099854 442.57440186 64 255 128
141.44772339 148.79957581 353.40402222 64 255 128
66.21636963 183.48300171 452.29785156 64 255 128
92.78997803 122.81932068 373.07550049 64 255 128
217.65602112 205.59016418 452.88305664 64 255 128
149.59251404 194.88851929 414.08132935 64 255 128
214.39950562 192.25752258 431.11062622 64 255 128
94.00600433 225.40600586 425.94299316 64 255 128
121.00145721 195.88122559 453.25366211 64 255 128
189.27111816 176.85260010 431.46798706 64 255 128
85.67400360 218.07600403 409.45101929 64 255 128
182.01962280 173.84754944 394.63363647 64 255 128
140.92199707 231.76998901 397.81799316 64 255 128
226.95755005 202.24513245 439.38027954 64 255 128
94.89371490 132.95474243 468.74816895 64 255 128
127.86260223 201.00045776 345.61431885 64 255 128
67.88783264 179.96517944 474.26358032 64 255 128
73.60500336 197.66799927 399.64199829 64 255 128
69.55181122 172.11259460 492.79156494 64 255 128
75.25779724 142.64801025 487.97897339 64 255 128
66.98314667 159.21376038 419.89257812 64 255 128
171.31367493 212.56076050 389.01376343 64 255 128
230.93598938 250.01525879 470.80456543 64 255 128
226.46942139 191.83834839 420.36886597 64 255 128
184.41999817 236.45199585 441.47000122 64 255 128
148.32598877 241.24301147 459.35101318 64 255 128
162.30534363 177.73660278 429.79336548 64 255 128
238.21070862 226.81748962 398.29779053 64 255 128
74.57723999 154.87890625 390.39175415 64 255 128
132.75000000 232.99198914 387.89700317 64 255 128
119.85900116 241.34700012 459.56900024 64 255 128
260.31167603 246.95899963 428.20364380 64 255 128
214.55488586 245.39869690 482.52835083 64 255 128
261.98886108 199.21672058 373.02453613 64 255 128
170.26213074 152.07687378 410.81552124 64 255 128
110.11787415 96.92366791 421.65722656 64 255 128
144.55082703 121.74017334 376.08151245 64 255 128
167.15000916 236.75698853 439.63000488 64 255 128
286.63894653 239.20585632 391.67648315 64 255 128
123.95356750 179.28016663 417.80014038 64 255 128
247.28343201 241.46072388 411.15081787 64 255 128
137.70700073 241.13499451 442.50500488 64 255 128
164.90473938 174.97492981 409.87014771 64 255 128
100.52043152 146.01820374 468.65582275 64 255 128
179.26298523 177.93832397 439.11178589 64 255 128
192.42593384 179.62188721 383.06747437 64 255 128
110.36135864 135.36932373 356.66967773 64 255 128
142.34594727 106.27458954 390.34259033 64 255 128
110.13381195 145.52268982 349.92343140 64 255 128
81.36499786 206.26600647 386.90100098 64 255 128
78.38500214 215.59800720 445.07400513 64 255 128
142.66735840 179.12142944 436.01666260 64 255 128
112.31957245 143.01399231 461.34341431 64 255 128
205.31599426 210.79573059 458.55426025 64 255 128
259.19873047 220.18487549 405.27719116 64 255 128
105.04389191 190.95770264 454.86761475 64 255 128
120.28499603 236.25999451 447.34399414 64 255 128
137.71977234 113.43459320 379.87524414 64 255 128
269.67895508 238.62202454 388.22055054 64 255 128
145.38500977 206.88381958 354.52981567 64 255 128
79.78049469 120.44548798 447.01614380 64 255 128
152.75900269 209.86047363 435.09271240 64 255 128
182.22183228 206.43481445 467.99728394 64 255 128
131.43501282 245.01800537 463.86099243 64 255 128
184.70401001 234.16299438 422.33599854 64 255 128
153.03573608 163.36257935 433.79736328 64 255 128
135.55273438 191.03105164 431.07150269 64 255 128
139.04200745 226.78401184 375.38098145 64 255 128
234.66345215 191.28802490 382.02023315 64 255 128
104.77499390 231.61199951 437.71499634 64 255 128
160.05157471 214.97322083 473.63946533 64 255 128
126.64324188 102.24013519 391.94436646 64 255 128
146.76264954 172.22138977 443.55358887 64 255 128
123.71300507 235.70401001 406.08401489 64 255 128
156.95237732 152.11003113 431.97000122 64 255 128
217.12153625 240.54487610 437.20788574 64 255 128
78.89799500 214.95500183 427.98901367 64 255 128
169.13064575 175.05207825 400.54806519 64 255 128
156.67997742 201.97013855 361.23944092 64 255 128
87.77701569 171.09521484 484.59637451 64 255 128
277.68072510 205.81274414 366.05178833 64 255 128
189.44866943 199.09616089 454.51727295 64 255 128
169.90600586 238.64099121 459.40499878 64 255 128
240.95239258 211.53511047 389.31277466 64 255 128
151.91200256 242.53900146 439.23699951 64 255 128
200.23489380 229.22116089 485.38598633 64 255 128
109.73033142 129.53282166 455.57214355 64 255 128
173.66822815 145.99380493 401.49215698 64 255 128
90.35034180 160.34074402 351.70803833 64 255 128
123.42491913 149.17323303 347.74224854 64 255 128
77.97600555 211.12500000 413.71600342 64 255 128
66.80809784 180.62052917 427.75003052 64 255 128
113.81295776 174.36102295 463.20019531 64 255 128
197.40267944 196.17440796 389.67068481 64 255 128
248.30882263 188.19609070 374.22622681 64 255 128
162.89570618 160.21902466 395.23873901 64 255 128
70.23099518 180.31401062 407.20001221 64 255 128
253.72654724 218.10353088 381.28732300 64 255 128
76.77600098 179.27200317 370.44097900 64 255 128
205.59703064 222.98793030 402.24734497 64 255 128
179.99800110 238.78300476 455.39599609 64 255 128
105.56867981 105.43710327 448.61148071 64 255 128
69.77519989 138.76951599 420.98068237 64 255 128
235.59339905 234.47315979 411.02450562 64 255 128
109.68499756 239.11898804 461.77700806 64 255 128
91.78649902 115.84572601 460.84906006 64 255 128
171.14901733 153.51092529 379.52096558 64 255 128
72.60700226 174.21699524 388.47100830 64 255 128
81.05400085 202.03800964 377.86401367 64 255 128
159.38499451 228.54598999 407.05499268 64 255 128
210.56587219 234.49336243 481.62368774 64 255 128
131.50599670 209.16653442 461.93859863 64 255 128
140.55599976 233.59201050 423.62698364 64 255 128
65.89968872 148.31951904 436.06552124 64 255 128
135.99578857 95.37769318 426.84738159 64 255 128
92.03318787 142.47236633 361.20910645 64 255 128
69.98500061 190.60600281 417.01800537 64 255 128
162.06250000 161.34982300 365.49713135 64 255 128
204.72398376 196.96722412 445.33334351 64 255 128
184.36273193 201.63442993 386.32080078 64 255 128
170.97599792 238.98098755 471.25500488 64 255 128
117.11410522 97.89127350 435.96087646 64 255 128
159.51484680 221.10581970 394.32733154 64 255 128
141.27969360 190.26710510 344.55935669 64 255 128
106.92600250 198.74200439 348.73599243 64 255 128
124.32185364 121.50371552 367.18942261 64 255 128
69.98361206 147.79325867 472.38162231 64 255 128
221.17817688 229.41242981 408.11962891 64 255 128
185.58973694 192.20176697 448.55297852 64 255 128
143.35624695 145.84274292 446.01712036 64 255 128
120.15330505 116.48586273 445.45825195 64 255 128
263.51159668 230.15045166 419.04238892 64 255 128
157.20884705 168.82868958 411.37911987 64 255 128
137.11187744 105.19599915 434.71755981 64 255 128
247.87927246 235.08737183 441.18698120 64 255 128
81.54852295 123.44030762 388.78244019 64 255 128
72.60173798 163.19001770 396.99737549 64 255 128
98.28792572 177.39392090 472.88394165 64 255 128
68.81099701 191.25799561 460.61001587 64 255 128
77.44791412 171.99580383 498.82571411 64 255 128
104.82469940 102.14200592 395.94711304 64 255 128
138.09378052 234.75984192 475.09197998 64 255 128
71.71467590 129.54449463 431.01904297 64 255 128
161.59571838 192.34765625 447.10791016 64 255 128
125.63855743 137.76449585 449.51696777 64 255 128
213.87037659 232.36306763 417.44281006 64 255 128
246.44735718 248.50238037 443.18740845 64 255 128
76.49597931 155.98828125 379.12109375 64 255 128
257.66134644 193.60830688 367.05459595 64 255 128
290.66284180 214.37557983 370.92385864 64 255 128
96.92895508 112.21694183 381.41708374 64 255 128
89.72399902 214.89498901 484.31301880 64 255 128
274.50274658 211.11135864 378.96817017 64 255 128
276.43035889 224.75901794 364.32583618 64 255 128
133.28178406 155.54316711 456.53558350 64 255 128
202.13255310 203.76594543 391.58639526 64 255 128
133.59951782 182.30131531 438.65972900 64 255 128
88.94375610 111.35128784 394.37603760 64 255 128
69.06888580 144.17550659 457.30560303 64 255 128
266.78027344 238.90591431 429.70571899 64 255 128
109.53491974 162.30717468 464.63195801 64 255 128
214.92169189 199.51840210 390.59060669 64 255 128
139.26989746 160.05479431 346.37344360 64 255 128
87.99696350 133.05392456 477.07955933 64 255 128
125.76900482 223.02799988 365.26800537 64 255 128
83.55741882 157.38993835 489.82833862 64 255 128
123.03887177 218.85386658 469.70840454 64 255 128
163.90515137 118.01829529 402.19744873 64 255 128
191.44439697 172.83030701 389.27197266 64 255 128
110.76399994 229.20899963 428.25500488 64 255 128
143.59700012 219.38200378 365.73602295 64 255 128
89.94599915 227.70799255 475.91598511 64 255 128
163.24826050 206.69572449 376.48178101 64 255 128
194.72758484 190.44602966 438.77276611 64 255 128
91.33973694 151.77142334 477.31375122 64 255 128
98.69300079 204.22000122 357.03997803 64 255 128
198.08439636 203.93296814 455.32647705 64 255 128
81.37392426 172.25228882 359.80462646 64 255 128
160.08638000 109.25015259 414.75106812 64 255 128
248.67903137 231.72964478 395.63961792 64 255 128
132.15866089 94.02321625 417.21713257 64 255 128
169.76348877 215.89204407 473.57098389 64 255 128
75.38323212 134.85870361 391.33712769 64 255 128
77.22599792 205.49899292 394.90100098 64 255 128
199.25321960 239.41879272 480.60537720 64 255 128
160.25477600 210.66696167 424.67330933 64 255 128
150.01499939 234.90199280 426.00302124 64 255 128
86.30103302 123.78661346 379.42263794 64 255 128
80.20998383 138.48818970 378.04232788 64 255 128
150.56733704 149.74801636 359.49264526 64 255 128
72.27799988 206.31300354 445.63299561 64 255 128
141.75100708 233.08700562 407.27697754 64 255 128
249.69064331 205.10554504 400.91360474 64 255 128
251.36090088 225.21815491 426.43743896 64 255 128
74.02149200 168.82192993 378.03326416 64 255 128
202.75637817 185.32763672 410.75302124 64 255 128
69.48799896 188.97700500 476.19900513 64 255 128
106.17040253 101.06198120 440.74798584 64 255 128
155.78585815 202.06407166 456.91619873 64 255 128
128.29400635 176.80781555 447.36248779 64 255 128
68.45200348 191.69700623 436.72100830 64 255 128
71.69969177 155.23179626 493.33023071 64 255 128
161.41946411 137.65637207 378.84197998 64 255 128
87.62088776 179.34132385 354.31292725 64 255 128
92.14605713 189.72396851 476.28652954 64 255 128
155.79797363 158.63230896 359.18765259 64 255 128
168.14323425 130.63825989 394.23095703 64 255 128
116.48049927 172.33776855 340.15072632 64 255 128
174.68919373 149.07257080 392.78726196 64 255 128
228.63230896 245.77131653 449.41717529 64 255 128
84.30899811 179.35224915 487.96270752 64 255 128
199.16694641 181.56442261 400.53369141 64 255 128
186.60949707 221.74925232 477.96405029 64 255 128
127.31761932 135.51730347 356.25515747 64 255 128
282.11431885 236.46369934 420.47915649 64 255 128
211.57049561 187.58085632 410.67605591 64 255 128
140.94653320 222.86647034 464.49661255 64 255 128
133.64300537 234.40499878 429.47702026 64 255 128
235.35218811 243.18415833 435.69934082 64 255 128
129.95671082 183.47569275 423.61239624 64 255 128
76.31400299 201.64201355 489.25097656 64 255 128
68.64700317 156.57510376 471.96731567 64 255 128
130.61856079 162.22424316 343.81271362 64 255 128
214.16151428 244.52133179 459.89688110 64 255 128
65.54541016 160.32508850 462.67514038 64 255 128
107.84100342 230.10900879 412.86001587 64 255 128
107.94900513 216.22100830 362.38699341 64 255 128
109.87999725 234.91400146 444.36898804 64 255 128
175.45359802 182.31195068 378.15231323 64 255 128
64.60432434 163.59886169 443.66159058 64 255 128
265.06460571 204.48387146 379.75640869 64 255 128
152.97152710 182.78890991 435.33642578 64 255 128
267.90914917 240.93072510 396.43997192 64 255 128
234.20974731 199.08805847 422.35049438 64 255 128
70.38299561 198.93200684 455.64999390 64 255 128
132.43418884 182.51060486 340.26873779 64 255 128
148.15499878 227.22700500 393.00601196 64 255 128
150.58900452 230.63500977 408.40798950 64 255 128
290.03073120 230.28968811 376.50210571 64 255 128
110.59600067 224.53799438 477.81100464 64 255 128
124.84012604 98.46239471 399.96102905 64 255 128
76.86437225 122.25695801 415.54022217 64 255 128
179.81721497 208.87965393 389.57162476 64 255 128
124.44499969 209.87200928 363.20901489 64 255 128
148.56651306 208.84844971 461.50167847 64 255 128
287.48876953 224.78677368 392.72265625 64 255 128
165.08219910 171.41294861 390.97094727 64 255 128
144.45021057 200.27273560 445.54580688 64 255 128
75.28857422 132.45318604 468.35671997 64 255 128
159.76583862 178.35092163 356.36462402 64 255 128
154.17060852 191.59715271 420.11224365 64 255 128
262.72766113 203.23945618 365.48370361 64 255 128
79.70298767 146.90612793 374.83132935 64 255 128
236.13827515 249.59802246 463.95260620 64 255 128
125.70892334 144.89070129 455.87133789 64 255 128
193.80490112 214.63790894 393.62838745 64 255 128
115.06346893 182.25137329 455.21374512 64 255 128
251.70159912 195.81968689 381.06848145 64 255 128
100.91528320 149.59426880 350.45938110 64 255 128
133.69537354 227.68678284 473.53836060 64 255 128
114.02265930 122.02845001 366.00537109 64 255 128
142.00900269 132.52569580 437.21090698 64 255 128
223.04125977 221.05632019 459.12725830 64 255 128
170.01055908 226.32696533 483.74423218 64 255 128
111.28071594 102.67390442 390.49450684 64 255 128
196.38400269 241.44000244 455.69100952 64 255 128
254.17109680 206.74316406 374.53713989 64 255 128
90.28310394 108.29822540 434.95257568 64 255 128
234.80174255 211.76628113 440.97735596 64 255 128
196.14759827 188.03317261 387.51693726 64 255 128
171.93167114 197.91128540 457.52886963 64 255 128
288.78228760 210.53169250 360.07101440 64 255 128
290.14190674 232.69592285 408.23681641 64 255 128
229.97506714 208.80667114 391.89846802 64 255 128
101.93199921 228.94400024 484.09701538 64 255 128
90.22225952 110.87327576 448.33248901 64 255 128
232.08372498 216.67097473 447.85275269 64 255 128
107.66859436 154.28587341 346.49746704 64 255 128
276.03378296 233.04510498 372.45989990 64 255 128
185.47360229 168.23829651 403.66921997 64 255 128
118.79800415 230.49398804 383.31799316 64 255 128
71.32600403 201.18400574 428.81399536 64 255 128
149.52722168 192.45852661 436.02301025 64 255 128
163.15351868 149.48486328 372.00912476 64 255 128
164.28236389 115.48484802 410.66345215 64 255 128
129.52200317 226.80300903 371.67401123 64 255 128
125.34923553 102.70680237 438.26010132 64 255 128
139.81190491 176.07366943 420.94802856 64 255 128
104.06900024 236.11299133 455.86898804 64 255 128
78.25199890 215.61700439 453.76199341 64 255 128
169.98001099 237.49000549 484.33200073 64 255 128
226.81886292 188.97320557 386.73059082 64 255 128
65.10715485 154.54971313 455.65808105 64 255 128
169.13851929 155.78193665 391.90835571 64 255 128
67.51665497 171.89299011 417.60955811 64 255 128
84.74541473 120.31177521 464.23245239 64 255 128
156.94021606 225.47799683 482.92892456 64 255 128
129.24693298 118.02516174 440.26223755 64 255 128
267.20083618 247.84686279 414.49291992 64 255 128
250.57926941 243.54988098 429.32476807 64 255 128
99.81548309 129.13818359 463.20404053 64 255 128
235.52821350 184.57991028 389.17248535 64 255 128
122.55900574 233.29499817 435.55798340 64 255 128
75.23999786 207.43099976 464.51501465 64 255 128
105.55502319 177.48037720 467.55853271 64 255 128
153.22187805 143.44496155 435.53445435 64 255 128
197.73858643 239.94218445 447.29373169 64 255 128
99.52028656 189.83142090 348.07019043 64 255 128
165.70474243 124.30393982 419.23233032 64 255 128
148.88893127 203.35116577 420.22915649 64 255 128
225.33703613 214.78572083 452.97448730 64 255 128
72.44807434 178.46514893 499.07449341 64 255 128
165.23014832 191.48973083 368.59228516 64 255 128
188.46171570 238.20175171 480.49957275 64 255 128
286.71200562 217.10028076 379.17172241 64 255 128
75.83804321 156.77265930 500.09286499 64 255 128
151.77117920 199.12535095 450.49591064 64 255 128
272.21334839 200.42660522 356.89440918 64 255 128
222.11021423 246.50080872 458.28512573 64 255 128
136.29411316 113.18241882 438.54351807 64 255 128
108.63217163 117.60218811 370.30340576 64 255 128
286.31939697 223.99276733 363.98580933 64 255 128
252.49765015 226.90550232 389.38317871 64 255 128
153.25346375 190.97572327 352.20806885 64 255 128
171.50820923 147.67961121 384.94427490 64 255 128
214.35659790 245.99996948 472.54357910 64 255 128
125.31929016 164.81080627 458.93988037 64 255 128
150.28514099 100.19095612 419.29901123 64 255 128
136.17752075 201.19644165 457.61029053 64 255 128
188.17604065 226.85485840 406.20614624 64 255 128
152.56451416 172.24348450 350.77832031 64 255 128
158.20625305 120.93065643 387.51351929 64 255 128
243.14244080 239.62852478 428.79537964 64 255 128
67.52349854 171.22741699 478.22714233 64 255 128
167.49778748 207.84996033 383.82452393 64 255 128
117.11454773 109.60694885 378.59753418 64 255 128
151.24781799 110.23675537 429.49102783 64 255 128
217.31828308 227.13226318 472.18054199 64 255 128
93.76399994 228.72399902 445.36001587 64 255 128
161.32800293 238.57699585 471.77697754 64 255 128
93.73000336 231.10899353 469.81201172 64 255 128
230.12722778 229.51672363 460.14480591 64 255 128
103.06243134 173.89762878 343.25097656 64 255 128
279.35061646 239.09854126 383.58834839 64 255 128
88.90698242 137.41342163 366.32128906 64 255 128
138.18981934 169.35784912 450.93399048 64 255 128
73.30799866 192.34100342 393.79901123 64 255 128
85.19242096 111.30113983 406.34063721 64 255 128
164.94931030 140.12196350 420.93832397 64 255 128
143.63943481 172.84217834 344.66506958 64 255 128
83.79799652 214.96699524 402.39599609 64 255 128
117.96659851 156.54615784 460.34976196 64 255 128
242.22406006 193.40919495 393.56677246 64 255 128
76.36395264 163.08586121 371.39617920 64 255 128
154.85000610 241.01600647 453.58700562 64 255 128
89.09851837 207.27572632 482.02725220 64 255 128
195.04100037 232.64199829 421.53399658 64 255 128
166.16499329 236.34300232 431.29199219 64 255 128
194.43032837 172.63050842 399.03302002 64 255 128
144.24816895 119.83060455 437.00363159 64 255 128
271.53070068 231.39009094 414.81433105 64 255 128
183.31652832 167.28633118 418.81622314 64 255 128
100.29399872 227.91600037 429.82598877 64 255 128
254.83709717 205.44781494 392.70404053 64 255 128
165.43902588 204.90129089 463.16354370 64 255 128
127.28120422 184.68711853 412.67953491 64 255 128
148.77424622 129.06433105 373.61700439 64 255 128
70.48699951 183.43199158 399.20498657 64 255 128
151.11911011 161.32424927 444.00976562 64 255 128
114.57740021 210.54446411 465.49423218 64 255 128
234.56864929 229.24214172 452.62191772 64 255 128
70.89619446 146.25234985 402.65390015 64 255 128
195.41796875 232.90623474 490.33743286 64 255 128
233.03503418 236.10581970 419.24737549 64 255 128
182.06031799 230.91824341 485.90484619 64 255 128
275.32171631 247.69438171 428.30560303 64 255 128
186.31471252 240.02429199 468.78573608 64 255 128
175.24942017 219.53880310 394.39691162 64 255 128
165.30445862 216.83468628 390.79089355 64 255 128
78.47100067 186.91700745 370.78298950 64 255 128
129.16416931 194.82511902 451.82354736 64 255 128
178.25996399 201.63198853 462.68142700 64 255 128
141.11337280 196.17749023 429.87820435 64 255 128
163.78836060 203.66279602 420.65707397 64 255 128
140.15101624 161.28723145 453.57461548 64 255 128
90.79799652 218.93200684 396.32098389 64 255 128
108.91326904 99.64746094 403.09838867 64 255 128
139.42700195 244.23600769 449.89401245 64 255 128
284.18298340 245.12696838 417.63989258 64 255 128
73.83853149 132.09306335 412.55303955 64 255 128
104.82012939 183.93624878 344.34628296 64 255 128
122.77464294 95.81674194 429.18249512 64 255 128
228.66508484 232.05229187 468.73175049 64 255 128
134.05899048 234.27900696 395.54000854 64 255 128
101.82720947 164.28099060 345.01156616 64 255 128
290.61505127 241.07215881 408.84820557 64 255 128
159.37599182 239.74000549 441.73498535 64 255 128
92.45654297 106.98877716 421.00747681 64 255 128
167.05366516 169.06944275 369.81372070 64 255 128
152.93115234 220.95730591 477.27252197 64 255 128
93.31001282 201.98832703 473.93395996 64 255 128
239.67010498 241.14315796 464.40426636 64 255 128
103.20124054 114.68734741 455.44815063 64 255 128
276.51782227 222.01705933 393.51052856 64 255 128
187.08999634 234.96800232 430.76599121 64 255 128
184.26380920 178.96748352 389.41738892 64 255 128
74.95102692 133.13911438 404.73214722 64 255 128
167.80857849 126.09225464 403.52905273 64 255 128
204.23104858 236.11730957 433.94320679 64 255 128
83.69599915 189.72499084 362.46401978 64 255 128
148.51315308 186.12467957 348.05355835 64 255 128
171.20341492 226.45767212 402.40631104 64 255 128
121.28131104 203.01502991 461.89428711 64 255 128
241.32733154 249.07017517 452.19586182 64 255 128
70.05358124 145.30223083 414.76019287 64 255 128
227.36946106 239.90783691 474.60964966 64 255 128
83.24127197 201.73361206 486.22817993 64 255 128
99.69818878 124.39386749 366.97903442 64 255 128
169.51844788 178.19451904 372.08053589 64 255 128
143.78312683 101.00112915 400.54263306 64 255 128
161.95454407 133.27806091 425.55477905 64 255 128
67.28681183 155.96351624 426.42739868 64 255 128
153.87371826 168.75514221 427.48666382 64 255 128
257.46041870 215.98620605 374.29177856 64 255 128
125.68889618 156.45538330 343.66802979 64 255 128
81.82509613 145.33271790 490.71228027 64 255 128
220.17843628 215.36851501 395.24847412 64 255 128
274.25021362 226.43186951 403.29495239 64 255 128
103.14192200 191.17135620 462.09216309 64 255 128
75.49691010 188.02636719 497.81579590 64 255 128
274.79598999 212.42489624 358.65377808 64 255 128
94.52794647 194.53439331 470.99212646 64 255 128
156.66764832 161.41076660 417.20962524 64 255 128
240.97390747 214.82615662 433.27203369 64 255 128
95.02399445 218.04200745 479.13400269 64 255 128
242.13594055 190.66859436 377.85324097 64 255 128
123.86754608 202.95161438 354.37765503 64 255 128
152.28915405 233.33233643 482.29034424 64 255 128
139.43350220 132.86381531 363.59130859 64 255 128
219.72976685 201.58372498 446.80667114 64 255 128
120.92292786 129.73896790 447.47677612 64 255 128
88.25500488 195.06298828 359.97900391 64 255 128
69.72128296 175.87649536 412.31799316 64 255 128
117.86753845 147.12364197 458.87869263 64 255 128
110.80564117 200.49125671 454.46612549 64 255 128
102.65678406 158.64419556 467.87371826 64 255 128
126.53701019 226.34368896 474.67703247 64 255 128
95.51306152 106.42753601 394.09143066 64 255 128
127.44736481 170.81753540 339.75335693 64 255 128
118.36700439 235.03099060 411.17297363 64 255 128
200.06663513 219.62933350 398.13250732 64 255 128
169.09233093 163.83444214 380.19692993 64 255 128
127.84881592 171.81498718 452.98712158 64 255 128
264.55627441 219.02137756 367.71099854 64 255 128
169.44184875 133.70053101 411.05468750 64 255 128
186.96699524 240.03199768 457.48901367 64 255 128
159.09533691 143.26254272 371.55505371 64 255 128
104.23899078 99.27602386 413.06289673 64 255 128
252.92968750 237.90608215 399.75061035 64 255 128
130.06600952 235.74499512 412.54498291 64 255 128
115.54600525 213.17500305 356.02999878 64 255 128
196.23881531 180.49317932 409.08819580 64 255 128
94.07076263 150.85224915 353.22595215 64 255 128
220.25192261 188.84382629 411.15533447 64 255 128
103.44149780 99.35227203 423.67901611 64 255 128
177.30508423 152.71168518 398.63305664 64 255 128
175.95001221 234.34700012 422.66601562 64 255 128
205.50869751 222.15501404 472.05340576 64 255 128
103.91200256 235.28300476 479.73300171 64 255 128
148.66548157 134.55787659 368.83609009 64 255 128
73.90000153 202.76899719 472.60900879 64 255 128
135.98594666 209.62492371 354.87713623 64 255 128
144.52899170 178.63513184 429.06555176 64 255 128
76.18418884 122.38494873 423.30227661 64 255 128
224.57075500 238.81678772 429.77508545 64 255 128
74.03399658 184.04998779 383.46600342 64 255 128
147.35800171 224.01200867 379.15798950 64 255 128
101.23799896 226.10899353 386.97201538 64 255 128
276.48278809 244.84967041 401.59310913 64 255 128
92.22900391 208.84298706 367.30599976 64 255 128
69.16719818 157.42913818 480.47836304 64 255 128
268.94583130 215.99778748 391.96957397 64 255 128
116.40399933 231.08200073 481.28900146 64 255 128
125.44339752 194.07240295 341.31045532 64 255 128
85.94699860 221.42800903 426.19897461 64 255 128
70.53960419 163.73385620 404.57754517 64 255 128
245.20944214 199.31550598 403.12524414 64 255 128
182.29678345 173.40719604 434.20681763 64 255 128
66.85646057 147.13464355 451.19808960 64 255 128
101.31599426 226.34300232 414.74200439 64 255 128
200.90881348 241.33937073 472.53933716 64 255 128
79.25013733 121.84259796 439.92953491 64 255 128
100.13681030 134.57060242 360.16946411 64 255 128
193.99612427 181.28865051 424.32702637 64 255 128
124.11100006 241.30099487 476.97299194 64 255 128
126.28291321 115.50399017 372.45642090 64 255 128
147.45571899 153.25305176 445.83181763 64 255 128
211.14990234 214.70027161 461.71130371 64 255 128
71.78399658 195.82000732 476.46798706 64 255 128
101.16664124 205.08593750 462.07638550 64 255 128
249.11320496 240.83163452 445.00820923 64 255 128
166.88970947 141.02072144 384.16021729 64 255 128
146.94212341 224.13858032 474.33544922 64 255 128
189.11463928 186.24667358 384.38232422 64 255 128
220.88685608 191.51693726 425.45150757 64 255 128
233.31935120 246.21002197 476.36196899 64 255 128
133.10852051 190.13362122 438.50347900 64 255 128
85.55799866 222.96800232 460.89300537 64 255 128
66.74977875 148.41992188 428.61242676 64 255 128
125.18933105 184.89988708 340.73791504 64 255 128
86.52927399 139.50814819 482.04315186 64 255 128
165.27557373 155.23838806 406.80432129 64 255 128
198.11531067 209.95487976 460.65637207 64 255 128
124.23651886 183.65847778 444.84707642 64 255 128
150.98088074 202.99754333 355.27331543 64 255 128
65.50923157 176.24127197 440.85235596 64 255 128
132.67681885 175.64248657 419.42980957 64 255 128
108.61199951 231.31900024 397.87200928 64 255 128
73.87200165 190.45500183 386.91900635 64 255 128
121.37548065 94.60862732 412.41452026 64 255 128
115.03600311 227.87699890 377.82699585 64 255 128
180.56335449 170.81748962 411.83926392 64 255 128
182.58099365 237.71299744 448.81900024 64 255 128
82.73163605 154.67605591 363.70614624 64 255 128
289.92218018 229.73704529 400.52105713 64 255 128
89.44100189 224.21600342 433.14999390 64 255 128
237.52957153 180.71302795 382.44104004 64 255 128
183.86404419 221.36248779 399.54159546 64 255 128
146.57400513 238.33499146 466.51800537 64 255 128
213.21774292 241.99070740 446.89752197 64 255 128
167.19691467 210.18943787 468.13973999 64 255 128
155.79821777 109.41641235 399.89840698 64 255 128
113.44300079 238.70199585 478.38000488 64 255 128
171.91590881 142.95362854 407.61026001 64 255 128
78.10015869 123.70852661 454.57238770 64 255 128
127.69000244 243.84799194 470.60998535 64 255 128
113.53206635 128.08186340 361.32949829 64 255 128
134.14706421 103.26513672 391.30145264 64 255 128
161.61505127 225.34974670 400.99270630 64 255 128
153.83900452 239.86299133 464.20898438 64 255 128
215.72515869 224.73335266 404.11096191 64 255 128
293.49624634 228.19932556 382.31970215 64 255 128
153.16435242 177.40933228 442.45520020 64 255 128
66.94330597 173.57637024 466.79022217 64 255 128
90.85500336 212.38299561 374.23001099 64 255 128
160.06727600 197.49948120 422.39205933 64 255 128
146.85426331 233.50914001 474.97918701 64 255 128
179.43640137 237.67765808 485.63870239 64 255 128
211.06222534 186.21952820 396.79391479 64 255 128
79.91227722 188.15893555 492.36651611 64 255 128
158.52153015 218.18748474 388.05322266 64 255 128
186.11174011 211.14945984 391.10900879 64 255 128
210.55209351 194.60075378 437.66372681 64 255 128
158.72538757 163.14480591 405.61895752 64 255 128
79.98600006 211.46099854 483.28500366 64 255 128
66.05516815 163.37640381 429.53887939 64 255 128
117.55678558 134.61311340 356.54003906 64 255 128
122.09775543 191.03733826 447.24975586 64 255 128
133.34199524 229.54699707 379.28399658 64 255 128
262.30508423 242.30986023 400.41784668 64 255 128
118.03614807 179.10165405 340.50692749 64 255 128
91.19242859 174.10475159 349.84124756 64 255 128
98.31543732 138.81240845 467.47784424 64 255 128
224.64941406 190.08193970 401.29852295 64 255 128
70.55513763 142.19520569 466.19720459 64 255 128
120.63100433 235.33099365 399.85702515 64 255 128
149.09445190 178.64752197 347.64260864 64 255 128
149.77232361 216.46202087 367.17504883 64 255 128
113.75466919 96.17247772 427.49069214 64 255 128
71.13300323 200.46701050 421.12298584 64 255 128
272.53894043 200.65335083 364.55050659 64 255 128
109.92010498 121.76248932 452.68417358 64 255 128
171.80314636 220.85269165 478.37072754 64 255 128
145.09999084 242.68699646 440.53997803 64 255 128
176.62562561 174.76904297 399.13391113 64 255 128
165.60499573 231.01100159 415.23901367 64 255 128
219.91174316 240.19659424 477.42779541 64 255 128
267.49661255 224.18482971 404.12405396 64 255 128
232.83752441 191.04682922 402.78372192 64 255 128
118.05701447 108.84343719 444.63256836 64 255 128
150.09297180 110.90722656 389.49407959 64 255 128
68.35618591 157.68888855 408.83786011 64 255 128
212.67025757 189.45500183 423.53305054 64 255 128
79.36599731 194.72700500 373.49099731 64 255 128
241.68684387 225.40510559 440.88555908 64 255 128
112.59700012 240.47698975 470.02600098 64 255 128
93.16900635 217.48800659 379.90701294 64 255 128
221.60963440 197.72314453 392.59417725 64 255 128
255.26847839 246.64743042 422.19320679 64 255 128
147.77024841 189.14630127 420.53158569 64 255 128
183.64761353 227.24220276 411.06060791 64 255 128
156.82577515 214.56085205 430.12930298 64 255 128
101.59786987 215.12176514 471.97708130 64 255 128
77.50704956 132.95980835 477.61541748 64 255 128
116.55889893 147.72467041 348.41247559 64 255 128
242.51931763 205.52427673 386.27780151 64 255 128
205.69732666 229.53469849 412.58984375 64 255 128
66.52202606 178.44816589 456.48849487 64 255 128
173.81199646 235.72799683 438.34100342 64 255 128
160.51649475 150.27415466 426.33688354 64 255 128
91.13272858 166.36262512 480.45144653 64 255 128
149.57223511 134.55120850 434.79086304 64 255 128
239.29809570 196.83421326 383.31646729 64 255 128
152.28858948 119.88170624 383.40841675 64 255 128
128.07800293 235.70500183 400.22702026 64 255 128
81.41257477 174.18580627 493.55493164 64 255 128
174.30807495 211.25016785 469.87316895 64 255 128
212.99909973 200.42073059 448.67004395 64 255 128
85.01499939 221.78300476 444.90200806 64 255 128
196.66700745 219.32098389 472.48745728 64 255 128
136.53950500 95.26951599 412.09933472 64 255 128
93.66247559 173.37286377 477.55981445 64 255 128
70.03100586 185.74200439 412.23001099 64 255 128
145.06509399 145.51718140 358.09234619 64 255 128
74.43399811 203.37399292 408.49600220 64 255 128
100.03100586 231.93399048 443.08999634 64 255 128
190.16217041 173.34364319 424.51428223 64 255 128
236.58235168 221.73735046 446.49392700 64 255 128
284.51049805 210.04663086 365.34414673 64 255 128
262.96414185 228.97526550 377.76528931 64 255 128
184.00515747 191.22834778 383.06063843 64 255 128
155.40574646 188.88943481 438.68063354 64 255 128
241.54008484 218.13000488 392.02316284 64 255 128
70.39926147 134.70202637 439.27725220 64 255 128
84.98909760 113.94834137 431.35095215 64 255 128
137.16200256 236.41799927 437.66702271 64 255 128
68.70217896 186.58021545 425.65939331 64 255 128
70.16527557 161.81919861 492.50350952 64 255 128
244.87503052 212.20268250 421.07290649 64 255 128
164.31820679 182.23495483 447.61581421 64 255 128
122.01899719 235.01100159 420.47500610 64 255 128
69.12863159 185.46578979 481.61242676 64 255 128
238.95657349 234.24198914 451.29592896 64 255 128
253.26138306 236.24702454 436.16635132 64 255 128
282.89871216 235.19081116 375.86791992 64 255 128
73.34552002 142.68109131 481.52789307 64 255 128
166.29600525 238.23599243 453.71301270 64 255 128
248.85997009 204.27143860 377.92874146 64 255 128
177.87234497 178.24497986 385.49978638 64 255 128
94.16869354 104.27509308 408.93457031 64 255 128
177.54718018 191.09582520 452.68930054 64 255 128
154.76850891 206.59425354 420.23657227 64 255 128
114.44100189 222.39999390 367.32400513 64 255 128
98.75553894 103.24651337 437.99926758 64 255 128
155.81480408 106.10430145 408.71450806 64 255 128
65.73104858 177.49218750 433.67663574 64 255 128
197.87580872 186.72975159 421.24523926 64 255 128
208.70901489 201.52278137 391.59777832 64 255 128
74.34999847 205.68699646 415.32702637 64 255 128
72.47337341 148.50111389 393.87005615 64 255 128
290.25711060 239.91143799 400.60235596 64 255 128
265.57455444 233.69352722 383.57882690 64 255 128
133.96107483 129.06439209 440.16122437 64 255 128
206.32250977 190.64581299 427.70547485 64 255 128
162.69487000 167.96694946 362.89550781 64 255 128
226.91001892 216.63331604 396.45495605 64 255 128
263.45257568 237.54745483 390.37551880 64 255 128
109.45269775 135.43844604 458.92050171 64 255 128
139.35124207 180.02319336 442.11099243 64 255 128
96.24592590 120.18380737 463.17031860 64 255 128
137.00672913 143.80574036 354.14715576 64 255 128
134.67433167 187.98100281 422.59939575 64 255 128
65.08714294 170.40132141 453.53063965 64 255 128
75.28900146 173.98400879 374.21600342 64 255 128
122.53785706 122.93764496 445.13076782 64 255 128
252.95588684 247.57034302 443.69290161 64 255 128
149.26300049 239.85600281 433.75598145 64 255 128
291.18270874 224.72749329 368.49200439 64 255 128
205.58641052 241.71467590 482.39474487 64 255 128
211.29501343 243.18276978 453.11022949 64 255 128
229.99609375 202.56207275 432.79223633 64 255 128
129.16999817 237.60400391 445.52001953 64 255 128
98.68885803 196.67610168 458.38842773 64 255 128
158.77799988 235.77700806 427.66897583 64 255 128
265.05780029 211.62091064 363.33990479 64 255 128
95.54581451 162.51469421 348.03747559 64 255 128
278.48608398 247.27938843 420.28863525 64 255 128
115.53420258 95.61016083 415.42959595 64 255 128
201.67799377 234.45199585 428.26797485 64 255 128
87.60012054 192.66375732 480.69256592 64 255 128
91.94976044 128.22099304 369.49520874 64 255 128
68.09638977 163.43258667 477.93222046 64 255 128
134.40121460 198.33128357 344.39254761 64 255 128
260.59899902 215.47113037 399.36425781 64 255 128
272.52316284 246.20379639 408.20092773 64 255 128
141.37460327 140.14318848 442.76403809 64 255 128
115.43430328 195.68620300 449.70773315 64 255 128
262.85009766 245.44049072 434.73339844 64 255 128
228.05708313 248.62327576 465.14636230 64 255 128
65.66137695 181.25628662 445.55914307 64 255 128
159.95306396 178.29223633 435.77273560 64 255 128
137.06925964 176.86621094 342.66018677 64 255 128
172.34599304 235.62100220 428.18399048 64 255 128
186.06680298 185.44905090 446.95132446 64 255 128
76.44660187 137.93246460 385.70434570 64 255 128
151.16690063 166.64030457 440.16513062 64 255 128
283.12954712 221.75596619 388.99011230 64 255 128
115.21661377 130.99285889 452.36410522 64 255 128
74.56999969 209.72099304 427.74600220 64 255 128
171.67799377 175.16450500 409.19992065 64 255 128
254.97180176 232.40177917 392.16427612 64 255 128
159.28115845 207.10144043 433.39791870 64 255 128
111.49399567 203.14300537 350.36798096 64 255 128
136.90426636 193.96170044 445.01580811 64 255 128
74.50359344 135.02522278 398.55181885 64 255 128
168.42005920 179.91485596 435.27740479 64 255 128
125.37400055 234.22700500 429.10000610 64 255 128
159.91413879 116.06476593 425.48931885 64 255 128
102.89700317 222.73799133 376.22897339 64 255 128
207.14358521 240.71815491 445.12222290 64 255 128
243.14349365 241.92259216 458.63671875 64 255 128
106.56672668 144.54820251 464.12768555 64 255 128
154.76499939 241.98399353 445.76599121 64 255 128
209.97578430 188.24557495 417.74859619 64 255 128
278.30364990 233.65077209 416.13482666 64 255 128
155.16624451 145.26530457 366.82894897 64 255 128
130.99938965 97.30165863 403.34579468 64 255 128
98.10700226 232.89900208 456.16497803 64 255 128
220.14324951 196.17127991 436.84353638 64 255 128
143.32998657 243.36500549 462.96798706 64 255 128
194.15589905 227.28614807 404.16012573 64 255 128
83.49499512 220.38899231 468.20700073 64 255 128
153.55793762 125.43587494 432.80648804 64 255 128
94.37500000 188.66300964 351.93600464 64 255 128
156.56820679 215.82803345 380.15884399 64 255 128
179.87269592 197.58911133 383.78460693 64 255 128
147.72999573 225.64199829 385.78201294 64 255 128
150.02578735 147.23664856 439.83541870 64 255 128
172.86103821 175.75709534 382.27163696 64 255 128
135.00500488 244.38800049 471.03698730 64 255 128
119.10088348 96.99915314 404.31765747 64 255 128
160.29057312 126.65171814 385.28656006 64 255 128
89.16100311 224.59500122 440.79199219 64 255 128
192.45628357 185.00613403 434.40274048 64 255 128
83.41812897 112.23226929 413.81475830 64 255 128
285.25744629 244.50654602 409.86419678 64 255 128
120.83390045 172.74822998 458.72097778 64 255 128
145.39385986 159.86543274 349.55892944 64 255 128
276.36968994 240.22996521 427.95275879 64 255 128
76.08308411 125.28024292 435.59570312 64 255 128
109.85034180 186.43363953 455.97338867 64 255 128
109.53473663 113.23169708 374.90258789 64 255 128
249.38577271 209.20378113 410.47335815 64 255 128
154.59999084 237.15899658 477.82498169 64 255 128
172.09799194 230.41200256 415.40499878 64 255 128
146.44700623 217.18208313 464.14224243 64 255 128
154.79898071 197.59201050 356.24945068 64 255 128
236.87268066 189.67465210 393.30072021 64 255 128
95.11112213 116.93507385 377.53289795 64 255 128
67.19377899 190.01332092 451.69207764 64 255 128
158.16491699 186.67233276 356.27029419 64 255 128
94.09281158 182.31341553 475.40563965 64 255 128
170.86799622 238.51100159 477.66198730 64 255 128
243.24253845 204.33689880 415.54641724 64 255 128
155.55117798 104.71727753 415.00158691 64 255 128
85.27100372 208.43000793 378.16000366 64 255 128
156.24261475 132.19189453 377.16323853 64 255 128
94.29073334 109.29761505 388.53027344 64 255 128
127.94500732 238.32099915 481.15701294 64 255 128
256.41424561 201.44253540 370.93615723 64 255 128
259.73718262 205.79621887 386.99032593 64 255 128
98.96399689 226.18600464 400.02999878 64 255 128
144.54806519 136.81639099 363.84078979 64 255 128
129.29489136 134.76914978 444.85818481 64 255 128
272.90454102 213.77278137 384.89117432 64 255 128
80.50849152 121.03182220 403.16625977 64 255 128
189.25679016 169.45108032 411.31851196 64 255 128
132.83952332 149.59643555 454.19982910 64 255 128
153.88932800 205.81153870 429.05535889 64 255 128
80.70372009 159.23933411 495.24212646 64 255 128
205.07719421 183.53785706 397.39453125 64 255 128
123.64599609 243.35299683 464.86599731 64 255 128
104.87099457 237.70600891 467.13400269 64 255 128
284.60675049 230.77416992 405.52456665 64 255 128
91.55500031 228.79899597 463.78298950 64 255 128
197.88294983 198.76577759 451.58349609 64 255 128
112.66412354 189.22222900 447.84237671 64 255 128
118.16166687 102.42541504 390.91104126 64 255 128
64.90380096 156.65846252 441.57751465 64 255 128
113.81377411 186.44023132 341.23397827 64 255 128
87.02018738 111.08409882 420.91345215 64 255 128
128.33886719 215.62495422 465.89346313 64 255 128
213.38624573 244.97930908 466.47061157 64 255 128
154.14900208 223.95500183 394.81500244 64 255 128
67.93364716 153.65873718 416.59860229 64 255 128
113.79626465 193.91950989 343.83758545 64 255 128
79.34399414 214.28500366 420.53601074 64 255 128
139.45628357 122.66399384 372.43966675 64 255 128
220.39482117 248.28176880 472.54626465 64 255 128
230.99763489 244.41195679 441.97705078 64 255 128
258.57443237 225.36250305 381.75170898 64 255 128
124.29021454 106.47284698 385.34240723 64 255 128
212.17367554 191.21955872 391.30999756 64 255 128
84.88999939 201.46800232 369.52999878 64 255 128
131.68771362 102.31175232 436.17517090 64 255 128
241.21253967 236.58813477 410.88720703 64 255 128
101.88899994 209.38200378 358.82897949 64 255 128
219.70999146 233.97277832 417.43450928 64 255 128
89.64830017 145.11283875 479.12628174 64 255 128
210.03678894 215.01736450 396.70999146 64 255 128
253.51387024 218.68362427 411.83856201 64 255 128
162.52018738 166.81741333 394.23471069 64 255 128
79.39399719 216.39999390 434.11199951 64 255 128
239.95162964 231.99041748 401.87036133 64 255 128
78.51727295 164.77410889 499.34341431 64 255 128
191.94332886 200.90583801 387.59811401 64 255 128
230.22552490 225.66432190 398.74130249 64 255 128
132.80200195 241.79800415 449.26199341 64 255 128
221.62991333 243.24574280 444.75363159 64 255 128
117.90431213 200.14884949 457.41867065 64 255 128
67.92275238 140.63623047 427.68499756 64 255 128
152.97915649 162.07507324 354.02542114 64 255 128
157.55430603 196.53895569 450.82464600 64 255 128
106.00921631 122.06938171 366.84384155 64 255 128
243.18528748 226.81631470 395.10635376 64 255 128
126.40434265 130.27291870 360.22625732 64 255 128
144.64553833 198.14602661 416.68920898 64 255 128
295.64450073 217.57426453 368.87753296 64 255 128
160.98027039 194.70292664 363.75744629 64 255 128
90.45200348 218.22700500 388.44201660 64 255 128
267.30371094 248.51205444 427.45751953 64 255 128
157.27392578 206.82991028 365.76391602 64 255 128
123.11399841 234.58799744 442.01202393 64 255 128
231.94992065 193.37400818 417.07785034 64 255 128
166.85348511 182.80329895 367.83996582 64 255 128
69.43965149 178.51243591 491.95312500 64 255 128
88.92588043 127.76316833 473.26925659 64 255 128
168.64736938 177.61204529 426.03579712 64 255 128
168.40777588 169.29641724 383.47253418 64 255 128
70.85506439 170.13389587 404.85446167 64 255 128
257.26464844 198.59295654 377.29455566 64 255 128
182.17739868 178.79399109 444.55221558 64 255 128
240.30708313 210.27351379 426.11859131 64 255 128
237.05996704 240.24345398 429.90032959 64 255 128
264.58770752 248.84619141 420.14746094 64 255 128
144.56278992 97.89148712 412.37033081 64 255 128
77.49713898 150.11152649 380.00421143 64 255 128
175.84516907 224.07673645 399.21984863 64 255 128
287.93878174 216.96357727 358.85549927 64 255 128
72.43599701 197.29399109 405.74200439 64 255 128
99.71546173 193.73638916 466.94152832 64 255 128
227.26872253 236.34721375 421.02563477 64 255 128
122.57400513 215.58299255 358.05300903 64 255 128
156.33163452 174.58180237 429.51138306 64 255 128
70.09653473 134.33274841 425.16134644 64 255 128
75.10591888 163.15742493 378.65240479 64 255 128
67.16855621 185.39431763 432.16387939 64 255 128
260.64630127 237.68722534 431.81845093 64 255 128
198.39134216 208.77241516 392.55334473 64 255 128
202.05651855 188.35073853 386.51934814 64 255 128
72.88149261 149.49052429 491.16531372 64 255 128
266.21771240 233.94288635 423.16864014 64 255 128
215.04747009 238.16978455 432.11343384 64 255 128
145.42298889 231.48500061 402.54901123 64 255 128
266.28579712 199.14001465 368.44332886 64 255 128
132.29579163 108.54319763 439.23315430 64 255 128
103.67900085 217.74398804 367.13400269 64 255 128
226.33355713 203.90000916 391.74182129 64 255 128
98.84700012 234.54699707 472.67700195 64 255 128
233.63540649 197.15817261 385.17691040 64 255 128
66.70565033 144.47724915 440.67251587 64 255 128
261.21328735 225.31385803 412.44671631 64 255 128
275.08197021 218.45819092 360.36175537 64 255 128
260.69247437 244.75598145 408.29559326 64 255 128
95.90599823 223.72999573 392.99700928 64 255 128
245.10252380 220.20602417 431.08197021 64 255 128
133.68000793 219.09399414 361.66400146 64 255 128
76.11318207 125.95884705 448.94848633 64 255 128
107.17455292 219.69839478 473.93319702 64 255 128
90.08590698 109.28343201 441.06408691 64 255 128
127.05538940 159.22984314 456.75137329 64 255 128
224.25830078 186.20184326 391.52795410 64 255 128
287.21002197 240.88732910 420.82293701 64 255 128
293.30111694 220.04708862 379.61813354 64 255 128
75.52299500 183.82800293 375.20901489 64 255 128
108.75000000 224.94700623 375.63101196 64 255 128
197.30114746 241.56753540 466.99768066 64 255 128
87.20800018 221.15899658 483.10400391 64 255 128
171.79618835 194.31773376 452.34619141 64 255 128
101.95901489 196.24589539 451.84985352 64 255 128
141.31208801 207.19551086 457.94244385 64 255 128
82.74351501 140.18588257 487.39453125 64 255 128
246.09963989 216.74597168 387.96423340 64 255 128
131.63510132 210.20188904 359.94183350 64 255 128
184.71746826 212.64416504 470.80297852 64 255 128
252.23672485 244.46786499 412.63558960 64 255 128
160.76705933 175.90580750 422.66110229 64 255 128
98.93900299 223.98999023 482.09597778 64 255 128
160.54885864 172.68119812 358.35549927 64 255 128
79.03900146 201.44599915 383.71398926 64 255 128
139.84652710 166.07600403 344.34378052 64 255 128
142.32720947 235.57662964 470.34155273 64 255 128
83.50648499 129.81007385 377.48883057 64 255 128
185.58000183 229.94200134 416.60498047 64 255 128
281.13281250 215.50915527 381.08438110 64 255 128
155.75926208 194.49575806 415.13558960 64 255 128
225.24461365 228.38711548 402.02984619 64 255 128
81.76699829 219.91699219 456.29901123 64 255 128
115.21491241 118.09971619 449.20501709 64 255 128
141.40780640 97.08318329 424.58166504 64 255 128
172.96604919 175.92098999 421.51684570 64 255 128
102.89343262 151.28887939 467.00396729 64 255 128
81.81939697 117.67434692 435.73968506 64 255 128
105.91135406 141.64082336 353.66140747 64 255 128
275.62997437 207.94416809 372.66769409 64 255 128
175.78601074 229.46322632 485.29690552 64 255 128
199.95373535 242.21070862 459.68060303 64 255 128
71.43595123 135.23530579 455.16903687 64 255 128
115.10574341 166.36898804 342.15795898 64 255 128
217.01483154 204.52667236 393.30252075 64 255 128
183.63233948 199.94790649 459.99700928 64 255 128
130.23762512 201.56925964 352.27139282 64 255 128
138.98951721 99.38932037 430.22494507 64 255 128
73.49736786 162.70703125 391.08856201 64 255 128
235.37326050 210.43789673 392.15130615 64 255 128
292.51831055 212.06956482 365.34020996 64 255 128
154.15826416 159.44796753 438.75302124 64 255 128
142.73600769 233.42500305 415.21899414 64 255 128
171.76490784 159.27317810 382.95507812 64 255 128
173.36752319 183.77148438 450.31542969 64 255 128
138.64945984 109.65297699 384.43658447 64 255 128
151.68653870 201.97328186 414.86026001 64 255 128
104.79973602 130.70484924 460.28894043 64 255 128
72.69100189 206.32099915 434.64599609 64 255 128
246.39413452 194.66537476 389.02395630 64 255 128
70.69799805 200.52400208 445.07101440 64 255 128
172.21017456 139.18612671 398.92218018 64 255 128
110.70100403 229.12100220 422.23098755 64 255 128
251.38995361 241.35931396 406.73941040 64 255 128
283.20480347 242.34617615 396.39178467 64 255 128
108.48081207 172.06918335 341.00714111 64 255 128
97.77857971 207.98826599 470.24407959 64 255 128
68.37868500 171.24995422 485.34204102 64 255 128
141.35845947 197.94244385 346.61093140 64 255 128
94.86900330 213.71499634 369.60101318 64 255 128
184.09626770 239.79913330 474.51138306 64 255 128
112.82540894 108.94006348 447.76184082 64 255 128
138.16206360 147.90948486 451.27340698 64 255 128
239.40533447 196.29505920 408.17071533 64 255 128
213.02658081 207.71234131 456.48129272 64 255 128
90.17800140 225.79499817 452.09802246 64 255 128
133.05276489 135.25984192 359.11114502 64 255 128
80.88442230 122.83490753 396.86505127 64 255 128
229.67993164 183.40931702 390.02062988 64 255 128
180.79013062 220.26007080 477.72344971 64 255 128
137.84480286 225.63691711 469.58529663 64 255 128
280.74078369 213.50830078 357.03988647 64 255 128
129.20919800 177.38534546 413.73458862 64 255 128
75.89600372 193.75300598 382.20401001 64 255 128
80.26444244 195.88105774 489.87445068 64 255 128
192.39244080 211.60379028 466.41305542 64 255 128
97.87700653 222.01300049 381.89300537 64 255 128
203.45689392 227.76174927 480.50128174 64 255 128
74.98287201 124.48625946 429.76431274 64 255 128
78.89877319 174.28143311 365.23712158 64 255 128
218.25508118 222.89027405 466.03179932 64 255 128
145.07601929 202.17596436 350.17852783 64 255 128
241.87481689 248.67242432 465.11053467 64 255 128
107.94699860 228.83799744 386.99401855 64 255 128
293.81137085 225.51042175 387.63900757 64 255 128
126.81399536 232.93000793 387.76901245 64 255 128
273.96102905 206.09909058 356.49261475 64 255 128
236.69689941 204.32655334 426.12496948 64 255 128
280.36468506 245.55415344 406.76303101 64 255 128
103.25734711 107.79048920 383.58825684 64 255 128
69.88700104 196.81300354 432.55599976 64 255 128
78.21939850 164.31721497 365.84878540 64 255 128
103.21299744 202.88200378 353.44400024 64 255 128
169.84799194 238.80999756 465.32897949 64 255 128
169.19683838 230.89532471 488.42214966 64 255 128
123.67900085 227.82499695 374.61502075 64 255 128
75.19499969 199.40100098 392.43600464 64 255 128
277.53161621 236.53939819 377.83938599 64 255 128
169.49214172 175.34669495 394.07568359 64 255 128
103.91680908 100.42212677 435.30105591 64 255 128
134.10000610 236.14999390 419.95401001 64 255 128
95.33700562 207.49099731 362.47000122 64 255 128
193.98118591 175.85812378 415.72103882 64 255 128
133.20800781 244.55200195 458.09600830 64 255 128
153.27400208 233.08099365 421.44900513 64 255 128
137.23457336 186.19415283 343.01852417 64 255 128
169.45553589 130.58134460 399.95901489 64 255 128
118.42800140 240.84700012 475.48898315 64 255 128
87.38008118 153.45799255 483.74276733 64 255 128
108.76457977 171.91267395 465.52444458 64 255 128
242.90344238 184.64210510 381.50006104 64 255 128
164.26657104 145.94110107 421.59414673 64 255 128
72.14900208 192.81298828 492.60800171 64 255 128
198.98857117 224.93588257 402.09057617 64 255 128
144.01856995 179.48754883 423.44540405 64 255 128
98.91712952 171.49436951 471.92172241 64 255 128
130.11972046 94.20700836 422.72723389 64 255 128
115.91114044 160.45234680 342.49545288 64 255 128
251.82827759 198.97109985 386.80139160 64 255 128
171.68713379 175.57235718 415.09460449 64 255 128
283.85000610 233.97372437 413.94985962 64 255 128
104.71136475 159.12953186 344.66058350 64 255 128
112.16656494 99.20371246 438.85931396 64 255 128
145.49099731 222.56300354 373.01000977 64 255 128
140.61399841 231.36299133 390.97900391 64 255 128
159.45252991 210.98413086 376.31674194 64 255 128
126.66950989 205.08909607 462.55068970 64 255 128
213.81265259 239.35826111 481.31369019 64 255 128
179.49322510 174.56988525 429.25863647 64 255 128
269.89071655 207.38226318 378.38961792 64 255 128
190.46565247 189.21157837 442.74984741 64 255 128
84.20661926 150.30372620 488.87847900 64 255 128
82.05263519 120.39562225 459.10375977 64 255 128
184.94354248 170.36936951 398.28817749 64 255 128
244.84965515 241.23178101 416.42630005 64 255 128
107.34284973 104.94110107 386.94134521 64 255 128
71.56000519 179.00498962 394.45498657 64 255 128
117.48000336 238.89599609 454.88299561 64 255 128
99.97407532 107.15644073 450.46603394 64 255 128
89.41073608 107.11750031 406.09899902 64 255 128
97.93225098 113.59171295 458.23641968 64 255 128
189.71699524 218.82263184 396.38998413 64 255 128
117.60247803 220.30297852 471.24670410 64 255 128
94.41176605 127.23757172 467.07919312 64 255 128
186.66691589 162.88078308 401.87738037 64 255 128
67.87699890 192.44700623 443.05700684 64 255 128
154.42762756 215.63801575 373.31616211 64 255 128
88.16939545 146.58352661 362.48348999 64 255 128
251.53890991 245.21903992 436.88781738 64 255 128
121.48346710 112.97519684 374.75979614 64 255 128
168.74661255 148.51092529 415.04434204 64 255 128
292.19302368 236.61888123 396.25283813 64 255 128
80.38800049 210.85198975 399.83999634 64 255 128
164.59300232 237.73400879 444.83798218 64 255 128
177.94618225 176.22033691 391.44299316 64 255 128
112.44474792 167.15310669 464.40997314 64 255 128
72.61291504 171.40876770 392.95513916 64 255 128
98.77664948 103.10316467 401.76104736 64 255 128
205.79713440 232.60528564 484.67376709 64 255 128
162.11122131 118.80637360 396.55856323 64 255 128
70.33000183 196.77799988 460.98699951 64 255 128
148.43464661 114.16201782 433.50155640 64 255 128
86.30300140 223.08000183 476.74099731 64 255 128
73.74499512 199.87001038 484.45199585 64 255 128
137.46299744 245.35200500 463.00198364 64 255 128
146.67886353 197.10633850 441.02764893 64 255 128
215.72724915 230.79812622 411.35342407 64 255 128
82.43058014 139.27905273 372.80297852 64 255 128
157.20471191 138.12477112 429.41696167 64 255 128
146.62226868 100.24507141 407.15237427 64 255 128
222.75677490 207.94152832 451.20733643 64 255 128
248.82064819 219.80873108 422.56228638 64 255 128
103.57157898 188.15269470 466.73840332 64 255 128
229.47387695 195.77795410 423.26913452 64 255 128
134.64158630 175.56771851 426.91040039 64 255 128
150.17131042 123.70627594 378.05703735 64 255 128
80.62600708 185.56900024 365.67300415 64 255 128
90.36479950 113.10572815 454.95776367 64 255 128
87.55112457 176.84138489 483.68142700 64 255 128
107.32062531 207.50076294 464.45736694 64 255 128
120.29013824 180.62931824 413.42825317 64 255 128
198.84300232 236.55999756 435.98699951 64 255 128
83.20346069 116.00911713 445.83374023 64 255 128
159.49069214 234.25494385 486.01553345 64 255 128
147.32000732 213.85798645 362.11700439 64 255 128
160.02197266 203.44836426 460.48001099 64 255 128
167.58801270 129.19854736 414.89654541 64 255 128
280.77746582 240.40779114 389.01821899 64 255 128
121.49199677 229.82699585 479.10198975 64 255 128
110.49530792 158.75946045 344.45266724 64 255 128
253.15171814 229.75268555 430.05816650 64 255 128
149.98072815 103.63802338 402.72793579 64 255 128
207.11177063 225.83116150 407.16586304 64 255 128
181.05918884 234.36540222 490.09210205 64 255 128
220.39181519 225.81384277 401.86282349 64 255 128
201.99336243 182.52655029 390.99694824 64 255 128
119.95397949 101.52803802 439.43692017 64 255 128
175.86390686 180.65794373 442.80130005 64 255 128
90.46299744 220.09899902 407.23199463 64 255 128
174.95945740 227.15209961 406.72888184 64 255 128
77.96900177 207.06098938 486.19000244 64 255 128
200.91152954 194.37394714 442.13769531 64 255 128
176.58300781 239.47499084 471.68298340 64 255 128
249.10986328 248.55418396 456.27291870 64 255 128
76.65200043 207.70899963 475.39801025 64 255 128
75.05431366 131.17721558 462.85018921 64 255 128
87.52656555 127.66320801 374.05682373 64 255 128
128.64135742 184.60186768 441.68606567 64 255 128
152.93327332 205.23660278 460.97833252 64 255 128
97.69607544 146.48088074 353.89154053 64 255 128
109.62100220 232.12100220 406.84301758 64 255 128
231.52783203 200.45460510 427.42535400 64 255 128
138.04307556 98.76839447 402.54968262 64 255 128
293.41271973 228.57382202 396.16064453 64 255 128
140.33462524 153.22207642 350.19711304 64 255 128
155.95941162 112.95407104 427.96005249 64 255 128
115.40100098 234.48599243 443.37902832 64 255 128
172.62243652 151.56382751 405.73452759 64 255 128
163.66780090 209.40011597 428.75704956 64 255 128
164.85203552 201.64497375 374.27987671 64 255 128
168.58831787 135.17779541 390.99444580 64 255 128
163.90458679 179.26593018 362.40884399 64 255 128
84.41500092 216.42999268 485.32800293 64 255 128
163.36462402 180.33856201 440.01205444 64 255 128
106.29100037 236.14199829 450.71200562 64 255 128
97.70899963 225.84700012 421.74499512 64 255 128
235.22970581 222.80186462 395.83282471 64 255 128
226.24598694 230.78788757 407.14791870 64 255 128
206.03924561 209.14210510 392.69711304 64 255 128
149.99581909 105.46801758 426.79290771 64 255 128
152.48001099 231.14100647 413.70599365 64 255 128
66.00204468 165.27725220 435.58660889 64 255 128
233.63632202 235.59100342 465.39685059 64 255 128
154.97930908 198.92936707 424.62100220 64 255 128
66.86664581 164.28712463 417.89056396 64 255 128
159.78189087 173.47541809 413.93457031 64 255 128
107.04799652 227.63999939 480.82299805 64 255 128
90.44433594 119.79899597 378.76168823 64 255 128
144.05383301 194.36103821 434.22372437 64 255 128
75.47277069 137.54310608 480.59988403 64 255 128
86.50946045 186.28543091 484.21157837 64 255 128
159.73934937 205.55598450 370.73666382 64 255 128
201.21913147 239.14746094 442.78231812 64 255 128
144.87136841 156.61004639 449.57925415 64 255 128
70.42399597 193.55699158 471.39599609 64 255 128
80.93799591 213.98300171 407.08801270 64 255 128
210.13406372 196.52503967 443.05627441 64 255 128
87.27410889 157.88897705 355.68112183 64 255 128
214.32379150 230.08633423 476.21246338 64 255 128
179.76499939 235.67298889 437.63800049 64 255 128
84.91512299 121.77932739 384.58221436 64 255 128
248.03776550 190.30477905 379.37307739 64 255 128
273.74349976 247.60673523 415.08197021 64 255 128
69.15840149 182.44136047 488.34323120 64 255 128
244.05809021 236.00045776 446.72070312 64 255 128
123.15254211 198.23944092 344.38235474 64 255 128
250.26628113 220.01203918 386.97702026 64 255 128
103.59100342 229.22801208 399.58502197 64 255 128
197.87168884 189.79623413 432.69558716 64 255 128
232.13893127 206.78706360 438.48291016 64 255 128
142.22100830 227.62699890 380.46099854 64 255 128
92.53100586 224.03800964 420.78097534 64 255 128
118.43638611 213.92420959 467.62173462 64 255 128
164.55812073 225.60096741 482.98715210 64 255 128
166.22587585 120.20244598 414.32861328 64 255 128
115.97412872 178.77484131 459.26428223 64 255 128
116.11100006 241.44500732 463.63699341 64 255 128
74.97054291 147.36595154 388.46850586 64 255 128
275.08026123 229.25273132 368.50576782 64 255 128
178.75799561 236.62599182 444.98300171 64 255 128
229.97163391 240.56367493 433.65213013 64 255 128
148.17874146 178.58468628 435.72158813 64 255 128
151.60214233 210.58323669 465.82452393 64 255 128
84.82222748 175.14230347 355.80236816 64 255 128
92.44999695 183.20300293 352.05001831 64 255 128
75.79284668 152.19276428 384.97973633 64 255 128
87.02199554 199.69000244 364.77099609 64 255 128
82.82131195 166.39205933 357.90890503 64 255 128
174.57699585 238.33900452 456.25201416 64 255 128
112.22595215 151.17842102 346.61907959 64 255 128
154.87107849 230.04873657 485.91055298 64 255 128
185.39570618 240.13687134 463.50625610 64 255 128
191.73100281 237.84199524 444.40698242 64 255 128
130.44502258 94.80071259 428.18975830 64 255 128
71.11799622 178.62300110 402.03900146 64 255 128
167.22254944 192.76535034 449.53228760 64 255 128
134.89100647 235.09899902 409.83999634 64 255 128
170.01478577 203.20486450 382.09344482 64 255 128
288.61709595 242.54267883 415.17691040 64 255 128
74.57099915 201.99200439 403.18099976 64 255 128
245.24586487 196.25180054 377.03900146 64 255 128
132.36216736 139.27307129 446.82763672 64 255 128
93.63872528 162.57940674 476.67648315 64 255 128
103.65972137 137.61448669 357.15823364 64 255 128
150.38821411 121.37167358 434.61566162 64 255 128
64.75617981 168.25178528 447.92825317 64 255 128
132.30879211 122.27831268 368.28137207 64 255 128
168.42762756 155.34950256 375.21862793 64 255 128
244.75555420 240.22293091 421.87759399 64 255 128
173.61369324 198.25515747 382.54516602 64 255 128
162.79710388 120.99078369 424.07031250 64 255 128
78.35599518 211.83599854 465.36700439 64 255 128
87.38016510 109.95333099 401.45785522 64 255 128
101.66841125 163.78886414 469.97021484 64 255 128
81.57200623 216.14801025 471.04998779 64 255 128
236.52877808 249.15367126 469.94061279 64 255 128
86.23523712 115.84384918 391.41958618 64 255 128
153.00265503 139.66841125 368.74093628 64 255 128
272.28964233 228.38629150 409.63992310 64 255 128
138.95500183 127.36853790 437.44000244 64 255 128
196.21350098 225.93048096 482.70687866 64 255 128
130.04296875 148.75177002 348.52459717 64 255 128
206.81687927 242.93156433 456.65155029 64 255 128
130.41560364 111.50713348 379.21524048 64 255 128
249.72924805 232.05862427 436.13177490 64 255 128
206.88302612 217.97619629 467.20877075 64 255 128
281.74313354 206.55865479 362.23657227 64 255 128
174.20135498 187.65234375 378.38970947 64 255 128
74.36932373 127.05924988 415.21609497 64 255 128
267.77618408 222.72459412 365.33087158 64 255 128
137.48977661 194.63937378 426.01705933 64 255 128
124.76900482 242.14799500 457.40399170 64 255 128
119.95999908 232.32301331 388.29202271 64 255 128
256.63494873 195.38072205 372.18646240 64 255 128
164.10063171 128.98765564 422.88748169 64 255 128
145.07377625 178.12782288 440.76724243 64 255 128
94.24299622 228.59899902 482.43600464 64 255 128
135.84298706 230.83000183 383.91598511 64 255 128
137.76420593 217.59327698 465.36022949 64 255 128
206.07795715 218.42893982 397.86471558 64 255 128
94.59250641 105.06404877 416.35610962 64 255 128
262.55557251 195.83729553 366.44506836 64 255 128
122.12899780 208.48899841 358.52102661 64 255 128
271.29461670 243.67857361 401.14828491 64 255 128
242.40231323 246.65446472 440.25192261 64 255 128
71.97018433 138.03500366 414.71414185 64 255 128
108.06900024 230.31201172 392.59500122 64 255 128
170.75132751 203.14947510 461.82434082 64 255 128
189.28071594 231.01898193 488.70559692 64 255 128
157.93959045 157.23106384 429.56094360 64 255 128
99.51349640 178.84068298 344.61175537 64 255 128
195.87310791 229.28816223 410.44274902 64 255 128
133.36497498 185.70739746 428.25036621 64 255 128
190.61842346 178.17401123 389.16735840 64 255 128
65.57804871 165.76937866 460.18878174 64 255 128
112.77688599 156.40258789 461.91632080 64 255 128
209.64514160 237.39369202 434.27062988 64 255 128
88.94799805 217.97599792 401.28298950 64 255 128
89.26200104 221.41299438 415.36099243 64 255 128
91.93677521 135.56639099 472.54669189 64 255 128
256.47335815 229.33270264 425.15805054 64 255 128
198.05758667 236.09381104 486.86276245 64 255 128
105.42204285 193.85838318 347.71286011 64 255 128
164.59323120 187.60494995 447.65213013 64 255 128
120.54613495 202.78010559 347.33224487 64 255 128
144.32630920 198.99525452 424.70147705 64 255 128
144.48899841 234.11900330 427.23901367 64 255 128
208.52955627 232.50534058 420.13510132 64 255 128
238.02142334 249.80972290 458.87252808 64 255 128
165.32357788 196.98939514 370.96731567 64 255 128
185.21144104 225.20692444 481.85455322 64 255 128
274.10879517 240.79908752 390.31307983 64 255 128
237.86692810 187.82875061 379.58987427 64 255 128
154.61799622 240.36399841 458.93499756 64 255 128
87.35974121 163.95083618 484.85931396 64 255 128
117.77000427 231.89599609 432.51699829 64 255 128
141.37100220 222.72399902 369.59902954 64 255 128
255.35977173 211.12774658 400.34548950 64 255 128
101.60232544 181.49365234 470.07205200 64 255 128
144.86299133 211.14900208 358.21597290 64 255 128
263.89236450 212.29183960 391.25741577 64 255 128
159.14605713 156.81623840 421.08688354 64 255 128
137.70147705 127.11146545 367.17343140 64 255 128
215.57420349 211.14817810 394.04089355 64 255 128
160.56239319 111.60019684 419.52563477 64 255 128
104.67732239 168.59631348 342.60952759 64 255 128
78.92338562 125.79673767 401.59985352 64 255 128
266.85577393 200.66627502 358.73684692 64 255 128
134.13769531 205.01663208 353.42660522 64 255 128
129.13935852 186.12359619 419.33624268 64 255 128
198.02044678 230.65174866 417.47906494 64 255 128
91.51799774 192.98799133 355.88601685 64 255 128
102.36087036 112.66032410 377.72317505 64 255 128
233.93382263 192.66061401 411.99746704 64 255 128
106.96933746 98.79453278 408.47326660 64 255 128
215.86764526 217.60963440 462.37094116 64 255 128
77.45990753 129.60931396 391.69277954 64 255 128
147.66200256 229.25099182 398.27297974 64 255 128
151.53190613 166.38742065 351.35848999 64 255 128
195.27722168 173.98634338 392.76510620 64 255 128
112.10499573 233.00300598 411.56100464 64 255 128
264.90396118 216.04029846 395.86920166 64 255 128
153.51300049 237.94299316 431.20501709 64 255 128
152.20802307 115.22654724 387.22326660 64 255 128
149.71997070 181.71166992 431.18811035 64 255 128
67.69446564 156.32247925 466.81500244 64 255 128
133.55200195 214.63299561 357.93200684 64 255 128
138.04598999 233.29100037 402.47698975 64 255 128
276.63192749 202.42329407 361.66387939 64 255 128
225.96690369 234.72477722 472.60604858 64 255 128
139.01147461 182.79127502 437.48297119 64 255 128
136.84106445 184.73266602 417.47695923 64 255 128
139.37600708 239.76199341 473.90197754 64 255 128
139.50399780 218.45401001 362.50698853 64 255 128
290.63192749 232.59906006 382.62808228 64 255 128
179.44400024 239.43600464 460.81701660 64 255 128
167.26370239 200.15744019 458.89340210 64 255 128
67.59391785 158.69709778 414.02410889 64 255 128
188.26712036 169.82609558 392.67440796 64 255 128
223.60467529 191.78022766 389.64202881 64 255 128
83.77315521 114.76437378 426.28723145 64 255 128
147.95310974 119.21166992 380.45339966 64 255 128
208.84297180 238.25059509 484.99694824 64 255 128
223.78974915 205.11672974 446.79495239 64 255 128
85.25999451 184.52499390 358.92599487 64 255 128
143.90798950 244.90899658 455.60501099 64 255 128
214.55740356 235.02082825 422.93603516 64 255 128
92.05400085 213.49499512 479.79501343 64 255 128
162.68791199 158.59342957 400.15582275 64 255 128
207.64320374 243.27436829 470.53585815 64 255 128
169.13615417 192.61199951 373.30541992 64 255 128
96.38210297 150.57635498 472.57681274 64 255 128
72.87508392 170.23132324 500.67031860 64 255 128
143.46218872 192.56565857 417.75311279 64 255 128
163.33299255 234.28399658 422.92300415 64 255 128
66.24380493 166.03312683 466.57696533 64 255 128
91.68005371 112.88683319 385.77984619 64 255 128
70.54500580 193.40499878 409.98300171 64 255 128
190.63600159 231.80299377 418.78399658 64 255 128
130.66357422 177.85273743 424.46154785 64 255 128
124.32032776 98.40318298 435.20819092 64 255 128
171.86975098 178.73271179 376.79910278 64 255 128
188.79798889 179.90194702 435.75167847 64 255 128
166.12673950 123.48474121 399.27420044 64 255 128
65.35157013 168.55873108 442.29635620 64 255 128
265.00439453 225.25028992 371.54785156 64 255 128
225.81564331 211.70841980 394.72784424 64 255 128
143.18728638 107.44882965 432.42617798 64 255 128
238.37875366 200.80102539 419.08288574 64 255 128
202.65229797 242.38146973 467.54940796 64 255 128
180.56867981 172.63449097 401.80310059 64 255 128
147.21572876 191.18171692 347.98168945 64 255 128
175.86975098 215.00746155 391.50357056 64 255 128
154.04887390 148.72984314 434.64950562 64 255 128
188.69044495 205.05255127 388.01226807 64 255 128
161.15538025 154.35391235 367.51071167 64 255 128
159.83630371 132.23048401 380.94360352 64 255 128
181.82499695 235.66299438 428.55200195 64 255 128
187.11584473 204.11378479 459.89376831 64 255 128
186.10012817 174.44609070 391.30087280 64 255 128
69.34372711 146.78775024 463.26693726 64 255 128
123.05034637 106.74027252 441.84521484 64 255 128
67.05588531 149.85481262 456.75173950 64 255 128
124.94602966 144.90559387 350.20477295 64 255 128
277.31707764 237.13627625 423.14407349 64 255 128
109.33807373 213.36270142 468.59579468 64 255 128
123.75900269 233.88800049 481.43899536 64 255 128
224.93130493 189.47120667 416.10272217 64 255 128
143.09735107 103.10906219 395.85549927 64 255 128
133.17662048 193.19812012 448.95825195 64 255 128
252.25314331 193.13958740 373.96920776 64 255 128
84.09400177 210.29299927 388.73101807 64 255 128
99.89300537 229.89599609 437.24798584 64 255 128
164.25631714 236.61128235 483.90423584 64 255 128
71.02646637 143.24612427 407.46578979 64 255 128
155.76214600 212.24656677 468.47399902 64 255 128
92.66975403 106.08869171 430.83193970 64 255 128
98.74344635 102.45744324 410.47216797 64 255 128
165.63327026 153.63752747 412.62899780 64 255 128
192.20527649 240.66130066 468.95950317 64 255 128
73.51087189 168.08715820 387.84713745 64 255 128
188.27809143 223.48083496 400.91821289 64 255 128
96.34400177 223.61500549 406.87200928 64 255 128
126.32302856 205.62666321 360.49121094 64 255 128
221.82577515 240.06430054 434.05947876 64 255 128
122.86700439 238.91400146 452.23800659 64 255 128
228.46049500 218.80963135 452.08084106 64 255 128
135.53486633 213.74447632 462.63806152 64 255 128
170.96754456 143.60119629 389.23077393 64 255 128
273.77017212 244.77928162 432.28460693 64 255 128
172.97319031 153.17318726 395.43389893 64 255 128
211.39430237 224.09222412 471.54174805 64 255 128
72.15100098 191.35299683 398.72198486 64 255 128
124.60121918 117.56492615 442.43646240 64 255 128
120.03598785 134.55865479 450.91900635 64 255 128
195.94709778 176.85534668 403.10372925 64 255 128
243.22454834 222.20132446 437.12570190 64 255 128
192.13841248 219.45651245 475.32211304 64 255 128
244.47409058 212.53208923 385.38375854 64 255 128
89.10255432 138.71438599 477.63076782 64 255 128
116.55699921 233.42900085 393.79199219 64 255 128
241.13490295 238.54939270 455.48489380 64 255 128
67.19705963 188.26556396 456.29565430 64 255 128
246.75917053 249.54779053 450.39526367 64 255 128
114.85282135 150.37916565 461.63497925 64 255 128
99.63433838 103.87245178 396.75009155 64 255 128
180.40196228 188.11264038 380.92492676 64 255 128
108.45093536 97.37652588 415.20852661 64 255 128
245.79493713 197.71032715 396.26617432 64 255 128
69.80097198 151.60748291 475.93286133 64 255 128
112.91236877 138.78294373 353.81930542 64 255 128
117.30941010 141.61807251 457.77514648 64 255 128
140.72338867 180.62174988 418.96774292 64 255 128
211.07714844 224.19645691 404.68463135 64 255 128
85.69374084 123.54641724 470.18771362 64 255 128
107.24839020 157.65763855 465.14346313 64 255 128
174.52799988 239.30400085 463.32299805 64 255 128
129.37800598 234.49200439 432.29699707 64 255 128
122.06247711 141.45077515 455.26889038 64 255 128
147.49447632 195.42456055 429.87820435 64 255 128
158.69271851 162.73013306 360.41528320 64 255 128
138.96847534 190.84762573 421.27401733 64 255 128
234.31028748 232.21238708 456.78692627 64 255 128
73.94200134 209.83999634 441.05200195 64 255 128
281.71343994 224.34387207 394.04455566 64 255 128
160.69886780 114.51168823 400.28759766 64 255 128
99.91838837 104.21485901 443.40396118 64 255 128
107.33326721 125.08376312 455.80386353 64 255 128
157.55101013 230.69900513 413.47399902 64 255 128
191.27400208 234.02600098 425.20401001 64 255 128
121.62335205 181.69828796 448.73876953 64 255 128
257.01101685 222.48019409 412.15759277 64 255 128
284.79147339 227.92964172 400.43276978 64 255 128
80.71326447 124.71638489 466.12127686 64 255 128
293.58486938 237.53334045 405.65533447 64 255 128
293.53271484 226.12594604 376.71960449 64 255 128
273.49548340 223.48771667 397.50109863 64 255 128
164.97024536 157.69158936 369.89550781 64 255 128
231.49575806 203.16259766 390.22531128 64 255 128
147.15417480 150.91882324 355.93090820 64 255 128
133.85411072 140.02154541 355.51373291 64 255 128
124.84686279 179.78323364 411.01928711 64 255 128
92.41341400 168.61210632 348.89471436 64 255 128
71.83300018 203.67700195 449.95300293 64 255 128
146.79478455 168.52886963 446.98413086 64 255 128
237.01087952 235.92907715 415.78536987 64 255 128
133.06224060 173.84103394 341.52764893 64 255 128
173.71969604 152.23547363 384.53091431 64 255 128
72.22200012 202.97099304 458.11199951 64 255 128
172.83932495 179.93135071 437.83041382 64 255 128
71.24517059 184.32446289 496.56253052 64 255 128
258.94369507 234.02821350 388.40679932 64 255 128
76.75699615 210.36100769 418.63400269 64 255 128
81.75358582 126.07954407 384.21096802 64 255 128
82.83455658 196.22827148 485.36401367 64 255 128
65.59371948 152.11975098 451.16070557 64 255 128
89.76671600 119.62649536 465.64251709 64 255 128
168.21720886 172.94366455 387.37481689 64 255 128
94.39800262 197.29000854 355.80999756 64 255 128
220.75740051 220.77894592 398.26138306 64 255 128
135.28434753 185.08779907 434.95013428 64 255 128
235.58139038 191.08720398 398.24847412 64 255 128
128.86999512 142.58636475 452.56240845 64 255 128
173.54673767 208.46195984 386.79510498 64 255 128
111.19606018 178.84617615 463.63305664 64 255 128
201.32246399 193.06735229 389.36001587 64 255 128
81.48899841 219.02899170 442.55001831 64 255 128
146.30038452 144.53610229 441.85726929 64 255 128
126.94893646 221.90223694 470.73806763 64 255 128
113.09519196 138.76516724 458.30285645 64 255 128
135.22421265 96.64964294 407.44500732 64 255 128
71.14076996 173.84104919 497.20626831 64 255 128
159.97175598 157.06340027 415.44049072 64 255 128
120.48802948 123.55905914 364.69613647 64 255 128
231.55917358 192.61785889 385.85394287 64 255 128
212.31260681 240.03091431 439.58868408 64 255 128
149.62036133 197.58961487 445.03573608 64 255 128
150.76536560 212.02476501 429.60122681 64 255 128
139.69592285 116.30670166 436.64694214 64 255 128
233.53965759 185.37384033 382.10379028 64 255 128
64.79310608 159.28062439 446.02127075 64 255 128
266.97961426 231.88441467 378.77206421 64 255 128
72.10842896 141.16804504 400.82794189 64 255 128
105.89399719 228.14401245 427.63201904 64 255 128
146.87719727 183.46047974 424.97161865 64 255 128
234.45387268 229.02732849 400.49093628 64 255 128
199.81822205 188.81652832 427.12237549 64 255 128
137.49162292 191.21502686 436.47506714 64 255 128
170.98278809 156.87506104 387.21325684 64 255 128
109.17399597 231.56100464 435.31799316 64 255 128
155.73826599 158.83135986 433.81729126 64 255 128
107.51398468 199.23617554 450.92019653 64 255 128
274.07501221 218.08250427 390.74118042 64 255 128
170.77578735 159.34140015 377.23666382 64 255 128
247.30508423 241.24879456 426.43148804 64 255 128
220.53092957 199.04733276 442.14755249 64 255 128
104.95720673 119.53278351 455.84948730 64 255 128
162.96492004 171.64433289 397.73425293 64 255 128
138.21699524 102.25970459 393.98849487 64 255 128
142.05137634 115.92885590 379.29544067 64 255 128
137.61857605 94.92903137 421.33618164 64 255 128
285.79342651 214.20468140 374.61874390 64 255 128
171.44781494 216.99462891 391.66839600 64 255 128
170.52484131 134.85841370 397.05593872 64 255 128
208.92333984 230.21405029 479.87121582 64 255 128
192.15924072 205.08262634 457.93341064 64 255 128
134.67758179 146.84114075 351.02389526 64 255 128
72.31371307 168.50125122 396.24575806 64 255 128
141.45399475 209.52500916 354.97299194 64 255 128
152.92051697 169.99046326 432.69909668 64 255 128
142.27934265 173.27943420 445.46301270 64 255 128
75.07580566 158.68983459 383.78747559 64 255 128
71.67720795 144.18705750 475.26937866 64 255 128
159.18212891 120.34284973 427.93368530 64 255 128
156.49198914 238.41899109 472.90798950 64 255 128
131.40400696 122.43565369 439.78955078 64 255 128
224.18595886 245.38531494 451.89331055 64 255 128
107.25555420 203.11210632 457.12103271 64 255 128
69.11999512 185.91900635 418.39700317 64 255 128
91.44629669 156.76782227 478.12472534 64 255 128
145.18499756 232.74000549 421.15301514 64 255 128
162.45388794 142.55534363 376.41012573 64 255 128
160.50924683 182.95010376 358.41998291 64 255 128
206.68276978 186.92427063 413.25942993 64 255 128
269.48873901 230.47940063 373.95318604 64 255 128
73.18546295 156.43495178 394.98809814 64 255 128
154.21324158 205.94732666 360.17486572 64 255 128
70.30149841 156.31951904 488.75381470 64 255 128
130.05900574 234.56298828 391.74398804 64 255 128
77.78400421 215.06401062 440.19100952 64 255 128
70.87500000 191.89999390 479.95901489 64 255 128
258.08245850 198.86726379 367.10522461 64 255 128
74.10099792 210.44699097 447.64898682 64 255 128
157.70858765 125.55480194 429.88668823 64 255 128
253.91737366 211.34713745 376.39822388 64 255 128
69.66199493 197.09700012 440.00000000 64 255 128
116.52453613 204.79502869 462.29489136 64 255 128
169.49940491 148.94508362 380.45803833 64 255 128
219.01309204 244.13012695 480.48986816 64 255 128
91.42754364 179.01559448 350.54705811 64 255 128
152.02688599 188.42813110 433.65249634 64 255 128
164.02214050 213.58419800 470.97665405 64 255 128
186.75099182 235.73500061 437.18200684 64 255 128
133.07659912 234.78443909 478.61328125 64 255 128
74.44300079 188.96199036 382.25299072 64 255 128
185.20074463 173.48970032 430.19506836 64 255 128
145.95764160 223.75161743 463.50442505 64 255 128
151.81211853 109.40140533 393.83676147 64 255 128
153.36918640 213.31842041 366.83230591 64 255 128
125.75878143 197.49000549 456.19259644 64 255 128
123.34188080 140.28491211 352.81668091 64 255 128
232.26651001 221.24884033 449.51998901 64 255 128
121.91999817 220.88299561 363.07998657 64 255 128
292.39263916 216.99716187 375.84591675 64 255 128
65.56808472 155.73382568 460.60110474 64 255 128
138.04864502 206.79330444 350.67532349 64 255 128
218.11665344 188.53535461 395.37365723 64 255 128
96.36328125 103.45202637 426.02438354 64 255 128
85.09687805 150.44406128 363.88461304 64 255 128
100.10799408 225.97099304 409.99902344 64 255 128
163.48999023 237.39199829 436.42300415 64 255 128
76.80691528 124.97600555 442.92642212 64 255 128
113.13442230 99.57833862 399.64770508 64 255 128
256.67178345 215.42451477 403.86325073 64 255 128
102.60800171 220.20800781 372.04098511 64 255 128
70.86112213 135.65989685 444.07699585 64 255 128
131.71932983 173.44221497 448.62167358 64 255 128
87.76100159 215.19799805 391.34201050 64 255 128
165.58381653 217.76379395 475.52822876 64 255 128
68.42085266 184.39059448 472.59600830 64 255 128
273.18853760 203.51725769 368.47067261 64 255 128
234.91351318 231.64219666 405.27041626 64 255 128
248.80700684 227.58941650 392.21859741 64 255 128
217.19433594 235.52856445 477.69143677 64 255 128
259.77508545 247.90237427 423.41455078 64 255 128
93.26104736 156.48275757 350.99261475 64 255 128
121.95800018 224.32299805 368.42901611 64 255 128
280.87585449 208.97439575 368.43524170 64 255 128
97.57966614 142.88768005 470.79367065 64 255 128
72.24108887 131.32060242 417.94390869 64 255 128
132.88667297 196.37522888 454.64758301 64 255 128
204.95906067 225.27841187 476.30090332 64 255 128
135.59779358 207.58810425 459.65310669 64 255 128
163.71159363 213.40242004 386.98831177 64 255 128
79.57218933 117.27384949 417.11700439 64 255 128
171.37570190 146.66795349 410.75796509 64 255 128
68.03301239 167.32727051 481.08987427 64 255 128
131.55720520 115.26601410 375.53088379 64 255 128
67.62422180 154.34132385 421.42303467 64 255 128
213.24595642 246.02677917 477.25167847 64 255 128
109.36000061 213.58399963 358.54501343 64 255 128
99.97329712 183.62281799 346.28057861 64 255 128
157.82177734 191.80453491 444.11291504 64 255 128
153.93280029 137.19586182 434.18862915 64 255 128
