ply
format ascii 1.0
element vertex 4096
property float x
property float y
property float z
property uchar red
property uchar green
property uchar blue
end_header
126.26528931 83.84625244 361.27725220 255 64 64
116.28549194 85.91495514 362.89974976 255 64 64
134.61767578 85.44566345 350.37445068 255 64 64
122.31970978 85.88107300 349.65582275 255 64 64
271.48904419 223.44082642 353.02575684 255 64 64
277.59213257 228.56243896 363.85916138 255 64 64
282.04483032 227.48423767 342.53552246 255 64 64
287.89434814 229.92234802 353.47824097 255 64 64
143.22222900 84.40462494 354.05908203 255 64 64
136.60054016 83.37424469 360.61026001 255 64 64
152.57577515 90.01451111 344.73834229 255 64 64
145.21141052 86.34654236 349.08612061 255 64 64
98.41046143 100.82379150 393.27230835 255 64 64
90.96685791 107.63183594 397.58822632 255 64 64
101.78550720 95.30107880 381.61590576 255 64 64
92.64619446 102.17797089 384.74041748 255 64 64
277.89538574 245.94906616 366.27923584 255 64 64
281.78796387 253.31561279 376.51806641 255 64 64
288.18450928 241.71304321 352.95825195 255 64 64
289.87268066 246.87454224 365.14254761 255 64 64
89.09384155 116.77304840 419.01119995 255 64 64
82.55904388 124.72650909 423.77185059 255 64 64
89.72748566 110.64155579 407.79470825 255 64 64
83.22657013 118.55894470 411.45776367 255 64 64
89.87088776 136.73379517 446.59750366 255 64 64
85.31542969 145.45669556 452.65029907 255 64 64
87.41309357 129.83065796 438.32928467 255 64 64
83.68829346 138.89129639 443.36453247 255 64 64
264.90219116 283.05026245 390.72622681 255 64 64
264.21978760 283.70495605 399.61853027 255 64 64
278.62210083 279.52697754 380.93768311 255 64 64
276.01757812 279.35812378 391.48693848 255 64 64
117.29815674 92.59059906 382.73889160 255 64 64
109.62612915 97.79608917 389.42016602 255 64 64
127.01237488 90.42817688 370.36550903 255 64 64
117.06426239 94.72678375 375.59094238 255 64 64
99.58766937 101.39213562 367.64175415 255 64 64
92.82225800 109.13027954 370.93264771 255 64 64
106.11700439 97.98866272 357.14389038 255 64 64
97.98976135 105.99567413 359.79156494 255 64 64
111.64058685 93.75318909 371.99908447 255 64 64
102.95293427 99.93277740 374.40850830 255 64 64
119.35578156 90.75411224 361.27059937 255 64 64
108.38684845 96.69761658 362.18975830 255 64 64
119.41093445 91.97281647 351.65563965 255 64 64
110.18855286 97.63106537 352.43109131 255 64 64
128.26370239 93.09638214 343.32974243 255 64 64
117.78004456 98.86939240 342.83764648 255 64 64
269.48486328 267.12805176 373.58236694 255 64 64
269.93176270 275.14053345 382.43313599 255 64 64
283.99649048 262.95596313 365.18405151 255 64 64
281.51028442 269.64706421 375.23052979 255 64 64
76.12634277 147.53894043 445.04476929 255 64 64
74.80003357 158.10128784 451.04565430 255 64 64
73.13381958 145.37924194 434.54635620 255 64 64
72.11354065 155.85415649 440.19696045 255 64 64
76.47341156 136.73158264 422.12249756 255 64 64
72.68084717 146.71247864 427.30532837 255 64 64
76.95486450 132.79037476 410.15133667 255 64 64
73.08469391 142.97238159 414.81060791 255 64 64
156.71470642 92.99658203 342.31857300 255 64 64
157.60929871 94.15880585 351.52566528 255 64 64
164.67309570 101.62480927 335.85479736 255 64 64
167.86343384 102.45928192 344.61160278 255 64 64
82.91940308 157.92359924 462.08758545 255 64 64
85.76874542 171.17243958 466.58947754 255 64 64
80.83555603 163.45506287 458.15182495 255 64 64
83.37805176 175.79237366 462.44061279 255 64 64
239.97387695 301.68276978 401.26593018 255 64 64
236.87670898 299.67282104 410.04675293 255 64 64
255.32556152 298.83453369 395.75302124 255 64 64
250.37556458 297.25875854 404.83114624 255 64 64
140.60351562 91.86595154 336.90078735 255 64 64
129.31762695 96.32303619 335.52066040 255 64 64
150.24777222 99.17018890 333.37380981 255 64 64
138.70613098 104.55628967 329.96597290 255 64 64
107.15240479 104.28997040 398.40988159 255 64 64
100.67716980 110.39305115 406.32727051 255 64 64
115.51135254 102.65367126 387.40380859 255 64 64
108.86178589 108.59718323 394.43588257 255 64 64
85.45561981 119.02246857 399.33084106 255 64 64
80.29521942 128.33885193 404.16772461 255 64 64
90.30398560 115.53811646 387.62963867 255 64 64
84.47414398 125.24359131 392.11514282 255 64 64
252.32894897 284.70989990 374.89257812 255 64 64
251.70378113 292.13165283 384.51828003 255 64 64
266.78662109 282.61907959 367.58068848 255 64 64
262.97149658 289.12219238 377.06976318 255 64 64
93.00081635 116.38343811 369.47061157 255 64 64
87.24639130 124.78391266 373.26681519 255 64 64
99.59791565 111.55912018 358.61315918 255 64 64
92.58330536 120.19130707 362.09860229 255 64 64
222.28759766 297.92886353 376.53402710 255 64 64
220.59896851 303.73632812 388.51284790 255 64 64
237.26768494 297.77258301 373.99752808 255 64 64
231.99230957 303.41442871 383.80792236 255 64 64
138.43045044 95.32219696 367.00027466 255 64 64
134.29905701 103.78170013 377.56262207 255 64 64
150.07563782 101.17827606 359.80203247 255 64 64
147.37631226 109.29895782 370.20263672 255 64 64
207.88352966 303.32037354 397.05560303 255 64 64
205.28829956 301.87713623 408.93386841 255 64 64
223.35107422 305.00286865 394.05541992 255 64 64
217.49391174 305.46926880 403.61663818 255 64 64
252.11303711 274.99734497 403.22460938 255 64 64
247.24102783 279.39431763 410.68624878 255 64 64
265.85864258 273.74325562 392.33874512 255 64 64
259.60580444 276.51040649 400.82446289 255 64 64
210.41516113 301.18969727 415.07061768 255 64 64
206.30398560 296.00634766 422.82186890 255 64 64
225.27502441 301.99111938 414.77770996 255 64 64
219.00033569 298.26849365 422.10052490 255 64 64
237.27182007 284.53576660 365.21133423 255 64 64
234.78424072 294.96917725 372.98883057 255 64 64
251.85626221 282.81274414 363.29428101 255 64 64
246.52098083 291.89739990 370.66735840 255 64 64
75.68836975 135.03201294 404.46075439 255 64 64
72.92400360 145.32330322 410.26657104 255 64 64
79.24376678 131.11483765 392.01632690 255 64 64
75.70367432 142.01820374 397.90081787 255 64 64
264.92376709 250.86386108 387.11215210 255 64 64
261.54504395 260.46005249 394.81204224 255 64 64
277.79882812 250.05563354 374.78796387 255 64 64
272.24331665 256.37728882 384.28793335 255 64 64
109.94641113 105.83919525 344.04476929 255 64 64
102.29351807 114.05168915 345.80307007 255 64 64
120.93283081 108.42950439 337.55807495 255 64 64
112.72252655 117.23438263 338.51632690 255 64 64
92.45581818 128.90875244 427.14794922 255 64 64
91.09631348 138.11364746 437.09387207 255 64 64
99.08515930 128.14640808 415.68063354 255 64 64
99.25183105 137.88249207 425.33145142 255 64 64
75.03835297 165.02746582 441.07363892 255 64 64
76.73352814 176.57347107 447.22317505 255 64 64
74.35033417 169.03643799 430.05279541 255 64 64
76.14985657 179.45451355 436.16680908 255 64 64
82.38568878 127.27368164 382.17150879 255 64 64
79.04451752 137.25021362 387.08816528 255 64 64
87.07120514 122.27230835 371.17196655 255 64 64
82.73652649 132.58984375 375.89135742 255 64 64
166.50595093 105.53128815 336.83380127 255 64 64
171.09309387 110.29003143 345.39385986 255 64 64
171.68328857 116.83248138 333.46997070 255 64 64
178.71975708 123.32684326 342.32073975 255 64 64
91.12580872 147.57705688 448.41641235 255 64 64
89.87245941 158.05197144 457.83770752 255 64 64
99.05632019 148.95309448 441.31219482 255 64 64
98.98090363 159.59194946 450.41433716 255 64 64
260.92309570 234.85989380 353.06207275 255 64 64
260.05310059 248.30766296 357.16833496 255 64 64
275.07733154 236.39878845 351.11990356 255 64 64
271.97442627 246.93490601 357.89624023 255 64 64
123.32520294 105.72113800 384.36395264 255 64 64
120.20480347 116.39060211 395.00500488 255 64 64
134.80444336 109.92356110 377.13076782 255 64 64
133.00881958 120.24546814 387.47888184 255 64 64
263.04315186 228.90182495 372.69396973 255 64 64
260.48590088 238.77342224 382.26611328 255 64 64
275.11376953 230.44070435 361.19604492 255 64 64
270.62173462 236.78424072 372.03820801 255 64 64
257.15075684 213.63053894 357.49880981 255 64 64
256.90081787 220.88340759 365.92987061 255 64 64
270.03210449 218.98548889 348.13433838 255 64 64
268.57409668 221.50093079 358.38189697 255 64 64
105.77360535 115.42254639 403.17871094 255 64 64
103.61679077 125.21764374 413.87658691 255 64 64
115.62498474 119.95722961 395.22415161 255 64 64
114.97193909 129.66270447 405.75152588 255 64 64
90.28141785 122.04543304 359.85412598 255 64 64
85.97734833 131.89953613 362.83352661 255 64 64
98.65785217 120.49343109 349.95736694 255 64 64
93.43350983 130.55740356 352.51162720 255 64 64
71.65724182 154.13821411 418.85260010 255 64 64
71.44998932 165.25579834 425.33056641 255 64 64
74.46177673 152.62992859 406.72949219 255 64 64
73.87048340 164.40765381 413.51675415 255 64 64
157.87681580 107.37766266 359.32714844 255 64 64
155.22419739 115.66665649 369.45669556 255 64 64
169.16407776 114.51249695 352.24258423 255 64 64
167.82929993 122.09107208 361.99176025 255 64 64
237.43423462 256.64331055 405.39035034 255 64 64
232.91348267 266.54769897 410.70977783 255 64 64
249.04144287 257.53652954 396.80187988 255 64 64
243.18154907 264.08334351 404.12249756 255 64 64
189.58822632 294.89355469 391.09484863 255 64 64
186.87768555 298.07025146 403.30758667 255 64 64
203.39448547 300.44415283 389.36798096 255 64 64
196.56716919 301.93304443 397.83731079 255 64 64
202.59268188 292.06115723 372.75491333 255 64 64
199.86685181 301.42559814 381.67782593 255 64 64
217.15527344 293.46997070 370.29248047 255 64 64
210.36962891 300.17636108 377.28741455 255 64 64
81.26728821 138.31137085 374.47479248 255 64 64
78.52286530 149.03985596 378.35208130 255 64 64
86.90586090 135.95059204 363.12005615 255 64 64
83.15482330 146.45173645 366.40219116 255 64 64
244.52694702 256.35617065 359.14791870 255 64 64
242.97056580 271.08486938 362.70333862 255 64 64
258.04901123 256.61807251 359.48019409 255 64 64
253.31166077 268.21655273 364.60180664 255 64 64
218.12007141 273.02416992 412.35565186 255 64 64
211.85414124 280.87707520 416.37445068 255 64 64
231.82795715 274.16192627 407.60317993 255 64 64
224.50950623 279.30975342 412.74664307 255 64 64
157.41835022 110.27920532 328.57763672 255 64 64
147.70849609 118.83269501 325.63427734 255 64 64
167.95555115 117.59546661 331.84121704 255 64 64
159.91793823 127.00147247 328.03387451 255 64 64
218.23422241 278.94534302 362.07327271 255 64 64
215.07995605 291.37448120 366.83419800 255 64 64
232.93452454 278.17236328 360.82946777 255 64 64
226.48715210 288.26910400 365.17944336 255 64 64
189.68486023 289.76626587 408.43255615 255 64 64
184.29985046 287.26559448 416.02096558 255 64 64
203.52171326 291.69042969 410.66220093 255 64 64
195.83056641 290.58819580 416.81991577 255 64 64
105.24446106 144.42297363 426.39068604 255 64 64
104.10997009 154.40824890 437.45141602 255 64 64
116.43089294 147.69638062 418.77493286 255 64 64
116.02705383 156.16680908 430.00836182 255 64 64
173.47702026 117.78372955 353.77691650 255 64 64
177.01492310 124.92730713 363.00149536 255 64 64
179.03143311 127.46734619 347.44213867 255 64 64
183.84373474 134.66993713 356.84158325 255 64 64
246.38574219 222.36535645 384.45465088 255 64 64
242.80139160 233.34303284 392.60812378 255 64 64
256.55242920 224.66931152 375.87710571 255 64 64
251.84835815 231.36914062 385.91046143 255 64 64
126.63273621 116.69031525 330.09048462 255 64 64
119.77551270 127.16304779 330.00555420 255 64 64
139.45314026 119.41178131 329.09912109 255 64 64
133.13803101 130.28890991 328.26873779 255 64 64
80.77541351 190.60185242 438.02059937 255 64 64
87.72663116 199.29962158 444.36083984 255 64 64
85.91286469 201.63800049 431.06719971 255 64 64
91.42246246 205.60763550 437.25662231 255 64 64
74.45203400 180.93516541 423.24511719 255 64 64
77.58554077 191.83415222 430.37341309 255 64 64
76.65980530 183.91238403 411.76687622 255 64 64
79.07988739 193.89328003 419.09078979 255 64 64
75.83965302 154.16365051 397.13204956 255 64 64
75.29579926 165.57414246 402.34490967 255 64 64
79.07480621 151.35256958 386.67898560 255 64 64
77.72391510 163.02536011 391.59948730 255 64 64
139.55464172 122.60596466 386.12789917 255 64 64
135.35821533 133.12240601 396.34707642 255 64 64
152.10617065 127.69915009 379.38433838 255 64 64
148.53875732 136.84283447 389.50952148 255 64 64
121.19112396 129.90121460 404.35018921 255 64 64
118.12318420 140.16192627 415.14862061 255 64 64
133.36560059 133.74624634 396.77160645 255 64 64
130.84632874 142.82655334 407.60501099 255 64 64
94.18129730 171.88139343 446.34521484 255 64 64
94.05136871 180.92889404 453.29864502 255 64 64
102.05374146 179.29766846 440.34927368 255 64 64
101.77694702 185.59419250 447.12887573 255 64 64
229.94894409 262.42901611 356.61608887 255 64 64
223.66784668 262.45611572 356.54489136 255 64 64
230.52421570 262.40933228 356.59960938 255 64 64
229.64903259 262.48583984 356.47927856 255 64 64
230.27566528 286.41360474 363.93576050 255 64 64
223.48039246 286.37973022 363.93463135 255 64 64
230.93298340 286.38995361 363.98837280 255 64 64
230.13189697 286.42425537 363.90325928 255 64 64
227.51475525 252.96424866 354.76449585 255 64 64
221.84051514 252.95959473 354.72476196 255 64 64
227.97460938 252.95419312 354.71795654 255 64 64
227.21745300 252.99868774 354.63601685 255 64 64
224.52868652 294.54119873 370.55343628 255 64 64
217.64010620 294.45535278 370.55206299 255 64 64
225.23822021 294.50866699 370.62811279 255 64 64
224.42590332 294.50695801 370.54495239 255 64 64
212.46025085 240.66357422 352.14105225 255 64 64
206.68437195 240.65185547 352.04711914 255 64 64
213.05331421 240.63070679 352.10781860 255 64 64
212.14465332 240.67501831 351.99942017 255 64 64
210.75061035 251.41406250 353.06335449 255 64 64
204.61351013 251.37631226 352.99859619 255 64 64
211.37443542 251.39645386 353.03344727 255 64 64
210.38229370 251.42243958 352.94409180 255 64 64
224.24075317 276.64208984 359.69580078 255 64 64
217.56442261 276.57138062 359.69653320 255 64 64
224.96102905 276.57519531 359.71545410 255 64 64
224.03543091 276.58197021 359.65176392 255 64 64
234.71356201 298.21246338 378.20364380 255 64 64
228.36244202 298.13302612 378.19387817 255 64 64
235.25485229 298.18963623 378.25930786 255 64 64
234.72625732 298.18698120 378.18087769 255 64 64
200.88874817 238.18478394 349.72949219 255 64 64
195.32380676 238.15922546 349.63815308 255 64 64
201.50039673 238.14616394 349.71502686 255 64 64
200.59556580 238.18281555 349.61376953 255 64 64
198.61376953 287.07681274 371.83581543 255 64 64
191.70504761 286.97329712 371.85736084 255 64 64
199.34968567 287.06335449 371.85922241 255 64 64
198.41648865 287.05230713 371.80517578 255 64 64
209.59036255 266.81472778 356.88214111 255 64 64
202.93260193 266.74475098 356.83923340 255 64 64
210.34962463 266.76202393 356.85595703 255 64 64
209.28222656 266.76333618 356.77142334 255 64 64
237.87640381 238.73654175 398.53713989 255 64 64
233.82705688 238.69064331 398.56094360 255 64 64
238.15684509 238.81715393 398.49719238 255 64 64
237.69937134 238.80085754 398.48773193 255 64 64
229.00598145 232.78277588 401.60134888 255 64 64
224.88983154 232.73405457 401.63311768 255 64 64
229.36300659 232.81695557 401.54421997 255 64 64
228.97674561 232.80085754 401.54730225 255 64 64
237.78686523 273.45617676 409.54141235 255 64 64
232.57147217 273.36279297 409.56741333 255 64 64
238.12794495 273.43936157 409.49444580 255 64 64
237.66844177 273.40704346 409.48275757 255 64 64
217.17326355 230.89996338 405.98391724 255 64 64
213.06838989 230.86618042 406.01150513 255 64 64
217.57014465 230.91076660 405.93286133 255 64 64
217.08880615 230.91362000 405.93292236 255 64 64
224.33810425 300.94750977 383.10168457 255 64 64
217.51237488 300.81973267 383.12878418 255 64 64
225.02688599 300.88897705 383.09466553 255 64 64
224.17443848 300.86367798 383.03567505 255 64 64
206.18930054 197.37727356 398.90234375 255 64 64
203.51455688 197.35478210 398.94088745 255 64 64
206.44706726 197.38745117 398.90911865 255 64 64
206.27323914 197.38053894 398.92163086 255 64 64
199.26594543 250.81045532 352.77258301 255 64 64
193.05178833 250.74415588 352.71896362 255 64 64
199.94993591 250.75001526 352.73239136 255 64 64
198.92733765 250.75794983 352.65817261 255 64 64
222.97274780 245.42250061 407.19134521 255 64 64
218.40141296 245.34579468 407.23403931 255 64 64
223.41862488 245.41349792 407.12161255 255 64 64
222.93307495 245.38568115 407.13128662 255 64 64
222.93878174 210.20890808 378.31832886 255 64 64
219.99945068 210.18522644 378.35568237 255 64 64
223.19963074 210.21333313 378.34140015 255 64 64
223.07577515 210.20695496 378.34909058 255 64 64
199.48997498 278.34411621 364.91638184 255 64 64
192.64982605 278.25344849 364.90786743 255 64 64
200.23318481 278.27905273 364.85565186 255 64 64
199.15272522 278.27062988 364.78897095 255 64 64
230.63604736 263.51950073 408.42187500 255 64 64
225.84861755 263.39627075 408.42739868 255 64 64
231.01791382 263.56359863 408.35345459 255 64 64
230.41496277 263.50601196 408.32394409 255 64 64
214.69383240 200.35740662 386.17672729 255 64 64
212.02714539 200.32020569 386.21548462 255 64 64
214.92489624 200.37030029 386.19012451 255 64 64
214.78445435 200.34980774 386.20013428 255 64 64
206.49159241 233.29241943 409.77554321 255 64 64
202.30557251 233.23867798 409.81610107 255 64 64
206.93103027 233.30963135 409.70419312 255 64 64
206.39701843 233.29777527 409.71777344 255 64 64
215.35223389 276.43936157 412.53244019 255 64 64
209.65846252 276.29696655 412.54870605 255 64 64
215.88308716 276.40618896 412.46731567 255 64 64
215.18530273 276.35006714 412.45327759 255 64 64
235.37870789 253.61898804 405.26248169 255 64 64
230.96789551 253.52592468 405.26098633 255 64 64
235.70123291 253.67173767 405.20361328 255 64 64
235.18389893 253.63009644 405.17358398 255 64 64
229.38577271 214.60095215 388.77667236 255 64 64
226.72592163 214.57850647 388.81591797 255 64 64
229.55493164 214.61111450 388.78405762 255 64 64
229.49085999 214.60299683 388.78884888 255 64 64
193.04089355 225.16606140 404.36694336 255 64 64
189.08076477 225.11836243 404.40319824 255 64 64
193.46200562 225.19374084 404.32485962 255 64 64
192.91148376 225.18963623 404.33569336 255 64 64
189.79013062 243.84692383 348.58233643 255 64 64
184.01425171 243.79763794 348.50881958 255 64 64
190.43600464 243.80447388 348.59075928 255 64 64
189.47789001 243.81962585 348.51400757 255 64 64
189.53176880 206.07835388 405.13467407 255 64 64
186.44958496 206.04408264 405.16934204 255 64 64
189.88076782 206.08842468 405.11648560 255 64 64
189.51779175 206.08113098 405.12966919 255 64 64
211.67730713 299.76498413 383.99740601 255 64 64
204.64602661 299.60037231 384.04635620 255 64 64
212.44065857 299.70178223 383.96286011 255 64 64
211.40707397 299.64971924 383.92587280 255 64 64
221.60931396 218.10771179 395.40924072 255 64 64
218.12197876 218.07148743 395.44497681 255 64 64
221.92079163 218.10516357 395.38360596 255 64 64
221.59197998 218.09904480 395.39056396 255 64 64
209.80831909 291.13430786 370.91900635 255 64 64
203.66998291 290.89752197 371.02539062 255 64 64
210.44204712 291.12420654 370.88439941 255 64 64
209.59027100 290.97814941 370.91421509 255 64 64
214.82119751 254.95210266 410.82540894 255 64 64
210.09530640 254.83299255 410.87548828 255 64 64
215.25447083 254.96482849 410.72354126 255 64 64
214.54473877 254.90933228 410.73153687 255 64 64
214.02862549 245.13941956 411.28631592 255 64 64
209.42915344 245.06065369 411.34030151 255 64 64
214.51560974 245.12135315 411.20065308 255 64 64
213.94392395 245.09478760 411.22320557 255 64 64
176.36474609 207.88267517 397.58978271 255 64 64
172.66398621 207.84413147 397.59677124 255 64 64
176.84391785 207.91052246 397.56060791 255 64 64
176.28410339 207.90229797 397.55599976 255 64 64
217.37673950 265.63000488 410.00460815 255 64 64
212.58795166 265.47485352 410.02603149 255 64 64
217.82037354 265.67510986 409.92633057 255 64 64
217.20312500 265.59301758 409.91433716 255 64 64
238.55548096 299.95974731 388.26736450 255 64 64
232.92797852 299.83020020 388.27047729 255 64 64
238.94897461 299.93582153 388.27087402 255 64 64
238.56344604 299.89752197 388.22073364 255 64 64
196.74995422 296.16070557 383.80123901 255 64 64
190.08959961 295.98181152 383.88171387 255 64 64
197.46932983 296.11444092 383.74295044 255 64 64
196.59194946 296.05059814 383.73840332 255 64 64
220.21784973 261.34048462 354.12289429 255 64 64
214.83749390 261.17553711 354.19482422 255 64 64
220.66030884 261.31082153 354.03240967 255 64 64
219.88827515 261.21737671 354.04443359 255 64 64
207.13368225 208.40959167 397.16058350 255 64 64
203.95762634 208.37875366 397.18942261 255 64 64
207.45999146 208.41847229 397.13830566 255 64 64
207.14138794 208.41049194 397.14361572 255 64 64
211.90092468 281.28054810 362.54513550 255 64 64
205.79812622 281.06640625 362.65664673 255 64 64
212.52606201 281.25946045 362.50061035 255 64 64
211.62301636 281.13265991 362.53308105 255 64 64
187.66433716 295.64871216 389.13970947 255 64 64
181.51876831 295.47296143 389.19232178 255 64 64
188.27313232 295.63244629 389.08590698 255 64 64
187.51768494 295.56439209 389.07403564 255 64 64
188.36386108 192.80636597 402.33441162 255 64 64
185.72201538 192.78247070 402.36672974 255 64 64
188.68075562 192.80194092 402.36642456 255 64 64
188.40545654 192.79772949 402.38009644 255 64 64
177.38708496 198.06805420 401.43853760 255 64 64
174.56011963 198.03771973 401.46218872 255 64 64
177.75737000 198.08016968 401.47436523 255 64 64
177.39091492 198.07502747 401.47991943 255 64 64
204.10447693 248.65637207 412.57681274 255 64 64
199.78646851 248.54518127 412.62725830 255 64 64
204.54925537 248.67254639 412.51251221 255 64 64
203.91470337 248.61921692 412.52908325 255 64 64
200.98675537 265.71472168 410.65213013 255 64 64
195.98455811 265.53738403 410.72094727 255 64 64
201.53411865 265.73571777 410.56890869 255 64 64
200.79821777 265.64315796 410.59289551 255 64 64
194.69184875 260.82519531 357.48712158 255 64 64
188.51704407 260.75555420 357.44781494 255 64 64
195.34681702 260.75927734 357.44259644 255 64 64
194.29948425 260.77355957 357.36993408 255 64 64
192.57606506 275.77651978 412.03723145 255 64 64
187.08491516 275.66757202 412.03170776 255 64 64
193.14608765 275.76293945 412.02252197 255 64 64
192.34043884 275.74426270 411.98571777 255 64 64
202.42431641 279.62460327 414.65072632 255 64 64
196.63800049 279.51818848 414.65106201 255 64 64
202.96403503 279.59509277 414.61306763 255 64 64
202.11877441 279.57815552 414.57937622 255 64 64
253.51388550 241.28976440 392.32327271 255 64 64
250.07858276 241.24098206 392.37982178 255 64 64
253.66613770 241.31660461 392.35583496 255 64 64
253.52694702 241.29187012 392.36459351 255 64 64
212.06909180 214.40112305 384.71539307 255 64 64
209.12818909 214.36602783 384.73812866 255 64 64
212.35008240 214.40948486 384.73834229 255 64 64
212.14488220 214.39714050 384.73425293 255 64 64
206.65966797 223.52613831 404.71536255 255 64 64
203.08274841 223.47091675 404.76995850 255 64 64
207.02478027 223.52078247 404.69122314 255 64 64
206.62835693 223.50584412 404.71069336 255 64 64
168.07440186 197.80586243 396.77725220 255 64 64
164.97935486 197.78317261 396.77606201 255 64 64
168.53009033 197.85188293 396.80715942 255 64 64
168.11058044 197.85073853 396.79632568 255 64 64
189.59956360 266.10485840 401.76571655 255 64 64
184.64202881 265.90808105 401.84530640 255 64 64
190.12054443 266.16226196 401.70315552 255 64 64
189.42965698 266.04846191 401.74063110 255 64 64
204.32418823 302.13952637 395.61340332 255 64 64
197.87115479 301.96170044 395.67343140 255 64 64
205.01322937 302.11569214 395.58081055 255 64 64
204.21113586 302.04907227 395.56216431 255 64 64
159.88215637 205.77606201 408.76135254 255 64 64
156.36535645 205.74992371 408.77395630 255 64 64
160.41004944 205.80906677 408.74658203 255 64 64
159.84379578 205.80888367 408.74966431 255 64 64
159.25267029 215.95199585 421.83523560 255 64 64
155.91880798 215.93124390 421.87527466 255 64 64
159.73838806 215.98748779 421.80847168 255 64 64
159.20622253 215.99320984 421.82843018 255 64 64
187.89762878 247.49391174 401.94509888 255 64 64
183.59451294 247.41812134 401.95730591 255 64 64
188.36697388 247.49172974 401.93273926 255 64 64
187.77682495 247.47821045 401.92089844 255 64 64
222.43592834 303.57815552 400.37142944 255 64 64
216.63081360 303.41683960 400.38519287 255 64 64
222.90541077 303.56466675 400.37274170 255 64 64
222.37512207 303.50134277 400.33197021 255 64 64
184.70024109 234.61239624 393.98590088 255 64 64
180.59603882 234.55674744 393.99676514 255 64 64
185.17529297 234.62207031 393.96408081 255 64 64
184.61456299 234.61532593 393.95639038 255 64 64
183.21734619 217.37081909 393.22607422 255 64 64
179.57464600 217.31721497 393.26296997 255 64 64
183.64099121 217.38868713 393.19815063 255 64 64
183.12046814 217.37522888 393.20938110 255 64 64
190.85624695 215.37792969 399.58636475 255 64 64
187.26292419 215.29432678 399.64907837 255 64 64
191.25079346 215.44062805 399.55648804 255 64 64
190.74842834 215.39303589 399.58090210 255 64 64
179.49494934 275.34448242 364.46578979 255 64 64
173.59120178 275.24096680 364.48477173 255 64 64
180.09921265 275.30511475 364.47732544 255 64 64
179.27255249 275.29388428 364.45046997 255 64 64
280.40032959 235.90077209 356.54873657 255 64 64
277.29196167 246.58116150 365.04211426 255 64 64
291.70480347 242.77658081 343.96441650 255 64 64
288.01824951 253.90945435 354.57485962 255 64 64
273.16714478 264.29693604 384.39624023 255 64 64
265.80279541 273.79254150 392.09722900 255 64 64
282.64526367 267.88458252 369.71997070 255 64 64
276.81762695 276.56158447 378.38934326 255 64 64
247.37509155 217.62651062 375.14379883 255 64 64
243.17266846 223.68150330 383.05462646 255 64 64
258.39031982 222.51750183 369.69485474 255 64 64
253.78680420 229.26214600 378.84289551 255 64 64
259.50515747 220.34687805 350.65658569 255 64 64
261.67651367 231.38139343 350.63363647 255 64 64
271.63482666 227.55056763 344.30761719 255 64 64
274.86141968 240.08024597 347.92309570 255 64 64
241.61451721 235.64611816 392.45407104 255 64 64
234.48187256 242.50552368 397.47293091 255 64 64
251.88504028 241.48361206 386.99420166 255 64 64
244.71960449 248.72335815 393.22625732 255 64 64
226.85466003 207.49806213 382.11987305 255 64 64
223.65556335 211.62179565 389.46017456 255 64 64
236.98693848 213.98435974 377.90841675 255 64 64
233.20092773 217.97297668 386.45098877 255 64 64
228.59410095 204.64434814 369.20901489 255 64 64
229.35314941 208.26422119 376.29138184 255 64 64
238.14874268 211.38954163 362.90539551 255 64 64
239.40414429 214.83508301 372.10589600 255 64 64
210.17282104 190.29379272 383.48687744 255 64 64
210.51547241 193.92897034 390.66763306 255 64 64
218.61730957 196.58978271 379.93585205 255 64 64
219.30175781 199.71292114 387.83578491 255 64 64
227.78640747 271.38476562 408.82495117 255 64 64
218.64053345 277.66491699 413.01425171 255 64 64
239.57943726 275.36312866 401.65185547 255 64 64
231.56803894 281.55584717 407.64236450 255 64 64
257.44384766 292.30728149 387.58767700 255 64 64
251.74514771 297.58190918 395.24929810 255 64 64
267.56027222 291.96844482 378.88116455 255 64 64
262.90206909 297.34033203 387.14175415 255 64 64
223.80557251 217.87788391 394.36676025 255 64 64
217.65002441 223.27053833 398.97683716 255 64 64
233.14300537 224.30776978 392.11798096 255 64 64
226.29888916 229.98348999 397.81668091 255 64 64
207.46612549 187.30346680 375.12356567 255 64 64
210.63241577 191.12553406 381.31845093 255 64 64
213.64460754 195.00991821 369.94076538 255 64 64
218.35527039 197.81445312 376.74114990 255 64 64
203.18609619 192.90049744 392.12890625 255 64 64
199.79026794 197.28108215 398.01995850 255 64 64
212.25436401 200.00637817 391.52996826 255 64 64
208.52410889 204.29132080 397.61773682 255 64 64
221.26144409 249.10754395 405.77340698 255 64 64
213.09048462 255.53851318 408.46972656 255 64 64
231.77461243 255.34451294 402.81915283 255 64 64
223.50747681 261.81262207 406.94287109 255 64 64
242.32308960 242.00167847 354.89727783 255 64 64
242.91548157 253.84933472 355.19702148 255 64 64
255.64700317 248.54849243 352.70645142 255 64 64
255.28524780 261.92193604 355.40112305 255 64 64
203.67791748 226.03135681 403.92959595 255 64 64
196.59991455 231.86120605 406.85269165 255 64 64
212.24562073 233.70611572 403.02352905 255 64 64
204.59928894 239.76547241 406.97128296 255 64 64
223.05361938 214.05253601 359.04122925 255 64 64
226.18029785 223.36235046 357.17718506 255 64 64
234.47723389 221.91090393 357.95538330 255 64 64
238.94633484 232.09945679 356.61624146 255 64 64
207.21365356 197.19255066 366.77993774 255 64 64
211.63793945 202.46061707 369.52981567 255 64 64
215.29498291 206.89802551 363.25897217 255 64 64
222.08224487 210.87638855 366.85751343 255 64 64
197.62184143 257.88455200 410.52612305 255 64 64
188.83882141 264.01821899 412.06066895 255 64 64
207.19615173 265.81286621 409.01950073 255 64 64
198.52243042 271.85913086 411.92349243 255 64 64
168.03764343 132.39649963 371.60314941 255 64 64
167.47586060 140.48439026 379.86373901 255 64 64
179.61753845 141.11175537 364.72625732 255 64 64
177.87863159 148.77777100 373.95956421 255 64 64
177.54200745 151.20523071 378.38168335 255 64 64
177.21849060 158.22639465 385.77774048 255 64 64
185.42633057 161.70745850 372.56057739 255 64 64
185.11511230 167.07061768 380.68344116 255 64 64
220.11711121 303.28277588 394.66348267 255 64 64
216.93441772 305.60272217 404.16348267 255 64 64
232.93588257 303.26965332 392.46008301 255 64 64
229.46627808 304.51419067 401.99285889 255 64 64
179.83393860 179.07785034 393.03387451 255 64 64
178.36801147 183.84971619 401.33819580 255 64 64
187.17533875 187.50839233 388.55276489 255 64 64
186.20834351 190.94082642 397.16964722 255 64 64
194.56455994 207.41499329 396.94067383 255 64 64
188.65930176 212.30052185 401.23379517 255 64 64
202.67131042 214.72251892 396.53024292 255 64 64
196.35838318 219.68673706 401.46060181 255 64 64
169.08688354 155.94647217 395.44931030 255 64 64
167.25508118 162.66818237 403.78860474 255 64 64
177.00427246 165.09782410 389.95828247 255 64 64
174.59757996 170.47517395 398.55987549 255 64 64
229.13290405 261.39730835 356.72729492 255 64 64
229.55532837 273.08322144 357.93460083 255 64 64
241.70086670 266.63912964 355.10165405 255 64 64
240.97404480 279.14913940 358.09854126 255 64 64
189.64656067 154.55842590 362.88134766 255 64 64
191.07064819 162.58729553 367.37066650 255 64 64
194.22492981 167.69578552 356.73892212 255 64 64
196.84474182 173.99122620 362.91848755 255 64 64
185.32714844 233.24050903 409.62527466 255 64 64
177.68736267 239.18838501 412.30139160 255 64 64
192.95272827 241.76559448 408.63586426 255 64 64
185.19708252 248.03480530 412.08416748 255 64 64
178.04695129 127.38528442 353.04254150 255 64 64
182.37725830 137.53668213 356.27166748 255 64 64
186.11134338 139.99365234 349.47619629 255 64 64
190.15638733 149.46304321 353.25128174 255 64 64
159.97160339 169.01826477 412.42077637 255 64 64
154.14067078 175.29621887 420.00045776 255 64 64
170.05741882 172.92886353 408.28939819 255 64 64
162.97067261 179.33798218 415.42422485 255 64 64
151.90119934 136.53991699 388.01937866 255 64 64
150.01856995 143.78622437 397.52374268 255 64 64
163.79804993 144.45402527 383.68908691 255 64 64
159.98580933 150.76803589 393.29837036 255 64 64
184.49008179 179.84620667 379.30740356 255 64 64
185.48344421 184.25628662 387.06741333 255 64 64
191.39962769 190.37344360 375.73342896 255 64 64
193.88610840 192.55403137 384.07928467 255 64 64
146.79489136 151.75607300 409.63592529 255 64 64
141.96876526 158.56739807 418.72824097 255 64 64
158.40672302 156.70390320 406.97567749 255 64 64
151.35932922 163.06820679 415.40893555 255 64 64
214.59124756 229.17852783 355.22885132 255 64 64
216.23588562 239.63159180 354.68280029 255 64 64
225.38531494 234.87721252 355.49240112 255 64 64
226.70559692 246.20683289 355.48446655 255 64 64
172.79637146 260.27593994 410.39663696 255 64 64
163.56742859 265.45001221 414.05148315 255 64 64
181.75207520 270.17266846 408.83587646 255 64 64
172.83790588 274.33139038 412.79238892 255 64 64
168.97758484 181.89331055 402.73934937 255 64 64
165.62792969 187.60511780 411.13763428 255 64 64
175.95065308 188.20297241 395.60671997 255 64 64
172.17120361 193.02182007 404.16458130 255 64 64
200.03509521 208.24932861 355.28622437 255 64 64
201.95924377 218.28488159 353.90145874 255 64 64
208.92083740 216.28475952 357.07006836 255 64 64
212.16966248 225.80442810 355.96606445 255 64 64
208.57922363 284.18441772 368.50659180 255 64 64
208.73066711 292.99145508 373.39212036 255 64 64
221.31826782 289.36395264 368.07406616 255 64 64
220.51275635 298.31307983 374.12030029 255 64 64
184.62329102 180.20141602 369.31668091 255 64 64
186.89227295 185.52850342 375.61648560 255 64 64
189.92085266 193.49507141 365.80282593 255 64 64
194.58778381 195.88973999 373.29614258 255 64 64
174.89266968 212.47129822 405.81085205 255 64 64
167.88024902 217.57759094 410.16845703 255 64 64
182.42752075 219.47497559 405.64935303 255 64 64
175.40855408 225.01626587 410.21682739 255 64 64
165.60470581 239.49441528 415.72152710 255 64 64
157.22827148 244.92752075 419.22882080 255 64 64
172.45318604 248.94523621 413.60882568 255 64 64
164.55766296 254.57287598 417.38827515 255 64 64
131.18087769 137.37710571 405.55044556 255 64 64
128.40586853 144.49446106 415.89859009 255 64 64
142.42961121 143.47691345 401.52508545 255 64 64
136.28936768 149.93739319 411.65023804 255 64 64
130.87266541 166.63780212 428.85888672 255 64 64
123.37661743 172.71684265 436.27459717 255 64 64
141.96565247 170.32325745 425.90133667 255 64 64
132.16836548 176.82635498 432.62741089 255 64 64
183.52049255 138.76298523 344.05895996 255 64 64
186.06927490 151.33200073 342.19519043 255 64 64
191.06381226 153.57476807 347.32745361 255 64 64
192.54942322 163.37860107 346.39187622 255 64 64
178.35079956 294.06243896 388.32980347 255 64 64
176.28155518 294.14260864 398.48120117 255 64 64
189.74871826 298.70983887 392.30377197 255 64 64
187.35458374 297.10427856 400.87258911 255 64 64
185.78291321 184.63774109 359.12701416 255 64 64
188.26393127 193.15188599 361.90859985 255 64 64
190.95697021 198.64291382 359.35873413 255 64 64
196.16383362 204.33065796 363.02560425 255 64 64
177.58244324 202.98086548 393.91235352 255 64 64
174.11886597 207.37237549 400.30395508 255 64 64
185.72717285 209.46702576 394.25964355 255 64 64
182.18052673 213.42517090 400.62939453 255 64 64
187.49121094 212.93989563 390.61132812 255 64 64
184.61891174 217.63961792 395.41162109 255 64 64
195.32772827 219.31076050 391.72201538 255 64 64
192.09365845 223.76893616 397.02066040 255 64 64
201.97018433 258.01788330 359.16638184 255 64 64
202.79768372 268.17364502 361.10638428 255 64 64
212.49154663 263.05422974 358.67782593 255 64 64
212.29261780 273.68652344 361.08288574 255 64 64
143.81329346 184.23170471 426.08276367 255 64 64
134.85978699 189.88885498 431.89566040 255 64 64
153.42259216 187.24703979 420.52999878 255 64 64
143.50071716 193.86161804 426.10845947 255 64 64
156.78890991 217.10107422 417.79159546 255 64 64
148.15890503 222.14398193 423.18096924 255 64 64
164.36311340 225.47531128 417.43145752 255 64 64
156.29489136 231.32482910 422.52026367 255 64 64
196.70375061 235.14007568 353.12313843 255 64 64
198.11662292 245.22808838 354.43603516 255 64 64
206.50759888 240.06275940 354.06307983 255 64 64
207.35682678 250.62512207 355.55059814 255 64 64
116.72103882 151.23800659 428.90533447 255 64 64
112.99077606 158.07556152 439.28405762 255 64 64
126.34345245 155.67761230 423.92883301 255 64 64
118.93756104 162.37963867 434.08459473 255 64 64
185.42550659 228.75447083 392.64041138 255 64 64
182.46524048 234.26953125 396.76632690 255 64 64
193.07403564 235.09909058 393.65728760 255 64 64
188.99621582 240.61634827 398.39416504 255 64 64
181.77394104 285.46862793 375.73782349 255 64 64
182.54939270 291.57827759 383.15899658 255 64 64
192.82511902 291.49737549 376.92202759 255 64 64
192.64505005 297.56112671 384.61209106 255 64 64
182.45799255 164.22018433 342.68783569 255 64 64
183.28112793 176.36512756 341.27096558 255 64 64
188.14315796 176.80668640 348.33734131 255 64 64
189.94380188 185.76403809 347.94442749 255 64 64
187.46606445 215.41217041 346.71038818 255 64 64
188.74960327 226.31990051 347.14654541 255 64 64
195.66981506 221.15020752 350.23449707 255 64 64
197.97431946 231.31253052 350.66998291 255 64 64
140.89291382 245.52810669 423.69683838 255 64 64
132.05963135 249.29989624 430.09503174 255 64 64
149.61473083 254.65211487 421.15365601 255 64 64
141.71481323 258.02935791 426.45559692 255 64 64
113.05744934 180.48121643 444.95816040 255 64 64
104.78375244 186.33509827 452.14434814 255 64 64
122.35196686 187.29034424 439.44146729 255 64 64
111.85300446 193.90165710 445.51611328 255 64 64
153.13404846 200.53044128 412.13442993 255 64 64
146.72604370 206.01928711 419.59277344 255 64 64
159.79235840 205.45750427 405.76248169 255 64 64
153.53407288 210.79005432 413.06344604 255 64 64
181.13893127 187.31875610 342.99359131 255 64 64
181.32200623 199.25823975 342.87417603 255 64 64
187.83494568 196.34660339 349.47073364 255 64 64
189.64378357 206.28050232 349.31716919 255 64 64
153.82479858 183.94097900 399.69000244 255 64 64
152.46051025 189.79704285 408.80526733 255 64 64
161.27742004 191.11441040 394.06344604 255 64 64
159.68305969 194.66999817 402.76119995 255 64 64
179.80183411 265.43252563 363.75460815 255 64 64
180.69792175 274.30734253 367.80841064 255 64 64
189.17272949 270.70385742 363.93878174 255 64 64
189.03118896 279.91748047 368.20895386 255 64 64
167.49867249 125.94913483 332.12713623 255 64 64
168.82456970 138.96408081 329.66741943 255 64 64
178.81694031 136.90495300 336.67984009 255 64 64
178.87104797 148.24986267 335.04943848 255 64 64
129.15454102 202.82090759 432.39788818 255 64 64
119.18457031 207.86383057 438.20040894 255 64 64
136.49731445 206.90403748 424.42166138 255 64 64
125.20922852 213.20985413 429.43399048 255 64 64
177.69009399 245.10676575 352.01953125 255 64 64
178.86393738 254.49308777 355.40768433 255 64 64
186.60864258 249.42504883 353.33126831 255 64 64
186.92123413 259.01464844 356.65875244 255 64 64
135.34068298 221.34967041 421.89672852 255 64 64
126.07240295 225.87889099 429.46438599 255 64 64
143.15533447 229.66380310 421.89236450 255 64 64
134.09252930 235.55813599 428.53536987 255 64 64
159.36944580 279.87103271 383.08905029 255 64 64
160.91044617 283.12203979 391.83709717 255 64 64
168.88304138 285.74624634 384.91433716 255 64 64
169.87789917 288.34857178 393.28201294 255 64 64
143.66082764 276.21728516 396.25482178 255 64 64
147.26322937 275.26394653 406.86526489 255 64 64
154.30406189 281.22003174 400.57421875 255 64 64
157.49113464 278.95816040 409.41186523 255 64 64
109.87911987 206.19963074 440.07699585 255 64 64
100.73324585 210.62719727 446.37136841 255 64 64
117.12625885 215.56231689 433.81161499 255 64 64
106.68194580 219.95779419 438.28509521 255 64 64
145.47131348 187.02038574 397.01223755 255 64 64
144.84150696 192.79995728 405.61819458 255 64 64
153.37683105 193.93690491 394.27056885 255 64 64
152.03344727 197.57727051 401.95187378 255 64 64
167.29388428 152.14517212 329.19744873 255 64 64
168.00976562 164.11962891 328.45779419 255 64 64
176.28073120 160.58499146 334.40814209 255 64 64
177.25729370 170.78776550 334.05511475 255 64 64
172.10562134 226.12973022 344.20867920 255 64 64
173.52333069 236.62213135 346.77331543 255 64 64
180.55201721 230.23487854 347.28155518 255 64 64
182.18475342 240.41250610 349.51226807 255 64 64
116.65983582 227.65876770 430.62292480 255 64 64
109.63430023 230.58024597 439.96551514 255 64 64
125.31880188 238.40310669 430.37261963 255 64 64
118.01783752 241.30654907 437.55773926 255 64 64
158.71223450 269.95300293 369.54620361 255 64 64
160.28419495 275.88339233 377.22750854 255 64 64
167.30917358 275.12814331 370.99041748 255 64 64
168.30267334 281.22030640 378.41815186 255 64 64
166.48782349 179.15873718 330.05322266 255 64 64
167.33316040 190.42057800 330.98223877 255 64 64
174.61396790 186.47718811 335.50219727 255 64 64
176.37908936 196.07937622 336.26562500 255 64 64
166.89604187 201.21244812 334.10046387 255 64 64
167.76330566 212.72349548 336.23828125 255 64 64
175.47193909 206.66194153 339.89532471 255 64 64
177.43762207 216.91281128 341.29431152 255 64 64
157.11816406 255.85601807 353.83383179 255 64 64
158.54092407 263.10015869 360.52493286 255 64 64
165.70362854 260.05953979 355.77993774 255 64 64
166.53044128 267.62060547 362.09942627 255 64 64
119.25451660 261.36111450 410.89828491 255 64 64
123.69630432 262.56063843 420.44418335 255 64 64
128.48345947 267.94467163 413.23065186 255 64 64
132.94055176 268.12484741 421.50656128 255 64 64
146.57575989 124.76437378 326.96591187 255 64 64
146.18083191 137.28092957 324.24661255 255 64 64
158.36058044 132.36590576 328.36022949 255 64 64
157.89927673 144.08241272 325.78466797 255 64 64
140.93499756 268.82751465 379.38284302 255 64 64
143.31054688 272.58074951 388.32540894 255 64 64
149.38739014 274.01687622 381.49987793 255 64 64
151.57986450 277.46517944 390.04901123 255 64 64
155.61944580 237.85935974 344.95025635 255 64 64
157.18347168 247.19760132 350.08499146 255 64 64
164.47021484 241.66503906 347.69003296 255 64 64
165.94708252 251.14317322 352.24768066 255 64 64
104.64276123 245.55268860 419.67749023 255 64 64
109.82228851 247.77960205 429.07257080 255 64 64
113.56239319 254.82479858 421.01470947 255 64 64
118.87854004 256.04727173 429.60317993 255 64 64
127.70144653 266.20632935 392.58276367 255 64 64
130.80818176 268.81195068 401.67181396 255 64 64
136.38446045 272.06350708 394.64682007 255 64 64
139.53109741 273.95159912 403.27899170 255 64 64
91.26822662 224.39082336 429.81631470 255 64 64
97.37348938 227.79101562 438.33700562 255 64 64
97.91887665 236.55873108 426.08535767 255 64 64
104.39356232 238.74574280 434.08801270 255 64 64
152.38209534 218.08335876 337.49627686 255 64 64
153.85375977 228.04240417 341.53805542 255 64 64
161.91268921 222.01800537 341.30087280 255 64 64
164.12374878 231.69725037 344.42892456 255 64 64
146.84844971 153.01953125 323.74099731 255 64 64
147.70614624 165.06393433 323.98867798 255 64 64
157.14767456 159.77241516 326.09918213 255 64 64
158.42533875 170.62548828 326.17596436 255 64 64
137.72688293 260.68908691 362.35015869 255 64 64
139.78356934 265.49371338 370.82714844 255 64 64
146.05551147 265.36749268 364.13085938 255 64 64
147.76052856 270.21801758 372.42861938 255 64 64
147.64303589 178.89532471 323.17742920 255 64 64
149.43110657 189.82928467 325.50543213 255 64 64
157.32118225 184.65522766 326.44100952 255 64 64
159.51583862 194.50169373 328.34765625 255 64 64
136.07434082 247.04293823 350.53308105 255 64 64
138.24249268 254.03569031 357.64389038 255 64 64
144.83740234 251.58691406 352.18908691 255 64 64
146.73532104 259.04525757 359.05725098 255 64 64
147.35229492 200.71624756 328.34167480 255 64 64
149.31962585 210.74523926 331.71014404 255 64 64
157.07197571 205.37007141 331.66644287 255 64 64
159.78361511 214.73016357 334.11138916 255 64 64
122.30278015 258.88308716 374.35958862 255 64 64
124.89309692 262.97842407 382.86499023 255 64 64
130.32510376 264.47030640 375.78564453 255 64 64
132.95365906 268.25738525 384.26043701 255 64 64
127.42766571 131.17347717 328.34277344 255 64 64
127.00441742 143.46270752 326.09289551 255 64 64
138.14466858 137.67877197 326.26202393 255 64 64
138.51901245 149.60513306 323.79632568 255 64 64
109.79605865 253.09109497 389.94079590 255 64 64
112.81590271 257.24981689 398.29537964 255 64 64
117.59541321 260.22921753 390.66320801 255 64 64
120.65460205 263.99884033 399.03964233 255 64 64
98.69487762 242.34635925 401.83984375 255 64 64
102.27212524 246.84716797 409.56488037 255 64 64
105.75866699 250.92390442 401.14419556 255 64 64
109.44522095 255.16786194 409.15557861 255 64 64
81.41082764 198.92269897 422.71209717 255 64 64
84.99682617 206.01490784 429.86441040 255 64 64
84.58477783 209.12765503 414.53237915 255 64 64
88.49757385 216.45704651 422.19183350 255 64 64
135.75764465 227.18333435 341.36315918 255 64 64
138.12773132 235.87454224 346.77767944 255 64 64
145.50956726 231.44041443 343.30206299 255 64 64
148.17584229 240.38737488 348.08703613 255 64 64
89.14897919 222.69674683 411.15841675 255 64 64
93.00165558 228.06207275 418.06811523 255 64 64
94.31115723 233.10990906 406.97457886 255 64 64
98.41849518 238.45446777 414.41107178 255 64 64
119.71028137 247.75064087 360.19921875 255 64 64
122.08747101 253.70726013 367.57888794 255 64 64
127.69270325 253.56079102 360.65252686 255 64 64
130.07098389 259.53054810 368.16769409 255 64 64
126.45384216 157.56187439 323.63427734 255 64 64
127.94299316 169.50572205 323.68237305 255 64 64
136.80033875 163.75894165 322.70819092 255 64 64
138.66383362 174.88088989 322.69406128 255 64 64
77.65187073 180.29705811 413.15087891 255 64 64
79.00741577 189.10411072 418.45062256 255 64 64
79.50197601 188.09422302 403.63491821 255 64 64
80.76270294 197.82154846 409.49429321 255 64 64
107.33416748 243.78428650 373.44805908 255 64 64
109.76982117 249.18786621 380.77087402 255 64 64
114.54496765 250.84042358 373.08465576 255 64 64
117.11888123 256.18499756 380.74191284 255 64 64
94.60666656 229.54084778 388.41177368 255 64 64
97.28386688 235.50840759 395.14437866 255 64 64
100.39265442 238.15745544 385.76571655 255 64 64
103.11193085 244.43104553 393.20437622 255 64 64
75.61322784 159.29748535 405.41519165 255 64 64
75.37851715 169.20843506 409.20721436 255 64 64
76.96685791 165.73283386 395.11734009 255 64 64
76.62845612 176.58372498 399.23233032 255 64 64
107.52379608 125.65622711 341.18173218 255 64 64
105.93901062 137.32028198 337.33123779 255 64 64
116.18658447 131.23468018 334.69039917 255 64 64
115.63232422 143.39932251 330.45843506 255 64 64
128.09327698 207.06414795 332.39035034 255 64 64
130.67156982 216.67782593 336.04629517 255 64 64
138.22500610 211.93629456 333.28402710 255 64 64
141.17709351 221.48655701 336.28311157 255 64 64
118.63973236 231.49833679 348.63681030 255 64 64
121.28742981 239.10969543 354.26336670 255 64 64
127.45717621 236.83743286 348.37225342 255 64 64
130.25296021 244.83134460 353.93649292 255 64 64
125.43246460 183.53930664 324.45318604 255 64 64
128.09873962 194.21533203 326.88174438 255 64 64
135.85328674 188.94290161 324.65512085 255 64 64
138.65782166 199.13145447 326.69458008 255 64 64
83.76779175 206.85758972 398.73748779 255 64 64
86.14225006 213.98039246 404.42086792 255 64 64
88.10247040 215.54113770 393.22024536 255 64 64
90.41352844 223.51100159 399.65557861 255 64 64
80.06375885 185.35800171 393.05136108 255 64 64
81.27803802 193.72131348 397.41772461 255 64 64
83.32514954 192.86880493 385.37881470 255 64 64
84.34542084 202.43656921 390.43701172 255 64 64
94.95149231 223.89244080 372.78137207 255 64 64
97.33960724 230.64144897 378.44726562 255 64 64
100.85511017 231.59423828 369.66204834 255 64 64
103.31536102 238.89958191 376.11050415 255 64 64
80.22442627 145.70108032 386.33514404 255 64 64
78.78089905 156.51263428 386.54989624 255 64 64
82.45897675 151.48501587 376.53512573 255 64 64
81.32424164 163.20153809 376.67572021 255 64 64
113.35473633 212.23165894 340.23242188 255 64 64
116.07510376 221.13708496 344.28182983 255 64 64
122.80882263 217.75984192 339.22781372 255 64 64
125.73795319 227.02813721 343.13183594 255 64 64
103.96785736 227.54292297 358.84613037 255 64 64
106.50078583 234.82530212 364.39398193 255 64 64
111.26540375 234.29302979 356.86187744 255 64 64
113.96829224 241.99401855 362.89062500 255 64 64
107.29482269 148.67831421 335.94537354 255 64 64
107.78201294 160.32487488 333.89498901 255 64 64
115.94558716 154.63711548 330.61431885 255 64 64
117.10768127 166.25308228 328.49127197 255 64 64
85.64303589 203.67816162 380.52825928 255 64 64
87.56746674 211.26986694 384.94381714 255 64 64
90.21952820 211.43817139 374.91482544 255 64 64
92.06498718 220.00697327 380.09326172 255 64 64
79.93752289 164.44970703 386.36575317 255 64 64
79.78816223 174.50711060 388.30520630 255 64 64
82.41854095 170.82601929 377.45306396 255 64 64
82.29407501 182.06600952 379.69146729 255 64 64
92.00651550 133.27195740 355.06668091 255 64 64
90.53375244 144.76988220 351.89056396 255 64 64
97.87084961 138.67553711 346.55471802 255 64 64
97.19308472 150.82269287 343.07202148 255 64 64
106.18437195 190.04460144 335.99154663 255 64 64
108.79381561 200.38836670 337.96734619 255 64 64
115.65650177 196.11708069 333.03045654 255 64 64
118.48289490 206.57012939 335.12512207 255 64 64
104.96955109 170.14646912 333.81738281 255 64 64
106.99589539 181.33181763 333.76574707 255 64 64
114.13237000 176.43098450 329.47195435 255 64 64
116.61666870 187.35620117 329.48565674 255 64 64
85.16677856 146.05957031 367.87533569 255 64 64
84.06426239 157.17715454 366.31869507 255 64 64
88.90087128 151.64241028 358.87454224 255 64 64
88.39250946 163.45947266 357.15588379 255 64 64
99.09435272 208.06092834 350.70358276 255 64 64
101.64039612 216.99258423 354.09942627 255 64 64
106.80613708 214.80667114 347.09301758 255 64 64
109.56257629 224.27825928 350.87136841 255 64 64
90.95919037 205.34384155 363.08572388 255 64 64
93.05193329 213.61315918 366.69903564 255 64 64
96.58710480 212.39123535 358.06356812 255 64 64
98.77684784 221.53054810 362.27474976 255 64 64
83.80413818 186.60397339 371.98348999 255 64 64
85.14437866 195.72798157 374.51260376 255 64 64
87.87349701 193.59452820 365.36453247 255 64 64
89.18504333 203.80932617 368.43792725 255 64 64
93.79595947 156.09730530 346.71865845 255 64 64
94.27754974 167.43785095 345.31039429 255 64 64
100.40699768 161.83752441 339.86883545 255 64 64
101.54667664 173.42288208 338.49169922 255 64 64
84.07408905 167.00503540 367.33145142 255 64 64
84.45964050 177.51930237 367.60769653 255 64 64
87.92219543 173.37042236 359.40246582 255 64 64
88.56260681 184.71315002 359.96743774 255 64 64
89.57782745 166.25744629 351.28176880 255 64 64
90.46544647 177.22419739 350.61514282 255 64 64
95.54196167 172.24905396 344.33184814 255 64 64
96.92483521 183.61801147 343.87405396 255 64 64
93.33500671 189.62052917 348.11984253 255 64 64
95.43676758 199.81127930 349.36581421 255 64 64
100.86138916 196.08210754 342.70642090 255 64 64
103.20961761 206.67724609 344.33764648 255 64 64
129.25601196 260.19451904 430.98263550 255 64 64
129.25366211 260.19580078 430.97650146 255 64 64
129.24809265 260.18664551 430.97491455 255 64 64
129.25021362 260.18969727 430.95919800 255 64 64
253.55773926 241.29534912 392.30484009 255 64 64
253.57238770 241.28808594 392.28775024 255 64 64
253.55273438 241.30343628 392.30096436 255 64 64
253.56860352 241.29478455 392.27902222 255 64 64
170.16877747 248.67443848 349.89270020 255 64 64
170.16938782 248.67050171 349.88467407 255 64 64
170.16810608 248.66589355 349.88800049 255 64 64
170.16986084 248.65664673 349.87261963 255 64 64
201.38769531 302.30096436 408.90737915 255 64 64
201.39514160 302.29751587 408.89767456 255 64 64
201.38650513 302.30050659 408.90014648 255 64 64
201.39494324 302.29696655 408.88525391 255 64 64
188.41593933 192.80950928 402.36499023 255 64 64
188.42236328 192.80757141 402.35528564 255 64 64
188.39959717 192.81269836 402.35168457 255 64 64
188.40983582 192.80740356 402.33236694 255 64 64
224.09307861 276.59890747 359.65869141 255 64 64
224.10906982 276.59289551 359.64312744 255 64 64
224.10624695 276.60760498 359.64532471 255 64 64
224.12591553 276.59545898 359.62741089 255 64 64
187.78222656 247.47554016 401.95092773 255 64 64
187.78128052 247.47633362 401.93234253 255 64 64
187.78121948 247.47677612 401.94134521 255 64 64
187.78593445 247.47442627 401.91534424 255 64 64
144.38047791 212.09135437 421.18832397 255 64 64
144.37788391 212.09388733 421.17297363 255 64 64
144.37048340 212.09271240 421.16918945 255 64 64
144.37242126 212.09333801 421.14535522 255 64 64
149.02270508 275.85867310 386.47036743 255 64 64
149.02961731 275.86077881 386.45233154 255 64 64
149.02383423 275.85580444 386.45538330 255 64 64
149.03132629 275.85260010 386.43313599 255 64 64
247.81863403 284.95166016 412.25347900 255 64 64
247.82699585 284.94274902 412.24307251 255 64 64
247.80984497 284.96112061 412.24346924 255 64 64
247.81951904 284.95465088 412.22732544 255 64 64
223.01452637 210.19581604 378.35681152 255 64 64
223.03015137 210.18873596 378.34353638 255 64 64
223.01625061 210.19143677 378.34848022 255 64 64
223.03408813 210.18002319 378.32727051 255 64 64
186.42271423 282.81262207 375.84719849 255 64 64
186.43115234 282.80899048 375.83251953 255 64 64
186.43302917 282.81225586 375.83291626 255 64 64
186.44165039 282.80142212 375.81542969 255 64 64
212.29254150 240.66143799 352.06085205 255 64 64
212.30303955 240.65295410 352.05331421 255 64 64
212.30628967 240.66091919 352.05084229 255 64 64
212.32426453 240.64649963 352.03723145 255 64 64
217.25311279 265.50247192 409.87619019 255 64 64
217.24740601 265.50320435 409.86538696 255 64 64
217.23805237 265.50891113 409.85531616 255 64 64
217.24069214 265.51000977 409.84197998 255 64 64
217.11845398 230.87084961 405.92248535 255 64 64
217.12333679 230.86585999 405.90725708 255 64 64
217.11392212 230.86691284 405.91989136 255 64 64
217.12730408 230.86174011 405.89859009 255 64 64
158.18350220 247.65943909 418.69903564 255 64 64
158.17962646 247.65876770 418.68225098 255 64 64
158.18028259 247.66239929 418.68664551 255 64 64
158.18055725 247.66163635 418.66244507 255 64 64
224.15504456 300.90304565 383.08627319 255 64 64
224.16638184 300.90246582 383.06640625 255 64 64
224.16226196 300.90856934 383.07061768 255 64 64
224.17547607 300.90319824 383.04986572 255 64 64
176.37522888 276.86187744 410.24581909 255 64 64
176.37658691 276.85589600 410.23190308 255 64 64
176.36795044 276.86740112 410.23638916 255 64 64
176.37075806 276.86160278 410.21377563 255 64 64
170.65599060 219.72457886 405.78421021 255 64 64
170.65647888 219.72247314 405.76913452 255 64 64
170.64797974 219.72645569 405.78277588 255 64 64
170.65264893 219.72326660 405.75790405 255 64 64
126.17466736 267.25207520 403.45144653 255 64 64
126.17588806 267.25714111 403.43426514 255 64 64
126.16958618 267.25537109 403.43850708 255 64 64
126.17405701 267.25491333 403.41345215 255 64 64
194.45658875 260.79898071 357.41986084 255 64 64
194.46398926 260.79171753 357.40554810 255 64 64
194.46380615 260.79791260 357.41253662 255 64 64
194.47286987 260.78372192 357.39379883 255 64 64
148.37754822 275.13299561 415.90716553 255 64 64
148.38212585 275.12899780 415.89428711 255 64 64
148.36990356 275.13018799 415.89819336 255 64 64
148.37635803 275.12777710 415.87857056 255 64 64
155.92333984 265.57925415 362.27429199 255 64 64
155.92800903 265.58050537 362.25878906 255 64 64
155.92094421 265.57913208 362.26470947 255 64 64
155.92745972 265.57479858 362.24441528 255 64 64
224.53509521 298.58602905 417.20654297 255 64 64
224.54116821 298.57745361 417.19546509 255 64 64
224.52655029 298.58871460 417.19900513 255 64 64
224.53297424 298.58349609 417.18304443 255 64 64
207.14315796 208.43345642 397.12753296 255 64 64
207.15258789 208.42767334 397.11511230 255 64 64
207.13409424 208.43081665 397.12802124 255 64 64
207.14788818 208.42326355 397.10635376 255 64 64
134.88073730 236.60815430 427.83493042 255 64 64
134.87693787 236.61300659 427.81796265 255 64 64
134.87139893 236.61161804 427.81674194 255 64 64
134.87225342 236.61572266 427.79010010 255 64 64
253.33332825 263.95089722 400.48013306 255 64 64
253.34368896 263.94400024 400.46420288 255 64 64
253.32585144 263.96151733 400.47375488 255 64 64
253.33712769 263.95349121 400.45349121 255 64 64
238.67980957 222.12400818 390.64593506 255 64 64
238.68759155 222.11752319 390.63076782 255 64 64
238.67169189 222.13023376 390.64852905 255 64 64
238.68084717 222.12161255 390.62646484 255 64 64
181.66548157 295.28875732 397.47305298 255 64 64
181.67701721 295.28631592 397.46231079 255 64 64
181.66880798 295.29000854 397.46264648 255 64 64
181.68127441 295.28314209 397.44635010 255 64 64
192.95681763 225.17123413 404.35006714 255 64 64
192.95457458 225.16995239 404.33343506 255 64 64
192.94410706 225.17108154 404.34637451 255 64 64
192.95034790 225.16850281 404.32296753 255 64 64
168.04556274 197.85334778 396.84439087 255 64 64
168.05169678 197.85086060 396.83596802 255 64 64
168.02792358 197.84996033 396.83355713 255 64 64
168.04067993 197.84465027 396.81375122 255 64 64
235.30065918 253.55128479 405.11462402 255 64 64
235.29315186 253.55238342 405.10592651 255 64 64
235.28353882 253.55560303 405.09878540 255 64 64
235.28567505 253.55749512 405.08624268 255 64 64
209.67485046 290.99530029 370.97113037 255 64 64
209.67919922 290.99426270 370.96289062 255 64 64
209.66482544 291.00299072 370.95300293 255 64 64
209.67555237 290.99688721 370.94589233 255 64 64
202.30989075 279.55972290 414.65756226 255 64 64
202.30894470 279.55438232 414.63623047 255 64 64
202.30957031 279.55886841 414.64813232 255 64 64
202.31103516 279.55291748 414.62210083 255 64 64
164.57788086 229.11647034 423.34692383 255 64 64
164.57543945 229.11834717 423.32980347 255 64 64
164.57539368 229.11407471 423.34060669 255 64 64
164.57623291 229.11544800 423.31448364 255 64 64
237.05444336 300.66149902 401.64401245 255 64 64
237.06451416 300.65716553 401.62976074 255 64 64
237.05505371 300.66497803 401.63525391 255 64 64
237.06497192 300.66000366 401.61779785 255 64 64
165.86158752 277.48895264 374.50988770 255 64 64
165.86856079 277.48657227 374.49465942 255 64 64
165.86524963 277.48602295 374.49783325 255 64 64
165.87252808 277.47769165 374.47698975 255 64 64
159.92137146 283.53717041 401.03137207 255 64 64
159.92631531 283.53826904 401.02148438 255 64 64
159.91717529 283.53271484 401.02105713 255 64 64
159.92323303 283.53073120 401.00436401 255 64 64
189.60305786 243.84860229 348.57812500 255 64 64
189.60432434 243.84448242 348.56704712 255 64 64
189.60826111 243.84219360 348.56710815 255 64 64
189.61828613 243.83045959 348.54901123 255 64 64
227.31455994 252.97885132 354.66677856 255 64 64
227.32937622 252.96992493 354.65405273 255 64 64
227.33108521 252.98097229 354.65591431 255 64 64
227.35174561 252.96775818 354.63949585 255 64 64
203.95312500 248.57891846 412.46136475 255 64 64
203.94577026 248.57864380 412.45483398 255 64 64
203.94027710 248.58265686 412.44512939 255 64 64
203.94265747 248.58361816 412.43423462 255 64 64
189.43962097 266.06015015 401.71820068 255 64 64
189.43765259 266.06140137 401.70361328 255 64 64
189.42939758 266.08032227 401.70080566 255 64 64
189.43586731 266.08105469 401.68209839 255 64 64
196.56427002 296.09552002 383.82440186 255 64 64
196.57670593 296.09405518 383.80960083 255 64 64
196.57128906 296.10266113 383.80413818 255 64 64
196.58560181 296.09460449 383.78656006 255 64 64
174.80407715 264.09527588 357.46234131 255 64 64
174.81341553 264.09066772 357.44857788 255 64 64
174.80798340 264.09191895 357.45867920 255 64 64
174.81900024 264.08132935 357.43963623 255 64 64
140.91246033 267.99087524 372.98272705 255 64 64
140.91453552 267.99322510 372.96536255 255 64 64
140.91664124 267.98553467 372.96667480 255 64 64
140.91961670 267.98068237 372.94381714 255 64 64
163.46549988 263.27212524 412.70050049 255 64 64
163.46792603 263.26702881 412.68505859 255 64 64
163.46763611 263.27996826 412.68927002 255 64 64
163.47067261 263.27441406 412.66525269 255 64 64
199.21336365 278.32577515 364.84280396 255 64 64
199.22558594 278.32098389 364.82635498 255 64 64
199.22225952 278.33056641 364.82760620 255 64 64
199.23794556 278.31930542 364.80914307 255 64 64
221.59579468 218.12322998 395.38317871 255 64 64
221.60403442 218.11953735 395.36721802 255 64 64
221.58749390 218.12345886 395.38198853 255 64 64
221.60066223 218.11647034 395.36068726 255 64 64
224.61827087 282.83593750 410.80883789 255 64 64
224.62075806 282.82751465 410.80255127 255 64 64
224.60916138 282.85180664 410.79681396 255 64 64
224.61309814 282.84506226 410.78411865 255 64 64
142.38331604 251.55895996 423.42263794 255 64 64
142.38687134 251.55619812 423.40667725 255 64 64
142.38523865 251.56120300 423.41369629 255 64 64
142.38938904 251.55880737 423.39041138 255 64 64
183.13983154 217.39585876 393.24285889 255 64 64
183.13667297 217.39381409 393.22857666 255 64 64
183.12841797 217.39750671 393.23803711 255 64 64
183.13359070 217.39201355 393.21322632 255 64 64
159.81346130 205.81613159 408.76672363 255 64 64
159.81309509 205.81536865 408.75619507 255 64 64
159.80242920 205.81570435 408.76016235 255 64 64
159.80909729 205.81307983 408.73986816 255 64 64
237.79527283 238.78300476 398.40179443 255 64 64
237.78196716 238.78361511 398.39047241 255 64 64
237.78076172 238.78376770 398.38455200 255 64 64
237.78125000 238.78488159 398.36911011 255 64 64
141.01402283 274.61004639 400.39971924 255 64 64
141.01948547 274.61117554 400.38604736 255 64 64
141.00567627 274.60928345 400.38925171 255 64 64
141.01249695 274.60766602 400.36868286 255 64 64
209.37568665 266.79473877 356.79675293 255 64 64
209.38787842 266.78829956 356.78344727 255 64 64
209.38610840 266.80047607 356.77670288 255 64 64
209.40464783 266.78723145 356.76074219 255 64 64
178.01039124 239.59257507 411.59942627 255 64 64
178.01123047 239.58947754 411.58395386 255 64 64
178.00723267 239.58995056 411.59503174 255 64 64
178.01145935 239.58560181 411.57086182 255 64 64
237.65982056 273.42742920 409.47637939 255 64 64
237.65930176 273.42938232 409.44973755 255 64 64
237.65814209 273.43402100 409.46380615 255 64 64
237.66543579 273.43490601 409.43499756 255 64 64
150.26882935 233.31559753 427.82116699 255 64 64
150.26716614 233.31503296 427.80584717 255 64 64
150.26251221 233.31584167 427.80758667 255 64 64
150.26417542 233.31649780 427.78421021 255 64 64
184.58403015 234.61401367 394.00527954 255 64 64
184.58479309 234.61225891 393.98376465 255 64 64
184.58020020 234.61639404 393.99761963 255 64 64
184.58583069 234.61189270 393.96911621 255 64 64
222.28659058 303.52099609 400.43475342 255 64 64
222.29586792 303.51623535 400.42031860 255 64 64
222.28465271 303.52182007 400.42758179 255 64 64
222.29501343 303.51614380 400.40899658 255 64 64
214.71911621 200.35566711 386.20471191 255 64 64
214.72769165 200.35096741 386.19326782 255 64 64
214.71890259 200.36051941 386.20248413 255 64 64
214.73178101 200.35229492 386.18041992 255 64 64
134.16604614 270.48654175 417.47262573 255 64 64
134.17379761 270.48590088 417.45977783 255 64 64
134.16178894 270.48721313 417.46081543 255 64 64
134.17126465 270.48666382 417.43896484 255 64 64
134.95965576 269.81665039 387.52706909 255 64 64
134.95675659 269.82299805 387.51153564 255 64 64
134.95861816 269.81451416 387.50747681 255 64 64
134.95817566 269.81494141 387.48593140 255 64 64
170.89967346 284.58578491 386.71453857 255 64 64
170.90513611 284.58468628 386.69869995 255 64 64
170.90176392 284.58215332 386.69876099 255 64 64
170.90765381 284.57720947 386.67788696 255 64 64
222.90057373 245.37182617 407.11248779 255 64 64
222.90768433 245.36943054 407.09289551 255 64 64
222.90229797 245.37820435 407.10409546 255 64 64
222.91564941 245.37445068 407.08084106 255 64 64
189.57920837 293.92208862 410.91995239 255 64 64
189.58111572 293.91564941 410.91021729 255 64 64
189.56822205 293.92449951 410.91772461 255 64 64
189.57109070 293.91955566 410.90136719 255 64 64
200.83518982 265.62609863 410.55993652 255 64 64
200.83131409 265.62869263 410.55142212 255 64 64
200.82257080 265.63522339 410.53997803 255 64 64
200.82685852 265.63662720 410.52703857 255 64 64
211.62086487 290.40722656 414.75558472 255 64 64
211.62200928 290.39739990 414.74926758 255 64 64
211.60842896 290.41427612 414.75009155 255 64 64
211.61080933 290.40646362 414.73687744 255 64 64
175.42053223 257.00723267 408.08966064 255 64 64
175.42109680 257.00512695 408.07287598 255 64 64
175.42425537 257.01235962 408.08065796 255 64 64
175.42668152 257.00714111 408.05743408 255 64 64
159.17012024 216.00724792 421.86187744 255 64 64
159.16995239 216.00962830 421.84637451 255 64 64
159.16346741 216.00239563 421.85113525 255 64 64
159.16682434 216.00575256 421.82791138 255 64 64
224.37475586 294.51306152 370.55831909 255 64 64
224.39338684 294.51385498 370.53872681 255 64 64
224.38726807 294.52462769 370.53359985 255 64 64
224.40899658 294.51861572 370.51550293 255 64 64
179.30009460 275.36596680 364.50170898 255 64 64
179.31015015 275.36428833 364.48229980 255 64 64
179.31089783 275.36734009 364.48629761 255 64 64
179.32202148 275.35812378 364.46365356 255 64 64
163.41130066 277.70550537 415.17404175 255 64 64
163.41400146 277.69793701 415.16601562 255 64 64
163.40287781 277.70242310 415.17245483 255 64 64
163.40565491 277.69696045 415.15664673 255 64 64
189.54925537 206.09373474 405.13272095 255 64 64
189.55572510 206.09100342 405.12222290 255 64 64
189.52874756 206.08816528 405.13449097 255 64 64
189.54281616 206.08357239 405.11511230 255 64 64
204.21746826 302.06253052 395.65472412 255 64 64
204.22808838 302.05883789 395.64135742 255 64 64
204.21627808 302.06039429 395.64224243 255 64 64
204.22691345 302.05517578 395.62460327 255 64 64
238.42996216 299.92407227 388.29132080 255 64 64
238.44070435 299.92312622 388.27233887 255 64 64
238.43673706 299.92645264 388.27737427 255 64 64
238.44876099 299.92398071 388.25668335 255 64 64
212.08865356 214.43504333 384.73373413 255 64 64
212.09606934 214.43040466 384.71972656 255 64 64
212.08294678 214.44195557 384.72634888 255 64 64
212.09310913 214.43357849 384.70465088 255 64 64
256.07934570 277.50012207 405.19213867 255 64 64
256.08764648 277.49172974 405.17706299 255 64 64
256.07028198 277.51281738 405.18621826 255 64 64
256.08013916 277.50653076 405.16787720 255 64 64
211.77426147 281.16458130 362.55615234 255 64 64
211.77725220 281.16311646 362.54669189 255 64 64
211.76681519 281.17419434 362.54379272 255 64 64
211.77719116 281.16809082 362.53482056 255 64 64
206.65838623 223.53166199 404.71472168 255 64 64
206.66499329 223.52684021 404.69750977 255 64 64
206.64630127 223.52842712 404.71340942 255 64 64
206.65730286 223.52282715 404.68966675 255 64 64
172.24769592 286.88665771 403.41259766 255 64 64
172.25105286 286.88491821 403.40121460 255 64 64
172.24095154 286.88433838 403.40734863 255 64 64
172.24584961 286.88140869 403.39041138 255 64 64
211.44628906 299.69180298 384.00982666 255 64 64
211.45552063 299.69113159 383.99331665 255 64 64
211.45187378 299.69848633 383.98635864 255 64 64
211.46221924 299.69241333 383.96926880 255 64 64
176.29727173 207.91210938 397.59680176 255 64 64
176.29524231 207.91027832 397.58386230 255 64 64
176.28430176 207.91059875 397.59436035 255 64 64
176.29248047 207.90599060 397.57138062 255 64 64
200.71148682 238.19349670 349.65698242 255 64 64
200.71624756 238.18672180 349.64868164 255 64 64
200.71942139 238.18795776 349.64144897 255 64 64
200.73138428 238.17358398 349.62689209 255 64 64
152.13688660 272.46966553 373.06439209 255 64 64
152.14224243 272.46917725 373.04882812 255 64 64
152.14109802 272.46563721 373.05386353 255 64 64
152.14663696 272.45874023 373.03430176 255 64 64
191.68363953 239.37045288 410.02706909 255 64 64
191.67478943 239.37158203 410.01065063 255 64 64
191.67843628 239.37672424 410.01889038 255 64 64
191.67456055 239.37585449 409.99484253 255 64 64
185.23022461 254.17665100 352.90069580 255 64 64
185.23892212 254.16835022 352.88708496 255 64 64
185.23623657 254.17453003 352.89709473 255 64 64
185.24981689 254.16113281 352.87811279 255 64 64
199.07754517 250.78228760 352.68896484 255 64 64
199.08363342 250.77339172 352.67434692 255 64 64
199.07925415 250.78555298 352.67901611 255 64 64
199.09347534 250.77156067 352.66165161 255 64 64
244.06268311 297.40844727 410.76361084 255 64 64
244.06910706 297.39880371 410.75079346 255 64 64
244.05520630 297.41448975 410.76083374 255 64 64
244.06323242 297.40771484 410.74383545 255 64 64
230.11665344 286.41989136 363.90902710 255 64 64
230.13653564 286.41937256 363.88699341 255 64 64
230.13626099 286.43011475 363.88571167 255 64 64
230.15737915 286.42190552 363.86544800 255 64 64
236.51895142 288.34423828 413.79565430 255 64 64
236.52214050 288.33660889 413.78604126 255 64 64
236.51000977 288.35552979 413.78103638 255 64 64
236.51582336 288.34936523 413.76507568 255 64 64
149.64424133 260.11117554 419.65802002 255 64 64
149.64576721 260.10922241 419.64074707 255 64 64
149.64929199 260.11383057 419.63961792 255 64 64
149.65084839 260.11047363 419.61605835 255 64 64
251.24818420 251.57885742 397.51776123 255 64 64
251.25683594 251.57469177 397.50604248 255 64 64
251.24085999 251.59194946 397.50411987 255 64 64
251.25158691 251.58604431 397.48767090 255 64 64
245.24530029 231.36802673 392.60833740 255 64 64
245.25744629 231.36018372 392.59472656 255 64 64
245.23843384 231.37370300 392.60955811 255 64 64
245.25109863 231.36401367 392.58917236 255 64 64
133.08525085 249.37672424 431.37411499 255 64 64
133.08514404 249.37808228 431.36035156 255 64 64
133.08477783 249.37277222 431.36334229 255 64 64
133.08815002 249.37358093 431.34069824 255 64 64
211.51542664 301.81353760 415.89389038 255 64 64
211.52024841 301.80593872 415.88354492 255 64 64
211.50540161 301.81402588 415.88980103 255 64 64
211.51052856 301.80834961 415.87365723 255 64 64
230.53326416 263.42608643 408.27606201 255 64 64
230.52645874 263.42779541 408.26663208 255 64 64
230.51971436 263.43228149 408.25817871 255 64 64
230.52233887 263.43350220 408.24600220 255 64 64
215.19000244 276.34796143 412.48345947 255 64 64
215.19433594 276.34677124 412.46035767 255 64 64
215.19381714 276.35696411 412.47058105 255 64 64
215.20300293 276.35488892 412.44259644 255 64 64
168.29873657 249.46939087 412.61462402 255 64 64
168.29875183 249.46443176 412.60073853 255 64 64
168.29771423 249.47395325 412.60583496 255 64 64
168.30107117 249.46885681 412.58517456 255 64 64
192.27369690 258.34259033 411.74411011 255 64 64
192.26908875 258.34252930 411.73852539 255 64 64
192.26087952 258.34771729 411.73034668 255 64 64
192.26472473 258.34854126 411.72024536 255 64 64
141.01669312 226.89306641 427.66796875 255 64 64
141.01521301 226.89457703 427.65310669 255 64 64
141.01043701 226.89469910 427.65469360 255 64 64
141.01119995 226.89662170 427.63153076 255 64 64
198.36351013 287.07611084 371.85168457 255 64 64
198.37460327 287.07662964 371.83215332 255 64 64
198.37368774 287.08825684 371.82910156 255 64 64
198.38914490 287.07992554 371.80892944 255 64 64
206.24072266 197.37242126 398.88705444 255 64 64
206.24732971 197.36853027 398.87710571 255 64 64
206.23252869 197.36981201 398.88229370 255 64 64
206.24382019 197.36276245 398.86166382 255 64 64
229.01345825 232.80532837 401.51266479 255 64 64
229.01678467 232.80172729 401.49337769 255 64 64
229.00825500 232.80419922 401.51202393 255 64 64
229.01983643 232.80018616 401.48779297 255 64 64
220.08906555 261.26010132 354.07720947 255 64 64
220.08966064 261.25625610 354.06457520 255 64 64
220.08326721 261.26483154 354.07522583 255 64 64
220.09112549 261.25848389 354.06195068 255 64 64
214.63464355 254.85740662 410.66955566 255 64 64
214.62931824 254.85899353 410.66186523 255 64 64
214.62573242 254.85617065 410.65130615 255 64 64
214.62989807 254.85765076 410.64016724 255 64 64
181.16819763 228.03579712 402.11013794 255 64 64
181.16355896 228.03509521 402.09686279 255 64 64
181.15763855 228.03961182 402.10159302 255 64 64
181.15774536 228.03607178 402.07934570 255 64 64
234.53895569 298.19769287 378.18954468 255 64 64
234.55334473 298.19918823 378.16595459 255 64 64
234.55209351 298.20657349 378.16738892 255 64 64
234.56793213 298.20382690 378.14489746 255 64 64
206.42759705 233.26367188 409.70132446 255 64 64
206.43045044 233.25842285 409.68347168 255 64 64
206.41653442 233.26174927 409.69607544 255 64 64
206.42803955 233.25741577 409.67208862 255 64 64
210.53790283 251.42263794 352.94290161 255 64 64
210.54634094 251.41380310 352.92971802 255 64 64
210.54736328 251.42521667 352.92474365 255 64 64
210.56338501 251.41084290 352.90783691 255 64 64
192.47184753 275.74291992 412.03375244 255 64 64
192.46887207 275.74160767 412.01281738 255 64 64
192.47126770 275.74624634 412.01986694 255 64 64
192.47218323 275.74267578 411.99453735 255 64 64
229.47239685 214.59477234 388.77935791 255 64 64
229.48135376 214.58984375 388.76336670 255 64 64
229.46542358 214.59559631 388.77798462 255 64 64
229.47729492 214.58691406 388.75592041 255 64 64
166.41415405 267.98532104 363.08572388 255 64 64
166.42459106 267.98132324 363.07318115 255 64 64
166.41436768 267.98214722 363.07833862 255 64 64
166.42533875 267.97229004 363.06134033 255 64 64
187.70390320 268.35449219 361.04998779 255 64 64
187.70988464 268.35098267 361.03372192 255 64 64
187.70631409 268.35192871 361.04119873 255 64 64
187.71543884 268.34094238 361.02090454 255 64 64
163.79203796 254.31457520 356.06213379 255 64 64
163.79553223 254.31054688 356.05361938 255 64 64
163.78916931 254.30957031 356.05609131 255 64 64
163.79335022 254.30187988 356.03958130 255 64 64
177.41094971 198.09808350 401.47964478 255 64 64
177.41593933 198.09724426 401.47097778 255 64 64
177.39874268 198.09901428 401.47122192 255 64 64
177.40812683 198.09561157 401.45175171 255 64 64
161.93028259 239.08863831 423.10632324 255 64 64
161.93087769 239.08453369 423.09185791 255 64 64
161.92449951 239.08273315 423.09796143 255 64 64
161.92800903 239.08105469 423.07467651 255 64 64
187.50895691 295.57870483 389.16662598 255 64 64
187.51943970 295.57870483 389.15045166 255 64 64
187.51927185 295.58676147 389.15139771 255 64 64
187.53022766 295.58071899 389.13308716 255 64 64
190.79811096 215.41648865 399.53427124 255 64 64
190.79078674 215.41232300 399.52713013 255 64 64
190.78320312 215.41099548 399.53216553 255 64 64
190.78829956 215.40776062 399.51748657 255 64 64
202.65034485 294.65591431 416.08148193 255 64 64
202.65316772 294.64663696 416.07324219 255 64 64
202.63568115 294.66043091 416.07937622 255 64 64
202.63983154 294.65283203 416.06427002 255 64 64
183.97937012 276.65466309 403.74023438 255 64 64
183.97850037 276.64819336 403.72830200 255 64 64
183.97026062 276.66305542 403.73556519 255 64 64
183.97004700 276.65704346 403.71646118 255 64 64
167.28466797 218.92269897 415.16156006 255 64 64
167.28860474 218.92184448 415.14526367 255 64 64
167.28059387 218.92201233 415.15634155 255 64 64
167.28521729 218.92144775 415.13186646 255 64 64
157.95265198 278.28067017 382.73236084 255 64 64
157.96038818 278.27960205 382.71871948 255 64 64
157.95690918 278.27914429 382.72061157 255 64 64
157.96655273 278.27044678 382.70104980 255 64 64
229.73825073 262.46078491 356.51290894 255 64 64
229.75744629 262.45364380 356.49700928 255 64 64
229.75671387 262.46701050 356.50271606 255 64 64
229.78079224 262.45434570 356.48455811 255 64 64
155.69825745 280.52362061 392.55407715 255 64 64
155.70545959 280.52325439 392.54058838 255 64 64
155.69520569 280.51962280 392.54306030 255 64 64
155.70356750 280.51498413 392.52389526 255 64 64
134.59599304 272.01794434 407.72781372 255 64 64
134.60055542 272.01965332 407.71633911 255 64 64
134.58737183 272.01593018 407.71749878 255 64 64
134.59422302 272.01541138 407.69888306 255 64 64
213.98944092 245.09651184 411.21813965 255 64 64
213.99053955 245.09397888 411.19827271 255 64 64
213.98736572 245.09571838 411.21618652 255 64 64
213.99505615 245.09359741 411.19100952 255 64 64
145.72415161 264.04019165 365.41390991 255 64 64
145.72589111 264.04248047 365.39862061 255 64 64
145.72906494 264.03817749 365.40393066 255 64 64
145.73034668 264.03540039 365.38119507 255 64 64
181.99644470 288.75256348 407.53613281 255 64 64
181.99856567 288.74774170 407.52664185 255 64 64
181.98393250 288.75955200 407.53335571 255 64 64
181.98780823 288.75451660 407.51623535 255 64 64
145.07849121 241.31793213 425.85586548 255 64 64
145.07771301 241.31730652 425.83963013 255 64 64
145.07138062 241.31793213 425.84112549 255 64 64
145.07275391 241.31730652 425.81613159 255 64 64
174.96865845 280.53436279 375.52709961 255 64 64
174.97428894 280.53454590 375.51119995 255 64 64
174.97041321 280.53277588 375.51065063 255 64 64
174.97633362 280.52529907 375.49139404 255 64 64
142.20960999 264.61077881 423.60284424 255 64 64
142.20988464 264.60781860 423.59399414 255 64 64
142.19676208 264.61267090 423.58877563 255 64 64
142.19906616 264.61151123 423.57058716 255 64 64
190.68215942 227.29031372 393.52374268 255 64 64
190.67480469 227.28826904 393.50881958 255 64 64
190.66899109 227.29981995 393.51724243 255 64 64
190.67343140 227.29858398 393.49468994 255 64 64
219.36039734 246.94219971 351.35842896 255 64 64
219.37454224 246.93327332 351.34661865 255 64 64
219.38023376 246.94488525 351.34689331 255 64 64
219.40164185 246.93045044 351.33129883 255 64 64
243.87438965 257.12405396 403.38229370 255 64 64
243.86590576 257.12643433 403.37036133 255 64 64
243.85981750 257.13265991 403.36178589 255 64 64
243.86296082 257.13494873 403.34805298 255 64 64
159.00083923 269.79028320 417.72940063 255 64 64
159.00411987 269.78390503 417.71554565 255 64 64
159.00067139 269.79449463 417.72711182 255 64 64
159.00430298 269.78839111 417.70520020 255 64 64
166.28643799 206.28816223 402.02554321 255 64 64
166.28526306 206.28675842 402.01397705 255 64 64
166.27212524 206.28352356 402.02078247 255 64 64
166.27934265 206.27957153 401.99819946 255 64 64
159.96342468 273.04656982 367.46121216 255 64 64
159.97132874 273.04656982 367.44445801 255 64 64
159.96846008 273.04306030 367.44842529 255 64 64
159.97676086 273.03619385 367.42645264 255 64 64
216.97076416 288.08807373 366.05914307 255 64 64
216.98895264 288.08416748 366.04336548 255 64 64
216.98258972 288.09906006 366.03927612 255 64 64
217.00321960 288.08837891 366.02301025 255 64 64
184.54902649 289.46395874 382.90795898 255 64 64
184.55648804 289.46365356 382.89138794 255 64 64
184.56256104 289.46255493 382.88668823 255 64 64
184.57113647 289.45574951 382.86816406 255 64 64
152.16706848 280.75860596 405.20544434 255 64 64
152.17391968 280.75906372 405.19030762 255 64 64
152.16253662 280.75604248 405.19677734 255 64 64
152.16918945 280.75595093 405.17584229 255 64 64
225.14916992 273.88070679 408.98913574 255 64 64
225.14898682 273.88116455 408.96127319 255 64 64
225.15296936 273.89187622 408.97384644 255 64 64
225.15814209 273.89074707 408.94430542 255 64 64
127.30018616 265.98199463 421.51934814 255 64 64
127.30371094 265.98645020 421.50408936 255 64 64
127.29666138 265.98080444 421.50711060 255 64 64
127.30302429 265.98324585 421.48342896 255 64 64
196.28332520 301.72979736 401.33309937 255 64 64
196.29605103 301.72680664 401.32247925 255 64 64
196.28770447 301.73422241 401.32043457 255 64 64
196.30075073 301.72866821 401.30526733 255 64 64
215.00064087 221.24781799 401.74060059 255 64 64
215.00482178 221.24581909 401.72525024 255 64 64
214.98648071 221.24938965 401.73355103 255 64 64
214.99740601 221.24375916 401.71087646 255 64 64
211.04321289 303.84576416 407.03735352 255 64 64
211.05471802 303.84161377 407.02694702 255 64 64
211.03796387 303.84671021 407.02703857 255 64 64
211.05010986 303.84149170 407.01220703 255 64 64
171.82537842 269.05633545 410.97155762 255 64 64
171.82522583 269.05178833 410.95501709 255 64 64
171.82803345 269.06100464 410.95852661 255 64 64
171.82997131 269.05465698 410.93484497 255 64 64
198.18864441 207.04249573 402.73291016 255 64 64
198.19805908 207.03872681 402.71862793 255 64 64
198.17903137 207.03890991 402.73373413 255 64 64
198.19204712 207.03407288 402.70989990 255 64 64
169.95855713 235.98866272 420.50561523 255 64 64
169.96250916 235.98507690 420.49096680 255 64 64
169.96469116 235.98117065 420.50469971 255 64 64
169.97128296 235.97753906 420.48202515 255 64 64
176.54061890 248.13977051 407.64907837 255 64 64
176.54469299 248.13627625 407.63336182 255 64 64
176.53800964 248.14425659 407.63702393 255 64 64
176.54467773 248.13934326 407.61621094 255 64 64
170.10910034 214.48455811 398.55532837 255 64 64
170.11151123 214.48089600 398.53961182 255 64 64
170.10383606 214.48934937 398.55252075 255 64 64
170.11172485 214.48345947 398.52648926 255 64 64
153.23254395 219.91438293 427.23632812 255 64 64
153.23008728 219.91586304 427.21954346 255 64 64
153.22608948 219.91564941 427.22174072 255 64 64
153.22625732 219.91862488 427.19775391 255 64 64
139.11862183 218.96554565 424.16851807 255 64 64
139.11314392 218.97009277 424.15222168 255 64 64
139.10244751 218.96580505 424.14840698 255 64 64
139.10293579 218.96842957 424.12295532 255 64 64
243.13937378 248.94721985 399.54019165 255 64 64
243.12940979 248.94944763 399.52963257 255 64 64
243.12145996 248.95227051 399.52752686 255 64 64
243.12322998 248.95434570 399.51318359 255 64 64
156.34291077 255.64733887 415.79943848 255 64 64
156.34295654 255.64456177 415.78234863 255 64 64
156.34370422 255.65353394 415.79321289 255 64 64
156.34526062 255.64909363 415.76675415 255 64 64
223.41146851 226.47740173 399.79751587 255 64 64
223.41577148 226.47239685 399.78051758 255 64 64
223.40579224 226.47241211 399.79385376 255 64 64
223.41896057 226.46759033 399.77142334 255 64 64
230.40270996 270.80126953 358.78588867 255 64 64
230.42141724 270.79516602 358.77017212 255 64 64
230.41931152 270.80627441 358.77371216 255 64 64
230.44152832 270.79412842 358.75588989 255 64 64
148.82803345 209.78392029 414.26895142 255 64 64
148.82814026 209.78474426 414.25186157 255 64 64
148.82405090 209.78730774 414.24728394 255 64 64
148.82791138 209.78614807 414.22048950 255 64 64
187.14112854 276.49377441 370.14886475 255 64 64
187.14714050 276.48919678 370.13378906 255 64 64
187.14916992 276.48809814 370.13153076 255 64 64
187.15722656 276.47613525 370.11410522 255 64 64
170.96902466 275.47381592 365.93859863 255 64 64
170.97918701 275.47366333 365.92175293 255 64 64
170.97592163 275.47296143 365.92642212 255 64 64
170.98780823 275.46472168 365.90667725 255 64 64
187.86546326 238.08921814 402.61032104 255 64 64
187.86210632 238.08810425 402.59375000 255 64 64
187.86216736 238.08862305 402.60922241 255 64 64
187.86421204 238.08506775 402.58395386 255 64 64
214.59637451 205.95674133 379.90979004 255 64 64
214.60772705 205.95178223 379.89666748 255 64 64
214.60038757 205.96156311 379.90164185 255 64 64
214.61459351 205.95120239 379.88012695 255 64 64
222.09909058 254.36842346 406.79995728 255 64 64
222.09405518 254.36828613 406.79254150 255 64 64
222.08868408 254.37130737 406.78390503 255 64 64
222.09208679 254.37098694 406.77243042 255 64 64
245.49935913 273.65139771 406.59082031 255 64 64
245.50830078 273.64614868 406.57785034 255 64 64
245.49992371 273.66735840 406.57363892 255 64 64
245.51007080 273.66351318 406.55581665 255 64 64
233.77703857 226.68280029 395.67294312 255 64 64
233.78649902 226.67953491 395.65405273 255 64 64
233.77397156 226.68418884 395.67687988 255 64 64
233.78970337 226.67907715 395.65304565 255 64 64
245.08061218 298.41476440 401.18923950 255 64 64
245.09039307 298.40972900 401.17279053 255 64 64
245.08132935 298.41638184 401.18194580 255 64 64
245.09173584 298.41131592 401.16278076 255 64 64
157.04750061 210.28752136 415.47698975 255 64 64
157.04902649 210.28845215 415.46286011 255 64 64
157.04275513 210.28511047 415.46221924 255 64 64
157.04920959 210.28450012 415.43975830 255 64 64
177.78759766 231.30792236 411.52203369 255 64 64
177.78651428 231.30476379 411.50799561 255 64 64
177.78189087 231.30586243 411.51638794 255 64 64
177.78305054 231.30152893 411.49417114 255 64 64
163.73739624 284.30731201 393.73727417 255 64 64
163.74481201 284.30895996 393.72119141 255 64 64
163.73983765 284.30615234 393.72213745 255 64 64
163.74768066 284.30328369 393.70135498 255 64 64
188.29193115 299.61813354 401.12707520 255 64 64
188.30303955 299.61560059 401.11614990 255 64 64
188.29623413 299.61520386 401.12005615 255 64 64
188.30706787 299.60916138 401.10473633 255 64 64
180.63044739 269.49755859 406.19479370 255 64 64
180.63223267 269.49365234 406.17736816 255 64 64
180.63505554 269.51147461 406.18450928 255 64 64
180.64077759 269.50488281 406.16000366 255 64 64
208.32160950 260.10650635 411.52984619 255 64 64
208.31661987 260.10546875 411.52307129 255 64 64
208.31066895 260.11145020 411.50848389 255 64 64
208.31369019 260.11175537 411.49697876 255 64 64
221.49096680 269.88891602 355.74612427 255 64 64
221.49449158 269.88601685 355.73345947 255 64 64
221.48371887 269.90209961 355.73730469 255 64 64
221.49275208 269.89456177 355.72579956 255 64 64
182.71459961 210.04736328 402.20468140 255 64 64
182.71299744 210.04663086 402.19131470 255 64 64
182.70524597 210.04736328 402.19458008 255 64 64
182.70834351 210.04490662 402.17059326 255 64 64
225.71720886 302.41751099 393.14529419 255 64 64
225.72669983 302.41506958 393.13119507 255 64 64
225.71578979 302.41998291 393.12728882 255 64 64
225.72689819 302.41610718 393.11026001 255 64 64
148.22244263 277.42590332 394.39465332 255 64 64
148.22555542 277.42871094 394.37918091 255 64 64
148.21757507 277.41766357 394.38342285 255 64 64
148.22103882 277.41604614 394.36175537 255 64 64
137.80606079 245.06166077 426.37524414 255 64 64
137.80549622 245.06079102 426.35919189 255 64 64
137.79762268 245.06777954 426.36114502 255 64 64
137.79905701 245.06791687 426.33618164 255 64 64
172.02815247 242.76969910 415.99658203 255 64 64
172.02961731 242.76632690 415.98046875 255 64 64
172.03219604 242.76748657 415.99234009 255 64 64
172.03762817 242.76254272 415.96948242 255 64 64
149.54965210 246.53617859 421.62463379 255 64 64
149.55006409 246.53184509 421.61029053 255 64 64
149.54277039 246.54263306 421.61880493 255 64 64
149.54432678 246.53974915 421.59591675 255 64 64
132.14399719 270.12689209 398.84725952 255 64 64
132.14590454 270.12927246 398.82855225 255 64 64
132.13824463 270.12332153 398.83679199 255 64 64
132.14245605 270.12179565 398.81265259 255 64 64
145.40036011 272.21160889 378.17114258 255 64 64
145.40693665 272.21273804 378.15634155 255 64 64
145.40251160 272.20806885 378.15679932 255 64 64
145.40890503 272.20361328 378.13635254 255 64 64
188.44377136 284.91464233 410.44924927 255 64 64
188.44241333 284.90615845 410.43658447 255 64 64
188.43174744 284.91995239 410.44995117 255 64 64
188.43234253 284.91265869 410.43133545 255 64 64
216.59600830 294.80505371 372.42684937 255 64 64
216.60258484 294.80514526 372.41864014 255 64 64
216.58531189 294.81530762 372.40045166 255 64 64
216.59707642 294.81115723 372.39337158 255 64 64
198.53613281 219.70510864 406.18716431 255 64 64
198.54229736 219.70469666 406.17083740 255 64 64
198.52371216 219.70298767 406.19033813 255 64 64
198.53367615 219.70156860 406.16583252 255 64 64
196.68688965 245.20323181 411.90072632 255 64 64
196.67785645 245.20593262 411.88430786 255 64 64
196.68241882 245.20401001 411.89453125 255 64 64
196.67662048 245.20477295 411.87121582 255 64 64
163.43556213 261.19058228 359.91787720 255 64 64
163.44026184 261.18817139 359.90713501 255 64 64
163.43223572 261.18841553 359.90963745 255 64 64
163.43692017 261.18103027 359.89288330 255 64 64
209.03651428 295.78991699 377.20846558 255 64 64
209.04632568 295.78866577 377.19305420 255 64 64
209.04182434 295.79718018 377.19204712 255 64 64
209.05451965 295.78930664 377.17556763 255 64 64
195.94073486 194.78533936 403.63757324 255 64 64
195.94799805 194.78269958 403.62948608 255 64 64
195.92449951 194.79072571 403.62387085 255 64 64
195.93569946 194.78433228 403.60482788 255 64 64
141.40585327 273.86215210 392.56573486 255 64 64
141.41085815 273.86309814 392.55029297 255 64 64
141.39962769 273.85742188 392.54959106 255 64 64
141.40550232 273.85528564 392.52908325 255 64 64
193.19400024 291.17736816 378.72854614 255 64 64
193.20518494 291.17657471 378.71130371 255 64 64
193.20565796 291.18301392 378.70629883 255 64 64
193.21958923 291.17572021 378.68734741 255 64 64
203.24325562 270.09677124 360.37124634 255 64 64
203.25286865 270.09024048 360.35864258 255 64 64
203.25218201 270.10073853 360.35217285 255 64 64
203.26716614 270.08734131 360.33505249 255 64 64
204.36155701 272.08856201 413.73452759 255 64 64
204.35943604 272.08984375 413.72521973 255 64 64
204.34880066 272.09509277 413.71081543 255 64 64
204.35412598 272.09649658 413.69909668 255 64 64
207.32829285 241.07238770 411.31237793 255 64 64
207.32922363 241.06777954 411.29425049 255 64 64
207.32247925 241.07089233 411.30783081 255 64 64
207.33168030 241.06773376 411.28286743 255 64 64
198.99121094 287.93966675 414.61856079 255 64 64
198.98953247 287.92901611 414.60903931 255 64 64
198.97760010 287.94802856 414.61898804 255 64 64
198.97897339 287.93988037 414.60220337 255 64 64
181.30654907 260.23397827 404.23342896 255 64 64
181.30337524 260.23452759 404.22177124 255 64 64
181.28979492 260.25234985 404.21511841 255 64 64
181.29608154 260.25152588 404.19955444 255 64 64
218.12158203 213.43026733 390.36169434 255 64 64
218.12724304 213.42677307 390.34829712 255 64 64
218.11508179 213.43586731 390.35284424 255 64 64
218.12303162 213.43049622 390.33178711 255 64 64
137.39898682 255.93643188 427.29125977 255 64 64
137.40202332 255.93717957 427.27655029 255 64 64
137.40007019 255.93618774 427.27862549 255 64 64
137.40492249 255.93675232 427.25741577 255 64 64
246.54577637 291.55404663 415.91735840 255 64 64
246.55392456 291.54559326 415.90426636 255 64 64
246.53753662 291.56106567 415.90347290 255 64 64
246.54618835 291.55615234 415.88690186 255 64 64
246.46670532 266.63601685 403.72201538 255 64 64
246.47305298 266.63851929 403.69558716 255 64 64
246.46786499 266.64489746 403.71112061 255 64 64
246.47988892 266.64535522 403.68261719 255 64 64
229.46978760 293.13528442 415.10656738 255 64 64
229.46994019 293.12756348 415.09448242 255 64 64
229.45861816 293.14050293 415.09689331 255 64 64
229.46298218 293.13476562 415.07897949 255 64 64
154.28611755 226.99687195 429.88424683 255 64 64
154.28520203 226.99783325 429.86694336 255 64 64
154.28120422 226.99630737 429.87188721 255 64 64
154.28305054 226.99884033 429.84640503 255 64 64
229.26907349 247.29173279 403.40011597 255 64 64
229.25958252 247.29100037 403.38906860 255 64 64
229.25939941 247.29571533 403.38381958 255 64 64
229.26011658 247.29571533 403.36920166 255 64 64
234.81636047 300.98596191 408.87356567 255 64 64
234.82379150 300.97930908 408.85906982 255 64 64
234.80902100 300.99096680 408.86862183 255 64 64
234.81796265 300.98526001 408.85031128 255 64 64
229.79858398 211.40553284 381.99249268 255 64 64
229.80880737 211.40168762 381.97793579 255 64 64
229.79216003 211.40580750 381.98989868 255 64 64
229.80540466 211.39750671 381.96813965 255 64 64
199.03062439 232.60864258 410.15228271 255 64 64
199.02552795 232.60890198 410.13458252 255 64 64
199.02203369 232.61248779 410.14611816 255 64 64
199.02175903 232.61138916 410.12063599 255 64 64
191.57574463 231.89450073 407.07681274 255 64 64
191.57476807 231.89172363 407.06085205 255 64 64
191.57411194 231.89839172 407.07778931 255 64 64
191.57681274 231.89443970 407.05169678 255 64 64
175.45809937 221.68824768 400.53829956 255 64 64
175.45492554 221.68603516 400.52352905 255 64 64
175.44862366 221.69017029 400.53201294 255 64 64
175.45146179 221.68644714 400.50830078 255 64 64
172.62425232 258.24566650 361.26208496 255 64 64
172.62509155 258.24157715 361.25241089 255 64 64
172.62129211 258.23779297 361.25808716 255 64 64
172.62432861 258.22839355 361.24121094 255 64 64
141.69261169 234.69976807 429.67657471 255 64 64
141.69226074 234.70143127 429.66110229 255 64 64
141.68504333 234.70187378 429.66409302 255 64 64
141.68820190 234.70391846 429.64062500 255 64 64
224.50294495 303.09716797 411.46289062 255 64 64
224.51342773 303.08828735 411.45120239 255 64 64
224.49948120 303.10012817 411.45959473 255 64 64
224.50915527 303.09368896 411.44357300 255 64 64
219.07269287 281.52011108 361.55853271 255 64 64
219.07775879 281.51742554 361.54779053 255 64 64
219.06631470 281.52929688 361.54562378 255 64 64
219.07669067 281.52243042 361.53720093 255 64 64
244.38420105 242.43948364 396.49951172 255 64 64
244.38862610 242.43733215 396.48773193 255 64 64
244.37208557 242.45367432 396.48501587 255 64 64
244.37860107 242.45077515 396.46658325 255 64 64
203.27284241 298.23925781 385.61990356 255 64 64
203.28349304 298.23690796 385.60372925 255 64 64
203.27931213 298.24078369 385.60128784 255 64 64
203.29138184 298.23269653 385.58410645 255 64 64
128.42102051 268.15942383 413.70184326 255 64 64
128.42037964 268.16415405 413.68923950 255 64 64
128.41476440 268.15795898 413.68777466 255 64 64
128.41845703 268.16143799 413.66738892 255 64 64
169.28424072 257.00790405 411.95950317 255 64 64
169.28616333 257.00515747 411.94396973 255 64 64
169.28749084 257.01202393 411.94854736 255 64 64
169.29109192 257.00738525 411.92593384 255 64 64
217.11386108 254.36688232 353.63775635 255 64 64
217.12522888 254.35791016 353.62631226 255 64 64
217.12522888 254.37171936 353.62200928 255 64 64
217.14398193 254.35752869 353.60656738 255 64 64
159.92066956 222.65998840 424.63378906 255 64 64
159.92013550 222.66249084 424.61651611 255 64 64
159.91781616 222.65933228 424.62713623 255 64 64
159.92060852 222.66175842 424.60177612 255 64 64
182.60119629 243.16349792 346.85150146 255 64 64
182.60728455 243.15631104 346.84213257 255 64 64
182.60470581 243.15805054 346.83758545 255 64 64
182.61578369 243.14488220 346.82025146 255 64 64
219.02932739 237.83044434 405.75137329 255 64 64
219.03671265 237.82720947 405.73242188 255 64 64
219.02278137 237.83341980 405.75238037 255 64 64
219.03761292 237.83023071 405.72793579 255 64 64
212.99472046 301.80737305 390.73223877 255 64 64
213.00343323 301.80413818 390.71878052 255 64 64
212.99584961 301.81311035 390.71627808 255 64 64
213.00592041 301.80633545 390.70059204 255 64 64
196.53732300 244.23840332 351.00341797 255 64 64
196.54084778 244.22956848 350.99468994 255 64 64
196.53776550 244.23544312 350.99566650 255 64 64
196.54936218 244.22123718 350.98098755 255 64 64
134.13853455 263.79229736 427.19207764 255 64 64
134.13992310 263.79107666 427.18362427 255 64 64
134.12612915 263.79037476 427.18322754 255 64 64
134.13044739 263.79129028 427.16647339 255 64 64
217.52967834 304.02539062 410.27349854 255 64 64
217.53686523 304.02014160 410.26208496 255 64 64
217.52510071 304.02691650 410.26635742 255 64 64
217.53355408 304.02212524 410.25167847 255 64 64
192.60215759 251.01110840 411.47232056 255 64 64
192.59729004 251.01293945 411.45254517 255 64 64
192.59379578 251.01252747 411.46566772 255 64 64
192.59387207 251.01161194 411.43902588 255 64 64
236.49832153 245.36557007 400.71734619 255 64 64
236.48669434 245.36624146 400.70727539 255 64 64
236.48516846 245.36807251 400.70129395 255 64 64
236.48550415 245.36895752 400.68670654 255 64 64
180.16580200 281.87841797 407.00958252 255 64 64
180.16557312 281.87316895 407.00189209 255 64 64
180.15783691 281.88696289 407.00323486 255 64 64
180.15837097 281.88244629 406.98696899 255 64 64
180.95455933 249.83090210 402.44561768 255 64 64
180.95515442 249.83004761 402.42733765 255 64 64
180.95436096 249.83499146 402.42938232 255 64 64
180.96032715 249.83018494 402.40402222 255 64 64
158.75657654 282.10186768 407.81579590 255 64 64
158.76058960 282.09942627 407.80212402 255 64 64
158.75251770 282.09844971 407.80911255 255 64 64
158.75779724 282.09588623 407.78799438 255 64 64
174.27601624 271.41534424 361.27612305 255 64 64
174.28742981 271.41305542 361.25839233 255 64 64
174.28276062 271.41409302 361.26599121 255 64 64
174.29553223 271.40386963 361.24411011 255 64 64
194.01478577 266.16168213 409.15023804 255 64 64
194.00949097 266.16314697 409.14215088 255 64 64
194.00187683 266.17175293 409.13259888 255 64 64
194.00587463 266.17224121 409.11904907 255 64 64
169.81352234 283.76156616 409.12814331 255 64 64
169.81744385 283.75656128 409.11791992 255 64 64
169.80484009 283.76364136 409.12377930 255 64 64
169.80958557 283.75958252 409.10733032 255 64 64
191.03785706 249.90937805 351.65371704 255 64 64
191.04240417 249.90087891 351.64178467 255 64 64
191.03901672 249.90811157 351.64718628 255 64 64
191.05131531 249.89433289 351.62951660 255 64 64
177.03326416 249.57411194 349.50741577 255 64 64
177.03712463 249.56719971 349.49795532 255 64 64
177.02928162 249.56724548 349.50457764 255 64 64
177.03929138 249.55439758 349.48782349 255 64 64
151.84046936 214.28147888 423.42886353 255 64 64
151.83628845 214.28520203 423.41323853 255 64 64
151.83514404 214.28585815 423.41232300 255 64 64
151.83468628 214.28912354 423.38787842 255 64 64
188.51882935 220.98706055 396.10317993 255 64 64
188.51361084 220.98757935 396.08786011 255 64 64
188.51072693 220.98930359 396.10098267 255 64 64
188.51254272 220.98649597 396.07690430 255 64 64
210.33273315 275.03540039 359.69189453 255 64 64
210.34657288 275.03088379 359.67837524 255 64 64
210.34277344 275.04519653 359.66333008 255 64 64
210.36227417 275.03378296 359.64767456 255 64 64
181.07875061 234.85992432 401.18359375 255 64 64
181.07575989 234.85784912 401.16772461 255 64 64
181.07675171 234.86145020 401.17745972 255 64 64
181.07931519 234.85771179 401.15332031 255 64 64
162.14857483 211.89210510 411.18548584 255 64 64
162.14791870 211.89170837 411.17208862 255 64 64
162.13906860 211.89279175 411.17797852 255 64 64
162.14457703 211.89120483 411.15570068 255 64 64
146.16947937 277.70922852 406.48535156 255 64 64
146.17105103 277.71127319 406.47515869 255 64 64
146.16476440 277.70492554 406.47317505 255 64 64
146.16757202 277.70581055 406.45782471 255 64 64
222.79721069 291.59872437 415.04306030 255 64 64
222.79974365 291.58883667 415.03103638 255 64 64
222.78700256 291.60824585 415.03250122 255 64 64
222.79168701 291.60107422 415.01513672 255 64 64
183.15838623 221.97224426 404.53283691 255 64 64
183.15834045 221.96977234 404.51651001 255 64 64
183.15200806 221.97406006 404.52548218 255 64 64
183.15640259 221.96968079 404.50094604 255 64 64
255.60400391 258.10061646 397.85406494 255 64 64
255.61746216 258.09170532 397.83920288 255 64 64
255.59300232 258.10534668 397.84906006 255 64 64
255.60722351 258.09616089 397.82986450 255 64 64
193.40501404 270.62292480 363.96603394 255 64 64
193.41059875 270.61724854 363.95001221 255 64 64
193.41172791 270.61804199 363.95086670 255 64 64
193.42025757 270.60430908 363.93206787 255 64 64
191.43801880 300.03643799 407.13003540 255 64 64
191.44389343 300.03460693 407.11706543 255 64 64
191.43843079 300.03527832 407.12536621 255 64 64
191.44552612 300.03189087 407.10864258 255 64 64
174.75883484 225.21702576 406.28518677 255 64 64
174.75765991 225.21560669 406.27041626 255 64 64
174.74938965 225.21766663 406.27880859 255 64 64
174.75245667 225.21556091 406.25711060 255 64 64
179.75939941 241.46752930 405.33462524 255 64 64
179.75816345 241.46548462 405.31951904 255 64 64
179.75662231 241.46842957 405.32540894 255 64 64
179.75997925 241.46401978 405.30307007 255 64 64
153.21113586 266.95135498 419.62738037 255 64 64
153.21189880 266.94409180 419.62170410 255 64 64
153.20327759 266.95681763 419.62191772 255 64 64
153.20562744 266.95294189 419.60693359 255 64 64
170.75323486 229.38447571 419.48611450 255 64 64
170.75677490 229.38192749 419.47222900 255 64 64
170.74592590 229.38273621 419.47665405 255 64 64
170.75051880 229.38020325 419.45397949 255 64 64
219.92849731 298.72238159 376.67684937 255 64 64
219.93893433 298.72320557 376.65725708 255 64 64
219.94001770 298.72836304 376.65518188 255 64 64
219.95346069 298.72314453 376.63485718 255 64 64
181.00941467 262.83972168 355.36224365 255 64 64
181.01852417 262.83505249 355.34582520 255 64 64
181.01672363 262.83938599 355.36022949 255 64 64
181.03048706 262.82824707 355.34121704 255 64 64
188.13046265 256.51690674 406.85137939 255 64 64
188.12483215 256.51739502 406.84182739 255 64 64
188.11581421 256.52865601 406.83953857 255 64 64
188.11965942 256.52893066 406.82601929 255 64 64
224.45881653 266.10421753 408.79187012 255 64 64
224.45361328 266.10403442 408.78076172 255 64 64
224.44769287 266.11080933 408.77413940 255 64 64
224.45149231 266.11160278 408.76116943 255 64 64
155.77287292 241.41976929 424.02734375 255 64 64
155.77165222 241.41842651 424.01095581 255 64 64
155.76831055 241.41438293 424.01974487 255 64 64
155.76947021 241.41357422 423.99588013 255 64 64
205.16894531 247.93698120 351.18692017 255 64 64
205.17654419 247.92811584 351.17489624 255 64 64
205.17457581 247.93463135 351.17645264 255 64 64
205.18846130 247.92022705 351.15945435 255 64 64
176.63589478 216.98587036 394.37371826 255 64 64
176.63520813 216.98324585 394.35766602 255 64 64
176.62661743 216.98707581 394.37155151 255 64 64
176.63249207 216.98150635 394.34585571 255 64 64
196.74652100 300.78485107 394.81030273 255 64 64
196.75921631 300.78131104 394.79800415 255 64 64
196.74841309 300.78857422 394.79608154 255 64 64
196.76129150 300.78012085 394.78009033 255 64 64
283.60278320 277.44940186 395.50173950 64 255 128
93.82869720 102.79002380 385.04928589 64 255 128
117.71435547 260.61694336 420.51422119 64 255 128
194.59121704 176.76203918 347.87408447 64 255 128
83.63899994 172.78100586 465.68997192 64 255 128
96.51899719 198.27200317 347.37301636 64 255 128
197.67301941 272.22518921 362.07351685 64 255 128
162.50079346 100.52124023 327.66018677 64 255 128
264.11614990 211.51496887 355.22134399 64 255 128
156.93148804 182.92974854 419.28057861 64 255 128
135.74501038 254.02799988 356.88098145 64 255 128
224.54490662 298.58932495 417.19018555 64 255 128
215.00302124 221.25163269 401.72027588 64 255 128
113.20252991 138.50663757 332.83779907 64 255 128
82.43499756 203.68400574 410.56900024 64 255 128
150.89459229 133.18927002 382.71063232 64 255 128
146.43267822 183.72131348 321.49432373 64 255 128
71.88899994 148.87599182 413.80700684 64 255 128
169.81379700 283.76339722 409.11434937 64 255 128
181.87745667 229.62351990 340.46105957 64 255 128
248.80525208 262.33126831 357.66683960 64 255 128
162.39605713 234.12028503 424.63833618 64 255 128
117.98344421 154.60322571 424.60626221 64 255 128
83.81199646 155.84799194 368.09201050 64 255 128
115.48300171 207.18299866 446.06301880 64 255 128
118.77155304 88.41992950 342.17388916 64 255 128
99.31989288 238.82579041 383.46649170 64 255 128
243.88383484 257.14422607 403.34826660 64 255 128
295.65734863 241.04687500 368.47702026 64 255 128
218.48403931 213.29792786 356.02713013 64 255 128
185.81457520 133.06904602 347.67977905 64 255 128
153.92886353 141.31506348 318.99035645 64 255 128
230.42579651 297.02465820 375.27636719 64 255 128
180.67607117 164.84927368 386.02160645 64 255 128
203.20614624 260.15615845 412.54244995 64 255 128
136.51399231 219.71200562 338.34799194 64 255 128
140.60232544 272.39132690 386.74609375 64 255 128
87.19286346 137.86790466 444.89480591 64 255 128
176.29991150 207.90930176 397.58151245 64 255 128
117.13498688 125.64160156 398.96792603 64 255 128
248.57466125 223.84103394 385.81054688 64 255 128
210.43855286 189.44194031 384.56091309 64 255 128
146.54678345 103.19554138 360.33966064 64 255 128
97.42499542 231.79901123 426.68499756 64 255 128
92.78400421 119.88499451 357.31301880 64 255 128
196.79385376 298.63153076 388.90975952 64 255 128
166.42904663 267.97756958 363.06756592 64 255 128
255.51277161 295.44204712 401.39065552 64 255 128
83.68600464 188.38200378 380.62399292 64 255 128
219.39323425 246.94857788 351.34027100 64 255 128
75.94099426 181.07099915 434.33200073 64 255 128
108.29800415 230.56698608 352.15301514 64 255 128
175.11322021 198.04220581 332.23950195 64 255 128
132.38044739 114.35889435 320.40612793 64 255 128
86.41157532 118.40319061 413.38940430 64 255 128
117.06200409 172.99699402 331.26101685 64 255 128
148.29003906 153.55685425 409.17791748 64 255 128
189.00663757 238.42633057 394.02236938 64 255 128
140.91038513 210.16706848 417.87637329 64 255 128
125.56732941 238.04991150 437.89004517 64 255 128
271.71453857 250.42921448 385.13348389 64 255 128
172.49420166 167.99456787 327.27578735 64 255 128
82.60600281 134.43099976 389.92102051 64 255 128
149.65386963 260.11196899 419.63580322 64 255 128
130.94000244 177.31956482 436.35113525 64 255 128
263.19418335 282.30807495 374.82296753 64 255 128
120.67276001 92.24946594 372.34677124 64 255 128
91.99400330 215.08799744 370.50198364 64 255 128
172.21774292 282.28500366 379.77603149 64 255 128
267.58300781 240.12718201 355.86383057 64 255 128
290.64291382 219.40907288 351.62103271 64 255 128
77.05699921 176.86300659 405.50100708 64 255 128
156.34800720 237.22900391 346.86401367 64 255 128
198.99118042 287.94314575 414.60842896 64 255 128
192.18478394 204.88262939 351.50296021 64 255 128
241.77838135 227.68966675 354.25329590 64 255 128
97.76599884 158.71200562 343.85101318 64 255 128
120.38854980 257.90402222 379.34808350 64 255 128
104.10427094 183.85142517 444.67254639 64 255 128
224.13343811 276.60070801 359.64480591 64 255 128
90.39299774 206.19400024 438.38400269 64 255 128
175.43695068 257.01000977 408.06781006 64 255 128
191.05589294 249.91184998 351.63253784 64 255 128
188.51034546 189.19537354 371.98260498 64 255 128
172.59609985 141.85806274 371.61550903 64 255 128
225.16401672 273.89337158 408.95556641 64 255 128
109.63872528 111.14247894 335.54547119 64 255 128
174.47200012 123.71204376 326.13641357 64 255 128
117.31700134 202.98500061 333.43197632 64 255 128
166.92742920 117.53514862 353.87628174 64 255 128
70.51399994 156.98100281 440.26199341 64 255 128
191.79882812 156.53103638 363.70809937 64 255 128
131.66180420 155.42774963 318.77453613 64 255 128
145.36972046 195.41261292 396.74325562 64 255 128
144.83106995 86.11259460 338.60403442 64 255 128
222.92376709 245.37428284 407.08898926 64 255 128
99.58734894 136.43962097 422.70266724 64 255 128
195.93647766 194.78747559 403.61978149 64 255 128
98.38170624 158.14385986 447.81433105 64 255 128
102.14154816 246.57612610 406.98895264 64 255 128
90.57299805 224.75700378 403.05999756 64 255 128
76.84799957 157.47700500 390.91900635 64 255 128
134.52723694 114.31421661 379.65872192 64 255 128
87.17800140 175.96598816 356.15899658 64 255 128
236.49559021 209.56880188 370.21466064 64 255 128
210.92893982 213.70977783 379.95870972 64 255 128
260.81985474 272.65136719 401.26049805 64 255 128
202.06219482 225.84484863 346.85403442 64 255 128
104.46594238 101.87726593 357.94342041 64 255 128
158.06750488 214.03355408 334.38650513 64 255 128
282.55282593 267.77194214 374.75213623 64 255 128
133.73057556 140.16896057 400.29238892 64 255 128
174.47972107 184.29650879 399.44241333 64 255 128
269.07055664 229.82853699 375.78335571 64 255 128
146.16934204 277.71191406 406.46771240 64 255 128
167.44538879 163.68460083 404.52893066 64 255 128
219.37377930 303.01165771 396.16970825 64 255 128
209.68608093 291.00054932 370.94888306 64 255 128
207.40409851 194.69667053 360.63949585 64 255 128
179.97776794 144.91267395 330.76345825 64 255 128
244.18418884 283.59878540 364.40600586 64 255 128
140.25531006 195.77526855 432.07870483 64 255 128
146.28599548 266.92199707 369.93200684 64 255 128
201.26715088 238.67774963 411.18585205 64 255 128
91.54499817 140.82199097 354.84899902 64 255 128
163.64759827 215.03880310 416.25985718 64 255 128
128.25000000 236.91200256 347.97097778 64 255 128
113.17828369 107.24710846 390.10754395 64 255 128
153.99865723 162.45048523 319.18933105 64 255 128
162.38746643 147.33734131 391.44931030 64 255 128
193.78997803 220.08316040 401.14245605 64 255 128
81.27315521 151.69702148 459.40710449 64 255 128
76.94268036 134.04238892 425.76660156 64 255 128
229.47943115 214.59875488 388.75994873 64 255 128
152.88349915 118.16606140 320.60211182 64 255 128
118.43915558 262.48965454 399.85427856 64 255 128
241.89282227 286.20907593 412.95455933 64 255 128
131.22149658 135.32875061 319.72024536 64 255 128
114.28900146 246.65699768 364.84399414 64 255 128
170.17518616 248.66908264 349.88125610 64 255 128
143.78323364 168.32963562 422.42846680 64 255 128
234.89367676 232.33763123 398.10317993 64 255 128
139.09899902 200.94299316 331.70599365 64 255 128
177.78840637 231.30552673 411.50573730 64 255 128
89.95999908 122.65200043 376.39099121 64 255 128
146.25469971 224.66557312 429.89514160 64 255 128
124.33728027 219.64137268 429.90472412 64 255 128
184.52368164 297.13803101 405.56948853 64 255 128
253.57603455 241.30484009 392.27868652 64 255 128
188.62905884 273.74551392 407.24407959 64 255 128
69.63800049 165.55599976 422.84301758 64 255 128
85.51800537 204.98600769 389.86300659 64 255 128
132.76708984 88.07732391 355.18411255 64 255 128
130.66864014 94.78709412 327.93487549 64 255 128
248.36126709 295.42578125 381.94503784 64 255 128
99.30699921 179.80000305 341.98599243 64 255 128
131.34793091 254.20617676 431.65600586 64 255 128
108.52700043 245.93600464 432.76797485 64 255 128
270.66503906 257.59365845 362.52359009 64 255 128
190.31556702 158.93125916 343.43780518 64 255 128
83.68299866 184.90499878 451.02398682 64 255 128
237.07379150 300.66354370 401.61923218 64 255 128
87.10099792 194.99499512 363.02099609 64 255 128
237.33317566 247.91175842 356.46704102 64 255 128
154.69900513 257.40100098 355.82101440 64 255 128
109.12448883 228.90364075 439.93673706 64 255 128
98.05845642 106.06278992 403.58456421 64 255 128
116.31889343 166.80783081 437.94381714 64 255 128
210.07295227 203.66424561 395.77410889 64 255 128
81.93399811 137.50199890 369.91000366 64 255 128
271.64807129 286.57565308 405.43344116 64 255 128
192.03155518 286.81555176 374.41455078 64 255 128
102.55899811 128.98300171 345.22500610 64 255 128
157.46511841 99.11585236 346.06503296 64 255 128
74.95700073 131.40200806 407.27099609 64 255 128
98.69200134 215.56698608 352.50799561 64 255 128
206.70935059 303.50692749 410.33654785 64 255 128
246.38542175 209.91441345 354.25405884 64 255 128
100.95199585 231.59300232 368.23800659 64 255 128
153.09135437 119.88232422 369.74841309 64 255 128
83.59999847 117.87699890 395.71600342 64 255 128
223.95225525 229.61853027 351.57595825 64 255 128
183.08555603 180.91683960 335.37344360 64 255 128
117.09199524 219.07200623 340.34799194 64 255 128
277.75961304 221.48283386 363.14141846 64 255 128
88.66000366 217.91900635 419.04602051 64 255 128
253.23268127 213.81362915 372.03695679 64 255 128
179.31765747 275.36227417 364.47409058 64 255 128
145.08453369 241.32006836 425.83377075 64 255 128
161.77728271 195.02624512 407.78326416 64 255 128
116.62861633 142.88455200 412.35699463 64 255 128
82.64199829 172.09201050 375.02301025 64 255 128
165.35870361 185.22172546 325.91574097 64 255 128
156.59790039 276.31094360 379.12945557 64 255 128
209.72822571 260.87033081 355.47839355 64 255 128
73.25399780 170.15499878 450.83300781 64 255 128
289.72210693 252.31958008 379.74346924 64 255 128
177.00144958 180.92753601 382.33843994 64 255 128
80.30300140 195.30900574 426.11599731 64 255 128
183.53367615 212.33181763 337.76351929 64 255 128
284.18637085 235.24703979 355.86334229 64 255 128
134.17265320 270.48870850 417.45172119 64 255 128
181.57807922 291.13784790 388.20733643 64 255 128
170.50636292 111.00508118 338.35864258 64 255 128
193.90213013 173.92132568 365.11886597 64 255 128
102.63529968 149.79490662 432.38702393 64 255 128
109.16557312 252.98577881 389.72906494 64 255 128
192.75700378 191.27178955 387.27786255 64 255 128
130.92750549 183.48744202 327.86633301 64 255 128
116.71831512 155.47618103 330.11032104 64 255 128
179.79745483 222.87857056 392.37503052 64 255 128
102.63113403 125.56143188 410.14266968 64 255 128
167.37605286 225.25802612 340.62271118 64 255 128
90.09200287 221.05999756 387.22802734 64 255 128
145.92965698 99.63992310 323.13156128 64 255 128
126.83377838 191.91964722 441.13723755 64 255 128
270.56549072 286.42211914 389.24856567 64 255 128
136.04022217 128.31037903 388.30273438 64 255 128
132.05352783 152.29165649 414.49215698 64 255 128
166.03475952 268.62149048 414.07955933 64 255 128
119.58356476 123.81936646 324.07983398 64 255 128
163.74458313 284.30740356 393.71524048 64 255 128
153.68849182 199.44104004 327.17706299 64 255 128
260.78839111 270.55624390 363.76074219 64 255 128
107.56610870 93.72744751 382.58935547 64 255 128
174.59234619 131.51684570 358.80804443 64 255 128
260.33926392 258.54489136 394.50460815 64 255 128
204.08082581 241.36941528 351.14178467 64 255 128
276.02716064 264.40817261 391.45339966 64 255 128
188.18275452 246.42121887 407.88632202 64 255 128
280.36291504 240.42019653 375.73059082 64 255 128
80.55700684 176.49600220 390.08001709 64 255 128
215.23443604 286.77148438 413.72204590 64 255 128
168.03286743 150.90428162 322.95733643 64 255 128
111.71399689 187.17401123 334.26202393 64 255 128
229.77757263 262.46347046 356.49871826 64 255 128
181.03109741 262.84014893 355.33593750 64 255 128
251.39924622 241.35063171 355.93591309 64 255 128
147.95434570 144.55484009 396.27804565 64 255 128
113.91287994 88.26206207 357.38601685 64 255 128
206.02871704 182.80451965 370.00204468 64 255 128
192.34716797 192.81634521 342.44384766 64 255 128
158.19071960 247.66629028 418.67910767 64 255 128
138.33767700 170.75784302 318.87768555 64 255 128
81.12999725 193.05799866 397.91000366 64 255 128
146.25032043 195.21781921 417.90460205 64 255 128
241.13867188 271.71310425 406.31759644 64 255 128
76.54800415 145.41099548 399.97500610 64 255 128
256.55047607 224.55992126 355.20083618 64 255 128
203.11103821 211.87234497 356.57937622 64 255 128
284.61459351 250.08937073 363.66421509 64 255 128
211.46443176 299.69409180 383.97924805 64 255 128
131.41299438 260.09600830 370.13000488 64 255 128
96.77573395 172.04505920 451.19888306 64 255 128
214.37144470 200.53277588 373.88330078 64 255 128
97.71800232 219.61599731 436.63000488 64 255 128
132.14697266 270.13006592 398.81976318 64 255 128
190.40188599 146.68844604 351.97546387 64 255 128
190.13870239 260.07910156 401.17694092 64 255 128
163.52078247 130.82415771 369.13684082 64 255 128
180.35926819 153.91735840 375.64785767 64 255 128
129.94155884 207.23081970 434.10534668 64 255 128
211.40582275 272.46572876 413.40661621 64 255 128
142.68901062 242.20899963 348.01400757 64 255 128
102.66400146 200.41300964 446.98300171 64 255 128
99.84500122 143.33100891 343.25799561 64 255 128
74.97299957 180.42999268 419.30700684 64 255 128
227.72264099 259.04241943 406.04870605 64 255 128
77.47699738 147.38400269 379.31799316 64 255 128
169.40660095 179.08361816 412.48333740 64 255 128
297.08816528 228.30531311 360.72402954 64 255 128
153.47027588 207.43176270 408.82971191 64 255 128
142.84991455 181.93278503 429.17477417 64 255 128
72.37199402 163.62098694 407.58898926 64 255 128
179.98915100 122.61001587 339.55871582 64 255 128
133.89631653 103.21671295 369.98541260 64 255 128
106.17700195 207.12800598 341.11700439 64 255 128
158.20826721 167.59020996 415.27120972 64 255 128
70.48500061 149.85400391 427.71597290 64 255 128
128.92160034 164.41777039 430.51959229 64 255 128
191.59022522 186.38818359 357.79849243 64 255 128
75.40132141 143.57289124 440.75140381 64 255 128
97.11672974 111.21932220 370.59774780 64 255 128
100.92049408 98.83807373 371.83923340 64 255 128
165.79502869 135.07144165 322.33572388 64 255 128
88.80469513 126.27492523 427.20919800 64 255 128
110.52487183 99.64765930 342.27343750 64 255 128
87.83199310 202.54499817 374.47500610 64 255 128
128.62614441 266.19381714 385.33459473 64 255 128
172.04353333 242.76341248 415.97988892 64 255 128
151.03300476 226.07800293 341.00198364 64 255 128
232.48007202 217.67602539 355.45455933 64 255 128
119.97483063 104.19229889 328.41851807 64 255 128
143.93351746 130.40129089 316.86761475 64 255 128
84.15900421 191.35299683 438.47299194 64 255 128
230.92907715 301.44750977 389.14877319 64 255 128
254.71768188 284.42584229 409.58746338 64 255 128
225.26325989 288.72482300 365.20758057 64 255 128
131.02499390 83.50888824 338.29675293 64 255 128
162.77345276 199.40809631 396.51147461 64 255 128
258.50210571 252.94378662 358.94061279 64 255 128
183.26306152 171.49937439 373.26864624 64 255 128
133.22383118 231.05436707 425.73779297 64 255 128
108.04499817 162.80799866 336.01901245 64 255 128
90.49787903 162.32713318 459.22857666 64 255 128
146.60142517 92.93480682 350.95785522 64 255 128
236.50068665 245.37939453 400.68853760 64 255 128
89.22400665 162.96400452 354.39801025 64 255 128
194.47564697 260.79473877 357.40258789 64 255 128
170.65660095 219.72166443 405.76574707 64 255 128
170.50868225 212.19573975 333.86471558 64 255 128
189.54429626 206.08726501 405.11352539 64 255 128
93.94498444 232.85478210 412.82757568 64 255 128
157.84812927 175.16348267 321.15179443 64 255 128
193.63163757 236.34182739 347.68911743 64 255 128
211.78872681 281.17330933 362.53314209 64 255 128
154.24128723 275.15353394 416.32775879 64 255 128
182.61898804 243.16297913 346.83068848 64 255 128
123.15939331 104.13458252 380.06927490 64 255 128
102.18312836 109.65448761 347.74050903 64 255 128
128.23599243 210.16600037 333.42901611 64 255 128
222.64857483 232.21746826 402.28314209 64 255 128
95.51499939 235.95399475 398.63397217 64 255 128
172.56727600 156.61715698 391.74728394 64 255 128
195.10891724 197.98222351 362.72360229 64 255 128
288.36865234 264.26574707 387.31405640 64 255 128
122.26367950 115.97306824 388.20443726 64 255 128
192.33039856 220.69384766 342.44058228 64 255 128
236.47216797 272.48797607 361.39492798 64 255 128
107.93606567 250.83053589 419.85998535 64 255 128
107.14070892 115.60377502 401.89495850 64 255 128
70.68399811 169.59899902 436.89700317 64 255 128
277.58087158 278.18804932 382.32336426 64 255 128
151.83952332 214.28694153 423.40487671 64 255 128
214.64378357 254.86523438 410.65103149 64 255 128
140.71180725 144.25975037 317.69384766 64 255 128
261.11190796 235.92190552 383.55548096 64 255 128
78.68099976 191.49301147 410.85601807 64 255 128
117.87928772 183.61930847 443.24929810 64 255 128
196.30024719 301.73028564 401.31472778 64 255 128
91.41371155 147.74632263 451.57272339 64 255 128
182.90040588 194.67753601 405.15258789 64 255 128
211.17544556 211.22540283 367.39251709 64 255 128
223.03431702 210.18716431 378.33615112 64 255 128
107.75592041 245.44021606 376.81967163 64 255 128
195.13568115 165.74104309 354.05285645 64 255 128
174.61470032 171.64071655 397.99633789 64 255 128
182.71186829 143.11027527 361.45770264 64 255 128
202.57649231 226.18667603 408.15960693 64 255 128
125.03400421 247.34899902 356.52398682 64 255 128
181.37944031 157.25096130 333.40942383 64 255 128
266.78738403 219.00062561 368.39318848 64 255 128
121.40402222 144.44898987 323.22137451 64 255 128
148.22450256 277.42361450 394.37063599 64 255 128
286.17745972 231.79721069 369.07595825 64 255 128
84.51699829 207.24398804 423.84100342 64 255 128
168.13694763 113.04884338 323.82958984 64 255 128
229.36552429 285.17675781 412.02297974 64 255 128
240.23480225 214.34053040 382.67990112 64 255 128
147.20599365 210.09199524 336.15499878 64 255 128
91.82900238 206.30699158 361.76602173 64 255 128
95.13574982 140.35092163 435.42706299 64 255 128
181.32351685 132.84240723 332.13302612 64 255 128
125.07873535 167.39712524 322.63308716 64 255 128
144.07336426 110.40816498 370.61511230 64 255 128
164.55740356 276.39962769 370.34271240 64 255 128
258.98538208 291.49084473 386.54757690 64 255 128
270.78097534 226.50338745 354.45074463 64 255 128
252.23678589 287.64468384 372.65817261 64 255 128
94.78299713 226.92900085 377.68200684 64 255 128
188.65586853 145.55097961 339.39892578 64 255 128
224.17799377 209.23216248 366.13000488 64 255 128
212.65881348 235.35435486 408.96508789 64 255 128
91.10800171 188.26499939 351.45800781 64 255 128
118.42600250 255.32200623 433.18200684 64 255 128
183.66325378 279.63806152 373.24185181 64 255 128
110.21154022 127.16545105 333.60665894 64 255 128
153.18563843 93.27179718 330.73477173 64 255 128
271.39517212 268.85165405 369.23297119 64 255 128
114.23600006 217.06298828 439.37600708 64 255 128
123.59849548 266.10589600 410.05163574 64 255 128
277.97940063 214.41769409 353.57348633 64 255 128
110.48560333 256.26828003 406.18258667 64 255 128
158.64001465 109.44307709 356.59820557 64 255 128
212.00987244 218.78486633 347.84634399 64 255 128
86.64599609 128.41000366 362.86099243 64 255 128
76.77999878 164.29699707 460.52301025 64 255 128
198.77456665 272.94586182 412.96475220 64 255 128
108.14599609 150.99200439 336.73999023 64 255 128
87.32300568 213.54000854 397.81600952 64 255 128
164.48884583 203.40675354 329.40835571 64 255 128
163.20249939 257.04510498 412.74157715 64 255 128
128.31999207 194.94099426 331.04898071 64 255 128
164.23648071 141.35404968 380.56237793 64 255 128
177.02757263 288.52978516 399.78976440 64 255 128
159.92337036 222.66261292 424.61285400 64 255 128
105.63035583 159.52655029 436.96279907 64 255 128
97.75699615 221.70899963 362.76400757 64 255 128
142.69754028 200.02178955 407.95626831 64 255 128
172.66261292 237.11741638 343.26583862 64 255 128
202.37944031 210.95738220 400.28335571 64 255 128
232.87823486 236.86282349 352.62283325 64 255 128
117.23099518 237.98599243 352.31597900 64 255 128
111.35098267 133.87808228 408.66336060 64 255 128
159.82611084 155.35012817 404.90280151 64 255 128
244.07684326 297.41595459 410.74108887 64 255 128
136.57759094 268.12341309 377.47369385 64 255 128
205.35133362 189.11068726 394.94937134 64 255 128
80.11800385 161.00799561 377.71697998 64 255 128
107.44508362 144.48931885 421.56335449 64 255 128
84.61199951 183.81700134 370.11798096 64 255 128
218.12327576 213.43505859 390.33740234 64 255 128
89.98699951 114.02300262 384.92398071 64 255 128
141.40899658 231.44400024 343.95001221 64 255 128
188.44293213 284.91482544 410.43872070 64 255 128
200.04013062 294.06182861 378.86413574 64 255 128
77.17700195 168.26300049 397.17199707 64 255 128
227.82250977 223.55232239 396.64245605 64 255 128
172.62899780 258.24099731 361.24798584 64 255 128
145.04180908 123.94739532 380.25000000 64 255 128
100.89833832 99.60925293 392.76858521 64 255 128
177.02761841 271.01101685 409.43283081 64 255 128
103.10299683 211.13999939 443.45797729 64 255 128
103.69400024 193.06300354 339.56500244 64 255 128
143.71484375 111.12957764 320.87545776 64 255 128
83.90560150 131.50985718 436.27774048 64 255 128
183.13951111 191.04260254 394.21029663 64 255 128
90.41559601 107.14218903 395.94613647 64 255 128
170.29382324 190.20745850 413.28381348 64 255 128
259.62255859 224.36068726 377.91293335 64 255 128
149.43011475 151.86909485 317.50198364 64 255 128
184.12919617 167.63761902 337.15921021 64 255 128
210.77893066 232.17324829 350.32620239 64 255 128
191.57902527 231.89651489 407.06240845 64 255 128
91.86699677 195.58399963 445.36798096 64 255 128
214.73011780 200.35285950 386.18518066 64 255 128
110.30797577 89.61564636 368.61157227 64 255 128
238.68339539 222.13795471 390.63085938 64 255 128
114.96345520 194.15213013 443.37567139 64 255 128
124.17072296 134.83666992 400.77008057 64 255 128
151.55166626 191.76695251 404.26300049 64 255 128
226.78923035 303.04986572 405.01828003 64 255 128
234.73390198 294.67413330 415.91094971 64 255 128
166.73994446 209.05073547 406.40301514 64 255 128
192.27549744 258.35174561 411.72702026 64 255 128
74.78099823 151.01901245 451.42401123 64 255 128
90.85700226 151.38598633 351.77697754 64 255 128
190.68463135 227.30575562 393.49835205 64 255 128
142.39532471 251.56089783 423.40045166 64 255 128
151.83099365 247.62899780 350.89599609 64 255 128
242.31178284 292.45184326 371.78158569 64 255 128
212.83982849 272.04260254 356.60052490 64 255 128
251.26707458 251.59948730 397.49066162 64 255 128
134.13551331 263.79452515 427.17462158 64 255 128
137.63008118 201.64578247 423.46780396 64 255 128
79.61282349 120.85724640 405.91058350 64 255 128
89.05258179 180.31097412 459.78717041 64 255 128
127.16799927 224.71800232 340.80200195 64 255 128
76.60675049 128.04318237 417.47351074 64 255 128
158.75933838 282.09982300 407.79766846 64 255 128
139.11608887 218.97595215 424.13858032 64 255 128
271.26614380 273.56961060 398.67913818 64 255 128
163.38713074 124.42849731 321.88964844 64 255 128
113.04699707 238.62100220 439.69400024 64 255 128
100.76423645 244.70466614 394.53778076 64 255 128
76.18399811 178.99099731 445.39801025 64 255 128
184.10618591 180.46983337 366.84249878 64 255 128
209.69874573 295.33004761 417.48410034 64 255 128
202.50636292 253.50848389 354.27679443 64 255 128
118.55485535 261.09725952 389.46438599 64 255 128
256.25399780 209.02603149 362.01525879 64 255 128
106.95317078 172.78320312 442.49365234 64 255 128
95.11100006 168.78601074 346.29199219 64 255 128
253.35464478 263.96795654 400.45794678 64 255 128
217.53854370 304.02340698 410.25299072 64 255 128
204.71009827 181.18243408 380.98980713 64 255 128
102.00910187 242.42068481 423.00280762 64 255 128
201.95475769 283.49328613 366.83529663 64 255 128
102.88800049 235.71200562 435.03100586 64 255 128
171.47900391 194.70330811 400.28826904 64 255 128
172.86167908 150.02287292 382.90469360 64 255 128
188.47076416 202.51631165 337.19082642 64 255 128
183.40220642 192.63986206 336.09637451 64 255 128
170.75486755 229.38449097 419.46771240 64 255 128
245.26080322 231.37567139 392.59075928 64 255 128
249.88964844 296.99682617 392.45422363 64 255 128
219.95431519 298.72753906 376.64257812 64 255 128
181.59512329 244.92712402 400.38964844 64 255 128
130.21478271 210.32843018 424.06924438 64 255 128
143.58599854 260.41601562 359.69497681 64 255 128
136.09918213 95.60131836 361.79492188 64 255 128
155.93400574 265.58200073 362.25399780 64 255 128
282.84747314 259.12551880 368.82318115 64 255 128
132.16377258 244.21296692 431.34725952 64 255 128
274.58883667 248.27833557 359.51889038 64 255 128
100.83606720 119.03491211 345.57611084 64 255 128
196.73042297 299.58743286 411.70135498 64 255 128
138.08033752 148.09451294 406.01348877 64 255 128
249.48297119 271.89355469 361.83966064 64 255 128
264.40069580 292.04464722 397.18389893 64 255 128
157.33036804 279.97903442 387.49270630 64 255 128
164.19389343 162.10369873 321.97088623 64 255 128
262.46414185 245.07579041 388.47122192 64 255 128
181.16761780 228.03833008 402.09344482 64 255 128
90.11600494 216.60099792 429.28500366 64 255 128
105.41100311 172.87400818 336.65798950 64 255 128
142.27738953 158.28070068 417.07641602 64 255 128
116.40200043 228.33900452 346.02099609 64 255 128
245.37887573 208.10659790 364.49142456 64 255 128
92.77700043 130.27699280 354.71600342 64 255 128
83.66899872 133.89900208 379.46600342 64 255 128
165.36302185 109.38722229 347.31524658 64 255 128
187.01277161 162.10554504 374.80157471 64 255 128
122.82199860 254.37301636 369.58700562 64 255 128
152.14768982 272.46899414 373.04244995 64 255 128
108.52400208 237.23699951 360.03802490 64 255 128
154.35783386 129.29122925 318.13607788 64 255 128
238.06980896 299.05059814 381.93176270 64 255 128
156.67570496 108.84126282 322.25286865 64 255 128
120.91377258 228.99913025 433.65698242 64 255 128
107.34500122 216.75900269 344.46298218 64 255 128
136.05842590 102.92572021 322.18978882 64 255 128
87.87999725 210.26499939 381.43099976 64 255 128
131.54475403 125.21204376 320.83007812 64 255 128
86.20099640 124.38999939 388.28997803 64 255 128
145.49713135 268.99209595 420.77572632 64 255 128
177.20581055 220.87854004 337.26058960 64 255 128
96.20028687 148.23133850 441.52462769 64 255 128
161.86801147 245.11499023 351.16000366 64 255 128
187.72044373 268.35168457 361.02917480 64 255 128
184.67156982 216.02642822 398.12704468 64 255 128
176.29806519 125.36899567 350.41625977 64 255 128
263.42974854 292.00854492 407.66976929 64 255 128
78.69899750 177.22799683 458.00598145 64 255 128
203.95530701 248.58872986 412.44329834 64 255 128
125.25514984 89.48063660 362.64367676 64 255 128
137.98219299 87.96559143 331.26882935 64 255 128
127.72100830 145.55136108 409.07891846 64 255 128
121.23400116 186.40299988 330.98001099 64 255 128
152.52754211 173.39801025 421.80639648 64 255 128
279.94128418 256.18252563 385.45892334 64 255 128
137.29190063 87.87409973 345.89242554 64 255 128
83.47900391 202.45599365 400.51699829 64 255 128
182.02575684 284.48925781 381.28710938 64 255 128
220.09648132 261.26672363 354.05426025 64 255 128
188.46864319 298.22961426 395.03338623 64 255 128
227.34541321 252.98371887 354.65121460 64 255 128
140.29522705 190.16616821 326.51193237 64 255 128
211.65519714 190.00872803 374.64639282 64 255 128
209.47827148 302.59851074 397.74969482 64 255 128
80.39399719 129.44400024 398.26000977 64 255 128
155.58108521 140.59651184 387.28512573 64 255 128
190.32557678 292.96603394 382.65679932 64 255 128
83.00899506 171.58299255 365.08700562 64 255 128
82.26242065 143.97578430 452.41622925 64 255 128
201.19929504 185.48504639 361.65145874 64 255 128
95.71357727 113.50617218 411.89074707 64 255 128
94.45713043 230.87306213 386.77050781 64 255 128
281.70193481 225.93505859 353.36734009 64 255 128
141.75952148 135.78125000 390.34082031 64 255 128
142.63180542 161.73468018 316.92938232 64 255 128
79.83300018 167.75601196 384.94500732 64 255 128
121.69807434 84.57034302 351.49139404 64 255 128
72.94400024 172.46400452 413.31402588 64 255 128
119.97116089 95.97663116 333.68969727 64 255 128
83.44600677 195.37701416 387.57101440 64 255 128
110.01052856 94.92698669 351.61770630 64 255 128
67.92200470 159.88899231 430.70797729 64 255 128
160.97552490 118.74478912 362.00091553 64 255 128
250.60543823 273.61425781 405.44799805 64 255 128
173.96849060 188.53904724 329.55221558 64 255 128
270.34948730 238.40034485 380.44369507 64 255 128
95.16215515 127.34243011 419.46368408 64 255 128
232.37605286 281.56079102 361.61834717 64 255 128
197.87049866 215.35321045 349.61062622 64 255 128
180.16532898 281.88354492 406.99490356 64 255 128
115.96681213 115.35729218 328.72961426 64 255 128
147.12083435 189.61262512 425.30386353 64 255 128
150.26991272 233.31636047 427.80175781 64 255 128
155.20214844 187.79139709 322.91882324 64 255 128
92.32600403 119.59700012 367.01300049 64 255 128
236.61573792 262.07235718 407.56588745 64 255 128
143.58071899 120.89447021 319.07345581 64 255 128
217.25849915 265.51431274 409.85003662 64 255 128
122.32202911 133.43551636 324.26074219 64 255 128
72.30299377 141.86100769 422.63601685 64 255 128
214.00492859 245.10034180 411.20391846 64 255 128
77.73600006 145.03100586 390.44601440 64 255 128
133.89758301 160.90960693 422.56579590 64 255 128
286.84848022 223.76826477 361.19622803 64 255 128
134.59637451 272.02258301 407.70556641 64 255 128
73.17099762 139.39799500 412.20199585 64 255 128
158.96554565 150.95834351 319.12554932 64 255 128
197.01443481 188.52789307 375.52227783 64 255 128
256.40628052 278.21994019 367.51895142 64 255 128
174.43515015 136.66029358 326.73443604 64 255 128
253.16763306 232.77020264 387.53582764 64 255 128
163.89747620 104.03777313 338.69760132 64 255 128
70.86399841 158.72200012 416.31500244 64 255 128
253.19143677 295.03207397 411.10345459 64 255 128
244.39654541 242.45289612 396.47286987 64 255 128
73.54900360 156.19898987 401.79699707 64 255 128
119.30273438 160.27653503 431.70126343 64 255 128
197.40895081 188.76077271 350.84298706 64 255 128
95.22399902 206.42199707 352.92599487 64 255 128
86.88499451 149.39199829 361.88400269 64 255 128
179.91482544 254.14517212 351.46398926 64 255 128
184.21888733 267.63555908 401.23226929 64 255 128
154.64982605 281.65542603 399.53054810 64 255 128
127.35758972 123.21852875 390.72994995 64 255 128
190.78901672 168.78593445 344.30288696 64 255 128
93.38960266 185.77102661 447.60882568 64 255 128
74.09300232 141.68399048 432.10198975 64 255 128
123.98799896 262.23699951 430.16799927 64 255 128
235.98988342 210.07484436 359.69973755 64 255 128
151.77442932 200.46231079 402.48425293 64 255 128
134.05072021 187.30287170 436.69177246 64 255 128
147.27052307 174.18872070 320.15124512 64 255 128
175.77769470 115.18573761 331.87710571 64 255 128
132.18164062 198.99549866 439.18899536 64 255 128
137.83573914 173.28366089 428.47561646 64 255 128
174.98239136 174.79364014 389.31170654 64 255 128
88.13100433 218.04399109 409.00399780 64 255 128
190.76446533 195.07023621 354.42999268 64 255 128
184.89154053 151.21784973 366.62756348 64 255 128
71.25200653 173.27200317 427.72900391 64 255 128
277.84103394 280.40808105 402.15319824 64 255 128
104.33495331 246.44195557 384.95187378 64 255 128
182.81568909 187.97755432 379.63867188 64 255 128
76.92400360 185.94599915 426.46899414 64 255 128
218.77685547 237.66372681 351.55889893 64 255 128
98.90327454 109.70132446 357.79074097 64 255 128
115.80699921 251.33999634 374.77697754 64 255 128
242.63278198 238.61447144 354.60922241 64 255 128
130.10850525 145.70098877 318.35668945 64 255 128
163.79701233 254.31298828 356.04901123 64 255 128
220.16276550 301.31475830 386.71441650 64 255 128
88.48976898 112.70548248 403.09692383 64 255 128
248.81129456 219.63626099 354.10638428 64 255 128
191.68663025 277.02288818 367.86163330 64 255 128
90.72200012 198.10198975 355.19000244 64 255 128
202.72477722 203.58541870 360.75393677 64 255 128
234.78158569 278.16842651 409.43801880 64 255 128
166.79483032 125.87872314 361.46185303 64 255 128
233.64988708 291.36083984 367.97497559 64 255 128
247.07498169 253.37982178 358.09362793 64 255 128
156.45507812 189.60916138 413.26132202 64 255 128
86.89700317 186.45001221 359.84399414 64 255 128
161.28036499 194.33598328 325.95156860 64 255 128
277.53945923 229.53224182 370.31762695 64 255 128
81.78299713 185.42199707 389.06500244 64 255 128
114.44499969 210.36499023 337.83502197 64 255 128
150.00082397 93.05947113 341.19674683 64 255 128
164.66357422 234.03749084 345.23199463 64 255 128
117.22529602 96.89444733 380.11041260 64 255 128
230.54800415 238.85530090 402.63217163 64 255 128
290.20086670 250.98544312 370.72204590 64 255 128
114.82093811 116.60530090 394.78256226 64 255 128
130.30307007 175.70993042 322.14086914 64 255 128
118.67169189 150.12599182 416.62445068 64 255 128
81.90100098 146.45298767 370.61700439 64 255 128
163.40792847 277.70239258 415.16543579 64 255 128
92.83499908 223.73298645 424.40600586 64 255 128
237.46528625 257.72534180 357.32827759 64 255 128
151.77989197 161.72518921 415.81915283 64 255 128
107.62599945 239.96600342 368.46798706 64 255 128
189.89476013 182.70486450 340.87573242 64 255 128
235.30633545 253.56646729 405.08908081 64 255 128
106.67753601 94.77017212 361.79211426 64 255 128
279.65350342 248.78695679 380.56826782 64 255 128
118.84600067 245.27000427 438.88800049 64 255 128
201.27636719 202.41096497 403.10089111 64 255 128
255.62739563 210.18807983 352.92932129 64 255 128
195.65348816 177.37170410 356.64190674 64 255 128
103.66352844 133.24119568 414.77841187 64 255 128
193.27928162 154.94778442 353.15280151 64 255 128
72.84200287 159.53799438 452.60198975 64 255 128
210.73439026 202.81634521 364.62683105 64 255 128
143.88699341 250.77500916 352.98202515 64 255 128
161.86149597 175.93229675 416.75177002 64 255 128
141.01664734 274.61212158 400.37847900 64 255 128
132.42498779 244.04600525 350.92700195 64 255 128
184.55554199 253.29420471 403.62677002 64 255 128
261.75488281 262.18780518 361.24838257 64 255 128
145.41085815 272.20971680 378.14904785 64 255 128
106.83211517 118.99017334 336.93563843 64 255 128
168.43066406 171.07658386 409.28601074 64 255 128
124.26274872 171.92576599 437.37979126 64 255 128
267.08605957 266.31396484 396.21005249 64 255 128
142.30355835 274.67398071 415.24063110 64 255 128
101.63954926 165.41542053 444.66198730 64 255 128
206.50334167 283.63101196 413.49383545 64 255 128
96.26399994 136.17500305 349.19400024 64 255 128
262.53991699 283.25064087 406.11691284 64 255 128
291.01385498 238.10893250 360.43972778 64 255 128
109.02299500 200.06500244 336.92700195 64 255 128
190.22035217 207.86206055 343.73098755 64 255 128
155.77815247 241.41679382 424.00933838 64 255 128
176.55180359 248.13819885 407.62225342 64 255 128
205.35466003 217.82685852 405.12072754 64 255 128
169.37484741 177.45272827 326.20654297 64 255 128
190.47386169 229.85426331 343.54858398 64 255 128
158.49838257 133.32211304 376.49435425 64 255 128
270.26422119 282.70074463 381.37606812 64 255 128
170.52781677 134.89079285 366.19873047 64 255 128
174.31770325 286.89144897 391.70648193 64 255 128
276.24874878 240.10195923 356.65457153 64 255 128
210.80017090 212.33168030 397.85769653 64 255 128
117.90100098 193.88600159 333.63699341 64 255 128
159.97686768 273.04135132 367.43466187 64 255 128
149.03265381 275.85421753 386.44454956 64 255 128
84.49500275 199.01899719 434.62197876 64 255 128
187.87165833 238.08932495 402.58847046 64 255 128
128.50868225 96.65628815 368.98580933 64 255 128
168.30990601 249.47366333 412.59561157 64 255 128
110.46343994 256.20507812 397.58325195 64 255 128
124.70764160 115.84154510 324.68893433 64 255 128
288.43554688 244.27195740 375.73541260 64 255 128
138.25799561 211.87699890 335.50302124 64 255 128
251.37763977 232.82287598 355.79925537 64 255 128
141.69418335 234.70423889 429.65567017 64 255 128
165.43626404 154.00369263 398.12432861 64 255 128
129.02799988 82.53022003 346.66308594 64 255 128
252.95307922 219.24449158 378.64202881 64 255 128
92.03900146 133.57467651 431.82745361 64 255 128
104.95000458 135.63198853 340.51599121 64 255 128
270.41784668 258.11935425 390.47698975 64 255 128
232.00384521 227.48278809 352.74969482 64 255 128
91.08669281 172.40138245 459.23867798 64 255 128
219.26808167 279.31985474 411.69207764 64 255 128
204.74275208 301.05187988 390.79458618 64 255 128
172.86401367 118.52575684 346.55703735 64 255 128
102.53199768 223.08599854 352.89001465 64 255 128
191.43893433 166.88879395 369.38058472 64 255 128
92.03399658 177.41600037 349.40200806 64 255 128
132.60400391 230.39900208 343.87600708 64 255 128
128.42938232 106.87198639 323.24349976 64 255 128
228.27545166 244.07133484 352.53024292 64 255 128
109.83679962 99.12057495 389.12246704 64 255 128
284.16070557 269.32748413 393.34857178 64 255 128
106.64700317 220.63900757 438.50698853 64 255 128
259.39566040 237.93942261 355.42999268 64 255 128
85.69499969 211.62599182 413.89199829 64 255 128
285.04324341 271.74526978 381.77624512 64 255 128
175.73788452 151.21618652 327.31466675 64 255 128
160.04598999 227.72698975 343.85299683 64 255 128
99.13022614 240.54142761 415.27294922 64 255 128
154.19778442 113.46779633 363.85299683 64 255 128
164.38986206 279.12338257 379.22225952 64 255 128
222.54051208 220.13087463 352.93405151 64 255 128
241.88650513 299.55520630 392.31661987 64 255 128
125.15338898 265.87976074 392.72305298 64 255 128
165.28239441 170.44442749 323.47720337 64 255 128
245.10324097 298.41357422 401.15707397 64 255 128
210.55635071 251.42845154 352.91629028 64 255 128
290.36666870 229.49002075 355.41244507 64 255 128
178.62411499 172.59936523 381.02954102 64 255 128
100.26200104 166.30900574 340.18099976 64 255 128
85.28500366 209.50000000 404.84899902 64 255 128
157.74761963 262.73919678 415.92913818 64 255 128
244.04679871 279.19519043 408.64730835 64 255 128
105.03066254 105.27085876 398.06838989 64 255 128
86.38700104 139.24501038 363.07299805 64 255 128
152.61196899 126.85011292 375.01956177 64 255 128
138.49090576 180.92539978 322.67221069 64 255 128
181.47698975 136.23573303 356.53829956 64 255 128
170.11428833 214.48149109 398.53604126 64 255 128
174.29627991 271.41189575 361.24987793 64 255 128
90.88899994 217.74800110 378.29598999 64 255 128
176.57052612 179.91204834 330.27310181 64 255 128
179.07994080 179.16563416 373.70681763 64 255 128
211.56484985 227.58178711 405.91625977 64 255 128
84.66999817 161.57899475 361.16998291 64 255 128
79.61000061 196.37699890 417.94799805 64 255 128
287.63543701 261.27340698 375.50329590 64 255 128
90.77200317 225.05099487 394.80401611 64 255 128
221.50439453 269.89791870 355.71734619 64 255 128
151.81814575 100.52478027 354.17178345 64 255 128
96.63562775 106.42188263 375.95629883 64 255 128
175.29469299 160.35948181 328.40814209 64 255 128
128.41300964 255.81900024 363.70599365 64 255 128
272.09130859 288.38647461 397.16186523 64 255 128
201.77711487 187.15217590 387.79507446 64 255 128
105.72099304 181.09999084 336.96600342 64 255 128
173.16046143 279.06985474 369.82452393 64 255 128
109.40442657 154.11282349 429.61642456 64 255 128
232.06437683 269.72262573 407.39886475 64 255 128
78.16100311 137.35101318 400.30801392 64 255 128
167.03924561 222.03466797 419.55889893 64 255 128
194.02195740 266.17398071 409.12915039 64 255 128
187.19520569 136.51492310 340.41909790 64 255 128
217.00701904 288.08923340 366.04290771 64 255 128
151.24034119 149.30110168 402.31280518 64 255 128
127.87734222 263.16326904 378.77383423 64 255 128
116.08516693 147.49342346 330.25399780 64 255 128
271.95516968 276.89862061 375.89587402 64 255 128
117.12100220 163.34700012 331.75399780 64 255 128
157.05477905 210.28718567 415.44851685 64 255 128
188.32521057 258.59872437 354.07086182 64 255 128
127.30442047 265.99075317 421.49670410 64 255 128
164.72975159 241.93931580 420.03900146 64 255 128
214.61392212 205.95555115 379.89031982 64 255 128
102.48800659 227.57400513 359.83099365 64 255 128
175.25279236 185.98034668 407.24624634 64 255 128
114.27306366 259.15527344 412.92800903 64 255 128
270.33361816 217.34614563 354.53939819 64 255 128
240.72921753 219.00595093 354.47735596 64 255 128
97.00840759 178.16093445 446.44540405 64 255 128
257.54354858 249.75511169 392.77056885 64 255 128
145.64601135 217.63500977 338.50799561 64 255 128
161.60408020 161.82612610 409.93774414 64 255 128
145.95625305 118.15374756 374.03955078 64 255 128
79.44499969 182.66500854 400.47900391 64 255 128
136.85948181 121.68098450 383.01449585 64 255 128
110.39621735 127.07705688 404.72695923 64 255 128
99.58607483 142.44111633 428.63772583 64 255 128
241.95149231 265.39306641 360.70718384 64 255 128
88.93330383 121.31158447 420.08328247 64 255 128
96.44586945 164.34130859 452.48858643 64 255 128
266.57086182 247.86006165 358.98141479 64 255 128
98.34700012 187.53300476 343.71099854 64 255 128
70.91600037 163.59399414 446.00497437 64 255 128
189.57887268 293.92053223 410.90750122 64 255 128
230.53674316 301.95089722 397.14416504 64 255 128
159.10319519 97.89290619 334.43374634 64 255 128
112.17606354 251.68334961 380.78479004 64 255 128
102.93930817 238.98191833 374.20166016 64 255 128
163.16569519 144.40658569 320.66119385 64 255 128
93.71274567 154.92440796 453.74450684 64 255 128
91.43099976 224.45300293 415.45098877 64 255 128
99.64500427 227.02999878 434.50997925 64 255 128
293.99978638 233.15945435 369.44921875 64 255 128
178.01536560 239.58769226 411.58035278 64 255 128
125.60600281 202.36599731 331.77798462 64 255 128
196.68327332 245.20440674 411.88323975 64 255 128
95.07600403 222.39599609 370.58200073 64 255 128
127.34638214 155.28125000 420.90835571 64 255 128
234.43443298 211.46684265 378.11569214 64 255 128
211.89329529 194.96246338 367.23651123 64 255 128
264.25119019 274.89578247 369.43109131 64 255 128
224.40333557 294.52075195 370.52899170 64 255 128
149.55397034 246.53747559 421.60501099 64 255 128
129.60087585 131.14013672 394.84567261 64 255 128
192.87092590 192.29658508 396.78530884 64 255 128
125.51226044 201.81199646 443.40179443 64 255 128
276.11077881 231.92723083 356.57788086 64 255 128
162.37145996 220.34359741 339.34335327 64 255 128
145.59735107 91.19046783 329.01824951 64 255 128
206.24156189 197.37117004 398.86996460 64 255 128
225.77127075 210.43867493 358.34988403 64 255 128
209.05795288 295.79223633 377.18661499 64 255 128
163.44299316 261.19000244 359.90200806 64 255 128
203.17440796 264.31063843 358.79220581 64 255 128
147.66799927 235.94200134 345.52700806 64 255 128
190.62129211 149.03196716 359.68395996 64 255 128
177.14442444 205.43461609 333.92971802 64 255 128
228.77561951 209.66430664 372.42221069 64 255 128
143.68914795 207.30076599 410.58258057 64 255 128
82.06802368 159.26109314 463.06262207 64 255 128
196.72254944 206.00872803 357.34155273 64 255 128
204.71896362 277.11602783 363.09048462 64 255 128
186.01391602 221.42355347 338.80389404 64 255 128
122.78230286 210.27717590 439.42764282 64 255 128
126.13800049 217.02699280 336.51098633 64 255 128
190.54350281 191.66090393 364.79354858 64 255 128
246.49018860 266.64331055 403.69180298 64 255 128
191.68133545 239.37588501 410.00683594 64 255 128
82.26499939 178.06799316 379.99298096 64 255 128
181.00645447 203.51416016 401.72973633 64 255 128
172.22817993 263.41134644 411.20761108 64 255 128
100.12397766 193.28361511 447.34988403 64 255 128
168.57905579 106.15444946 327.35403442 64 255 128
154.28524780 226.99989319 429.86541748 64 255 128
177.17652893 156.12930298 384.37826538 64 255 128
180.17994690 122.54668427 331.73287964 64 255 128
175.93363953 163.25273132 393.47058105 64 255 128
197.63177490 192.42611694 366.78314209 64 255 128
144.73915100 196.61810303 326.89440918 64 255 128
165.71046448 284.81982422 402.73004150 64 255 128
196.55386353 244.24308777 350.98626709 64 255 128
155.44636536 207.26866150 330.58468628 64 255 128
283.44534302 243.88893127 359.16830444 64 255 128
120.93400574 250.68899536 363.04699707 64 255 128
172.16375732 176.40278625 405.28240967 64 255 128
170.82116699 276.45059204 411.48724365 64 255 128
169.00561523 195.06250000 328.90957642 64 255 128
124.94176483 154.95379639 323.50274658 64 255 128
261.42562866 230.51200867 354.62973022 64 255 128
277.36428833 282.92666626 390.10556030 64 255 128
113.22512054 103.19046783 335.76370239 64 255 128
229.27728271 247.30422974 403.37213135 64 255 128
221.60597229 218.12414551 395.36520386 64 255 128
117.00569153 176.52096558 441.08157349 64 255 128
124.23324585 88.80876160 336.39129639 64 255 128
246.56571960 291.56423950 415.89236450 64 255 128
88.15900421 213.73599243 388.43600464 64 255 128
183.41801453 229.77357483 392.04833984 64 255 128
259.31838989 218.35006714 372.63909912 64 255 128
216.97230530 299.87301636 416.79281616 64 255 128
259.37667847 245.46305847 356.94201660 64 255 128
110.72735596 187.63957214 445.74978638 64 255 128
136.81900024 260.21600342 363.22201538 64 255 128
242.38745117 211.44142151 374.64886475 64 255 128
277.60946655 254.16871643 363.30895996 64 255 128
139.67463684 201.95999146 415.24517822 64 255 128
191.26240540 150.26278687 345.00875854 64 255 128
123.55900574 176.00061035 328.39648438 64 255 128
275.36395264 262.72640991 366.98937988 64 255 128
128.34434509 109.97034454 379.49838257 64 255 128
117.92962646 87.62364960 364.52908325 64 255 128
100.69765472 97.26866913 379.52029419 64 255 128
124.69100189 230.84700012 345.12298584 64 255 128
85.06699371 130.53601074 369.96902466 64 255 128
159.34234619 124.73381042 367.55831909 64 255 128
189.57444763 141.87063599 345.91970825 64 255 128
173.28286743 228.75386047 339.41549683 64 255 128
95.32400513 202.28500366 444.77798462 64 255 128
144.55709839 175.50172424 425.15527344 64 255 128
210.95684814 211.02404785 388.77514648 64 255 128
79.13899994 184.27301025 440.87899780 64 255 128
169.76013184 142.04423523 323.58294678 64 255 128
80.66799927 196.72599792 404.53500366 64 255 128
234.83070374 300.98968506 408.85104370 64 255 128
213.28660583 195.29835510 380.72460938 64 255 128
85.52400208 196.55198669 378.40597534 64 255 128
115.48115540 130.66955566 328.32104492 64 255 128
99.48900604 204.95800781 345.60598755 64 255 128
214.61320496 303.77386475 403.11273193 64 255 128
181.68006897 295.28695679 397.45736694 64 255 128
154.54142761 101.85842896 324.15039062 64 255 128
272.17831421 224.11196899 369.38565063 64 255 128
82.56900024 163.00801086 369.90298462 64 255 128
143.70353699 130.35118103 384.79260254 64 255 128
206.21038818 267.40399170 411.50646973 64 255 128
68.37899780 156.81900024 423.89999390 64 255 128
196.41160583 280.17303467 413.71472168 64 255 128
219.04681396 237.83360291 405.73242188 64 255 128
105.31178284 250.80609131 397.47671509 64 255 128
146.46746826 194.36192322 410.51229858 64 255 128
224.46771240 266.11679077 408.76663208 64 255 128
222.80661011 291.60964966 415.02523804 64 255 128
210.21469116 193.75794983 390.61956787 64 255 128
117.31100464 243.24899292 357.57000732 64 255 128
186.52430725 175.01602173 338.19531250 64 255 128
193.52058411 164.51074219 362.48916626 64 255 128
72.80599976 155.01199341 409.09600830 64 255 128
159.01000977 269.79153442 417.71124268 64 255 128
222.11010742 254.37846375 406.77664185 64 255 128
136.93017578 109.14571381 373.43411255 64 255 128
96.61400604 211.77198792 439.91400146 64 255 128
77.70600128 187.57200623 417.07400513 64 255 128
85.77500153 193.25299072 370.09100342 64 255 128
185.07612610 167.40893555 380.34555054 64 255 128
127.07823181 182.31048584 440.33215332 64 255 128
147.62379456 137.64770508 316.82052612 64 255 128
263.55053711 214.53889465 363.42852783 64 255 128
148.05720520 139.26820374 390.53231812 64 255 128
190.11099243 227.99859619 400.78265381 64 255 128
202.65309143 294.65447998 416.07107544 64 255 128
123.13199615 251.24899292 439.00701904 64 255 128
82.27641296 129.27279663 429.50021362 64 255 128
97.79500580 126.22800446 351.18099976 64 255 128
77.33699799 155.07499695 383.99499512 64 255 128
138.07859802 151.87599182 316.98950195 64 255 128
217.14329529 254.37324524 353.61828613 64 255 128
128.18006897 225.35707092 425.09375000 64 255 128
161.52137756 117.29679108 322.08938599 64 255 128
166.25749207 136.78323364 372.65231323 64 255 128
155.67614746 146.10392761 394.52148438 64 255 128
208.18412781 187.83676147 365.11627197 64 255 128
203.37103271 232.77601624 348.85296631 64 255 128
179.33627319 186.91049194 386.27114868 64 255 128
97.90960693 120.98890686 413.27954102 64 255 128
106.35981750 100.59860229 349.33203125 64 255 128
135.29785156 201.76731873 432.60565186 64 255 128
278.43392944 272.64398193 397.52517700 64 255 128
97.30467224 115.50646210 353.83505249 64 255 128
176.74041748 137.91732788 364.28713989 64 255 128
143.78898621 224.13200378 341.15200806 64 255 128
123.91592407 140.23367310 406.72860718 64 255 128
195.22070312 212.76618958 401.21029663 64 255 128
260.81838989 217.99131775 355.28109741 64 255 128
97.73378754 240.80586243 402.44876099 64 255 128
119.17829895 234.05947876 438.97930908 64 255 128
108.87799835 224.67199707 348.00402832 64 255 128
135.16293335 164.06272888 318.73641968 64 255 128
88.01537323 154.29087830 459.94824219 64 255 128
243.14340210 248.96438599 399.50784302 64 255 128
187.90638733 272.56878662 366.33621216 64 255 128
158.88552856 135.06321716 319.86199951 64 255 128
213.01251221 301.80831909 390.70797729 64 255 128
159.17213440 216.01075745 421.83898926 64 255 128
246.07179260 245.76124573 358.24990845 64 255 128
177.27876282 147.78396606 373.61819458 64 255 128
119.78540802 221.60043335 437.29486084 64 255 128
92.88199615 116.25199890 377.92797852 64 255 128
219.08935547 281.52325439 361.53228760 64 255 128
111.02599335 253.26200867 426.70300293 64 255 128
186.24024963 152.17871094 338.36248779 64 255 128
140.41352844 188.36186218 431.72482300 64 255 128
216.29139709 223.94670105 350.31274414 64 255 128
190.10560608 179.79237366 362.59875488 64 255 128
255.06263733 267.58148193 360.16989136 64 255 128
170.90568542 284.58673096 386.68814087 64 255 128
170.84445190 203.21659851 399.07119751 64 255 128
257.31799316 288.16946411 377.73669434 64 255 128
79.91428375 138.99708557 443.33160400 64 255 128
94.26000214 213.02600098 361.53399658 64 255 128
212.31642151 240.66836548 352.04483032 64 255 128
102.06300354 151.10600281 340.48901367 64 255 128
180.90051270 174.30856323 333.43786621 64 255 128
158.69592285 150.92868042 399.36273193 64 255 128
140.68035889 140.91870117 395.77746582 64 255 128
139.59799194 263.45599365 368.93698120 64 255 128
151.43463135 252.80830383 419.14212036 64 255 128
178.01268005 166.36209106 331.49743652 64 255 128
189.61546326 243.84858704 348.55114746 64 255 128
161.56974792 204.39352417 402.21618652 64 255 128
171.25653076 222.99104309 411.89791870 64 255 128
169.30944824 129.21365356 324.06298828 64 255 128
179.14961243 237.48976135 343.15570068 64 255 128
107.83708191 252.43664551 412.62841797 64 255 128
79.80500031 188.35000610 433.72500610 64 255 128
115.73483276 88.36133575 348.92651367 64 255 128
108.32800293 207.27400208 446.32199097 64 255 128
190.62672424 199.64506531 343.70437622 64 255 128
271.34338379 217.80781555 363.19848633 64 255 128
209.86360168 211.91754150 355.28070068 64 255 128
138.45059204 82.99448395 339.72946167 64 255 128
282.66015625 276.45675659 386.98971558 64 255 128
94.06200409 233.53601074 405.13800049 64 255 128
202.71907043 289.29299927 371.86486816 64 255 128
139.55834961 96.41340637 324.54470825 64 255 128
265.59548950 223.63867188 373.62487793 64 255 128
143.97160339 90.45811462 344.80612183 64 255 128
175.46063232 221.68768311 400.51937866 64 255 128
191.44473267 300.03558350 407.11315918 64 255 128
89.30667114 108.31843567 389.46292114 64 255 128
257.54833984 294.29946899 394.68521118 64 255 128
154.66900635 220.01998901 341.06799316 64 255 128
184.77951050 129.85673523 340.83105469 64 255 128
80.20500183 139.43499756 376.77600098 64 255 128
181.31480408 260.25439453 404.20849609 64 255 128
79.41100311 153.60699463 376.59799194 64 255 128
203.41249084 303.06964111 401.53771973 64 255 128
171.23323059 125.65769196 355.72906494 64 255 128
295.05178833 224.30587769 354.21279907 64 255 128
246.65681458 216.39312744 380.81539917 64 255 128
124.11051178 98.12854004 374.95571899 64 255 128
114.29973602 90.67035675 375.44027710 64 255 128
174.49308777 181.43515015 392.96145630 64 255 128
147.95904541 166.19828796 319.16439819 64 255 128
139.80825806 151.85391235 411.57534790 64 255 128
192.59907532 251.01235962 411.45156860 64 255 128
126.17963409 267.26013184 403.42285156 64 255 128
140.33944702 89.76700592 352.18075562 64 255 128
237.79689026 238.80041504 398.36831665 64 255 128
86.71900177 127.65200806 380.45199585 64 255 128
249.79547119 279.21853638 365.15618896 64 255 128
106.38500214 144.44599915 338.54800415 64 255 128
78.56700897 136.04032898 434.92718506 64 255 128
85.01599884 167.98100281 358.32800293 64 255 128
87.74600220 208.20700073 432.20999146 64 255 128
138.33795166 134.82759094 318.24810791 64 255 128
128.59185791 117.59585571 384.69958496 64 255 128
94.86199951 143.02099609 348.79400635 64 255 128
274.53750610 243.98136902 381.08157349 64 255 128
117.51553345 137.03724670 407.21957397 64 255 128
265.58358765 251.24790955 389.50561523 64 255 128
289.93222046 259.95831299 382.05377197 64 255 128
162.85226440 193.55664062 401.34924316 64 255 128
181.08926392 234.86000061 401.16333008 64 255 128
110.40293121 140.35453796 415.34738159 64 255 128
166.28215027 183.44949341 416.98251343 64 255 128
153.23286438 219.91635132 427.21224976 64 255 128
200.79751587 191.71342468 399.52792358 64 255 128
296.76010132 235.29577637 363.42544556 64 255 128
125.34500885 241.81201172 352.34100342 64 255 128
168.20079041 150.71395874 390.15380859 64 255 128
146.90228271 203.95581055 331.70635986 64 255 128
239.24588013 228.50422668 394.28842163 64 255 128
229.38226318 300.18563843 382.47503662 64 255 128
216.69725037 210.38406372 370.79516602 64 255 128
268.04577637 233.43853760 354.06869507 64 255 128
80.03199768 140.89199829 385.40301514 64 255 128
198.53665161 219.70625305 406.16860962 64 255 128
79.56700134 122.73699951 399.71099854 64 255 128
186.09777832 235.46238708 344.10729980 64 255 128
93.55400085 162.35501099 348.27499390 64 255 128
259.72360229 266.06332397 399.15567017 64 255 128
155.45158386 157.45083618 410.25851440 64 255 128
75.95300293 179.84400940 412.50799561 64 255 128
187.76904297 140.40362549 352.74029541 64 255 128
148.83279419 209.78999329 414.23541260 64 255 128
134.91430664 167.42060852 427.14535522 64 255 128
114.02200317 249.19200134 435.34600830 64 255 128
289.17156982 238.25010681 372.51464844 64 255 128
124.80930328 211.52993774 430.90829468 64 255 128
153.01300049 268.37899780 369.85498047 64 255 128
265.22439575 286.80935669 383.58044434 64 255 128
72.31099701 148.66499329 437.35000610 64 255 128
111.25532532 150.39002991 423.87094116 64 255 128
70.42100525 150.34399414 420.87399292 64 255 128
237.41069031 296.40399170 374.57281494 64 255 128
176.64060974 216.98295593 394.35818481 64 255 128
114.18899536 178.78599548 333.50698853 64 255 128
243.25991821 276.99792480 362.92309570 64 255 128
206.81509399 210.06707764 361.86334229 64 255 128
181.99836731 288.75402832 407.51989746 64 255 128
214.89315796 265.88150024 353.89486694 64 255 128
101.50669861 115.13626099 408.27154541 64 255 128
137.65977478 178.89389038 432.52572632 64 255 128
195.41795349 283.11285400 369.49273682 64 255 128
256.10006714 277.51840210 405.16470337 64 255 128
96.79756165 238.63330078 409.07525635 64 255 128
155.02542114 196.73690796 407.68679810 64 255 128
169.97317505 235.98204041 420.49124146 64 255 128
168.22904968 119.84696960 323.68698120 64 255 128
266.66220093 264.97311401 365.05944824 64 255 128
193.91200256 266.15823364 361.35940552 64 255 128
128.29275513 236.32104492 431.05868530 64 255 128
250.25389099 257.98150635 400.72158813 64 255 128
267.96279907 280.34194946 403.35238647 64 255 128
97.20379639 235.88630676 420.26000977 64 255 128
140.92253113 267.98873901 372.95581055 64 255 128
81.49299622 201.33399963 422.15298462 64 255 128
174.76057434 225.21858215 406.26657104 64 255 128
170.08593750 205.33540344 331.96008301 64 255 128
224.51895142 303.09924316 411.44473267 64 255 128
75.26799774 154.81401062 456.99099731 64 255 128
230.44329834 270.80264282 358.77062988 64 255 128
95.58399963 115.23199463 363.02502441 64 255 128
218.23089600 272.30136108 409.60189819 64 255 128
110.44158936 121.25159454 401.23327637 64 255 128
150.55685425 182.14402771 422.79467773 64 255 128
169.80146790 218.66052246 336.91104126 64 255 128
194.08706665 254.79335022 354.08416748 64 255 128
121.20912933 109.89203644 385.08981323 64 255 128
143.45530701 195.40048218 424.66516113 64 255 128
131.26654053 268.66122437 391.43688965 64 255 128
86.44400024 203.69200134 381.35702515 64 255 128
138.14280701 268.40701294 422.20425415 64 255 128
125.05834961 99.74623108 327.11199951 64 255 128
72.23200226 154.99099731 446.44998169 64 255 128
205.18771362 247.94061279 351.16653442 64 255 128
183.98304749 276.66094971 403.72393799 64 255 128
121.88800049 210.23899841 335.61001587 64 255 128
86.30799866 117.78800201 389.49798584 64 255 128
180.69442749 186.84104919 333.30813599 64 255 128
98.69686890 232.70726013 373.93444824 64 255 128
217.04313660 212.38597107 381.96697998 64 255 128
258.51800537 229.92514038 382.02093506 64 255 128
173.49583435 193.01263428 406.07727051 64 255 128
162.43646240 189.03875732 416.16641235 64 255 128
116.31037140 131.75727844 403.44967651 64 255 128
182.84967041 160.02801514 379.82580566 64 255 128
216.60646057 294.81356812 372.39529419 64 255 128
137.40797424 255.93888855 427.27117920 64 255 128
113.17395020 121.41809082 329.23703003 64 255 128
182.70854187 210.04675293 402.18753052 64 255 128
78.69300079 180.39799500 451.40902710 64 255 128
149.66012573 107.98979187 320.43179321 64 255 128
249.92221069 296.79745483 405.49868774 64 255 128
90.02053070 135.90148926 439.01840210 64 255 128
150.45735168 188.23214722 419.28149414 64 255 128
194.09140015 201.52279663 405.97332764 64 255 128
267.47662354 242.78459167 384.87490845 64 255 128
254.34715271 258.20635986 359.22305298 64 255 128
119.87002563 120.66503143 393.19992065 64 255 128
159.14688110 104.65071869 349.45867920 64 255 128
187.52430725 295.58511353 389.14205933 64 255 128
112.99743652 223.70692444 437.64093018 64 255 128
153.66799927 231.97799683 343.87002563 64 255 128
145.18075562 216.01622009 424.66781616 64 255 128
164.34976196 214.40547180 333.68157959 64 255 128
206.44140625 233.26313782 409.68194580 64 255 128
149.98699951 261.46502686 358.57498169 64 255 128
189.82566833 213.80598450 340.30285645 64 255 128
120.47900391 224.95399475 342.11901855 64 255 128
139.89772034 103.84247589 366.74703979 64 255 128
170.98684692 275.46868896 365.91552734 64 255 128
192.11038208 190.46186829 379.89309692 64 255 128
73.51700592 146.63000488 407.85501099 64 255 128
90.01200104 208.83299255 370.42700195 64 255 128
73.16899872 136.50000000 418.08599854 64 255 128
231.03842163 209.13821411 363.95700073 64 255 128
282.02905273 219.64152527 358.62390137 64 255 128
116.15922546 257.61282349 426.92376709 64 255 128
71.35800171 172.31098938 419.65197754 64 255 128
97.16100311 151.70500183 344.76000977 64 255 128
181.82374573 127.84194946 346.27325439 64 255 128
170.80378723 144.31549072 377.92044067 64 255 128
124.72388458 84.43437958 341.20608521 64 255 128
157.65766907 168.57209778 320.40676880 64 255 128
207.34158325 241.07650757 411.29800415 64 255 128
203.48902893 216.63969421 351.03848267 64 255 128
75.43000031 169.59300232 403.29199219 64 255 128
141.40925598 273.85922241 392.53936768 64 255 128
123.11116028 127.77316284 396.69250488 64 255 128
289.86361694 228.05627441 365.04821777 64 255 128
103.72499847 158.61399841 338.44900513 64 255 128
99.94435120 154.51229858 442.38940430 64 255 128
106.23227692 251.86520386 403.98205566 64 255 128
173.75355530 243.01417542 345.78244019 64 255 128
185.03147888 140.99722290 336.25744629 64 255 128
182.51330566 199.11723328 335.99716187 64 255 128
170.88526917 162.47019958 398.88009644 64 255 128
135.81632996 134.82893372 393.45117188 64 255 128
111.47519684 177.76847839 444.74536133 64 255 128
289.34140015 245.61978149 363.75704956 64 255 128
90.02199554 200.38299561 441.47399902 64 255 128
112.30818939 161.07472229 435.30007935 64 255 128
134.10000610 207.27099609 333.77600098 64 255 128
138.81500244 246.50999451 350.83801270 64 255 128
137.77198792 226.82099915 341.32901001 64 255 128
105.19869232 94.10746765 372.96517944 64 255 128
82.97926331 123.09751892 417.04556274 64 255 128
217.13430786 230.86614990 405.90075684 64 255 128
174.82168579 264.09017944 357.44387817 64 255 128
199.02679443 232.61045837 410.13543701 64 255 128
86.29900360 155.21299744 359.23300171 64 255 128
110.10699463 193.17401123 335.89102173 64 255 128
170.38256836 157.68846130 324.98455811 64 255 128
182.05671692 270.09255981 359.49792480 64 255 128
119.64962006 262.68695068 414.34295654 64 255 128
170.72555542 287.08047485 398.65911865 64 255 128
230.84219360 300.11785889 413.81008911 64 255 128
223.79742432 211.38571167 384.63354492 64 255 128
151.81500244 214.92700195 338.43200684 64 255 128
87.99755859 167.32560730 462.52923584 64 255 128
137.34599304 239.03199768 346.48001099 64 255 128
192.99835205 200.79057312 357.63363647 64 255 128
187.07165527 200.28167725 406.61404419 64 255 128
71.48899841 169.41000366 443.39599609 64 255 128
114.93968964 101.98223114 385.81616211 64 255 128
126.57651520 86.50327301 356.46887207 64 255 128
76.36699677 171.28099060 458.36599731 64 255 128
74.20100403 176.53300476 438.48699951 64 255 128
137.80741882 245.06724548 426.35150146 64 255 128
188.52021790 220.99156189 396.08877563 64 255 128
138.21672058 127.25399780 317.71957397 64 255 128
151.62966919 107.05558777 360.04040527 64 255 128
95.71900177 224.61799622 430.09100342 64 255 128
119.74725342 198.84973145 443.74639893 64 255 128
209.68130493 224.70135498 348.92800903 64 255 128
75.36599731 160.45199585 397.41998291 64 255 128
128.42034912 268.17102051 413.67883301 64 255 128
83.30699921 202.37399292 428.14801025 64 255 128
165.57699585 240.20401001 349.20199585 64 255 128
244.06538391 219.10165405 385.97195435 64 255 128
177.04319763 249.56773376 349.48556519 64 255 128
109.15299988 213.03999329 443.33801270 64 255 128
88.73400116 189.71099854 446.38699341 64 255 128
146.32022095 195.40643311 402.79150391 64 255 128
106.29382324 107.75775146 342.18280029 64 255 128
180.45129395 146.35260010 367.88046265 64 255 128
112.26999664 246.74000549 372.25402832 64 255 128
150.12280273 89.63007355 335.79608154 64 255 128
188.40808105 192.81121826 402.34646606 64 255 128
95.11644745 150.87274170 447.46496582 64 255 128
150.64381409 191.90863037 325.08465576 64 255 128
247.91865540 226.40588379 355.28616333 64 255 128
198.45094299 184.13943481 357.76119995 64 255 128
247.02183533 210.05477905 370.31585693 64 255 128
257.07623291 238.08274841 387.84271240 64 255 128
177.40699768 198.09855652 401.45989990 64 255 128
79.61419678 128.69262695 422.47583008 64 255 128
283.78027344 220.18133545 351.49432373 64 255 128
211.38597107 279.61523438 412.97912598 64 255 128
141.45596313 113.95545197 375.63705444 64 255 128
188.89332581 156.88061523 369.42446899 64 255 128
90.89713287 143.67298889 446.87606812 64 255 128
181.99661255 150.47723389 333.18862915 64 255 128
181.16792297 277.06304932 369.65545654 64 255 128
99.91600037 237.87599182 427.70001221 64 255 128
273.39505005 235.39146423 375.89392090 64 255 128
275.78048706 271.14230347 373.13674927 64 255 128
136.51600647 195.24400330 331.19198608 64 255 128
111.21641541 200.53642273 445.42785645 64 255 128
90.96500397 171.75199890 351.88000488 64 255 128
229.02755737 232.80725098 401.49353027 64 255 128
91.04257965 183.41909790 454.04031372 64 255 128
234.34742737 213.29052734 384.42684937 64 255 128
256.65646362 213.08792114 366.86614990 64 255 128
196.76315308 300.78384399 394.78735352 64 255 128
159.82081604 205.81575012 408.74719238 64 255 128
225.73327637 302.41833496 393.11779785 64 255 128
198.48838806 252.37686157 412.96008301 64 255 128
264.95004272 253.93704224 359.19918823 64 255 128
139.73175049 163.76199341 421.93292236 64 255 128
84.59700012 177.60600281 365.62500000 64 255 128
100.93999481 199.45600891 343.01599121 64 255 128
196.30728149 226.38088989 408.15362549 64 255 128
113.35399628 168.59500122 333.67602539 64 255 128
109.29116821 133.65286255 335.12512207 64 255 128
160.40592957 182.03308105 323.73767090 64 255 128
124.85462189 149.52218628 413.53472900 64 255 128
162.15225220 211.89091492 411.16131592 64 255 128
151.15643311 123.58168793 318.12487793 64 255 128
93.67799377 183.26799011 348.01300049 64 255 128
150.70030212 278.78890991 410.59014893 64 255 128
95.17275238 132.04696655 423.55545044 64 255 128
155.67704773 194.93125916 400.30590820 64 255 128
216.12864685 214.92971802 350.37384033 64 255 128
133.88601685 264.54690552 374.60647583 64 255 128
88.93099976 200.66101074 364.85299683 64 255 128
114.58694458 107.82595062 331.89306641 64 255 128
126.19489288 160.74107361 321.10903931 64 255 128
177.12539673 169.82868958 392.04183960 64 255 128
76.43699646 125.76800537 412.18502808 64 255 128
100.30599976 137.00300598 344.54598999 64 255 128
109.32355499 111.18692017 397.22799683 64 255 128
80.41799927 186.75000000 395.89898682 64 255 128
187.79345703 247.47636414 401.92327881 64 255 128
176.13453674 214.87733459 335.61679077 64 255 128
200.76506042 185.43786621 367.97824097 64 255 128
178.74411011 282.20190430 377.04840088 64 255 128
153.20951843 266.95663452 419.61224365 64 255 128
160.53083801 275.07220459 374.86166382 64 255 128
120.62837219 190.76449585 441.94354248 64 255 128
183.40066528 185.69340515 372.73144531 64 255 128
206.95191956 184.12605286 386.13684082 64 255 128
169.60278320 113.29499817 344.16427612 64 255 128
192.89439392 192.61791992 348.95285034 64 255 128
114.24179840 92.25837708 344.32031250 64 255 128
212.91069031 205.00920105 390.42608643 64 255 128
195.63511658 229.31932068 345.83728027 64 255 128
188.30242920 299.61602783 401.10717773 64 255 128
179.69470215 130.39736938 351.65679932 64 255 128
235.97840881 286.99453735 364.27188110 64 255 128
78.77200317 174.21499634 397.38699341 64 255 128
184.56608582 289.46255493 382.87911987 64 255 128
148.76370239 278.92700195 400.86120605 64 255 128
192.47830200 275.74264526 412.01025391 64 255 128
119.15600586 233.54499817 348.50601196 64 255 128
238.07054138 233.94506836 354.38244629 64 255 128
247.83953857 284.96798706 412.23077393 64 255 128
142.81303406 95.06161499 355.55377197 64 255 128
151.75123596 95.85019684 349.06808472 64 255 128
188.52922058 185.46926880 365.26092529 64 255 128
249.40771484 207.02947998 358.79721069 64 255 128
280.73046875 226.41717529 366.15185547 64 255 128
193.93827820 186.90911865 345.93704224 64 255 128
195.87480164 170.32063293 358.14508057 64 255 128
183.16056824 221.97581482 404.51354980 64 255 128
119.43000793 110.14287567 327.69390869 64 255 128
223.42367554 226.47615051 399.77432251 64 255 128
203.29048157 298.23605347 385.59307861 64 255 128
106.24047089 246.42762756 426.86740112 64 255 128
103.55348969 242.28236389 379.78005981 64 255 128
147.57310486 107.35772705 364.97180176 64 255 128
101.75416565 104.88888550 363.78738403 64 255 128
143.92396545 257.69018555 423.05264282 64 255 128
140.36816406 275.21478271 406.47137451 64 255 128
108.55536652 193.54759216 444.73587036 64 255 128
209.40515137 266.79946899 356.77587891 64 255 128
156.35116577 255.64888000 415.78018188 64 255 128
249.51951599 236.85940552 392.87927246 64 255 128
184.35800171 249.51856995 350.03393555 64 255 128
264.33053589 232.30187988 379.91659546 64 255 128
94.45220947 230.35885620 420.83438110 64 255 128
79.47299957 190.77700806 404.14300537 64 255 128
252.09843445 249.84626770 357.64160156 64 255 128
136.10485840 213.37826538 421.85382080 64 255 128
218.50274658 274.94219971 357.95617676 64 255 128
74.83300018 153.10501099 396.73098755 64 255 128
123.77004242 165.98153687 433.95346069 64 255 128
121.45041656 167.47669983 328.28396606 64 255 128
87.22200012 212.57800293 424.85800171 64 255 128
77.42885590 144.36363220 446.29638672 64 255 128
141.01742554 226.89808655 427.64987183 64 255 128
92.86322784 176.89962769 454.68334961 64 255 128
257.84219360 282.72674561 371.93774414 64 255 128
83.81800079 187.27099609 443.84197998 64 255 128
114.70851135 156.84730530 430.17312622 64 255 128
175.39947510 142.77143860 327.21865845 64 255 128
125.48266602 121.20629120 322.07101440 64 255 128
188.13229370 256.53106689 406.83157349 64 255 128
219.02476501 210.43247986 361.36590576 64 255 128
138.08645630 143.92788696 401.08465576 64 255 128
93.52794647 110.22277069 405.62179565 64 255 128
157.79118347 273.36248779 371.09432983 64 255 128
98.00778198 239.84402466 392.46652222 64 255 128
206.58110046 290.03866577 415.80966187 64 255 128
114.25326538 255.56382751 384.60702515 64 255 128
253.88577271 223.89898682 382.41317749 64 255 128
112.30599976 144.77799988 335.45602417 64 255 128
257.92575073 294.36843872 407.51568604 64 255 128
144.74899292 149.91987610 406.38241577 64 255 128
104.15642548 146.85847473 426.96987915 64 255 128
240.98684692 211.59536743 356.69522095 64 255 128
201.69119263 183.67417908 374.12222290 64 255 128
107.25560760 167.02944946 440.59988403 64 255 128
254.15254211 269.70272827 402.56518555 64 255 128
198.09448242 222.39071655 344.86264038 64 255 128
187.20045471 188.75276184 338.62301636 64 255 128
135.88896179 194.62580872 436.84893799 64 255 128
146.78762817 163.55578613 419.13104248 64 255 128
88.53600311 133.35198975 360.04400635 64 255 128
172.96313477 177.54879761 399.42715454 64 255 128
246.75180054 297.57052612 387.31958008 64 255 128
195.72673035 210.45883179 352.76275635 64 255 128
203.27128601 270.10137939 360.35076904 64 255 128
147.36599731 255.41999817 354.44198608 64 255 128
69.69200134 154.99499512 433.66198730 64 255 128
188.53430176 233.57292175 397.28033447 64 255 128
232.34565735 221.92283630 393.08477783 64 255 128
202.32183838 279.55761719 414.62985229 64 255 128
161.70806885 251.20997620 415.01809692 64 255 128
242.51260376 296.35705566 377.76443481 64 255 128
240.63801575 291.59808350 415.72091675 64 255 128
102.47200012 214.92500305 347.37701416 64 255 128
236.56675720 224.18786621 354.79629517 64 255 128
99.94599915 206.04699707 444.77398682 64 255 128
78.87999725 169.07598877 391.52099609 64 255 128
102.45842743 96.43328094 385.21954346 64 255 128
93.66632843 107.43914795 382.54821777 64 255 128
129.29327393 89.23775482 332.91595459 64 255 128
86.31993866 148.53947449 457.49188232 64 255 128
170.72152710 169.28668213 403.87347412 64 255 128
99.52400208 219.37599182 357.00698853 64 255 128
90.46699524 223.50199890 409.66299438 64 255 128
177.45597839 263.83941650 407.42013550 64 255 128
146.80496216 145.04495239 317.58029175 64 255 128
104.18958282 248.12202454 391.03927612 64 255 128
103.11089325 245.80317688 412.91635132 64 255 128
219.51748657 259.20086670 409.29452515 64 255 128
210.51240540 286.14489746 365.52447510 64 255 128
134.88594055 236.61473083 427.80975342 64 255 128
284.46914673 253.48316956 382.22921753 64 255 128
97.52118683 146.39839172 435.77337646 64 255 128
174.30966187 174.54039001 328.80114746 64 255 128
96.22167206 137.81752014 429.26379395 64 255 128
244.68878174 233.14540100 353.44592285 64 255 128
92.66600037 215.39300537 434.48699951 64 255 128
84.16500092 178.55299377 462.71801758 64 255 128
202.26333618 198.07673645 362.84252930 64 255 128
82.59700012 165.10101318 466.25500488 64 255 128
88.48799896 218.82299805 403.15600586 64 255 128
163.47628784 263.27648926 412.68118286 64 255 128
186.44267273 282.81219482 375.82263184 64 255 128
160.77406311 143.09580994 386.67892456 64 255 128
211.52104187 301.81280518 415.88015747 64 255 128
74.47099304 166.47900391 455.28399658 64 255 128
93.86035919 103.13838196 390.85369873 64 255 128
79.53400421 139.77700806 395.11199951 64 255 128
159.15061951 229.69450378 426.75616455 64 255 128
197.21551514 179.02169800 362.10769653 64 255 128
162.70091248 112.26984406 353.34616089 64 255 128
248.31684875 292.98394775 376.57159424 64 255 128
182.98933411 127.69928741 335.52099609 64 255 128
184.45175171 160.48588562 337.44723511 64 255 128
159.23724365 156.83184814 319.92651367 64 255 128
98.13500214 174.11799622 342.89102173 64 255 128
241.46043396 299.39785767 405.81185913 64 255 128
166.60958862 158.51065063 401.96798706 64 255 128
195.79277039 173.00881958 352.63366699 64 255 128
155.83500671 252.18000793 353.39700317 64 255 128
68.44100189 166.03900146 428.56500244 64 255 128
104.36695862 123.02380371 341.23376465 64 255 128
155.36000061 243.47700500 348.75900269 64 255 128
169.93994141 279.07864380 376.08111572 64 255 128
84.47699738 182.83799744 457.72000122 64 255 128
194.83216858 292.55307007 412.92553711 64 255 128
100.37626648 171.89057922 445.25341797 64 255 128
255.62861633 258.11148071 397.83346558 64 255 128
248.35243225 285.55972290 368.03311157 64 255 128
131.50267029 172.47038269 433.35372925 64 255 128
136.33059692 110.22016144 321.64141846 64 255 128
152.16873169 280.76104736 405.18603516 64 255 128
70.73300171 167.40599060 416.56900024 64 255 128
266.77703857 260.89044189 394.05972290 64 255 128
132.20399475 249.87899780 354.83398438 64 255 128
136.12528992 269.40417480 382.51330566 64 255 128
119.69738770 86.57790375 358.70123291 64 255 128
167.48423767 192.94514465 405.30450439 64 255 128
204.72111511 300.25277710 414.84344482 64 255 128
202.92471313 190.87078857 363.02572632 64 255 128
269.01739502 290.38214111 401.65594482 64 255 128
100.85199738 215.89599609 439.80099487 64 255 128
179.06672668 137.85626221 330.46215820 64 255 128
92.91277313 119.13612366 415.85693359 64 255 128
187.14428711 172.59814453 368.87374878 64 255 128
103.12222290 98.84105682 365.92086792 64 255 128
96.87004852 103.20627594 396.12591553 64 255 128
186.17457581 190.92311096 389.14916992 64 255 128
104.47899628 242.04400635 431.35699463 64 255 128
151.01449585 179.98098755 320.70538330 64 255 128
159.92276001 283.53906250 401.01577759 64 255 128
225.70101929 283.73745728 362.34350586 64 255 128
143.90754700 104.76979065 321.49588013 64 255 128
152.85226440 134.79409790 318.97335815 64 255 128
236.31433105 300.85568237 395.84744263 64 255 128
112.88744354 171.12402344 441.74703979 64 255 128
238.47990417 217.27410889 387.45648193 64 255 128
88.30499268 125.07100677 367.27398682 64 255 128
131.89601135 216.57800293 336.39999390 64 255 128
287.46594238 265.62628174 379.29840088 64 255 128
206.66526794 223.52742004 404.69805908 64 255 128
200.84419250 265.63085938 410.53802490 64 255 128
113.25799561 157.51100159 333.63101196 64 255 128
208.80018616 183.82667542 377.85528564 64 255 128
177.07980347 284.84362793 385.21725464 64 255 128
116.74382782 228.49736023 438.07885742 64 255 128
79.06199646 160.57600403 383.36398315 64 255 128
250.97009277 246.00621033 395.98165894 64 255 128
103.51380157 154.37062073 435.50567627 64 255 128
93.06500244 230.75799561 398.22302246 64 255 128
196.58631897 296.09332275 383.79833984 64 255 128
275.43820190 219.96044922 354.13104248 64 255 128
179.76562500 241.46559143 405.30987549 64 255 128
177.08178711 128.70326233 327.74658203 64 255 128
164.43112183 193.78971863 412.63119507 64 255 128
157.56018066 125.10332489 320.36288452 64 255 128
86.36000061 208.95298767 393.94198608 64 255 128
129.57371521 103.59429932 374.31817627 64 255 128
97.19400024 227.48599243 372.21899414 64 255 128
81.63300323 181.32600403 384.68399048 64 255 128
75.58100128 175.38999939 451.25601196 64 255 128
174.07852173 115.42279816 339.52966309 64 255 128
130.34481812 219.92968750 423.38528442 64 255 128
148.72200012 243.37500000 348.61401367 64 255 128
148.82972717 95.54820251 325.88418579 64 255 128
104.29847717 115.29087067 341.88397217 64 255 128
290.28387451 221.69717407 357.13574219 64 255 128
117.03862000 212.15888977 441.34695435 64 255 128
118.40048218 240.09106445 440.62716675 64 255 128
244.49891663 258.59487915 358.29751587 64 255 128
199.31095886 187.49592590 382.70095825 64 255 128
110.79999542 242.33200073 363.47201538 64 255 128
218.32586670 230.20591736 352.17559814 64 255 128
122.95320892 178.47506714 440.51409912 64 255 128
144.91424561 147.04290771 401.02090454 64 255 128
126.43201447 141.47225952 321.58874512 64 255 128
127.21799469 259.46200562 373.96099854 64 255 128
178.22029114 193.18138123 332.77685547 64 255 128
124.91345978 94.83829498 330.58755493 64 255 128
96.67199707 192.73699951 345.96600342 64 255 128
235.17439270 263.07995605 358.37728882 64 255 128
136.25054932 271.59954834 394.19088745 64 255 128
142.20309448 264.61456299 423.58432007 64 255 128
217.24400330 291.67562866 415.83560181 64 255 128
76.40399933 147.42199707 385.44100952 64 255 128
127.45456696 150.73168945 320.13241577 64 255 128
81.33999634 172.54100037 382.23098755 64 255 128
78.68099976 186.54499817 407.87698364 64 255 128
96.13146973 235.29302979 389.58132935 64 255 128
274.23681641 216.14364624 358.55905151 64 255 128
111.52544403 255.15875244 420.23556519 64 255 128
172.38980103 116.75193787 326.01315308 64 255 128
118.69931793 259.35229492 383.86511230 64 255 128
237.43246460 241.06613159 354.40884399 64 255 128
177.37426758 188.80641174 402.55969238 64 255 128
277.74896240 274.36459351 377.39791870 64 255 128
201.39704895 302.29693604 408.89138794 64 255 128
190.42617798 199.48365784 349.36505127 64 255 128
235.80931091 283.42132568 411.40191650 64 255 128
164.58082581 229.11456299 423.33114624 64 255 128
83.31199646 180.02400208 374.13201904 64 255 128
253.62265015 289.23767090 412.41049194 64 255 128
255.40467834 215.85678101 352.78506470 64 255 128
243.10330200 270.93743896 360.50735474 64 255 128
230.54331970 263.44046021 408.25137329 64 255 128
88.58699799 144.69900513 359.20397949 64 255 128
199.24307251 278.32675171 364.81741333 64 255 128
171.56503296 253.06159973 353.23965454 64 255 128
125.04599762 182.21400452 331.04299927 64 255 128
185.25117493 254.17581177 352.87979126 64 255 128
118.92787170 139.97714233 325.83349609 64 255 128
283.31570435 263.43914795 389.76849365 64 255 128
188.29756165 194.75675964 339.00445557 64 255 128
198.19284058 207.03881836 402.71578979 64 255 128
135.24522400 155.28317261 417.67864990 64 255 128
110.01439667 92.64993286 357.07745361 64 255 128
279.83389282 281.55737305 396.19686890 64 255 128
84.50199890 131.25700378 385.66699219 64 255 128
226.16926575 238.89152527 353.28753662 64 255 128
171.39509583 121.16164398 352.05569458 64 255 128
121.87100220 256.39199829 374.75399780 64 255 128
226.96304321 218.86038208 393.59796143 64 255 128
169.30180359 257.00915527 411.94015503 64 255 128
165.22560120 283.21926880 388.39938354 64 255 128
209.44075012 249.30206299 411.63708496 64 255 128
91.99600220 226.26599121 389.03298950 64 255 128
146.48332214 273.78759766 382.68969727 64 255 128
75.09200287 149.68099976 403.32299805 64 255 128
167.58854675 106.65927124 335.31597900 64 255 128
229.47503662 293.14334106 415.08718872 64 255 128
93.78000641 117.21699524 371.87899780 64 255 128
80.34499359 179.87500000 394.54699707 64 255 128
102.78693390 108.87541962 402.54055786 64 255 128
161.48269653 130.15808105 319.98800659 64 255 128
111.35300446 214.12100220 340.60098267 64 255 128
283.59127808 214.79014587 353.07879639 64 255 128
123.47553253 127.98377991 323.64572144 64 255 128
183.14266968 217.39582825 393.22961426 64 255 128
68.86499786 160.72100830 436.45501709 64 255 128
137.04321289 273.08847046 412.49014282 64 255 128
122.84100342 220.81500244 339.21499634 64 255 128
146.55245972 116.25914764 318.40197754 64 255 128
191.75352478 161.34803772 367.93164062 64 255 128
233.78746033 226.68739319 395.65170288 64 255 128
212.38438416 263.09530640 410.71820068 64 255 128
232.86534119 252.14117432 355.24768066 64 255 128
285.69787598 258.10128784 385.20681763 64 255 128
289.54608154 255.32719421 374.13784790 64 255 128
117.57421875 112.59459686 389.50592041 64 255 128
118.23099518 251.23699951 369.77499390 64 255 128
123.60499573 257.14001465 434.03198242 64 255 128
167.95205688 272.47729492 365.40826416 64 255 128
213.02999878 206.08564758 371.25085449 64 255 128
267.63723755 213.21775818 359.18566895 64 255 128
219.98571777 221.80331421 399.27084351 64 255 128
251.64514160 295.07354736 386.49420166 64 255 128
77.26399994 162.95401001 391.67199707 64 255 128
108.92599487 139.27600098 337.26599121 64 255 128
148.22532654 128.78433228 380.82528687 64 255 128
77.11800385 125.58799744 403.89697266 64 255 128
126.11220551 230.06607056 428.44570923 64 255 128
189.79812622 210.91427612 402.38674927 64 255 128
96.86100769 233.76155090 382.52017212 64 255 128
172.66659546 110.56001282 331.35980225 64 255 128
87.03300476 195.95100403 440.04501343 64 255 128
159.80038452 138.39894104 381.65042114 64 255 128
148.38215637 275.13265991 415.89166260 64 255 128
224.63352966 282.85131836 410.79196167 64 255 128
178.12944031 188.82086182 396.74523926 64 255 128
136.49362183 140.57496643 318.58181763 64 255 128
88.10900116 181.18399048 354.63500977 64 255 128
229.80946350 211.40650940 381.97134399 64 255 128
226.38017273 223.96278381 353.64947510 64 255 128
100.57772827 245.40164185 401.03536987 64 255 128
90.52100372 121.72399902 361.98498535 64 255 128
122.04799652 197.01200867 331.80999756 64 255 128
188.31764221 169.36822510 373.81411743 64 255 128
135.94871521 272.24383545 402.31130981 64 255 128
126.51934052 243.05537415 436.79666138 64 255 128
165.05450439 102.87513733 332.08633423 64 255 128
123.72334290 265.02981567 417.32946777 64 255 128
263.70556641 225.54483032 355.44445801 64 255 128
88.31000519 207.63200378 376.48699951 64 255 128
227.16540527 252.31135559 404.57168579 64 255 128
274.07626343 282.56732178 385.36645508 64 255 128
121.22697449 145.76518250 411.59008789 64 255 128
236.53181458 288.35995483 413.77514648 64 255 128
107.40700531 130.38600159 340.03298950 64 255 128
150.46958923 239.27319336 426.06005859 64 255 128
134.96138000 269.82794189 387.50128174 64 255 128
147.15541077 230.23182678 431.04885864 64 255 128
252.57044983 292.15167236 379.97912598 64 255 128
189.44929504 266.08154297 401.68649292 64 255 128
134.34835815 206.80123901 421.70361328 64 255 128
230.45356750 275.13467407 410.54455566 64 255 128
179.49571228 232.22695923 406.22518921 64 255 128
105.70069122 137.70159912 416.84915161 64 255 128
176.91572571 151.77714539 379.55932617 64 255 128
111.10173035 233.77522278 440.88607788 64 255 128
88.30400085 193.77699280 357.83300781 64 255 128
293.47128296 244.65612793 371.90554810 64 255 128
140.00204468 99.41223145 362.18688965 64 255 128
195.70045471 183.89799500 352.30847168 64 255 128
75.51100159 151.67201233 391.51300049 64 255 128
249.37010193 279.93838501 408.23107910 64 255 128
119.24608612 263.12741089 408.65460205 64 255 128
165.87345886 277.48519897 374.48547363 64 255 128
281.87304688 236.18093872 372.70599365 64 255 128
193.67176819 166.38862610 348.84197998 64 255 128
180.02163696 291.96746826 393.44342041 64 255 128
185.65028381 263.86706543 356.77288818 64 255 128
156.59356689 96.21561432 339.00601196 64 255 128
153.99610901 153.03598022 404.84234619 64 255 128
121.03075409 261.33337402 425.09640503 64 255 128
81.84400177 125.24400330 395.13400269 64 255 128
283.36431885 245.06602478 377.42858887 64 255 128
222.97674561 256.08856201 353.34933472 64 255 128
111.98110199 146.87426758 419.12377930 64 255 128
131.36592102 101.01002502 324.53784180 64 255 128
154.71832275 178.47047424 421.34335327 64 255 128
167.78253174 147.08502197 385.92901611 64 255 128
123.66938019 159.63003540 427.87203979 64 255 128
155.50642395 97.00975800 326.33859253 64 255 128
274.77172852 268.76971436 394.39859009 64 255 128
190.68525696 177.50369263 342.17437744 64 255 128
224.03924561 239.40347290 404.46789551 64 255 128
108.42276764 91.49649811 376.31875610 64 255 128
156.79650879 113.94190979 320.50164795 64 255 128
128.25299072 252.65699768 359.30999756 64 255 128
82.00500488 168.64300537 370.89602661 64 255 128
92.30400085 222.94900513 380.38900757 64 255 128
93.90805054 143.23947144 440.01852417 64 255 128
232.13893127 301.93057251 403.40701294 64 255 128
101.76298523 106.02751923 351.51980591 64 255 128
157.80659485 172.57269287 417.59231567 64 255 128
171.83544922 269.05758667 410.95254517 64 255 128
230.15704346 286.42523193 363.88467407 64 255 128
214.57441711 240.42608643 408.14779663 64 255 128
145.73300171 264.04602051 365.39300537 64 255 128
287.38946533 269.47998047 388.27084351 64 255 128
112.01499939 205.65000916 336.83099365 64 255 128
83.67399597 129.34500122 391.37500000 64 255 128
162.21012878 280.94580078 384.72561646 64 255 128
85.47600555 210.31999207 419.12200928 64 255 128
131.90100098 123.54193878 387.11257935 64 255 128
150.80824280 114.20493317 368.27664185 64 255 128
194.52090454 161.76939392 357.86709595 64 255 128
91.83200073 228.99700928 406.97500610 64 255 128
167.28541565 218.92256165 415.14071655 64 255 128
193.56497192 159.45753479 350.31439209 64 255 128
109.09684753 105.82057190 394.05541992 64 255 128
143.22570801 221.52423096 426.82025146 64 255 128
116.13655090 260.09454346 394.01571655 64 255 128
167.52473450 281.92379761 383.11682129 64 255 128
155.70498657 280.51852417 392.53292847 64 255 128
134.38516235 83.24617004 345.98199463 64 255 128
163.84524536 109.65519714 323.71939087 64 255 128
129.50907898 203.94506836 440.18444824 64 255 128
72.14099884 145.84001160 418.51800537 64 255 128
242.88635254 235.45384216 395.19650269 64 255 128
162.16683960 208.49914551 330.89019775 64 255 128
77.49199677 156.85699463 461.40997314 64 255 128
204.37062073 272.09237671 413.71664429 64 255 128
84.03078461 118.07474518 408.00338745 64 255 128
218.51852417 251.16702271 410.16918945 64 255 128
190.79832458 215.41459656 399.52258301 64 255 128
133.09101868 249.37527466 431.35815430 64 255 128
88.01625061 129.46467590 431.50152588 64 255 128
177.06813049 142.20823669 367.78195190 64 255 128
105.51799774 236.24700928 365.27499390 64 255 128
156.96275330 200.37962341 398.97622681 64 255 128
240.36386108 208.88256836 366.58523560 64 255 128
199.44770813 260.79486084 357.53140259 64 255 128
129.25480652 260.19699097 430.96984863 64 255 128
276.39874268 285.00527954 399.86108398 64 255 128
119.06000519 181.53999329 330.88400269 64 255 128
186.04380798 207.47966003 338.78768921 64 255 128
259.90411377 208.51245117 356.51065063 64 255 128
214.88294983 216.58001709 399.08801270 64 255 128
176.37503052 276.86413574 410.22631836 64 255 128
115.34391022 188.37609863 442.91760254 64 255 128
87.06999969 128.03498840 375.16299438 64 255 128
216.64968872 300.05541992 382.48550415 64 255 128
276.38745117 226.06170654 353.80126953 64 255 128
254.37774658 206.90834045 356.93756104 64 255 128
83.94599915 201.15899658 393.18099976 64 255 128
131.50807190 136.21221924 397.81890869 64 255 128
75.20500183 181.29499817 424.59500122 64 255 128
107.35800171 233.31100464 356.67300415 64 255 128
238.45207214 299.92858887 388.26031494 64 255 128
93.44264984 227.52062988 382.52661133 64 255 128
184.59877014 234.61514282 393.97921753 64 255 128
135.48741150 121.67571259 320.70578003 64 255 128
153.84709167 168.48645020 418.46621704 64 255 128
133.70219421 149.36801147 409.46124268 64 255 128
227.05966187 267.04754639 356.96170044 64 255 128
167.98028564 213.41461182 403.50335693 64 255 128
114.19898987 259.61654663 404.64297485 64 255 128
271.14221191 252.53230286 361.01007080 64 255 128
133.04670715 170.81475830 320.12625122 64 255 128
108.53199768 239.61799622 437.14700317 64 255 128
106.11030579 93.58830261 367.07769775 64 255 128
124.31362915 152.44223022 418.05584717 64 255 128
278.09408569 260.38940430 388.77874756 64 255 128
85.78562164 141.27482605 449.29989624 64 255 128
274.96020508 255.42214966 386.92663574 64 255 128
214.14424133 245.48826599 352.48226929 64 255 128
237.58648682 298.67999268 412.72015381 64 255 128
172.77160645 181.77218628 409.44522095 64 255 128
103.38557434 224.57710266 437.99798584 64 255 128
194.13499451 213.90100098 347.12637329 64 255 128
74.19300079 178.45199585 430.13400269 64 255 128
160.44876099 105.50920868 323.72439575 64 255 128
76.11000061 136.24000549 405.00799561 64 255 128
139.15699768 205.78199768 333.72500610 64 255 128
107.25399780 188.48199463 336.68399048 64 255 128
155.15994263 235.33157349 427.07418823 64 255 128
163.96353149 281.58300781 411.61010742 64 255 128
146.49104309 189.05099487 322.73916626 64 255 128
224.18028259 300.90380859 383.05673218 64 255 128
168.04400635 197.85018921 396.81906128 64 255 128
286.41845703 253.72702026 368.31225586 64 255 128
99.36007690 105.06903839 370.17297363 64 255 128
115.61864471 97.78803253 336.42260742 64 255 128
90.05400085 118.89099884 383.03598022 64 255 128
211.05407715 303.84292603 407.01675415 64 255 128
181.61297607 224.40103149 339.08789062 64 255 128
270.56445312 243.72697449 358.17010498 64 255 128
166.92837524 121.37639618 357.65661621 64 255 128
278.10446167 266.94918823 371.04861450 64 255 128
222.77491760 243.24520874 352.99621582 64 255 128
85.31499481 144.11300659 364.58700562 64 255 128
106.34370422 101.13648987 394.35629272 64 255 128
247.96554565 267.23342896 360.10275269 64 255 128
172.66725159 223.97404480 337.06259155 64 255 128
82.93599701 205.06399536 415.56100464 64 255 128
211.62631226 290.41149902 414.74438477 64 255 128
108.30648041 248.27641296 382.17193604 64 255 128
179.40640259 226.91995239 397.35079956 64 255 128
172.78187561 183.49719238 328.60848999 64 255 128
246.21846008 226.75212097 389.43173218 64 255 128
175.47132874 179.39964294 387.06744385 64 255 128
92.14270020 108.01299286 400.44186401 64 255 128
144.38238525 212.09826660 421.15850830 64 255 128
73.37300110 134.24800110 412.82699585 64 255 128
190.60733032 281.48013306 370.88650513 64 255 128
112.71556854 94.11856842 381.43548584 64 255 128
163.79234314 178.04768372 323.83712769 64 255 128
188.37306213 163.24145508 341.43130493 64 255 128
238.31054688 258.31134033 404.34353638 64 255 128
279.64868164 247.81361389 360.76235962 64 255 128
91.29899597 145.46998596 352.56399536 64 255 128
146.85729980 156.78163147 413.19766235 64 255 128
101.64537811 120.23406219 409.16772461 64 255 128
215.30259705 213.74455261 394.77191162 64 255 128
101.46565247 114.32497406 346.72033691 64 255 128
93.24800110 192.74400330 350.01501465 64 255 128
123.07144928 91.16867828 367.50970459 64 255 128
207.64151001 199.91194153 361.62710571 64 255 128
175.86860657 233.05798340 340.99270630 64 255 128
85.69314575 112.74422455 396.83981323 64 255 128
167.51635742 140.84008789 376.18045044 64 255 128
116.97463226 89.29847717 370.39859009 64 255 128
131.95541382 267.09127808 423.75671387 64 255 128
176.66004944 119.21229553 342.09243774 64 255 128
156.27040100 202.97717285 406.40914917 64 255 128
192.96264648 225.17196655 404.32910156 64 255 128
271.14517212 264.59075928 393.58001709 64 255 128
222.30082703 303.52005005 400.40979004 64 255 128
140.42500305 216.34399414 336.87500000 64 255 128
99.71405029 187.45463562 445.82217407 64 255 128
144.90774536 157.17282104 318.08996582 64 255 128
167.86145020 245.09002686 348.32904053 64 255 128
163.89891052 153.60417175 321.53109741 64 255 128
102.60091400 176.84626770 443.50366211 64 255 128
110.81564331 117.99544525 332.43740845 64 255 128
95.21900177 218.31098938 365.65597534 64 255 128
167.72499084 263.27899170 362.74200439 64 255 128
112.62799835 223.69099426 344.65200806 64 255 128
239.98049927 252.09417725 402.08117676 64 255 128
165.70132446 174.62097168 413.36419678 64 255 128
147.93977356 97.20957184 354.73278809 64 255 128
281.41156006 279.36196899 391.02523804 64 255 128
134.19389343 145.11398315 404.82284546 64 255 128
119.06900024 214.20001221 337.22100830 64 255 128
179.86134338 209.60749817 334.71746826 64 255 128
188.32225037 190.86828613 383.68328857 64 255 128
238.00352478 267.77752686 406.99728394 64 255 128
167.75138855 218.39912415 409.93496704 64 255 128
186.69946289 241.68505859 399.38101196 64 255 128
218.77539062 210.30583191 375.41891479 64 255 128
184.54780579 154.82998657 371.08798218 64 255 128
120.32517242 118.62941742 325.69052124 64 255 128
200.72767639 238.19543457 349.63879395 64 255 128
148.21095276 128.47476196 319.08734131 64 255 128
106.66698456 129.21472168 408.52828979 64 255 128
205.96386719 222.51083374 346.52960205 64 255 128
161.71109009 188.61845398 324.65469360 64 255 128
179.27822876 255.18080139 404.73266602 64 255 128
157.96589661 278.27465820 382.71170044 64 255 128
112.95300293 237.47499084 355.05801392 64 255 128
150.80447388 190.90425110 410.33593750 64 255 128
208.33192444 260.11288452 411.51019287 64 255 128
159.26492310 162.24368286 320.38937378 64 255 128
89.05500031 221.40400696 397.92999268 64 255 128
183.07966614 217.66275024 337.70989990 64 255 128
119.40457916 91.30637360 337.96252441 64 255 128
223.24291992 215.17022705 354.12677002 64 255 128
81.24300385 192.78700256 431.66799927 64 255 128
128.52172852 84.50318909 351.47213745 64 255 128
115.71344757 125.61860657 327.89929199 64 255 128
177.96791077 155.23889160 329.74874878 64 255 128
206.88044739 281.39096069 364.51449585 64 255 128
187.84239197 223.59091187 391.48846436 64 255 128
85.27500153 173.93399048 360.41799927 64 255 128
79.89399719 196.37200928 410.08200073 64 255 128
127.09342194 179.30400085 325.03842163 64 255 128
191.12068176 262.69754028 405.17770386 64 255 128
93.31099701 202.64199829 355.72698975 64 255 128
207.14903259 208.42938232 397.11099243 64 255 128
214.45593262 211.67570496 360.00344849 64 255 128
191.42016602 195.66777039 405.88220215 64 255 128
119.83983612 85.28812408 346.77743530 64 255 128
142.03106689 118.89652252 377.69613647 64 255 128
181.62992859 175.68611145 370.42736816 64 255 128
121.86600494 214.27799988 438.02801514 64 255 128
179.68539429 291.61123657 402.28063965 64 255 128
148.36392212 203.05085754 405.51245117 64 255 128
172.24873352 286.88717651 403.39852905 64 255 128
193.21997070 291.17874146 378.69793701 64 255 128
254.31161499 237.20472717 355.21984863 64 255 128
109.79299927 173.66699219 334.24499512 64 255 128
72.28299713 144.22099304 427.11700439 64 255 128
212.09822083 214.43377686 384.71170044 64 255 128
141.72276306 167.02235413 317.49737549 64 255 128
215.20980835 276.35293579 412.45919800 64 255 128
116.08399963 184.54701233 333.63598633 64 255 128
167.24273682 189.88119507 326.96142578 64 255 128
94.02600098 199.70600891 351.51800537 64 255 128
182.70841980 191.58567810 399.12036133 64 255 128
158.76899719 232.35900879 345.38201904 64 255 128
266.44012451 274.36370850 399.83700562 64 255 128
169.51518250 115.71073914 349.80227661 64 255 128
123.08634949 159.45898438 325.68331909 64 255 128
72.18699646 146.67900085 432.72201538 64 255 128
75.54700470 142.74400330 405.37399292 64 255 128
162.03370667 116.11440277 357.57745361 64 255 128
82.52999878 136.38099670 383.69000244 64 255 128
179.92733765 211.83538818 398.50094604 64 255 128
130.73399353 188.59399414 331.16400146 64 255 128
267.76876831 247.37452698 386.93576050 64 255 128
104.92199707 200.38000488 339.81298828 64 255 128
120.50999451 241.51300049 354.10699463 64 255 128
262.71948242 290.82363892 389.88833618 64 255 128
165.02557373 167.55393982 409.52139282 64 255 128
252.41923523 210.56332397 367.66833496 64 255 128
192.29617310 287.04864502 412.58700562 64 255 128
104.34700012 165.97200012 337.28399658 64 255 128
83.77899933 175.19900513 369.94699097 64 255 128
266.96670532 278.99090576 374.69338989 64 255 128
161.26100159 237.76400757 348.47799683 64 255 128
88.98100281 220.34999084 413.95101929 64 255 128
171.43464661 110.34508514 326.47048950 64 255 128
98.05899811 197.61399841 446.23397827 64 255 128
174.97540283 280.53250122 375.50241089 64 255 128
83.15876770 117.93422699 399.92089844 64 255 128
127.75622559 248.77195740 436.35247803 64 255 128
186.39170837 279.00012207 407.17523193 64 255 128
187.15844727 276.48504639 370.12911987 64 255 128
183.29185486 134.29641724 352.15176392 64 255 128
128.26432800 128.95968628 320.44430542 64 255 128
156.53195190 193.26545715 325.64968872 64 255 128
293.34268188 224.51020813 359.89791870 64 255 128
133.62719727 86.10156250 350.55383301 64 255 128
151.13093567 195.79473877 398.66445923 64 255 128
144.73071289 199.12229919 400.61883545 64 255 128
198.20603943 257.04632568 410.91329956 64 255 128
124.67443848 172.50155640 324.26837158 64 255 128
175.40576172 233.57972717 415.24536133 64 255 128
180.64903259 269.50622559 406.17214966 64 255 128
219.09555054 209.41200256 366.29916382 64 255 128
193.42446899 270.61663818 363.94949341 64 255 128
241.82521057 289.04034424 368.19827271 64 255 128
167.31297302 245.79296875 415.83508301 64 255 128
241.84741211 254.42442322 358.64334106 64 255 128
90.03900146 219.27699280 423.62200928 64 255 128
237.67163086 273.43475342 409.44415283 64 255 128
251.97616577 227.41081238 385.53945923 64 255 128
154.33131409 148.89070129 318.76199341 64 255 128
98.40689850 99.53038025 386.26303101 64 255 128
161.93238831 239.08110046 423.09118652 64 255 128
88.15000153 167.91300964 354.48199463 64 255 128
206.56820679 253.38888550 412.00302124 64 255 128
166.29048157 206.28440857 402.00439453 64 255 128
135.53921509 94.08912659 326.60980225 64 255 128
212.59463501 195.85466003 386.10733032 64 255 128
136.72108459 90.90432739 356.20175171 64 255 128
82.88139343 134.32928467 440.29687500 64 255 128
220.03968811 287.09658813 413.15319824 64 255 128
80.00600433 173.78799438 462.47900391 64 255 128
199.09658813 250.78860474 352.66687012 64 255 128
210.09416199 218.76388550 403.84786987 64 255 128
81.90013885 120.59509277 412.08679199 64 255 128
187.04129028 240.37364197 346.95321655 64 255 128
71.07199860 153.70700073 414.47601318 64 255 128
104.91699982 221.57800293 348.83200073 64 255 128
144.72836304 270.52731323 374.39022827 64 255 128
86.07800293 181.88000488 361.53201294 64 255 128
144.76507568 87.42968750 332.15744019 64 255 128
264.59497070 287.24749756 408.35964966 64 255 128
181.12141418 162.18638611 333.61471558 64 255 128
160.05865479 140.45352173 320.11718750 64 255 128
149.50799561 221.39999390 340.58898926 64 255 128
164.96400452 248.26901245 353.36102295 64 255 128
96.53245544 121.77381134 352.00564575 64 255 128
100.11280060 236.43453979 377.33764648 64 255 128
74.40100098 171.17500305 407.85101318 64 255 128
154.77786255 95.67760468 343.66964722 64 255 128
72.65699768 151.45799255 443.03701782 64 255 128
172.31666565 246.64508057 412.93759155 64 255 128
204.23052979 302.05871582 395.63299561 64 255 128
193.68440247 171.56428528 348.39230347 64 255 128
128.98905945 214.98336792 424.31219482 64 255 128
123.44599915 237.94200134 349.97497559 64 255 128
229.86372375 213.48153687 355.77896118 64 255 128
236.88134766 279.50811768 361.11001587 64 255 128
286.62109375 225.93754578 353.32873535 64 255 128
230.85833740 247.57878113 354.76657104 64 255 128
139.75279236 175.57313538 319.04418945 64 255 128
245.43710327 252.97146606 401.18853760 64 255 128
249.15969849 297.33810425 398.65469360 64 255 128
98.12400055 211.30400085 350.14297485 64 255 128
90.46500397 156.21200562 352.55899048 64 255 128
272.83346558 279.96258545 402.96231079 64 255 128
112.56700134 231.38000488 349.88000488 64 255 128
192.39494324 271.09225464 410.18743896 64 255 128
109.36199951 249.88600159 429.84500122 64 255 128
115.26666260 121.50780487 397.56115723 64 255 128
204.45675659 205.57604980 400.91784668 64 255 128
102.69200134 188.27200317 339.70800781 64 255 128
93.14299774 229.40299988 393.51901245 64 255 128
149.56166077 196.18692017 406.61572266 64 255 128
294.40768433 231.25126648 357.85974121 64 255 128
137.72438049 200.02253723 428.22009277 64 255 128
234.56904602 298.20458984 378.15457153 64 255 128
98.98400116 231.19700623 431.28100586 64 255 128
118.53811646 170.97116089 438.06112671 64 255 128
149.05821228 168.11026001 419.82882690 64 255 128
80.00000000 148.71400452 375.34698486 64 255 128
108.68244934 243.55114746 372.65518188 64 255 128
236.76843262 229.85395813 352.01492310 64 255 128
80.63349152 147.80355835 455.34069824 64 255 128
147.65739441 172.52264404 422.22235107 64 255 128
236.22607422 214.57221985 355.01062012 64 255 128
157.67245483 120.27735901 319.64202881 64 255 128
174.90380859 284.06173706 409.14508057 64 255 128
178.68223572 175.70053101 376.98553467 64 255 128
187.31936646 287.00155640 377.26235962 64 255 128
215.35501099 201.05993652 378.61517334 64 255 128
106.80587006 119.76821136 404.64440918 64 255 128
210.36178589 275.04211426 359.66433716 64 255 128
192.71394348 191.34587097 370.26489258 64 255 128
186.66311646 176.36891174 365.48184204 64 255 128
258.28826904 290.15454102 409.99795532 64 255 128
80.72000122 139.38200378 389.98498535 64 255 128
156.25941467 191.74717712 409.15502930 64 255 128
245.52758789 273.66885376 406.56210327 64 255 128
122.82789612 184.94491577 440.70205688 64 255 128
180.96693420 249.83116150 402.41293335 64 255 128
78.09200287 189.72801208 421.41699219 64 255 128
124.45264435 262.43185425 382.04467773 64 255 128
76.52961731 136.69468689 429.78909302 64 255 128
94.01799774 173.99099731 346.57897949 64 255 128
89.00699615 203.61700439 368.71200562 64 255 128
166.95309448 274.43820190 414.67663574 64 255 128
127.14326477 267.61874390 396.61010742 64 255 128
191.10223389 191.81134033 392.38101196 64 255 128
214.28718567 205.18571472 385.77227783 64 255 128
160.77400208 265.38500977 362.52200317 64 255 128
126.23763275 135.83906555 320.65509033 64 255 128
189.07153320 224.24919128 341.66183472 64 255 128
188.29225159 231.55154419 391.45257568 64 255 128
164.05531311 229.77488708 344.25531006 64 255 128
248.35667419 214.31967163 353.63150024 64 255 128
198.38825989 287.08401489 371.81985474 64 255 128
248.62425232 237.38719177 355.88754272 64 255 128
184.91186523 132.80831909 335.45257568 64 255 128
148.23219299 135.95027161 386.72775269 64 255 128
266.43395996 220.27758789 354.45214844 64 255 128
192.37014771 150.71896362 350.28735352 64 255 128
