ply
format ascii 1.0
element vertex 4096
property float x
property float y
property float z
property uchar red
property uchar green
property uchar blue
end_header
220.37957764 260.05813599 405.06451416 255 64 64
224.77810669 260.93066406 416.80316162 255 64 64
229.24420166 255.53240967 404.12799072 255 64 64
232.03475952 258.91055298 412.62091064 255 64 64
71.78392029 133.00869751 515.63775635 255 64 64
68.51235962 141.30487061 521.65014648 255 64 64
67.74465942 127.79727173 508.12469482 255 64 64
64.82888031 136.08746338 513.27850342 255 64 64
88.29605103 87.39342499 426.36743164 255 64 64
79.81205750 92.02647400 427.79748535 255 64 64
93.98991394 85.86695862 416.69161987 255 64 64
84.42765808 89.40684509 416.21188354 255 64 64
85.13166809 93.08614349 446.17770386 255 64 64
77.41389465 97.62255096 450.05148315 255 64 64
88.92993164 87.52290344 435.25991821 255 64 64
79.62408447 91.83496094 437.48550415 255 64 64
74.60339355 97.29206848 428.89923096 255 64 64
68.41009521 104.79120636 431.83911133 255 64 64
79.11918640 93.98473358 418.74667358 255 64 64
71.96389008 101.25729370 420.63113403 255 64 64
73.87734985 123.50967407 502.37048340 255 64 64
70.74019623 129.14099121 510.17770386 255 64 64
74.40591431 118.32606506 492.48822021 255 64 64
71.31324005 123.83563232 499.54614258 255 64 64
66.31449890 144.45964050 521.20727539 255 64 64
68.14580536 155.43109131 526.51409912 255 64 64
62.86280823 146.67579651 517.47656250 255 64 64
65.27374268 157.94935608 522.44354248 255 64 64
105.58900452 85.57895660 420.49591064 255 64 64
96.17880249 86.19458008 422.10858154 255 64 64
113.58305359 87.70852661 412.89910889 255 64 64
101.99545288 87.00357819 411.82211304 255 64 64
109.25814819 85.26938629 423.95321655 255 64 64
106.03031921 86.67262268 433.97457886 255 64 64
120.37469482 88.03091431 418.38449097 255 64 64
117.22139740 88.50094604 427.61083984 255 64 64
222.57777405 236.23721313 403.76354980 255 64 64
228.81280518 245.18331909 409.56231689 255 64 64
227.02496338 231.45558167 399.35919189 255 64 64
232.24833679 239.37733459 403.72689819 255 64 64
67.89241028 119.04247284 485.48162842 255 64 64
64.56469727 127.05441284 491.60437012 255 64 64
67.93849182 115.16271973 472.84655762 255 64 64
63.91662598 123.17067719 478.26373291 255 64 64
69.33276367 107.50196075 455.92199707 255 64 64
64.93822479 116.35861969 460.27020264 255 64 64
71.84880066 102.90468597 444.54110718 255 64 64
66.39288330 111.63414001 448.06011963 255 64 64
123.65924835 91.86803436 409.92581177 255 64 64
123.73577118 92.41809845 420.60705566 255 64 64
133.80513000 96.57760620 405.97647095 255 64 64
133.88690186 96.32263947 416.18865967 255 64 64
81.25160217 105.49765778 460.85644531 255 64 64
77.49482727 111.20896912 468.72427368 255 64 64
88.04118347 103.42262268 450.79528809 255 64 64
84.08192444 109.35753632 457.58883667 255 64 64
221.20350647 256.48239136 426.19049072 255 64 64
222.84127808 253.51791382 437.85363770 255 64 64
229.18165588 254.13592529 420.18750000 255 64 64
229.71359253 253.79368591 429.82232666 255 64 64
60.92830658 136.32579041 499.63723755 255 64 64
59.87006378 146.15637207 505.66555786 255 64 64
59.27712250 135.51087952 488.31597900 255 64 64
58.30817413 145.40505981 494.04617310 255 64 64
58.62546539 153.00418091 510.27957153 255 64 64
62.42771149 163.37936401 516.17968750 255 64 64
56.42471313 159.13984680 501.41494751 255 64 64
60.93950653 169.32023621 507.47509766 255 64 64
96.51636505 93.67476654 405.85168457 255 64 64
87.37945557 98.31378174 403.96795654 255 64 64
105.23470306 97.37614441 400.90509033 255 64 64
96.32238770 101.56695557 398.04000854 255 64 64
60.66318512 124.09646606 466.87808228 255 64 64
58.36877441 133.91709900 472.17749023 255 64 64
62.31685638 120.97397614 454.58886719 255 64 64
59.03436279 130.92778015 459.57473755 255 64 64
61.92845154 119.20742035 434.99960327 255 64 64
58.80596161 128.03228760 439.64395142 255 64 64
65.35280609 114.28616333 424.07785034 255 64 64
61.05367279 123.15475464 428.36206055 255 64 64
199.72398376 239.18107605 390.93609619 255 64 64
203.50784302 251.48022461 396.19824219 255 64 64
213.74935913 237.42430115 393.45538330 255 64 64
210.82809448 246.41015625 394.97836304 255 64 64
212.24304199 214.01257324 399.39782715 255 64 64
219.35064697 223.38201904 401.75857544 255 64 64
219.07833862 213.15641785 396.09246826 255 64 64
225.02319336 220.26004028 398.21621704 255 64 64
119.23489380 94.32227325 407.46310425 255 64 64
109.10221100 95.22463226 406.31643677 255 64 64
126.80360413 100.49221802 403.49755859 255 64 64
115.72483063 101.13569641 400.03918457 255 64 64
102.80210876 95.78695679 434.94393921 255 64 64
98.78147888 103.19069672 443.71713257 255 64 64
114.03491974 99.66174316 430.48754883 255 64 64
110.40658569 106.24063873 438.04434204 255 64 64
56.36423492 144.96139526 483.44647217 255 64 64
57.33544922 154.94302368 489.98065186 255 64 64
54.98587799 144.46250916 472.41342163 255 64 64
56.19855499 154.79396057 479.07379150 255 64 64
216.84152222 248.73553467 449.83697510 255 64 64
216.28771973 244.22073364 460.38504028 255 64 64
223.32501221 249.47938538 441.05532837 255 64 64
222.26437378 247.45104980 450.24093628 255 64 64
73.77542114 107.68801880 407.77935791 255 64 64
68.36323547 115.79535675 409.88470459 255 64 64
82.08500671 106.44776154 399.51104736 255 64 64
75.61741638 114.51734161 401.01562500 255 64 64
192.98164368 259.98785400 408.96279907 255 64 64
193.96847534 260.28027344 420.47885132 255 64 64
205.49011230 260.35034180 408.84790039 255 64 64
200.97259521 261.01171875 415.45538330 255 64 64
78.20023346 118.62006378 479.59179688 255 64 64
78.06905365 123.22428894 490.61294556 255 64 64
85.26509094 119.40465546 468.73562622 255 64 64
86.68646240 125.03945160 478.90808105 255 64 64
79.54621887 146.79109192 519.88598633 255 64 64
77.26098633 157.32527161 527.61962891 255 64 64
88.06498718 152.46713257 515.21911621 255 64 64
86.64386749 163.42268372 522.74609375 255 64 64
205.63128662 243.18862915 468.43527222 255 64 64
203.74853516 237.89570618 477.81466675 255 64 64
213.23626709 245.18217468 461.29937744 255 64 64
210.30880737 241.52700806 469.47131348 255 64 64
80.20104980 126.21762085 497.10137939 255 64 64
82.56130981 131.45887756 509.06262207 255 64 64
88.32032013 128.40693665 488.26458740 255 64 64
91.85821533 134.00000000 499.56198120 255 64 64
65.47856140 177.48063660 517.45697021 255 64 64
71.61422729 183.00013733 522.85717773 255 64 64
70.41769409 187.02697754 513.24127197 255 64 64
76.97473145 192.83071899 518.73498535 255 64 64
200.58409119 258.86688232 430.96472168 255 64 64
201.41366577 255.24652100 442.08325195 255 64 64
213.22982788 258.31658936 431.09838867 255 64 64
209.80273438 257.30093384 439.00598145 255 64 64
140.40986633 106.31852722 401.29241943 255 64 64
145.47621155 107.37939453 409.87875366 255 64 64
145.80218506 114.39853668 399.75006104 255 64 64
151.27299500 115.85071564 409.01812744 255 64 64
180.35125732 231.26884460 486.40060425 255 64 64
176.52716064 226.34361267 493.62942505 255 64 64
191.32669067 233.19256592 481.45922852 255 64 64
186.59425354 228.55355835 488.69998169 255 64 64
94.42059326 109.10939789 397.23138428 255 64 64
86.80020905 115.19338226 395.90808105 255 64 64
104.43254089 112.08480835 393.23974609 255 64 64
96.56768036 117.95413971 391.15579224 255 64 64
210.57626343 236.58421326 418.17333984 255 64 64
212.38421631 244.78994751 426.21905518 255 64 64
219.46125793 237.81701660 410.76736450 255 64 64
217.01055908 242.53602600 418.12091064 255 64 64
62.22585297 129.41357422 417.82211304 255 64 64
59.35876465 139.53829956 421.54577637 255 64 64
68.33865356 126.30499268 406.69165039 255 64 64
64.05343628 136.15942383 409.75302124 255 64 64
130.07756042 107.96652222 395.52587891 255 64 64
120.96648407 110.27261353 391.16909790 255 64 64
138.17098999 116.19759369 397.49954224 255 64 64
128.98439026 119.47412109 391.81704712 255 64 64
56.80755615 135.58692932 449.80471802 255 64 64
56.10420227 145.84284973 455.32620239 255 64 64
59.43166351 131.79064941 437.53237915 255 64 64
57.98719025 142.54345703 443.25860596 255 64 64
100.10375214 109.32992554 438.60144043 255 64 64
97.01431274 118.63180542 446.77438354 255 64 64
110.40538788 113.56347656 434.97610474 255 64 64
107.39718628 121.93914795 442.36990356 255 64 64
58.79882812 172.43684387 494.92129517 255 64 64
63.77970886 179.28405762 502.81796265 255 64 64
63.07709503 181.21101379 486.13919067 255 64 64
68.43164062 187.37451172 494.76925659 255 64 64
79.26799011 122.19320679 396.75241089 255 64 64
74.21456146 131.36589050 397.09924316 255 64 64
89.67495728 121.91693115 389.13598633 255 64 64
83.95271301 130.84515381 388.87612915 255 64 64
186.88862610 250.47808838 453.92633057 255 64 64
186.57458496 246.20478821 464.08187866 255 64 64
198.54702759 251.42703247 454.15219116 255 64 64
193.72317505 248.94430542 461.25106812 255 64 64
189.90377808 225.41818237 470.68530273 255 64 64
189.79124451 225.86389160 479.76953125 255 64 64
198.97039795 229.50067139 464.07312012 255 64 64
195.57229614 226.87655640 472.49450684 255 64 64
153.41735840 223.66268921 496.59664917 255 64 64
148.81213379 218.74639893 501.48712158 255 64 64
164.37490845 223.82565308 497.23367310 255 64 64
158.98855591 219.36155701 502.42028809 255 64 64
173.69456482 243.27159119 393.35247803 255 64 64
173.79891968 251.67706299 401.97064209 255 64 64
187.30303955 246.29391479 393.34906006 255 64 64
181.35494995 249.96795654 397.57714844 255 64 64
201.43612671 229.13578796 446.72030640 255 64 64
203.11563110 232.29231262 456.07882690 255 64 64
209.62023926 234.22729492 439.46743774 255 64 64
207.11239624 233.63896179 447.91366577 255 64 64
139.46379089 108.55751801 415.29345703 255 64 64
136.94490051 117.29095459 423.02514648 255 64 64
147.99647522 114.44075775 414.29766846 255 64 64
145.31622314 122.15257263 421.77496338 255 64 64
87.45256042 121.38511658 462.74496460 255 64 64
88.21182251 126.36302185 473.46398926 255 64 64
94.58798218 125.68326569 453.88232422 255 64 64
96.37332153 130.93545532 463.73675537 255 64 64
152.95263672 119.87680054 415.29666138 255 64 64
154.26791382 127.06786346 424.24673462 255 64 64
158.30519104 126.27680969 412.18609619 255 64 64
159.45948792 132.92129517 421.60723877 255 64 64
169.23649597 256.53656006 413.00503540 255 64 64
169.05761719 254.25656128 424.30642700 255 64 64
181.15806580 258.35195923 412.72952271 255 64 64
176.03442383 256.13854980 419.35140991 255 64 64
74.60430145 195.13563538 505.69927979 255 64 64
78.87959290 197.11874390 513.87518311 255 64 64
81.98419189 203.67329407 498.35714722 255 64 64
85.17823792 203.36347961 506.89978027 255 64 64
119.72425079 112.72440338 429.39025879 255 64 64
115.48921204 122.10181427 437.48367310 255 64 64
131.04650879 115.63621521 425.08340454 255 64 64
126.87953949 123.69586182 432.20492554 255 64 64
202.00119019 208.59963989 410.93429565 255 64 64
205.19721985 217.61431885 417.13183594 255 64 64
210.67091370 212.92610168 402.68054199 255 64 64
209.80482483 215.76213074 409.76080322 255 64 64
95.54554749 149.49198914 501.24337769 255 64 64
96.19461060 157.20976257 510.96862793 255 64 64
101.89450073 154.47286987 493.82772827 255 64 64
102.60357666 161.98194885 503.93258667 255 64 64
174.34204102 254.16241455 434.53967285 255 64 64
172.75048828 251.82400513 445.10168457 255 64 64
185.68722534 255.64730835 435.41238403 255 64 64
179.82112122 253.76084900 441.93017578 255 64 64
111.69467926 118.32764435 389.73971558 255 64 64
104.00273895 125.15697479 386.11437988 255 64 64
122.54029083 122.22727966 390.65499878 255 64 64
115.21009064 128.92543030 386.25448608 255 64 64
89.77398682 172.65745544 516.09027100 255 64 64
86.04528046 179.47286987 522.85302734 255 64 64
96.32519531 178.63708496 507.31707764 255 64 64
92.84990692 185.07485962 515.13421631 255 64 64
140.85240173 119.78650665 393.88800049 255 64 64
144.60772705 121.30004883 397.92279053 255 64 64
143.93791199 128.67893982 394.95733643 255 64 64
149.10562134 131.26181030 399.30813599 255 64 64
134.38764954 208.46801758 496.94519043 255 64 64
130.12527466 208.76826477 500.56805420 255 64 64
145.32133484 209.56181335 498.69500732 255 64 64
139.13598633 208.33274841 503.65005493 255 64 64
189.65438843 167.37040710 420.72131348 255 64 64
193.44519043 169.65910339 430.51016235 255 64 64
194.59700012 172.26327515 412.69348145 255 64 64
196.67453003 172.34613037 422.91561890 255 64 64
183.88348389 218.01396179 391.83325195 255 64 64
185.41186523 230.96900940 394.82855225 255 64 64
196.98257446 219.75109863 392.77236938 255 64 64
192.76020813 226.49993896 394.21435547 255 64 64
152.83369446 173.52481079 446.83929443 255 64 64
150.32809448 173.51086426 446.86865234 255 64 64
153.15576172 173.50695801 446.79037476 255 64 64
152.83967590 173.53005981 446.82119751 255 64 64
177.49418640 223.77256775 476.67364502 255 64 64
173.29257202 223.68688965 476.67523193 255 64 64
178.06828308 223.79656982 476.62130737 255 64 64
177.44717407 223.78581238 476.63949585 255 64 64
153.99407959 205.23396301 494.40441895 255 64 64
150.46829224 205.18167114 494.43725586 255 64 64
154.52243042 205.23056030 494.33575439 255 64 64
153.89584351 205.24201965 494.37753296 255 64 64
196.18856812 220.92037964 466.95050049 255 64 64
192.81863403 220.87377930 466.99606323 255 64 64
196.47329712 220.93128967 466.93444824 255 64 64
196.16445923 220.94380188 466.97601318 255 64 64
162.74893188 214.24232483 493.10894775 255 64 64
158.61311340 214.14111328 493.19653320 255 64 64
163.39654541 214.24938965 492.99737549 255 64 64
162.65591431 214.22195435 493.08337402 255 64 64
110.53186035 180.49259949 497.90753174 255 64 64
108.04331207 180.48799133 497.91687012 255 64 64
110.94944763 180.51741028 497.82861328 255 64 64
110.46041107 180.55227661 497.83514404 255 64 64
182.55859375 213.07092285 471.76797485 255 64 64
179.32839966 213.01669312 471.80212402 255 64 64
182.91705322 213.07586670 471.75482178 255 64 64
182.58975220 213.07928467 471.79058838 255 64 64
188.65953064 215.35534668 459.91674805 255 64 64
185.24002075 215.26617432 459.96722412 255 64 64
189.02500916 215.36483765 459.89019775 255 64 64
188.62625122 215.34146118 459.93377686 255 64 64
172.16549683 213.09526062 487.18463135 255 64 64
168.27809143 213.01034546 487.22363281 255 64 64
172.73100281 213.08547974 487.12994385 255 64 64
172.11683655 213.06967163 487.17523193 255 64 64
179.84799194 212.35910034 423.92364502 255 64 64
176.23010254 212.30764771 423.97186279 255 64 64
180.24223328 212.35012817 423.90222168 255 64 64
179.89572144 212.37374878 423.94381714 255 64 64
165.29133606 206.62559509 484.29650879 255 64 64
161.97816467 206.55603027 484.36700439 255 64 64
165.75729370 206.61593628 484.24749756 255 64 64
165.31341553 206.60678101 484.31738281 255 64 64
189.10006714 229.80149841 464.88796997 255 64 64
185.24229431 229.70864868 464.93911743 255 64 64
189.54296875 229.80566406 464.87594604 255 64 64
189.12297058 229.79443359 464.92263794 255 64 64
114.76257324 179.44613647 488.90386963 255 64 64
112.11524200 179.43659973 488.91094971 255 64 64
115.21742249 179.44868469 488.83187866 255 64 64
114.71040344 179.47978210 488.84140015 255 64 64
122.86182404 177.17839050 481.71841431 255 64 64
120.21169281 177.16189575 481.73422241 255 64 64
123.29957581 177.19549561 481.62774658 255 64 64
122.80780792 177.21919250 481.64764404 255 64 64
171.67729187 199.75108337 422.86654663 255 64 64
168.50996399 199.71041870 422.90917969 255 64 64
172.04338074 199.71775818 422.84127808 255 64 64
171.70474243 199.73707581 422.87802124 255 64 64
141.28854370 202.60836792 483.41937256 255 64 64
137.84906006 202.52787781 483.46350098 255 64 64
141.86225891 202.62322998 483.34399414 255 64 64
141.26414490 202.60462952 483.39276123 255 64 64
152.67626953 216.82925415 494.13482666 255 64 64
148.59355164 216.72422791 494.20895386 255 64 64
153.34877014 216.82681274 494.03567505 255 64 64
152.61497498 216.79847717 494.11016846 255 64 64
170.15087891 208.66427612 448.04803467 255 64 64
166.64993286 208.60099792 448.08566284 255 64 64
170.61444092 208.65827942 448.02130127 255 64 64
170.17449951 208.66351318 448.05859375 255 64 64
138.25524902 209.93896484 499.02200317 255 64 64
134.39009094 209.85783386 499.05499268 255 64 64
138.95704651 209.94354248 498.91174316 255 64 64
138.23008728 209.93070984 498.95349121 255 64 64
198.76879883 219.11979675 451.49227905 255 64 64
195.50550842 219.06912231 451.55810547 255 64 64
199.03765869 219.12974548 451.46072388 255 64 64
198.77157593 219.13305664 451.50991821 255 64 64
155.94309998 203.61404419 480.57006836 255 64 64
152.66055298 203.53686523 480.63989258 255 64 64
156.44413757 203.60049438 480.51623535 255 64 64
155.96376038 203.58578491 480.58151245 255 64 64
172.96250916 208.55419922 457.89260864 255 64 64
169.74423218 208.49462891 457.93994141 255 64 64
173.37258911 208.54983521 457.89880371 255 64 64
172.99801636 208.55250549 457.94467163 255 64 64
130.27265930 206.33830261 488.33221436 255 64 64
127.10452271 206.29925537 488.35519409 255 64 64
130.79797363 206.34048462 488.26153564 255 64 64
130.21542358 206.35437012 488.29110718 255 64 64
98.92869568 188.99572754 502.92037964 255 64 64
96.85049438 188.99220276 502.92242432 255 64 64
99.21145630 189.00898743 502.86242676 255 64 64
98.84452820 189.03688049 502.85317993 255 64 64
119.00629425 203.51556396 497.23101807 255 64 64
115.89979553 203.49319458 497.23928833 255 64 64
119.57511902 203.52221680 497.14895630 255 64 64
118.97455597 203.54876709 497.16558838 255 64 64
187.44177246 222.82284546 474.12994385 255 64 64
183.86872864 222.73397827 474.16271973 255 64 64
187.83041382 222.82107544 474.09042358 255 64 64
187.41191101 222.80494690 474.12438965 255 64 64
199.60717773 228.57424927 461.36032104 255 64 64
196.04846191 228.51391602 461.40835571 255 64 64
199.90487671 228.58905029 461.31652832 255 64 64
199.57040405 228.58937073 461.35681152 255 64 64
155.37203979 200.46411133 458.95928955 255 64 64
152.06628418 200.40577698 459.02648926 255 64 64
155.86857605 200.46096802 458.91116333 255 64 64
155.40028381 200.46414185 458.97354126 255 64 64
144.64952087 201.28536987 469.84228516 255 64 64
141.20994568 201.21867371 469.89746094 255 64 64
145.23243713 201.28785706 469.76919556 255 64 64
144.69535828 201.28234863 469.82620239 255 64 64
189.94186401 217.36030579 434.35714722 255 64 64
186.47540283 217.29760742 434.41329956 255 64 64
190.30352783 217.34097290 434.34732056 255 64 64
190.04602051 217.34436035 434.39810181 255 64 64
140.06843567 176.20349121 439.99212646 255 64 64
137.46347046 176.17552185 439.99270630 255 64 64
140.47656250 176.19902039 439.99267578 255 64 64
140.11674500 176.21424866 439.99929810 255 64 64
96.35826111 212.66625977 494.45153809 255 64 64
94.15142059 212.64683533 494.46563721 255 64 64
96.68012238 212.71600342 494.38085938 255 64 64
96.35586548 212.73248291 494.38031006 255 64 64
148.32701111 186.82604980 431.64767456 255 64 64
145.35520935 186.77883911 431.66546631 255 64 64
148.73901367 186.82415771 431.62774658 255 64 64
148.30361938 186.83084106 431.64797974 255 64 64
127.57249451 214.85063171 501.79132080 255 64 64
124.22028351 214.81539917 501.80078125 255 64 64
128.12913513 214.85987854 501.71737671 255 64 64
127.51210785 214.88504028 501.73522949 255 64 64
132.02003479 182.97880554 458.54858398 255 64 64
129.23057556 182.93931580 458.57708740 255 64 64
132.47167969 182.97735596 458.51248169 255 64 64
131.98558044 182.98605347 458.54626465 255 64 64
152.04794312 178.09677124 437.15988159 255 64 64
149.54992676 178.04995728 437.19760132 255 64 64
152.37763977 178.07853699 437.12289429 255 64 64
152.07870483 178.07670593 437.15692139 255 64 64
128.27343750 168.54844666 468.13687134 255 64 64
126.04535675 168.53776550 468.14996338 255 64 64
128.59992981 168.56045532 468.09237671 255 64 64
128.26889038 168.58209229 468.10665894 255 64 64
115.16294098 215.14422607 505.63394165 255 64 64
112.35958099 215.12921143 505.62255859 255 64 64
115.58365631 215.17752075 505.54782104 255 64 64
115.08551788 215.20947266 505.53741455 255 64 64
127.59211731 223.53688049 497.05017090 255 64 64
124.09931183 223.47883606 497.08248901 255 64 64
128.15936279 223.54916382 496.98294067 255 64 64
127.51737976 223.55863953 497.01608276 255 64 64
194.30741882 236.93211365 449.54043579 255 64 64
189.87225342 236.82543945 449.57800293 255 64 64
194.81250000 236.94984436 449.50555420 255 64 64
194.25074768 236.92675781 449.53552246 255 64 64
141.01156616 247.54479980 402.56298828 255 64 64
135.60745239 247.44058228 402.68038940 255 64 64
141.88404846 247.55404663 402.52621460 255 64 64
141.12117004 247.56098938 402.61846924 255 64 64
143.07341003 174.27244568 452.16476440 255 64 64
140.74668884 174.24674988 452.18414307 255 64 64
143.40206909 174.26005554 452.13888550 255 64 64
143.09858704 174.27041626 452.15927124 255 64 64
118.32112885 182.84901428 474.85375977 255 64 64
115.58428955 182.82783508 474.86904907 255 64 64
118.80145264 182.86080933 474.79617310 255 64 64
118.28623199 182.88386536 474.81222534 255 64 64
96.96928406 199.33177185 509.91671753 255 64 64
94.78847504 199.31881714 509.92214966 255 64 64
97.28363037 199.36306763 509.84112549 255 64 64
96.87489319 199.38813782 509.83544922 255 64 64
147.01460266 194.73986816 454.03121948 255 64 64
144.03485107 194.70123291 454.07467651 255 64 64
147.43759155 194.72790527 453.98373413 255 64 64
146.99822998 194.74243164 454.02447510 255 64 64
154.82629395 196.31683350 440.08297729 255 64 64
151.82220459 196.27529907 440.12094116 255 64 64
155.22875977 196.28759766 440.06964111 255 64 64
154.82196045 196.30453491 440.10437012 255 64 64
96.49359894 199.99349976 493.20144653 255 64 64
94.26737976 199.97865295 493.21752930 255 64 64
96.83981323 199.99783325 493.12857056 255 64 64
96.43534851 200.01754761 493.13201904 255 64 64
129.54457092 192.00640869 464.65194702 255 64 64
126.68580627 191.96936035 464.68310547 255 64 64
130.01205444 192.01528931 464.58538818 255 64 64
129.52403259 192.02767944 464.61715698 255 64 64
163.02413940 204.63676453 467.23617554 255 64 64
159.87269592 204.56245422 467.30322266 255 64 64
163.51673889 204.61889648 467.22116089 255 64 64
163.15501404 204.60789490 467.28396606 255 64 64
138.34799194 181.93266296 432.01199341 255 64 64
135.25419617 181.88801575 432.00717163 255 64 64
138.83598328 181.95323181 431.98101807 255 64 64
138.35696411 181.96087646 431.99023438 255 64 64
126.04728699 195.85057068 473.38906860 255 64 64
123.23498535 195.81697083 473.42132568 255 64 64
126.49645996 195.84716797 473.32614136 255 64 64
125.97686005 195.86341858 473.35577393 255 64 64
154.96829224 224.00277710 482.58966064 255 64 64
151.00897217 223.86457825 482.67816162 255 64 64
155.63580322 223.99258423 482.53546143 255 64 64
155.00654602 223.94317627 482.61959839 255 64 64
161.10205078 204.02464294 447.00222778 255 64 64
157.73818970 203.95663452 447.04693604 255 64 64
161.56341553 204.00357056 446.98626709 255 64 64
161.11537170 204.00360107 447.02847290 255 64 64
180.39112854 213.07650757 445.09942627 255 64 64
176.80056763 212.99440002 445.16580200 255 64 64
180.82669067 213.06939697 445.04919434 255 64 64
180.39402771 213.05570984 445.10543823 255 64 64
99.00482178 190.19549561 485.54678345 255 64 64
96.78631592 190.19577026 485.53808594 255 64 64
99.34122467 190.21589661 485.46847534 255 64 64
98.96976471 190.24533081 485.45248413 255 64 64
158.58035278 206.61105347 411.59338379 255 64 64
154.63960266 206.52340698 411.64996338 255 64 64
159.11354065 206.62870789 411.57675171 255 64 64
158.61367798 206.62399292 411.62945557 255 64 64
178.52406311 213.66807556 434.48916626 255 64 64
174.95007324 213.58561707 434.54888916 255 64 64
178.94622803 213.64907837 434.46002197 255 64 64
178.54286194 213.64024353 434.50912476 255 64 64
83.39823151 203.85006714 500.60852051 255 64 64
81.77549744 203.83995056 500.60095215 255 64 64
83.55087280 203.89956665 500.57690430 255 64 64
83.36664581 203.91159058 500.54916382 255 64 64
102.60829163 202.28836060 485.07522583 255 64 64
100.11123657 202.27288818 485.07757568 255 64 64
103.02187347 202.29293823 484.98776245 255 64 64
102.57160187 202.31655884 484.98391724 255 64 64
163.28279114 250.55587769 408.25570679 255 64 64
157.13880920 250.37490845 408.44546509 255 64 64
164.23632812 250.54252625 408.17480469 255 64 64
163.22291565 250.51037598 408.29949951 255 64 64
106.18652344 192.00466919 472.21221924 255 64 64
103.45095825 191.98753357 472.20291138 255 64 64
106.68476105 192.03790283 472.13592529 255 64 64
106.19345093 192.06082153 472.13284302 255 64 64
158.02822876 190.21051025 425.31069946 255 64 64
155.03369141 190.14352417 425.36614990 255 64 64
158.42298889 190.18756104 425.28472900 255 64 64
158.05422974 190.18162537 425.33264160 255 64 64
118.82991028 190.01261902 460.81021118 255 64 64
115.75670624 189.97160339 460.83499146 255 64 64
119.37208557 190.05717468 460.75219727 255 64 64
118.83259583 190.06475830 460.78280640 255 64 64
105.00111389 204.63250732 498.59909058 255 64 64
102.59638977 204.60581970 498.61181641 255 64 64
105.40726471 204.65087891 498.53277588 255 64 64
105.00721741 204.66600037 498.54013062 255 64 64
216.31250000 225.59796143 403.61260986 255 64 64
217.82556152 234.62554932 410.55523682 255 64 64
222.53320312 231.94927979 393.90328979 255 64 64
223.85723877 240.80593872 401.10629272 255 64 64
216.94157410 242.09388733 419.19326782 255 64 64
215.59945679 248.76222229 429.71951294 255 64 64
223.71910095 246.66433716 405.77313232 255 64 64
222.29562378 252.76719666 415.37313843 255 64 64
198.30763245 206.00737000 410.76370239 255 64 64
197.52142334 214.82029724 417.06829834 255 64 64
206.01336670 212.45111084 403.16342163 255 64 64
204.78602600 222.19819641 410.23724365 255 64 64
206.54801941 234.45300293 454.84649658 255 64 64
203.01907349 236.44102478 467.19732666 255 64 64
212.18878174 239.00518799 443.00448608 255 64 64
209.16964722 240.08345032 454.29394531 255 64 64
201.42179871 219.69981384 425.78210449 255 64 64
198.97906494 226.18231201 435.06610107 255 64 64
208.35647583 225.92691040 417.63104248 255 64 64
205.95870972 233.21337891 426.26110840 255 64 64
206.95349121 206.69308472 394.45956421 255 64 64
209.52243042 218.78552246 392.10577393 255 64 64
215.93437195 213.72712708 395.28936768 255 64 64
219.77040100 225.13584900 394.88067627 255 64 64
194.94674683 220.58224487 453.04376221 255 64 64
191.44860840 224.17478943 463.55212402 255 64 64
202.47845459 227.91448975 446.18661499 255 64 64
198.47943115 230.86007690 456.54788208 255 64 64
188.30227661 190.67517090 418.92791748 255 64 64
186.98623657 197.84834290 425.72149658 255 64 64
194.53805542 198.71493530 411.46157837 255 64 64
192.31793213 206.86401367 419.58682251 255 64 64
185.91592407 167.57847595 428.36993408 255 64 64
187.88960266 171.04382324 437.59033203 255 64 64
191.85084534 173.71116638 420.02804565 255 64 64
193.90303040 175.77824402 430.38732910 255 64 64
187.40065002 202.89630127 430.07800293 255 64 64
184.18673706 208.95246887 437.98263550 255 64 64
194.01234436 210.64637756 425.31527710 255 64 64
190.34028625 217.69831848 433.29937744 255 64 64
181.74946594 173.65202332 440.71679688 255 64 64
179.59840393 178.10321045 449.29916382 255 64 64
189.64761353 180.38148499 435.81341553 255 64 64
186.67120361 184.49627686 444.76150513 255 64 64
186.10177612 219.11495972 477.74343872 255 64 64
180.89033508 219.77906799 488.28955078 255 64 64
194.75868225 225.69436646 471.69720459 255 64 64
188.99072266 225.54528809 482.00482178 255 64 64
186.44760132 187.13726807 406.77685547 255 64 64
189.81954956 196.36759949 409.26654053 255 64 64
193.66848755 195.41157532 400.00317383 255 64 64
198.08190918 204.34574890 406.03747559 255 64 64
209.79635620 260.58038330 423.19427490 255 64 64
208.44815063 259.28250122 436.80920410 255 64 64
219.09710693 260.95849609 416.64520264 255 64 64
217.08517456 259.65216064 428.93243408 255 64 64
170.12658691 216.84266663 490.93701172 255 64 64
161.19439697 216.32855225 497.88162231 255 64 64
181.02449036 222.08093262 489.30072021 255 64 64
172.97080994 221.38279724 496.23339844 255 64 64
180.60908508 163.84878540 413.11053467 255 64 64
185.30972290 167.73847961 419.17959595 255 64 64
185.37728882 172.53451538 405.66903687 255 64 64
191.29631042 174.00407410 413.52593994 255 64 64
178.23443604 205.90400696 451.30065918 255 64 64
175.03143311 209.51942444 459.54315186 255 64 64
185.66946411 213.71818542 447.76077271 255 64 64
181.22523499 216.97285461 456.83209229 255 64 64
204.79298401 228.73635864 391.82675171 255 64 64
206.43844604 241.57612610 392.63937378 255 64 64
217.87423706 233.12591553 393.04168701 255 64 64
219.46232605 245.42109680 396.63821411 255 64 64
188.92016602 193.29281616 394.31198120 255 64 64
190.65499878 204.15295410 390.16488647 255 64 64
197.22328186 200.27120972 395.86849976 255 64 64
201.31968689 210.91073608 393.19497681 255 64 64
167.13328552 203.95701599 469.60131836 255 64 64
162.94943237 206.13639832 477.58541870 255 64 64
175.66796875 210.50187683 468.35061646 255 64 64
170.56982422 212.34361267 476.90118408 255 64 64
188.26127625 254.67147827 441.36871338 255 64 64
186.93157959 250.41210938 454.21246338 255 64 64
201.49037170 255.55435181 446.04202271 255 64 64
199.90452576 251.20750427 458.00726318 255 64 64
140.50317383 150.89671326 459.38861084 255 64 64
137.31460571 154.68006897 468.69250488 255 64 64
149.37374878 157.40354919 458.18264771 255 64 64
145.83883667 160.07833862 466.39535522 255 64 64
168.45323181 188.44012451 440.68301392 255 64 64
164.47906494 192.75914001 446.60202026 255 64 64
176.73031616 195.69479370 441.46014404 255 64 64
171.54769897 199.83493042 448.26562500 255 64 64
154.69302368 200.52661133 486.51464844 255 64 64
146.90170288 202.54202271 492.31439209 255 64 64
164.16781616 206.60388184 487.82244873 255 64 64
156.51364136 208.57730103 493.46124268 255 64 64
200.30303955 248.44619751 392.70278931 255 64 64
201.23818970 258.38012695 399.92169189 255 64 64
214.13262939 251.32025146 395.07745361 255 64 64
214.60864258 260.78707886 403.69161987 255 64 64
175.01834106 173.09600830 402.92565918 255 64 64
178.46182251 180.33576965 402.06033325 255 64 64
181.33486938 182.86795044 399.35623169 255 64 64
188.19998169 188.00286865 401.21658325 255 64 64
147.73101807 143.70266724 442.57904053 255 64 64
147.66543579 147.51086426 451.81729126 255 64 64
155.62841797 152.71510315 440.43951416 255 64 64
155.93028259 154.03410339 449.71755981 255 64 64
120.14289856 138.49122620 450.20947266 255 64 64
117.97357178 143.35086060 460.82116699 255 64 64
132.35856628 143.13098145 450.64874268 255 64 64
128.75012207 147.02987671 459.90689087 255 64 64
109.88697815 147.86465454 475.07611084 255 64 64
106.77455139 153.38217163 485.64208984 255 64 64
119.58637238 152.27210999 472.57473755 255 64 64
115.01493835 157.48355103 481.78320312 255 64 64
158.67414856 164.95735168 442.64251709 255 64 64
160.30496216 166.60157776 452.01196289 255 64 64
167.08558655 172.16383362 440.84201050 255 64 64
169.46075439 171.63702393 450.25717163 255 64 64
169.45974731 244.51998901 457.28924561 255 64 64
168.10446167 240.11351013 468.72976685 255 64 64
182.21073914 244.82749939 464.50613403 255 64 64
180.73330688 239.99966431 475.18344116 255 64 64
129.62365723 126.81021118 430.16967773 255 64 64
127.85222626 132.24822998 440.15927124 255 64 64
143.07659912 133.94723511 430.41516113 255 64 64
140.50070190 137.65109253 440.03106689 255 64 64
154.53749084 140.30886841 426.34259033 255 64 64
154.77897644 144.85148621 434.50558472 255 64 64
161.83091736 150.00776672 421.42929077 255 64 64
163.29974365 151.72354126 430.67153931 255 64 64
126.10166168 159.64106750 469.80902100 255 64 64
118.67407227 165.13076782 477.29425049 255 64 64
136.02565002 164.11363220 468.05895996 255 64 64
128.39930725 169.84481812 473.83984375 255 64 64
148.91363525 122.19504547 417.85574341 255 64 64
149.43188477 128.09815979 426.01278687 255 64 64
158.93078613 131.55258179 414.84045410 255 64 64
159.40011597 135.36674500 424.14633179 255 64 64
102.24075317 161.09597778 497.61029053 255 64 64
97.86111450 167.02493286 507.61578369 255 64 64
109.84126282 166.76382446 493.19686890 255 64 64
104.69044495 172.66444397 502.04360962 255 64 64
140.00479126 212.08961487 496.20111084 255 64 64
131.15608215 211.78054810 500.51614380 255 64 64
151.87463379 216.59819031 499.56011963 255 64 64
144.29002380 216.45608521 503.63763428 255 64 64
151.13711548 166.08432007 453.83880615 255 64 64
148.34555054 168.26022339 462.94192505 255 64 64
158.61949158 172.33277893 450.84649658 255 64 64
156.00482178 172.98568726 459.21322632 255 64 64
156.67214966 192.76411438 457.09048462 255 64 64
152.11860657 195.32212830 463.34738159 255 64 64
164.17974854 198.75543213 458.40005493 255 64 64
159.39364624 201.04736328 465.45199585 255 64 64
101.99727631 127.53765869 447.16766357 255 64 64
101.19130707 133.11282349 458.52670288 255 64 64
114.50015259 132.05841064 444.97219849 255 64 64
111.97294617 136.35258484 455.92773438 255 64 64
139.98591614 188.87142944 471.25198364 255 64 64
133.37322998 191.56958008 477.68579102 255 64 64
148.80084229 194.52859497 475.71212769 255 64 64
142.90368652 197.08312988 481.72256470 255 64 64
163.35589600 144.09619141 411.69213867 255 64 64
165.71017456 150.31137085 415.97637939 255 64 64
165.99639893 157.82044983 403.81933594 255 64 64
170.54199219 160.57872009 410.72021484 255 64 64
99.01292419 138.62240601 470.94592285 255 64 64
98.28446960 143.85571289 482.25524902 255 64 64
107.99877930 141.77371216 466.09423828 255 64 64
105.85914612 146.54092407 476.95437622 255 64 64
182.13034058 257.16870117 415.10263062 255 64 64
182.52748108 257.01541138 427.16329956 255 64 64
195.39471436 260.66683960 419.16445923 255 64 64
195.16911316 259.55206299 431.08596802 255 64 64
105.60771179 201.29803467 499.52334595 255 64 64
100.77391815 203.11941528 507.54324341 255 64 64
115.97692871 208.51246643 498.48632812 255 64 64
112.78784943 209.74699402 504.23242188 255 64 64
154.61947632 166.03909302 426.08520508 255 64 64
157.89997864 168.98767090 434.45092773 255 64 64
163.76434326 175.21365356 423.43478394 255 64 64
168.82870483 174.75289917 432.26162720 255 64 64
158.21102905 126.39579773 407.71795654 255 64 64
161.89799500 135.08551025 409.55749512 255 64 64
161.95166016 142.15731812 402.71224976 255 64 64
166.38098145 148.09719849 407.55200195 255 64 64
180.51965332 211.77334595 391.81161499 255 64 64
183.42698669 223.75448608 391.43438721 255 64 64
192.52464294 216.78800964 393.13894653 255 64 64
195.56961060 228.85659790 393.18856812 255 64 64
116.18959808 191.02995300 474.42816162 255 64 64
110.12548828 194.26870728 482.05450439 255 64 64
127.00899506 198.44282532 480.43859863 255 64 64
121.54016876 201.42996216 486.05947876 255 64 64
91.47799683 178.04408264 507.06027222 255 64 64
87.45215607 184.41627502 517.04589844 255 64 64
97.58087158 185.65454102 499.63366699 255 64 64
93.46757507 191.54075623 508.86993408 255 64 64
172.89068604 190.21006775 393.25421143 255 64 64
174.98858643 200.35865784 390.05718994 255 64 64
181.51380920 196.88833618 393.99496460 255 64 64
186.21643066 206.69705200 391.89532471 255 64 64
110.93045807 169.86518860 474.64080811 255 64 64
105.44274902 176.08233643 483.69622803 255 64 64
116.52549744 173.39413452 465.71261597 255 64 64
109.74784851 179.20681763 473.39062500 255 64 64
152.62196350 168.28605652 412.79525757 255 64 64
156.12408447 172.50668335 419.16146851 255 64 64
161.64160156 178.67912292 409.22952271 255 64 64
168.03564453 178.81427002 416.54980469 255 64 64
174.18075562 245.84744263 398.75167847 255 64 64
176.03070068 252.70062256 406.43170166 255 64 64
187.71072388 251.35205078 400.15423584 255 64 64
188.60549927 257.34658813 408.92742920 255 64 64
141.23834229 236.31413269 465.36477661 255 64 64
141.31559753 232.27635193 475.88107300 255 64 64
153.25997925 236.34182739 472.43261719 255 64 64
152.87835693 231.77238464 481.98492432 255 64 64
145.04431152 182.11465454 436.67367554 255 64 64
143.28729248 184.22546387 444.15493774 255 64 64
153.19984436 187.56770325 437.84710693 255 64 64
151.47462463 188.80882263 445.68612671 255 64 64
160.40036011 249.76147461 431.45962524 255 64 64
161.36979675 248.11376953 443.03530884 255 64 64
171.77330017 252.07353210 436.37789917 255 64 64
172.59889221 249.54533386 447.49246216 255 64 64
151.08158875 191.54573059 427.73446655 255 64 64
149.19288635 194.86994934 433.46069336 255 64 64
158.37501526 197.45330811 427.68041992 255 64 64
156.26519775 199.97654724 434.56341553 255 64 64
170.43367004 225.55920410 391.18466187 255 64 64
173.29777527 236.91226196 392.80303955 255 64 64
182.95741272 230.22604370 391.79644775 255 64 64
185.44238281 241.67848206 393.68615723 255 64 64
129.89495850 178.65824890 452.45046997 255 64 64
127.50092316 180.91067505 460.80429077 255 64 64
137.68528748 182.50918579 452.31234741 255 64 64
134.77645874 184.26124573 459.69619751 255 64 64
147.86468506 204.10586548 429.57739258 255 64 64
145.21424866 206.86761475 435.00546265 255 64 64
153.95164490 209.44805908 429.60769653 255 64 64
150.82617188 211.70993042 435.99182129 255 64 64
144.57374573 244.03373718 445.33792114 255 64 64
145.91487122 240.70950317 456.84600830 255 64 64
155.33749390 244.54096985 451.30661011 255 64 64
156.35830688 240.56779480 462.05148315 255 64 64
153.25897217 171.91638184 402.05337524 255 64 64
156.05848694 178.67018127 403.71673584 255 64 64
160.76905823 183.98497009 399.43176270 255 64 64
167.47912598 186.60397339 403.23696899 255 64 64
131.23632812 168.29151917 444.64523315 255 64 64
132.74676514 169.11488342 453.16998291 255 64 64
139.60006714 172.82917786 444.49716187 255 64 64
141.02542114 172.25698853 452.43756104 255 64 64
153.16680908 137.28625488 400.24194336 255 64 64
154.77153015 148.08279419 396.76565552 255 64 64
158.67214966 151.70416260 399.78143311 255 64 64
161.50048828 160.44256592 399.01620483 255 64 64
154.35240173 249.00720215 410.49462891 255 64 64
155.48010254 250.75775146 420.24172974 255 64 64
165.75093079 253.26173401 413.28417969 255 64 64
166.50540161 253.91625977 423.40097046 255 64 64
161.11427307 203.90451050 389.06149292 255 64 64
163.26135254 214.73681641 389.01321411 255 64 64
170.73614502 207.90750122 390.53253174 255 64 64
173.97193909 218.45359802 390.56915283 255 64 64
116.06636810 228.61511230 471.38714600 255 64 64
120.11904907 225.88714600 481.78417969 255 64 64
127.98390198 230.92889404 477.49896240 255 64 64
131.03483582 226.99746704 487.21426392 255 64 64
150.18220520 236.88442993 395.92358398 255 64 64
152.25923157 244.54457092 401.64981079 255 64 64
162.01327515 241.92097473 396.96914673 255 64 64
163.52508545 249.12792969 403.34332275 255 64 64
121.19929504 171.08605957 441.05270386 255 64 64
122.51184082 172.67364502 448.30337524 255 64 64
128.98068237 174.93948364 441.03182983 255 64 64
129.89073181 175.87861633 448.02511597 255 64 64
153.98345947 184.54547119 390.50750732 255 64 64
155.86494446 194.96437073 388.46377563 255 64 64
162.09774780 191.12634277 391.49435425 255 64 64
166.18124390 200.61605835 390.46258545 255 64 64
149.80630493 158.56579590 393.82330322 255 64 64
150.95437622 169.66444397 390.25259399 255 64 64
156.34172058 169.95463562 394.34454346 255 64 64
159.75241089 178.87290955 392.80886841 255 64 64
97.63552856 215.54614258 481.17895508 255 64 64
102.90858459 215.82601929 489.82296753 255 64 64
108.44498444 222.06701660 484.19512939 255 64 64
113.28772736 220.98826599 492.63439941 255 64 64
138.43013000 247.70831299 422.70980835 255 64 64
140.00778198 246.25340271 433.39901733 255 64 64
148.30792236 249.02334595 427.35278320 255 64 64
149.79959106 246.98606873 437.43380737 255 64 64
80.17959595 199.30276489 493.63912964 255 64 64
84.94283295 202.91468811 501.93725586 255 64 64
90.08868408 207.96264648 490.81176758 255 64 64
94.98905945 209.93084717 498.82174683 255 64 64
117.53221130 234.98480225 453.24847412 255 64 64
121.26190186 232.00244141 463.85421753 255 64 64
127.48303223 236.60865784 457.54962158 255 64 64
130.50415039 232.90579224 467.82937622 255 64 64
148.28306580 216.67471313 388.89782715 255 64 64
150.63735962 226.19920349 391.83645630 255 64 64
158.33227539 219.80912781 390.56240845 255 64 64
161.21824646 228.95399475 393.53683472 255 64 64
124.49694061 244.36520386 434.49368286 255 64 64
127.22092438 241.52792358 445.41940308 255 64 64
133.75410461 244.92964172 438.79678345 255 64 64
135.98515320 241.59844971 449.24749756 255 64 64
136.66044617 129.34635925 395.09582520 255 64 64
136.70391846 140.96972656 390.35546875 255 64 64
144.76167297 139.31208801 395.66030884 255 64 64
145.16058350 150.27062988 392.55969238 255 64 64
129.95036316 244.05065918 401.94207764 255 64 64
131.65893555 247.26258850 410.51251221 255 64 64
140.40927124 247.33911133 404.52691650 255 64 64
141.95759583 250.10681152 413.54656982 255 64 64
65.13360596 183.23365784 486.03961182 255 64 64
69.00044250 189.82646179 493.54867554 255 64 64
71.19523621 191.54373169 479.99237061 255 64 64
75.35026550 197.77877808 487.47760010 255 64 64
140.86938477 197.57968140 383.92016602 255 64 64
143.20678711 207.84355164 384.86178589 255 64 64
149.92878723 201.14141846 385.78698730 255 64 64
153.49649048 210.74542236 387.09210205 255 64 64
135.32987976 151.70266724 388.50701904 255 64 64
136.12763977 163.50891113 384.63916016 255 64 64
143.69487000 160.46392822 388.46527100 255 64 64
145.33859253 171.66593933 385.86102295 255 64 64
136.16578674 174.44358826 384.78128052 255 64 64
137.67733765 185.93577576 382.27694702 255 64 64
144.60206604 181.15763855 385.36563110 255 64 64
147.52381897 191.90249634 383.86425781 255 64 64
92.28198242 215.00204468 462.35260010 255 64 64
97.24794769 215.68688965 470.78192139 255 64 64
100.71031189 222.25186157 463.54019165 255 64 64
105.56199646 221.83677673 472.24975586 255 64 64
79.30207825 197.93281555 474.20156860 255 64 64
83.68270874 202.25282288 481.52679443 255 64 64
86.90557098 207.34799194 472.28503418 255 64 64
91.45812988 210.98924255 479.92529297 255 64 64
130.49322510 228.84069824 391.86206055 255 64 64
132.74217224 236.81884766 396.87670898 255 64 64
140.51957703 232.21958923 393.26229858 255 64 64
143.01797485 240.08842468 398.52542114 255 64 64
100.35453796 225.76840210 448.66314697 255 64 64
105.21616364 224.88392639 458.12402344 255 64 64
108.90411377 231.51399231 450.06289673 255 64 64
113.41095734 229.64666748 459.69869995 255 64 64
114.72177124 245.24942017 413.48892212 255 64 64
117.24897766 245.38581848 423.36123657 255 64 64
123.74538422 248.23327637 416.20394897 255 64 64
126.17420959 247.76086426 426.15774536 255 64 64
105.82933044 239.43301392 428.34130859 255 64 64
109.54710388 238.37065125 438.41040039 255 64 64
114.19009399 243.46183777 430.07397461 255 64 64
117.48847961 241.56967163 440.18280029 255 64 64
117.82537842 125.74089050 390.61782837 255 64 64
117.46080780 137.77767944 386.70825195 255 64 64
126.93296814 134.11654663 390.28689575 255 64 64
126.45446014 145.84924316 387.42575073 255 64 64
59.87148285 169.54916382 471.32156372 255 64 64
62.87869263 176.82968140 478.83062744 255 64 64
63.69161987 177.15365601 464.43359375 255 64 64
66.92342377 184.65875244 471.97647095 255 64 64
127.68974304 211.99992371 384.25158691 255 64 64
130.27757263 221.86627197 386.92190552 255 64 64
137.38417053 215.62725830 385.35769653 255 64 64
140.60902405 225.01261902 388.41955566 255 64 64
56.61235046 151.72453308 461.57943726 255 64 64
57.97185516 160.42816162 468.68304443 255 64 64
58.12142181 157.92379761 452.70983887 255 64 64
59.62154388 166.99511719 459.76177979 255 64 64
110.30139160 233.83549500 399.13061523 255 64 64
113.03430939 239.77835083 405.78903198 255 64 64
119.64997864 238.88294983 399.36962891 255 64 64
122.65221405 244.62307739 406.82904053 255 64 64
72.54256439 186.84410095 460.10067749 255 64 64
76.04170227 192.48783875 467.09298706 255 64 64
78.19419861 195.67417908 456.67706299 255 64 64
81.95967102 201.23146057 464.09472656 255 64 64
84.94184113 206.60711670 448.60351562 255 64 64
89.17041779 209.77185059 456.27954102 255 64 64
90.09414673 215.88464355 445.63903809 255 64 64
94.67154694 217.94775391 453.75234985 255 64 64
119.80457306 152.30690002 386.11096191 255 64 64
120.52457428 164.43113708 382.85433960 255 64 64
129.11540222 160.04257202 384.70574951 255 64 64
130.19067383 172.01972961 382.34350586 255 64 64
121.20426178 195.05679321 380.72439575 255 64 64
123.74737549 206.20712280 380.82650757 255 64 64
130.63433838 199.78524780 380.96191406 255 64 64
134.13943481 210.25582886 381.64166260 255 64 64
97.05416107 233.01213074 411.71923828 255 64 64
100.06335449 236.43722534 420.12667847 255 64 64
104.45491791 239.43350220 411.14007568 255 64 64
107.74038696 242.08096313 420.38235474 255 64 64
90.34110260 223.17883301 429.98260498 255 64 64
94.35403442 225.15820312 438.33840942 255 64 64
96.34956360 231.28628540 428.01193237 255 64 64
100.47578430 232.25486755 436.75726318 255 64 64
118.77246094 174.26768494 382.76190186 255 64 64
120.42463684 185.95466614 380.57656860 255 64 64
128.35061646 180.21452332 381.79891968 255 64 64
130.74763489 191.76237488 380.40414429 255 64 64
108.13293457 218.89086914 388.20962524 255 64 64
111.33493042 227.85089111 392.37658691 255 64 64
117.89494324 223.55174255 387.79818726 255 64 64
121.70115662 232.23348999 392.53259277 255 64 64
63.89434814 171.38867188 450.65667725 255 64 64
66.56466675 178.30844116 457.42639160 255 64 64
67.98578644 179.39663696 445.26040649 255 64 64
70.90255737 186.67713928 452.36798096 255 64 64
101.40646362 128.96871948 389.33483887 255 64 64
101.18475342 141.47061157 386.05633545 255 64 64
110.50728607 136.64476013 387.12985229 255 64 64
110.13468170 149.18241882 384.38302612 255 64 64
58.30998993 140.85842896 435.90884399 255 64 64
58.12614441 151.05075073 441.01889038 255 64 64
60.16341400 146.27658081 426.80172729 255 64 64
60.07633209 157.05722046 431.50930786 255 64 64
73.58181763 187.69975281 443.02438354 255 64 64
76.75549316 193.51342773 449.76425171 255 64 64
77.27375031 196.46548462 438.11505127 255 64 64
80.90307617 201.97108459 445.39556885 255 64 64
81.12568665 204.52165222 431.42980957 255 64 64
84.54432678 209.09208679 438.41418457 255 64 64
84.85363770 213.56066895 426.60894775 255 64 64
88.70060730 217.27745056 434.20547485 255 64 64
59.64142609 156.67958069 442.15884399 255 64 64
61.19123840 165.12680054 447.96853638 255 64 64
62.24713898 163.21076965 434.66964722 255 64 64
63.89136505 172.37351990 440.35809326 255 64 64
104.40621948 202.01406860 383.05798340 255 64 64
107.36772156 213.19223022 383.93630981 255 64 64
113.88201904 207.26525879 381.65866089 255 64 64
117.56699371 218.03594971 382.92376709 255 64 64
92.82458496 221.25410461 398.96688843 255 64 64
95.76521301 228.74926758 404.11074829 255 64 64
100.34757996 227.87075806 396.67199707 255 64 64
103.73640442 234.98233032 402.86529541 255 64 64
100.89739990 154.23484802 385.75122070 255 64 64
101.45664978 166.63735962 383.18524170 255 64 64
110.13989258 160.91311646 383.30847168 255 64 64
110.88449097 173.54022217 381.20413208 255 64 64
85.15500641 216.44900513 413.46307373 255 64 64
88.01364136 221.80950928 419.86706543 255 64 64
90.32122803 224.70242310 409.68963623 255 64 64
93.61365509 229.29771423 416.97613525 255 64 64
83.34954071 128.36450195 393.41186523 255 64 64
82.76445007 140.74314880 391.20117188 255 64 64
91.51925659 134.95904541 389.04415894 255 64 64
91.17141724 147.69348145 386.75546265 255 64 64
101.95553589 177.93080139 385.54153442 255 64 64
103.45516205 189.78472900 383.82177734 255 64 64
110.91853333 183.97900391 382.51818848 255 64 64
113.11579895 196.05554199 381.19891357 255 64 64
67.34081268 173.63363647 428.92608643 255 64 64
69.58479309 181.01551819 434.53701782 255 64 64
70.71622467 181.52633667 422.87588501 255 64 64
73.26529694 189.17056274 428.93603516 255 64 64
75.16741180 192.13107300 420.07723999 255 64 64
77.48841095 199.11045837 425.32446289 255 64 64
78.43775940 200.22499084 413.92568970 255 64 64
81.13590240 206.96488953 419.78506470 255 64 64
61.74925232 140.87432861 413.68368530 255 64 64
61.14024353 152.06838989 415.69290161 255 64 64
65.20987701 146.36004639 405.79299927 255 64 64
65.08379364 158.21002197 407.41137695 255 64 64
63.45434570 160.10617065 419.10879517 255 64 64
64.68391418 169.16357422 423.71798706 255 64 64
66.90702820 166.94940186 412.35897827 255 64 64
68.26056671 176.64085388 416.94531250 255 64 64
89.59426880 203.96910095 391.45458984 255 64 64
92.24122620 214.36016846 393.35668945 255 64 64
97.10484314 210.58377075 387.65036011 255 64 64
100.42907715 220.97882080 390.22824097 255 64 64
84.12802124 150.46241760 390.23049927 255 64 64
84.43649292 162.85299683 388.93185425 255 64 64
92.18011475 156.92802429 386.11993408 255 64 64
92.98905945 169.68432617 384.85681152 255 64 64
69.41336060 135.64302063 399.71423340 255 64 64
68.67295837 147.65197754 398.86825562 255 64 64
75.60095215 141.44476318 393.21957397 255 64 64
75.47123718 154.02018738 392.11398315 255 64 64
81.16891479 200.83766174 403.35424805 255 64 64
83.15301514 209.62475586 406.70233154 255 64 64
85.97637939 208.50680542 397.88540649 255 64 64
88.46482849 217.17861938 402.09310913 255 64 64
86.12196350 180.30793762 391.66452026 255 64 64
87.62209320 191.92337036 391.22726440 255 64 64
93.70408630 186.57676697 386.79370117 255 64 64
95.94508362 198.73281860 386.65533447 255 64 64
71.75076294 177.47961426 409.63574219 255 64 64
73.19325256 186.67614746 413.06231689 255 64 64
75.68641663 184.86744690 403.22479248 255 64 64
77.47425079 194.36808777 407.10952759 255 64 64
79.93624115 163.37773132 392.10977173 255 64 64
80.72618103 175.53376770 391.54650879 255 64 64
87.34631348 169.70866394 387.05059814 255 64 64
88.78681946 182.40136719 386.59979248 255 64 64
69.06640625 158.83274841 399.63647461 255 64 64
69.66479492 170.32493591 400.77136230 255 64 64
74.82107544 165.07376099 393.54800415 255 64 64
75.97735596 177.11849976 394.68316650 255 64 64
68.87283325 165.32556152 402.37237549 255 64 64
69.75125122 176.14595032 404.34652710 255 64 64
73.82728577 171.83090210 396.26852417 255 64 64
75.14803314 183.16807556 398.36987305 255 64 64
83.35008240 203.92372131 500.58941650 255 64 64
83.36037445 203.91780090 500.59844971 255 64 64
83.34930420 203.91905212 500.59008789 255 64 64
83.36568451 203.91563416 500.59133911 255 64 64
192.10316467 244.16476440 431.11712646 255 64 64
192.10850525 244.15458679 431.13394165 255 64 64
192.09992981 244.16433716 431.12634277 255 64 64
192.11207581 244.15313721 431.13940430 255 64 64
99.66139221 235.39256287 414.60867310 255 64 64
99.67460632 235.38986206 414.62139893 255 64 64
99.66466522 235.39080811 414.61520386 255 64 64
99.68084717 235.38484192 414.62268066 255 64 64
143.14346313 174.26446533 452.10955811 255 64 64
143.15733337 174.25596619 452.13052368 255 64 64
143.14016724 174.26144409 452.11383057 255 64 64
143.15992737 174.25334167 452.12451172 255 64 64
135.60061646 233.93139648 477.20956421 255 64 64
135.60346985 233.91920471 477.21871948 255 64 64
135.59887695 233.92950439 477.21777344 255 64 64
135.60675049 233.92057800 477.21881104 255 64 64
150.80351257 212.70129395 412.79006958 255 64 64
150.81121826 212.69047546 412.81881714 255 64 64
150.79823303 212.70164490 412.78573608 255 64 64
150.81155396 212.69055176 412.80349731 255 64 64
81.91757202 196.47659302 444.72570801 255 64 64
81.91659546 196.47494507 444.73693848 255 64 64
81.91438293 196.47460938 444.73333740 255 64 64
81.92049408 196.47175598 444.73654175 255 64 64
182.67277527 213.02627563 471.77471924 255 64 64
182.67086792 213.01805115 471.78887939 255 64 64
182.66395569 213.01724243 471.77453613 255 64 64
182.67138672 213.01162720 471.78039551 255 64 64
114.72599792 179.49563599 488.83895874 255 64 64
114.73084259 179.49314880 488.85293579 255 64 64
114.72314453 179.48394775 488.83731079 255 64 64
114.73530579 179.48390198 488.84271240 255 64 64
152.57821655 243.94976807 439.83923340 255 64 64
152.57902527 243.93997192 439.85787964 255 64 64
152.57299805 243.95007324 439.84457397 255 64 64
152.58116150 243.94076538 439.85614014 255 64 64
100.37597656 222.54597473 465.76864624 255 64 64
100.37873077 222.54284668 465.77185059 255 64 64
100.38294220 222.54333496 465.77581787 255 64 64
100.39189148 222.53982544 465.77175903 255 64 64
141.20774841 247.54846191 402.57647705 255 64 64
141.22116089 247.54702759 402.58868408 255 64 64
141.20785522 247.54710388 402.57733154 255 64 64
141.22750854 247.54112244 402.58779907 255 64 64
154.06092834 205.21150208 494.36837769 255 64 64
154.06520081 205.20294189 494.37753296 255 64 64
154.05821228 205.19596863 494.36795044 255 64 64
154.06863403 205.19207764 494.36956787 255 64 64
115.15917969 215.20849609 505.58297729 255 64 64
115.16420746 215.19793701 505.59371948 255 64 64
115.15986633 215.20062256 505.58117676 255 64 64
115.16970062 215.19755554 505.58453369 255 64 64
161.16737366 203.97599792 446.99481201 255 64 64
161.16972351 203.97064209 447.01077271 255 64 64
161.16497803 203.97395325 447.00576782 255 64 64
161.17704773 203.96684265 447.01293945 255 64 64
119.01323700 238.78512573 441.23995972 255 64 64
119.01890564 238.77935791 441.25454712 255 64 64
119.00645447 238.78408813 441.24685669 255 64 64
119.01663971 238.77754211 441.25509644 255 64 64
179.88296509 212.32730103 423.91491699 255 64 64
179.89300537 212.32350159 423.93084717 255 64 64
179.88995361 212.32400513 423.91732788 255 64 64
179.90834045 212.31539917 423.92657471 255 64 64
118.84090424 190.06057739 460.74353027 255 64 64
118.84414673 190.05577087 460.74951172 255 64 64
118.83305359 190.05793762 460.74710083 255 64 64
118.84505463 190.05294800 460.74548340 255 64 64
168.52789307 249.02732849 417.11886597 255 64 64
168.53332520 249.02279663 417.13327026 255 64 64
168.52328491 249.03213501 417.12832642 255 64 64
168.53613281 249.02380371 417.13821411 255 64 64
81.76812744 198.05581665 474.48825073 255 64 64
81.77075195 198.05342102 474.49676514 255 64 64
81.76538086 198.05307007 474.49270630 255 64 64
81.77667236 198.04981995 474.49282837 255 64 64
169.43508911 233.83514404 461.43957520 255 64 64
169.43298340 233.81970215 461.46203613 255 64 64
169.43101501 233.83863831 461.44082642 255 64 64
169.43655396 233.82656860 461.45330811 255 64 64
198.84593201 219.10073853 451.48269653 255 64 64
198.84588623 219.09211731 451.50115967 255 64 64
198.84298706 219.08979797 451.48608398 255 64 64
198.85006714 219.08076477 451.49728394 255 64 64
92.03274536 224.11070251 437.51800537 255 64 64
92.04151154 224.10815430 437.52807617 255 64 64
92.03443909 224.10285950 437.52606201 255 64 64
92.04800415 224.09757996 437.53009033 255 64 64
144.70445251 201.25070190 469.79718018 255 64 64
144.70936584 201.24444580 469.80603027 255 64 64
144.70277405 201.23660278 469.80709839 255 64 64
144.71607971 201.23127747 469.80822754 255 64 64
158.06216431 190.18722534 425.29562378 255 64 64
158.07373047 190.17732239 425.32022095 255 64 64
158.06573486 190.17979431 425.30288696 255 64 64
158.08442688 190.16792297 425.31668091 255 64 64
130.34309387 206.35319519 488.29669189 255 64 64
130.34436035 206.34751892 488.30325317 255 64 64
130.34664917 206.34181213 488.29870605 255 64 64
130.35317993 206.34024048 488.29681396 255 64 64
102.57559204 202.31771851 485.01025391 255 64 64
102.58029938 202.31407166 485.01861572 255 64 64
102.57430267 202.31427002 485.01409912 255 64 64
102.58534241 202.31080627 485.01464844 255 64 64
122.64447784 248.30508423 416.75363159 255 64 64
122.65516663 248.30387878 416.76840210 255 64 64
122.64030457 248.30720520 416.76129150 255 64 64
122.65615845 248.30371094 416.77093506 255 64 64
124.72953033 174.69947815 439.02239990 255 64 64
124.73184204 174.69830322 439.03320312 255 64 64
124.71772003 174.70173645 439.03182983 255 64 64
124.73110199 174.69891357 439.03186035 255 64 64
128.23936462 168.57984924 468.08105469 255 64 64
128.24656677 168.57568359 468.09887695 255 64 64
128.24279785 168.57334900 468.07705688 255 64 64
128.25675964 168.56895447 468.08483887 255 64 64
136.83987427 238.05804443 454.86706543 255 64 64
136.84083557 238.04809570 454.88378906 255 64 64
136.83789062 238.05590820 454.87268066 255 64 64
136.84558105 238.04718018 454.88281250 255 64 64
155.05035400 223.92660522 482.55435181 255 64 64
155.05319214 223.91217041 482.56329346 255 64 64
155.05552673 223.92071533 482.56445312 255 64 64
155.06365967 223.91230774 482.56542969 255 64 64
98.87126160 189.02207947 502.90328979 255 64 64
98.87954712 189.01660156 502.91409302 255 64 64
98.86680603 189.01194763 502.90344238 255 64 64
98.88105774 189.01135254 502.90646362 255 64 64
117.73248291 225.78033447 487.17208862 255 64 64
117.73670197 225.76931763 487.17919922 255 64 64
117.73276520 225.77297974 487.17913818 255 64 64
117.74369812 225.76486206 487.17944336 255 64 64
118.08039093 232.70182800 464.61941528 255 64 64
118.08583069 232.69293213 464.62680054 255 64 64
118.08493042 232.69810486 464.62951660 255 64 64
118.09511566 232.68969727 464.62982178 255 64 64
180.43650818 213.03253174 445.09280396 255 64 64
180.43562317 213.02471924 445.10839844 255 64 64
180.43472290 213.02981567 445.09460449 255 64 64
180.44355774 213.02197266 445.10302734 255 64 64
140.47212219 214.80435181 429.56137085 255 64 64
140.47547913 214.79936218 429.57910156 255 64 64
140.46704102 214.80787659 429.57290649 255 64 64
140.47854614 214.79901123 429.58288574 255 64 64
143.29672241 246.46945190 423.07434082 255 64 64
143.30152893 246.46429443 423.09411621 255 64 64
143.29216003 246.46847534 423.07885742 255 64 64
143.30363464 246.45999146 423.09140015 255 64 64
189.22663879 229.75994873 464.91046143 255 64 64
189.22666931 229.75155640 464.92315674 255 64 64
189.22184753 229.74967957 464.91525269 255 64 64
189.23114014 229.74328613 464.92211914 255 64 64
163.14686584 204.57307434 467.24768066 255 64 64
163.14828491 204.56338501 467.26184082 255 64 64
163.14593506 204.56413269 467.24960327 255 64 64
163.15615845 204.55516052 467.25527954 255 64 64
118.14130402 238.13771057 401.60803223 255 64 64
118.14843750 238.13616943 401.62341309 255 64 64
118.14307404 238.13088989 401.61499023 255 64 64
118.15465546 238.12577820 401.62521362 255 64 64
172.21632385 213.03067017 487.15103149 255 64 64
172.22402954 213.02064514 487.16003418 255 64 64
172.20948792 213.01968384 487.16119385 255 64 64
172.22526550 213.01359558 487.16387939 255 64 64
172.12728882 241.00622559 444.91885376 255 64 64
172.12620544 240.99404907 444.94244385 255 64 64
172.11836243 241.00866699 444.91491699 255 64 64
172.12426758 240.99861145 444.92929077 255 64 64
152.12185669 178.07557678 437.12716675 255 64 64
152.13464355 178.06666565 437.15167236 255 64 64
152.12055969 178.06692505 437.13269043 255 64 64
152.14186096 178.05702209 437.14584351 255 64 64
194.38801575 236.89207458 449.50396729 255 64 64
194.38771057 236.88265991 449.52020264 255 64 64
194.38987732 236.88580322 449.50656128 255 64 64
194.39790344 236.87713623 449.51705933 255 64 64
151.37861633 232.64749146 467.69805908 255 64 64
151.37850952 232.63420105 467.71475220 255 64 64
151.37608337 232.64744568 467.70364380 255 64 64
151.38247681 232.63757324 467.71261597 255 64 64
87.21549988 224.39408875 419.88549805 255 64 64
87.22448730 224.39086914 419.89962769 255 64 64
87.21822357 224.38548279 419.88955688 255 64 64
87.22983551 224.37911987 419.89746094 255 64 64
147.05099487 194.73233032 453.98992920 255 64 64
147.05534363 194.72694397 454.00323486 255 64 64
147.05276489 194.72657776 454.00048828 255 64 64
147.06527710 194.72167969 454.00411987 255 64 64
85.06630707 205.53125000 459.32821655 255 64 64
85.07431030 205.52705383 459.33270264 255 64 64
85.06673431 205.53068542 459.33413696 255 64 64
85.08171844 205.52525330 459.33203125 255 64 64
106.21182251 192.07945251 472.12451172 255 64 64
106.21642303 192.07374573 472.13134766 255 64 64
106.20486450 192.07490540 472.13000488 255 64 64
106.21627808 192.07153320 472.12899780 255 64 64
107.52869415 240.08648682 428.53271484 255 64 64
107.53697205 240.08564758 428.54608154 255 64 64
107.53169250 240.08377075 428.53659058 255 64 64
107.54425812 240.08084106 428.54495239 255 64 64
139.76164246 221.04064941 488.39358521 255 64 64
139.76641846 221.02804565 488.40109253 255 64 64
139.76246643 221.03753662 488.40045166 255 64 64
139.77388000 221.02952576 488.39962769 255 64 64
134.90611267 241.93154907 438.41406250 255 64 64
134.91029358 241.92347717 438.43136597 255 64 64
134.90490723 241.92968750 438.41998291 255 64 64
134.91377258 241.92152405 438.42987061 255 64 64
91.65084839 210.31066895 477.11096191 255 64 64
91.65550232 210.30726624 477.11370850 255 64 64
91.64843750 210.30978394 477.11822510 255 64 64
91.66046143 210.30693054 477.11486816 255 64 64
126.08145905 195.85121155 473.34545898 255 64 64
126.08756256 195.84542847 473.35202026 255 64 64
126.07806396 195.84530640 473.34747314 255 64 64
126.09041595 195.84194946 473.34738159 255 64 64
96.36045837 212.73286438 494.42324829 255 64 64
96.37039185 212.72454834 494.42758179 255 64 64
96.36526489 212.72886658 494.42932129 255 64 64
96.38091278 212.72349548 494.42709351 255 64 64
102.62447357 227.98228455 451.63305664 255 64 64
102.63201904 227.97650146 451.64221191 255 64 64
102.63002777 227.97961426 451.64114380 255 64 64
102.64274597 227.97277832 451.64437866 255 64 64
92.12833405 215.53599548 450.32507324 255 64 64
92.13262177 215.53128052 450.33200073 255 64 64
92.13359070 215.53144836 450.33190918 255 64 64
92.14295959 215.52627563 450.33227539 255 64 64
138.40101624 181.94856262 431.94653320 255 64 64
138.40617371 181.94416809 431.96215820 255 64 64
138.39929199 181.94723511 431.95819092 255 64 64
138.41726685 181.94065857 431.96398926 255 64 64
132.05125427 182.99499512 458.50079346 255 64 64
132.06083679 182.98980713 458.51284790 255 64 64
132.04704285 182.98779297 458.50738525 255 64 64
132.06300354 182.98280334 458.51074219 255 64 64
176.03846741 245.74642944 429.78997803 255 64 64
176.03804016 245.73579407 429.81396484 255 64 64
176.02832031 245.74798584 429.79022217 255 64 64
176.03549194 245.73696899 429.80648804 255 64 64
171.69929504 199.73812866 422.83905029 255 64 64
171.71200562 199.73126221 422.86001587 255 64 64
171.70602417 199.73271179 422.84530640 255 64 64
171.72711182 199.72120667 422.85894775 255 64 64
189.98799133 217.32557678 434.37225342 255 64 64
189.99542236 217.31665039 434.38690186 255 64 64
189.98835754 217.31983948 434.38012695 255 64 64
190.00332642 217.30931091 434.38888550 255 64 64
118.33312988 182.88493347 474.81518555 255 64 64
118.34096527 182.87904358 474.82833862 255 64 64
118.32963562 182.87464905 474.82357788 255 64 64
118.34421539 182.87109375 474.82876587 255 64 64
85.85263062 210.73109436 437.13586426 255 64 64
85.85826874 210.72900391 437.14947510 255 64 64
85.85350037 210.72822571 437.14086914 255 64 64
85.86450195 210.72392273 437.14672852 255 64 64
119.01775360 203.56048584 497.18682861 255 64 64
119.02354431 203.55113220 497.19549561 255 64 64
119.01683044 203.55235291 497.18395996 255 64 64
119.02789307 203.54875183 497.18389893 255 64 64
153.75730896 248.47123718 409.47134399 255 64 64
153.76841736 248.46978760 409.48709106 255 64 64
153.75259399 248.47259521 409.48452759 255 64 64
153.77072144 248.46664429 409.49508667 255 64 64
173.04046631 208.49235535 457.90530396 255 64 64
173.03785706 208.48808289 457.91979980 255 64 64
173.03948975 208.48796082 457.90728760 255 64 64
173.04493713 208.48333740 457.91366577 255 64 64
127.64681244 223.56471252 497.01751709 255 64 64
127.65592957 223.55134583 497.02600098 255 64 64
127.64794922 223.55419922 497.02810669 255 64 64
127.66127014 223.54692078 497.02865601 255 64 64
156.02714539 203.54753113 480.55157471 255 64 64
156.03137207 203.54037476 480.56170654 255 64 64
156.02270508 203.53524780 480.55712891 255 64 64
156.03405762 203.53051758 480.55834961 255 64 64
104.97517395 219.34065247 485.71975708 255 64 64
104.97704315 219.33335876 485.73010254 255 64 64
104.97824097 219.33316040 485.72863770 255 64 64
104.98595428 219.32936096 485.73074341 255 64 64
159.75868225 246.37649536 427.52105713 255 64 64
159.76072693 246.36563110 427.54660034 255 64 64
159.74707031 246.37681580 427.52218628 255 64 64
159.75578308 246.36581421 427.54049683 255 64 64
138.28895569 209.91706848 498.96228027 255 64 64
138.29714966 209.90710449 498.96835327 255 64 64
138.28797913 209.90896606 498.96670532 255 64 64
138.30206299 209.90502930 498.96472168 255 64 64
152.06079102 199.29014587 415.36721802 255 64 64
152.06762695 199.28506470 415.38839722 255 64 64
152.05145264 199.28944397 415.37680054 255 64 64
152.06887817 199.28114319 415.38793945 255 64 64
188.75183105 215.31228638 459.91644287 255 64 64
188.74530029 215.30644226 459.93026733 255 64 64
188.74659729 215.30502319 459.91561890 255 64 64
188.75152588 215.30020142 459.92227173 255 64 64
80.82334900 200.20599365 487.94052124 255 64 64
80.83095551 200.20120239 487.94705200 255 64 64
80.82223511 200.20256042 487.94116211 255 64 64
80.83731079 200.19877625 487.93963623 255 64 64
110.98646545 226.58560181 474.22286987 255 64 64
110.99156952 226.57728577 474.23318481 255 64 64
110.99152374 226.58010864 474.23574829 255 64 64
111.00126648 226.57371521 474.23916626 255 64 64
164.06074524 228.79971313 472.49154663 255 64 64
164.05883789 228.78530884 472.50750732 255 64 64
164.06803894 228.80044556 472.49691772 255 64 64
164.07325745 228.79171753 472.50457764 255 64 64
166.76135254 205.51144409 433.28289795 255 64 64
166.76754761 205.50352478 433.30752563 255 64 64
166.76049805 205.50549316 433.28469849 255 64 64
166.77345276 205.49526978 433.29974365 255 64 64
177.61502075 223.74455261 476.64190674 255 64 64
177.61599731 223.73719788 476.64974976 255 64 64
177.61688232 223.73605347 476.64428711 255 64 64
177.62770081 223.73110962 476.64700317 255 64 64
158.66983032 239.90890503 450.34393311 255 64 64
158.66690063 239.89782715 450.35968018 255 64 64
158.66877747 239.90682983 450.34494019 255 64 64
158.67364502 239.89624023 450.35247803 255 64 64
141.35273743 202.56939697 483.38079834 255 64 64
141.35548401 202.56381226 483.38839722 255 64 64
141.35166931 202.55972290 483.38381958 255 64 64
141.36236572 202.55580139 483.38378906 255 64 64
96.93006897 199.37272644 509.88803101 255 64 64
96.93618774 199.36424255 509.90231323 255 64 64
96.92887878 199.36325073 509.88211060 255 64 64
96.94160461 199.36125183 509.88800049 255 64 64
98.96542358 190.23596191 485.47830200 255 64 64
98.97257996 190.23001099 485.48568726 255 64 64
98.96385193 190.22616577 485.48471069 255 64 64
98.97673798 190.22280884 485.48583984 255 64 64
105.02091980 204.65466309 498.58905029 255 64 64
105.02661896 204.64625549 498.59588623 255 64 64
105.01667786 204.64758301 498.59024048 255 64 64
105.02851868 204.64360046 498.58956909 255 64 64
117.13269806 201.12522888 480.40017700 255 64 64
117.13513184 201.11889648 480.40499878 255 64 64
117.13570404 201.11808777 480.40582275 255 64 64
117.14340210 201.11480713 480.40310669 255 64 64
106.97850037 235.52856445 440.08959961 255 64 64
106.98571777 235.52618408 440.10034180 255 64 64
106.97776794 235.52621460 440.09902954 255 64 64
106.99001312 235.52207947 440.10455322 255 64 64
78.00789642 196.15789795 462.76513672 255 64 64
78.01132202 196.15638733 462.76919556 255 64 64
78.00373840 196.15599060 462.76995850 255 64 64
78.01548767 196.15167236 462.76626587 255 64 64
124.38613129 244.35253906 431.80944824 255 64 64
124.39379883 244.34632874 431.82888794 255 64 64
124.37657928 244.35041809 431.81552124 255 64 64
124.38796997 244.34356689 431.82815552 255 64 64
154.89955139 196.30853271 440.05496216 255 64 64
154.90498352 196.30224609 440.07070923 255 64 64
154.89775085 196.30355835 440.06820679 255 64 64
154.91282654 196.29574585 440.07604980 255 64 64
152.76219177 216.77923584 494.09448242 255 64 64
152.76791382 216.76873779 494.09954834 255 64 64
152.75772095 216.77172852 494.09854126 255 64 64
152.77113342 216.76643372 494.09695435 255 64 64
97.61016846 234.36166382 426.38391113 255 64 64
97.62226868 234.35974121 426.39370728 255 64 64
97.61424255 234.36212158 426.39419556 255 64 64
97.62963104 234.35739136 426.39920044 255 64 64
139.23217773 187.79724121 448.94366455 255 64 64
139.24050903 187.79206848 448.95761108 255 64 64
139.23109436 187.80006409 448.94732666 255 64 64
139.24685669 187.79461670 448.95349121 255 64 64
196.27441406 220.88264465 466.95794678 255 64 64
196.27416992 220.87527466 466.97106934 255 64 64
196.26748657 220.86923218 466.95800781 255 64 64
196.27590942 220.86398315 466.96432495 255 64 64
132.21278381 248.91448975 409.50018311 255 64 64
132.22412109 248.91418457 409.51260376 255 64 64
132.21051025 248.91455078 409.50906372 255 64 64
132.22697449 248.90888977 409.51852417 255 64 64
187.30477905 240.37841797 441.24972534 255 64 64
187.30578613 240.36553955 441.27133179 255 64 64
187.30383301 240.37826538 441.25119019 255 64 64
187.31231689 240.36569214 441.26553345 255 64 64
155.43536377 200.43009949 458.94491577 255 64 64
155.43693542 200.42535400 458.95742798 255 64 64
155.43408203 200.42169189 458.95260620 255 64 64
155.44534302 200.41683960 458.95709229 255 64 64
148.09916687 238.42485046 455.50088501 255 64 64
148.09921265 238.41163635 455.52273560 255 64 64
148.09500122 238.41838074 455.50463867 255 64 64
148.10049438 238.40713501 455.51849365 255 64 64
179.33030701 237.42578125 452.78704834 255 64 64
179.32736206 237.41230774 452.80722046 255 64 64
179.32847595 237.42364502 452.78912354 255 64 64
179.33386230 237.41085815 452.80126953 255 64 64
112.36344147 244.46354675 419.36734009 255 64 64
112.37498474 244.46157837 419.38031006 255 64 64
112.36331177 244.46635437 419.37411499 255 64 64
112.37919617 244.46154785 419.38165283 255 64 64
141.10331726 228.34120178 468.65371704 255 64 64
141.10195923 228.32691956 468.67156982 255 64 64
141.09957886 228.33775330 468.65661621 255 64 64
141.10412598 228.32693481 468.66461182 255 64 64
184.47315979 248.09759521 422.87731934 255 64 64
184.47773743 248.08659363 422.89727783 255 64 64
184.46743774 248.09782410 422.88629150 255 64 64
184.47863770 248.08720398 422.90020752 255 64 64
148.37745667 186.82922363 431.58877563 255 64 64
148.38015747 186.82308960 431.60604858 255 64 64
148.37445068 186.82601929 431.60250854 255 64 64
148.38909912 186.81771851 431.61010742 255 64 64
127.02523804 236.60115051 450.67370605 255 64 64
127.02636719 236.59251404 450.68551636 255 64 64
127.02719879 236.59848022 450.68121338 255 64 64
127.03423309 236.58999634 450.68624878 255 64 64
178.58044434 213.63859558 434.48550415 255 64 64
178.58599854 213.63133240 434.50286865 255 64 64
178.58012390 213.64277649 434.49554443 255 64 64
178.59539795 213.63369751 434.50549316 255 64 64
152.88978577 173.53161621 446.76510620 255 64 64
152.90235901 173.52343750 446.78573608 255 64 64
152.88906860 173.51655579 446.77777100 255 64 64
152.91209412 173.50790405 446.78869629 255 64 64
107.35105133 234.84315491 407.27471924 255 64 64
107.36143494 234.84100342 407.29275513 255 64 64
107.35554504 234.83836365 407.28018188 255 64 64
107.36800385 234.83334351 407.29260254 255 64 64
146.10379028 227.33071899 478.24102783 255 64 64
146.10368347 227.31661987 478.25332642 255 64 64
146.10087585 227.32582092 478.24667358 255 64 64
146.10684204 227.31611633 478.25042725 255 64 64
96.47085571 200.02204895 493.16345215 255 64 64
96.47762299 200.01600647 493.17224121 255 64 64
96.46941376 200.01741028 493.16940308 255 64 64
96.48133850 200.01429749 493.17004395 255 64 64
162.81806946 214.19480896 493.05065918 255 64 64
162.82635498 214.18330383 493.05850220 255 64 64
162.81668091 214.18093872 493.06002808 255 64 64
162.83268738 214.17510986 493.06097412 255 64 64
143.93205261 247.73268127 412.59857178 255 64 64
143.93884277 247.73080444 412.61386108 255 64 64
143.92652893 247.73277283 412.60540771 255 64 64
143.93978882 247.72689819 412.61608887 255 64 64
187.56039429 222.77162170 474.10659790 255 64 64
187.56263733 222.76075745 474.12295532 255 64 64
187.55032349 222.76702881 474.11193848 255 64 64
187.55979919 222.75971985 474.12088013 255 64 64
170.24180603 208.63574219 448.05456543 255 64 64
170.23921204 208.63041687 448.06793213 255 64 64
170.24339294 208.63006592 448.06436157 255 64 64
170.25042725 208.62362671 448.07107544 255 64 64
127.53089905 241.82482910 402.95227051 255 64 64
127.53690338 241.82493591 402.96621704 255 64 64
127.53073883 241.82212830 402.96224976 255 64 64
127.54241180 241.81884766 402.97265625 255 64 64
129.58197021 192.04620361 464.58605957 255 64 64
129.58665466 192.04069519 464.59420776 255 64 64
129.58137512 192.03994751 464.58950806 255 64 64
129.59306335 192.03643799 464.58990479 255 64 64
199.70056152 228.54101562 461.32955933 255 64 64
199.70382690 228.53073120 461.34674072 255 64 64
199.69549561 228.53532410 461.33160400 255 64 64
199.70660400 228.52569580 461.34320068 255 64 64
133.64997864 236.89285278 467.80545044 255 64 64
133.65312195 236.88101196 467.81585693 255 64 64
133.64695740 236.88949585 467.81295776 255 64 64
133.65626526 236.87937927 467.81597900 255 64 64
140.16473389 176.18974304 439.94912720 255 64 64
140.17109680 176.18415833 439.96737671 255 64 64
140.16003418 176.19070435 439.96014404 255 64 64
140.17741394 176.18452454 439.96789551 255 64 64
110.49055481 180.54319763 497.84997559 255 64 64
110.49619293 180.53881836 497.86395264 255 64 64
110.48786926 180.53602600 497.84091187 255 64 64
110.49995422 180.53561401 497.84722900 255 64 64
158.64218140 206.60171509 411.59149170 255 64 64
158.65206909 206.59649658 411.60763550 255 64 64
158.63308716 206.59924316 411.59741211 255 64 64
158.65179443 206.59133911 411.60620117 255 64 64
122.84899902 177.24491882 481.64321899 255 64 64
122.85366058 177.24153137 481.65692139 255 64 64
122.84617615 177.23509216 481.64373779 255 64 64
122.85690308 177.23536682 481.64843750 255 64 64
163.37661743 250.52270508 408.20193481 255 64 64
163.39009094 250.51953125 408.21301270 255 64 64
163.37469482 250.52671814 408.20718384 255 64 64
163.39363098 250.51995850 408.21575928 255 64 64
111.65320587 231.80014038 450.29541016 255 64 64
111.65510559 231.79643250 450.30645752 255 64 64
111.65653992 231.79867554 450.30041504 255 64 64
111.66516876 231.79290771 450.30477905 255 64 64
127.60997009 214.88345337 501.74316406 255 64 64
127.61539459 214.87217712 501.74896240 255 64 64
127.61431122 214.87684631 501.74865723 255 64 64
127.62438202 214.87225342 501.74731445 255 64 64
148.70024109 218.55415344 425.59573364 255 64 64
148.70088196 218.55187988 425.60751343 255 64 64
148.69572449 218.55511475 425.60681152 255 64 64
148.70655823 218.54858398 425.61163330 255 64 64
165.35841370 206.54881287 484.28112793 255 64 64
165.36135864 206.54010010 484.29315186 255 64 64
165.34976196 206.54212952 484.28259277 255 64 64
165.36109924 206.53730774 484.28576660 255 64 64
154.50784302 247.71121216 419.23928833 255 64 64
154.51356506 247.70477295 419.25994873 255 64 64
154.49769592 247.70944214 419.24703979 255 64 64
154.50823975 247.70259094 419.26214600 255 64 64
177.52241516 229.65673828 468.79464722 255 64 64
177.52420044 229.64274597 468.80975342 255 64 64
177.52090454 229.65084839 468.80023193 255 64 64
177.53005981 229.63989258 468.80834961 255 64 64
129.84266663 179.70402527 467.47604370 255 64 64
129.85011292 179.69784546 467.48950195 255 64 64
129.83984375 179.69110107 467.47888184 255 64 64
129.85418701 179.68701172 467.48342896 255 64 64
97.21348572 207.13916016 503.79232788 255 64 64
97.21907043 207.13226318 503.80249023 255 64 64
97.21478271 207.13827515 503.79113770 255 64 64
97.22634888 207.13693237 503.79287720 255 64 64
126.62773132 229.23890686 487.97244263 255 64 64
126.63632965 229.22319031 487.98333740 255 64 64
126.62582397 229.22894287 487.98513794 255 64 64
126.63816833 229.21794128 487.98858643 255 64 64
84.06971741 217.42364502 425.46499634 255 64 64
84.07761383 217.41998291 425.47976685 255 64 64
84.07052612 217.42118835 425.46514893 255 64 64
84.08235168 217.41555786 425.47332764 255 64 64
149.41117859 190.03970337 421.45593262 255 64 64
149.42485046 190.03033447 421.47845459 255 64 64
149.40875244 190.03277588 421.46694946 255 64 64
149.43078613 190.02165222 421.47964478 255 64 64
92.73213196 229.50039673 412.16647339 255 64 64
92.74303436 229.49684143 412.17636108 255 64 64
92.74389648 229.49345398 412.17218018 255 64 64
92.75807190 229.48529053 412.17831421 255 64 64
167.35697937 221.01269531 486.44287109 255 64 64
167.36428833 220.99978638 486.45309448 255 64 64
167.35406494 221.00567627 486.45297241 255 64 64
167.36776733 220.99801636 486.45562744 255 64 64
172.70137024 208.30517578 467.25836182 255 64 64
172.70045471 208.29733276 467.27062988 255 64 64
172.69888306 208.29455566 467.26174927 255 64 64
172.70645142 208.28741455 467.26593018 255 64 64
110.66384888 202.98919678 489.63073730 255 64 64
110.66990662 202.98178101 489.63949585 255 64 64
110.66947937 202.98100281 489.63336182 255 64 64
110.67930603 202.97660828 489.63455200 255 64 64
135.40383911 248.70837402 418.66070557 255 64 64
135.41072083 248.70446777 418.68093872 255 64 64
135.39781189 248.70797729 418.66540527 255 64 64
135.40934753 248.70208740 418.67880249 255 64 64
160.93788147 198.32727051 432.19454956 255 64 64
160.94624329 198.31901550 432.21777344 255 64 64
160.93714905 198.32606506 432.19622803 255 64 64
160.95249939 198.31616211 432.21093750 255 64 64
144.82412720 240.74752808 447.16549683 255 64 64
144.82569885 240.73623657 447.17962646 255 64 64
144.82173157 240.74624634 447.17214966 255 64 64
144.82893372 240.73535156 447.17907715 255 64 64
178.68394470 213.09658813 480.58715820 255 64 64
178.68338013 213.08810425 480.59906006 255 64 64
178.68353271 213.08590698 480.59289551 255 64 64
178.69137573 213.08122253 480.59661865 255 64 64
97.50948334 231.17890930 435.72946167 255 64 64
97.51562500 231.17747498 435.74212646 255 64 64
97.50878906 231.17578125 435.73822021 255 64 64
97.52015686 231.17239380 435.74462891 255 64 64
86.25332642 204.04580688 447.37231445 255 64 64
86.25729370 204.04335022 447.37695312 255 64 64
86.25390625 204.04620361 447.38055420 255 64 64
86.26437378 204.04055786 447.37896729 255 64 64
140.51397705 193.43380737 460.18228149 255 64 64
140.52189636 193.42970276 460.19525146 255 64 64
140.51733398 193.42851257 460.19137573 255 64 64
140.53068542 193.42448425 460.19512939 255 64 64
133.85534668 172.66854858 462.22146606 255 64 64
133.86512756 172.66358948 462.23797607 255 64 64
133.85119629 172.67012024 462.21655273 255 64 64
133.86611938 172.66540527 462.22341919 255 64 64
134.81690979 201.43460083 477.20971680 255 64 64
134.81814575 201.42864990 477.21279907 255 64 64
134.81590271 201.42652893 477.21682739 255 64 64
134.82594299 201.42330933 477.21298218 255 64 64
126.90010834 233.33129883 474.79479980 255 64 64
126.90859222 233.31932068 474.80050659 255 64 64
126.90120697 233.32795715 474.80291748 255 64 64
126.91401672 233.31838989 474.80166626 255 64 64
106.78077698 218.81623840 494.55557251 255 64 64
106.78672791 218.80895996 494.56341553 255 64 64
106.77996826 218.81005859 494.56314087 255 64 64
106.79173279 218.80664062 494.56307983 255 64 64
135.76350403 228.68786621 485.76376343 255 64 64
135.76951599 228.67286682 485.77572632 255 64 64
135.76107788 228.68289185 485.76916504 255 64 64
135.77165222 228.67321777 485.77377319 255 64 64
144.06294250 184.28904724 439.89694214 255 64 64
144.07179260 184.28208923 439.91577148 255 64 64
144.06098938 184.28375244 439.91162109 255 64 64
144.07810974 184.27648926 439.92022705 255 64 64
148.65521240 208.61869812 420.45245361 255 64 64
148.65615845 208.61430359 420.46786499 255 64 64
148.64602661 208.61950684 420.46002197 255 64 64
148.65908813 208.61242676 420.46780396 255 64 64
114.79489899 241.02491760 433.47164917 255 64 64
114.80259705 241.01943970 433.48843384 255 64 64
114.78941345 241.02005005 433.47778320 255 64 64
114.80146790 241.01402283 433.48809814 255 64 64
111.99661255 184.02183533 481.77264404 255 64 64
112.00100708 184.01739502 481.78579712 255 64 64
111.99102020 184.01551819 481.77828979 255 64 64
112.00310516 184.01336670 481.78231812 255 64 64
165.57196045 244.98229980 433.88940430 255 64 64
165.57064819 244.97360229 433.90997314 255 64 64
165.56329346 244.97872925 433.88818359 255 64 64
165.57087708 244.96949768 433.90234375 255 64 64
173.12030029 209.49769592 428.84274292 255 64 64
173.12751770 209.49197388 428.86157227 255 64 64
173.12055969 209.49287415 428.84741211 255 64 64
173.13668823 209.48358154 428.85894775 255 64 64
191.74517822 216.18690491 447.35018921 255 64 64
191.74641418 216.18008423 447.36691284 255 64 64
191.74336243 216.17991638 447.35055542 255 64 64
191.75228882 216.17251587 447.35992432 255 64 64
95.93612671 221.58595276 455.25369263 255 64 64
95.94157410 221.58270264 455.26171875 255 64 64
95.94322205 221.58441162 455.26376343 255 64 64
95.95413208 221.58024597 455.26565552 255 64 64
96.37828064 191.44450378 494.95532227 255 64 64
96.38603973 191.43859863 494.96246338 255 64 64
96.37652588 191.43518066 494.95843506 255 64 64
96.39053345 191.43255615 494.95898438 255 64 64
171.55242920 208.51147461 478.56805420 255 64 64
171.55482483 208.50141907 478.57885742 255 64 64
171.55068970 208.50280762 478.57238770 255 64 64
171.56005859 208.49693298 478.57473755 255 64 64
149.22425842 202.90559387 487.65017700 255 64 64
149.22924805 202.89720154 487.65954590 255 64 64
149.22567749 202.89428711 487.65356445 255 64 64
149.23731995 202.88977051 487.65490723 255 64 64
156.36907959 189.17585754 435.63165283 255 64 64
156.37838745 189.16964722 435.65072632 255 64 64
156.37019348 189.17579651 435.64688110 255 64 64
156.38839722 189.16841125 435.65621948 255 64 64
166.86547852 238.64311218 452.23809814 255 64 64
166.86135864 238.63143921 452.25753784 255 64 64
166.86126709 238.64451599 452.23617554 255 64 64
166.86611938 238.63467407 452.24719238 255 64 64
126.41082764 235.01272583 463.77877808 255 64 64
126.41302490 235.00358582 463.78863525 255 64 64
126.40976715 235.00650024 463.78686523 255 64 64
126.41798401 234.99874878 463.79003906 255 64 64
200.91586304 232.90615845 453.12939453 255 64 64
200.91189575 232.89619446 453.14541626 255 64 64
200.91273499 232.89645386 453.13394165 255 64 64
200.91769409 232.88787842 453.14416504 255 64 64
113.09236145 194.14718628 465.31597900 255 64 64
113.09329224 194.14331055 465.32025146 255 64 64
113.08279419 194.14758301 465.31771851 255 64 64
113.09159088 194.14451599 465.31381226 255 64 64
89.80361938 209.97259521 468.92196655 255 64 64
89.80906677 209.96734619 468.92651367 255 64 64
89.80531311 209.97056580 468.92901611 255 64 64
89.81643677 209.96557617 468.92691040 255 64 64
107.78363037 184.90113831 491.27526855 255 64 64
107.79098511 184.89653015 491.28729248 255 64 64
107.77403259 184.89155579 491.27346802 255 64 64
107.78878021 184.89089966 491.27761841 255 64 64
118.56657410 233.24356079 456.33743286 255 64 64
118.57081604 233.23458862 456.35174561 255 64 64
118.56440735 233.24035645 456.34197998 255 64 64
118.57416534 233.23124695 456.34854126 255 64 64
133.97413635 196.42739868 470.06869507 255 64 64
133.97860718 196.42404175 470.07583618 255 64 64
133.97756958 196.42585754 470.06838989 255 64 64
133.98641968 196.42321777 470.06750488 255 64 64
97.15741730 226.11529541 445.73028564 255 64 64
97.16000366 226.11360168 445.74694824 255 64 64
97.15859985 226.11134338 445.73422241 255 64 64
97.16636658 226.10940552 445.74377441 255 64 64
92.78459930 211.24859619 487.17623901 255 64 64
92.79168701 211.24163818 487.18536377 255 64 64
92.78826141 211.24133301 487.18481445 255 64 64
92.80076599 211.23583984 487.18682861 255 64 64
114.12158966 219.92451477 498.92895508 255 64 64
114.12808228 219.91586304 498.93264771 255 64 64
114.11940765 219.91352844 498.93429565 255 64 64
114.13081360 219.90975952 498.93045044 255 64 64
156.01148987 229.24641418 473.84725952 255 64 64
156.00914001 229.23277283 473.86117554 255 64 64
156.00604248 229.24053955 473.85037231 255 64 64
156.01138306 229.23002625 473.85681152 255 64 64
156.79446411 202.53163147 472.47915649 255 64 64
156.79402161 202.52835083 472.48883057 255 64 64
156.79275513 202.52090454 472.48162842 255 64 64
156.80076599 202.51849365 472.48400879 255 64 64
123.89215851 201.48750305 489.26977539 255 64 64
123.89357758 201.48135376 489.27578735 255 64 64
123.89386749 201.47621155 489.27117920 255 64 64
123.90248108 201.47409058 489.27047729 255 64 64
106.29042053 199.30589294 475.37100220 255 64 64
106.29280853 199.30210876 475.37557983 255 64 64
106.28997803 199.30801392 475.37728882 255 64 64
106.29965210 199.30435181 475.37414551 255 64 64
131.52223206 245.71470642 428.72000122 255 64 64
131.52871704 245.70877075 428.74291992 255 64 64
131.51562500 245.71316528 428.72433472 255 64 64
131.52626038 245.70642090 428.73980713 255 64 64
166.10458374 224.10772705 479.30941772 255 64 64
166.10659790 224.09715271 479.31854248 255 64 64
166.11090088 224.10690308 479.31588745 255 64 64
166.12066650 224.10006714 479.31768799 255 64 64
96.33861542 215.86840820 474.12518311 255 64 64
96.34268951 215.86357117 474.13101196 255 64 64
96.34146118 215.86660767 474.12869263 255 64 64
96.35269928 215.86218262 474.12689209 255 64 64
138.24020386 204.78738403 493.00186157 255 64 64
138.24621582 204.78007507 493.00842285 255 64 64
138.23423767 204.77757263 493.00503540 255 64 64
138.24575806 204.77346802 493.00433350 255 64 64
122.82074738 183.01434326 466.30282593 255 64 64
122.82835388 183.00949097 466.31494141 255 64 64
122.81675720 183.00834656 466.31106567 255 64 64
122.83074188 183.00505066 466.31381226 255 64 64
90.14743805 211.90866089 461.31820679 255 64 64
90.15690613 211.90359497 461.32116699 255 64 64
90.15164185 211.90774536 461.32684326 255 64 64
90.16647339 211.90150452 461.32278442 255 64 64
96.33528900 199.67111206 501.56396484 255 64 64
96.34136963 199.66387939 501.57391357 255 64 64
96.33146667 199.66671753 501.56268311 255 64 64
96.34273529 199.66490173 501.56439209 255 64 64
89.44096375 207.94142151 497.77600098 255 64 64
89.45238495 207.93460083 497.78381348 255 64 64
89.44007111 207.93795776 497.77780151 255 64 64
89.45726013 207.93334961 497.77886963 255 64 64
147.45858765 178.41160583 443.78036499 255 64 64
147.46673584 178.40834045 443.79953003 255 64 64
147.45497131 178.41592407 443.78417969 255 64 64
147.47085571 178.41014099 443.79425049 255 64 64
106.08924103 207.16314697 505.89608765 255 64 64
106.09712219 207.15151978 505.90386963 255 64 64
106.08570862 207.15269470 505.89642334 255 64 64
106.09871674 207.14765930 505.89675903 255 64 64
152.35987854 245.77786255 429.87756348 255 64 64
152.36349487 245.76879883 429.90026855 255 64 64
152.34930420 245.77622986 429.88055420 255 64 64
152.35926819 245.76690674 429.89556885 255 64 64
125.62530518 180.29129028 474.91955566 255 64 64
125.63217163 180.28672791 474.93301392 255 64 64
125.62265778 180.28140259 474.92370605 255 64 64
125.63641357 180.27850342 474.92843628 255 64 64
130.96160889 173.47338867 443.42749023 255 64 64
130.96592712 173.47190857 443.44180298 255 64 64
130.95819092 173.47715759 443.43530273 255 64 64
130.97242737 173.47378540 443.43896484 255 64 64
147.21600342 206.00360107 497.87307739 255 64 64
147.22079468 205.99369812 497.88073730 255 64 64
147.21455383 205.99446106 497.88061523 255 64 64
147.22540283 205.99105835 497.88049316 255 64 64
123.37877655 230.00610352 480.81097412 255 64 64
123.37984467 229.99607849 480.81945801 255 64 64
123.38346863 229.99752808 480.81875610 255 64 64
123.39140320 229.98980713 480.81945801 255 64 64
110.20446014 223.52359009 481.88415527 255 64 64
110.20550537 223.51814270 481.89358521 255 64 64
110.20857239 223.52232361 481.88845825 255 64 64
110.21620178 223.51919556 481.89080811 255 64 64
128.45445251 209.41789246 496.38186646 255 64 64
128.45800781 209.40533447 496.38909912 255 64 64
128.45835876 209.40812683 496.38827515 255 64 64
128.46655273 209.40190125 496.38629150 255 64 64
118.91556549 199.04301453 473.20324707 255 64 64
118.91787720 199.04022217 473.21109009 255 64 64
118.91380310 199.04179382 473.20358276 255 64 64
118.92209625 199.04055786 473.20355225 255 64 64
86.41632843 204.87184143 485.52932739 255 64 64
86.42282104 204.86730957 485.53457642 255 64 64
86.41552734 204.87164307 485.53414917 255 64 64
86.42930603 204.86701965 485.53250122 255 64 64
162.53399658 236.06098938 459.04299927 255 64 64
162.53457642 236.04565430 459.06283569 255 64 64
162.52726746 236.05795288 459.04687500 255 64 64
162.53443909 236.04547119 459.05688477 255 64 64
145.98324585 237.49287415 465.31701660 255 64 64
145.98129272 237.48159790 465.33309937 255 64 64
145.98152161 237.48867798 465.32418823 255 64 64
145.98620605 237.47825623 465.33123779 255 64 64
180.10064697 211.06707764 458.93127441 255 64 64
180.09660339 211.06071472 458.94808960 255 64 64
180.09457397 211.06263733 458.93276978 255 64 64
180.10000610 211.05670166 458.94046021 255 64 64
101.19829559 213.84196472 500.14767456 255 64 64
101.20645905 213.83430481 500.15347290 255 64 64
101.19348907 213.83560181 500.14868164 255 64 64
101.20703125 213.83285522 500.14685059 255 64 64
86.27206421 204.02343750 475.64904785 255 64 64
86.27919006 204.01968384 475.65286255 255 64 64
86.27272034 204.02261353 475.65744019 255 64 64
86.28617859 204.02001953 475.65493774 255 64 64
173.43653870 248.54324341 422.78677368 255 64 64
173.43797302 248.53569031 422.80578613 255 64 64
173.42593384 248.54489136 422.79281616 255 64 64
173.43444824 248.53689575 422.80682373 255 64 64
104.74989319 184.93476868 499.86663818 255 64 64
104.75627136 184.92970276 499.87811279 255 64 64
104.74864197 184.92456055 499.86267090 255 64 64
104.76210785 184.92376709 499.86672974 255 64 64
155.74983215 235.51058960 462.19146729 255 64 64
155.74645996 235.49848938 462.20718384 255 64 64
155.74221802 235.50999451 462.19424438 255 64 64
155.74676514 235.50057983 462.20166016 255 64 64
113.85961151 207.90887451 506.44003296 255 64 64
113.86338043 207.89752197 506.45150757 255 64 64
113.85662842 207.90168762 506.43572998 255 64 64
113.86671448 207.89877319 506.43887329 255 64 64
84.18476105 204.16580200 493.22946167 255 64 64
84.19595337 204.16015625 493.23437500 255 64 64
84.17755127 204.16006470 493.23428345 255 64 64
84.19601440 204.15748596 493.23254395 255 64 64
139.38023376 216.05247498 495.00357056 255 64 64
139.38522339 216.03746033 495.01095581 255 64 64
139.37474060 216.04397583 495.00683594 255 64 64
139.38478088 216.03686523 495.00527954 255 64 64
166.92584229 205.66140747 460.86685181 255 64 64
166.92407227 205.65541077 460.87954712 255 64 64
166.92321777 205.65264893 460.86895752 255 64 64
166.93078613 205.64735413 460.87405396 255 64 64
83.70361328 203.37887573 466.20147705 255 64 64
83.71086121 203.37405396 466.20608521 255 64 64
83.70538330 203.37528992 466.20852661 255 64 64
83.71841431 203.36933899 466.20706177 255 64 64
132.84210205 225.82429504 492.38244629 255 64 64
132.84771729 225.81141663 492.39056396 255 64 64
132.84167480 225.81608582 492.39279175 255 64 64
132.85285950 225.80932617 492.39349365 255 64 64
175.39498901 250.15875244 414.86090088 255 64 64
175.40621948 250.14956665 414.87969971 255 64 64
175.38360596 250.16052246 414.86755371 255 64 64
175.40000916 250.15020752 414.88192749 255 64 64
108.11915588 214.43920898 503.78143311 255 64 64
108.12745667 214.42988586 503.78842163 255 64 64
108.11889648 214.42916870 503.78247070 255 64 64
108.13053894 214.42619324 503.78271484 255 64 64
89.29138947 226.56861877 426.53488159 255 64 64
89.30264282 226.56661987 426.54412842 255 64 64
89.29589844 226.56330872 426.53961182 255 64 64
89.31173706 226.55682373 426.54446411 255 64 64
109.50887299 228.81587219 456.59237671 255 64 64
109.51154327 228.81045532 456.60440063 255 64 64
109.51272583 228.81301880 456.60235596 255 64 64
109.52066040 228.80767822 456.60714722 255 64 64
100.70290375 218.31904602 479.92227173 255 64 64
100.70826721 218.31262207 479.92846680 255 64 64
100.70551300 218.31356812 479.93005371 255 64 64
100.71765900 218.30859375 479.92962646 255 64 64
184.62359619 243.74459839 435.40765381 255 64 64
184.62281799 243.73155212 435.43045044 255 64 64
184.61721802 243.74922180 435.40936279 255 64 64
184.62507629 243.73738098 435.42477417 255 64 64
148.55960083 199.70274353 463.84704590 255 64 64
148.56344604 199.69570923 463.85824585 255 64 64
148.56333923 199.69250488 463.85513306 255 64 64
148.57447815 199.68669128 463.85714722 255 64 64
146.93838501 221.62936401 487.62435913 255 64 64
146.94152832 221.61657715 487.63299561 255 64 64
146.93502808 221.62487793 487.62860107 255 64 64
146.94404602 221.61581421 487.62915039 255 64 64
145.47787476 188.95622253 445.51211548 255 64 64
145.48641968 188.94880676 445.53176880 255 64 64
145.47612000 188.95339966 445.52334595 255 64 64
145.49081421 188.94543457 445.53308105 255 64 64
112.25120544 203.69432068 499.62219238 255 64 64
112.25543976 203.68321228 499.63079834 255 64 64
112.24532318 203.68869019 499.62081909 255 64 64
112.25460815 203.68423462 499.62081909 255 64 64
147.43966675 213.17495728 497.67880249 255 64 64
147.44851685 213.16427612 497.68350220 255 64 64
147.43821716 213.16693115 497.68948364 255 64 64
147.45254517 213.16133118 497.68786621 255 64 64
156.56463623 212.05499268 407.39016724 255 64 64
156.57809448 212.04692078 407.41516113 255 64 64
156.55613708 212.05065918 407.38305664 255 64 64
156.57415771 212.04161072 407.39947510 255 64 64
129.06927490 240.34283447 442.27828979 255 64 64
129.07278442 240.33566284 442.29888916 255 64 64
129.06242371 240.34179688 442.28222656 255 64 64
129.07015991 240.33523560 442.29528809 255 64 64
97.04250336 197.80053711 484.52020264 255 64 64
97.05054474 197.79632568 484.53048706 255 64 64
97.04258728 197.79394531 484.52755737 255 64 64
97.05664825 197.78971863 484.53002930 255 64 64
121.91167450 211.15072632 503.89544678 255 64 64
121.91748047 211.13827515 503.90176392 255 64 64
121.91291809 211.14309692 503.89846802 255 64 64
121.92358398 211.13795471 503.89758301 255 64 64
155.06121826 200.30920410 447.51977539 255 64 64
155.06619263 200.30395508 447.53793335 255 64 64
155.05912781 200.30778503 447.52682495 255 64 64
155.07051086 200.30146790 447.53564453 255 64 64
154.98573303 194.60293579 419.86532593 255 64 64
154.99533081 194.59503174 419.88955688 255 64 64
154.98226929 194.59776306 419.87835693 255 64 64
154.99996948 194.58743286 419.89147949 255 64 64
152.46197510 241.44270325 447.22244263 255 64 64
152.46154785 241.43231201 447.24035645 255 64 64
152.45988464 241.43928528 447.22848511 255 64 64
152.46656799 241.42875671 447.23892212 255 64 64
101.47637939 194.52435303 477.47290039 255 64 64
101.48014832 194.51928711 477.47982788 255 64 64
101.47335815 194.51591492 477.47897339 255 64 64
101.48489380 194.51115417 477.47860718 255 64 64
117.04848480 228.65022278 477.97439575 255 64 64
117.05313110 228.64068604 477.98220825 255 64 64
117.05266571 228.64274597 477.98565674 255 64 64
117.06215668 228.63487244 477.98519897 255 64 64
141.03517151 244.03862000 435.59451294 255 64 64
141.03623962 244.03112793 435.61312866 255 64 64
141.02926636 244.03753662 435.59957886 255 64 64
141.03665161 244.02995300 435.61117554 255 64 64
151.78128052 189.08523560 440.97213745 255 64 64
151.79083252 189.07849121 440.99206543 255 64 64
151.78582764 189.08457947 440.98718262 255 64 64
151.80178833 189.07695007 440.99557495 255 64 64
99.77194977 216.22488403 489.27456665 255 64 64
99.77699280 216.21726990 489.28274536 255 64 64
99.77319336 216.21932983 489.27828979 255 64 64
99.78590393 216.21481323 489.27954102 255 64 64
141.72700500 202.24444580 476.35717773 255 64 64
141.73243713 202.23809814 476.36843872 255 64 64
141.72787476 202.23382568 476.36489868 255 64 64
141.74111938 202.22903442 476.36813354 255 64 64
161.12448120 241.94093323 444.11227417 255 64 64
161.12487793 241.92860413 444.13415527 255 64 64
161.11917114 241.94197083 444.11428833 255 64 64
161.12579346 241.93154907 444.12734985 255 64 64
113.63042450 222.71238708 491.92889404 255 64 64
113.63680267 222.70158386 491.93591309 255 64 64
113.63410187 222.70289612 491.93936157 255 64 64
113.64604187 222.69561768 491.93829346 255 64 64
187.68841553 215.86026001 467.81942749 255 64 64
187.68896484 215.84989929 467.83422852 255 64 64
187.68354797 215.85321045 467.82366943 255 64 64
187.69241333 215.84640503 467.83102417 255 64 64
142.64210510 234.64108276 471.19839478 255 64 64
142.64108276 234.62777710 471.21533203 255 64 64
142.63906860 234.63632202 471.20333862 255 64 64
142.64408875 234.62638855 471.21115112 255 64 64
165.38877869 206.04910278 441.86520386 255 64 64
165.38931274 206.04304504 441.88040161 255 64 64
165.38932800 206.04570007 441.87387085 255 64 64
165.40037537 206.03901672 441.88162231 255 64 64
102.43328857 231.79908752 443.77468872 255 64 64
102.43845367 231.79632568 443.78823853 255 64 64
102.43470764 231.79626465 443.78350830 255 64 64
102.44487000 231.79209900 443.79119873 255 64 64
90.71621704 218.25355530 440.99768066 255 64 64
90.72361755 218.25074768 441.00811768 255 64 64
90.71890259 218.25311279 441.00372314 255 64 64
90.73115540 218.24908447 441.00839233 255 64 64
149.24078369 202.44117737 479.69909668 255 64 64
149.24380493 202.43600464 479.70800781 255 64 64
149.23994446 202.42927551 479.70816040 255 64 64
149.25152588 202.42767334 479.70803833 255 64 64
104.94658661 186.54969788 485.17074585 255 64 64
104.95375824 186.54476929 485.18289185 255 64 64
104.94506836 186.54391479 485.17947388 255 64 64
104.95928955 186.54162598 485.18280029 255 64 64
111.24657440 198.29609680 470.47616577 255 64 64
111.25104523 198.29217529 470.48168945 255 64 64
111.24607086 198.29312134 470.48358154 255 64 64
111.25730896 198.28938293 470.48141479 255 64 64
159.67601013 205.60072327 490.42962646 255 64 64
159.67701721 205.59271240 490.43930054 255 64 64
159.67236328 205.58534241 490.42791748 255 64 64
159.68141174 205.58222961 490.42913818 255 64 64
149.86048889 212.40426636 428.40649414 255 64 64
149.86314392 212.39956665 428.42556763 255 64 64
149.85385132 212.40290833 428.41671753 255 64 64
149.86483765 212.39477539 428.42724609 255 64 64
167.48750305 206.52426147 454.09857178 255 64 64
167.48712158 206.51770020 454.11437988 255 64 64
167.48858643 206.51840210 454.10739136 255 64 64
167.49707031 206.51187134 454.11514282 255 64 64
114.82975769 240.48306274 407.08944702 255 64 64
114.84042358 240.48268127 407.10360718 255 64 64
114.83295441 240.47891235 407.09652710 255 64 64
114.84699249 240.47450256 407.10519409 255 64 64
123.47161865 198.80746460 479.59762573 255 64 64
123.47758484 198.80307007 479.60424805 255 64 64
123.47634888 198.79891968 479.60144043 255 64 64
123.48771667 198.79568481 479.60092163 255 64 64
178.87011719 234.25013733 458.76370239 255 64 64
178.86657715 234.23449707 458.78604126 255 64 64
178.86502075 234.24725342 458.76327515 255 64 64
178.86984253 234.23452759 458.77719116 255 64 64
120.34441376 222.30537415 497.72076416 255 64 64
120.35257721 222.29248047 497.72525024 255 64 64
120.34525299 222.29617310 497.72909546 255 64 64
120.35926819 222.28988647 497.72698975 255 64 64
138.90454102 174.05950928 457.94738770 255 64 64
138.91844177 174.05087280 457.96716309 255 64 64
138.90408325 174.05442810 457.94534302 255 64 64
138.92320251 174.04618835 457.95434570 255 64 64
128.26176453 235.86207581 457.27297974 255 64 64
128.26449585 235.85173035 457.28851318 255 64 64
128.25952148 235.86193848 457.28494263 255 64 64
128.26820374 235.85221863 457.29199219 255 64 64
100.92105865 187.33886719 492.17901611 255 64 64
100.92829132 187.33345032 492.18783569 255 64 64
100.91529846 187.33131409 492.18276978 255 64 64
100.92769623 187.32954407 492.18338013 255 64 64
132.98179626 238.58349609 448.25772095 255 64 64
132.98426819 238.57353210 448.27209473 255 64 64
132.97843933 238.57707214 448.26327515 255 64 64
132.98741150 238.56809998 448.27114868 255 64 64
140.89456177 181.37484741 449.47235107 255 64 64
140.90260315 181.36851501 449.48886108 255 64 64
140.89389038 181.37634277 449.47515869 255 64 64
140.90800476 181.37030029 449.48171997 255 64 64
177.34005737 241.77001953 440.86126709 255 64 64
177.33534241 241.75933838 440.88180542 255 64 64
177.33212280 241.76899719 440.85971069 255 64 64
177.33613586 241.76002502 440.87203979 255 64 64
225.71376038 254.26271057 373.05783081 64 255 128
68.41000366 134.72299194 525.03900146 64 255 128
92.18599701 206.92199707 393.97100830 64 255 128
129.59056091 91.21298981 408.29489136 64 255 128
168.43934631 216.76994324 489.18136597 64 255 128
189.60131836 164.27842712 392.79650879 64 255 128
56.99900055 138.80099487 437.49600220 64 255 128
154.49853516 247.70738220 419.24401855 64 255 128
86.27799988 204.02400208 475.64599609 64 255 128
137.83795166 151.47642517 453.17175293 64 255 128
130.82090759 154.53599548 378.18377686 64 255 128
217.88883972 232.19145203 438.63360596 64 255 128
159.67897034 209.47840881 366.16561890 64 255 128
83.26102448 88.83106995 446.11526489 64 255 128
77.25199890 189.26499939 527.69299316 64 255 128
158.90229797 199.95504761 437.44070435 64 255 128
80.47093201 155.55250549 392.65444946 64 255 128
101.63735962 234.64161682 434.72616577 64 255 128
195.42285156 221.43847656 395.82077026 64 255 128
56.56699753 160.06900024 483.68499756 64 255 128
159.08285522 130.36962891 410.85025024 64 255 128
83.77561951 109.88810730 399.97851562 64 255 128
105.71862030 159.89643860 502.79193115 64 255 128
72.41500092 184.56800842 431.07400513 64 255 128
126.90399933 233.32400513 474.78802490 64 255 128
95.65020752 130.00633240 465.21389771 64 255 128
127.24320221 231.86381531 388.79556274 64 255 128
176.14663696 238.58015442 449.90795898 64 255 128
113.86000061 207.90599060 506.42700195 64 255 128
170.86047363 247.64305115 376.61874390 64 255 128
122.59818268 193.42756653 370.13049316 64 255 128
124.54187012 191.90385437 460.44137573 64 255 128
210.02384949 217.62773132 357.01043701 64 255 128
155.10232544 170.43655396 405.54473877 64 255 128
64.01699829 122.31900024 490.06100464 64 255 128
126.71922302 121.63201904 431.07589722 64 255 128
117.93050385 121.06456757 388.99829102 64 255 128
211.31167603 250.78160095 406.43820190 64 255 128
189.86471558 196.30325317 373.65756226 64 255 128
176.84300232 168.63343811 433.22384644 64 255 128
62.68091583 107.10672760 427.90093994 64 255 128
196.26507568 220.86741638 466.95123291 64 255 128
98.13977051 85.63663483 415.02633667 64 255 128
155.49822998 204.85794067 403.46261597 64 255 128
67.29300690 187.45500183 495.13198853 64 255 128
102.36035156 177.57029724 386.23049927 64 255 128
122.64194489 248.30998230 416.75442505 64 255 128
150.26969910 180.54226685 374.66287231 64 255 128
186.40028381 215.87922668 430.82992554 64 255 128
135.26010132 173.41232300 431.49655151 64 255 128
68.75900269 182.60900879 462.30200195 64 255 128
149.44573975 200.69750977 471.62298584 64 255 128
87.51499939 208.30999756 443.16000366 64 255 128
60.54000092 166.31600952 516.61199951 64 255 128
90.01385498 132.93905640 502.49755859 64 255 128
183.10102844 249.48817444 418.29916382 64 255 128
63.39979935 114.31221771 460.90005493 64 255 128
87.42299652 158.58900452 527.40100098 64 255 128
196.87266541 243.48146057 362.22100830 64 255 128
69.01285553 133.18118286 407.66464233 64 255 128
99.72000122 232.42700195 406.30099487 64 255 128
129.06172180 240.33786011 442.27664185 64 255 128
63.80300140 161.51300049 414.15899658 64 255 128
108.24021149 99.50193024 437.92535400 64 255 128
179.23005676 187.20449829 407.02883911 64 255 128
102.29605865 142.90249634 383.00735474 64 255 128
107.77700043 184.89601135 491.26498413 64 255 128
156.46124268 147.28219604 388.63473511 64 255 128
101.19313812 224.60144043 461.04553223 64 255 128
77.64899445 184.08499146 400.31600952 64 255 128
170.45933533 174.92834473 376.51107788 64 255 128
112.05657959 149.87457275 473.01412964 64 255 128
146.94061279 245.63575745 395.83471680 64 255 128
140.46876526 214.80157471 429.56042480 64 255 128
86.01599884 204.76100159 507.50796509 64 255 128
144.44575500 112.27996826 397.05267334 64 255 128
196.38217163 257.69378662 385.31723022 64 255 128
173.03628540 208.48242188 457.90042114 64 255 128
154.40022278 150.64472961 431.40585327 64 255 128
56.69299698 138.73500061 469.13598633 64 255 128
179.32153320 224.50833130 367.85003662 64 255 128
59.61800003 162.78498840 446.07998657 64 255 128
156.00483704 229.23783875 473.84170532 64 255 128
152.89167786 173.52517700 446.76647949 64 255 128
84.56500244 212.04000854 418.25198364 64 255 128
112.56165314 213.90519714 381.00512695 64 255 128
104.97399902 219.34098816 485.71899414 64 255 128
96.81399536 180.61199951 514.68902588 64 255 128
137.27644348 213.66439819 372.87200928 64 255 128
152.45703125 241.43574524 447.22296143 64 255 128
207.65348816 226.37469482 415.72653198 64 255 128
58.21699905 144.49598694 502.87301636 64 255 128
211.34747314 237.18383789 382.73538208 64 255 128
125.24465942 170.18902588 473.24588013 64 255 128
147.21524048 205.99079895 497.87005615 64 255 128
84.41884613 106.18767548 463.80581665 64 255 128
108.25857544 100.95328522 400.50482178 64 255 128
199.41004944 242.80596924 431.98522949 64 255 128
227.60467529 238.34484863 416.04067993 64 255 128
127.64899445 223.55699158 497.01602173 64 255 128
139.17756653 131.97015381 387.89038086 64 255 128
77.16996765 90.64435577 421.59030151 64 255 128
174.00437927 253.56871033 398.51232910 64 255 128
120.17945862 137.85214233 449.45352173 64 255 128
126.65290833 201.37260437 483.67041016 64 255 128
221.46693420 235.90354919 361.35269165 64 255 128
157.36032104 230.62702942 374.92849731 64 255 128
230.19920349 246.84002686 394.25704956 64 255 128
149.41987610 190.03344727 421.46188354 64 255 128
119.16847229 172.10507202 378.13491821 64 255 128
169.57382202 158.06282043 389.30599976 64 255 128
85.39902496 130.77572632 393.52322388 64 255 128
199.52667236 219.74382019 444.66732788 64 255 128
116.86536407 83.56643677 424.11740112 64 255 128
164.08399963 192.87498474 380.78536987 64 255 128
173.08312988 167.38917542 410.16455078 64 255 128
68.03499603 153.80300903 532.93597412 64 255 128
108.07743073 119.38022614 444.61434937 64 255 128
139.19186401 137.31105042 434.17657471 64 255 128
106.28851318 199.30821228 475.36209106 64 255 128
185.53906250 203.02975464 393.68844604 64 255 128
200.90348816 213.41522217 374.75790405 64 255 128
83.54792786 123.03783417 483.91140747 64 255 128
143.05787659 119.44493103 415.88482666 64 255 128
191.97601318 172.92483521 412.36892700 64 255 128
74.09200287 122.17600250 510.13397217 64 255 128
154.86875916 151.20010376 410.29324341 64 255 128
79.80500031 198.17399597 458.21099854 64 255 128
177.51554871 229.64421082 468.79077148 64 255 128
59.33237839 125.24989319 423.39810181 64 255 128
104.55723572 194.74172974 380.47018433 64 255 128
158.27195740 174.93037415 425.94360352 64 255 128
121.62174225 138.31575012 382.27648926 64 255 128
125.16617584 103.83209991 422.19952393 64 255 128
189.16059875 177.03221130 378.38949585 64 255 128
175.40351868 203.72531128 421.70416260 64 255 128
86.28799438 139.73599243 522.11700439 64 255 128
98.97522736 140.29914856 485.61770630 64 255 128
72.79600525 171.85301208 533.89300537 64 255 128
99.51899719 83.89451599 433.71374512 64 255 128
59.57199860 121.68099976 444.37597656 64 255 128
73.34300232 195.69599915 414.22598267 64 255 128
70.37609100 101.58680725 444.44558716 64 255 128
193.42320251 234.57032776 453.84432983 64 255 128
147.05294800 194.72395325 453.98779297 64 255 128
96.47200012 200.02099609 493.15802002 64 255 128
150.45991516 164.44354248 386.90054321 64 255 128
105.43663788 160.89125061 379.54553223 64 255 128
56.76399994 158.05499268 465.59899902 64 255 128
98.70986176 119.31063080 393.20156860 64 255 128
127.05512238 106.31160736 398.20849609 64 255 128
170.76994324 245.05480957 434.16842651 64 255 128
66.35499573 183.26699829 513.73199463 64 255 128
59.11100006 170.21800232 498.47900391 64 255 128
142.41889954 230.47221375 382.82946777 64 255 128
67.62973022 114.57134247 412.07183838 64 255 128
60.84999847 144.92700195 420.05398560 64 255 128
113.57199860 229.29899597 395.35400391 64 255 128
120.87099457 167.65779114 444.06002808 64 255 128
166.50373840 206.17654419 476.14004517 64 255 128
148.02766418 197.87512207 367.43157959 64 255 128
175.40177917 201.95983887 366.01455688 64 255 128
195.07525635 226.01203918 361.51412964 64 255 128
89.34215546 222.41900635 432.07791138 64 255 128
217.22726440 234.07238770 401.51818848 64 255 128
215.58261108 254.97502136 389.77688599 64 255 128
55.85300064 145.76199341 453.37701416 64 255 128
132.39651489 245.49060059 404.05215454 64 255 128
77.95999908 201.39500427 429.93997192 64 255 128
118.56990051 233.23837280 456.33224487 64 255 128
206.05485535 255.51629639 371.51296997 64 255 128
61.40399933 174.58699036 476.27801514 64 255 128
189.99084473 254.41494751 402.31204224 64 255 128
186.89146423 157.35247803 408.22305298 64 255 128
133.94418335 180.28454590 371.57730103 64 255 128
186.74310303 253.30155945 372.07968140 64 255 128
182.54986572 214.64997864 477.67572021 64 255 128
92.22800446 188.42401123 392.97399902 64 255 128
137.59402466 245.75430298 427.21142578 64 255 128
88.36299896 171.39900208 391.73800659 64 255 128
154.47886658 180.16931152 391.06594849 64 255 128
155.28964233 130.21003723 394.45214844 64 255 128
170.66479492 209.35055542 441.74612427 64 255 128
90.15299988 211.90600586 461.31198120 64 255 128
107.61367035 242.01858521 421.38305664 64 255 128
167.76217651 174.54333496 393.85952759 64 255 128
73.23099518 190.15200806 476.40298462 64 255 128
86.09568024 93.96913147 407.78002930 64 255 128
75.04700470 166.80799866 401.45498657 64 255 128
96.71086884 148.02044678 510.63632202 64 255 128
69.63783264 110.62915039 474.62997437 64 255 128
188.00788879 210.22013855 363.17269897 64 255 128
166.17680359 141.62501526 401.28616333 64 255 128
189.77613831 180.47280884 395.55484009 64 255 128
69.83100128 176.72500610 415.02801514 64 255 128
208.37741089 228.05802917 454.48574829 64 255 128
99.67800140 221.35299683 392.26300049 64 255 128
78.53700256 198.97900391 492.89199829 64 255 128
113.19361115 162.91148376 485.09805298 64 255 128
185.51683044 211.86936951 410.20919800 64 255 128
140.12365723 167.30114746 457.94241333 64 255 128
142.63999939 234.63400269 471.19598389 64 255 128
140.33935547 103.76878357 410.05746460 64 255 128
67.62999725 180.06800842 446.43301392 64 255 128
95.65026855 108.88883972 450.74368286 64 255 128
61.18199921 150.26899719 518.84399414 64 255 128
211.05050659 226.26475525 370.60260010 64 255 128
151.83088684 220.22557068 489.47479248 64 255 128
71.25900269 149.20201111 407.16799927 64 255 128
86.25700378 176.19000244 526.78295898 64 255 128
60.81700134 158.67300415 429.37698364 64 255 128
144.06477356 184.28236389 439.90365601 64 255 128
124.74504089 217.10005188 379.09378052 64 255 128
97.60900116 165.08500671 516.77600098 64 255 128
57.90499878 137.69599915 488.77398682 64 255 128
151.46180725 157.18118286 446.18914795 64 255 128
87.23899841 219.05801392 404.55697632 64 255 128
114.83300018 240.48399353 407.08801270 64 255 128
159.77308655 250.28244019 396.78634644 64 255 128
164.49868774 192.09407043 419.06045532 64 255 128
101.19800568 213.83898926 500.13900757 64 255 128
153.71713257 213.19767761 417.62741089 64 255 128
113.64235687 90.15055084 409.34552002 64 255 128
143.92678833 247.73068237 412.60189819 64 255 128
175.71138000 187.89591980 371.20028687 64 255 128
89.28900146 195.11199951 520.49395752 64 255 128
148.20018005 244.93736267 434.40579224 64 255 128
79.14900208 191.44499207 442.62100220 64 255 128
195.30888367 220.96409607 412.84164429 64 255 128
161.49534607 163.24125671 434.04519653 64 255 128
176.22280884 178.26684570 421.63088989 64 255 128
94.97770691 232.90496826 421.69454956 64 255 128
137.60586548 181.04525757 457.42175293 64 255 128
168.52578735 249.03038025 417.12594604 64 255 128
106.67499542 176.91899109 504.16397095 64 255 128
110.99099731 226.58100891 474.22399902 64 255 128
119.59797668 243.33082581 432.31936646 64 255 128
84.30300140 200.42100525 405.38098145 64 255 128
178.83789062 239.35031128 366.01733398 64 255 128
136.83735657 238.05587769 454.86654663 64 255 128
187.26045227 213.82443237 455.21636963 64 255 128
160.19227600 202.36524963 457.41201782 64 255 128
92.52786255 156.48797607 385.06530762 64 255 128
57.49900055 131.30599976 455.93701172 64 255 128
96.34000397 215.87100220 474.11999512 64 255 128
198.43487549 250.35208130 414.26199341 64 255 128
107.64060974 139.65653992 460.74276733 64 255 128
85.31993866 83.88024902 431.44686890 64 255 128
118.33158112 182.87907410 474.81008911 64 255 128
63.68199921 132.19599915 511.40499878 64 255 128
142.79953003 148.22254944 382.84130859 64 255 128
97.15660095 226.11659241 445.72454834 64 255 128
98.87200165 189.01899719 502.89099121 64 255 128
60.52799988 123.03099823 472.65402222 64 255 128
135.76400757 228.68199158 485.76000977 64 255 128
96.15619659 95.14212036 445.31732178 64 255 128
184.61680603 243.73893738 435.40994263 64 255 128
147.76101685 131.84779358 422.58401489 64 255 128
124.92958832 157.87287903 465.33004761 64 255 128
68.92945099 100.97814941 415.15319824 64 255 128
213.60717773 245.21913147 419.86520386 64 255 128
115.24636841 150.76200867 379.10092163 64 255 128
202.70184326 206.23475647 362.13806152 64 255 128
63.62400055 172.61799622 430.50598145 64 255 128
137.41455078 166.89796448 375.88504028 64 255 128
148.45362854 220.75268555 371.82864380 64 255 128
75.95707703 122.65779114 402.55944824 64 255 128
110.66800690 202.98600769 489.62200928 64 255 128
76.10300446 194.08300781 514.39794922 64 255 128
117.73500061 225.77500916 487.17001343 64 255 128
128.45466614 209.40702820 496.37329102 64 255 128
135.27133179 197.59152222 371.14666748 64 255 128
181.36239624 163.99935913 381.35858154 64 255 128
86.37056732 119.51197052 467.81140137 64 255 128
199.17959595 221.57745361 428.18307495 64 255 128
77.76310730 141.59703064 397.97515869 64 255 128
155.28150940 162.65196228 420.81564331 64 255 128
133.97676086 196.42556763 470.05670166 64 255 128
105.81034088 129.50016785 386.46966553 64 255 128
166.37612915 168.29910278 445.45422363 64 255 128
159.66706848 205.58964539 490.42056274 64 255 128
110.49406433 183.34585571 379.39480591 64 255 128
184.88400269 189.68032837 386.09756470 64 255 128
153.70565796 118.33780670 406.29302979 64 255 128
208.72700500 231.41226196 357.89044189 64 255 128
156.36958313 242.72151184 382.61868286 64 255 128
162.52851868 236.04946899 459.03808594 64 255 128
180.06295776 255.07330322 385.77337646 64 255 128
109.07962036 233.94625854 445.73760986 64 255 128
205.64431763 236.60267639 443.50140381 64 255 128
180.40893555 153.63682556 396.12286377 64 255 128
116.25015259 111.33207703 435.06188965 64 255 128
114.12200165 219.91400146 498.92498779 64 255 128
133.45256042 118.78842163 392.92346191 64 255 128
206.21627808 230.19711304 396.41046143 64 255 128
211.46299744 244.51052856 363.42092896 64 255 128
61.60299683 171.23899841 461.89599609 64 255 128
105.65757751 151.45816040 490.04785156 64 255 128
57.87699890 157.91699219 503.68099976 64 255 128
73.19738770 101.88352966 459.69503784 64 255 128
141.34783936 202.55622864 483.37411499 64 255 128
76.28100586 143.39601135 532.10302734 64 255 128
128.17858887 90.15853882 421.42791748 64 255 128
92.78500366 211.25000000 487.17300415 64 255 128
75.08418274 92.52521515 435.18807983 64 255 128
89.71362305 143.52691650 386.59710693 64 255 128
113.88635254 202.79942322 371.97467041 64 255 128
167.39608765 218.38363647 369.69216919 64 255 128
152.39163208 156.72579956 397.45205688 64 255 128
156.59831238 140.67819214 419.01968384 64 255 128
166.10266113 224.09680176 479.30688477 64 255 128
201.50257874 224.02896118 381.73431396 64 255 128
192.82453918 213.15303040 386.23574829 64 255 128
221.07501221 244.91464233 382.57229614 64 255 128
79.40599823 128.92900085 520.83898926 64 255 128
102.05999756 208.24299622 385.86599731 64 255 128
158.71409607 190.47254944 408.08273315 64 255 128
162.03225708 177.26965332 436.80102539 64 255 128
219.05056763 230.46940613 425.36596680 64 255 128
114.81900024 174.09999084 494.87600708 64 255 128
108.74701691 111.95636749 394.76492310 64 255 128
208.76728821 224.27677917 435.14688110 64 255 128
65.58499908 175.42399597 523.72100830 64 255 128
201.65396118 255.80838013 396.62475586 64 255 128
224.37127686 247.74990845 405.68176270 64 255 128
57.56900024 151.20401001 439.24099731 64 255 128
131.80424500 114.29595184 421.11773682 64 255 128
167.84909058 236.03523254 370.55899048 64 255 128
117.92868805 94.94433594 430.53073120 64 255 128
130.85165405 143.70983887 446.91323853 64 255 128
81.99174500 124.48771667 498.92337036 64 255 128
96.93299866 199.36900330 509.87298584 64 255 128
56.60799789 148.60501099 476.60699463 64 255 128
56.78499985 150.30999756 492.08999634 64 255 128
95.98780823 99.64347839 402.17016602 64 255 128
180.43402100 213.02288818 445.08865356 64 255 128
142.98812866 147.22468567 441.88034058 64 255 128
156.36961365 189.18013000 435.63543701 64 255 128
120.57312775 147.46548462 460.71292114 64 255 128
186.70751953 163.40046692 418.99478149 64 255 128
96.96435547 142.22554016 498.56289673 64 255 128
180.89666748 199.98931885 406.88098145 64 255 128
121.92499542 223.28900146 389.42098999 64 255 128
159.74433899 246.36689758 427.52322388 64 255 128
118.91062164 199.04173279 473.19476318 64 255 128
61.23600006 130.04299927 498.59100342 64 255 128
98.96800232 190.23500061 485.47000122 64 255 128
97.47562408 121.41507721 454.78549194 64 255 128
87.21700287 224.39299011 419.88500977 64 255 128
64.24140930 111.46288300 445.96780396 64 255 128
123.68299866 237.08399963 398.82998657 64 255 128
111.73898315 188.59695435 467.87515259 64 255 128
72.16282654 118.99818420 497.63269043 64 255 128
223.34620667 247.56831360 363.79479980 64 255 128
126.61741638 204.99960327 371.39248657 64 255 128
164.52415466 182.99989319 387.59832764 64 255 128
62.12000275 177.80398560 487.44799805 64 255 128
93.30245972 132.97773743 477.99374390 64 255 128
138.51622009 239.56372070 394.09414673 64 255 128
118.85083771 125.62046814 440.10031128 64 255 128
211.65563965 240.26737976 430.81854248 64 255 128
173.97059631 166.60249329 397.24020386 64 255 128
86.96604156 97.06432343 455.06832886 64 255 128
120.01473999 182.17285156 372.74111938 64 255 128
131.67355347 225.47074890 379.62588501 64 255 128
121.25348663 96.90171051 403.13330078 64 255 128
107.81026459 129.93447876 451.29727173 64 255 128
129.50991821 132.74789429 438.41741943 64 255 128
163.37452698 250.52636719 408.20050049 64 255 128
152.05934143 199.28607178 415.36868286 64 255 128
146.91094971 178.53016663 426.55636597 64 255 128
96.14942932 134.57356262 388.33425903 64 255 128
155.16317749 188.81599426 379.10781860 64 255 128
189.21751404 229.74049377 464.90692139 64 255 128
178.69763184 192.83670044 395.92510986 64 255 128
105.41558075 82.18386841 422.73602295 64 255 128
177.59820557 210.34844971 467.14450073 64 255 128
194.39514160 169.88479614 401.87280273 64 255 128
121.53891754 160.45181274 378.00967407 64 255 128
145.50579834 124.72998047 393.10238647 64 255 128
217.43490601 231.28254700 413.13232422 64 255 128
92.12999725 215.53399658 450.31802368 64 255 128
86.42513275 120.29115295 397.73577881 64 255 128
78.51399994 157.57299805 533.99902344 64 255 128
74.00300598 189.34799194 454.75701904 64 255 128
160.78952026 198.73420715 371.28637695 64 255 128
179.88822937 212.32853699 423.91595459 64 255 128
166.44728088 241.49702454 445.01397705 64 255 128
137.04228210 127.95177460 427.68496704 64 255 128
192.04550171 246.69157410 423.52105713 64 255 128
96.11109161 109.33560181 397.27667236 64 255 128
139.37808228 216.04791260 494.99713135 64 255 128
90.11379242 131.74151611 490.64038086 64 255 128
129.84117126 179.69291687 467.46890259 64 255 128
74.93060303 106.60700226 407.72674561 64 255 128
75.36221313 116.11824799 485.49670410 64 255 128
110.20999908 221.38600159 388.55999756 64 255 128
98.79299927 196.41400146 389.36199951 64 255 128
72.04999542 192.64500427 503.51501465 64 255 128
167.90145874 165.42369080 381.60250854 64 255 128
69.01245117 96.64617920 425.52243042 64 255 128
133.95266724 98.30507660 416.87454224 64 255 128
64.36300659 162.75799561 526.19201660 64 255 128
178.86180115 234.23725891 458.75762939 64 255 128
214.10163879 236.97976685 371.20715332 64 255 128
143.84475708 158.69320679 379.02371216 64 255 128
200.06288147 220.13804626 455.72702026 64 255 128
156.02398682 203.53468323 480.54779053 64 255 128
170.96548462 166.92686462 422.77252197 64 255 128
189.23251343 181.75047302 406.65396118 64 255 128
87.21410370 87.46955109 420.03488159 64 255 128
128.68121338 131.01243591 385.13659668 64 255 128
89.44400024 207.93899536 497.76397705 64 255 128
193.09463501 204.95600891 379.29928589 64 255 128
60.80461121 116.81608582 432.20016479 64 255 128
157.17481995 213.88128662 496.36880493 64 255 128
63.96800232 181.43699646 503.42202759 64 255 128
91.35299683 150.60000610 521.39697266 64 255 128
192.93931580 238.84797668 444.01083374 64 255 128
130.96252441 173.48138428 443.42413330 64 255 128
103.19804382 142.98893738 474.60226440 64 255 128
78.11499786 195.69599915 468.68499756 64 255 128
217.13575745 224.98008728 359.64251709 64 255 128
147.59008789 138.62864685 388.50329590 64 255 128
132.97854614 249.84429932 414.69494629 64 255 128
143.43899536 188.63958740 371.87936401 64 255 128
227.25410461 253.16816711 383.81491089 64 255 128
150.11773682 234.87792969 384.21728516 64 255 128
96.85892487 166.01394653 383.02850342 64 255 128
191.65301514 216.99461365 438.96099854 64 255 128
108.60873413 89.36503601 434.68875122 64 255 128
197.45233154 215.60783386 361.44119263 64 255 128
64.35792542 124.20209503 413.07522583 64 255 128
85.40100098 212.68499756 431.13699341 64 255 128
139.91816711 241.32960510 442.56845093 64 255 128
189.14506531 234.23774719 364.14657593 64 255 128
193.13845825 200.92469788 363.32830811 64 255 128
73.87000275 193.21000671 424.40399170 64 255 128
108.59657288 172.41711426 381.19979858 64 255 128
59.48200226 128.47000122 482.88101196 64 255 128
149.44132996 208.69483948 368.00964355 64 255 128
163.14807129 204.55987549 467.24475098 64 255 128
104.51818848 108.95501709 442.04260254 64 255 128
57.72399902 134.51300049 428.03100586 64 255 128
150.73864746 167.82440186 397.26220703 64 255 128
188.11364746 212.83584595 398.53097534 64 255 128
169.12852478 251.90890503 389.77581787 64 255 128
122.84526062 177.23838806 481.63385010 64 255 128
57.01599884 156.01399231 454.03100586 64 255 128
166.76358032 205.50515747 433.28524780 64 255 128
149.16281128 170.18736267 378.12274170 64 255 128
66.12999725 144.79100037 528.28802490 64 255 128
90.93814087 138.58514404 511.79940796 64 255 128
163.47273254 149.81042480 395.68569946 64 255 128
80.84899902 198.10299683 482.06399536 64 255 128
184.09707642 181.87802124 416.05120850 64 255 128
137.68383789 104.31072998 400.19155884 64 255 128
206.56950378 257.67465210 383.67498779 64 255 128
172.88998413 196.94972229 413.93652344 64 255 128
148.13159180 142.82795715 431.81301880 64 255 128
104.49063873 93.13629913 406.44155884 64 255 128
79.30199432 203.46299744 419.94699097 64 255 128
103.26499939 186.79000854 390.51397705 64 255 128
177.18513489 214.87815857 366.00048828 64 255 128
142.60189819 172.18986511 435.64749146 64 255 128
173.06785583 210.15040588 483.11575317 64 255 128
178.33045959 252.39834595 407.39303589 64 255 128
76.99300385 193.39700317 405.05401611 64 255 128
86.50099945 205.71101379 454.17700195 64 255 128
91.11000061 184.36000061 522.16705322 64 255 128
148.83137512 161.90946960 454.84823608 64 255 128
218.33708191 256.26934814 379.93435669 64 255 128
166.24449158 231.59791565 467.14910889 64 255 128
126.40845490 235.00907898 463.77395630 64 255 128
149.85394287 212.39692688 428.40606689 64 255 128
153.75373840 248.47296143 409.47827148 64 255 128
105.02299500 204.64801025 498.58099365 64 255 128
185.01640320 185.02465820 373.76815796 64 255 128
161.16702271 203.97007751 446.99246216 64 255 128
63.67299652 171.31900024 440.45199585 64 255 128
58.71700287 126.34800720 435.54101562 64 255 128
119.01728821 203.55255127 497.17465210 64 255 128
119.01282501 238.78033447 441.23852539 64 255 128
64.81699371 136.46000671 416.53201294 64 255 128
223.19378662 239.91743469 395.53558350 64 255 128
153.53338623 154.70008850 382.71237183 64 255 128
159.08111572 184.48741150 416.54693604 64 255 128
60.29299927 171.82600403 508.35299683 64 255 128
177.60691833 223.73164368 476.63525391 64 255 128
207.40286255 215.60557556 366.53036499 64 255 128
139.76261902 221.03968811 488.38854980 64 255 128
183.81748962 255.81231689 394.88113403 64 255 128
62.59099960 140.13198853 517.19500732 64 255 128
77.00987244 94.58856964 411.71640015 64 255 128
171.13732910 197.21734619 373.60913086 64 255 128
142.31332397 199.69952393 465.60177612 64 255 128
127.29853058 246.33558655 426.96276855 64 255 128
59.38999939 123.77200317 462.00900269 64 255 128
145.79861450 111.92784882 408.91546631 64 255 128
91.57964325 85.61898804 439.63610840 64 255 128
58.28499985 149.13800049 428.57199097 64 255 128
94.30799866 226.04699707 401.14099121 64 255 128
187.87203979 244.39762878 365.95080566 64 255 128
90.71800232 218.25399780 440.99102783 64 255 128
83.70800018 203.37599182 466.19702148 64 255 128
161.58506775 169.95249939 411.06396484 64 255 128
199.69772339 228.52648926 461.32742310 64 255 128
122.93799591 217.70700073 503.28500366 64 255 128
85.37290955 130.46450806 512.49902344 64 255 128
188.06240845 216.30766296 418.52828979 64 255 128
160.17863464 243.96856689 437.92996216 64 255 128
109.50708771 228.81576538 456.59091187 64 255 128
162.60502625 132.11300659 400.61047363 64 255 128
78.94450378 112.47688293 473.61373901 64 255 128
70.65399933 158.24400330 402.78399658 64 255 128
154.42198181 151.94799805 421.50558472 64 255 128
94.04371643 83.33453369 425.81433105 64 255 128
73.27199554 191.99499512 485.92599487 64 255 128
102.65900421 222.67199707 470.86199951 64 255 128
85.38199615 193.92700195 398.28399658 64 255 128
192.82862854 174.09013367 388.91067505 64 255 128
69.59899902 127.91900635 517.75097656 64 255 128
96.50699615 190.27799988 514.84600830 64 255 128
187.68367004 215.84515381 467.81594849 64 255 128
66.21141052 103.98040771 436.19812012 64 255 128
204.39437866 245.51304626 423.30657959 64 255 128
116.54956055 105.59069824 397.96249390 64 255 128
56.59000015 134.57800293 446.15499878 64 255 128
82.76999664 199.99699402 440.15698242 64 255 128
187.55282593 222.75366211 474.10464478 64 255 128
58.31599808 168.11299133 488.63000488 64 255 128
69.54900360 184.60600281 524.36499023 64 255 128
196.04829407 255.81031799 373.15612793 64 255 128
63.62300491 171.84600830 420.94497681 64 255 128
157.11466980 220.55860901 371.19772339 64 255 128
92.73554993 229.49975586 412.16696167 64 255 128
220.19232178 240.84634399 425.73309326 64 255 128
139.23428345 187.79879761 448.93951416 64 255 128
87.25800323 209.52000427 401.75698853 64 255 128
183.29376221 172.32879639 418.82418823 64 255 128
106.85782623 238.57675171 411.74398804 64 255 128
78.70599365 180.93000793 532.07397461 64 255 128
84.83999634 182.44900513 393.49099731 64 255 128
83.09500122 163.39599609 396.29501343 64 255 128
101.14700317 172.59599304 511.96997070 64 255 128
79.85199738 174.95800781 398.82098389 64 255 128
61.95590591 113.75564575 421.55941772 64 255 128
77.05467224 132.13850403 398.17767334 64 255 128
130.28279114 165.34455872 463.21041870 64 255 128
112.20697784 137.75477600 383.44973755 64 255 128
78.75200653 199.30400085 503.51000977 64 255 128
152.19616699 119.25209808 397.01663208 64 255 128
74.39099884 177.58700562 406.81201172 64 255 128
152.12469482 178.07116699 437.12747192 64 255 128
178.45016479 160.64987183 402.40322876 64 255 128
117.80799866 231.66200256 470.18399048 64 255 128
180.15232849 176.96081543 374.43490601 64 255 128
126.63100433 229.22700500 487.97100830 64 255 128
203.66957092 226.43989563 405.77609253 64 255 128
140.39056396 247.65829468 419.54501343 64 255 128
93.63899994 180.45799255 388.19000244 64 255 128
162.09614563 144.14057922 411.95251465 64 255 128
213.96755981 236.47332764 392.53826904 64 255 128
135.61781311 139.78526306 384.59176636 64 255 128
116.22692871 245.78115845 422.71093750 64 255 128
121.50972748 113.98480988 393.43218994 64 255 128
208.34432983 223.72433472 444.95318604 64 255 128
142.46791077 175.90324402 373.66558838 64 255 128
71.38700104 184.37799072 420.18801880 64 255 128
126.32293701 146.85012817 381.05245972 64 255 128
146.15476990 229.14819336 472.03829956 64 255 128
102.57499695 202.31599426 485.00100708 64 255 128
112.65548706 190.78773499 373.61874390 64 255 128
152.71850586 193.39895630 444.84555054 64 255 128
123.84062958 245.25312805 407.16873169 64 255 128
120.06622314 85.54276276 414.06213379 64 255 128
107.78170776 186.38497925 478.56411743 64 255 128
151.00883484 162.25216675 407.43933105 64 255 128
128.89730835 173.28829956 374.56011963 64 255 128
67.63699341 182.71900940 471.53198242 64 255 128
158.64189148 206.60119629 411.58993530 64 255 128
150.52470398 124.37994385 413.64031982 64 255 128
154.03823853 237.59739685 457.61172485 64 255 128
120.44695282 163.16754150 474.83898926 64 255 128
143.14567566 174.26376343 452.10742188 64 255 128
55.84899902 147.59799194 466.74697876 64 255 128
75.47885132 96.14496613 449.19097900 64 255 128
82.20988464 101.89006805 404.63980103 64 255 128
92.65299988 172.05299377 521.60601807 64 255 128
215.26982117 255.54882812 370.25659180 64 255 128
99.95300293 156.16099548 513.33599854 64 255 128
157.96307373 163.85165405 448.28634644 64 255 128
149.22467041 202.89175415 487.64437866 64 255 128
86.41799927 204.87100220 485.52099609 64 255 128
84.08799744 146.97100830 527.26605225 64 255 128
141.20864868 247.55032349 402.58139038 64 255 128
201.39453125 234.87881470 361.72491455 64 255 128
186.67295837 200.04582214 384.23980713 64 255 128
124.72458649 174.70730591 439.01858521 64 255 128
168.31954956 182.52885437 423.91830444 64 255 128
63.75599670 172.65899658 449.93698120 64 255 128
77.94000244 192.90299988 433.07901001 64 255 128
67.98196411 108.94059753 465.21746826 64 255 128
109.37583160 239.11793518 432.69320679 64 255 128
93.07499695 215.93600464 395.21600342 64 255 128
188.05329895 256.50781250 381.62393188 64 255 128
76.06583405 148.70761108 399.42944336 64 255 128
140.72206116 222.58267212 375.15521240 64 255 128
138.40324402 181.95053101 431.94976807 64 255 128
160.87269592 175.88357544 399.29879761 64 255 128
106.51077271 206.55850220 377.85150146 64 255 128
179.02505493 252.50315857 376.81408691 64 255 128
206.21009827 230.76739502 379.01254272 64 255 128
68.23799896 167.42999268 407.31100464 64 255 128
107.91737366 119.69728088 390.79772949 64 255 128
110.86438751 165.13645935 495.61547852 64 255 128
150.55473328 207.42092896 412.18771362 64 255 128
83.41900635 166.35499573 529.37902832 64 255 128
113.65577698 244.42887878 414.17529297 64 255 128
124.24408722 111.97058868 426.55758667 64 255 128
210.64048767 253.68344116 397.76934814 64 255 128
83.42800140 198.88000488 449.30401611 64 255 128
161.99455261 165.90605164 424.63464355 64 255 128
150.77000427 173.67214966 387.61611938 64 255 128
172.72381592 185.45373535 413.78640747 64 255 128
72.94099426 187.47200012 410.27297974 64 255 128
140.37915039 204.77857971 370.64682007 64 255 128
114.23831940 164.61927795 379.82089233 64 255 128
91.11714935 113.66484833 458.82684326 64 255 128
94.69125366 229.47329712 431.04647827 64 255 128
166.26420593 227.33757019 370.42739868 64 255 128
83.21200562 200.91799927 514.95800781 64 255 128
100.49156189 150.09828186 501.29275513 64 255 128
155.85479736 159.71781921 429.22994995 64 255 128
129.76956177 243.25625610 433.85452271 64 255 128
183.51841736 201.21495056 367.69485474 64 255 128
170.19778442 186.72200012 378.16607666 64 255 128
57.98200226 166.51399231 477.83398438 64 255 128
82.44824219 145.70245361 391.15707397 64 255 128
116.53425598 129.13159180 386.40762329 64 255 128
170.91935730 209.66746521 367.56530762 64 255 128
96.00154877 91.37831116 408.33129883 64 255 128
106.41381836 150.30848694 380.34796143 64 255 128
127.02658844 236.59672546 450.67037964 64 255 128
197.65451050 203.59121704 371.34912109 64 255 128
58.06700134 131.97100830 474.94699097 64 255 128
57.46899796 161.73901367 495.78100586 64 255 128
129.38484192 148.39292908 455.24234009 64 255 128
183.36239624 157.98979187 389.10031128 64 255 128
134.72230530 158.06578064 458.87524414 64 255 128
219.89329529 251.72427368 396.81112671 64 255 128
163.22302246 242.57363892 376.41842651 64 255 128
127.33718872 123.41825867 389.16622925 64 255 128
61.53099823 163.34599304 437.55499268 64 255 128
134.89863586 97.40447235 404.99453735 64 255 128
226.59616089 238.16484070 407.04385376 64 255 128
58.72999954 150.64500427 510.47598267 64 255 128
222.01440430 244.76272583 415.49026489 64 255 128
160.87838745 140.54418945 391.80957031 64 255 128
78.79499817 136.09700012 528.07403564 64 255 128
158.24694824 124.86096954 402.45538330 64 255 128
192.08726501 219.42401123 405.08215332 64 255 128
65.95700073 144.57600403 412.25399780 64 255 128
181.98826599 246.51473999 428.07327271 64 255 128
96.37899780 191.44200134 494.94799805 64 255 128
148.37493896 186.82659912 431.59323120 64 255 128
167.64450073 197.80485535 425.19769287 64 255 128
137.61665344 112.53791809 414.66076660 64 255 128
95.94299316 221.58799744 455.25100708 64 255 128
146.06234741 214.60308838 420.18151855 64 255 128
148.40605164 228.64640808 376.21609497 64 255 128
92.21675873 125.96125793 392.44458008 64 255 128
106.78099823 218.81399536 494.55099487 64 255 128
97.21499634 207.13600159 503.77798462 64 255 128
92.77000427 197.35301208 395.52200317 64 255 128
135.60099792 233.92700195 477.20501709 64 255 128
138.23956299 204.77720642 493.00427246 64 255 128
150.20829773 151.56060791 439.94003296 64 255 128
62.78099823 155.40899658 420.06399536 64 255 128
84.88899994 209.81100464 410.00500488 64 255 128
67.20399475 184.10200500 479.95700073 64 255 128
128.66458130 165.16673279 377.09448242 64 255 128
70.77675629 140.68151855 405.49734497 64 255 128
168.16783142 167.37304688 435.88659668 64 255 128
56.91099930 140.15699768 477.57901001 64 255 128
165.55641174 203.16401672 366.28222656 64 255 128
119.16925049 212.11274719 375.83593750 64 255 128
133.64900208 236.88600159 467.80099487 64 255 128
110.25140381 154.13851929 482.10443115 64 255 128
119.74803925 169.43000793 481.83511353 64 255 128
88.61199188 160.10714722 391.58255005 64 255 128
173.42643738 248.53755188 422.78945923 64 255 128
212.56517029 231.28096008 447.13165283 64 255 128
222.79035950 246.48742676 372.84301758 64 255 128
56.76300049 158.27999878 475.44799805 64 255 128
98.32036591 150.76708984 382.29687500 64 255 128
164.66630554 247.96983337 382.88217163 64 255 128
102.62833405 227.98329163 451.62893677 64 255 128
189.95494080 182.87573242 384.43893433 64 255 128
211.36494446 227.07057190 423.07336426 64 255 128
182.38580322 192.78068542 371.30288696 64 255 128
99.66556549 235.39379883 414.61026001 64 255 128
131.27717590 190.30590820 369.94860840 64 255 128
168.86097717 170.79380798 404.49649048 64 255 128
147.70692444 245.44880676 426.83938599 64 255 128
134.81454468 201.42938232 477.20526123 64 255 128
103.33000183 229.61700439 399.32000732 64 255 128
197.42900085 250.75437927 366.25683594 64 255 128
102.74043274 237.91952515 427.36660767 64 255 128
140.51889038 193.42683411 460.17770386 64 255 128
95.64099884 218.59300232 463.55300903 64 255 128
110.28855896 84.88130188 414.90097046 64 255 128
178.58050537 213.63339233 434.48587036 64 255 128
56.84000015 140.61999512 461.06698608 64 255 128
133.93565369 110.73973083 396.30752563 64 255 128
130.92698669 237.81134033 396.57150269 64 255 128
185.58213806 218.16413879 364.60214233 64 255 128
197.52807617 252.86349487 406.25225830 64 255 128
67.14700317 178.40299988 424.53399658 64 255 128
188.19583130 158.27110291 400.04968262 64 255 128
110.49199677 180.53999329 497.83300781 64 255 128
147.26744080 225.44279480 481.33111572 64 255 128
111.46900177 234.07200623 401.70098877 64 255 128
200.81848145 226.66375732 392.49594116 64 255 128
58.62100220 164.18200684 458.96801758 64 255 128
184.29405212 237.75061035 450.81680298 64 255 128
59.13199997 160.01699829 511.48498535 64 255 128
80.84375763 87.18832397 438.36386108 64 255 128
84.78099823 186.10400391 527.85601807 64 255 128
149.41300964 249.26100159 409.85800171 64 255 128
177.32821655 241.76074219 440.85772705 64 255 128
193.70140076 256.49835205 395.09075928 64 255 128
81.35399628 194.97200012 522.37200928 64 255 128
102.52600098 182.22799683 509.09899902 64 255 128
153.53648376 200.00784302 464.06524658 64 255 128
171.36720276 167.55441284 389.37857056 64 255 128
191.74435425 216.17401123 447.34527588 64 255 128
63.68000031 119.16200256 482.56201172 64 255 128
176.31254578 217.87417603 485.25769043 64 255 128
157.17359924 247.93717957 389.18560791 64 255 128
60.26899719 140.06100464 509.37701416 64 255 128
187.75090027 168.65391541 383.37338257 64 255 128
165.35118103 206.53947449 484.27474976 64 255 128
174.93684387 159.15777588 382.52795410 64 255 128
114.32319641 103.48481750 434.25311279 64 255 128
156.00794983 157.53083801 437.27404785 64 255 128
193.13908386 217.38130188 460.60498047 64 255 128
158.70890808 195.25785828 429.96417236 64 255 128
130.75634766 211.17150879 374.98437500 64 255 128
176.94767761 246.59153748 371.09011841 64 255 128
66.73500061 178.39700317 454.80499268 64 255 128
173.12353516 209.49453735 428.84164429 64 255 128
115.28209686 141.47612000 456.87677002 64 255 128
101.45217896 115.74736786 448.13446045 64 255 128
182.61114502 185.62907410 397.53216553 64 255 128
57.43700027 132.41900635 463.91000366 64 255 128
61.45800018 158.28100586 519.36798096 64 255 128
100.91268921 137.53338623 466.80462646 64 255 128
132.01382446 186.89930725 455.00173950 64 255 128
71.74099731 185.46398926 442.17199707 64 255 128
150.86366272 189.26463318 372.63015747 64 255 128
155.05513000 223.92262268 482.55145264 64 255 128
174.30442810 232.19955444 367.35705566 64 255 128
199.81948853 222.62648010 418.51977539 64 255 128
66.66100311 123.07099915 502.47299194 64 255 128
158.98898315 149.53790283 403.23394775 64 255 128
175.97283936 169.61851501 378.39419556 64 255 128
205.04638672 220.56080627 374.74780273 64 255 128
161.53591919 221.35057068 486.22894287 64 255 128
99.30458832 89.83896637 439.39160156 64 255 128
122.81443787 183.01235962 466.29824829 64 255 128
152.00675964 199.61209106 455.93225098 64 255 128
78.42507172 120.72121429 492.17968750 64 255 128
126.07701111 195.84841919 473.33877563 64 255 128
87.46354675 125.94215393 476.74984741 64 255 128
106.87900543 168.01699829 504.24301147 64 255 128
150.86370850 180.36404419 382.72869873 64 255 128
56.90599823 145.50199890 483.89102173 64 255 128
135.01936340 179.48188782 439.90078735 64 255 128
179.53974915 163.61988831 410.91424561 64 255 128
93.95462036 173.18455505 386.38162231 64 255 128
121.96169281 231.24758911 392.84823608 64 255 128
133.85571289 172.67343140 462.21124268 64 255 128
90.59420013 104.49542236 454.68334961 64 255 128
111.51499939 201.34800720 481.87899780 64 255 128
206.63175964 249.65664673 413.07409668 64 255 128
91.65100098 210.31199646 477.10800171 64 255 128
89.80599976 209.97200012 468.91799927 64 255 128
75.35980988 113.54985046 404.40213013 64 255 128
96.33399963 199.66600037 501.55096436 64 255 128
80.09400177 173.20899963 531.35998535 64 255 128
142.73449707 237.24063110 460.45214844 64 255 128
108.12100220 214.43399048 503.77398682 64 255 128
166.65759277 251.95703125 400.51101685 64 255 128
103.47299957 215.90699768 386.44299316 64 255 128
167.48542786 206.51231384 454.09768677 64 255 128
191.02557373 163.78552246 409.42651367 64 255 128
91.10499573 204.22200012 513.40399170 64 255 128
106.09199524 207.15499878 505.88601685 64 255 128
156.78988647 202.52148438 472.47720337 64 255 128
154.93484497 202.00695801 367.42944336 64 255 128
168.95263672 174.69880676 384.26629639 64 255 128
76.65999603 159.24899292 397.97198486 64 255 128
133.26657104 234.13099670 386.74908447 64 255 128
66.87799835 153.80400085 411.60800171 64 255 128
180.09150696 211.05924988 458.92608643 64 255 128
58.56900024 138.82699585 497.60198975 64 255 128
86.66184235 221.56575012 412.67007446 64 255 128
130.11997986 248.73196411 420.31784058 64 255 128
87.36170959 152.39245605 388.92947388 64 255 128
68.67600250 165.44400024 532.56097412 64 255 128
123.38200378 230.00000000 480.80599976 64 255 128
95.68003845 227.15383911 438.25070190 64 255 128
110.20399475 223.52500916 481.88201904 64 255 128
171.21270752 236.47253418 456.74508667 64 255 128
63.47900009 176.37799072 515.59899902 64 255 128
101.82749939 104.59629822 398.97363281 64 255 128
117.70905304 154.54869080 469.90701294 64 255 128
84.18700409 204.16101074 493.22000122 64 255 128
114.13427734 118.26204681 438.57327271 64 255 128
205.23138428 231.19935608 387.76199341 64 255 128
98.94188690 101.98981476 445.38415527 64 255 128
192.10008240 244.16256714 431.12301636 64 255 128
130.33757019 206.34696960 488.29040527 64 255 128
148.69007874 218.55256653 425.58898926 64 255 128
101.01741028 130.42041016 457.82699585 64 255 128
56.74099731 151.30500793 447.99102783 64 255 128
92.49792480 123.41434479 462.50418091 64 255 128
145.20442200 154.40373230 450.35662842 64 255 128
110.47633362 83.44557953 428.39651489 64 255 128
204.89997864 224.80479431 359.07571411 64 255 128
198.39678955 217.10537720 381.49612427 64 255 128
104.13313293 145.74729919 483.31005859 64 255 128
155.06314087 197.22492981 406.37182617 64 255 128
93.93299866 159.21099854 519.96099854 64 255 128
73.71500397 190.29100037 465.60498047 64 255 128
155.06050110 200.30473328 447.52151489 64 255 128
187.99470520 225.59893799 363.91513062 64 255 128
157.96340942 185.42945862 386.35946655 64 255 128
138.28973389 209.90818787 498.95901489 64 255 128
158.02163696 232.57241821 465.70166016 64 255 128
144.82273865 240.74299622 447.16494751 64 255 128
166.42459106 172.28254700 424.60275269 64 255 128
143.07072449 237.07473755 388.46176147 64 255 128
81.59899902 202.62300110 412.11798096 64 255 128
150.06605530 173.47366333 429.83078003 64 255 128
200.90719604 232.89151001 453.12557983 64 255 128
96.36600494 212.73399353 494.41702271 64 255 128
189.14288330 206.61987305 387.06567383 64 255 128
119.08423615 201.60757446 487.13946533 64 255 128
118.06064606 195.93815613 465.32250977 64 255 128
81.01844025 89.05371094 428.28964233 64 255 128
182.09474182 206.10321045 413.57202148 64 255 128
62.99000168 115.94499969 468.73400879 64 255 128
204.30323792 246.35667419 364.48397827 64 255 128
133.81282043 146.39886475 381.82464600 64 255 128
69.40600586 188.46200562 509.22000122 64 255 128
211.16786194 230.77978516 404.48507690 64 255 128
68.06942749 106.95670319 457.21377563 64 255 128
82.67000580 205.35301208 434.87997437 64 255 128
113.88104248 177.01812744 379.90347290 64 255 128
154.53572083 178.46711731 421.26132202 64 255 128
154.98997498 194.59591675 419.87231445 64 255 128
62.06292343 114.11579132 439.82873535 64 255 128
84.07099915 217.42500305 425.46099854 64 255 128
169.43904114 227.97517395 472.97396851 64 255 128
104.75499725 184.93099976 499.85501099 64 255 128
123.24874115 153.52430725 379.94824219 64 255 128
113.83880615 95.93442535 404.24963379 64 255 128
152.10972595 161.60887146 380.13943481 64 255 128
182.77291870 231.52899170 366.65490723 64 255 128
81.89412689 125.17619324 506.92147827 64 255 128
57.96200180 127.73600006 448.82000732 64 255 128
156.56567383 212.04579163 407.38668823 64 255 128
66.90499878 179.07899475 432.31100464 64 255 128
71.64499664 188.75999451 518.52795410 64 255 128
147.98515320 247.59054565 416.57171631 64 255 128
170.37051392 251.77285767 406.58633423 64 255 128
56.01399994 151.72999573 460.05200195 64 255 128
151.64736938 191.87905884 411.42141724 64 255 128
111.90278625 157.53486633 379.73651123 64 255 128
172.55239868 181.49020386 372.58172607 64 255 128
96.94400024 211.80300903 389.93600464 64 255 128
147.44386292 213.17004395 497.68072510 64 255 128
194.61512756 176.07226562 406.13116455 64 255 128
86.82595825 137.96859741 390.88494873 64 255 128
133.27700806 106.69596100 416.05407715 64 255 128
122.95044708 89.76818848 426.68862915 64 255 128
148.50828552 169.12306213 452.42755127 64 255 128
116.36194611 131.07794189 445.94357300 64 255 128
152.56990051 243.94483948 439.83868408 64 255 128
204.31713867 239.60998535 435.88897705 64 255 128
128.49304199 167.94419861 437.55947876 64 255 128
155.98956299 154.94216919 391.01440430 64 255 128
57.76000214 141.87100220 430.81201172 64 255 128
149.75444031 147.18586731 384.90869141 64 255 128
139.03242493 122.97325897 421.40942383 64 255 128
185.64404297 192.33735657 379.02587891 64 255 128
120.21745300 102.55049896 427.64022827 64 255 128
90.23839569 103.90422058 400.99664307 64 255 128
69.26686859 117.46991730 491.23757935 64 255 128
81.93125153 99.63084412 460.93670654 64 255 128
61.39300156 132.64599609 421.82699585 64 255 128
124.91754150 224.18942261 383.34820557 64 255 128
70.98200226 180.39900208 530.23303223 64 255 128
136.44073486 125.53141785 390.12100220 64 255 128
147.45727539 178.41931152 443.78073120 64 255 128
116.27528381 234.49200439 447.32351685 64 255 128
228.93789673 242.38616943 400.34143066 64 255 128
112.70239258 145.70249939 465.64282227 64 255 128
220.29370117 239.72161865 368.51730347 64 255 128
166.85610962 238.63699341 452.23535156 64 255 128
152.17446899 138.69799805 424.67758179 64 255 128
115.15899658 215.20399475 505.57601929 64 255 128
82.85699463 205.47000122 426.39999390 64 255 128
66.05999756 183.93200684 487.37902832 64 255 128
109.03762054 159.33776855 491.16711426 64 255 128
113.32900238 230.41799927 464.58499146 64 255 128
100.70300293 218.31799316 479.91799927 64 255 128
166.21456909 209.27635193 490.76184082 64 255 128
224.35260010 252.36479187 391.01821899 64 255 128
73.31000519 194.11399841 494.22900391 64 255 128
128.23823547 197.66764832 368.99066162 64 255 128
181.30924988 195.85638428 389.19311523 64 255 128
155.08720398 175.23683167 396.74682617 64 255 128
58.23099899 164.79901123 467.82897949 64 255 128
154.24348450 213.65782166 368.60494995 64 255 128
215.29963684 227.57826233 433.98971558 64 255 128
81.76899719 198.05899048 474.48400879 64 255 128
92.39501953 115.12104797 395.96240234 64 255 128
128.06085205 99.42922211 401.91253662 64 255 128
186.20399475 251.46452332 411.40963745 64 255 128
102.43512726 231.79919434 443.77227783 64 255 128
141.10169983 228.33151245 468.64685059 64 255 128
103.08454895 167.80241394 378.44122314 64 255 128
175.39208984 250.15690613 414.86669922 64 255 128
142.92445374 196.24226379 371.93478394 64 255 128
166.39491272 168.38781738 415.07290649 64 255 128
64.13400269 151.41299438 526.24200439 64 255 128
78.39199829 150.19700623 533.20599365 64 255 128
156.31044006 194.65454102 373.83312988 64 255 128
200.69242859 220.68252563 437.11264038 64 255 128
134.79721069 160.65684509 378.05114746 64 255 128
65.15652466 101.73718262 421.35348511 64 255 128
206.63883972 239.76185608 360.54226685 64 255 128
88.96399689 165.40899658 524.90100098 64 255 128
148.64532471 208.61721802 420.44610596 64 255 128
62.03699875 174.14500427 468.45800781 64 255 128
210.89363098 257.52365112 376.59234619 64 255 128
82.23497009 119.66298676 477.07699585 64 255 128
109.66799927 185.60400391 387.47097778 64 255 128
192.66400146 218.68316650 427.33346558 64 255 128
91.41689301 165.42648315 388.11932373 64 255 128
153.33448792 163.33305359 414.10760498 64 255 128
218.33349609 230.13105774 364.41439819 64 255 128
217.75619507 242.75952148 376.32659912 64 255 128
112.13875580 238.11219788 439.02307129 64 255 128
77.61699677 164.68699646 533.75201416 64 255 128
95.64698029 142.06295776 506.42532349 64 255 128
67.38326263 106.53834534 449.65155029 64 255 128
122.43966675 90.54487610 408.53164673 64 255 128
132.85360718 120.53288269 425.00738525 64 255 128
83.35299683 203.92199707 500.58102417 64 255 128
212.73809814 236.87519836 437.22622681 64 255 128
109.15012360 197.49340820 375.70077515 64 255 128
97.04264832 197.79873657 484.51718140 64 255 128
177.82087708 168.66038513 423.39770508 64 255 128
121.02574158 200.92311096 370.91821289 64 255 128
62.64500427 166.62699890 426.80499268 64 255 128
216.89144897 232.09318542 357.39138794 64 255 128
158.06568909 190.17904663 425.29815674 64 255 128
175.02383423 194.73559570 405.96685791 64 255 128
135.49418640 140.00091553 440.48272705 64 255 128
114.72634888 179.48939514 488.83081055 64 255 128
226.67398071 246.46476746 386.53317261 64 255 128
117.05000305 228.64399719 477.97000122 64 255 128
101.88370514 145.63439941 491.06008911 64 255 128
80.68777466 117.01569366 401.05319214 64 255 128
70.40010071 97.58808136 434.97314453 64 255 128
141.02755737 244.03349304 435.59387207 64 255 128
71.00376129 95.32800293 418.77038574 64 255 128
117.24737549 87.64343262 430.20950317 64 255 128
85.42723846 126.54121399 490.83206177 64 255 128
56.16100311 142.57598877 447.11499023 64 255 128
207.58673096 210.95501709 360.85897827 64 255 128
158.33560181 237.12745667 377.39773560 64 255 128
160.38790894 247.68670654 420.39151001 64 255 128
99.77299500 216.22499084 489.26898193 64 255 128
141.72709656 202.23182678 476.35675049 64 255 128
59.72399902 122.50099945 455.11401367 64 255 128
217.98495483 249.93261719 404.27566528 64 255 128
98.52870178 128.12625122 389.77685547 64 255 128
170.88325500 190.62008667 409.55163574 64 255 128
66.62000275 126.08200073 508.79598999 64 255 128
125.62358093 180.28681946 474.91183472 64 255 128
75.29560852 104.15387726 466.18106079 64 255 128
113.63399506 222.70700073 491.92800903 64 255 128
84.94145203 89.59239197 413.14093018 64 255 128
81.09362793 93.85381317 454.19882202 64 255 128
70.28934479 113.46699524 481.70223999 64 255 128
164.21220398 136.62942505 405.70513916 64 255 128
70.93470001 125.55519104 406.51660156 64 255 128
133.70704651 204.72344971 373.09820557 64 255 128
194.33024597 207.80593872 362.15795898 64 255 128
89.19899750 201.19699097 400.49899292 64 255 128
202.14430237 209.19619751 369.16821289 64 255 128
64.89376831 108.28574371 418.63949585 64 255 128
183.92674255 206.69213867 405.90832520 64 255 128
143.71516418 216.38215637 370.28552246 64 255 128
71.49822998 101.42689514 452.91146851 64 255 128
121.16225433 118.71257782 434.13674927 64 255 128
121.91381836 211.14384460 503.88754272 64 255 128
173.79608154 251.64013672 381.50564575 64 255 128
151.23927307 241.51936340 387.22103882 64 255 128
152.45002747 131.97254944 417.21179199 64 255 128
171.57742310 171.05169678 439.92974854 64 255 128
101.47500610 194.52072144 477.46655273 64 255 128
224.60273743 236.53089905 422.77575684 64 255 128
126.17178345 184.56842041 371.19485474 64 255 128
139.73040771 183.31181335 370.33816528 64 255 128
149.18542480 112.30984497 402.07235718 64 255 128
89.29879761 226.57048035 426.53616333 64 255 128
148.89718628 183.70687866 422.49642944 64 255 128
129.57876587 192.04060364 464.57791138 64 255 128
151.93063354 248.34286499 397.99697876 64 255 128
191.45513916 250.44432068 415.07275391 64 255 128
112.52959442 242.51002502 427.88598633 64 255 128
59.70500183 131.55099487 491.23199463 64 255 128
160.88919067 161.89607239 442.22665405 64 255 128
218.14932251 240.74739075 388.97155762 64 255 128
103.35302734 122.98160553 450.20693970 64 255 128
197.49636841 223.31770325 402.08764648 64 255 128
149.12617493 132.83702087 391.57531738 64 255 128
143.77409363 135.16667175 428.77862549 64 255 128
187.30406189 240.36785889 441.25305176 64 255 128
85.61900330 204.98899841 417.83099365 64 255 128
59.74254990 119.43875122 425.44750977 64 255 128
102.12411499 135.42587280 385.03204346 64 255 128
136.33691406 147.47842407 447.35678101 64 255 128
149.23492432 202.42901611 479.69427490 64 255 128
111.05792236 145.80480957 381.88824463 64 255 128
217.52555847 241.81433105 362.29122925 64 255 128
123.83610535 132.93367004 442.89859009 64 255 128
171.52352905 223.32829285 368.15164185 64 255 128
83.27817535 112.78982544 466.92276001 64 255 128
90.84300232 142.82000732 517.55902100 64 255 128
222.79292297 233.59536743 416.03900146 64 255 128
160.86054993 173.56835938 442.30932617 64 255 128
98.78938293 157.55030823 381.61395264 64 255 128
145.47781372 188.95022583 445.51412964 64 255 128
101.55835724 201.53244019 383.75186157 64 255 128
172.39489746 240.48017883 368.72979736 64 255 128
120.34700012 222.29699707 497.71697998 64 255 128
101.95300293 162.25099182 511.14703369 64 255 128
59.51900101 171.74400330 482.12600708 64 255 128
141.79269409 158.72671509 456.75701904 64 255 128
123.39100647 85.62677765 419.91049194 64 255 128
166.92387390 205.65020752 460.86239624 64 255 128
211.63902283 221.57339478 365.77545166 64 255 128
69.57118225 119.19842529 407.37347412 64 255 128
197.54560852 221.34521484 387.20190430 64 255 128
117.87200165 218.79299927 386.44799805 64 255 128
74.25700378 130.21899414 524.99597168 64 255 128
166.29623413 247.23727417 426.94628906 64 255 128
127.80722809 97.59888458 421.49316406 64 255 128
91.11946869 91.30538940 447.09097290 64 255 128
203.71517944 257.62753296 377.53149414 64 255 128
220.50425720 234.40060425 432.16839600 64 255 128
87.98841858 128.75593567 483.46832275 64 255 128
175.74128723 210.43025208 450.73446655 64 255 128
210.22592163 251.97392273 367.31750488 64 255 128
144.15838623 107.79279327 402.02777100 64 255 128
175.50280762 158.98451233 396.46054077 64 255 128
159.52386475 173.26873779 432.77774048 64 255 128
63.85699844 168.14199829 415.21298218 64 255 128
176.99913025 155.41616821 387.67626953 64 255 128
122.86751556 176.17660522 374.29110718 64 255 128
94.74700165 196.64099121 516.00598145 64 255 128
193.77008057 217.13812256 453.70996094 64 255 128
130.13839722 218.59829712 378.16690063 64 255 128
78.93000031 194.19999695 450.91500854 64 255 128
62.80499649 164.05599976 420.63500977 64 255 128
204.04351807 252.63607788 404.91552734 64 255 128
192.27587891 225.72846985 469.00485229 64 255 128
105.55599976 224.50299072 392.39599609 64 255 128
76.90054321 121.04757690 503.31835938 64 255 128
111.16872406 125.20061493 387.74066162 64 255 128
126.13690186 127.50186157 435.75119019 64 255 128
163.51251221 178.70153809 393.12963867 64 255 128
80.81739044 126.93899536 397.64199829 64 255 128
171.70919800 221.90019226 481.62747192 64 255 128
154.05482483 205.19729614 494.36236572 64 255 128
65.73279572 130.87847900 413.33529663 64 255 128
123.94078827 144.67875671 454.34729004 64 255 128
161.88739014 181.51676941 421.61904907 64 255 128
173.52632141 192.31370544 377.09082031 64 255 128
101.49604797 95.86513519 440.97277832 64 255 128
71.81400299 159.14799500 534.01000977 64 255 128
229.34729004 243.22052002 410.02346802 64 255 128
185.41957092 215.32484436 438.02020264 64 255 128
100.91827393 187.33662415 492.17135620 64 255 128
127.53300476 241.82299805 402.95700073 64 255 128
59.29899979 139.73901367 424.31100464 64 255 128
175.64823914 209.98570251 473.71435547 64 255 128
63.37799835 144.78300476 522.29498291 64 255 128
150.41345215 184.49476624 437.63412476 64 255 128
183.58486938 254.38839722 401.95199585 64 255 128
175.16616821 254.20951843 391.84143066 64 255 128
98.18013763 172.67689514 381.58111572 64 255 128
69.86299896 146.92799377 533.22204590 64 255 128
102.31237030 98.12224579 402.64706421 64 255 128
142.58920288 142.27699280 436.81051636 64 255 128
194.53558350 176.61878967 397.79516602 64 255 128
143.74172974 166.02947998 377.36669922 64 255 128
128.00086975 153.23985291 459.94891357 64 255 128
139.09219360 152.35414124 379.55892944 64 255 128
96.01309967 143.14707947 384.54373169 64 255 128
61.19000244 176.35800171 499.28701782 64 255 128
184.91935730 232.48020935 461.32620239 64 255 128
139.17900085 249.85699463 410.62200928 64 255 128
107.49777222 211.15527344 382.40283203 64 255 128
73.64600372 188.12400818 447.81301880 64 255 128
108.05500031 226.32400513 468.40701294 64 255 128
141.93901062 119.60021973 394.92669678 64 255 128
73.52474976 137.54580688 400.65783691 64 255 128
152.04762268 156.88714600 412.04556274 64 255 128
76.74111938 99.97965240 408.15023804 64 255 128
159.19502258 250.03933716 403.65328979 64 255 128
203.20382690 221.21015930 449.45996094 64 255 128
114.90373230 113.92934418 393.32452393 64 255 128
81.65133667 135.70753479 394.48364258 64 255 128
106.20461273 192.07707214 472.11895752 64 255 128
185.83847046 256.51623535 388.62503052 64 255 128
134.90411377 241.92762756 438.41494751 64 255 128
221.26107788 234.28872681 408.33090210 64 255 128
158.42837524 218.18266296 491.46856689 64 255 128
111.02214050 108.03729248 438.18029785 64 255 128
164.37686157 213.09544373 367.61602783 64 255 128
93.06210327 135.56124878 494.97302246 64 255 128
131.39338684 128.49652100 431.68466187 64 255 128
111.99333191 184.01928711 481.76742554 64 255 128
119.68651581 246.52552795 411.44506836 64 255 128
90.45307159 127.21255493 470.23068237 64 255 128
57.57899857 151.92599487 501.35897827 64 255 128
168.83691406 170.31188965 429.54138184 64 255 128
204.98374939 223.98387146 425.93948364 64 255 128
207.01377869 256.09161377 392.99691772 64 255 128
66.14772034 100.92984772 430.23748779 64 255 128
194.17297363 231.32286072 460.10092163 64 255 128
114.89362335 159.50740051 478.21185303 64 255 128
117.58382416 142.88275146 380.78228760 64 255 128
102.47632599 238.87280273 419.09899902 64 255 128
127.18102264 184.00529480 460.41546631 64 255 128
131.10960388 90.85766602 415.77481079 64 255 128
182.06286621 171.76635742 378.35995483 64 255 128
157.90426636 147.60571289 415.75149536 64 255 128
93.68599701 178.19300842 520.08197021 64 255 128
132.83999634 225.81700134 492.38000488 64 255 128
143.00442505 127.72683716 423.17907715 64 255 128
80.71500397 189.56098938 398.37200928 64 255 128
127.83175659 136.81184387 382.88534546 64 255 128
191.64128113 217.97126770 361.90292358 64 255 128
113.65997314 136.51753235 452.54006958 64 255 128
74.36100006 198.74099731 421.26699829 64 255 128
220.64212036 252.93824768 368.21795654 64 255 128
224.71864319 248.66043091 378.82186890 64 255 128
85.85199738 210.73100281 437.13000488 64 255 128
122.52020264 127.34223938 386.44613647 64 255 128
55.90700150 153.01998901 472.05902100 64 255 128
64.07492065 113.19030762 454.05508423 64 255 128
168.62860107 180.44863892 382.77246094 64 255 128
92.30500031 215.86700439 456.59899902 64 255 128
58.60099792 166.45799255 505.54000854 64 255 128
76.14800262 188.42900085 437.12197876 64 255 128
161.42338562 172.66268921 405.05642700 64 255 128
118.13999939 238.13499451 401.60900879 64 255 128
123.06700134 226.17900085 492.15298462 64 255 128
118.54091644 188.07408142 370.97064209 64 255 128
159.20434570 227.18228149 477.72018433 64 255 128
115.17508698 196.70420837 370.55853271 64 255 128
137.27108765 97.73754120 410.75891113 64 255 128
79.11329651 125.35449982 513.24664307 64 255 128
112.00891113 94.48519897 434.46197510 64 255 128
104.71044922 86.72869873 413.00021362 64 255 128
152.96168518 185.60733032 415.53054810 64 255 128
127.90149689 138.83682251 444.25631714 64 255 128
63.55142593 117.57462311 416.86770630 64 255 128
96.99399567 202.38900757 389.74801636 64 255 128
119.63559723 216.89779663 381.31420898 64 255 128
102.52242279 112.23694611 395.64410400 64 255 128
58.62300110 127.73600006 467.85800171 64 255 128
97.04199982 173.07800293 516.63800049 64 255 128
147.09504700 197.70860291 459.79110718 64 255 128
117.49824524 186.45764160 464.29058838 64 255 128
99.51355743 81.83845520 421.04626465 64 255 128
134.86662292 172.42089844 373.35861206 64 255 128
95.44899750 153.60000610 517.73199463 64 255 128
180.98748779 209.79107666 366.13793945 64 255 128
71.78700256 191.23399353 418.26199341 64 255 128
159.55276489 138.60731506 412.74874878 64 255 128
91.90200043 206.72200012 507.71899414 64 255 128
134.39587402 219.15254211 375.63412476 64 255 128
158.83053589 196.43652344 410.34423828 64 255 128
159.97714233 182.32011414 391.37994385 64 255 128
184.38946533 183.86552429 403.50308228 64 255 128
143.29075623 246.46636963 423.07479858 64 255 128
182.40084839 198.56199646 396.87628174 64 255 128
88.80400085 177.52000427 390.95101929 64 255 128
135.99053955 170.42033386 438.13388062 64 255 128
57.20499802 132.92900085 435.58300781 64 255 128
131.95100403 218.71000671 496.91198730 64 255 128
210.61500549 231.77838135 374.15890503 64 255 128
212.90977478 226.06562805 440.65856934 64 255 128
99.69531250 81.43802643 427.93362427 64 255 128
183.98077393 226.55645752 471.35214233 64 255 128
177.20169067 200.64251709 414.88174438 64 255 128
201.63058472 222.70578003 460.92730713 64 255 128
206.63206482 243.16716003 428.50851440 64 255 128
107.06315613 178.55967712 384.55361938 64 255 128
182.66442871 213.01513672 471.76495361 64 255 128
173.60191345 231.96714783 465.23953247 64 255 128
57.33399963 144.79600525 438.84500122 64 255 128
73.39900208 138.19200134 530.54400635 64 255 128
126.17401886 118.03039551 391.71282959 64 255 128
158.66342163 239.90077209 450.34146118 64 255 128
56.80900192 158.23799133 490.78302002 64 255 128
92.46571350 150.12184143 383.83566284 64 255 128
162.81777954 214.17967224 493.04873657 64 255 128
158.30378723 167.01821899 416.39035034 64 255 128
183.19148254 248.88020325 369.73336792 64 255 128
130.15074158 178.06813049 437.94659424 64 255 128
86.25399780 204.04798889 447.36798096 64 255 128
185.92788696 213.80403137 448.97326660 64 255 128
165.38920593 206.04277039 441.86401367 64 255 128
136.97474670 191.41860962 370.77136230 64 255 128
112.25199890 203.69100952 499.60601807 64 255 128
137.28909302 229.83950806 380.79379272 64 255 128
99.07296753 139.26133728 478.03527832 64 255 128
82.11199951 154.69000244 530.00897217 64 255 128
107.35937500 234.84361267 407.27593994 64 255 128
159.45339966 134.64657593 394.87289429 64 255 128
89.65499878 224.25000000 406.61697388 64 255 128
84.52499390 132.98699951 518.53302002 64 255 128
153.78794861 146.96255493 426.12124634 64 255 128
69.90000153 183.05900574 436.39801025 64 255 128
162.40611267 249.87718201 390.18447876 64 255 128
162.95648193 233.61788940 372.53274536 64 255 128
158.39506531 169.70838928 448.09790039 64 255 128
72.42600250 171.88299561 407.45898438 64 255 128
170.24142456 208.62593079 448.05160522 64 255 128
81.19899750 141.88999939 528.88104248 64 255 128
74.48746490 95.03545380 440.92773438 64 255 128
64.58000183 115.78199768 477.63500977 64 255 128
190.30729675 199.80233765 378.80252075 64 255 128
84.02700043 170.61000061 395.86801147 64 255 128
61.66799927 133.86100769 505.95999146 64 255 128
119.94366455 109.51453400 430.06451416 64 255 128
184.02696228 213.15884399 464.35913086 64 255 128
153.00425720 156.68894958 418.09466553 64 255 128
147.21751404 118.36371613 411.54650879 64 255 128
202.24127197 226.42932129 399.65130615 64 255 128
188.55845642 198.39974976 366.57217407 64 255 128
193.44789124 241.37593079 436.14920044 64 255 128
86.06764221 128.79498291 499.17349243 64 255 128
132.97665405 238.57464600 448.25292969 64 255 128
188.97419739 176.36961365 416.23742676 64 255 128
90.80377960 83.30054474 434.00637817 64 255 128
87.50099945 216.67599487 436.15698242 64 255 128
67.31200409 160.01600647 407.45898438 64 255 128
175.86422729 166.16273499 417.11325073 64 255 128
214.97143555 249.72106934 364.63803101 64 255 128
197.97486877 246.50903320 422.97695923 64 255 128
151.37355042 232.64035034 467.69595337 64 255 128
192.04765320 252.52163696 368.14202881 64 255 128
151.36146545 157.20248413 403.60153198 64 255 128
122.36162567 101.73820496 399.88378906 64 255 128
61.05799866 122.98699951 478.79299927 64 255 128
166.25955200 145.93736267 405.43157959 64 255 128
136.72126770 117.22007751 418.63525391 64 255 128
68.61334229 109.02409363 413.35159302 64 255 128
212.40681458 238.47486877 360.38113403 64 255 128
114.22926331 82.71482849 418.87475586 64 255 128
110.29199982 172.91000366 501.63699341 64 255 128
91.56755066 98.83179474 451.60937500 64 255 128
68.18599701 188.48699951 501.72198486 64 255 128
56.67100143 139.88099670 455.16601562 64 255 128
135.83616638 177.82829285 462.62524414 64 255 128
144.30523682 173.71449280 429.20333862 64 255 128
176.36523438 244.34349060 435.89520264 64 255 128
204.37092590 217.18659973 358.66589355 64 255 128
200.32798767 236.56375122 446.87127686 64 255 128
130.50146484 196.76467896 476.80111694 64 255 128
175.70828247 196.82406616 370.14959717 64 255 128
176.02809143 245.73858643 429.78985596 64 255 128
153.98535156 248.59815979 403.88592529 64 255 128
185.57026672 238.63188171 365.92749023 64 255 128
163.51199341 189.53332520 413.26330566 64 255 128
194.32527161 198.91572571 370.44644165 64 255 128
92.56961823 85.50637817 418.70019531 64 255 128
161.11421204 152.16213989 390.10787964 64 255 128
123.53762054 238.42352295 444.72570801 64 255 128
85.62390137 85.67746735 441.32250977 64 255 128
155.12925720 139.23623657 391.39773560 64 255 128
64.53199768 169.84300232 525.34399414 64 255 128
132.21000671 248.91400146 409.50302124 64 255 128
182.67498779 155.07156372 404.78744507 64 255 128
121.89660645 108.57629395 396.75622559 64 255 128
65.41200256 122.11499786 496.78399658 64 255 128
72.26833344 93.85805511 429.45123291 64 255 128
103.13739014 122.85082245 391.08819580 64 255 128
77.27299500 199.12600708 410.15802002 64 255 128
170.09091187 185.58700562 419.22640991 64 255 128
192.65489197 169.19555664 393.78646851 64 255 128
87.43624878 83.96401978 425.85946655 64 255 128
186.39477539 163.03636169 388.02853394 64 255 128
196.92127991 212.05941772 379.52526855 64 255 128
138.91146851 174.05287170 457.93966675 64 255 128
170.23811340 171.24398804 397.53732300 64 255 128
118.22005463 181.26222229 480.91217041 64 255 128
206.47187805 232.66775513 450.37268066 64 255 128
74.96881866 128.37576294 402.23355103 64 255 128
154.58714294 245.26396179 433.86505127 64 255 128
102.52962494 155.74230957 505.29904175 64 255 128
214.85476685 248.40570068 410.42117310 64 255 128
155.74201965 235.50355530 462.18820190 64 255 128
112.13307190 127.05126190 445.79788208 64 255 128
182.36036682 212.25695801 417.49917603 64 255 128
103.35507965 135.56593323 459.80163574 64 255 128
189.98890686 212.11521912 392.14877319 64 255 128
151.98066711 224.37690735 373.79650879 64 255 128
123.47325897 198.80238342 479.59017944 64 255 128
153.01579285 160.39404297 450.63674927 64 255 128
98.16099548 219.30000305 469.28500366 64 255 128
143.84443665 129.70114136 390.81933594 64 255 128
57.36100006 131.28800964 441.39999390 64 255 128
145.45245361 153.41586304 380.76840210 64 255 128
57.41000366 144.95899963 489.85900879 64 255 128
87.64799500 190.71800232 523.95202637 64 255 128
146.79573059 242.88050842 440.26647949 64 255 128
97.62790680 135.38630676 472.08956909 64 255 128
124.19054413 172.39369202 444.69137573 64 255 128
141.35055542 140.49017334 385.28750610 64 255 128
129.64128113 114.36601257 394.23620605 64 255 128
87.47251892 114.37868500 399.34686279 64 255 128
151.21508789 125.22370911 394.13049316 64 255 128
102.42500305 203.51300049 490.68399048 64 255 128
127.19331360 175.23284912 472.48577881 64 255 128
153.03184509 210.38124084 499.00064087 64 255 128
102.89800262 192.73200989 387.54699707 64 255 128
151.78634644 189.08317566 440.97579956 64 255 128
137.74545288 200.22921753 471.29812622 64 255 128
65.87900543 134.99800110 519.82598877 64 255 128
58.72600174 158.33799744 442.46398926 64 255 128
123.34448242 209.24838257 373.81771851 64 255 128
109.14749146 112.98931122 441.49462891 64 255 128
223.88536072 255.12266541 378.80664062 64 255 128
157.32005310 123.79850769 408.07046509 64 255 128
63.98899841 157.08599854 527.40301514 64 255 128
169.10566711 242.53982544 373.24606323 64 255 128
138.77497864 184.45680237 438.46740723 64 255 128
111.57268524 131.77119446 385.62631226 64 255 128
142.87519836 202.59277344 489.72106934 64 255 128
88.41300201 164.76599121 393.77999878 64 255 128
159.45605469 226.15888977 371.17407227 64 255 128
191.81193542 257.22875977 388.89916992 64 255 128
73.40700531 153.00599670 401.30297852 64 255 128
62.43700027 171.32400513 455.40899658 64 255 128
80.22999573 169.37899780 400.30099487 64 255 128
192.23315430 165.67854309 398.64913940 64 255 128
90.61199951 200.35398865 517.66998291 64 255 128
165.99755859 166.10755920 428.05194092 64 255 128
166.48071289 196.98164368 376.18350220 64 255 128
84.89199829 211.88899231 424.03500366 64 255 128
145.05603027 209.79426575 425.83813477 64 255 128
170.00851440 199.98089600 367.40805054 64 255 128
152.24093628 159.19395447 391.82165527 64 255 128
123.05866241 195.55427551 467.63830566 64 255 128
59.60599899 172.35699463 492.32000732 64 255 128
187.56832886 184.02014160 389.61270142 64 255 128
152.25024414 190.49862671 427.66625977 64 255 128
125.80193329 248.82241821 412.43957520 64 255 128
166.73200989 243.58129883 439.40029907 64 255 128
85.00300598 215.55599976 409.62298584 64 255 128
98.27300262 191.28300476 391.91799927 64 255 128
138.41999817 226.53298950 481.12802124 64 255 128
125.03220367 205.20416260 494.26235962 64 255 128
62.62700272 167.15798950 432.53100586 64 255 128
152.75942993 216.77120972 494.09268188 64 255 128
90.49065399 89.47480774 411.75509644 64 255 128
161.11599731 241.93124390 444.11221313 64 255 128
142.52375793 243.36015320 394.33987427 64 255 128
180.39707947 220.89900208 480.38815308 64 255 128
88.28099823 145.88800049 522.52398682 64 255 128
188.64648438 181.07778931 412.30990601 64 255 128
90.57199860 155.95799255 523.28601074 64 255 128
151.74577332 143.73240662 388.94833374 64 255 128
113.26029968 185.00193787 472.34518433 64 255 128
106.98075867 235.53186035 440.08728027 64 255 128
90.39199829 210.07501221 450.45999146 64 255 128
188.19351196 184.93069458 378.53091431 64 255 128
57.93499756 133.94500732 482.22500610 64 255 128
162.13894653 219.02479553 369.09024048 64 255 128
80.29191589 89.88475800 416.48422241 64 255 128
121.82479095 247.30113220 423.03656006 64 255 128
56.62700272 154.14900208 479.39102173 64 255 128
68.56800079 173.23200989 530.30798340 64 255 128
111.42149353 208.14381409 376.34976196 64 255 128
193.23986816 257.07492065 379.21911621 64 255 128
209.16181946 234.05537415 389.91497803 64 255 128
97.04499817 193.75599670 505.50198364 64 255 128
153.60348511 159.69421387 386.17541504 64 255 128
111.65536499 231.80204773 450.29324341 64 255 128
111.24206543 198.29277039 470.46960449 64 255 128
60.40250015 119.39651489 438.72766113 64 255 128
103.13100433 167.57600403 509.49298096 64 255 128
165.17689514 206.38076782 449.29684448 64 255 128
64.01800537 151.36100769 416.26699829 64 255 128
76.63399506 191.80500793 522.45098877 64 255 128
170.29873657 203.95233154 426.72943115 64 255 128
166.99859619 173.66859436 436.53805542 64 255 128
210.94410706 225.86164856 449.66204834 64 255 128
127.61400604 214.88000488 501.73999023 64 255 128
109.44075012 149.32664490 479.24877930 64 255 128
62.56999969 170.38600159 520.04498291 64 255 128
73.96800232 187.91101074 426.43298340 64 255 128
125.46665955 87.30941772 413.74307251 64 255 128
63.30408859 108.38460541 434.94265747 64 255 128
134.80076599 191.63285828 462.05392456 64 255 128
89.32382965 97.37654877 404.51089478 64 255 128
126.47694397 158.56056213 379.75949097 64 255 128
61.54957581 123.50736237 418.27044678 64 255 128
173.00701904 210.88908386 435.04995728 64 255 128
130.21607971 142.07427979 382.77035522 64 255 128
128.37370300 117.36930847 426.32754517 64 255 128
98.46199799 225.80300903 397.31100464 64 255 128
187.03273010 217.29920959 474.19470215 64 255 128
127.92938995 178.58078003 372.55972290 64 255 128
96.74787140 115.34947968 452.38934326 64 255 128
86.32931519 102.31427765 458.95269775 64 255 128
146.93392944 221.62524414 487.62170410 64 255 128
172.11795044 240.99919128 444.91418457 64 255 128
97.61518860 234.36572266 426.38278198 64 255 128
150.31494141 163.22477722 400.66836548 64 255 128
194.12756348 232.81785583 362.07989502 64 255 128
137.46867371 244.44287109 432.23681641 64 255 128
165.31730652 249.74879456 413.47268677 64 255 128
198.38597107 257.40115356 390.59133911 64 255 128
63.92399979 180.19599915 482.68099976 64 255 128
59.71599960 152.55799866 424.33898926 64 255 128
128.81800842 231.44400024 480.77398682 64 255 128
113.49734497 167.72195435 490.61956787 64 255 128
178.85472107 248.25048828 422.74887085 64 255 128
178.48965454 181.75576782 416.78842163 64 255 128
75.14599609 185.99600220 405.32101440 64 255 128
193.94395447 217.73275757 392.32992554 64 255 128
104.83861542 200.63888550 378.06350708 64 255 128
162.32461548 186.79319763 384.36074829 64 255 128
136.79762268 132.85818481 431.49600220 64 255 128
61.47399902 116.29399872 448.42202759 64 255 128
200.21995544 254.61372375 369.64770508 64 255 128
175.51690674 211.74432373 444.11459351 64 255 128
153.93620300 184.26240540 384.22430420 64 255 128
192.47970581 168.95094299 407.77468872 64 255 128
106.41246033 94.26547241 437.93542480 64 255 128
97.05300140 184.30900574 390.41799927 64 255 128
158.88504028 200.53929138 405.49481201 64 255 128
188.54847717 216.45356750 412.31372070 64 255 128
80.82699585 200.20700073 487.92898560 64 255 128
90.87899780 209.23699951 492.04098511 64 255 128
154.89979553 196.30419922 440.05749512 64 255 128
185.74290466 208.13957214 399.38662720 64 255 128
122.83560181 95.31146240 426.23770142 64 255 128
98.30000305 188.16900635 509.98901367 64 255 128
107.40986633 144.12162781 468.44241333 64 255 128
212.01029968 223.78131104 357.91732788 64 255 128
141.47021484 149.80278015 448.66711426 64 255 128
158.15043640 155.72482300 385.65756226 64 255 128
70.80099487 184.79699707 454.63101196 64 255 128
190.81814575 161.84072876 403.36010742 64 255 128
191.68125916 177.28622437 383.33081055 64 255 128
152.69540405 234.54925537 379.00918579 64 255 128
95.95999908 194.42599487 499.73498535 64 255 128
81.31200409 195.41000366 401.76498413 64 255 128
97.66826630 141.02888489 492.57305908 64 255 128
138.98414612 223.06240845 485.13452148 64 255 128
221.05679321 254.35310364 386.86856079 64 255 128
113.80759430 100.72383881 400.72872925 64 255 128
146.43180847 126.66429901 418.68502808 64 255 128
66.23446655 107.03726196 441.30844116 64 255 128
93.52724457 137.76174927 503.83871460 64 255 128
81.67199707 201.46800232 508.46600342 64 255 128
108.89654541 190.22145081 377.80343628 64 255 128
104.94578552 85.73370361 432.98443604 64 255 128
108.05222321 89.83123016 409.74865723 64 255 128
120.22527313 132.47404480 383.83175659 64 255 128
173.50292969 173.47639465 421.01019287 64 255 128
207.02294922 225.54667664 374.75134277 64 255 128
165.81164551 200.75785828 430.86245728 64 255 128
179.60902405 184.01530457 370.98040771 64 255 128
60.57199860 166.21600342 450.29602051 64 255 128
155.11199951 203.29725647 415.35919189 64 255 128
129.11314392 106.77017975 419.80697632 64 255 128
93.97699738 212.25599670 481.71600342 64 255 128
180.15321350 218.98703003 367.17547607 64 255 128
66.22200012 181.50199890 518.95300293 64 255 128
74.47999573 185.34500122 530.39697266 64 255 128
120.24498749 170.94946289 440.14425659 64 255 128
91.28318787 229.41673279 417.42666626 64 255 128
141.71047974 170.41413879 374.55993652 64 255 128
124.40677643 171.21089172 376.61450195 64 255 128
135.26937866 204.77122498 483.69332886 64 255 128
107.36847687 107.28920746 397.23242188 64 255 128
168.17755127 206.59402466 467.73242188 64 255 128
86.24600220 187.75700378 393.66098022 64 255 128
201.33503723 228.46699524 360.96685791 64 255 128
144.79849243 225.57546997 374.71145630 64 255 128
80.39299774 106.75022888 403.21701050 64 255 128
90.93900299 212.76100159 445.70700073 64 255 128
141.02314758 109.31320953 411.60272217 64 255 128
150.80403137 212.68896484 412.78903198 64 255 128
188.74006653 170.91125488 416.56802368 64 255 128
181.07473755 243.97090149 368.50994873 64 255 128
196.30177307 218.53967285 440.81445312 64 255 128
229.46247864 250.58355713 388.56668091 64 255 128
213.34579468 257.07794189 381.91986084 64 255 128
140.89651489 181.37365723 449.46939087 64 255 128
105.40063477 83.34259033 417.21240234 64 255 128
216.16093445 229.63806152 420.91452026 64 255 128
210.96215820 235.00634766 443.50189209 64 255 128
74.24499512 144.93499756 405.36901855 64 255 128
120.79193115 241.54330444 436.94369507 64 255 128
89.25689697 133.38031006 390.38931274 64 255 128
145.97801208 237.48551941 465.31463623 64 255 128
58.75800323 155.32000732 433.16598511 64 255 128
189.90188599 165.65560913 415.02218628 64 255 128
58.30800247 127.30099487 430.18200684 64 255 128
157.20620728 201.65908813 451.88116455 64 255 128
67.43899536 172.70599365 412.22302246 64 255 128
201.32402039 227.67829895 386.38455200 64 255 128
210.78224182 228.77586365 411.26315308 64 255 128
144.70608521 201.23883057 469.79562378 64 255 128
157.57235718 151.95446777 395.27606201 64 255 128
187.03492737 158.24017334 394.70904541 64 255 128
151.56455994 166.99971008 404.32418823 64 255 128
94.53475189 89.61666870 442.76196289 64 255 128
116.77700043 224.48399353 390.70001221 64 255 128
64.47399902 183.02099609 496.51501465 64 255 128
165.79457092 147.40310669 399.96148682 64 255 128
154.21173096 152.79998779 404.45114136 64 255 128
62.71500015 179.11199951 492.68499756 64 255 128
62.84099960 169.21800232 445.38998413 64 255 128
208.98904419 225.29858398 428.77825928 64 255 128
180.49244690 250.79377747 412.70120239 64 255 128
185.88244629 159.85316467 413.02270508 64 255 128
69.30200195 154.82299805 406.76501465 64 255 128
180.21615601 185.81097412 412.10494995 64 255 128
125.35051727 164.21939087 467.59472656 64 255 128
146.80197144 150.19230652 444.09082031 64 255 128
153.67395020 166.88488770 451.28649902 64 255 128
165.55924988 244.97521973 433.88748169 64 255 128
65.38300323 112.83300018 472.45401001 64 255 128
76.52299500 176.52999878 534.33300781 64 255 128
169.43165588 233.82922363 461.43615723 64 255 128
162.59266663 205.04893494 472.48410034 64 255 128
177.30313110 206.80523682 367.56710815 64 255 128
222.89801025 241.21211243 361.79400635 64 255 128
166.65049744 187.74902344 381.85681152 64 255 128
146.25743103 175.28851318 436.40100098 64 255 128
81.91300201 196.47599792 444.72000122 64 255 128
144.44461060 201.85462952 368.78894043 64 255 128
74.12000275 193.75799561 508.36300659 64 255 128
192.89976501 239.92976379 363.34457397 64 255 128
186.96870422 215.85133362 424.46343994 64 255 128
138.50709534 239.42414856 448.13555908 64 255 128
61.74399948 124.44000244 485.67501831 64 255 128
146.69839478 231.49554443 383.34719849 64 255 128
174.83639526 253.52421570 386.41448975 64 255 128
126.41007996 95.04177094 404.51211548 64 255 128
103.19834900 174.51847839 381.57385254 64 255 128
84.17900085 217.35299683 418.85699463 64 255 128
99.55199432 180.02400208 388.38897705 64 255 128
62.90086365 128.43138123 417.31115723 64 255 128
184.77276611 206.37382507 364.63885498 64 255 128
144.95097351 183.28768921 432.78036499 64 255 128
120.79776001 152.03726196 464.32205200 64 255 128
224.19786072 242.65498352 390.65432739 64 255 128
167.35253906 220.99729919 486.44003296 64 255 128
82.13397980 89.27115631 422.55020142 64 255 128
85.74700165 199.04200745 519.68402100 64 255 128
134.08189392 247.59942627 423.21197510 64 255 128
152.35134888 245.77262878 429.87777710 64 255 128
94.30342865 229.68290710 407.16711426 64 255 128
117.85372925 156.72296143 378.85067749 64 255 128
85.07200623 205.53300476 459.32498169 64 255 128
88.96080780 133.67829895 509.68612671 64 255 128
155.33218384 176.83064270 440.97515869 64 255 128
224.45071411 249.19900513 400.32095337 64 255 128
114.79428101 241.02253723 433.47192383 64 255 128
73.46100616 152.16099548 533.78900146 64 255 128
65.20800018 182.77799988 508.54199219 64 255 128
191.16160583 179.93942261 401.99301147 64 255 128
107.21472931 139.23080444 383.90490723 64 255 128
187.10516357 213.46887207 404.51239014 64 255 128
182.11013794 165.36816406 423.33944702 64 255 128
219.78843689 256.25930786 373.16390991 64 255 128
78.21500397 194.86900330 476.83798218 64 255 128
156.88177490 133.72772217 414.85034180 64 255 128
77.08290863 107.06522369 470.56005859 64 255 128
91.84999847 221.50799561 399.85299683 64 255 128
102.71718597 153.79428101 382.08346558 64 255 128
92.77999878 190.11599731 518.63299561 64 255 128
154.56578064 167.54196167 410.32467651 64 255 128
169.41241455 180.59535217 376.82278442 64 255 128
114.70603180 171.20617676 380.22735596 64 255 128
173.24435425 163.74838257 380.58047485 64 255 128
218.53057861 235.56996155 365.89001465 64 255 128
204.51840210 222.88076782 432.91662598 64 255 128
139.53381348 190.39588928 455.65536499 64 255 128
124.68270111 226.54457092 389.01156616 64 255 128
182.32127380 189.44555664 392.99371338 64 255 128
190.75105286 169.08850098 388.84063721 64 255 128
191.66090393 247.90127563 364.55990601 64 255 128
65.22299957 175.63800049 444.79800415 64 255 128
139.73718262 177.04153442 428.54315186 64 255 128
113.06100464 202.94900513 494.42199707 64 255 128
161.42855835 145.80335999 391.73590088 64 255 128
171.55358887 208.50149536 478.55905151 64 255 128
215.01731873 232.19055176 369.29858398 64 255 128
176.53427124 208.45214844 422.08633423 64 255 128
191.97686768 218.23777771 421.97833252 64 255 128
123.89035034 201.47924805 489.26159668 64 255 128
168.75761414 195.02606201 417.19387817 64 255 128
78.00699615 196.15800476 462.75698853 64 255 128
142.67416382 180.63078308 443.58792114 64 255 128
181.83451843 164.29258728 417.66979980 64 255 128
95.53000641 210.34300232 499.05300903 64 255 128
150.46960449 175.34651184 377.63516235 64 255 128
113.53778839 154.79428101 476.77322388 64 255 128
136.48510742 162.50572205 460.52667236 64 255 128
118.48532104 93.17340851 406.41354370 64 255 128
117.84691620 232.13050842 395.25320435 64 255 128
93.65099335 222.15699768 445.20397949 64 255 128
153.60943604 248.23997498 413.88159180 64 255 128
138.25093079 208.14813232 374.23162842 64 255 128
214.92901611 240.63395691 381.31582642 64 255 128
112.36441803 244.46722412 419.37033081 64 255 128
93.37612915 118.10433960 457.90356445 64 255 128
164.06399536 228.79367065 472.48995972 64 255 128
133.63465881 101.11663055 401.50949097 64 255 128
157.86805725 126.88195801 397.61721802 64 255 128
164.19960022 137.83137512 398.20690918 64 255 128
114.36662292 183.33044434 375.47732544 64 255 128
198.98690796 202.10890198 366.35049438 64 255 128
183.69805908 254.59912109 378.02285767 64 255 128
198.68223572 257.98974609 380.59942627 64 255 128
108.66200256 216.59800720 385.92498779 64 255 128
223.87936401 244.23571777 368.04550171 64 255 128
71.96799469 183.46499634 413.53698730 64 255 128
152.28955078 230.19377136 471.64788818 64 255 128
149.98626709 215.12480164 370.83956909 64 255 128
142.95074463 136.01254272 387.31201172 64 255 128
177.53739929 155.06018066 400.30920410 64 255 128
70.93899536 186.43600464 469.84298706 64 255 128
64.76200104 174.89900208 436.76998901 64 255 128
146.73645020 184.07780457 372.63815308 64 255 128
120.92739868 146.78376770 379.56741333 64 255 128
218.08444214 236.83596802 395.55389404 64 255 128
76.24900055 193.73199463 481.97601318 64 255 128
95.31199646 194.60299683 490.91500854 64 255 128
58.78599930 167.38000488 472.34799194 64 255 128
197.12643433 239.99674988 439.08410645 64 255 128
184.45097351 154.17964172 399.37728882 64 255 128
77.80632019 115.27542114 478.87936401 64 255 128
57.00899887 157.94500732 458.89199829 64 255 128
210.93556213 216.48681641 362.67211914 64 255 128
65.87664032 119.39910889 412.35247803 64 255 128
75.96099854 192.61599731 458.33297729 64 255 128
188.25222778 255.56036377 397.41635132 64 255 128
59.93899918 154.41499329 515.92102051 64 255 128
108.59099579 229.67399597 396.87698364 64 255 128
153.53877258 173.94528198 433.34368896 64 255 128
77.68299866 154.29200745 396.69601440 64 255 128
98.21800232 202.86900330 497.88699341 64 255 128
91.57807159 120.60523987 396.30050659 64 255 128
61.95846939 112.04174042 430.54211426 64 255 128
141.99900818 114.45405579 412.40161133 64 255 128
67.71700287 139.12199402 527.75402832 64 255 128
119.04557800 165.79733276 379.25854492 64 255 128
58.27199936 166.67999268 494.32400513 64 255 128
80.70600128 195.51600647 438.47799683 64 255 128
56.88800049 135.93499756 451.77001953 64 255 128
108.73834229 134.47276306 454.40008545 64 255 128
124.03456879 116.31719971 429.99917603 64 255 128
83.56900024 180.24699402 530.34503174 64 255 128
137.38319397 144.49430847 442.57650757 64 255 128
160.24748230 204.71748352 484.64685059 64 255 128
136.79817200 115.77207184 395.25064087 64 255 128
57.69499969 148.89199829 433.73297119 64 255 128
178.51031494 196.22055054 400.78381348 64 255 128
139.21849060 235.24491882 387.40466309 64 255 128
221.26771545 246.73423767 410.54336548 64 255 128
146.80581665 218.48747253 492.57623291 64 255 128
184.74198914 179.46255493 374.74707031 64 255 128
63.86599731 179.03900146 477.30599976 64 255 128
56.19800186 150.93499756 453.20901489 64 255 128
93.56299591 167.15399170 520.16699219 64 255 128
155.43347168 200.41921997 458.94268799 64 255 128
194.72137451 255.04296875 400.14627075 64 255 128
165.12931824 177.93360901 422.91696167 64 255 128
174.95152283 176.81027222 373.90576172 64 255 128
93.42499542 147.34899902 517.94000244 64 255 128
158.98190308 191.35601807 379.20184326 64 255 128
71.07715607 104.84678650 411.70974731 64 255 128
118.08700562 232.70024109 464.61727905 64 255 128
79.02759552 88.06710052 433.05496216 64 255 128
144.32684326 214.59428406 430.95629883 64 255 128
100.49526978 107.84201813 445.62487793 64 255 128
90.34500122 178.42599487 524.54400635 64 255 128
139.01000977 144.54324341 383.33673096 64 255 128
204.15505981 247.63581848 417.47003174 64 255 128
82.74699402 176.40000916 394.80099487 64 255 128
144.89424133 207.30815125 369.23596191 64 255 128
150.89033508 193.74223328 417.84753418 64 255 128
136.83245850 225.26251221 377.30166626 64 255 128
76.47699738 197.54899597 497.39599609 64 255 128
57.88100052 167.03799438 483.44497681 64 255 128
159.01016235 249.42417908 410.98959351 64 255 128
62.11899948 176.60899353 508.93200684 64 255 128
99.87384796 88.82633972 411.30514526 64 255 128
88.23999786 214.29699707 400.10000610 64 255 128
134.83868408 213.88935852 376.72546387 64 255 128
164.82879639 251.58453369 395.80630493 64 255 128
70.91400146 164.55599976 403.52600098 64 255 128
182.86848450 194.21691895 383.05404663 64 255 128
128.26365662 235.85945129 457.27508545 64 255 128
90.70800018 183.35800171 391.25201416 64 255 128
175.93792725 209.42744446 462.49441528 64 255 128
74.30500031 192.40200806 409.83599854 64 255 128
132.34367371 185.21780396 368.91250610 64 255 128
87.66992950 92.68444824 451.05407715 64 255 128
130.33187866 230.36776733 384.64804077 64 255 128
139.14909363 248.59736633 416.09384155 64 255 128
172.21313477 213.01869202 487.14938354 64 255 128
152.69244385 246.49851990 389.55480957 64 255 128
129.96659851 172.01121521 435.01171875 64 255 128
100.66548157 163.82109070 380.77288818 64 255 128
85.82500458 206.44099426 406.28497314 64 255 128
100.50418091 231.91706848 439.20495605 64 255 128
134.08375549 94.12649536 413.25595093 64 255 128
67.33226013 136.31370544 410.92193604 64 255 128
139.33988953 200.42892456 373.05349731 64 255 128
102.40699768 210.44699097 504.61102295 64 255 128
99.68166351 152.61772156 508.96340942 64 255 128
107.61836243 96.37567902 403.90887451 64 255 128
75.19100189 195.21400452 489.61700439 64 255 128
151.99984741 172.56475830 394.80279541 64 255 128
146.76896667 118.42425537 395.98580933 64 255 128
57.07099915 148.25500488 443.92300415 64 255 128
103.80799866 176.65499878 508.36001587 64 255 128
215.60446167 226.06878662 365.13970947 64 255 128
142.25978088 204.62246704 496.85949707 64 255 128
189.20089722 203.81411743 364.57043457 64 255 128
117.13584900 201.11982727 480.39248657 64 255 128
90.32599640 192.90499878 395.78198242 64 255 128
80.45999908 201.41699219 497.23898315 64 255 128
184.47201538 248.09539795 422.88208008 64 255 128
96.73108673 104.56523132 399.64831543 64 255 128
198.40560913 223.17059326 408.69558716 64 255 128
69.98200226 190.52499390 492.11401367 64 255 128
165.20697021 199.51037598 371.41186523 64 255 128
146.56260681 239.74302673 389.82904053 64 255 128
104.94799805 186.54899597 485.16900635 64 255 128
186.16288757 245.47221375 429.93487549 64 255 128
148.08958435 238.41545105 455.50097656 64 255 128
122.18315887 220.07145691 384.29376221 64 255 128
103.73571014 154.52285767 499.57455444 64 255 128
221.72349548 242.63240051 420.92330933 64 255 128
150.79006958 146.93354797 432.80856323 64 255 128
104.60671997 227.13983154 456.52752686 64 255 128
189.99079895 217.31292725 434.37426758 64 255 128
57.74900055 144.24299622 497.85101318 64 255 128
73.42243958 92.60674286 424.57049561 64 255 128
64.45399475 178.25999451 470.10299683 64 255 128
167.27459717 171.60760498 378.35000610 64 255 128
186.05418396 214.52897644 443.76239014 64 255 128
149.13313293 246.57112122 410.70867920 64 255 128
135.58921814 134.79093933 385.97344971 64 255 128
221.06645203 236.81927490 399.66287231 64 255 128
136.97250366 245.40467834 401.50158691 64 255 128
212.51843262 233.16305542 399.73318481 64 255 128
85.82099915 212.65399170 405.42797852 64 255 128
191.83476257 217.48822021 400.23104858 64 255 128
113.08161926 194.14599609 465.30462646 64 255 128
58.55400085 126.73300171 458.02999878 64 255 128
184.04344177 177.65202332 418.76531982 64 255 128
121.23906708 207.22860718 500.84210205 64 255 128
122.13940430 186.22242737 460.44842529 64 255 128
153.09487915 226.32305908 478.37368774 64 255 128
71.37200165 189.11399841 482.28298950 64 255 128
58.42300034 126.36500549 443.00601196 64 255 128
106.76599884 232.34201050 401.84597778 64 255 128
88.58389282 108.82115936 398.84729004 64 255 128
70.53600311 121.55199432 505.26202393 64 255 128
98.64299774 229.64399719 402.27801514 64 255 128
158.51602173 201.79774475 443.03829956 64 255 128
78.85324097 145.16731262 395.09271240 64 255 128
158.58837891 215.01916504 367.37661743 64 255 128
79.38499451 197.07499695 516.69903564 64 255 128
89.29435730 131.75382996 496.29592896 64 255 128
61.95299911 164.63699341 521.10498047 64 255 128
160.89213562 245.46481323 381.40130615 64 255 128
205.90005493 223.75219727 454.83297729 64 255 128
126.14682007 142.20698547 449.59371948 64 255 128
207.26875305 233.98202515 382.55795288 64 255 128
79.81507111 118.85514069 482.06494141 64 255 128
148.56123352 199.69084167 463.84179688 64 255 128
83.00899506 191.27600098 525.69299316 64 255 128
100.42200470 168.06500244 513.93597412 64 255 128
160.26487732 147.81857300 407.74148560 64 255 128
92.18944550 93.82707214 406.32409668 64 255 128
127.80900574 227.64100647 492.58700562 64 255 128
174.31909180 167.21292114 404.61807251 64 255 128
142.95297241 239.04405212 452.93933105 64 255 128
71.81099701 190.59700012 513.01800537 64 255 128
123.71725464 166.68292236 438.62060547 64 255 128
104.92800140 182.96701050 504.41598511 64 255 128
166.02287292 172.57658386 441.41757202 64 255 128
120.71055603 245.27372742 428.20468140 64 255 128
112.40399933 223.83999634 486.32400513 64 255 128
88.00399780 151.24099731 525.00598145 64 255 128
116.49534607 109.93393707 395.44805908 64 255 128
137.85000610 235.57199097 470.32202148 64 255 128
93.06000519 213.53498840 470.05398560 64 255 128
170.60110474 205.21247864 365.20068359 64 255 128
81.43247986 93.78867340 409.52215576 64 255 128
72.71400452 134.23100281 527.64703369 64 255 128
81.03100586 161.21800232 531.78002930 64 255 128
188.74446106 215.30010986 459.90911865 64 255 128
140.16529846 176.19456482 439.95422363 64 255 128
96.59355927 123.90276337 392.26342773 64 255 128
217.11424255 243.34370422 422.69384766 64 255 128
67.67600250 160.74598694 531.36804199 64 255 128
132.60942078 151.82054138 456.23675537 64 255 128
160.94493103 204.62020874 365.25662231 64 255 128
158.77696228 202.54881287 466.86871338 64 255 128
125.27658081 234.52883911 393.44458008 64 255 128
171.09095764 178.52366638 422.94769287 64 255 128
172.64869690 163.63491821 391.85223389 64 255 128
60.20500183 169.88999939 466.43002319 64 255 128
220.97354126 230.50917053 359.61303711 64 255 128
210.37208557 244.62869263 423.89135742 64 255 128
107.75394440 150.27056885 484.94094849 64 255 128
85.78500366 222.04499817 425.49801636 64 255 128
192.14613342 178.52632141 409.99322510 64 255 128
215.44856262 228.97334290 443.70870972 64 255 128
94.73038483 160.85577393 384.89373779 64 255 128
132.04899597 182.99102783 458.49127197 64 255 128
189.25215149 248.76492310 419.57366943 64 255 128
60.86400223 149.86898804 420.39199829 64 255 128
172.00337219 218.36987305 367.56417847 64 255 128
123.92852783 165.11944580 377.91406250 64 255 128
195.32128906 228.50263977 464.26168823 64 255 128
89.28299713 206.90600586 479.73098755 64 255 128
171.31468201 167.29219055 417.03497314 64 255 128
210.63143921 233.66572571 394.86212158 64 255 128
61.26499939 118.61900330 463.09799194 64 255 128
62.19900131 139.76899719 419.03399658 64 255 128
215.97183228 232.21061707 406.31585693 64 255 128
164.91206360 174.65400696 398.71209717 64 255 128
201.20121765 257.53833008 386.32150269 64 255 128
152.91618347 197.79811096 368.04266357 64 255 128
100.37972260 222.54620361 465.76461792 64 255 128
153.74058533 156.26551819 424.09149170 64 255 128
184.98913574 235.52688599 454.95822144 64 255 128
153.10444641 238.22761536 382.94293213 64 255 128
104.04694366 116.44999695 393.75872803 64 255 128
172.06466675 169.96800232 432.22171021 64 255 128
177.59147644 253.84843445 401.47946167 64 255 128
105.80657959 155.28230286 493.56207275 64 255 128
158.38082886 207.96261597 405.00720215 64 255 128
169.18373108 191.63302612 379.12692261 64 255 128
59.46599960 127.67699432 476.79498291 64 255 128
91.06856537 229.10340881 422.28683472 64 255 128
102.91591644 102.02996063 441.96197510 64 255 128
85.05100250 201.96099854 479.88998413 64 255 128
168.98878479 161.28622437 383.76693726 64 255 128
128.24317932 168.57504272 468.06732178 64 255 128
211.38131714 236.95109558 377.47610474 64 255 128
154.19674683 152.68255615 437.17517090 64 255 128
116.63188934 206.73437500 374.22344971 64 255 128
172.07083130 247.07220459 428.42529297 64 255 128
195.39408875 217.06507874 387.03472900 64 255 128
123.05027008 234.81968689 456.56771851 64 255 128
181.22172546 160.19895935 384.36428833 64 255 128
136.01605225 156.01907349 379.27221680 64 255 128
94.91333008 232.44255066 416.31161499 64 255 128
162.11512756 205.13790894 478.76135254 64 255 128
183.53919983 252.35023499 407.65869141 64 255 128
133.12348938 130.19628906 386.80029297 64 255 128
151.43624878 185.64183044 376.30560303 64 255 128
171.70533752 199.73504639 422.84402466 64 255 128
98.77360535 235.63372803 419.25720215 64 255 128
127.72838593 111.30947876 422.97076416 64 255 128
179.32351685 237.41563416 452.78738403 64 255 128
108.29945374 146.92134094 474.23181152 64 255 128
75.49987030 92.75266266 415.98892212 64 255 128
117.14955139 178.06575012 376.70419312 64 255 128
96.60199738 217.60900879 392.30798340 64 255 128
103.62199402 220.67298889 389.53799438 64 255 128
194.38296509 236.87815857 449.50598145 64 255 128
78.72439575 97.38053131 458.27304077 64 255 128
98.28745270 114.21556091 394.74853516 64 255 128
72.29946899 131.86358643 403.76660156 64 255 128
164.20048523 202.71780396 437.16989136 64 255 128
98.73984528 225.39517212 450.28176880 64 255 128
146.10050964 227.32392883 478.23449707 64 255 128
71.54499817 183.87300110 424.99398804 64 255 128
99.25798798 94.94776154 404.78240967 64 255 128
207.53198242 237.67893982 438.62551880 64 255 128
70.38400269 144.19400024 408.52697754 64 255 128
200.42446899 219.61119080 359.95529175 64 255 128
138.15385437 108.56909180 398.09078979 64 255 128
159.80563354 192.00677490 419.31753540 64 255 128
139.15699768 231.03601074 475.70800781 64 255 128
75.67899323 196.34799194 427.58398438 64 255 128
107.53036499 240.08917236 428.52963257 64 255 128
144.80865479 191.29516602 451.76113892 64 255 128
119.36972046 143.99723816 456.73162842 64 255 128
141.06954956 154.83106995 454.24737549 64 255 128
160.97982788 128.49234009 404.06658936 64 255 128
156.47981262 159.68455505 442.90045166 64 255 128
63.63599777 172.95600891 425.70599365 64 255 128
72.77400208 188.17601013 524.44097900 64 255 128
76.70651245 120.28842163 498.25421143 64 255 128
103.47807312 127.43000793 452.85775757 64 255 128
66.77299500 178.72399902 441.45700073 64 255 128
87.33999634 206.25799561 503.13998413 64 255 128
164.89413452 142.34730530 396.70074463 64 255 128
111.58146667 116.94767761 392.06143188 64 255 128
76.39600372 145.01997375 400.43722534 64 255 128
82.41500092 202.20500183 461.53399658 64 255 128
63.12500000 160.95700073 424.28100586 64 255 128
217.93627930 238.13891602 431.13311768 64 255 128
75.27300262 126.61999512 520.09796143 64 255 128
160.38856506 202.58981323 462.06933594 64 255 128
142.16860962 178.29341125 454.99343872 64 255 128
195.40180969 220.68112183 360.95117188 64 255 128
101.50892639 142.82330322 480.02526855 64 255 128
86.97242737 130.33810425 505.51666260 64 255 128
64.87899780 139.28599548 521.67999268 64 255 128
203.54109192 224.50495911 415.52047729 64 255 128
66.39699554 131.56500244 516.54797363 64 255 128
85.10600281 203.28900146 442.79699707 64 255 128
205.63487244 211.41537476 365.69015503 64 255 128
139.64160156 101.83879852 405.74334717 64 255 128
82.37899780 133.79100037 522.71197510 64 255 128
115.97299957 204.93600464 503.35699463 64 255 128
73.22732544 99.72845459 411.44906616 64 255 128
107.45858002 165.24668884 379.95925903 64 255 128
93.26335144 142.77212524 512.63226318 64 255 128
184.38024902 229.52703857 466.65811157 64 255 128
95.06238556 135.86807251 481.56851196 64 255 128
208.21316528 221.37527466 370.99920654 64 255 128
155.14125061 121.03170776 400.33206177 64 255 128
170.02212524 250.78395081 384.50616455 64 255 128
124.38171387 244.34931946 431.81109619 64 255 128
104.58399963 225.92799377 465.18701172 64 255 128
200.05053711 209.87649536 360.57434082 64 255 128
141.87232971 244.77409363 429.40307617 64 255 128
135.93580627 184.10078430 451.99642944 64 255 128
154.19462585 172.49684143 400.88308716 64 255 128
145.87048340 173.11309814 375.75625610 64 255 128
150.33169556 163.78974915 394.80981445 64 255 128
61.50600052 117.26800537 455.90600586 64 255 128
172.69633484 208.29277039 467.25149536 64 255 128
213.05235291 238.35575867 387.18896484 64 255 128
119.46269989 158.57237244 470.94244385 64 255 128
97.51225281 231.18110657 435.72796631 64 255 128
209.33702087 247.57891846 416.25109863 64 255 128
80.14599609 185.22801208 530.72705078 64 255 128
113.16811371 123.26406097 442.24215698 64 255 128
176.01901245 212.66868591 430.25454712 64 255 128
104.55500031 162.81799316 507.20401001 64 255 128
79.51117706 91.55954742 447.13198853 64 255 128
178.67671204 213.08659363 480.57672119 64 255 128
79.29254913 151.16120911 394.89593506 64 255 128
57.23899841 163.52301025 488.62298584 64 255 128
82.01100159 185.87699890 395.73098755 64 255 128
151.60716248 201.24092102 410.70986938 64 255 128
180.58717346 186.71458435 401.90313721 64 255 128
134.77180481 179.05487061 432.72491455 64 255 128
56.54999924 143.09899902 473.91699219 64 255 128
144.15039062 107.49361420 408.55166626 64 255 128
57.35400009 160.75000000 470.05999756 64 255 128
229.43855286 246.70655823 401.86486816 64 255 128
191.01956177 219.71026611 472.19259644 64 255 128
154.56471252 135.91174316 418.74032593 64 255 128
63.39199829 129.49200439 506.07998657 64 255 128
103.67800140 171.85800171 507.63897705 64 255 128
87.83599854 137.63299561 518.21203613 64 255 128
124.95816803 181.80412292 469.93521118 64 255 128
185.61003113 183.26637268 394.49688721 64 255 128
63.01379395 107.61349487 423.13739014 64 255 128
70.88800049 125.01999664 514.29498291 64 255 128
69.30200195 179.75599670 420.59298706 64 255 128
100.46749878 139.40530396 472.83901978 64 255 128
65.90499878 177.79699707 459.37799072 64 255 128
92.03500366 224.10800171 437.51300049 64 255 128
88.03327942 116.05309296 463.88925171 64 255 128
118.83390808 190.05853271 460.73355103 64 255 128
131.51506042 245.71281433 428.71722412 64 255 128
104.88178253 190.38394165 384.91790771 64 255 128
61.84099960 165.92199707 442.22000122 64 255 128
121.78900146 241.70300293 405.46600342 64 255 128
75.71900177 195.78599548 504.46301270 64 255 128
110.03948975 82.15627289 423.02304077 64 255 128
199.95733643 254.48873901 400.89712524 64 255 128
182.60960388 240.98027039 441.50317383 64 255 128
189.36100769 173.08688354 380.89715576 64 255 128
122.72171783 166.78604126 475.39782715 64 255 128
164.71217346 222.26849365 370.93713379 64 255 128
111.90047455 108.91412354 396.03079224 64 255 128
147.05992126 202.96194458 491.83364868 64 255 128
82.05953979 140.01834106 393.30496216 64 255 128
64.43199921 157.26100159 416.11401367 64 255 128
131.60260010 169.66625977 375.87356567 64 255 128
160.93939209 198.32048035 432.19430542 64 255 128
97.51200104 151.69599915 513.89801025 64 255 128
108.40313721 154.96476746 487.22299194 64 255 128
153.96990967 247.07969666 423.66888428 64 255 128
59.23699951 166.60299683 462.90200806 64 255 128
201.83222961 223.32604980 423.06918335 64 255 128
135.39886475 248.70782471 418.66510010 64 255 128
213.57963562 220.05436707 361.70965576 64 255 128
144.85908508 177.03184509 448.32867432 64 255 128
76.20000458 200.88101196 424.96899414 64 255 128
61.61999893 172.40600586 514.03900146 64 255 128
222.17567444 235.99275208 427.62011719 64 255 128
122.49800110 120.82402802 389.86749268 64 255 128
67.22794342 126.21712494 409.84689331 64 255 128
84.33445740 124.10460663 397.26928711 64 255 128
198.84452820 219.08671570 451.47775269 64 255 128
126.64112091 192.13139343 368.53585815 64 255 128
137.64160156 177.42619324 372.31768799 64 255 128
106.17399597 221.05300903 481.57098389 64 255 128
116.93724060 106.42748260 431.59085083 64 255 128
154.76373291 153.41395569 399.46618652 64 255 128
106.36675262 182.38989258 388.29724121 64 255 128
