ply
format ascii 1.0
element vertex 4096
property float x
property float y
property float z
property uchar red
property uchar green
property uchar blue
end_header
299.44668579 234.15008545 492.19760132 255 64 64
304.17794800 242.64562988 500.35519409 255 64 64
305.24246216 229.97947693 488.84204102 255 64 64
307.83322144 236.75280762 494.40988159 255 64 64
130.31327820 126.70690155 449.35479736 255 64 64
122.63818359 133.17280579 450.97128296 255 64 64
137.48242188 126.63266754 441.38571167 255 64 64
128.97322083 132.28790283 441.22650146 255 64 64
284.09771729 210.62892151 481.27377319 255 64 64
291.84704590 219.08540344 484.75677490 255 64 64
290.74700928 210.31393433 477.02978516 255 64 64
295.65213013 215.52011108 479.69012451 255 64 64
99.19337463 161.25030518 514.41326904 255 64 64
96.69297028 170.55358887 519.12231445 255 64 64
96.18556213 158.04371643 504.88046265 255 64 64
92.57656860 167.52185059 507.87902832 255 64 64
125.18057251 129.79895020 469.64370728 255 64 64
117.42684937 135.81166077 472.03179932 255 64 64
130.95690918 127.41220856 459.67526245 255 64 64
121.68585205 132.76855469 460.18023682 255 64 64
106.23893738 147.95089722 502.24789429 255 64 64
101.84026337 156.44204712 506.77841187 255 64 64
106.49135590 142.73324585 491.68365479 255 64 64
100.85077667 151.70346069 494.61575317 255 64 64
291.96026611 251.48512268 512.28808594 255 64 64
292.68792725 254.75018311 523.06329346 255 64 64
300.21847534 248.57485962 510.04061890 255 64 64
298.37820435 252.01910400 517.70495605 255 64 64
112.23101044 144.33532715 450.53192139 255 64 64
107.98519135 152.78593445 454.91543579 255 64 64
118.06595612 141.97360229 441.20809937 255 64 64
112.07669067 150.27185059 444.02862549 255 64 64
99.55355072 154.18319702 490.75997925 255 64 64
96.25222778 163.17491150 495.29928589 255 64 64
100.36423492 151.52552795 480.49069214 255 64 64
95.72968292 160.64813232 483.53857422 255 64 64
124.85356140 131.86111450 491.77847290 255 64 64
118.30756378 137.97027588 497.28085327 255 64 64
132.82363892 125.10218811 481.45257568 255 64 64
125.00593567 131.81521606 485.89471436 255 64 64
108.63914490 144.05493164 470.83724976 255 64 64
103.90838623 152.51336670 474.81289673 255 64 64
112.43273926 140.44204712 460.65002441 255 64 64
106.44152069 148.67581177 463.24053955 255 64 64
113.63586426 138.01037598 487.16806030 255 64 64
107.25053406 145.36412048 490.62466431 255 64 64
117.01239777 134.27148438 476.56085205 255 64 64
109.25135803 141.21401978 478.33944702 255 64 64
142.66928101 124.43999481 467.66653442 255 64 64
134.35430908 128.24871826 471.72238159 255 64 64
152.85064697 123.26157379 458.48339844 255 64 64
141.72772217 126.19125366 459.49526978 255 64 64
281.84661865 257.67239380 533.29895020 255 64 64
280.66918945 257.79693604 543.55261230 255 64 64
290.97213745 255.26452637 530.11291504 255 64 64
287.99160767 256.43951416 537.93939209 255 64 64
114.92247009 143.78347778 508.17184448 255 64 64
109.40203094 151.89028931 514.15722656 255 64 64
120.55621338 136.81553650 498.94378662 255 64 64
115.13930511 146.28584290 503.70431519 255 64 64
148.88192749 120.49860382 469.76394653 255 64 64
145.05120850 125.03646088 479.93945312 255 64 64
163.56011963 120.90296936 462.66513062 255 64 64
159.21957397 124.39622498 472.49487305 255 64 64
283.13613892 230.14074707 480.73193359 255 64 64
284.76531982 241.86532593 485.28860474 255 64 64
292.76104736 228.39692688 482.28234863 255 64 64
289.90899658 236.22584534 484.37048340 255 64 64
94.94642639 177.88253784 521.21295166 255 64 64
96.07136536 187.61849976 526.61328125 255 64 64
91.48760223 180.38098145 513.33666992 255 64 64
92.73780823 190.32794189 517.32519531 255 64 64
154.62016296 124.17179871 443.15014648 255 64 64
144.46224976 125.84272766 441.62213135 255 64 64
164.51535034 130.56518555 439.09829712 255 64 64
153.19708252 131.46963501 434.90032959 255 64 64
168.38085938 126.63587189 450.03085327 255 64 64
168.85359192 124.65800476 459.90747070 255 64 64
176.73526001 134.08241272 444.58465576 255 64 64
177.38429260 130.71954346 454.00415039 255 64 64
94.84827423 167.14720154 489.29309082 255 64 64
93.79011536 176.41630554 494.77984619 255 64 64
95.07144928 164.52568054 478.50225830 255 64 64
93.38416290 174.23822021 482.96032715 255 64 64
277.80654907 256.16354370 493.44134521 255 64 64
276.92553711 261.10919189 502.86672974 255 64 64
287.90478516 253.50666809 496.08886719 255 64 64
283.26181030 257.54895020 500.61437988 255 64 64
265.18246460 261.20080566 546.42205811 255 64 64
262.13851929 259.49005127 554.63336182 255 64 64
275.34255981 258.56900024 546.45208740 255 64 64
270.69104004 258.55923462 552.22479248 255 64 64
99.80187988 158.39501953 470.51162720 255 64 64
97.33418274 167.46096802 475.62622070 255 64 64
103.59351349 155.52345276 460.25015259 255 64 64
100.04215240 164.77107239 463.94973755 255 64 64
99.33508301 188.74856567 531.08044434 255 64 64
103.83972931 198.87522888 535.91674805 255 64 64
98.64746857 197.89459229 528.08386230 255 64 64
103.98428345 208.69715881 532.11383057 255 64 64
121.31643677 141.38070679 435.52215576 255 64 64
115.29704285 149.97979736 438.15246582 255 64 64
131.60523987 142.48635864 427.61999512 255 64 64
124.35404968 151.27493286 428.57214355 255 64 64
276.78488159 228.06083679 513.95111084 255 64 64
278.06976318 238.61726379 521.41979980 255 64 64
285.62948608 230.68363953 508.53326416 255 64 64
282.38406372 235.43783569 515.54931641 255 64 64
260.21051025 205.15100098 473.26593018 255 64 64
264.13500977 207.53958130 473.47299194 255 64 64
269.93783569 205.19177246 471.43945312 255 64 64
270.61434937 206.41316223 471.90380859 255 64 64
139.04232788 131.49113464 488.21554565 255 64 64
135.94757080 138.97674561 498.54147339 255 64 64
152.76138306 132.72961426 482.52319336 255 64 64
149.59753418 139.47682190 492.85498047 255 64 64
247.30886841 262.22534180 556.11279297 255 64 64
242.52877808 260.31192017 561.29821777 255 64 64
256.78625488 259.44863892 558.25085449 255 64 64
251.24468994 259.29064941 561.41827393 255 64 64
139.90458679 135.67471313 430.24227905 255 64 64
130.89138794 141.76165771 429.07461548 255 64 64
151.85772705 140.55540466 425.40994263 255 64 64
141.79748535 146.79080200 422.51004028 255 64 64
267.67266846 264.27484131 516.56542969 255 64 64
266.03762817 265.41537476 527.19995117 255 64 64
278.01333618 262.92065430 517.35156250 255 64 64
272.81167603 264.25912476 523.67761230 255 64 64
165.23988342 128.85504150 468.70654297 255 64 64
163.39680481 134.22702026 478.92306519 255 64 64
178.50573730 133.57458496 464.27612305 255 64 64
176.14547729 138.00010681 474.05508423 255 64 64
93.56817627 178.39245605 505.85827637 255 64 64
94.04042053 187.87449646 511.89248657 255 64 64
93.34589386 179.67391968 495.56753540 255 64 64
94.03700256 189.31808472 500.32415771 255 64 64
257.44128418 234.44903564 533.55749512 255 64 64
257.66201782 242.26576233 541.87915039 255 64 64
266.60040283 237.56060791 530.94940186 255 64 64
262.43856812 239.82745361 537.48376465 255 64 64
108.07575989 166.93827820 518.64038086 255 64 64
104.53562927 178.10028076 523.52984619 255 64 64
116.34177399 169.44454956 510.91256714 255 64 64
113.74652863 181.75321960 515.32537842 255 64 64
269.51361084 217.12617493 476.77130127 255 64 64
267.90203857 228.09477234 477.59954834 255 64 64
279.37976074 217.99169922 478.14285278 255 64 64
274.41189575 223.88977051 478.58065796 255 64 64
101.85956573 165.85034180 460.77642822 255 64 64
99.32716370 175.78166199 465.45687866 255 64 64
107.61124420 163.23663330 450.30596924 255 64 64
104.68852234 173.13668823 453.27325439 255 64 64
111.25305939 157.43728638 443.11141968 255 64 64
106.91591644 167.33734131 447.04272461 255 64 64
121.51255798 156.03862000 433.39105225 255 64 64
116.39355469 165.98947144 435.38455200 255 64 64
226.87075806 262.70007324 558.30059814 255 64 64
220.90835571 260.27447510 560.97650146 255 64 64
235.05519104 260.80224609 562.86285400 255 64 64
229.14198303 260.13833618 564.10455322 255 64 64
171.58924866 137.34472656 431.54864502 255 64 64
162.51939392 142.17852783 426.45602417 255 64 64
179.71754456 146.19384766 432.94146729 255 64 64
170.52462769 151.37536621 426.57907104 255 64 64
104.93686676 204.22929382 534.14550781 255 64 64
111.27189636 212.49237061 538.26141357 255 64 64
109.87261963 216.11601257 534.52838135 255 64 64
117.81337738 224.00207520 538.64721680 255 64 64
250.38258362 267.07272339 529.19165039 255 64 64
246.61889648 267.06723022 537.92260742 255 64 64
260.72180176 266.16574097 531.36834717 255 64 64
254.35235596 266.57070923 536.01605225 255 64 64
264.20117188 236.27664185 478.83441162 255 64 64
261.98693848 247.06356812 480.97439575 255 64 64
273.82556152 236.10372925 481.59255981 255 64 64
268.46734619 242.44900513 481.90054321 255 64 64
267.29333496 208.93807983 493.61468506 255 64 64
267.95849609 215.13732910 502.84472656 255 64 64
276.17749023 211.25584412 489.65600586 255 64 64
272.18878174 212.41386414 497.00683594 255 64 64
135.73841858 145.71514893 496.93017578 255 64 64
132.33404541 154.91197205 506.37899780 255 64 64
148.94761658 149.59469604 493.71087646 255 64 64
145.14303589 158.24650574 503.12454224 255 64 64
95.92227936 194.70660400 522.80181885 255 64 64
99.73931122 203.78427124 528.58203125 255 64 64
97.45768738 202.31137085 516.86334229 255 64 64
102.63822937 211.16828918 522.00085449 255 64 64
252.46591187 266.79223633 502.38995361 255 64 64
249.46932983 268.09909058 511.60437012 255 64 64
262.96881104 265.67333984 504.39334106 255 64 64
256.73519897 266.75637817 508.71237183 255 64 64
96.02458191 176.78836060 477.85455322 255 64 64
95.50252533 186.89938354 483.31640625 255 64 64
99.82598877 176.45236206 468.32760620 255 64 64
99.52760315 186.96971130 472.02548218 255 64 64
112.35291290 225.67158508 534.33697510 255 64 64
119.60019684 229.74452209 539.81835938 255 64 64
120.12957764 238.91107178 536.48382568 255 64 64
127.68941498 240.39593506 542.04528809 255 64 64
252.67135620 213.12657166 514.20245361 255 64 64
252.01696777 219.44108582 523.33581543 255 64 64
260.48913574 215.66299438 511.51159668 255 64 64
256.25360107 217.23283386 518.74615479 255 64 64
142.44964600 150.88127136 423.36337280 255 64 64
134.59678650 159.15997314 422.55700684 255 64 64
154.01257324 152.50262451 421.57687378 255 64 64
146.17730713 161.17593384 419.44274902 255 64 64
112.89286804 170.72093201 441.11291504 255 64 64
109.05825043 181.50785828 444.68576050 255 64 64
122.54093933 169.32617188 431.32272339 255 64 64
118.20771027 179.52316284 433.38604736 255 64 64
104.57659149 184.66931152 453.74337769 255 64 64
103.19049835 195.65158081 458.97567749 255 64 64
110.83250427 184.64978027 444.56509399 255 64 64
108.89306641 195.38983154 448.12625122 255 64 64
94.89564514 193.76631165 502.70745850 255 64 64
96.70172882 203.35774231 509.24664307 255 64 64
96.83162689 196.38784790 493.62356567 255 64 64
99.37599182 206.15507507 498.86856079 255 64 64
127.18585968 160.38897705 509.27017212 255 64 64
124.64149475 170.42578125 517.94934082 255 64 64
140.15478516 164.64749146 505.51174927 255 64 64
137.04148865 174.47332764 514.61480713 255 64 64
134.78619385 252.03804016 537.60083008 255 64 64
138.10559082 247.69796753 544.20935059 255 64 64
148.73887634 262.37274170 542.00000000 255 64 64
149.97082520 256.06311035 547.81341553 255 64 64
182.61465454 133.17593384 454.15377808 255 64 64
185.45764160 136.87576294 463.48345947 255 64 64
188.96896362 143.10922241 450.31723022 255 64 64
191.97630310 146.45352173 459.43591309 255 64 64
222.61802673 272.31311035 535.56250000 255 64 64
217.61524963 270.48712158 542.88403320 255 64 64
231.96759033 271.42916870 539.29919434 255 64 64
225.24516296 270.96444702 542.67993164 255 64 64
245.83441162 248.32279968 477.13574219 255 64 64
242.11895752 257.73840332 480.08789062 255 64 64
255.43280029 248.58322144 478.92510986 255 64 64
249.10310364 253.79641724 479.83724976 255 64 64
102.78726196 216.53674316 524.53802490 255 64 64
107.50679016 223.96571350 531.74621582 255 64 64
106.72345734 225.43861389 519.31646729 255 64 64
111.80632782 231.27355957 526.26684570 255 64 64
183.38383484 141.65641785 435.92770386 255 64 64
186.37309265 143.82083130 438.11065674 255 64 64
187.78836060 150.81222534 438.06695557 255 64 64
191.22155762 155.90876770 440.48413086 255 64 64
231.58651733 227.72840881 540.05261230 255 64 64
229.76394653 235.98660278 546.03930664 255 64 64
240.32110596 229.95411682 538.21368408 255 64 64
235.00627136 232.69505310 543.26953125 255 64 64
98.82386780 190.87142944 476.28668213 255 64 64
99.15302277 201.23251343 482.41464233 255 64 64
102.72514343 191.28164673 466.87402344 255 64 64
103.06479645 201.88887024 471.50759888 255 64 64
267.41372681 213.54780579 502.24627686 255 64 64
264.36880493 213.58923340 502.24917603 255 64 64
267.78265381 213.56375122 502.29327393 255 64 64
267.52847290 213.59910583 502.29376221 255 64 64
229.76889038 190.28742981 482.13824463 255 64 64
227.26737976 190.32281494 482.11480713 255 64 64
230.11169434 190.30860901 482.15634155 255 64 64
229.84483337 190.34063721 482.13696289 255 64 64
229.58335876 193.07170105 473.05337524 255 64 64
226.77528381 193.11415100 473.02688599 255 64 64
230.01028442 193.08775330 473.09637451 255 64 64
229.66574097 193.12632751 473.07650757 255 64 64
229.06269836 204.80348206 519.85180664 255 64 64
226.16458130 204.81434631 519.86059570 255 64 64
229.53514099 204.79681396 519.85693359 255 64 64
229.09732056 204.81983948 519.87945557 255 64 64
270.99673462 222.92938232 512.43957520 255 64 64
268.06387329 222.96350098 512.45135498 255 64 64
271.34481812 222.94981384 512.46228027 255 64 64
271.14035034 222.97470093 512.46783447 255 64 64
255.75976562 202.52537537 480.53674316 255 64 64
252.50958252 202.53723145 480.53421021 255 64 64
256.16098022 202.53094482 480.53485107 255 64 64
255.79360962 202.54795837 480.52743530 255 64 64
225.09890747 185.18273926 489.78952026 255 64 64
222.80397034 185.20109558 489.78594971 255 64 64
225.43640137 185.19020081 489.79037476 255 64 64
225.18908691 185.20616150 489.78704834 255 64 64
214.92420959 177.85438538 488.42279053 255 64 64
212.61401367 177.87826538 488.40820312 255 64 64
215.29776001 177.86193848 488.45574951 255 64 64
215.03283691 177.88391113 488.44515991 255 64 64
227.57942200 192.24371338 502.35403442 255 64 64
225.07022095 192.25842285 502.36187744 255 64 64
227.96731567 192.22772217 502.35961914 255 64 64
227.65286255 192.24638367 502.37246704 255 64 64
266.17938232 236.02404785 530.07141113 255 64 64
262.79846191 236.05979919 530.05834961 255 64 64
266.60839844 236.03300476 530.08337402 255 64 64
266.26452637 236.06558228 530.08398438 255 64 64
245.61048889 204.10395813 473.17214966 255 64 64
242.44908142 204.14739990 473.15209961 255 64 64
246.06246948 204.12220764 473.22686768 255 64 64
245.73567200 204.16236877 473.21105957 255 64 64
253.39349365 208.79644775 504.10470581 255 64 64
250.39288330 208.81724548 504.08953857 255 64 64
253.77429199 208.81939697 504.10543823 255 64 64
253.41671753 208.84048462 504.09744263 255 64 64
241.63027954 219.10430908 471.04937744 255 64 64
237.91104126 219.14318848 471.02359009 255 64 64
242.12937927 219.10223389 471.07214355 255 64 64
241.57948303 219.15403748 471.05331421 255 64 64
255.77612305 223.86508179 525.58520508 255 64 64
252.38835144 223.88627625 525.57867432 255 64 64
256.24575806 223.87985229 525.59173584 255 64 64
255.81484985 223.90933228 525.59814453 255 64 64
251.28854370 205.27380371 491.01541138 255 64 64
248.40000916 205.29638672 491.01275635 255 64 64
251.67855835 205.28271484 491.06130981 255 64 64
251.37915039 205.30819702 491.05828857 255 64 64
264.05203247 222.72863770 519.20324707 255 64 64
260.88684082 222.74919128 519.20074463 255 64 64
264.46572876 222.74691772 519.21746826 255 64 64
264.12033081 222.76684570 519.22119141 255 64 64
203.76156616 176.72976685 471.07894897 255 64 64
201.23513794 176.74948120 471.07540894 255 64 64
204.20910645 176.73132324 471.15563965 255 64 64
203.92250061 176.75245667 471.15835571 255 64 64
243.91714478 215.56123352 518.83349609 255 64 64
240.55763245 215.58613586 518.81243896 255 64 64
244.45660400 215.56770325 518.84735107 255 64 64
243.99530029 215.59959412 518.84564209 255 64 64
218.30081177 190.57922363 479.88140869 255 64 64
215.50964355 190.61450195 479.83547974 255 64 64
218.74920654 190.59339905 479.92068481 255 64 64
218.35208130 190.62820435 479.88998413 255 64 64
256.07519531 245.09016418 549.08343506 255 64 64
252.24108887 245.12405396 549.05480957 255 64 64
256.60287476 245.09349060 549.09271240 255 64 64
256.08636475 245.13859558 549.08886719 255 64 64
240.58923340 209.65270996 511.37387085 255 64 64
237.65545654 209.68127441 511.34680176 255 64 64
241.02047729 209.65869141 511.38180542 255 64 64
240.65980530 209.69418335 511.36911011 255 64 64
225.91236877 213.26943970 526.87542725 255 64 64
222.72421265 213.27775574 526.89361572 255 64 64
226.43533325 213.26225281 526.87786865 255 64 64
225.91944885 213.29074097 526.90966797 255 64 64
218.33483887 185.01431274 471.56658936 255 64 64
215.55447388 185.04052734 471.53970337 255 64 64
218.77838135 185.03558350 471.61584473 255 64 64
218.42906189 185.05676270 471.59805298 255 64 64
254.25256348 236.25703430 540.16497803 255 64 64
250.55267334 236.26435852 540.16137695 255 64 64
254.78713989 236.26374817 540.16381836 255 64 64
254.28646851 236.28549194 540.17864990 255 64 64
241.43490601 246.14274597 554.77752686 255 64 64
237.28471375 246.14421082 554.74975586 255 64 64
242.08143616 246.14422607 554.77368164 255 64 64
241.40841675 246.17666626 554.77777100 255 64 64
221.59326172 197.02862549 515.40814209 255 64 64
218.93473816 197.04925537 515.41595459 255 64 64
222.03552246 196.99644470 515.39575195 255 64 64
221.65328979 197.02832031 515.41265869 255 64 64
234.03604126 202.21553040 476.88330078 255 64 64
231.12944031 202.24314880 476.85708618 255 64 64
234.47627258 202.21385193 476.92709351 255 64 64
234.10331726 202.24737549 476.90863037 255 64 64
263.86859131 206.91723633 489.53155518 255 64 64
260.89495850 206.93392944 489.52969360 255 64 64
264.25631714 206.92845154 489.53479004 255 64 64
263.98696899 206.94190979 489.52496338 255 64 64
220.20640564 205.52529907 522.85174561 255 64 64
217.11300659 205.53132629 522.86157227 255 64 64
220.75035095 205.51119995 522.84851074 255 64 64
220.23109436 205.53434753 522.87377930 255 64 64
234.67271423 197.20646667 488.08477783 255 64 64
231.91676331 197.23013306 488.07183838 255 64 64
235.10961914 197.20782471 488.11111450 255 64 64
234.82028198 197.23257446 488.10620117 255 64 64
257.40811157 214.45091248 512.91442871 255 64 64
254.09910583 214.46411133 512.91192627 255 64 64
257.89196777 214.46200562 512.91510010 255 64 64
257.48187256 214.47862244 512.91967773 255 64 64
243.12692261 233.55233765 543.82751465 255 64 64
239.36605835 233.56491089 543.82226562 255 64 64
243.72546387 233.54513550 543.84869385 255 64 64
243.15644836 233.57740784 543.86511230 255 64 64
239.65502930 227.32826233 531.06207275 255 64 64
236.16528320 227.34886169 531.05023193 255 64 64
240.19357300 227.32467651 531.07452393 255 64 64
239.68513489 227.36499023 531.08489990 255 64 64
229.89730835 209.26307678 466.41784668 255 64 64
226.30033875 209.30702209 466.37533569 255 64 64
230.43367004 209.26484680 466.48175049 255 64 64
229.91381836 209.31884766 466.45327759 255 64 64
234.66107178 218.17582703 523.61468506 255 64 64
231.24377441 218.18424988 523.62982178 255 64 64
235.23992920 218.15930176 523.63793945 255 64 64
234.72134399 218.18782043 523.66992188 255 64 64
216.90686035 187.30044556 501.60223389 255 64 64
214.36335754 187.31950378 501.59384155 255 64 64
217.32536316 187.29425049 501.62976074 255 64 64
216.97613525 187.31677246 501.62966919 255 64 64
220.73713684 224.15809631 463.26809692 255 64 64
216.45164490 224.21980286 463.21649170 255 64 64
221.43601990 224.15373230 463.33840942 255 64 64
220.74615479 224.23805237 463.31216431 255 64 64
228.96000671 232.47717285 543.79681396 255 64 64
225.33654785 232.48698425 543.77966309 255 64 64
229.56739807 232.46145630 543.82275391 255 64 64
228.96237183 232.49952698 543.83148193 255 64 64
227.02056885 225.16143799 525.85003662 255 64 64
223.39241028 225.16188049 525.82336426 255 64 64
227.61686707 225.14479065 525.87530518 255 64 64
226.98040771 225.17314148 525.87908936 255 64 64
238.08119202 202.36235046 504.84841919 255 64 64
235.15199280 202.37980652 504.85226440 255 64 64
238.52571106 202.36026001 504.84548950 255 64 64
238.16337585 202.38192749 504.85726929 255 64 64
242.63227844 203.07797241 485.54360962 255 64 64
239.60021973 203.10475159 485.53424072 255 64 64
243.08833313 203.07566833 485.58432007 255 64 64
242.74298096 203.10336304 485.58093262 255 64 64
227.17321777 241.67816162 552.61962891 255 64 64
223.13027954 241.67921448 552.60052490 255 64 64
227.85194397 241.65847778 552.63366699 255 64 64
227.15071106 241.69573975 552.64648438 255 64 64
205.28958130 205.50241089 518.01525879 255 64 64
202.17689514 205.51596069 518.01593018 255 64 64
205.87611389 205.49151611 518.02703857 255 64 64
205.29582214 205.52247620 518.04742432 255 64 64
211.01759338 200.87295532 506.68759155 255 64 64
208.19381714 200.88900757 506.68890381 255 64 64
211.54556274 200.84686279 506.70980835 255 64 64
211.10293579 200.87921143 506.72616577 255 64 64
219.55374146 198.48109436 473.49740601 255 64 64
216.40509033 198.50457764 473.46279907 255 64 64
220.04553223 198.48321533 473.54653931 255 64 64
219.55003357 198.51641846 473.52728271 255 64 64
195.30242920 207.15312195 533.42425537 255 64 64
192.36936951 207.15307617 533.45019531 255 64 64
195.83190918 207.13856506 533.42425537 255 64 64
195.25918579 207.16073608 533.46051025 255 64 64
211.76992798 209.81315613 525.07293701 255 64 64
208.54701233 209.81604004 525.07647705 255 64 64
212.32713318 209.79626465 525.05957031 255 64 64
211.73121643 209.81910706 525.08135986 255 64 64
201.47088623 214.94177246 531.72827148 255 64 64
198.41113281 214.94773865 531.73712158 255 64 64
202.00567627 214.92311096 531.71826172 255 64 64
201.42233276 214.95512390 531.74212646 255 64 64
216.65348816 209.00093079 470.61996460 255 64 64
213.34788513 209.03320312 470.57452393 255 64 64
217.19612122 209.00093079 470.67532349 255 64 64
216.70855713 209.05004883 470.64730835 255 64 64
216.43856812 188.58599854 489.01004028 255 64 64
213.90676880 188.60238647 488.98800659 255 64 64
216.85618591 188.59826660 489.03167725 255 64 64
216.51428223 188.61791992 489.01818848 255 64 64
197.39364624 189.24296570 468.48617554 255 64 64
194.66004944 189.26776123 468.45443726 255 64 64
197.90237427 189.25067139 468.58148193 255 64 64
197.55380249 189.27938843 468.56799316 255 64 64
232.45832825 226.45812988 469.20489502 255 64 64
228.18827820 226.49880981 469.16329956 255 64 64
233.09527588 226.43986511 469.24942017 255 64 64
232.35833740 226.50271606 469.22555542 255 64 64
239.71846008 254.78721619 561.09210205 255 64 64
235.21652222 254.82595825 561.05596924 255 64 64
240.43553162 254.78121948 561.11999512 255 64 64
239.70878601 254.84992981 561.11560059 255 64 64
217.55290222 234.75796509 537.85119629 255 64 64
213.83407593 234.75350952 537.81634521 255 64 64
218.21382141 234.73651123 537.89929199 255 64 64
217.51144409 234.76324463 537.89654541 255 64 64
225.63487244 256.63226318 561.52844238 255 64 64
221.05426025 256.64132690 561.48638916 255 64 64
226.43055725 256.62426758 561.59063721 255 64 64
225.61999512 256.67730713 561.58880615 255 64 64
238.10397339 234.76005554 473.03253174 255 64 64
233.35379028 234.80990601 472.97714233 255 64 64
238.82113647 234.74769592 473.10205078 255 64 64
237.96455383 234.82904053 473.06170654 255 64 64
181.64772034 172.62664795 487.69506836 255 64 64
178.24462891 172.63586426 487.67584229 255 64 64
182.30403137 172.62628174 487.71475220 255 64 64
181.61584473 172.65513611 487.72311401 255 64 64
188.24807739 215.13407898 532.73602295 255 64 64
184.70336914 215.13104248 532.74725342 255 64 64
188.93391418 215.12693787 532.71893311 255 64 64
188.13653564 215.15002441 532.75012207 255 64 64
174.09407043 186.28314209 507.16107178 255 64 64
170.85395813 186.31118774 507.12921143 255 64 64
174.77525330 186.29704285 507.20428467 255 64 64
174.12928772 186.33374023 507.20089722 255 64 64
187.68038940 204.61221313 526.43188477 255 64 64
184.60937500 204.62101746 526.42327881 255 64 64
188.28063965 204.60852051 526.46813965 255 64 64
187.65715027 204.63385010 526.47711182 255 64 64
214.28746033 197.57949829 492.53134155 255 64 64
211.57431030 197.59452820 492.51473999 255 64 64
214.74668884 197.57080078 492.55273438 255 64 64
214.35412598 197.59524536 492.54992676 255 64 64
165.58215332 180.20257568 505.07705688 255 64 64
162.05804443 180.23513794 505.01788330 255 64 64
166.31774902 180.20584106 505.13308716 255 64 64
165.59225464 180.24960327 505.11663818 255 64 64
207.71020508 228.73899841 512.40490723 255 64 64
203.81488037 228.72792053 512.40051270 255 64 64
208.41380310 228.73312378 512.43377686 255 64 64
207.61837769 228.75930786 512.45623779 255 64 64
177.52803040 179.79248047 497.11016846 255 64 64
174.35289001 179.81738281 497.06106567 255 64 64
178.16636658 179.80572510 497.16485596 255 64 64
177.55310059 179.83970642 497.14639282 255 64 64
293.53814697 225.26899719 495.27380371 255 64 64
292.29357910 234.78619385 502.83364868 255 64 64
303.29440308 229.90843201 487.69833374 255 64 64
301.84103394 239.35530090 495.85787964 255 64 64
292.26571655 242.77969360 514.31689453 255 64 64
288.84524536 248.30599976 525.66253662 255 64 64
301.22668457 244.07800293 503.65109253 255 64 64
297.85113525 249.11473083 513.74261475 255 64 64
274.96453857 208.50646973 479.11123657 255 64 64
279.55267334 220.09431458 479.63714600 255 64 64
289.63101196 214.06597900 479.63452148 255 64 64
293.27810669 224.98770142 483.36364746 255 64 64
264.37368774 208.36973572 499.44931030 255 64 64
265.05981445 214.04058838 507.81005859 255 64 64
276.31826782 212.07444763 494.89776611 255 64 64
275.57254028 218.15551758 503.71173096 255 64 64
267.80050659 246.93858337 543.30712891 255 64 64
260.54150391 248.81585693 553.82446289 255 64 64
279.81689453 249.13597107 537.79449463 255 64 64
273.90185547 251.27426147 547.35662842 255 64 64
265.73937988 222.99617004 519.11169434 255 64 64
262.41705322 228.12298584 529.04302979 255 64 64
277.25103760 227.55551147 513.33148193 255 64 64
273.37442017 232.80247498 522.62792969 255 64 64
276.54876709 262.44723511 518.15649414 255 64 64
273.69869995 261.93957520 530.40460205 255 64 64
287.77914429 258.32986450 519.82470703 255 64 64
284.10861206 258.48541260 531.72509766 255 64 64
249.70256042 228.52978516 537.29046631 255 64 64
244.16355896 232.41226196 545.41876221 255 64 64
262.13427734 234.07708740 535.16027832 255 64 64
256.09423828 237.81208801 543.16351318 255 64 64
264.89062500 234.39257812 480.02056885 255 64 64
269.68728638 245.14434814 482.55908203 255 64 64
278.95544434 236.87539673 483.19174194 255 64 64
282.23770142 247.12513733 487.13378906 255 64 64
238.86386108 210.97685242 520.66619873 255 64 64
236.58247375 214.85542297 527.81970215 255 64 64
250.63044739 214.15974426 520.02398682 255 64 64
247.00289917 218.08032227 527.44122314 255 64 64
233.10998535 197.84944153 485.42648315 255 64 64
238.57377625 200.16134644 491.56420898 255 64 64
245.04164124 198.77439880 481.37503052 255 64 64
250.58355713 201.70652771 488.43283081 255 64 64
235.50662231 202.25740051 504.12097168 255 64 64
236.54121399 204.93069458 511.80776978 255 64 64
247.64411926 203.81901550 501.44082642 255 64 64
247.58062744 206.99531555 509.59451294 255 64 64
237.06765747 240.41310120 552.08978271 255 64 64
228.55455017 243.71197510 556.80932617 255 64 64
249.79241943 245.02713013 553.53826904 255 64 64
241.81063843 248.14385986 559.42498779 255 64 64
242.63890076 206.16233826 475.62533569 255 64 64
248.50704956 215.49786377 473.66455078 255 64 64
255.15463257 209.13938904 475.89904785 255 64 64
261.20056152 218.78746033 475.04928589 255 64 64
258.91232300 253.56761169 483.72406006 255 64 64
262.22244263 258.95129395 492.24499512 255 64 64
272.17892456 253.20036316 489.06185913 255 64 64
274.62072754 258.80090332 497.68240356 255 64 64
245.92361450 269.83834839 523.35363770 255 64 64
241.97277832 267.28421021 535.74237061 255 64 64
257.73220825 265.93292236 530.23071289 255 64 64
253.95912170 263.94137573 541.75610352 255 64 64
207.72763062 190.67932129 495.77389526 255 64 64
210.06321716 193.10061646 503.25167847 255 64 64
219.21121216 192.29286194 494.47290039 255 64 64
221.24182129 194.79620361 501.93310547 255 64 64
229.30271912 220.56484985 532.47644043 255 64 64
224.09091187 224.93374634 537.17938232 255 64 64
240.25569153 224.28056335 534.44921875 255 64 64
234.25079346 228.59767151 539.83190918 255 64 64
207.80113220 198.76853943 510.91079712 255 64 64
205.33172607 202.99385071 516.48394775 255 64 64
219.04907227 201.49507141 514.17340088 255 64 64
215.54067993 205.96455383 518.97204590 255 64 64
209.50062561 182.76980591 482.51974487 255 64 64
214.07754517 185.59254456 488.66333008 255 64 64
218.11593628 186.65216064 477.81585693 255 64 64
223.46838379 188.82586670 483.75042725 255 64 64
215.06648254 251.27719116 554.75872803 255 64 64
205.43403625 255.28663635 554.14093018 255 64 64
227.71310425 253.96025085 558.86779785 255 64 64
218.27014160 257.19418335 560.02178955 255 64 64
220.24653625 230.61582947 539.36798096 255 64 64
213.37431335 234.98568726 542.18487549 255 64 64
230.23841858 234.72758484 543.47509766 255 64 64
223.01652527 239.11503601 547.38201904 255 64 64
219.36944580 191.76837158 475.44738770 255 64 64
225.37237549 197.04364014 475.78744507 255 64 64
229.18942261 196.22222900 472.52218628 255 64 64
236.81176758 201.33049011 474.00735474 255 64 64
240.46934509 268.40142822 495.78561401 255 64 64
240.63905334 268.25057983 506.60379028 255 64 64
251.63452148 266.54360962 501.63226318 255 64 64
251.24871826 266.64422607 511.72769165 255 64 64
238.84774780 230.15847778 473.91992188 255 64 64
244.54399109 240.46095276 474.44299316 255 64 64
250.59185791 232.37759399 475.30029297 255 64 64
255.77044678 242.49644470 476.11239624 255 64 64
223.70022583 271.91241455 534.26654053 255 64 64
218.64666748 267.80041504 544.53778076 255 64 64
235.10446167 268.18817139 542.76013184 255 64 64
230.74044800 264.49615479 552.06634521 255 64 64
208.52780151 212.64094543 519.85339355 255 64 64
203.71549988 217.40637207 522.76007080 255 64 64
217.19720459 215.45097351 524.56213379 255 64 64
211.96002197 220.40492249 527.80780029 255 64 64
234.09646606 258.67965698 480.31845093 255 64 64
237.93402100 264.55758667 487.84313965 255 64 64
245.92654419 258.75534058 484.17626953 255 64 64
249.22592163 264.81396484 491.44503784 255 64 64
225.55990601 210.34857178 469.28613281 255 64 64
231.08035278 219.54931641 468.07473755 255 64 64
235.44239807 212.97792053 470.94021606 255 64 64
241.43557739 222.05851746 469.91903687 255 64 64
199.14149475 241.99710083 539.22735596 255 64 64
191.16166687 246.20774841 540.07708740 255 64 64
207.72885132 245.93450928 544.05364990 255 64 64
199.79785156 250.43525696 545.84265137 255 64 64
198.90122986 224.57211304 522.62109375 255 64 64
193.15026855 228.98591614 525.34075928 255 64 64
206.47473145 227.63072205 527.83728027 255 64 64
200.42491150 232.39712524 530.84265137 255 64 64
184.23669434 191.29464722 495.08493042 255 64 64
183.97004700 195.69186401 503.05108643 255 64 64
193.05554199 196.03128052 496.68041992 255 64 64
194.17926025 198.84863281 504.09960938 255 64 64
226.60354614 242.01931763 472.98522949 255 64 64
232.15524292 251.10284424 475.82064819 255 64 64
237.67958069 243.30664062 474.96282959 255 64 64
242.83668518 252.35305786 477.56237793 255 64 64
221.59967041 275.01107788 504.27139282 255 64 64
221.28161621 273.26959229 515.13647461 255 64 64
231.54612732 272.31826782 510.45208740 255 64 64
230.77268982 270.92691040 520.35217285 255 64 64
182.02636719 157.27146912 474.39096069 255 64 64
181.85154724 164.60079956 481.41751099 255 64 64
187.13879395 165.20637512 467.92163086 255 64 64
187.32492065 171.36755371 475.49905396 255 64 64
193.25869751 153.99749756 456.05639648 255 64 64
195.33422852 162.44224548 459.93692017 255 64 64
195.91830444 166.70069885 450.31524658 255 64 64
199.73144531 173.19395447 455.23791504 255 64 64
180.13446045 197.79450989 506.62429810 255 64 64
177.88146973 202.50427246 514.98699951 255 64 64
188.37019348 201.85717773 509.54763794 255 64 64
187.12805176 205.07450867 516.67773438 255 64 64
186.00358582 184.56600952 479.51815796 255 64 64
186.50172424 189.25329590 486.01922607 255 64 64
192.45191956 191.20773315 476.86257935 255 64 64
195.77180481 193.57530212 483.75823975 255 64 64
177.83915710 253.26287842 537.73443604 255 64 64
168.81814575 258.15820312 539.13354492 255 64 64
187.25672913 258.32424927 539.33117676 255 64 64
178.35487366 262.82986450 541.10217285 255 64 64
175.37031555 136.71145630 464.81372070 255 64 64
176.15235901 145.48242188 472.16452026 255 64 64
183.08453369 145.83795166 459.91836548 255 64 64
183.70353699 153.42709351 467.86889648 255 64 64
218.61785889 268.72463989 486.49917603 255 64 64
220.26020813 271.81402588 495.33850098 255 64 64
228.98576355 268.82110596 490.28128052 255 64 64
230.19592285 272.05307007 498.88232422 255 64 64
173.49859619 166.74765015 489.19833374 255 64 64
171.45919800 173.63159180 497.11761475 255 64 64
180.54125977 173.42453003 485.16864014 255 64 64
178.45547485 179.12858582 493.18167114 255 64 64
216.29861450 226.58561707 465.55993652 255 64 64
222.00659180 235.29800415 467.49090576 255 64 64
226.45263672 227.60336304 468.45492554 255 64 64
232.13325500 236.13015747 469.97717285 255 64 64
185.85903931 137.05525208 447.19265747 255 64 64
188.57237244 147.81483459 450.24002075 255 64 64
191.26861572 151.08294678 447.46466064 255 64 64
194.59631348 160.40480042 451.07708740 255 64 64
193.51068115 277.07342529 530.02172852 255 64 64
188.04103088 272.91162109 538.51141357 255 64 64
202.51022339 272.92529297 535.81170654 255 64 64
198.66387939 269.57904053 542.61560059 255 64 64
168.01918030 183.14976501 506.91049194 255 64 64
164.14585876 189.42227173 515.81231689 255 64 64
176.00779724 187.41902161 504.14636230 255 64 64
171.85478210 192.53314209 511.90155029 255 64 64
203.61416626 279.72521973 515.40795898 255 64 64
202.08460999 276.58801270 525.62060547 255 64 64
212.72503662 275.95019531 522.32708740 255 64 64
211.19645691 273.37652588 531.19573975 255 64 64
179.45661926 231.42529297 527.04980469 255 64 64
172.39880371 235.77952576 528.62207031 255 64 64
186.76446533 235.80003357 533.30694580 255 64 64
179.96255493 240.77742004 534.76177979 255 64 64
160.50524902 150.57505798 485.00592041 255 64 64
157.57373047 158.61154175 493.49365234 255 64 64
170.50299072 154.89218140 481.79696655 255 64 64
165.82839966 162.45982361 490.18508911 255 64 64
189.92074585 183.93211365 464.76290894 255 64 64
191.53770447 189.79049683 469.41210938 255 64 64
195.63139343 192.70870972 462.67175293 255 64 64
200.88616943 195.76097107 468.28692627 255 64 64
196.73973083 190.83364868 456.15530396 255 64 64
199.79785156 199.26080322 458.10949707 255 64 64
203.72819519 198.12390137 459.71228027 255 64 64
209.49281311 204.05554199 462.15896606 255 64 64
193.14123535 224.27566528 502.40487671 255 64 64
193.83642578 228.39549255 507.89208984 255 64 64
199.99612427 226.27893066 505.75991821 255 64 64
201.09567261 230.51986694 511.19049072 255 64 64
184.81834412 217.16445923 505.44149780 255 64 64
185.01075745 220.29681396 512.68682861 255 64 64
192.83247375 218.17292786 511.66714478 255 64 64
193.71238708 221.17243958 517.96893311 255 64 64
196.19374084 239.52622986 505.11428833 255 64 64
195.14685059 243.77302551 510.12878418 255 64 64
203.14874268 241.35466003 508.48397827 255 64 64
201.65753174 245.97651672 513.38128662 255 64 64
211.61328125 254.85737610 475.33349609 255 64 64
215.76043701 262.07534790 480.85003662 255 64 64
221.99194336 255.75009155 477.97799683 255 64 64
226.02777100 263.10287476 482.99249268 255 64 64
204.21655273 211.00102234 454.44042969 255 64 64
209.15290833 220.35803223 456.45785522 255 64 64
212.85664368 212.57550049 460.01947021 255 64 64
218.24816895 221.25955200 461.28384399 255 64 64
152.03804016 166.66363525 500.75421143 255 64 64
147.95068359 173.72731018 509.36499023 255 64 64
163.03398132 170.28729248 501.13024902 255 64 64
156.89430237 176.38986206 508.26031494 255 64 64
188.71675110 153.36262512 438.83142090 255 64 64
189.03680420 166.18896484 437.99166870 255 64 64
195.31860352 164.37615967 445.68847656 255 64 64
197.25349426 174.51356506 445.11611938 255 64 64
202.67369080 275.88720703 493.62167358 255 64 64
203.22615051 277.88067627 502.37506104 255 64 64
212.60281372 275.28408813 498.17175293 255 64 64
212.68644714 277.51147461 506.38208008 255 64 64
156.08557129 202.43516541 523.28234863 255 64 64
149.58157349 209.34645081 528.50878906 255 64 64
165.18571472 204.72068787 522.87701416 255 64 64
158.62213135 211.22177124 526.86883545 255 64 64
163.99313354 237.03948975 530.94714355 255 64 64
156.38836670 241.38493347 532.60125732 255 64 64
171.66822815 242.04519653 538.65740967 255 64 64
165.03236389 246.96008301 539.93255615 255 64 64
170.86291504 219.11376953 513.04040527 255 64 64
167.35256958 223.16033936 519.76611328 255 64 64
178.77241516 220.07673645 521.14721680 255 64 64
176.06787109 224.42706299 526.03082275 255 64 64
142.21220398 183.42031860 514.60852051 255 64 64
135.97874451 191.09344482 521.84020996 255 64 64
153.93190002 185.86309814 515.17846680 255 64 64
145.76063538 193.30181885 520.62072754 255 64 64
203.24179077 240.18087769 461.78976440 255 64 64
208.44577026 247.40667725 467.10119629 255 64 64
213.58528137 239.76455688 466.06390381 255 64 64
218.55680847 246.96203613 470.53045654 255 64 64
191.01907349 183.22691345 442.78094482 255 64 64
192.86213684 195.11950684 443.38439941 255 64 64
198.45974731 189.90380859 450.28054810 255 64 64
201.78353882 199.40927124 450.41876221 255 64 64
137.65676880 157.28123474 498.84664917 255 64 64
133.12719727 165.13018799 507.88720703 255 64 64
150.75071716 159.07450867 497.28195190 255 64 64
143.43896484 165.80216980 504.73239136 255 64 64
168.09902954 200.62919617 496.40142822 255 64 64
169.67668152 203.73518372 505.59045410 255 64 64
177.19012451 201.81298828 502.61145020 255 64 64
178.86764526 204.08290100 510.72802734 255 64 64
197.32382202 263.87838745 478.74374390 255 64 64
200.67593384 270.08251953 484.97326660 255 64 64
207.35671997 264.79895020 481.80282593 255 64 64
210.43730164 271.23263550 487.42291260 255 64 64
185.04322815 280.62628174 502.32574463 255 64 64
185.60557556 281.46038818 511.71597290 255 64 64
194.75918579 280.39282227 507.90673828 255 64 64
195.07966614 281.25033569 516.74609375 255 64 64
148.97503662 243.72320557 537.89898682 255 64 64
144.43423462 248.27084351 544.98217773 255 64 64
156.21743774 252.99035645 541.08996582 255 64 64
153.34880066 257.45593262 546.90142822 255 64 64
162.67712402 276.11770630 527.30444336 255 64 64
163.51210022 272.75778198 537.94683838 255 64 64
171.88261414 276.76382446 531.54541016 255 64 64
172.98033142 273.13040161 540.74615479 255 64 64
194.45127869 225.36178589 447.01196289 255 64 64
199.64353943 233.39436340 452.50308228 255 64 64
203.76139832 224.59506226 453.77673340 255 64 64
208.94194031 232.54266357 458.10852051 255 64 64
125.11953735 174.00494385 512.90368652 255 64 64
118.94469452 181.68589783 521.59454346 255 64 64
138.75166321 174.89840698 512.03631592 255 64 64
130.13696289 181.39166260 518.88708496 255 64 64
128.36225891 193.46395874 524.70898438 255 64 64
120.63833618 201.60202026 530.45507812 255 64 64
140.14617920 199.09037781 526.16363525 255 64 64
132.01983643 206.90806580 530.36456299 255 64 64
170.60652161 281.08801270 513.19079590 255 64 64
171.92118835 279.78555298 523.38195801 255 64 64
180.27511597 281.56781006 519.60400391 255 64 64
181.77999878 279.82046509 529.03912354 255 64 64
176.12062073 148.88140869 428.59265137 255 64 64
176.05383301 162.59461975 427.90478516 255 64 64
185.15310669 157.45899963 436.43109131 255 64 64
185.83999634 168.51647949 435.59649658 255 64 64
149.12739563 219.02578735 525.76416016 255 64 64
143.42333984 225.45066833 530.13598633 255 64 64
157.40489197 222.08097839 528.02136230 255 64 64
152.52517700 228.39842224 531.01501465 255 64 64
162.69604492 205.94209290 492.90524292 255 64 64
164.76864624 208.96308899 502.16848755 255 64 64
171.82205200 206.27368164 500.85968018 255 64 64
173.58259583 209.15794373 508.82974243 255 64 64
186.67070007 204.97659302 435.94763184 255 64 64
190.20643616 215.71273804 439.12686157 255 64 64
195.49050903 206.78353882 443.66375732 255 64 64
199.48921204 216.40621948 445.78811646 255 64 64
190.01304626 253.03749084 464.36636353 255 64 64
194.18756104 258.86462402 471.53942871 255 64 64
200.43467712 252.72372437 468.63073730 255 64 64
204.50273132 258.75009155 474.89349365 255 64 64
132.60905457 220.39710999 537.36767578 255 64 64
127.29372406 227.19509888 543.47021484 255 64 64
140.71682739 229.58221436 539.19610596 255 64 64
136.69468689 236.31768799 543.38818359 255 64 64
178.33143616 176.18670654 428.23614502 255 64 64
179.67198181 189.44668579 428.81610107 255 64 64
187.31240845 182.52368164 435.45046997 255 64 64
189.18380737 193.29107666 435.64263916 255 64 64
180.79374695 271.17547607 484.22509766 255 64 64
183.56959534 276.05911255 492.12875366 255 64 64
190.57270813 272.54730225 488.02651978 255 64 64
193.20790100 277.78643799 495.39688110 255 64 64
183.63015747 241.77954102 448.02383423 255 64 64
188.15336609 247.81176758 455.87475586 255 64 64
193.62106323 240.32617188 454.10101318 255 64 64
198.19602966 246.52934265 460.85601807 255 64 64
139.44807434 265.44824219 528.81158447 255 64 64
143.86480713 265.27981567 538.43817139 255 64 64
148.88322449 270.74987793 531.97125244 255 64 64
153.63204956 269.71966553 541.23840332 255 64 64
162.81324768 274.76641846 492.58782959 255 64 64
165.62034607 278.43695068 501.35684204 255 64 64
172.51211548 277.26779175 497.10418701 255 64 64
175.35729980 281.01062012 505.60949707 255 64 64
175.34753418 260.62274170 467.86303711 255 64 64
178.96629333 265.88336182 476.19253540 255 64 64
185.60020447 261.12011719 472.27587891 255 64 64
189.23165894 266.68646240 479.93728638 255 64 64
174.83476257 224.37237549 432.02120972 255 64 64
179.23001099 233.19804382 437.03179932 255 64 64
185.02394104 224.06860352 438.25659180 255 64 64
189.34593201 232.48307800 442.44284058 255 64 64
158.77412415 149.65888977 418.90966797 255 64 64
158.39674377 163.02046204 417.93930054 255 64 64
169.89913940 156.45199585 424.27383423 255 64 64
169.83760071 167.54367065 422.89813232 255 64 64
147.43180847 273.07376099 503.57498169 255 64 64
150.69015503 275.08923340 512.94958496 255 64 64
157.26350403 276.97528076 508.69302368 255 64 64
160.86859131 278.55413818 517.98358154 255 64 64
120.33261871 245.72061157 531.43457031 255 64 64
125.62157440 248.20637512 539.65075684 255 64 64
128.91899109 255.40774536 531.61669922 255 64 64
134.54101562 256.77078247 539.63171387 255 64 64
169.32798767 204.68748474 423.25952148 255 64 64
172.85005188 215.68148804 425.43612671 255 64 64
179.47810364 206.41336060 429.10079956 255 64 64
182.93374634 216.20793152 431.00247192 255 64 64
163.74797058 180.73822021 419.02587891 255 64 64
165.74147034 192.91210938 418.83300781 255 64 64
174.00552368 184.98110962 423.93588257 255 64 64
175.85543823 195.14489746 423.76440430 255 64 64
133.34550476 264.96939087 511.80776978 255 64 64
137.20355225 267.26809692 520.24859619 255 64 64
142.90371704 270.28179932 515.48809814 255 64 64
147.08995056 272.06674194 524.05200195 255 64 64
167.11767578 251.49278259 447.10961914 255 64 64
170.78623962 256.22305298 456.36505127 255 64 64
178.12045288 250.76245117 452.60272217 255 64 64
181.87791443 255.67929077 461.27017212 255 64 64
158.32423401 266.69036865 473.91287231 255 64 64
161.34620667 271.16864014 483.07061768 255 64 64
168.40205383 268.32687378 478.67144775 255 64 64
171.50413513 273.04443359 487.54010010 255 64 64
142.29815674 268.00601196 482.50802612 255 64 64
145.14041138 271.55493164 491.56030273 255 64 64
152.07124329 271.06658936 487.39752197 255 64 64
155.14694214 274.57498169 496.61776733 255 64 64
117.89471436 246.58012390 514.34924316 255 64 64
121.83384705 250.30242920 521.54766846 255 64 64
125.43209076 255.10203552 514.56506348 255 64 64
129.78045654 258.39260864 522.30462646 255 64 64
107.26796722 227.76452637 519.81152344 255 64 64
111.61341095 232.06700134 527.01000977 255 64 64
114.10404968 237.91854858 517.79022217 255 64 64
119.00915527 241.57051086 525.35198975 255 64 64
159.37615967 237.70074463 431.31674194 255 64 64
163.53016663 244.77807617 438.63043213 255 64 64
170.97084045 237.67924500 436.04211426 255 64 64
175.10238647 244.74584961 442.88308716 255 64 64
153.38883972 259.14886475 453.11941528 255 64 64
156.27310181 262.71487427 463.03900146 255 64 64
164.10545349 259.44943237 458.50311279 255 64 64
166.98776245 263.25280762 468.48132324 255 64 64
142.89102173 160.54739380 417.64041138 255 64 64
143.38401794 173.50265503 416.50839233 255 64 64
154.49595642 166.31642151 418.08288574 255 64 64
155.01911926 177.75189209 416.75427246 255 64 64
126.09333801 257.98776245 493.27737427 255 64 64
129.00689697 261.72811890 501.02670288 255 64 64
134.51757812 263.77337646 495.63568115 255 64 64
137.77983093 267.38140869 503.89486694 255 64 64
150.82885742 214.80633545 419.71838379 255 64 64
154.55017090 225.00332642 423.15841675 255 64 64
162.68237305 216.89213562 422.74624634 255 64 64
166.35777283 226.34974670 426.15353394 255 64 64
146.19625854 189.11851501 417.23141479 255 64 64
148.60583496 201.29629517 417.76153564 255 64 64
157.71279907 193.16142273 418.55999756 255 64 64
160.07940674 204.26089478 419.42196655 255 64 64
100.46801758 214.79168701 504.53021240 255 64 64
103.21358490 220.46742249 511.12506104 255 64 64
105.31598663 223.98460388 500.89581299 255 64 64
108.56749725 229.69648743 507.93017578 255 64 64
138.15000916 260.22640991 460.66751099 255 64 64
140.79986572 263.69329834 470.24331665 255 64 64
148.29913330 262.93536377 464.95837402 255 64 64
151.19024658 266.39102173 475.05770874 255 64 64
111.45957184 237.39990234 497.58767700 255 64 64
114.59827423 242.24053955 504.65914917 255 64 64
117.36826324 245.59852600 496.53378296 255 64 64
121.06417847 250.53878784 504.35147095 255 64 64
144.02108765 246.58012390 435.92614746 255 64 64
147.54119873 252.42092896 444.42755127 255 64 64
155.81796265 247.94265747 439.91995239 255 64 64
159.24429321 253.99736023 448.50146484 255 64 64
124.77084351 252.40432739 472.38528442 255 64 64
127.32400513 256.58276367 480.65615845 255 64 64
133.05639648 258.14550781 474.05450439 255 64 64
136.08325195 262.23016357 483.07550049 255 64 64
95.24547577 198.44036865 491.04409790 255 64 64
96.73790741 205.67202759 497.71121216 255 64 64
99.33770752 206.62615967 485.64721680 255 64 64
101.36977386 214.33641052 493.01757812 255 64 64
113.29679108 236.78262329 477.65176392 255 64 64
115.81233978 242.04129028 484.77206421 255 64 64
118.95836639 244.15492249 476.38397217 255 64 64
122.11318970 249.71247864 484.36770630 255 64 64
135.30578613 226.70185852 426.11398315 255 64 64
138.81124878 235.62519836 430.75732422 255 64 64
147.07237244 230.07398987 426.85418701 255 64 64
150.70382690 238.74729919 431.57470703 255 64 64
104.35244751 220.68231201 484.85119629 255 64 64
106.33715057 226.68328857 491.22332764 255 64 64
108.63830566 228.47070312 481.50592041 255 64 64
111.19635010 234.99911499 488.69461060 255 64 64
123.90681458 163.02436829 422.86782837 255 64 64
123.71379089 175.33499146 422.28424072 255 64 64
133.77136230 168.78900146 418.76046753 255 64 64
134.18804932 180.58390808 418.04940796 255 64 64
129.53970337 245.62586975 443.86105347 255 64 64
132.47427368 251.41394043 451.69827271 255 64 64
139.76940918 249.94787598 444.92858887 255 64 64
142.99357605 255.81602478 453.33819580 255 64 64
127.40898132 185.40501404 422.90936279 255 64 64
128.79299927 197.26634216 422.85147095 255 64 64
137.66751099 190.37751770 419.70520020 255 64 64
139.50985718 201.73289490 419.90664673 255 64 64
119.70458984 240.31445312 455.39810181 255 64 64
122.24015808 246.11422729 463.00482178 255 64 64
127.17065430 246.91905212 455.06405640 255 64 64
130.31961060 252.82823181 463.53225708 255 64 64
100.99053955 204.49995422 473.12808228 255 64 64
101.78855133 212.41140747 478.80868530 255 64 64
104.55657959 212.03683472 467.88647461 255 64 64
106.03631592 220.85079956 474.28402710 255 64 64
126.49867249 205.61195374 425.32446289 255 64 64
128.89067078 216.36763000 426.67169189 255 64 64
137.15570068 210.51803589 422.64270020 255 64 64
139.97012329 220.95530701 424.18029785 255 64 64
110.13855743 222.69435120 463.50491333 255 64 64
111.81656647 229.64080811 469.58209229 255 64 64
114.76920319 230.11038208 460.30123901 255 64 64
117.08403778 237.72491455 467.20864868 255 64 64
123.11823273 227.18142700 434.99044800 255 64 64
125.82864380 235.89770508 439.34857178 255 64 64
132.48696899 232.44450378 433.27337646 255 64 64
135.65350342 241.32095337 438.28588867 255 64 64
98.05355835 186.48527527 465.69226074 255 64 64
97.38364410 196.44393921 470.03967285 255 64 64
101.39572144 193.75404358 458.45327759 255 64 64
101.76205444 204.72851562 463.37011719 255 64 64
116.26505280 227.28495789 446.93380737 255 64 64
118.24145508 235.02450562 452.35266113 255 64 64
122.85061646 233.99914551 444.17358398 255 64 64
125.49655151 242.28370667 450.40118408 255 64 64
112.97383118 193.65832520 436.82473755 255 64 64
113.45794678 204.36322021 437.98556519 255 64 64
119.72412109 199.56359863 431.14556885 255 64 64
121.16820526 210.69824219 432.52325439 255 64 64
107.10448456 207.58053589 455.61981201 255 64 64
107.74948883 216.75001526 459.87149048 255 64 64
111.22662354 214.60317993 450.64926147 255 64 64
112.65898895 224.61264038 455.43911743 255 64 64
110.45330811 176.19842529 435.22314453 255 64 64
109.99308777 187.88394165 435.53652954 255 64 64
117.32528687 182.42796326 428.53649902 255 64 64
117.75095367 194.28929138 428.98388672 255 64 64
111.99219513 202.03665161 440.21566772 255 64 64
112.72003937 212.17114258 442.28192139 255 64 64
118.05929565 208.21540833 434.99240112 255 64 64
119.67185974 218.91835022 437.40393066 255 64 64
239.81611633 254.81668091 561.10723877 255 64 64
239.82705688 254.82266235 561.11016846 255 64 64
239.81784058 254.81671143 561.10754395 255 64 64
239.83117676 254.82550049 561.11315918 255 64 64
181.64991760 172.66067505 487.73886108 255 64 64
181.65374756 172.66510010 487.75070190 255 64 64
181.64448547 172.65554810 487.73223877 255 64 64
181.65284729 172.65432739 487.74105835 255 64 64
263.97863770 206.93414307 489.59259033 255 64 64
263.98718262 206.94329834 489.59994507 255 64 64
263.98056030 206.92687988 489.58990479 255 64 64
263.99121094 206.93103027 489.60015869 255 64 64
158.85601807 244.40669250 534.57995605 255 64 64
158.84921265 244.42211914 534.57440186 255 64 64
158.86404419 244.40864563 534.56652832 255 64 64
158.86062622 244.42002869 534.56555176 255 64 64
211.83917236 209.81115723 525.09729004 255 64 64
211.83787537 209.82420349 525.10034180 255 64 64
211.82363892 209.80778503 525.10046387 255 64 64
211.82690430 209.81932068 525.10247803 255 64 64
220.81614685 245.76721191 472.97973633 255 64 64
220.82136536 245.78063965 472.98269653 255 64 64
220.83126831 245.77388000 472.97375488 255 64 64
220.83576965 245.77944946 472.97991943 255 64 64
204.06719971 273.02862549 525.92724609 255 64 64
204.06584167 273.03375244 525.93005371 255 64 64
204.07183838 273.02697754 525.93756104 255 64 64
204.07128906 273.03186035 525.94287109 255 64 64
154.47142029 196.81150818 519.18652344 255 64 64
154.46612549 196.82215881 519.18731689 255 64 64
154.46266174 196.81555176 519.18243408 255 64 64
154.46205139 196.82220459 519.18218994 255 64 64
219.61062622 198.50752258 473.52514648 255 64 64
219.61677551 198.51617432 473.53247070 255 64 64
219.61444092 198.50878906 473.53167725 255 64 64
219.62278748 198.51171875 473.53942871 255 64 64
266.30999756 236.05482483 530.08026123 255 64 64
266.31265259 236.06886292 530.07794189 255 64 64
266.31628418 236.04701233 530.08062744 255 64 64
266.32302856 236.06028748 530.08349609 255 64 64
181.46118164 225.32322693 510.33221436 255 64 64
181.45469666 225.33427429 510.32958984 255 64 64
181.45622253 225.32864380 510.32913208 255 64 64
181.45553589 225.33508301 510.32766724 255 64 64
220.78096008 242.45083618 509.55401611 255 64 64
220.78030396 242.46113586 509.55343628 255 64 64
220.78344727 242.44735718 509.55441284 255 64 64
220.78637695 242.45480347 509.55584717 255 64 64
211.01831055 241.75735474 543.67144775 255 64 64
211.01324463 241.76997375 543.66882324 255 64 64
211.01594543 241.75181580 543.67431641 255 64 64
211.01513672 241.76501465 543.67297363 255 64 64
244.05813599 215.56918335 518.85552979 255 64 64
244.05874634 215.58219910 518.85638428 255 64 64
244.05447388 215.56367493 518.85552979 255 64 64
244.06005859 215.57479858 518.85833740 255 64 64
197.42243958 197.73709106 496.19683838 255 64 64
197.42118835 197.74780273 496.20440674 255 64 64
197.42121887 197.73731995 496.19125366 255 64 64
197.42303467 197.74237061 496.19702148 255 64 64
227.70368958 192.26834106 502.36392212 255 64 64
227.70776367 192.27937317 502.36883545 255 64 64
227.69529724 192.26861572 502.36386108 255 64 64
227.70368958 192.27517700 502.36849976 255 64 64
241.69027710 219.13777161 471.08886719 255 64 64
241.70088196 219.14935303 471.09277344 255 64 64
241.69537354 219.14207458 471.09051514 255 64 64
241.70652771 219.14785767 471.09887695 255 64 64
184.33769226 258.41058350 541.72290039 255 64 64
184.33644104 258.41674805 541.72186279 255 64 64
184.34315491 258.40136719 541.72338867 255 64 64
184.34355164 258.40731812 541.72448730 255 64 64
155.00358582 222.33494568 500.25354004 255 64 64
155.00471497 222.34426880 500.24856567 255 64 64
154.99406433 222.34396362 500.24569702 255 64 64
155.00161743 222.35168457 500.24148560 255 64 64
243.23042297 233.55183411 543.85406494 255 64 64
243.23013306 233.56546021 543.85571289 255 64 64
243.22508240 233.54611206 543.85479736 255 64 64
243.23019409 233.56045532 543.85729980 255 64 64
203.88783264 176.76387024 471.14324951 255 64 64
203.89447021 176.77015686 471.15127563 255 64 64
203.88943481 176.75634766 471.14065552 255 64 64
203.89805603 176.75486755 471.14691162 255 64 64
216.07296753 265.16430664 554.86859131 255 64 64
216.07580566 265.16867065 554.87280273 255 64 64
216.07305908 265.15954590 554.87518311 255 64 64
216.07861328 265.16586304 554.88195801 255 64 64
180.53831482 198.12980652 517.09729004 255 64 64
180.53593445 198.13981628 517.10620117 255 64 64
180.53067017 198.13134766 517.09948730 255 64 64
180.53387451 198.13925171 517.10620117 255 64 64
153.69813538 218.84873962 530.75048828 255 64 64
153.69293213 218.85653687 530.75195312 255 64 64
153.69706726 218.84655762 530.74291992 255 64 64
153.69378662 218.85252380 530.74560547 255 64 64
165.57998657 180.20845032 505.09701538 255 64 64
165.58297729 180.21592712 505.10494995 255 64 64
165.57102966 180.21333313 505.08880615 255 64 64
165.57981873 180.21685791 505.09530640 255 64 64
188.28051758 215.14291382 532.77520752 255 64 64
188.27200317 215.15699768 532.77734375 255 64 64
188.27131653 215.14016724 532.77276611 255 64 64
188.26853943 215.15318298 532.77478027 255 64 64
196.12936401 238.91955566 523.61810303 255 64 64
196.12088013 238.92962646 523.61810303 255 64 64
196.13276672 238.92105103 523.61053467 255 64 64
196.12832642 238.92794800 523.61187744 255 64 64
220.77810669 224.22021484 463.31262207 255 64 64
220.78591919 224.23266602 463.31710815 255 64 64
220.78965759 224.22447205 463.31039429 255 64 64
220.79904175 224.22961426 463.31729126 255 64 64
198.59185791 199.66810608 465.14282227 255 64 64
198.59384155 199.67593384 465.15151978 255 64 64
198.59281921 199.66915894 465.14041138 255 64 64
198.59710693 199.67169189 465.14779663 255 64 64
271.13873291 222.97886658 512.46685791 255 64 64
271.14544678 222.99195862 512.46917725 255 64 64
271.14105225 222.97257996 512.47454834 255 64 64
271.15148926 222.98252869 512.48223877 255 64 64
242.75834656 203.08290100 485.59732056 255 64 64
242.75955200 203.08978271 485.60479736 255 64 64
242.76174927 203.08100891 485.60128784 255 64 64
242.76681519 203.08354187 485.60986328 255 64 64
227.13339233 225.14166260 525.89013672 255 64 64
227.12986755 225.15754700 525.88830566 255 64 64
227.12477112 225.14140320 525.88873291 255 64 64
227.12638855 225.15582275 525.88830566 255 64 64
215.03858948 177.89378357 488.44564819 255 64 64
215.03921509 177.90454102 488.45495605 255 64 64
215.03942871 177.89591980 488.45489502 255 64 64
215.04450989 177.89952087 488.46151733 255 64 64
178.23176575 232.70306396 533.91387939 255 64 64
178.22689819 232.71368408 533.91186523 255 64 64
178.23251343 232.69628906 533.90582275 255 64 64
178.23007202 232.70571899 533.90490723 255 64 64
210.04545593 253.84455872 524.49920654 255 64 64
210.04299927 253.85250854 524.50347900 255 64 64
210.05061340 253.84268188 524.50231934 255 64 64
210.04876709 253.84860229 524.50799561 255 64 64
222.54177856 272.58996582 531.30108643 255 64 64
222.54856873 272.59344482 531.29992676 255 64 64
222.54728699 272.58526611 531.30804443 255 64 64
222.55500793 272.58862305 531.31091309 255 64 64
207.73564148 228.71520996 512.44805908 255 64 64
207.72894287 228.72901917 512.44897461 255 64 64
207.73104858 228.71798706 512.44854736 255 64 64
207.73049927 228.72879028 512.45056152 255 64 64
227.21612549 241.65460205 552.66186523 255 64 64
227.21530151 241.66754150 552.66015625 255 64 64
227.21186829 241.65008545 552.66094971 255 64 64
227.21652222 241.66447449 552.66137695 255 64 64
229.18376160 204.81579590 519.87329102 255 64 64
229.18334961 204.83004761 519.87615967 255 64 64
229.17337036 204.81396484 519.86621094 255 64 64
229.17919922 204.82514954 519.87048340 255 64 64
170.28433228 208.75840759 527.81158447 255 64 64
170.27833557 208.77116394 527.81134033 255 64 64
170.27983093 208.76016235 527.80767822 255 64 64
170.27708435 208.77044678 527.80804443 255 64 64
256.16329956 245.09967041 549.07806396 255 64 64
256.16729736 245.11174011 549.07775879 255 64 64
256.16421509 245.09159851 549.07708740 255 64 64
256.17260742 245.10589600 549.08117676 255 64 64
253.50064087 208.83639526 504.13247681 255 64 64
253.49829102 208.85301208 504.13485718 255 64 64
253.49005127 208.84246826 504.13095093 255 64 64
253.49401855 208.85540771 504.13565063 255 64 64
167.41122437 210.83720398 505.51028442 255 64 64
167.41023254 210.84399414 505.51754761 255 64 64
167.40916443 210.84048462 505.50842285 255 64 64
167.41430664 210.84767151 505.51437378 255 64 64
193.42251587 188.18463135 479.56948853 255 64 64
193.42166138 188.19165039 479.58053589 255 64 64
193.42451477 188.18215942 479.56365967 255 64 64
193.42532349 188.18438721 479.57104492 255 64 64
211.16867065 200.88401794 506.70590210 255 64 64
211.16758728 200.89700317 506.70800781 255 64 64
211.16476440 200.88595581 506.69943237 255 64 64
211.16966248 200.89324951 506.70205688 255 64 64
166.79406738 225.03555298 519.84051514 255 64 64
166.78501892 225.04571533 519.83660889 255 64 64
166.79187012 225.03215027 519.83666992 255 64 64
166.78494263 225.03970337 519.83374023 255 64 64
212.49165344 234.85195923 527.84472656 255 64 64
212.48347473 234.86158752 527.84704590 255 64 64
212.48684692 234.84509277 527.84442139 255 64 64
212.48310852 234.85287476 527.84783936 255 64 64
197.01135254 216.09851074 518.69946289 255 64 64
197.01039124 216.11027527 518.70233154 255 64 64
197.00994873 216.09730530 518.70684814 255 64 64
197.01127625 216.10615540 518.71057129 255 64 64
205.49649048 200.70201111 482.08471680 255 64 64
205.49572754 200.71150208 482.09240723 255 64 64
205.49946594 200.70561218 482.08520508 255 64 64
205.50184631 200.70904541 482.09243774 255 64 64
152.44424438 202.81080627 504.23388672 255 64 64
152.44479370 202.81935120 504.23263550 255 64 64
152.43281555 202.81578064 504.22872925 255 64 64
152.43936157 202.82289124 504.22747803 255 64 64
206.39315796 257.19540405 539.95404053 255 64 64
206.39021301 257.20071411 539.95593262 255 64 64
206.39375305 257.18969727 539.96069336 255 64 64
206.39303589 257.19555664 539.96435547 255 64 64
238.14971924 234.76211548 473.06726074 255 64 64
238.16122437 234.77359009 473.06991577 255 64 64
238.15507507 234.76535034 473.06567383 255 64 64
238.16685486 234.77033997 473.07196045 255 64 64
229.93737793 209.28526306 466.45819092 255 64 64
229.94659424 209.29547119 466.46539307 255 64 64
229.94169617 209.28688049 466.45898438 255 64 64
229.95324707 209.29014587 466.46661377 255 64 64
255.89880371 223.88786316 525.59039307 255 64 64
255.89916992 223.90168762 525.59136963 255 64 64
255.89077759 223.88029480 525.59167480 255 64 64
255.89718628 223.89245605 525.59600830 255 64 64
184.36444092 190.44233704 501.14025879 255 64 64
184.36369324 190.45028687 501.14941406 255 64 64
184.35916138 190.44195557 501.13568115 255 64 64
184.36518860 190.44692993 501.14227295 255 64 64
229.87875366 190.33950806 482.14651489 255 64 64
229.88348389 190.35134888 482.15042114 255 64 64
229.87789917 190.34631348 482.15643311 255 64 64
229.88700867 190.35205078 482.16027832 255 64 64
191.17460632 261.12789917 527.93365479 255 64 64
191.16842651 261.13665771 527.93188477 255 64 64
191.17597961 261.13684082 527.92083740 255 64 64
191.17488098 261.14199829 527.92010498 255 64 64
195.73718262 200.77897644 514.98937988 255 64 64
195.74114990 200.78941345 514.99078369 255 64 64
195.73542786 200.77803040 514.99072266 255 64 64
195.74076843 200.78540039 514.99157715 255 64 64
209.36965942 210.39808655 462.68505859 255 64 64
209.37393188 210.40650940 462.69427490 255 64 64
209.37861633 210.39247131 462.68841553 255 64 64
209.38415527 210.39425659 462.69720459 255 64 64
170.23956299 250.29119873 542.21588135 255 64 64
170.23922729 250.29782104 542.21466064 255 64 64
170.24536133 250.30041504 542.20953369 255 64 64
170.24755859 250.30679321 542.21026611 255 64 64
238.20950317 202.36645508 504.86968994 255 64 64
238.21089172 202.37626648 504.87557983 255 64 64
238.19746399 202.36506653 504.87277222 255 64 64
238.20558167 202.37133789 504.87911987 255 64 64
206.32562256 242.99243164 510.34320068 255 64 64
206.31680298 243.00309753 510.34063721 255 64 64
206.32019043 243.00122070 510.33319092 255 64 64
206.31890869 243.00820923 510.33236694 255 64 64
225.65597534 256.64331055 561.56878662 255 64 64
225.65682983 256.65090942 561.56976318 255 64 64
225.65505981 256.64160156 561.57476807 255 64 64
225.65875244 256.65176392 561.57763672 255 64 64
267.57934570 213.58670044 502.32153320 255 64 64
267.58581543 213.60095215 502.32284546 255 64 64
267.57910156 213.58291626 502.31835938 255 64 64
267.58950806 213.59300232 502.32485962 255 64 64
214.38772583 197.60050964 492.54229736 255 64 64
214.39128113 197.60916138 492.54739380 255 64 64
214.38760376 197.60133362 492.54550171 255 64 64
214.39404297 197.60549927 492.55032349 255 64 64
184.36404419 211.88804626 512.60278320 255 64 64
184.35769653 211.89961243 512.60595703 255 64 64
184.35691833 211.88670349 512.60211182 255 64 64
184.35711670 211.89463806 512.60339355 255 64 64
188.22207642 241.97219849 536.44195557 255 64 64
188.22033691 241.98034668 536.44012451 255 64 64
188.22372437 241.96658325 536.43640137 255 64 64
188.22439575 241.97337341 536.43621826 255 64 64
239.76702881 227.32971191 531.07788086 255 64 64
239.76687622 227.34550476 531.07617188 255 64 64
239.76194763 227.32389832 531.07318115 255 64 64
239.76577759 227.33874512 531.07385254 255 64 64
218.45791626 185.03141785 471.60305786 255 64 64
218.46633911 185.03736877 471.60656738 255 64 64
218.45504761 185.03042603 471.60754395 255 64 64
218.46638489 185.03088379 471.61157227 255 64 64
164.59371948 232.44299316 531.91210938 255 64 64
164.58776855 232.45410156 531.91381836 255 64 64
164.59844971 232.44558716 531.90386963 255 64 64
164.59390259 232.45434570 531.90521240 255 64 64
198.34329224 252.17034912 517.95837402 255 64 64
198.34091187 252.17753601 517.95965576 255 64 64
198.34858704 252.17617798 517.95440674 255 64 64
198.34896851 252.18048096 517.95605469 255 64 64
201.55616760 214.93472290 531.75134277 255 64 64
201.55363464 214.94900513 531.75396729 255 64 64
201.54658508 214.93399048 531.75231934 255 64 64
201.54734802 214.94776917 531.75500488 255 64 64
255.85380554 202.51760864 480.57937622 255 64 64
255.86073303 202.52792358 480.58737183 255 64 64
255.85717773 202.51437378 480.58059692 255 64 64
255.86538696 202.51730347 480.58975220 255 64 64
229.04042053 232.45626831 543.81781006 255 64 64
229.03720093 232.47103882 543.81640625 255 64 64
229.03500366 232.44776917 543.81652832 255 64 64
229.03659058 232.46220398 543.81787109 255 64 64
195.38398743 231.38641357 512.17065430 255 64 64
195.37768555 231.39813232 512.16778564 255 64 64
195.38365173 231.38578796 512.16607666 255 64 64
195.38169861 231.39433289 512.16625977 255 64 64
245.72195435 204.14251709 473.20629883 255 64 64
245.72882080 204.15080261 473.21057129 255 64 64
245.72656250 204.14199829 473.20413208 255 64 64
245.73641968 204.14472961 473.21066284 255 64 64
177.52926636 179.83549500 497.13079834 255 64 64
177.53045654 179.84230042 497.14065552 255 64 64
177.51971436 179.83749390 497.12802124 255 64 64
177.52713013 179.84107971 497.13473511 255 64 64
212.70510864 269.60424805 543.81903076 255 64 64
212.70538330 269.61026001 543.82012939 255 64 64
212.70779419 269.59826660 543.82495117 255 64 64
212.71090698 269.60562134 543.82812500 255 64 64
226.63183594 234.24389648 468.79656982 255 64 64
226.63906860 234.25502014 468.80017090 255 64 64
226.63589478 234.24710083 468.79443359 255 64 64
226.64578247 234.25115967 468.80044556 255 64 64
187.69612122 204.61302185 526.47912598 255 64 64
187.69517517 204.62332153 526.48461914 255 64 64
187.69027710 204.60852051 526.47949219 255 64 64
187.69410706 204.61700439 526.48413086 255 64 64
234.13148499 202.24353027 476.92462158 255 64 64
234.13607788 202.25358582 476.93222046 255 64 64
234.13075256 202.24583435 476.93005371 255 64 64
234.13693237 202.25007629 476.93853760 255 64 64
213.13546753 222.81169128 526.24340820 255 64 64
213.13223267 222.82414246 526.24664307 255 64 64
213.12886047 222.81066895 526.24194336 255 64 64
213.12939453 222.82118225 526.24560547 255 64 64
217.74032593 249.39582825 555.88092041 255 64 64
217.74252319 249.40220642 555.88330078 255 64 64
217.73875427 249.39431763 555.88342285 255 64 64
217.74270630 249.40264893 555.88610840 255 64 64
166.49011230 189.99752808 512.12518311 255 64 64
166.48623657 190.00192261 512.12945557 255 64 64
166.48388672 189.99057007 512.11535645 255 64 64
166.48672485 189.99478149 512.11724854 255 64 64
168.78445435 222.68380737 507.21578979 255 64 64
168.78009033 222.69233704 507.21423340 255 64 64
168.77709961 222.69131470 507.21438599 255 64 64
168.78073120 222.69978333 507.21343994 255 64 64
254.34001160 236.26487732 540.17590332 255 64 64
254.34130859 236.27932739 540.17572021 255 64 64
254.33660889 236.26181030 540.17401123 255 64 64
254.34338379 236.27653503 540.17767334 255 64 64
191.00036621 174.59927368 480.75057983 255 64 64
191.00134277 174.60565186 480.76095581 255 64 64
190.99955750 174.59461975 480.75003052 255 64 64
191.00196838 174.59483337 480.75665283 255 64 64
216.97805786 187.33377075 501.61846924 255 64 64
216.97984314 187.34300232 501.62716675 255 64 64
216.97229004 187.33280945 501.62231445 255 64 64
216.97872925 187.33779907 501.62905884 255 64 64
221.75399780 197.03056335 515.40747070 255 64 64
221.75744629 197.04254150 515.41241455 255 64 64
221.74575806 197.02755737 515.39959717 255 64 64
221.75177002 197.03594971 515.40368652 255 64 64
167.71572876 200.14938354 520.61340332 255 64 64
167.70645142 200.16125488 520.61236572 255 64 64
167.70973206 200.15431213 520.60546875 255 64 64
167.70480347 200.16477966 520.60363770 255 64 64
226.03353882 213.27624512 526.90277100 255 64 64
226.03405762 213.29138184 526.90289307 255 64 64
226.02304077 213.26715088 526.90350342 255 64 64
226.02806091 213.28080750 526.90417480 255 64 64
188.40844727 187.15339661 491.02359009 255 64 64
188.41328430 187.15966797 491.03137207 255 64 64
188.40716553 187.15330505 491.02685547 255 64 64
188.41424561 187.15507507 491.03204346 255 64 64
187.04881287 230.76402283 519.84832764 255 64 64
187.04170227 230.77513123 519.84594727 255 64 64
187.05178833 230.76264954 519.84179688 255 64 64
187.04701233 230.77099609 519.84100342 255 64 64
154.70654297 205.92321777 525.92187500 255 64 64
154.69668579 205.93566895 525.92022705 255 64 64
154.69857788 205.92672729 525.91033936 255 64 64
154.69479370 205.93585205 525.91033936 255 64 64
217.63533020 234.70401001 537.90087891 255 64 64
217.62942505 234.71835327 537.89788818 255 64 64
217.62973022 234.70091248 537.90234375 255 64 64
217.62890625 234.71540833 537.90112305 255 64 64
204.93244934 246.45013428 535.51141357 255 64 64
204.92953491 246.45767212 535.51397705 255 64 64
204.93273926 246.44796753 535.51629639 255 64 64
204.93128967 246.45584106 535.52056885 255 64 64
257.52661133 214.47410583 512.92858887 255 64 64
257.52746582 214.48483276 512.93377686 255 64 64
257.52801514 214.46508789 512.92828369 255 64 64
257.53326416 214.47360229 512.93603516 255 64 64
180.43849182 217.26313782 525.10333252 255 64 64
180.43371582 217.27597046 525.10412598 255 64 64
180.43980408 217.26066589 525.09814453 255 64 64
180.43722534 217.27117920 525.09936523 255 64 64
197.49955750 189.26977539 468.55453491 255 64 64
197.50251770 189.27658081 468.56262207 255 64 64
197.49826050 189.27079773 468.54977417 255 64 64
197.50367737 189.27307129 468.55532837 255 64 64
216.75251770 209.04281616 470.67523193 255 64 64
216.75473022 209.05128479 470.68429565 255 64 64
216.75917053 209.04376221 470.68399048 255 64 64
216.76390076 209.04493713 470.69305420 255 64 64
206.63566589 242.62141418 522.99291992 255 64 64
206.62420654 242.63346863 522.99438477 255 64 64
206.63348389 242.61994934 522.99072266 255 64 64
206.62817383 242.62893677 522.99365234 255 64 64
241.51652527 246.13928223 554.81274414 255 64 64
241.51928711 246.15408325 554.81048584 255 64 64
241.51751709 246.13400269 554.81005859 255 64 64
241.52444458 246.15008545 554.81054688 255 64 64
153.53704834 188.03260803 513.00286865 255 64 64
153.53454590 188.03811646 513.00549316 255 64 64
153.52775574 188.02471924 512.98822021 255 64 64
153.53068542 188.02960205 512.98815918 255 64 64
158.54879761 223.23138428 510.51742554 255 64 64
158.54492188 223.24092102 510.51278687 255 64 64
158.54586792 223.23474121 510.51715088 255 64 64
158.54473877 223.24113464 510.51351929 255 64 64
194.87008667 250.27459717 527.91412354 255 64 64
194.86318970 250.28167725 527.91400146 255 64 64
194.86984253 250.28054810 527.90698242 255 64 64
194.86647034 250.28681946 527.90808105 255 64 64
234.77929688 218.17434692 523.64373779 255 64 64
234.78164673 218.18757629 523.64349365 255 64 64
234.77227783 218.16535950 523.64477539 255 64 64
234.77917480 218.17662048 523.64648438 255 64 64
205.36846924 205.51544189 518.05004883 255 64 64
205.36976624 205.52551270 518.05462646 255 64 64
205.36027527 205.50996399 518.05657959 255 64 64
205.36581421 205.51820374 518.06048584 255 64 64
251.37399292 205.30340576 491.06393433 255 64 64
251.37651062 205.31724548 491.07000732 255 64 64
251.37464905 205.30633545 491.05969238 255 64 64
251.38023376 205.31413269 491.06823730 255 64 64
225.19635010 185.23841858 489.78530884 255 64 64
225.20220947 185.24955750 489.79125977 255 64 64
225.18991089 185.23983765 489.79153442 255 64 64
225.19940186 185.24482727 489.79696655 255 64 64
234.82110596 197.21710205 488.12438965 255 64 64
234.82466125 197.22550964 488.13067627 255 64 64
234.82273865 197.21658325 488.12774658 255 64 64
234.83004761 197.22012329 488.13461304 255 64 64
195.33430481 207.15469360 533.45989990 255 64 64
195.33111572 207.17045593 533.46362305 255 64 64
195.32771301 207.15336609 533.45361328 255 64 64
195.32751465 207.16815186 533.45739746 255 64 64
158.53665161 213.14962769 509.74606323 255 64 64
158.53555298 213.15699768 509.75073242 255 64 64
158.52961731 213.15347290 509.74282837 255 64 64
158.53430176 213.16052246 509.74612427 255 64 64
240.74111938 209.66159058 511.38854980 255 64 64
240.74288940 209.67356873 511.39181519 255 64 64
240.73248291 209.65895081 511.38708496 255 64 64
240.73956299 209.66993713 511.39242554 255 64 64
215.89236450 251.81665039 516.63903809 255 64 64
215.89050293 251.82502747 516.63885498 255 64 64
215.89768982 251.81527710 516.63787842 255 64 64
215.89706421 251.82063293 516.64056396 255 64 64
218.38735962 190.62557983 479.88742065 255 64 64
218.39196777 190.63346863 479.89312744 255 64 64
218.38525391 190.62612915 479.89337158 255 64 64
218.39309692 190.62911987 479.89892578 255 64 64
204.06416321 263.76644897 529.52441406 255 64 64
204.05789185 263.77783203 529.52203369 255 64 64
204.06727600 263.76620483 529.52392578 255 64 64
204.06327820 263.77575684 529.52453613 255 64 64
168.25180054 215.88827515 514.26562500 255 64 64
168.24697876 215.89471436 514.27111816 255 64 64
168.24699402 215.88755798 514.27117920 255 64 64
168.25001526 215.89439392 514.27539062 255 64 64
211.14070129 256.74530029 553.87921143 255 64 64
211.14257812 256.74722290 553.88385010 255 64 64
211.13796997 256.74209595 553.88842773 255 64 64
211.14299011 256.74649048 553.89483643 255 64 64
174.11540222 186.31541443 507.19067383 255 64 64
174.11813354 186.32266235 507.20016479 255 64 64
174.10716248 186.31819153 507.19198608 255 64 64
174.11642456 186.32229614 507.19897461 255 64 64
187.44178772 233.66325378 530.73956299 255 64 64
187.43980408 233.67140198 530.74108887 255 64 64
187.44372559 233.65945435 530.73510742 255 64 64
187.44552612 233.66586304 530.73754883 255 64 64
232.47375488 226.47599792 469.22399902 255 64 64
232.47640991 226.48805237 469.22650146 255 64 64
232.47558594 226.48323059 469.22583008 255 64 64
232.48083496 226.48852539 469.23199463 255 64 64
264.15472412 222.75279236 519.21783447 255 64 64
264.15673828 222.76489258 519.21917725 255 64 64
264.15679932 222.74494934 519.21978760 255 64 64
264.16271973 222.75534058 519.22576904 255 64 64
229.68046570 193.12792969 473.07733154 255 64 64
229.68466187 193.13603210 473.08374023 255 64 64
229.68170166 193.12631226 473.07540894 255 64 64
229.69062805 193.12889099 473.08270264 255 64 64
214.00166321 236.11865234 507.82031250 255 64 64
213.99868774 236.12983704 507.82266235 255 64 64
214.00982666 236.11866760 507.82089233 255 64 64
214.01138306 236.12614441 507.82385254 255 64 64
220.31497192 205.53927612 522.86920166 255 64 64
220.31829834 205.55142212 522.87243652 255 64 64
220.30107117 205.53115845 522.87005615 255 64 64
220.30923462 205.54179382 522.87347412 255 64 64
216.53009033 188.62442017 489.01446533 255 64 64
216.53564453 188.63290405 489.02404785 255 64 64
216.52807617 188.62442017 489.02288818 255 64 64
216.53469849 188.62699890 489.03054810 255 64 64
190.64404297 196.67953491 504.03347778 255 64 64
190.64538574 196.68811035 504.03582764 255 64 64
190.64002991 196.67626953 504.03265381 255 64 64
190.64601135 196.68191528 504.03408813 255 64 64
166.43696594 217.05802917 526.16876221 255 64 64
166.42837524 217.07070923 526.16632080 255 64 64
166.43418884 217.05812073 526.15966797 255 64 64
166.42886353 217.06838989 526.15875244 255 64 64
220.87391663 230.45487976 530.30047607 255 64 64
220.86891174 230.46870422 530.29919434 255 64 64
220.86445618 230.45407104 530.30206299 255 64 64
220.86560059 230.46748352 530.30175781 255 64 64
155.42143250 232.90362549 530.50769043 255 64 64
155.41566467 232.91366577 530.50537109 255 64 64
155.42379761 232.90023804 530.50225830 255 64 64
155.42048645 232.90597534 530.50152588 255 64 64
254.10827637 229.71661377 532.56091309 255 64 64
254.10897827 229.72952271 532.56213379 255 64 64
254.10192871 229.70916748 532.56103516 255 64 64
254.10780334 229.72067261 532.56463623 255 64 64
199.28765869 198.44862366 475.61376953 255 64 64
199.28759766 198.45817566 475.62371826 255 64 64
199.28839111 198.45251465 475.61190796 255 64 64
199.29002380 198.45590210 475.61907959 255 64 64
178.40324402 240.32171631 539.06884766 255 64 64
178.39605713 240.33172607 539.06628418 255 64 64
178.39909363 240.32296753 539.05865479 255 64 64
178.39646912 240.33152771 539.05792236 255 64 64
262.42788696 239.89309692 537.72503662 255 64 64
262.43444824 239.90763855 537.72644043 255 64 64
262.43356323 239.88591003 537.72552490 255 64 64
262.44296265 239.89984131 537.73095703 255 64 64
190.18395996 254.20059204 536.07067871 255 64 64
190.17999268 254.20837402 536.06909180 255 64 64
190.18145752 254.19912720 536.06909180 255 64 64
190.18119812 254.20471191 536.06738281 255 64 64
180.21348572 250.39712524 543.11547852 255 64 64
180.20993042 250.40379333 543.11462402 255 64 64
180.21977234 250.39462280 543.11279297 255 64 64
180.21737671 250.40188599 543.11450195 255 64 64
207.58325195 269.33026123 535.81390381 255 64 64
207.58123779 269.33526611 535.81695557 255 64 64
207.58584595 269.32992554 535.82153320 255 64 64
207.58566284 269.33465576 535.82543945 255 64 64
231.09515381 199.90777588 512.46679688 255 64 64
231.09803772 199.91966248 512.47259521 255 64 64
231.08703613 199.90170288 512.46533203 255 64 64
231.09474182 199.91036987 512.47009277 255 64 64
207.63969421 251.87118530 511.70779419 255 64 64
207.63775635 251.87997437 511.70788574 255 64 64
207.64450073 251.87652588 511.70434570 255 64 64
207.64645386 251.88153076 511.70648193 255 64 64
213.60337830 228.88922119 519.55883789 255 64 64
213.59506226 228.90632629 519.56072998 255 64 64
213.60241699 228.89393616 519.55792236 255 64 64
213.59777832 228.90826416 519.56030273 255 64 64
215.16845703 198.60316467 483.62939453 255 64 64
215.16659546 198.61265564 483.63562012 255 64 64
215.16543579 198.60752869 483.63464355 255 64 64
215.16952515 198.61262512 483.64056396 255 64 64
206.46917725 249.66043091 544.85058594 255 64 64
206.46820068 249.66484070 544.85455322 255 64 64
206.47579956 249.65483093 544.85772705 255 64 64
206.47695923 249.66000366 544.86187744 255 64 64
196.72492981 269.88745117 529.91955566 255 64 64
196.72283936 269.89288330 529.91986084 255 64 64
196.73019409 269.89239502 529.92071533 255 64 64
196.72967529 269.89706421 529.92230225 255 64 64
196.80683899 204.93963623 524.97485352 255 64 64
196.80294800 204.95458984 524.97894287 255 64 64
196.79882812 204.93740845 524.97192383 255 64 64
196.79972839 204.94941711 524.97546387 255 64 64
153.89241028 210.99928284 501.26644897 255 64 64
153.89401245 211.00897217 501.26293945 255 64 64
153.88267517 211.00592041 501.25900269 255 64 64
153.88973999 211.01371765 501.25628662 255 64 64
224.77751160 206.14770508 472.72671509 255 64 64
224.78207397 206.15274048 472.73410034 255 64 64
224.78454590 206.14852905 472.73379517 255 64 64
224.79154968 206.15023804 472.74279785 255 64 64
258.87200928 208.22036743 497.33026123 255 64 64
258.87451172 208.23205566 497.33435059 255 64 64
258.87396240 208.21762085 497.32983398 255 64 64
258.88024902 208.22563171 497.33703613 255 64 64
180.74600220 215.80921936 505.76770020 255 64 64
180.74124146 215.81787109 505.76724243 255 64 64
180.73620605 215.81138611 505.76965332 255 64 64
180.73869324 215.81704712 505.76834106 255 64 64
201.22467041 202.00082397 508.45175171 255 64 64
201.23004150 202.00981140 508.45434570 255 64 64
201.22468567 202.00044250 508.45410156 255 64 64
201.23187256 202.00689697 508.45568848 255 64 64
181.01936340 210.80300903 530.67401123 255 64 64
181.01264954 210.81465149 530.67413330 255 64 64
181.01229858 210.79882812 530.66894531 255 64 64
181.00949097 210.80879211 530.66918945 255 64 64
175.77775574 221.12799072 519.07000732 255 64 64
175.77194214 221.13874817 519.06921387 255 64 64
175.77420044 221.12831116 519.06610107 255 64 64
175.77218628 221.13607788 519.06567383 255 64 64
221.93536377 215.85145569 464.53631592 255 64 64
221.94210815 215.86082458 464.54129028 255 64 64
221.94628906 215.85299683 464.53591919 255 64 64
221.95491028 215.85542297 464.54260254 255 64 64
235.80187988 198.61654663 496.46905518 255 64 64
235.80422974 198.62677002 496.47381592 255 64 64
235.79644775 198.61552429 496.46859741 255 64 64
235.80346680 198.62106323 496.47326660 255 64 64
264.55322266 229.03842163 524.94042969 255 64 64
264.55545044 229.05081177 524.94201660 255 64 64
264.55242920 229.03227234 524.94311523 255 64 64
264.55963135 229.04312134 524.94866943 255 64 64
206.14541626 218.69181824 523.68304443 255 64 64
206.14172363 218.70166016 523.68908691 255 64 64
206.13584900 218.68896484 523.68713379 255 64 64
206.13562012 218.69758606 523.69201660 255 64 64
197.03472900 179.44903564 475.37756348 255 64 64
197.03984070 179.45538330 475.38650513 255 64 64
197.03471375 179.44577026 475.37579346 255 64 64
197.03973389 179.44659424 475.38183594 255 64 64
199.17619324 197.70169067 486.79013062 255 64 64
199.17607117 197.70883179 486.79864502 255 64 64
199.17312622 197.70019531 486.78985596 255 64 64
199.17791748 197.70278931 486.79656982 255 64 64
243.41735840 228.18487549 473.10253906 255 64 64
243.42904663 228.19746399 473.10638428 255 64 64
243.42388916 228.18653870 473.10296631 255 64 64
243.43518066 228.19261169 473.11077881 255 64 64
215.21000671 180.00617981 477.52630615 255 64 64
215.21151733 180.01443481 477.53250122 255 64 64
215.20368958 180.00453186 477.53244019 255 64 64
215.21121216 180.00714111 477.53729248 255 64 64
244.33511353 205.65876770 495.53839111 255 64 64
244.33688354 205.67041016 495.53991699 255 64 64
244.33056641 205.66238403 495.53738403 255 64 64
244.33871460 205.67028809 495.54135132 255 64 64
227.07530212 231.18157959 535.82647705 255 64 64
227.07511902 231.19499207 535.82611084 255 64 64
227.06750488 231.17370605 535.82696533 255 64 64
227.07138062 231.18606567 535.82800293 255 64 64
198.55999756 257.98550415 525.83892822 255 64 64
198.55191040 257.99554443 525.83612061 255 64 64
198.55934143 257.99230957 525.83264160 255 64 64
198.55606079 258.00082397 525.83093262 255 64 64
212.31826782 273.21438599 526.38702393 255 64 64
212.32061768 273.21792603 526.39160156 255 64 64
212.32009888 273.21481323 526.39404297 255 64 64
212.32301331 273.21835327 526.39971924 255 64 64
207.01524353 202.57487488 474.20254517 255 64 64
207.01716614 202.58036804 474.21414185 255 64 64
207.02142334 202.57397461 474.20980835 255 64 64
207.02413940 202.57446289 474.21951294 255 64 64
230.06121826 192.09761047 494.48870850 255 64 64
230.06384277 192.10800171 494.49298096 255 64 64
230.05680847 192.09213257 494.49496460 255 64 64
230.06588745 192.09748840 494.49914551 255 64 64
239.64749146 238.01408386 549.72003174 255 64 64
239.64739990 238.02726746 549.72058105 255 64 64
239.64352417 238.01136780 549.71911621 255 64 64
239.64816284 238.02474976 549.72100830 255 64 64
211.80586243 236.81225586 519.57763672 255 64 64
211.79492188 236.82914734 519.57812500 255 64 64
211.80451965 236.81497192 519.57739258 255 64 64
211.79855347 236.82719421 519.57952881 255 64 64
160.61257935 185.18188477 509.50680542 255 64 64
160.61145020 185.18521118 509.51290894 255 64 64
160.60681152 185.16950989 509.49749756 255 64 64
160.61091614 185.17384338 509.50103760 255 64 64
186.95582581 178.56317139 486.42428589 255 64 64
186.95974731 178.56809998 486.43450928 255 64 64
186.95535278 178.56100464 486.42242432 255 64 64
186.96310425 178.56103516 486.42996216 255 64 64
204.53651428 200.87149048 498.12380981 255 64 64
204.54084778 200.87823486 498.13293457 255 64 64
204.53776550 200.87226868 498.12396240 255 64 64
204.54377747 200.87525940 498.13140869 255 64 64
185.71957397 264.65225220 536.93609619 255 64 64
185.71865845 264.65386963 536.93988037 255 64 64
185.71975708 264.65289307 536.93798828 255 64 64
185.72137451 264.65643311 536.94293213 255 64 64
180.63841248 230.63922119 524.55828857 255 64 64
180.63064575 230.65396118 524.55755615 255 64 64
180.64308167 230.63835144 524.55322266 255 64 64
180.63859558 230.64968872 524.55395508 255 64 64
243.37435913 208.12640381 503.16680908 255 64 64
243.37472534 208.13836670 503.17105103 255 64 64
243.36944580 208.13116455 503.16986084 255 64 64
243.37542725 208.13925171 503.17568970 255 64 64
249.95712280 219.32739258 523.09527588 255 64 64
249.95629883 219.34138489 523.09582520 255 64 64
249.94789124 219.32164001 523.09252930 255 64 64
249.95263672 219.33477783 523.09570312 255 64 64
173.16845703 173.62683105 495.05102539 255 64 64
173.17108154 173.63349915 495.06280518 255 64 64
173.15924072 173.62586975 495.04074097 255 64 64
173.16702271 173.62744141 495.04937744 255 64 64
242.07748413 220.96893311 524.49755859 255 64 64
242.07992554 220.98326111 524.49627686 255 64 64
242.07293701 220.96345520 524.49774170 255 64 64
242.07862854 220.97610474 524.49896240 255 64 64
167.45108032 243.14126587 540.57287598 255 64 64
167.44937134 243.14776611 540.57196045 255 64 64
167.44990540 243.14837646 540.56909180 255 64 64
167.45027161 243.15422058 540.56860352 255 64 64
248.74754333 244.55242920 551.29516602 255 64 64
248.74861145 244.56875610 551.29364014 255 64 64
248.74508667 244.54693604 551.29388428 255 64 64
248.75215149 244.56387329 551.29473877 255 64 64
229.02940369 240.97094727 471.74484253 255 64 64
229.03854370 240.98278809 471.74719238 255 64 64
229.03570557 240.97238159 471.74273682 255 64 64
229.04614258 240.97731018 471.74896240 255 64 64
206.05056763 256.06973267 530.71667480 255 64 64
206.04576111 256.08035278 530.71636963 255 64 64
206.05616760 256.06945801 530.71728516 255 64 64
206.05203247 256.07873535 530.71820068 255 64 64
246.91151428 251.29190063 556.71929932 255 64 64
246.91992188 251.29901123 556.72192383 255 64 64
246.91537476 251.28842163 556.71807861 255 64 64
246.92694092 251.29783630 556.72296143 255 64 64
186.24978638 212.76875305 520.00445557 255 64 64
186.24302673 212.78039551 520.00744629 255 64 64
186.24584961 212.76501465 520.00494385 255 64 64
186.24324036 212.77378845 520.00701904 255 64 64
176.67843628 211.03987122 510.12069702 255 64 64
176.67187500 211.04649353 510.12280273 255 64 64
176.66539001 211.03942871 510.11795044 255 64 64
176.66781616 211.04754639 510.11926270 255 64 64
264.35516357 217.64666748 513.05877686 255 64 64
264.35797119 217.65832520 513.06030273 255 64 64
264.35476685 217.63764954 513.06274414 255 64 64
264.36148071 217.64773560 513.06817627 255 64 64
190.80355835 214.82589722 525.62231445 255 64 64
190.79867554 214.83911133 525.62329102 255 64 64
190.79199219 214.82464600 525.61828613 255 64 64
190.79156494 214.83558655 525.62060547 255 64 64
212.78602600 205.17121887 518.85028076 255 64 64
212.78472900 205.18345642 518.85375977 255 64 64
212.77337646 205.16357422 518.85198975 255 64 64
212.77862549 205.17361450 518.85534668 255 64 64
168.62506104 236.55908203 536.64660645 255 64 64
168.62158203 236.56869507 536.64422607 255 64 64
168.62606812 236.55834961 536.63439941 255 64 64
168.62495422 236.56507874 536.63391113 255 64 64
226.05194092 194.73077393 509.19885254 255 64 64
226.05728149 194.74124146 509.20663452 255 64 64
226.04553223 194.72807312 509.19604492 255 64 64
226.05371094 194.73364258 509.20217896 255 64 64
187.45220947 197.63526917 514.41009521 255 64 64
187.45004272 197.64564514 514.41485596 255 64 64
187.44593811 197.63224792 514.41180420 255 64 64
187.44914246 197.63967896 514.41528320 255 64 64
221.88090515 220.85810852 528.95019531 255 64 64
221.87757874 220.87438965 528.94946289 255 64 64
221.87196350 220.85723877 528.94866943 255 64 64
221.87429810 220.87181091 528.94891357 255 64 64
238.07714844 230.10639954 539.77270508 255 64 64
238.07745361 230.12051392 539.77227783 255 64 64
238.06782532 230.10186768 539.77282715 255 64 64
238.07421875 230.11544800 539.77526855 255 64 64
237.34700012 212.21702576 520.04699707 255 64 64
237.34509277 212.23214722 520.04956055 255 64 64
237.33227539 212.21513367 520.04205322 255 64 64
237.33694458 212.22871399 520.04730225 255 64 64
220.55876160 271.71020508 538.37951660 255 64 64
220.56260681 271.71228027 538.38360596 255 64 64
220.56076050 271.70574951 538.38763428 255 64 64
220.56713867 271.70944214 538.39459229 255 64 64
230.33944702 216.21670532 468.89379883 255 64 64
230.34274292 216.22676086 468.90039062 255 64 64
230.34629822 216.22201538 468.89480591 255 64 64
230.35205078 216.22634888 468.90170288 255 64 64
232.06205750 253.13623047 560.70312500 255 64 64
232.06800842 253.14222717 560.70501709 255 64 64
232.06329346 253.13502502 560.70672607 255 64 64
232.07191467 253.14292908 560.71063232 255 64 64
170.36837769 194.86485291 515.98132324 255 64 64
170.36227417 194.86740112 515.98687744 255 64 64
170.36119080 194.85269165 515.97979736 255 64 64
170.36300659 194.85774231 515.98217773 255 64 64
216.16665649 241.36022949 548.82196045 255 64 64
216.16250610 241.37263489 548.82153320 255 64 64
216.16275024 241.35659790 548.82318115 255 64 64
216.16253662 241.36979675 548.82409668 255 64 64
154.12066650 228.43045044 508.03363037 255 64 64
154.11834717 228.43901062 508.02185059 255 64 64
154.11274719 228.43254089 508.02728271 255 64 64
154.11669922 228.43626404 508.01885986 255 64 64
222.87063599 183.21200562 477.04199219 255 64 64
222.87832642 183.21908569 477.05108643 255 64 64
222.87037659 183.20800781 477.04504395 255 64 64
222.87933350 183.20918274 477.05261230 255 64 64
236.07400513 206.74768066 469.33020020 255 64 64
236.08172607 206.75765991 469.33270264 255 64 64
236.07876587 206.75103760 469.33233643 255 64 64
236.08880615 206.75521851 469.33721924 255 64 64
173.23027039 227.94584656 518.37786865 255 64 64
173.22140503 227.95693970 518.37371826 255 64 64
173.22766113 227.94564819 518.37542725 255 64 64
173.22430420 227.95271301 518.37322998 255 64 64
174.71202087 215.59436035 529.08331299 255 64 64
174.70523071 215.60443115 529.08374023 255 64 64
174.70628357 215.59095764 529.07733154 255 64 64
174.70353699 215.59933472 529.07800293 255 64 64
164.30793762 213.62190247 499.69149780 255 64 64
164.30657959 213.63056946 499.69104004 255 64 64
164.30023193 213.63008118 499.68386841 255 64 64
164.30683899 213.63795471 499.68399048 255 64 64
189.93005371 215.95536804 510.68579102 255 64 64
189.92250061 215.96809387 510.68707275 255 64 64
189.92414856 215.95387268 510.68850708 255 64 64
189.92257690 215.96269226 510.68981934 255 64 64
159.80035400 220.91487122 527.92590332 255 64 64
159.79600525 220.92361450 527.92639160 255 64 64
159.80235291 220.91319275 527.92053223 255 64 64
159.79943848 220.92024231 527.92211914 255 64 64
205.38333130 256.97085571 520.27850342 255 64 64
205.37997437 256.97891235 520.27770996 255 64 64
205.38662720 256.97100830 520.27691650 255 64 64
205.38607788 256.97711182 520.27832031 255 64 64
222.51943970 234.90715027 543.09814453 255 64 64
222.51649475 234.92001343 543.09710693 255 64 64
222.51174927 234.90270996 543.09667969 255 64 64
222.51309204 234.91479492 543.09857178 255 64 64
185.18482971 194.06050110 507.50866699 255 64 64
185.18605042 194.07000732 507.51446533 255 64 64
185.18122864 194.05747986 507.50344849 255 64 64
185.18682861 194.06382751 507.50674438 255 64 64
246.39123535 238.71940613 548.19836426 255 64 64
246.39054871 238.73457336 548.19750977 255 64 64
246.38824463 238.71298218 548.19433594 255 64 64
246.39164734 238.72821045 548.19653320 255 64 64
252.10760498 215.05233765 517.22717285 255 64 64
252.10546875 215.06425476 517.23065186 255 64 64
252.09860229 215.04962158 517.22381592 255 64 64
252.10397339 215.06048584 517.22949219 255 64 64
218.02966309 239.33679199 515.08276367 255 64 64
218.02351379 239.34870911 515.08496094 255 64 64
218.03071594 239.33706665 515.08514404 255 64 64
218.02920532 239.34648132 515.08685303 255 64 64
215.12194824 230.56854248 513.06402588 255 64 64
215.11517334 230.58055115 513.06677246 255 64 64
215.12197876 230.56860352 513.06555176 255 64 64
215.12008667 230.57736206 513.06835938 255 64 64
220.21020508 179.62661743 482.25698853 255 64 64
220.21548462 179.63290405 482.26586914 255 64 64
220.20492554 179.62683105 482.26464844 255 64 64
220.21392822 179.62792969 482.27246094 255 64 64
179.62495422 185.23532104 500.81497192 255 64 64
179.62779236 185.24121094 500.82556152 255 64 64
179.62351990 185.23243713 500.81256104 255 64 64
179.63253784 185.23449707 500.82049561 255 64 64
175.62828064 219.62985229 503.24023438 255 64 64
175.62623596 219.63812256 503.23709106 255 64 64
175.61856079 219.63327026 503.23721313 255 64 64
175.62405396 219.63786316 503.23431396 255 64 64
152.83979797 211.76129150 528.97857666 255 64 64
152.83139038 211.77337646 528.97833252 255 64 64
152.83494568 211.76344299 528.97119141 255 64 64
152.83168030 211.77192688 528.97265625 255 64 64
224.21707153 190.02703857 470.40423584 255 64 64
224.22642517 190.03535461 470.40713501 255 64 64
224.21472168 190.02824402 470.40917969 255 64 64
224.22662354 190.03102112 470.41384888 255 64 64
207.08526611 205.07012939 467.87805176 255 64 64
207.08592224 205.07960510 467.88681030 255 64 64
207.08976746 205.07147217 467.87527466 255 64 64
207.09123230 205.07553101 467.88281250 255 64 64
201.57319641 209.30795288 527.96057129 255 64 64
201.57250977 209.32023621 527.96539307 255 64 64
201.56802368 209.30189514 527.96362305 255 64 64
201.57135010 209.31159973 527.96777344 255 64 64
193.26954651 233.42268372 520.47515869 255 64 64
193.26307678 233.43579102 520.47399902 255 64 64
193.27229309 233.42280579 520.47027588 255 64 64
193.26821899 233.43203735 520.47106934 255 64 64
218.79908752 225.61235046 523.77728271 255 64 64
218.79418945 225.62448120 523.77728271 255 64 64
218.78895569 225.61245728 523.77752686 255 64 64
218.79078674 225.62370300 523.77838135 255 64 64
216.66976929 245.17709351 518.20251465 255 64 64
216.66851807 245.18502808 518.20672607 255 64 64
216.66802979 245.17562866 518.20471191 255 64 64
216.66995239 245.18150330 518.20989990 255 64 64
236.26162720 204.25997925 512.41741943 255 64 64
236.26310730 204.27140808 512.42175293 255 64 64
236.25184631 204.25929260 512.42144775 255 64 64
236.25845337 204.26831055 512.42633057 255 64 64
213.61868286 271.68243408 532.83062744 255 64 64
213.62173462 271.68588257 532.83215332 255 64 64
213.62106323 271.68096924 532.83905029 255 64 64
213.62524414 271.68484497 532.84277344 255 64 64
202.21801758 204.95442200 463.08959961 255 64 64
202.21937561 204.96435547 463.09985352 255 64 64
202.22468567 204.95265198 463.08996582 255 64 64
202.22605896 204.95603943 463.09799194 255 64 64
211.19845581 256.46813965 515.39642334 255 64 64
211.19618225 256.47695923 515.39501953 255 64 64
211.21267700 256.46942139 515.39404297 255 64 64
211.21292114 256.47528076 515.39520264 255 64 64
242.62242126 209.74693298 471.24313354 255 64 64
242.62950134 209.75578308 471.24865723 255 64 64
242.62673950 209.75125122 471.24438477 255 64 64
242.63781738 209.75328064 471.25134277 255 64 64
179.18028259 190.63549805 507.89508057 255 64 64
179.18228149 190.64367676 507.90164185 255 64 64
179.17381287 190.63665771 507.89440918 255 64 64
179.18254089 190.64193726 507.89935303 255 64 64
174.53628540 199.31239319 519.80944824 255 64 64
174.53150940 199.32177734 519.81738281 255 64 64
174.52688599 199.31716919 519.81298828 255 64 64
174.52906799 199.32472229 519.81787109 255 64 64
200.83531189 221.39421082 517.25378418 255 64 64
200.82885742 221.40858459 517.25488281 255 64 64
200.83599854 221.39442444 517.25115967 255 64 64
200.83425903 221.40539551 517.25305176 255 64 64
192.66073608 225.35940552 511.26232910 255 64 64
192.65606689 225.37107849 511.26010132 255 64 64
192.66168213 225.35797119 511.25814819 255 64 64
192.66108704 225.36584473 511.25726318 255 64 64
250.41798401 210.57275391 509.79055786 255 64 64
250.42013550 210.58337402 509.79522705 255 64 64
250.41012573 210.57116699 509.79125977 255 64 64
250.41654968 210.57916260 509.79861450 255 64 64
248.87844849 231.59562683 536.25805664 255 64 64
248.88102722 231.60847473 536.25866699 255 64 64
248.87719727 231.58654785 536.26306152 255 64 64
248.88342285 231.59985352 536.26513672 255 64 64
196.96926880 213.06086731 536.16790771 255 64 64
196.96876526 213.07429504 536.17132568 255 64 64
196.96054077 213.05783081 536.16479492 255 64 64
196.96241760 213.06997681 536.16906738 255 64 64
192.84158325 191.24746704 485.41320801 255 64 64
192.84217834 191.25515747 485.41989136 255 64 64
192.83963013 191.24792480 485.41119385 255 64 64
192.84346008 191.25044250 485.41613770 255 64 64
226.63911438 224.22612000 466.38739014 255 64 64
226.64634705 224.23689270 466.39343262 255 64 64
226.64968872 224.23077393 466.38830566 255 64 64
226.65921021 224.23510742 466.39633179 255 64 64
160.47116089 238.45196533 532.28997803 255 64 64
160.46340942 238.46507263 532.28668213 255 64 64
160.47650146 238.45483398 532.28082275 255 64 64
160.47091675 238.46577454 532.27972412 255 64 64
223.21836853 238.06408691 548.82733154 255 64 64
223.21914673 238.07545471 548.82830811 255 64 64
223.21228027 238.05895996 548.82763672 255 64 64
223.21646118 238.07133484 548.82934570 255 64 64
156.20379639 207.16331482 508.35824585 255 64 64
156.20373535 207.17088318 508.36138916 255 64 64
156.19757080 207.16624451 508.35696411 255 64 64
156.20394897 207.17242432 508.35971069 255 64 64
152.05453491 222.19648743 507.81033325 255 64 64
152.05096436 222.20469666 507.80279541 255 64 64
152.04483032 222.20016479 507.80743408 255 64 64
152.04603577 222.20405579 507.80245972 255 64 64
260.10504150 230.87139893 530.19604492 255 64 64
260.10760498 230.88577271 530.19439697 255 64 64
260.10433960 230.86082458 530.19610596 255 64 64
260.11193848 230.87413025 530.19818115 255 64 64
192.63850403 194.24952698 493.40609741 255 64 64
192.64010620 194.25778198 493.41360474 255 64 64
192.63505554 194.25073242 493.40698242 255 64 64
192.64022827 194.25445557 493.41217041 255 64 64
250.26480103 206.45611572 498.17318726 255 64 64
250.26550293 206.47029114 498.17471313 255 64 64
250.25724792 206.45748901 498.17306519 255 64 64
250.26397705 206.46769714 498.17773438 255 64 64
181.47341919 223.62054443 517.08215332 255 64 64
181.46784973 223.63113403 517.08337402 255 64 64
181.46974182 223.61909485 517.07702637 255 64 64
181.46714783 223.62696838 517.07891846 255 64 64
261.76660156 212.55551147 505.04904175 255 64 64
261.76959229 212.56613159 505.05410767 255 64 64
261.76306152 212.54774475 505.05181885 255 64 64
261.76882935 212.55531311 505.05911255 255 64 64
154.60202026 225.17269897 529.60644531 255 64 64
154.59628296 225.18312073 529.60479736 255 64 64
154.60516357 225.17213440 529.60046387 255 64 64
154.60270691 225.17904663 529.60125732 255 64 64
165.05149841 204.58810425 524.52447510 255 64 64
165.04431152 204.60131836 524.52087402 255 64 64
165.04742432 204.59385681 524.51495361 255 64 64
165.04351807 204.60430908 524.51159668 255 64 64
171.81755066 203.53813171 524.30792236 255 64 64
171.80836487 203.55192566 524.30517578 255 64 64
171.81303406 203.54528809 524.29833984 255 64 64
171.80741882 203.55751038 524.29522705 255 64 64
160.65800476 198.64915466 519.57482910 255 64 64
160.65121460 198.66113281 519.57263184 255 64 64
160.65173340 198.65440369 519.57171631 255 64 64
160.65075684 198.66349792 519.56890869 255 64 64
219.80601501 213.46159363 528.62072754 255 64 64
219.80613708 213.47724915 528.62188721 255 64 64
219.79711914 213.45669556 528.62243652 255 64 64
219.80056763 213.47053528 528.62329102 255 64 64
231.98472595 245.07653809 555.26354980 255 64 64
231.98831177 245.08865356 555.26293945 255 64 64
231.98211670 245.07496643 555.26287842 255 64 64
231.98989868 245.08866882 555.26422119 255 64 64
180.19494629 230.30804443 518.17266846 255 64 64
180.18722534 230.31909180 518.16998291 255 64 64
180.19319153 230.30805969 518.16064453 255 64 64
180.18955994 230.31544495 518.15966797 255 64 64
175.20831299 229.87065125 529.07299805 255 64 64
175.19979858 229.88488770 529.07037354 255 64 64
175.20970154 229.87019348 529.06439209 255 64 64
175.20391846 229.88104248 529.06396484 255 64 64
210.97653198 238.68080139 538.11065674 255 64 64
210.97109985 238.69233704 538.11328125 255 64 64
210.97354126 238.67904663 538.11102295 255 64 64
210.97032166 238.68980408 538.11309814 255 64 64
158.74653625 214.79653931 529.28680420 255 64 64
158.73806763 214.80775452 529.28649902 255 64 64
158.74540710 214.79833984 529.27722168 255 64 64
158.74050903 214.80651855 529.27832031 255 64 64
202.19158936 238.48834229 521.20178223 255 64 64
202.18389893 238.50105286 521.20275879 255 64 64
202.19277954 238.48626709 521.20043945 255 64 64
202.18983459 238.49656677 521.20141602 255 64 64
307.56399536 237.02299500 494.67797852 64 255 128
90.51975250 166.85215759 491.84204102 64 255 128
171.51472473 282.40893555 510.33990479 64 255 128
208.04421997 176.84013367 453.82839966 64 255 128
130.80723572 233.46618652 437.85827637 64 255 128
251.36700439 259.32897949 561.33996582 64 255 128
167.70298767 200.15611267 520.61303711 64 255 128
135.90153503 149.65603638 422.96847534 64 255 128
229.11199951 245.70800781 473.66397095 64 255 128
111.32627106 240.35244751 504.77426147 64 255 128
147.80023193 136.37564087 485.28723145 64 255 128
191.28436279 235.39561462 439.53967285 64 255 128
256.69900513 217.40399170 518.60998535 64 255 128
167.81233215 192.71693420 420.26116943 64 255 128
206.62396240 242.61907959 522.99542236 64 255 128
108.31848145 186.72201538 446.94009399 64 255 128
180.92884827 133.71641541 446.10778809 64 255 128
269.74499512 206.47000122 471.32299805 64 255 128
139.74531555 257.61080933 542.51861572 64 255 128
256.52911377 266.80386353 508.89337158 64 255 128
214.12600708 198.15798950 503.57998657 64 255 128
156.67868042 264.31945801 465.08145142 64 255 128
92.29946899 202.59950256 523.21807861 64 255 128
287.83599854 256.59600830 537.81799316 64 255 128
111.49339294 146.17245483 460.13623047 64 255 128
132.22447205 171.15336609 507.36981201 64 255 128
179.92002869 164.76338196 482.89474487 64 255 128
196.05462646 265.99078369 477.79153442 64 255 128
97.02033997 204.79507446 481.35534668 64 255 128
151.41149902 231.12519836 499.31881714 64 255 128
130.45161438 216.02984619 529.60772705 64 255 128
209.37699890 210.39498901 462.69500732 64 255 128
135.41627502 269.23254395 498.92575073 64 255 128
216.32461548 275.52981567 508.21334839 64 255 128
178.06797791 262.39285278 542.79022217 64 255 128
268.18002319 242.58099365 481.84698486 64 255 128
123.13722229 247.65406799 472.14535522 64 255 128
146.37530518 129.29191589 450.75750732 64 255 128
235.40798950 232.51600647 543.38903809 64 255 128
134.28710938 199.10826111 426.34204102 64 255 128
164.59057617 232.44779968 531.91357422 64 255 128
183.58433533 163.65805054 430.39691162 64 255 128
163.16340637 227.16246033 424.60601807 64 255 128
224.28854370 271.00405884 542.39916992 64 255 128
115.14456940 142.54685974 493.39846802 64 255 128
195.35751343 202.81706238 438.07958984 64 255 128
238.19500732 202.95600891 480.25900269 64 255 128
112.41291809 216.34606934 457.00231934 64 255 128
282.37500000 235.20300293 515.81799316 64 255 128
183.05372620 221.11706543 506.74569702 64 255 128
212.92700195 212.50399780 529.99798584 64 255 128
209.44857788 244.18237305 461.00323486 64 255 128
116.25074768 241.42453003 533.01495361 64 255 128
220.21025085 179.62603760 482.26687622 64 255 128
174.09892273 136.21975708 473.80612183 64 255 128
262.43600464 239.89900208 537.73101807 64 255 128
159.95004272 170.83975220 501.13558960 64 255 128
295.14300537 215.79100037 479.59399414 64 255 128
117.53387451 192.71034241 516.51226807 64 255 128
196.89636230 194.86434937 478.96319580 64 255 128
121.79490662 173.43257141 426.14138794 64 255 128
156.99438477 167.74192810 419.13452148 64 255 128
155.73004150 249.13993835 439.91641235 64 255 128
184.35949707 190.44889832 501.14184570 64 255 128
195.08862305 151.00950623 462.45428467 64 255 128
182.39572144 256.90988159 454.56289673 64 255 128
161.46493530 141.81250000 428.59118652 64 255 128
283.15600586 257.66598511 500.48202515 64 255 128
213.00299072 249.03300476 552.26000977 64 255 128
236.36018372 266.80920410 490.96084595 64 255 128
97.90447235 170.15586853 464.77441406 64 255 128
272.47802734 212.77799988 497.16201782 64 255 128
172.56497192 272.91958618 484.37899780 64 255 128
147.97111511 272.50344849 522.45269775 64 255 128
253.69924927 266.49862671 536.15051270 64 255 128
249.50500488 225.24000549 473.79101562 64 255 128
108.50694275 228.84106445 479.87115479 64 255 128
198.35083008 274.58364868 527.89581299 64 255 128
233.83100891 206.35800171 517.76501465 64 255 128
193.53355408 279.15167236 498.84191895 64 255 128
87.76746368 192.95719910 501.03897095 64 255 128
99.60732269 218.09173584 505.93722534 64 255 128
124.92526245 257.54989624 516.88677979 64 255 128
217.38047791 264.77005005 480.83129883 64 255 128
106.79528809 172.32379150 508.22174072 64 255 128
126.63131714 132.26643372 475.67047119 64 255 128
151.13839722 207.73297119 502.64089966 64 255 128
141.07862854 191.79002380 517.52667236 64 255 128
298.11401367 252.10699463 517.46704102 64 255 128
126.35327911 139.24000549 443.71795654 64 255 128
111.00098419 163.73457336 443.62234497 64 255 128
138.22888184 253.92654419 453.62179565 64 255 128
104.37447357 220.89375305 529.36926270 64 255 128
229.13200378 260.29501343 564.22100830 64 255 128
226.64999390 224.23399353 466.39599609 64 255 128
236.00738525 271.32351685 518.21508789 64 255 128
142.18415833 236.31999207 537.22247314 64 255 128
187.17926025 185.18675232 430.37225342 64 255 128
250.26100159 206.46398926 498.18099976 64 255 128
272.40960693 264.30715942 523.67175293 64 255 128
140.35937500 153.21972656 497.38235474 64 255 128
161.39768982 153.45512390 486.74072266 64 255 128
167.78256226 277.03259277 530.91070557 64 255 128
197.40193176 174.05714417 476.37399292 64 255 128
141.24331665 218.95532227 424.85165405 64 255 128
270.66101074 258.78097534 551.74499512 64 255 128
179.99523926 213.49945068 426.13925171 64 255 128
249.19000244 253.61401367 479.88900757 64 255 128
101.27103424 152.13766479 477.97741699 64 255 128
152.83030701 211.76779175 528.97790527 64 255 128
138.26657104 262.50726318 474.69158936 64 255 128
205.88481140 221.00871277 447.02108765 64 255 128
118.80517578 204.47596741 439.79541016 64 255 128
289.42297363 236.12100220 484.41601562 64 255 128
98.10692596 190.84146118 465.37689209 64 255 128
158.66313171 251.64013672 535.23321533 64 255 128
155.35067749 277.30090332 498.20898438 64 255 128
123.80064392 253.68302917 491.94952393 64 255 128
188.26873779 215.14680481 532.77752686 64 255 128
158.38000488 125.33402252 466.94219971 64 255 128
191.17755127 255.74418640 528.73870850 64 255 128
139.63146973 179.16162109 418.68432617 64 255 128
185.68020630 236.33172607 534.54998779 64 255 128
197.62477112 162.07411194 444.43524170 64 255 128
225.13400269 194.31999207 468.26602173 64 255 128
120.42317963 234.23721313 457.82559204 64 255 128
274.42800903 224.02699280 478.53298950 64 255 128
227.12400818 225.14801025 525.88897705 64 255 128
220.78053284 242.45611572 509.55612183 64 255 128
230.05999756 192.10000610 494.49600220 64 255 128
205.65499878 225.37800598 517.05200195 64 255 128
174.38238525 245.50965881 439.73809814 64 255 128
203.03131104 194.77047729 454.97235107 64 255 128
165.23997498 220.64524841 510.93292236 64 255 128
159.01570129 209.69990540 419.79504395 64 255 128
264.41601562 259.86999512 493.17498779 64 255 128
215.16198730 198.60800171 483.63699341 64 255 128
90.63146973 183.68592834 484.43966675 64 255 128
196.79899597 204.94300842 524.97399902 64 255 128
119.89115906 157.79273987 503.02249146 64 255 128
144.42356873 135.77394104 431.82839966 64 255 128
89.71253204 177.89308167 511.06042480 64 255 128
163.43035889 129.97012329 442.30853271 64 255 128
286.83297729 225.67999268 499.00201416 64 255 128
248.74499512 244.55499268 551.29602051 64 255 128
217.62500000 234.70899963 537.90100098 64 255 128
102.83287048 153.60855103 500.16165161 64 255 128
244.67599487 224.90899658 529.09600830 64 255 128
156.15824890 267.58151245 541.61273193 64 255 128
169.64311218 186.30096436 509.09286499 64 255 128
146.92674255 234.94497681 428.35803223 64 255 128
180.75027466 266.56640625 470.56842041 64 255 128
196.18981934 246.96890259 452.13449097 64 255 128
179.76785278 147.45368958 434.58239746 64 255 128
231.98400879 245.07800293 555.26898193 64 255 128
121.35056305 156.98480225 430.80520630 64 255 128
240.73793030 266.92715454 547.70147705 64 255 128
255.86100769 202.51300049 480.58398438 64 255 128
120.38146973 190.20944214 430.31817627 64 255 128
172.47151184 176.59944153 421.80697632 64 255 128
178.37365723 229.90893555 431.23062134 64 255 128
114.74076080 208.11871338 523.24243164 64 255 128
153.60983276 270.43157959 480.50708008 64 255 128
219.17695618 273.66738892 524.44635010 64 255 128
168.73184204 156.39811707 424.82589722 64 255 128
214.98802185 227.68495178 459.07781982 64 255 128
211.20185852 256.46606445 515.39813232 64 255 128
187.76162720 280.51232910 515.16235352 64 255 128
191.22317505 219.31025696 435.97918701 64 255 128
271.14401245 222.98500061 512.47698975 64 255 128
127.54119873 217.38214111 435.41760254 64 255 128
139.83592224 128.68605042 466.08981323 64 255 128
187.04435730 230.76933289 519.84277344 64 255 128
182.77424622 150.32864380 473.31164551 64 255 128
166.63607788 258.36535645 452.42773438 64 255 128
173.17399597 244.89372253 540.47851562 64 255 128
151.42071533 190.95916748 420.74197388 64 255 128
153.20426941 183.38574219 509.55902100 64 255 128
108.28553009 232.54438782 518.56958008 64 255 128
133.13104248 139.31857300 491.18838501 64 255 128
216.07199097 265.16000366 554.88098145 64 255 128
174.32615662 126.53560638 460.78186035 64 255 128
217.64099121 182.41999817 497.98101807 64 255 128
239.09600830 213.97599792 468.63800049 64 255 128
198.80351257 181.51580811 441.15454102 64 255 128
197.70100403 199.15899658 502.20901489 64 255 128
275.90499878 241.89999390 529.31396484 64 255 128
126.61016083 253.70251465 533.03924561 64 255 128
206.30694580 273.57873535 492.33947754 64 255 128
187.94808960 135.84442139 460.12927246 64 255 128
280.71902466 206.76000977 482.57897949 64 255 128
193.40165710 146.35791016 447.49197388 64 255 128
102.66778564 188.16606140 513.27703857 64 255 128
106.54812622 227.15733337 495.21548462 64 255 128
201.16390991 256.73562622 466.05044556 64 255 128
103.50307465 207.52987671 467.61972046 64 255 128
297.55700684 248.58699036 497.60299683 64 255 128
173.16595459 173.63540649 495.05038452 64 255 128
202.23147583 165.68687439 462.52459717 64 255 128
151.14263916 151.66609192 420.54528809 64 255 128
127.79298401 231.13693237 534.18164062 64 255 128
216.17453003 252.38574219 471.70422363 64 255 128
264.55499268 229.04299927 524.94799805 64 255 128
223.72799683 209.52301025 469.70199585 64 255 128
141.02844238 245.72579956 438.65521240 64 255 128
113.49421692 240.39784241 489.69033813 64 255 128
111.78133392 140.83143616 478.53982544 64 255 128
183.52412415 275.80740356 534.47674561 64 255 128
243.88598633 240.83399963 473.50601196 64 255 128
219.15100098 202.52799988 518.93298340 64 255 128
107.08293915 199.88671875 454.54562378 64 255 128
124.18840027 135.58996582 458.29769897 64 255 128
286.85299683 262.17999268 518.37597656 64 255 128
206.25665283 205.42060852 452.88372803 64 255 128
186.95343018 178.56755066 486.42800903 64 255 128
271.51416016 262.86737061 508.79724121 64 255 128
220.32980347 271.56710815 493.80950928 64 255 128
133.32978821 202.86570740 523.38494873 64 255 128
91.48886871 205.92256165 508.29135132 64 255 128
299.90197754 225.15399170 490.24298096 64 255 128
208.59913635 266.56509399 541.48516846 64 255 128
184.13934326 199.58602905 428.92617798 64 255 128
235.33038330 271.52273560 533.12896729 64 255 128
115.49645996 245.57101440 517.85223389 64 255 128
136.38563538 268.73727417 514.29675293 64 255 128
141.16064453 162.28038025 418.24484253 64 255 128
187.37649536 273.50515747 486.85202026 64 255 128
136.75247192 262.82028198 527.89794922 64 255 128
249.86199951 266.32501221 495.57901001 64 255 128
202.27760315 277.99517822 512.45983887 64 255 128
104.64157104 160.34509277 456.41418457 64 255 128
267.93099976 263.39654541 537.76745605 64 255 128
112.53861237 177.16567993 436.76077271 64 255 128
143.26504517 222.87232971 530.88323975 64 255 128
249.36000061 234.62001038 540.99401855 64 255 128
166.42567444 217.06417847 526.16802979 64 255 128
157.81576538 279.37609863 513.47656250 64 255 128
200.95237732 183.33058167 466.61535645 64 255 128
164.99180603 239.35809326 431.46286011 64 255 128
218.83401489 238.68212891 467.29293823 64 255 128
146.78614807 165.64187622 502.24493408 64 255 128
179.67445374 279.78814697 497.32022095 64 255 128
238.20201111 202.37300110 504.87698364 64 255 128
230.02900696 258.66699219 479.31201172 64 255 128
261.65100098 217.28199768 475.59500122 64 255 128
120.34052277 180.43530273 510.11080933 64 255 128
295.07299805 239.56500244 508.14599609 64 255 128
159.65467834 134.09147644 478.47879028 64 255 128
120.65531921 223.77822876 448.44531250 64 255 128
205.78384399 234.13485718 451.53741455 64 255 128
145.93350220 205.25839233 422.81341553 64 255 128
280.33200073 246.70500183 487.20101929 64 255 128
151.58186340 257.48541260 454.16561890 64 255 128
230.82463074 271.66857910 503.21484375 64 255 128
202.08799744 201.69999695 470.55700684 64 255 128
93.49459839 204.90899658 494.66818237 64 255 128
87.64381409 192.61306763 514.83538818 64 255 128
116.86162567 149.03845215 445.94354248 64 255 128
130.29760742 244.57917786 447.23507690 64 255 128
262.02200317 248.35600281 549.17596436 64 255 128
206.21775818 237.56109619 508.68643188 64 255 128
191.88040161 160.92164612 471.69812012 64 255 128
94.72695923 166.27102661 505.55731201 64 255 128
115.57128906 235.60711670 470.59802246 64 255 128
171.42515564 213.21025085 503.49349976 64 255 128
226.04798889 194.73699951 509.20199585 64 255 128
276.10498047 250.95999146 541.79504395 64 255 128
257.03100586 236.27301025 476.06997681 64 255 128
249.44874573 268.64553833 520.36322021 64 255 128
93.53332520 171.01751709 477.51220703 64 255 128
287.61499023 246.92399597 525.04199219 64 255 128
107.53332520 220.05548096 469.19711304 64 255 128
125.80474091 259.72546387 503.86071777 64 255 128
142.62796021 269.85955811 487.68234253 64 255 128
117.62798309 222.03080750 531.14373779 64 255 128
261.76599121 212.55999756 505.05502319 64 255 128
173.22381592 227.94648743 518.37756348 64 255 128
131.64793396 244.16130066 540.50634766 64 255 128
287.14498901 215.96499634 490.08599854 64 255 128
102.37836456 216.14318848 485.08834839 64 255 128
160.19042969 181.25318909 419.57907104 64 255 128
258.58398438 263.35498047 550.31402588 64 255 128
96.06078339 214.10067749 518.63452148 64 255 128
172.85803223 153.64448547 481.64688110 64 255 128
164.96043396 268.54034424 474.88677979 64 255 128
186.87696838 251.22251892 540.25457764 64 255 128
126.30178070 247.23527527 459.24414062 64 255 128
190.84364319 173.26635742 435.34005737 64 255 128
263.98400879 206.93699646 489.59298706 64 255 128
215.95899963 231.28401184 524.82800293 64 255 128
244.05500793 215.57398987 518.85803223 64 255 128
207.87747192 261.53533936 475.68054199 64 255 128
207.34100342 203.47599792 512.94000244 64 255 128
223.21200562 238.06298828 548.82696533 64 255 128
185.97937012 246.03642273 444.50802612 64 255 128
132.69908142 262.29043579 485.93603516 64 255 128
96.68038940 156.12731934 489.36511230 64 255 128
149.94667053 148.25344849 489.46527100 64 255 128
126.27342224 148.19532776 498.11505127 64 255 128
236.88600159 230.70199585 471.12799072 64 255 128
131.27040100 143.43399048 432.78616333 64 255 128
129.09388733 161.93559265 421.86499023 64 255 128
229.88000488 190.35099792 482.15499878 64 255 128
163.69270325 125.43894196 453.87350464 64 255 128
154.59141541 201.05969238 522.23895264 64 255 128
192.83654785 191.25445557 485.41452026 64 255 128
239.82299805 254.81599426 561.11901855 64 255 128
180.39434814 213.89498901 517.96173096 64 255 128
144.93208313 275.17761230 508.19873047 64 255 128
138.84504700 129.70417786 480.00692749 64 255 128
174.29139709 203.76922607 421.91189575 64 255 128
153.58316040 239.59899902 533.33544922 64 255 128
239.36599731 203.80499268 492.46298218 64 255 128
152.05223083 222.20098877 507.80599976 64 255 128
173.18513489 263.35842896 461.29489136 64 255 128
197.00717163 216.10552979 518.70538330 64 255 128
204.92358398 246.45195007 535.51696777 64 255 128
250.41299438 210.58000183 509.79696655 64 255 128
188.85719299 154.84606934 438.17074585 64 255 128
104.15312958 199.38928223 517.72912598 64 255 128
201.35842896 192.93687439 442.59240723 64 255 128
106.18877411 228.17388916 507.52853394 64 255 128
118.69843292 250.07954407 503.25225830 64 255 128
190.87809753 259.26623535 463.10171509 64 255 128
180.53097534 198.13468933 517.10180664 64 255 128
165.29937744 144.71623230 479.05072021 64 255 128
131.09931946 255.02586365 467.48376465 64 255 128
198.34220886 252.16949463 517.95654297 64 255 128
105.83267212 173.68022156 448.02459717 64 255 128
167.11244202 279.28216553 498.82589722 64 255 128
226.02200317 213.28300476 526.90100098 64 255 128
151.39170837 129.53450012 439.21994019 64 255 128
134.94778442 132.13011169 452.81405640 64 255 128
218.45806885 185.02825928 471.61132812 64 255 128
293.13098145 256.47399902 506.81103516 64 255 128
131.72666931 187.04556274 422.93865967 64 255 128
119.89830780 169.60112000 505.09832764 64 255 128
133.95913696 182.58325195 513.15478516 64 255 128
155.54083252 159.01834106 495.25137329 64 255 128
285.70397949 225.22099304 481.41198730 64 255 128
87.01387787 181.45280457 499.13818359 64 255 128
109.62480164 231.19630432 531.66650391 64 255 128
94.79435730 181.43467712 471.10012817 64 255 128
213.32099915 204.48399353 471.84698486 64 255 128
158.40174866 215.86640930 500.01275635 64 255 128
145.94802856 265.37301636 534.53887939 64 255 128
170.62196350 270.63006592 540.70916748 64 255 128
139.36595154 130.80979919 441.75579834 64 255 128
144.00576782 259.58517456 462.55139160 64 255 128
129.06869507 192.59597778 518.27581787 64 255 128
103.93542480 153.67791748 465.70465088 64 255 128
101.63058472 181.75701904 455.25637817 64 255 128
176.67681885 280.66729736 520.46490479 64 255 128
222.19499207 252.64299011 559.13195801 64 255 128
260.72662354 266.38717651 522.36816406 64 255 128
245.20314026 269.56658936 509.22000122 64 255 128
200.39862061 210.98153687 442.16940308 64 255 128
249.73699951 207.42799377 472.20999146 64 255 128
116.50469208 138.79910278 468.27047729 64 255 128
204.04100037 200.36601257 492.76599121 64 255 128
149.33685303 128.08383179 476.05752563 64 255 128
277.17999268 235.67700195 481.02200317 64 255 128
165.34854126 164.07060242 493.59368896 64 255 128
151.28189087 223.62095642 422.82757568 64 255 128
119.75325012 247.01954651 483.28344727 64 255 128
147.35144043 249.57254028 537.19012451 64 255 128
122.10288239 134.90597534 485.70825195 64 255 128
283.84701538 263.25198364 529.19897461 64 255 128
169.34201050 137.26165771 436.05859375 64 255 128
201.54299927 214.94599915 531.75598145 64 255 128
166.53742981 259.32888794 539.11401367 64 255 128
154.59680176 225.18067932 529.60516357 64 255 128
141.43179321 210.80111694 528.92968750 64 255 128
128.78402710 206.55236816 432.84210205 64 255 128
190.43864441 266.32586670 530.32769775 64 255 128
94.96037292 195.24568176 475.77847290 64 255 128
143.30679321 177.18051147 508.31365967 64 255 128
175.20069885 229.87448120 529.06884766 64 255 128
225.84933472 273.95336914 513.28253174 64 255 128
113.44013977 208.61247253 448.69134521 64 255 128
158.85253906 277.03686523 524.29254150 64 255 128
103.65894318 147.30407715 487.58758545 64 255 128
181.14579773 205.91981506 526.87133789 64 255 128
260.41201782 253.95899963 484.74499512 64 255 128
200.04260254 156.86647034 454.66836548 64 255 128
112.92981720 195.81076050 443.27249146 64 255 128
211.01200867 241.75801086 543.67199707 64 255 128
97.58921051 161.83805847 472.92056274 64 255 128
170.58161926 218.14134216 422.52801514 64 255 128
273.67800903 254.16401672 491.84600830 64 255 128
216.52999878 188.62800598 489.02301025 64 255 128
303.10198975 246.90699768 506.91299438 64 255 128
281.44900513 215.96099854 476.19699097 64 255 128
177.88658142 189.86604309 423.85583496 64 255 128
195.73600769 200.78900146 514.98797607 64 255 128
92.01248932 194.20249939 486.65728760 64 255 128
254.10499573 229.71899414 532.56604004 64 255 128
158.44627380 199.10934448 420.06808472 64 255 128
213.62022400 271.68368530 532.83923340 64 255 128
135.80114746 227.45268250 430.26620483 64 255 128
230.84396362 266.56018066 555.52221680 64 255 128
237.69000244 251.80598450 476.14199829 64 255 128
109.69757843 162.57212830 504.80068970 64 255 128
167.76795959 167.12582397 422.56451416 64 255 128
205.92118835 185.69364929 448.61483765 64 255 128
211.11512756 216.97525024 453.95080566 64 255 128
293.69100952 258.69900513 525.83697510 64 255 128
165.84112549 250.76052856 443.50238037 64 255 128
241.66610718 265.01165771 558.81689453 64 255 128
150.53723145 177.07861328 417.83297729 64 255 128
277.42498779 220.62699890 502.42401123 64 255 128
278.59698486 261.64599609 539.45001221 64 255 128
130.14103699 160.46987915 502.88885498 64 255 128
199.38073730 230.42849731 445.59521484 64 255 128
198.42631531 234.84851074 516.27233887 64 255 128
159.58944702 274.41198730 489.12103271 64 255 128
184.90187073 140.68260193 469.34475708 64 255 128
234.77398682 218.18000793 523.64599609 64 255 128
126.84004211 255.30534363 478.41653442 64 255 128
188.45257568 169.20709229 479.75756836 64 255 128
104.72834015 210.89877319 524.72033691 64 255 128
161.86079407 190.68975830 513.21002197 64 255 128
215.11727905 230.57000732 513.06445312 64 255 128
187.94075012 208.19374084 432.16125488 64 255 128
291.25799561 244.97698975 490.08798218 64 255 128
201.89047241 171.39801025 446.41043091 64 255 128
273.45300293 231.65299988 519.77697754 64 255 128
204.67320251 277.28555298 501.95770264 64 255 128
145.07504272 144.22267151 424.41543579 64 255 128
115.88758087 165.45733643 433.23947144 64 255 128
297.93399048 234.08200073 499.86401367 64 255 128
281.64498901 229.08300781 507.52301025 64 255 128
101.93193054 222.58723450 518.27734375 64 255 128
152.67204285 126.14868927 458.42495728 64 255 128
231.27600098 202.82598877 471.82699585 64 255 128
226.63700867 234.24699402 468.80099487 64 255 128
227.06800842 231.18400574 535.82800293 64 255 128
99.20631409 215.09646606 496.06942749 64 255 128
264.56002808 226.88800049 478.07299805 64 255 128
248.61300659 261.51498413 486.67700195 64 255 128
207.26434326 275.22943115 521.03802490 64 255 128
207.27915955 174.36102295 464.43344116 64 255 128
141.39715576 189.73170471 419.52941895 64 255 128
131.38591003 173.66537476 420.81677246 64 255 128
216.94700623 221.81900024 529.17700195 64 255 128
206.94200134 207.38301086 522.32897949 64 255 128
206.76602173 199.70796204 446.73315430 64 255 128
155.25218201 241.94653320 432.62908936 64 255 128
193.14263916 194.16238403 434.96264648 64 255 128
147.45532227 264.91040039 470.53015137 64 255 128
218.22653198 217.12963867 461.10708618 64 255 128
125.77599335 235.30036926 446.52047729 64 255 128
211.37544250 248.24295044 509.55856323 64 255 128
176.45307922 253.24308777 447.73544312 64 255 128
239.35400391 260.58999634 482.83801270 64 255 128
125.13793945 208.94592285 524.41937256 64 255 128
181.98533630 282.23931885 506.82055664 64 255 128
112.43477631 150.88349915 499.87377930 64 255 128
162.16508484 210.10569763 509.09118652 64 255 128
120.84817505 250.18563843 525.61285400 64 255 128
194.99249268 183.90338135 474.96337891 64 255 128
205.49200439 200.70899963 482.09100342 64 255 128
172.22512817 127.83791351 449.16067505 64 255 128
248.71000671 203.97799683 487.40802002 64 255 128
243.82597351 268.84909058 538.39312744 64 255 128
146.18951416 253.55497742 446.80212402 64 255 128
204.05680847 263.76666260 529.53051758 64 255 128
165.87834167 129.09045410 472.28997803 64 255 128
113.07082367 224.95820618 461.97769165 64 255 128
152.02207947 191.28761292 515.77789307 64 255 128
198.90754700 271.66433716 486.67199707 64 255 128
208.51538086 267.08572388 483.89331055 64 255 128
114.11769104 186.66659546 438.60375977 64 255 128
240.73500061 209.66899109 511.39099121 64 255 128
260.37799072 255.49000549 555.95703125 64 255 128
209.36100769 258.77899170 549.07604980 64 255 128
254.88800049 245.77101135 478.26400757 64 255 128
154.28628540 135.45732117 431.90847778 64 255 128
155.92085266 127.06626892 447.96768188 64 255 128
192.65640259 225.36096191 511.26284790 64 255 128
198.59930420 194.10317993 465.16018677 64 255 128
138.32530212 237.51661682 433.24682617 64 255 128
255.90499878 241.17599487 544.87298584 64 255 128
179.95159912 175.27882385 428.13455200 64 255 128
136.15811157 210.29008484 428.02334595 64 255 128
207.07369995 185.11196899 459.09466553 64 255 128
181.42175293 237.28129578 436.10876465 64 255 128
174.88246155 182.28642273 502.43276978 64 255 128
162.95750427 240.80679321 537.60461426 64 255 128
222.81460571 251.50111389 476.36428833 64 255 128
171.41624451 148.23963928 429.56396484 64 255 128
283.41299438 205.66099548 473.32199097 64 255 128
122.07888031 246.41192627 539.00921631 64 255 128
158.27363586 158.23396301 420.66513062 64 255 128
174.03213501 223.33035278 510.53439331 64 255 128
193.76533508 142.58290100 456.55908203 64 255 128
298.12500000 238.32099915 489.02499390 64 255 128
155.54557800 270.86968994 532.71887207 64 255 128
176.15106201 236.56550598 537.25866699 64 255 128
116.85800934 156.38795471 439.88504028 64 255 128
271.61999512 215.39900208 475.47097778 64 255 128
197.99952698 220.64685059 441.55343628 64 255 128
249.29058838 264.42938232 553.21722412 64 255 128
142.49238586 200.34437561 521.91265869 64 255 128
161.00868225 179.77711487 506.05404663 64 255 128
143.80412292 273.48577881 497.84939575 64 255 128
192.09483337 163.55627441 436.50582886 64 255 128
210.04382324 253.84011841 524.50573730 64 255 128
260.10299683 204.06199646 472.21899414 64 255 128
102.83242035 191.02322388 456.66320801 64 255 128
123.36536407 147.97175598 439.02899170 64 255 128
228.12014771 265.95111084 485.76690674 64 255 128
111.19187164 184.49461365 511.83389282 64 255 128
244.01712036 269.85452271 528.09997559 64 255 128
269.68099976 204.44700623 482.48199463 64 255 128
240.20500183 269.97698975 501.19601440 64 255 128
206.13299561 218.69400024 523.68896484 64 255 128
188.93771362 136.23355103 450.45901489 64 255 128
128.79547119 261.15362549 495.14309692 64 255 128
186.32431030 268.41101074 477.73092651 64 255 128
170.27383423 208.76564026 527.81176758 64 255 128
239.64500427 238.01800537 549.71997070 64 255 128
218.38900757 190.62800598 479.89700317 64 255 128
167.00498962 280.40292358 520.81982422 64 255 128
186.13839722 145.22076416 441.10671997 64 255 128
141.09552002 144.16583252 490.73901367 64 255 128
88.67832947 172.32571411 499.95507812 64 255 128
94.61795044 162.98745728 481.99273682 64 255 128
225.19400024 185.24299622 489.78799438 64 255 128
156.88641357 142.28538513 482.20431519 64 255 128
258.34399414 264.77798462 499.14398193 64 255 128
290.98800659 242.83100891 515.86901855 64 255 128
178.57635498 155.86062622 429.79888916 64 255 128
283.01699829 248.51899719 532.94897461 64 255 128
173.99369812 253.97332764 541.88940430 64 255 128
229.27439880 272.98928833 524.82000732 64 255 128
117.99971008 141.68710327 455.16812134 64 255 128
134.61344910 224.88580322 533.16174316 64 255 128
102.25556946 211.50273132 476.98437500 64 255 128
255.89599609 223.89500427 525.59698486 64 255 128
296.14498901 226.36898804 481.88000488 64 255 128
182.41075134 243.13929749 540.39642334 64 255 128
217.70399475 190.04299927 506.14202881 64 255 128
202.45394897 248.56848145 459.32653809 64 255 128
216.66699219 245.17700195 518.20397949 64 255 128
181.46615601 223.62481689 517.08123779 64 255 128
280.58889771 261.41729736 509.57919312 64 255 128
181.59544373 132.79458618 466.01943970 64 255 128
182.31159973 220.37786865 431.02954102 64 255 128
102.55749512 198.85154724 462.40716553 64 255 128
181.22399902 180.15019226 493.22360229 64 255 128
264.30047607 265.67385864 513.95989990 64 255 128
210.22599792 238.25399780 531.71496582 64 255 128
88.97837067 177.13093567 490.42971802 64 255 128
151.37043762 214.76855469 420.71331787 64 255 128
234.81999207 197.22099304 488.13000488 64 255 128
126.50032043 225.83407593 439.68273926 64 255 128
252.75701904 216.51600647 473.92498779 64 255 128
160.40289307 150.05345154 423.79989624 64 255 128
119.00934601 232.54444885 535.81365967 64 255 128
235.63000488 228.95700073 533.89105225 64 255 128
219.14598083 230.23696899 463.66244507 64 255 128
230.34399414 216.22100830 468.89901733 64 255 128
115.67897034 240.28862000 478.39816284 64 255 128
144.50112915 267.48135376 479.20812988 64 255 128
132.02752686 132.41278076 461.38305664 64 255 128
240.30000305 204.23699951 471.58102417 64 255 128
131.41847229 263.01354980 520.07482910 64 255 128
214.38600159 197.60600281 492.54598999 64 255 128
278.52099609 212.04200745 490.54800415 64 255 128
99.64754486 180.01303101 510.74087524 64 255 128
191.80578613 235.97169495 528.06799316 64 255 128
122.01609039 214.59010315 441.76989746 64 255 128
163.15109253 225.61401367 524.39929199 64 255 128
161.63732910 217.92813110 421.68038940 64 255 128
177.88121033 138.88937378 439.52227783 64 255 128
189.83746338 264.47518921 470.41040039 64 255 128
156.22738647 232.30801392 427.25338745 64 255 128
190.79138184 214.83198547 525.62182617 64 255 128
165.83609009 221.79748535 502.36968994 64 255 128
153.00430298 260.07510376 537.72351074 64 255 128
266.31701660 236.05599976 530.08502197 64 255 128
109.88707733 155.94625854 450.67245483 64 255 128
212.57792664 275.13961792 498.79547119 64 255 128
285.44699097 251.99601746 494.07800293 64 255 128
143.80825806 171.39384460 417.71084595 64 255 128
246.91799927 251.29399109 556.72198486 64 255 128
206.38804626 257.19607544 539.96337891 64 255 128
179.17846680 190.64442444 507.89941406 64 255 128
258.87899780 208.22200012 497.33499146 64 255 128
209.92932129 252.93576050 467.57031250 64 255 128
131.12522888 266.33563232 506.31445312 64 255 128
159.10496521 255.84030151 449.15509033 64 255 128
194.93168640 280.03475952 508.04281616 64 255 128
127.44425201 153.43029785 425.43093872 64 255 128
173.25875854 164.89967346 488.20568848 64 255 128
189.81062317 277.60162354 526.24401855 64 255 128
160.71438599 279.89138794 504.76306152 64 255 128
123.52276611 183.02618408 426.30783081 64 255 128
173.92742920 268.63168335 475.22393799 64 255 128
228.61576843 270.26080322 494.36538696 64 255 128
206.47099304 249.65600586 544.85900879 64 255 128
94.23974609 185.99092102 514.17651367 64 255 128
288.69900513 210.07199097 481.44201660 64 255 128
133.98852539 218.82203674 429.72177124 64 255 128
219.61698914 198.51000977 473.53500366 64 255 128
198.01896667 239.37503052 447.93136597 64 255 128
94.85438538 160.35792542 499.17425537 64 255 128
169.06240845 230.94938660 429.39724731 64 255 128
124.46311188 201.37089539 520.08746338 64 255 128
137.37995911 249.52177429 446.12252808 64 255 128
234.93099976 239.30500793 473.09500122 64 255 128
86.82943726 186.15049744 506.44995117 64 255 128
96.74065399 194.78596497 517.88983154 64 255 128
264.35299683 217.64999390 513.06597900 64 255 128
188.40652466 187.16438293 491.02868652 64 255 128
181.77890015 130.40719604 454.03033447 64 255 128
176.41734314 167.00405884 426.78439331 64 255 128
188.46136475 259.28344727 536.07989502 64 255 128
182.85343933 268.34863281 538.41448975 64 255 128
232.95947266 270.41152954 541.75512695 64 255 128
131.03630066 131.80787659 483.05786133 64 255 128
211.79600525 236.81900024 519.58001709 64 255 128
126.65793610 195.32818604 427.67553711 64 255 128
146.67883301 229.08300781 505.80548096 64 255 128
173.29769897 237.76651001 434.25814819 64 255 128
206.27899170 201.49299622 504.60498047 64 255 128
101.35689545 160.60836792 504.94616699 64 255 128
232.54499817 196.22300720 502.90798950 64 255 128
179.55006409 275.09191895 488.80941772 64 255 128
131.91493225 254.14692688 541.29687500 64 255 128
224.34799194 189.12699890 500.13796997 64 255 128
149.72335815 161.29293823 417.89517212 64 255 128
109.39756775 235.42791748 498.03399658 64 255 128
268.74099731 261.40100098 500.37997437 64 255 128
200.60295105 200.96067810 458.88098145 64 255 128
107.30854797 146.87425232 469.43933105 64 255 128
138.31054688 162.62052917 502.93182373 64 255 128
237.15400696 222.20899963 470.95300293 64 255 128
105.69165802 225.21536255 486.95669556 64 255 128
217.96701050 269.86102295 548.07904053 64 255 128
168.41419983 209.81346130 420.26751709 64 255 128
169.69279480 219.85134888 519.39453125 64 255 128
185.04849243 228.06297302 435.84588623 64 255 128
226.13101196 187.74099731 473.90600586 64 255 128
165.35153198 250.30410767 540.34301758 64 255 128
195.74244690 253.39817810 459.39602661 64 255 128
269.62899780 244.29299927 537.70898438 64 255 128
176.56338501 144.08799744 475.51278687 64 255 128
203.31265259 165.63049316 452.19729614 64 255 128
217.30799866 196.71800232 511.22497559 64 255 128
250.68017578 265.91043091 543.89208984 64 255 128
117.37872314 196.13075256 435.54885864 64 255 128
103.15505981 169.30183411 454.57617188 64 255 128
125.25339508 140.73570251 493.42282104 64 255 128
275.58126831 263.65905762 531.87902832 64 255 128
211.01118469 236.48443604 457.15679932 64 255 128
215.11300659 256.91900635 557.92498779 64 255 128
157.29580688 226.46566772 503.80538940 64 255 128
181.64221191 172.66455078 487.73724365 64 255 128
151.38294983 172.77285767 504.17263794 64 255 128
199.82215881 169.23809814 469.85556030 64 255 128
222.55900574 245.49198914 554.92504883 64 255 128
289.42700195 233.88400269 505.95898438 64 255 128
165.95471191 264.90762329 464.63555908 64 255 128
152.86112976 141.94036865 426.20254517 64 255 128
121.71135712 165.20520020 426.17691040 64 255 128
112.46121216 199.86312866 517.83538818 64 255 128
197.40284729 277.72589111 519.17279053 64 255 128
190.33209229 152.15377808 469.10000610 64 255 128
215.03965759 177.89595032 488.45294189 64 255 128
136.43624878 256.81021118 461.47946167 64 255 128
195.32499695 207.16500854 533.45501709 64 255 128
148.25105286 125.62318420 468.25833130 64 255 128
108.54490662 209.29373169 457.49447632 64 255 128
98.76992798 182.81863403 462.93109131 64 255 128
214.94186401 275.38745117 516.48956299 64 255 128
222.78965759 273.53237915 502.62945557 64 255 128
305.04797363 243.23899841 499.83901978 64 255 128
208.60073853 225.56527710 452.22433472 64 255 128
279.76998901 238.95600891 522.61297607 64 255 128
185.23052979 160.98698425 477.75720215 64 255 128
292.44500732 223.37300110 493.52099609 64 255 128
222.72395325 241.34397888 471.14620972 64 255 128
160.01312256 208.18601990 527.03442383 64 255 128
266.43209839 264.65188599 529.24011230 64 255 128
170.88323975 185.78153992 423.09820557 64 255 128
151.77856445 273.86404419 490.88409424 64 255 128
160.32081604 189.24884033 419.55337524 64 255 128
202.21800232 204.95700073 463.09500122 64 255 128
261.14691162 264.41397095 542.17059326 64 255 128
149.37364197 229.86863708 533.25543213 64 255 128
269.44699097 251.15000916 547.43200684 64 255 128
114.47886658 138.97537231 486.12442017 64 255 128
144.51046753 227.48751831 425.35400391 64 255 128
248.80400085 233.26699829 474.36898804 64 255 128
148.53782654 245.60540771 435.35345459 64 255 128
221.76300049 260.54901123 560.92602539 64 255 128
204.22177124 246.01206970 515.27539062 64 255 128
162.89691162 271.24374390 538.12677002 64 255 128
216.50299072 190.38699341 497.65701294 64 255 128
213.94467163 239.04563904 463.56103516 64 255 128
141.90438843 184.47125244 513.27484131 64 255 128
95.31672668 212.97564697 510.23226929 64 255 128
187.45043945 197.64027405 514.41064453 64 255 128
206.04708862 256.07189941 530.72039795 64 255 128
209.96800232 226.04400635 523.88104248 64 255 128
264.15698242 222.75799561 519.22497559 64 255 128
217.16400146 208.51899719 524.52600098 64 255 128
184.35223389 211.89312744 512.60705566 64 255 128
163.71400452 271.66998291 482.11145020 64 255 128
192.90344238 184.48544312 436.09555054 64 255 128
175.79939270 278.09701538 529.35491943 64 255 128
109.22348022 192.36410522 515.53997803 64 255 128
267.08798218 235.42199707 478.50100708 64 255 128
231.06199646 237.95799255 550.23498535 64 255 128
198.80348206 247.13989258 524.52484131 64 255 128
145.09931946 128.55346680 458.75543213 64 255 128
167.44692993 158.49842834 486.90734863 64 255 128
215.08209229 270.27679443 488.54464722 64 255 128
138.46946716 140.34185791 429.23327637 64 255 128
105.21595764 219.95664978 478.92562866 64 255 128
184.74908447 230.79656982 526.90826416 64 255 128
232.06800842 253.13499451 560.71099854 64 255 128
167.33734131 275.37744141 490.05136108 64 255 128
275.65802002 203.56098938 475.75900269 64 255 128
203.89425659 176.75807190 471.14782715 64 255 128
133.92108154 147.83552551 496.39016724 64 255 128
170.36216736 194.86123657 515.98986816 64 255 128
139.90737915 134.49761963 486.28726196 64 255 128
129.60334778 257.96517944 527.11236572 64 255 128
120.64041901 215.01806641 526.55133057 64 255 128
231.08799744 199.91398621 512.46899414 64 255 128
117.94087982 249.55363464 511.55715942 64 255 128
243.37199402 208.13400269 503.17300415 64 255 128
189.51158142 250.18104553 450.37408447 64 255 128
205.57182312 212.95428467 447.90036011 64 255 128
146.75773621 197.27944946 421.91250610 64 255 128
224.29202271 262.06668091 480.17147827 64 255 128
125.95936584 187.05371094 513.14514160 64 255 128
171.48432922 212.28129578 512.87896729 64 255 128
149.39067078 275.97259521 515.57794189 64 255 128
118.08226776 180.89682007 432.64257812 64 255 128
89.98992157 200.37811279 502.54779053 64 255 128
249.95001221 219.33700562 523.09899902 64 255 128
134.35874939 236.86694336 537.82806396 64 255 128
110.93547058 216.68165588 528.44763184 64 255 128
158.23370361 260.42279053 456.69262695 64 255 128
164.47485352 174.04412842 420.99942017 64 255 128
111.43921661 239.40222168 515.06695557 64 255 128
192.26278687 211.26837158 437.51913452 64 255 128
88.78564453 200.35330200 514.04217529 64 255 128
97.61838531 209.55789185 487.66888428 64 255 128
291.40100098 252.99900818 499.69299316 64 255 128
161.66084290 133.83314514 435.74188232 64 255 128
196.29168701 153.67234802 447.39364624 64 255 128
162.26927185 245.90330505 436.99426270 64 255 128
131.85554504 134.01121521 445.88345337 64 255 128
276.84100342 257.04397583 546.68298340 64 255 128
197.26420593 149.53549194 454.79193115 64 255 128
108.86609650 232.85620117 490.58895874 64 255 128
131.88392639 137.77421570 438.10397339 64 255 128
139.96055603 248.31549072 539.65747070 64 255 128
222.54785156 272.59356689 531.30236816 64 255 128
117.01138306 225.45646667 455.27862549 64 255 128
173.03903198 224.41328430 427.51724243 64 255 128
148.30833435 157.70072937 497.35031128 64 255 128
111.47695923 169.57342529 438.55212402 64 255 128
115.95660400 245.75730896 497.33026123 64 255 128
268.79901123 249.42300415 485.54199219 64 255 128
126.07730865 238.99642944 538.37274170 64 255 128
256.33499146 205.45199585 489.66699219 64 255 128
225.15901184 206.01300049 522.46496582 64 255 128
199.58010864 261.08352661 472.93807983 64 255 128
166.91427612 135.64179993 476.57150269 64 255 128
184.06484985 261.96423340 462.13421631 64 255 128
197.89909363 159.70034790 464.53457642 64 255 128
119.81726074 238.88168335 465.19302368 64 255 128
193.17733765 179.97145081 480.79003906 64 255 128
216.24000549 211.83699036 465.96099854 64 255 128
233.02799988 195.76998901 477.62799072 64 255 128
254.70993042 267.16870117 527.27514648 64 255 128
97.16907501 209.11618042 524.74627686 64 255 128
255.11000061 248.69400024 552.71795654 64 255 128
194.51750183 275.49124146 492.11453247 64 255 128
241.51599121 246.13999939 554.81597900 64 255 128
298.03799438 245.36199951 512.50097656 64 255 128
247.44099426 202.54499817 477.69702148 64 255 128
99.53280640 203.01974487 472.14285278 64 255 128
191.98187256 227.69381714 439.29898071 64 255 128
189.22042847 255.03590393 456.48440552 64 255 128
279.24380493 262.81332397 517.45385742 64 255 128
95.21835327 172.62408447 509.81365967 64 255 128
175.01347351 259.13433838 455.11102295 64 255 128
94.65390778 210.18836975 502.89953613 64 255 128
126.38495636 221.96984863 531.94512939 64 255 128
110.45335388 228.43521118 472.49722290 64 255 128
134.59472656 128.84953308 473.71963501 64 255 128
268.49499512 217.14801025 506.67202759 64 255 128
257.13800049 226.26200867 476.41699219 64 255 128
255.56599426 261.48199463 489.80599976 64 255 128
179.04496765 270.99859619 481.52896118 64 255 128
111.76399994 235.54493713 484.04138184 64 255 128
143.86955261 230.08447266 497.71044922 64 255 128
168.44258118 177.53021240 501.53149414 64 255 128
192.15722656 241.37701416 443.89730835 64 255 128
242.89199829 229.52400208 535.98101807 64 255 128
127.00599670 257.37997437 486.01214600 64 255 128
113.89787292 176.36761475 508.79507446 64 255 128
124.16696167 239.07658386 453.58282471 64 255 128
302.79498291 232.46600342 487.98699951 64 255 128
192.52381897 272.34103394 533.82086182 64 255 128
128.43428040 177.77395630 510.25204468 64 255 128
140.84533691 229.17884827 534.46490479 64 255 128
179.72706604 156.35743713 479.25985718 64 255 128
141.47349548 170.06626892 505.54238892 64 255 128
118.76432037 147.21607971 498.45785522 64 255 128
204.13232422 178.56518555 447.40209961 64 255 128
149.14947510 217.89387512 530.84197998 64 255 128
147.27035522 185.23942566 418.16549683 64 255 128
235.79899597 198.62001038 496.47302246 64 255 128
155.31658936 267.86074829 473.73965454 64 255 128
190.21997070 143.56373596 465.08663940 64 255 128
246.18099976 218.46899414 471.02401733 64 255 128
140.79144287 267.48886108 523.75659180 64 255 128
246.94499207 247.44400024 476.38800049 64 255 128
185.13331604 192.70442200 431.20138550 64 255 128
88.66767883 189.67140198 494.40585327 64 255 128
107.21900940 212.63014221 464.07385254 64 255 128
150.54609680 277.05484009 503.82489014 64 255 128
223.10099792 267.05899048 556.26202393 64 255 128
185.60794067 277.89752197 493.76266479 64 255 128
167.23519897 125.38878632 462.52197266 64 255 128
220.86199951 230.46299744 530.29901123 64 255 128
99.27110291 216.20733643 525.08343506 64 255 128
235.13204956 271.41921997 511.10351562 64 255 128
207.74424744 234.52262878 524.89086914 64 255 128
175.62718201 219.63537598 503.23931885 64 255 128
170.40983582 132.40881348 442.03887939 64 255 128
209.33276367 191.08306885 452.73837280 64 255 128
200.06495667 200.14932251 443.39166260 64 255 128
293.91101074 257.95501709 513.97198486 64 255 128
164.54634094 202.97364807 420.24920654 64 255 128
271.04602051 208.80900574 490.37500000 64 255 128
216.18286133 259.30197144 476.14111328 64 255 128
118.48141479 216.90380859 448.24792480 64 255 128
108.18146515 178.03134155 442.65679932 64 255 128
257.81500244 210.79200745 473.98300171 64 255 128
264.77697754 263.99566650 506.19012451 64 255 128
180.59861755 205.41075134 425.16522217 64 255 128
92.75482941 190.22578430 480.45538330 64 255 128
137.98188782 216.77973938 531.01721191 64 255 128
214.00442505 236.12055969 507.82312012 64 255 128
216.15800476 241.36000061 548.82299805 64 255 128
296.64099121 219.57899475 486.86599731 64 255 128
104.54970551 148.86869812 494.90643311 64 255 128
173.31990051 275.30554199 535.49298096 64 255 128
180.21424866 250.39637756 543.12036133 64 255 128
189.20480347 200.16929626 434.19885254 64 255 128
122.23879242 201.05255127 433.69720459 64 255 128
166.30363464 170.49020386 497.73739624 64 255 128
152.46708679 133.13294983 480.81521606 64 255 128
275.42300415 260.28399658 502.95401001 64 255 128
93.92462921 201.51208496 486.89773560 64 255 128
142.48229980 272.66110229 514.93231201 64 255 128
174.70181274 215.59530640 529.08056641 64 255 128
146.29740906 261.92474365 540.83685303 64 255 128
144.06373596 153.29087830 420.07684326 64 255 128
201.62239075 243.41658020 454.33346558 64 255 128
168.62200928 236.56074524 536.63952637 64 255 128
107.99573517 205.20373535 520.00286865 64 255 128
131.55097961 251.57627869 457.18740845 64 255 128
237.33299255 212.22700500 520.04803467 64 255 128
111.11913300 237.72392273 522.74200439 64 255 128
276.10598755 246.45001221 535.42700195 64 255 128
92.58371735 179.02929688 477.46313477 64 255 128
174.57447815 130.71537781 469.15399170 64 255 128
236.24899292 261.29901123 564.43603516 64 255 128
248.82400513 268.15499878 502.94799805 64 255 128
205.51606750 270.15307617 529.99761963 64 255 128
148.97534180 204.15068054 525.09362793 64 255 128
208.61260986 276.99078369 507.67218018 64 255 128
119.07221222 241.87384033 471.92639160 64 255 128
174.06268311 277.24609375 492.47552490 64 255 128
136.11076355 196.94485474 519.70782471 64 255 128
101.09150696 165.22120667 460.35900879 64 255 128
155.41958618 232.90277100 530.50573730 64 255 128
122.62733459 255.36820984 510.48348999 64 255 128
218.05812073 245.70112610 469.52447510 64 255 128
250.99798584 240.10301208 476.35000610 64 255 128
214.16532898 215.72389221 457.62417603 64 255 128
156.05947876 216.65264893 506.26409912 64 255 128
130.84185791 153.58485413 499.36749268 64 255 128
221.94300842 215.84899902 464.54199219 64 255 128
225.17910767 269.37850952 549.52661133 64 255 128
185.61828613 178.27946472 431.29263306 64 255 128
283.16900635 220.13699341 496.50299072 64 255 128
190.63725281 196.68350220 504.03756714 64 255 128
289.57901001 252.02500916 529.56500244 64 255 128
275.88098145 242.18299866 484.03601074 64 255 128
134.16931152 266.49832153 492.50598145 64 255 128
108.65647125 195.46023560 449.17623901 64 255 128
132.66763306 210.00704956 526.78503418 64 255 128
197.64640808 173.33116150 441.07470703 64 255 128
101.98110962 222.31013489 511.12817383 64 255 128
174.16105652 266.48715210 468.45278931 64 255 128
208.65602112 209.54539490 456.03732300 64 255 128
200.61172485 232.14552307 510.75381470 64 255 128
134.02043152 166.49070740 419.81436157 64 255 128
120.59561157 142.77529907 448.70205688 64 255 128
178.53427124 181.62910461 425.80371094 64 255 128
184.65245056 279.56768799 521.67913818 64 255 128
265.90200806 210.38900757 497.74899292 64 255 128
146.93685913 249.83801270 440.77685547 64 255 128
157.54602051 175.17451477 417.67819214 64 255 128
229.94599915 209.28799438 466.46499634 64 255 128
91.98335266 207.08264160 517.86053467 64 255 128
160.84085083 262.90002441 537.42108154 64 255 128
184.33874512 258.40106201 541.72888184 64 255 128
150.59855652 260.04000854 460.71560669 64 255 128
118.48149872 246.89302063 490.13897705 64 255 128
144.89202881 257.54727173 455.82760620 64 255 128
133.09674072 241.92237854 441.32434082 64 255 128
299.83401489 252.82099915 508.70901489 64 255 128
258.04598999 234.88200378 535.73400879 64 255 128
292.84399414 247.95899963 520.17596436 64 255 128
246.38900757 238.72000122 548.19897461 64 255 128
145.02377319 242.90980530 536.74310303 64 255 128
197.65655518 188.60725403 439.00427246 64 255 128
185.75164795 280.89175415 501.31427002 64 255 128
167.26387024 262.14630127 458.30975342 64 255 128
264.73098755 260.85498047 555.29302979 64 255 128
244.93501282 260.51000977 563.65100098 64 255 128
115.90061951 232.41007996 464.38598633 64 255 128
101.43464661 167.87637329 508.30233765 64 255 128
243.63600159 266.44702148 492.54098511 64 255 128
284.17300415 231.81300354 483.08300781 64 255 128
126.14794159 166.97215271 504.47296143 64 255 128
141.28810120 127.27909088 473.51141357 64 255 128
97.80953979 156.19725037 482.55020142 64 255 128
235.67700195 226.40199280 527.47399902 64 255 128
210.50000000 200.38500977 498.14001465 64 255 128
301.06698608 230.79200745 494.45901489 64 255 128
151.78942871 201.94894409 420.94934082 64 255 128
212.77398682 205.17199707 518.85302734 64 255 128
203.08047485 264.88650513 478.87487793 64 255 128
130.68353271 225.07611084 434.16217041 64 255 128
301.77301025 239.72799683 504.78601074 64 255 128
215.20753479 180.00366211 477.53488159 64 255 128
108.66459656 142.76864624 486.37265015 64 255 128
180.43423462 217.27050781 525.10186768 64 255 128
186.35276794 226.57127380 513.60943604 64 255 128
127.60771942 262.10226440 510.33859253 64 255 128
290.16278076 220.37919617 478.45651245 64 255 128
243.22601318 233.55599976 543.85699463 64 255 128
105.16011810 181.03253174 448.67941284 64 255 128
213.47257996 270.81451416 539.51593018 64 255 128
106.63284302 229.18653870 524.21350098 64 255 128
219.74800110 191.78601074 472.37500000 64 255 128
272.60598755 235.59199524 525.27899170 64 255 128
210.77519226 180.41580200 462.32192993 64 255 128
107.00775909 145.58505249 476.10357666 64 255 128
201.56599426 209.31201172 527.96398926 64 255 128
125.79050446 134.41340637 464.78121948 64 255 128
243.42698669 228.18798828 473.10299683 64 255 128
167.80249023 141.98219299 431.14910889 64 255 128
259.95413208 265.56686401 531.44665527 64 255 128
261.23101807 246.06999207 480.63702393 64 255 128
155.14158630 164.79750061 499.18499756 64 255 128
124.53470612 136.86709595 451.65277100 64 255 128
95.65573883 171.78758240 470.98550415 64 255 128
133.54833984 155.74902344 421.29983521 64 255 128
121.48867798 135.18824768 472.46130371 64 255 128
218.02499390 239.33898926 515.08703613 64 255 128
197.49815369 189.27415466 468.55816650 64 255 128
140.04681396 260.77844238 468.38781738 64 255 128
106.57316589 166.09359741 449.62985229 64 255 128
234.11468506 267.93557739 549.79400635 64 255 128
228.79003906 271.98751831 536.36047363 64 255 128
100.15637207 176.95968628 459.61914062 64 255 128
177.55551147 282.34860229 513.56628418 64 255 128
167.07022095 180.31852722 420.09863281 64 255 128
138.74954224 130.71066284 458.81616211 64 255 128
155.44035339 148.34364319 485.12341309 64 255 128
90.62798309 196.07302856 520.34051514 64 255 128
287.98400879 260.30902100 511.85696411 64 255 128
137.86926270 194.56838989 422.64318848 64 255 128
252.00775146 268.25781250 513.76916504 64 255 128
267.55499268 254.94998169 489.11398315 64 255 128
128.12478638 135.67420959 488.46453857 64 255 128
103.27642822 221.46376038 494.43023682 64 255 128
270.20764160 264.80364990 516.98767090 64 255 128
253.49501038 208.84999084 504.13400269 64 255 128
180.70802307 244.03985596 440.57482910 64 255 128
164.48318481 161.52575684 421.24975586 64 255 128
226.03100586 200.09500122 516.79101562 64 255 128
195.53416443 259.21780396 467.20837402 64 255 128
173.74992371 142.09628296 434.84841919 64 255 128
196.95800781 213.06700134 536.17199707 64 255 128
290.43499756 259.87802124 532.67297363 64 255 128
154.53579712 126.83145905 472.16586304 64 255 128
283.48400879 239.06700134 484.38702393 64 255 128
199.28399658 198.45899963 475.61499023 64 255 128
169.28483582 242.72685242 436.29837036 64 255 128
257.13900757 261.23999023 558.71704102 64 255 128
159.79736328 220.91998291 527.92584229 64 255 128
94.89383698 187.64448547 473.38711548 64 255 128
108.46894073 233.98500061 505.63430786 64 255 128
265.64099121 202.09098816 475.22100830 64 255 128
207.08399963 205.07499695 467.88201904 64 255 128
287.91900635 238.02299500 512.55798340 64 255 128
138.33953857 271.67367554 504.33682251 64 255 128
111.00976562 222.60951233 531.40112305 64 255 128
128.86711121 181.04193115 422.89620972 64 255 128
242.07499695 220.97300720 524.49694824 64 255 128
170.42414856 198.72396851 422.56655884 64 255 128
282.58401489 256.20498657 541.76702881 64 255 128
222.51200867 234.90899658 543.09704590 64 255 128
279.79598999 255.47999573 495.26797485 64 255 128
180.18682861 230.31187439 518.16552734 64 255 128
138.30267334 134.12255859 436.19573975 64 255 128
192.63444519 194.25999451 493.41171265 64 255 128
126.37335205 169.89134216 422.95230103 64 255 128
136.97421265 263.74340820 481.30050659 64 255 128
111.95343781 143.35084534 466.01895142 64 255 128
260.10501099 230.87300110 530.19799805 64 255 128
117.76684570 185.86190796 512.61584473 64 255 128
178.73817444 197.68830872 425.90081787 64 255 128
112.85263062 150.09924316 451.06875610 64 255 128
238.47801208 245.78599548 473.69998169 64 255 128
196.12542725 238.92083740 523.61578369 64 255 128
192.74957275 271.16647339 484.71871948 64 255 128
212.67199707 266.07000732 548.56201172 64 255 128
206.11972046 169.70814514 456.59118652 64 255 128
189.91860962 215.96032715 510.69372559 64 255 128
132.72294617 131.42651367 467.80200195 64 255 128
105.35318756 204.44035339 461.03002930 64 255 128
188.22236633 241.97004700 536.44635010 64 255 128
303.09500122 241.62699890 493.56399536 64 255 128
134.30979919 259.35491943 532.79107666 64 255 128
199.81741333 277.74328613 497.90798950 64 255 128
125.57745361 211.51521301 436.88522339 64 255 128
203.73191833 206.61102295 446.09304810 64 255 128
188.22341919 140.87699890 445.40850830 64 255 128
203.62547302 253.33789062 513.88934326 64 255 128
148.78828430 197.35507202 520.50366211 64 255 128
153.24516296 247.38990784 535.33923340 64 255 128
107.59619141 156.51107788 503.66723633 64 255 128
178.08277893 273.09158325 539.20031738 64 255 128
150.35159302 223.32296753 501.45651245 64 255 128
265.48300171 211.03599548 473.02301025 64 255 128
165.04090881 204.59880066 524.51824951 64 255 128
285.98800659 241.90199280 519.85803223 64 255 128
157.99066162 207.93447876 502.47155762 64 255 128
219.79800415 213.47099304 528.61901855 64 255 128
185.19245911 171.80708313 429.68667603 64 255 128
101.91735840 159.57810974 463.24353027 64 255 128
150.50828552 269.84948730 528.78570557 64 255 128
163.53904724 281.05700684 511.02740479 64 255 128
137.42892456 172.29870605 418.88739014 64 255 128
257.52499390 214.47799683 512.93499756 64 255 128
224.62800598 201.46400452 470.79598999 64 255 128
118.10990143 201.94305420 521.02105713 64 255 128
105.89635468 179.10829163 509.71859741 64 255 128
212.31750488 273.21563721 526.39642334 64 255 128
150.96478271 169.40115356 417.47402954 64 255 128
218.78900146 225.61900330 523.77996826 64 255 128
140.86740112 231.81672668 428.50198364 64 255 128
206.27418518 194.24433899 447.94302368 64 255 128
119.52198792 250.42518616 519.09252930 64 255 128
114.70094299 227.86672974 534.50170898 64 255 128
158.54444885 223.23863220 510.51586914 64 255 128
222.87400818 183.20700073 477.04699707 64 255 128
115.45677185 171.81375122 432.93823242 64 255 128
234.32150269 270.04940796 497.68795776 64 255 128
232.47300720 226.48001099 469.22698975 64 255 128
123.20698547 194.93437195 518.99664307 64 255 128
141.30918884 211.76678467 424.60839844 64 255 128
233.45223999 263.64190674 484.91058350 64 255 128
229.03199768 232.46099854 543.81402588 64 255 128
228.12695312 253.53756714 476.20880127 64 255 128
112.02963257 201.33016968 446.42111206 64 255 128
131.21096802 259.83923340 480.19509888 64 255 128
201.22399902 202.00900269 508.45498657 64 255 128
153.67124939 184.92732239 417.80740356 64 255 128
181.01087952 210.80657959 530.67395020 64 255 128
211.47729492 248.55645752 521.75659180 64 255 128
255.24699402 251.45500183 481.09500122 64 255 128
215.88864136 251.81654358 516.64105225 64 255 128
210.96398926 238.68200684 538.11199951 64 255 128
158.73898315 214.80398560 529.28668213 64 255 128
167.26921082 151.62362671 483.30816650 64 255 128
106.93923950 152.42784119 460.21856689 64 255 128
145.04873657 239.99780273 431.77096558 64 255 128
110.16455078 146.07687378 495.68582153 64 255 128
291.08898926 212.51000977 475.98400879 64 255 128
176.81594849 281.46093750 503.09240723 64 255 128
166.53033447 265.74963379 539.73834229 64 255 128
153.92152405 152.88789368 491.42556763 64 255 128
171.97857666 250.52008057 443.99877930 64 255 128
278.95989990 263.40759277 525.12640381 64 255 128
105.28829956 227.77398682 515.66131592 64 255 128
124.42151642 247.45521545 465.30450439 64 255 128
139.07420349 204.84625244 426.66815186 64 255 128
171.59953308 146.74450684 478.39617920 64 255 128
253.61698914 253.41200256 556.63500977 64 255 128
161.81393433 274.56585693 531.45556641 64 255 128
97.40631866 196.23229980 470.08346558 64 255 128
161.76655579 277.48001099 495.92233276 64 255 128
275.58099365 210.87298584 473.61901855 64 255 128
242.76199341 203.08299255 485.60800171 64 255 128
87.90418243 195.13681030 506.94424438 64 255 128
152.69065857 255.14051819 448.40527344 64 255 128
158.85382080 244.41581726 534.57470703 64 255 128
272.80999756 262.00601196 541.83300781 64 255 128
113.68238831 169.22537231 505.43063354 64 255 128
145.10935974 131.42477417 436.25253296 64 255 128
145.03788757 129.92941284 480.41113281 64 255 128
133.75575256 258.99539185 472.21685791 64 255 128
120.64163208 247.49934387 533.05419922 64 255 128
116.44715118 245.32841492 523.98181152 64 255 128
144.23423767 253.94198608 540.30603027 64 255 128
187.11668396 159.89674377 433.85498047 64 255 128
213.59400940 228.89801025 519.56396484 64 255 128
211.68499756 217.66400146 526.70904541 64 255 128
199.17201233 197.70500183 486.79901123 64 255 128
133.86758423 145.31268311 427.42636108 64 255 128
292.17300415 228.84899902 498.40798950 64 255 128
201.12300110 205.45199585 520.51098633 64 255 128
196.25225830 195.81388855 440.07095337 64 255 128
207.88299561 201.01000977 487.90197754 64 255 128
264.79501343 246.14498901 544.05200195 64 255 128
183.47125244 278.33758545 527.51281738 64 255 128
229.68499756 193.12699890 473.08297729 64 255 128
224.72399902 183.74699402 483.46899414 64 255 128
236.25199890 204.26901245 512.42102051 64 255 128
123.02477264 242.08958435 459.92590332 64 255 128
178.82220459 261.03472900 459.42407227 64 255 128
193.26112366 233.42776489 520.47412109 64 255 128
242.33195496 270.01312256 518.18188477 64 255 128
154.11766052 228.43234253 508.02398682 64 255 128
207.01800537 202.57600403 474.21301270 64 255 128
191.93997192 250.53330994 533.03918457 64 255 128
112.46428680 240.84037781 495.99487305 64 255 128
143.40803528 159.85125732 500.24133301 64 255 128
126.95304871 252.75642395 471.37438965 64 255 128
211.37762451 241.81596375 507.56536865 64 255 128
294.24499512 231.77999878 484.21298218 64 255 128
176.66587830 211.04905701 510.12326050 64 255 128
157.92106628 224.22128296 423.67868042 64 255 128
129.37353516 133.76107788 454.94964600 64 255 128
205.38005066 256.96865845 520.28070068 64 255 128
215.84156799 232.48263550 462.19628906 64 255 128
188.96601868 167.41758728 432.92727661 64 255 128
206.37269592 261.22732544 535.80279541 64 255 128
192.82066345 166.58468628 474.12377930 64 255 128
257.40631104 267.03088379 517.24395752 64 255 128
93.32399750 161.26614380 489.61630249 64 255 128
113.12997437 156.46820068 444.82754517 64 255 128
136.34028625 175.92176819 508.40914917 64 255 128
179.62213135 137.64102173 471.65615845 64 255 128
237.76951599 271.20321655 527.41345215 64 255 128
268.64001465 226.94100952 519.70501709 64 255 128
196.48356628 167.41900635 440.17919922 64 255 128
206.78999329 212.16799927 529.81597900 64 255 128
160.64764404 198.65847778 519.57543945 64 255 128
220.78910828 224.22314453 463.31954956 64 255 128
222.57566833 269.05682373 488.50521851 64 255 128
160.46882629 238.46208191 532.28796387 64 255 128
260.71398926 204.16200256 483.95498657 64 255 128
164.30847168 213.63465881 499.69180298 64 255 128
244.33299255 205.66200256 495.54299927 64 255 128
126.51537323 189.61444092 425.58624268 64 255 128
97.78073883 200.23641968 520.53100586 64 255 128
177.46418762 218.91693115 428.04583740 64 255 128
161.91351318 234.80726624 429.07415771 64 255 128
208.92813110 276.58660889 513.66223145 64 255 128
101.18075562 205.32458496 522.17480469 64 255 128
241.55299377 256.19598389 479.21197510 64 255 128
284.12698364 211.48699951 487.23999023 64 255 128
184.12927246 151.65783691 435.81222534 64 255 128
142.92756653 205.21165466 525.65112305 64 255 128
183.30937195 131.71060181 460.26901245 64 255 128
291.73400879 214.37100220 484.50698853 64 255 128
194.87672424 178.38484192 437.56558228 64 255 128
144.86047363 267.31951904 528.94024658 64 255 128
159.08641052 269.58013916 478.36724854 64 255 128
160.61032104 185.18040466 509.51153564 64 255 128
91.75791168 167.51431274 485.93716431 64 255 128
112.80718231 239.17384338 528.38037109 64 255 128
276.07400513 223.55200195 507.55499268 64 255 128
107.15999603 223.39140320 474.29574585 64 255 128
123.07393646 230.45339966 448.66726685 64 255 128
207.72900391 228.72000122 512.45202637 64 255 128
278.15100098 216.86399841 497.35998535 64 255 128
269.64797974 240.36500549 532.72302246 64 255 128
114.63275909 245.14213562 503.32116699 64 255 128
115.97457886 219.96731567 453.05682373 64 255 128
285.72399902 259.12500000 506.38198853 64 255 128
192.58047485 141.05590820 450.82318115 64 255 128
238.98202515 268.97726440 541.99023438 64 255 128
242.76100159 234.91099548 473.77301025 64 255 128
169.05902100 228.73118591 523.82751465 64 255 128
204.32894897 202.05384827 451.74078369 64 255 128
133.18232727 204.56832886 429.15899658 64 255 128
206.98716736 244.35972595 530.01879883 64 255 128
109.23589325 234.51620483 511.56192017 64 255 128
248.23500061 228.42399597 532.84503174 64 255 128
100.63607788 158.16990662 468.92630005 64 255 128
173.63504028 279.67846680 498.24627686 64 255 128
162.64204407 215.39422607 512.11938477 64 255 128
140.55143738 262.51232910 534.67236328 64 255 128
187.52264404 240.15554810 440.83847046 64 255 128
179.62275696 185.24102783 500.81796265 64 255 128
267.40200806 262.15197754 548.01098633 64 255 128
242.63099670 209.74600220 471.25198364 64 255 128
89.72016907 173.53033447 506.94650269 64 255 128
175.49330139 161.17857361 426.51794434 64 255 128
156.19964600 207.17236328 508.36151123 64 255 128
98.27114868 217.32112122 514.15112305 64 255 128
198.55241394 257.98950195 525.83459473 64 255 128
117.49528503 139.41055298 462.39651489 64 255 128
171.45677185 219.35830688 514.13739014 64 255 128
217.73899841 249.39698792 555.88403320 64 255 128
230.01499939 190.93200684 488.09899902 64 255 128
211.96148682 222.84715271 455.81585693 64 255 128
214.15299988 200.95401001 478.24200439 64 255 128
190.38249207 202.03350830 524.40161133 64 255 128
201.07543945 188.98060608 461.85534668 64 255 128
105.47451782 216.00904846 472.86090088 64 255 128
128.73400879 248.92236328 542.50915527 64 255 128
271.64797974 229.30000305 478.50497437 64 255 128
153.67289734 278.38430786 509.25140381 64 255 128
220.71400452 233.37200928 467.24600220 64 255 128
140.89500427 270.93823242 493.23684692 64 255 128
220.93881226 274.46569824 519.04547119 64 255 128
200.85301208 215.95500183 524.63299561 64 255 128
182.46040344 250.36618042 446.82427979 64 255 128
184.59155273 185.68296814 494.45242310 64 255 128
144.48545837 150.29966736 494.33554077 64 255 128
253.73399353 202.80200195 475.04299927 64 255 128
205.45893860 238.94905090 455.09951782 64 255 128
104.57492065 187.68753052 451.98388672 64 255 128
103.75251770 150.45143127 472.59979248 64 255 128
165.54930115 126.78813934 448.40289307 64 255 128
200.43566895 278.57070923 506.64758301 64 255 128
211.06900024 230.79064941 454.87182617 64 255 128
276.28298950 208.45100403 486.39498901 64 255 128
201.02958679 253.19558716 524.11901855 64 255 128
197.41700745 197.74400330 496.19799805 64 255 128
226.62100220 218.87800598 528.72802734 64 255 128
206.22332764 258.26864624 471.27566528 64 255 128
134.33930969 188.32327271 514.96740723 64 255 128
156.43957520 277.86029053 518.92840576 64 255 128
191.29884338 150.11933899 443.54165649 64 255 128
295.91799927 257.03601074 519.82702637 64 255 128
153.61320496 207.67533875 420.63714600 64 255 128
252.96899414 256.52700806 483.33001709 64 255 128
304.47399902 236.93699646 499.67501831 64 255 128
187.79798889 281.49224854 507.28195190 64 255 128
174.52714539 172.25726318 425.12335205 64 255 128
124.85864258 155.33232117 501.31701660 64 255 128
120.98847961 163.36341858 504.75967407 64 255 128
227.21099854 241.65800476 552.66101074 64 255 128
212.30621338 257.74829102 473.15924072 64 255 128
182.81904602 138.61428833 442.70059204 64 255 128
217.07199097 185.82899475 482.98999023 64 255 128
129.29608154 263.75714111 500.37283325 64 255 128
120.00172424 209.36335754 442.83059692 64 255 128
230.35000610 208.70498657 522.75201416 64 255 128
173.69555664 265.82775879 541.52124023 64 255 128
200.82968140 221.39859009 517.25506592 64 255 128
155.15116882 219.32093811 421.66510010 64 255 128
175.76861572 221.13163757 519.06921387 64 255 128
177.30923462 172.86804199 491.34774780 64 255 128
167.41098022 210.84364319 505.51873779 64 255 128
246.41099548 212.03599548 513.79296875 64 255 128
164.50325012 147.18218994 426.80798340 64 255 128
113.88267517 236.38105774 534.80541992 64 255 128
98.14057922 154.58647156 494.78652954 64 255 128
268.37701416 220.19900513 476.15100098 64 255 128
106.87259674 228.70622253 500.83749390 64 255 128
280.74099731 221.04800415 478.95800781 64 255 128
169.61080933 255.06842041 448.60144043 64 255 128
190.99896240 174.59582520 480.75219727 64 255 128
217.97450256 247.49214172 513.00695801 64 255 128
130.83963013 211.76196289 432.09606934 64 255 128
159.38107300 128.90510559 474.55130005 64 255 128
271.94500732 238.20300293 481.08300781 64 255 128
143.74960327 129.48690796 445.59466553 64 255 128
146.57940674 219.79226685 422.70553589 64 255 128
150.41221619 128.19517517 444.78479004 64 255 128
187.35704041 157.42517090 473.49923706 64 255 128
206.83305359 250.50923157 464.00610352 64 255 128
199.62185669 159.77375793 449.33422852 64 255 128
153.93022156 177.84710693 506.73861694 64 255 128
213.56230164 178.29367065 482.86221313 64 255 128
113.32071686 156.23556519 503.19577026 64 255 128
237.58700562 241.97399902 553.41497803 64 255 128
170.14897156 168.59826660 493.47381592 64 255 128
149.73548889 137.97438049 429.36883545 64 255 128
180.73637390 215.81379700 505.77276611 64 255 128
150.93083191 238.96510315 430.41937256 64 255 128
177.51985168 179.84353638 497.13345337 64 255 128
124.70101929 152.28424072 430.60482788 64 255 128
183.12248230 209.60348511 429.23089600 64 255 128
91.15425873 196.14881897 492.04928589 64 255 128
208.83253479 182.38302612 452.59994507 64 255 128
157.75337219 194.06143188 516.11840820 64 255 128
132.45840454 194.03201294 424.55892944 64 255 128
167.45079041 243.14694214 540.57525635 64 255 128
293.72900391 252.43299866 523.69598389 64 255 128
89.14537048 184.21876526 512.12835693 64 255 128
175.79927063 127.50464630 453.63711548 64 255 128
143.76493835 139.93595886 487.86996460 64 255 128
212.89299011 202.13299561 513.48498535 64 255 128
115.22473145 138.84300232 474.38879395 64 255 128
152.46394348 146.73022461 423.13131714 64 255 128
217.51037598 274.09426880 501.03097534 64 255 128
150.12168884 143.42932129 486.13949585 64 255 128
134.19779968 231.32681274 536.28668213 64 255 128
264.36099243 252.81101990 551.90405273 64 255 128
147.88873291 271.25671387 486.16647339 64 255 128
152.87954712 196.33213806 420.56173706 64 255 128
160.24261475 158.58522034 492.32031250 64 255 128
91.55858612 164.99629211 498.99874878 64 255 128
290.63800049 249.61900330 494.12600708 64 255 128
171.88435364 279.75122070 523.87805176 64 255 128
134.60568237 232.30957031 433.69842529 64 255 128
218.81199646 204.78500366 473.35699463 64 255 128
173.25782776 192.09263611 512.51208496 64 255 128
207.58058167 269.32916260 535.82226562 64 255 128
267.58200073 213.59098816 502.32397461 64 255 128
168.10191345 223.34536743 425.13192749 64 255 128
223.08799744 185.26998901 495.07000732 64 255 128
97.52940369 166.32029724 468.88684082 64 255 128
203.81524658 239.30746460 513.51116943 64 255 128
126.65437317 230.95251465 442.08023071 64 255 128
228.64900208 228.60600281 530.11499023 64 255 128
125.80223083 255.86009216 523.44451904 64 255 128
141.85159302 199.60006714 423.70159912 64 255 128
123.01148224 253.77986145 497.51333618 64 255 128
237.47299194 248.55500793 557.94903564 64 255 128
136.96954346 131.56683350 447.53555298 64 255 128
167.54454041 281.33850098 506.36880493 64 255 128
214.68270874 272.87765503 493.59643555 64 255 128
160.55575562 230.93652344 527.61181641 64 255 128
181.45155334 225.32870483 510.33062744 64 255 128
146.43415833 211.14730835 422.25775146 64 255 128
96.62356567 200.56576538 476.39328003 64 255 128
285.75900269 261.38201904 535.44903564 64 255 128
221.72854614 274.67727661 509.56945801 64 255 128
263.19598389 241.18000793 478.62600708 64 255 128
194.56665039 262.45858765 471.82189941 64 255 128
194.79724121 157.24806213 443.38473511 64 255 128
123.98227692 227.26113892 532.33007812 64 255 128
149.68362427 268.52987671 476.91165161 64 255 128
118.26439667 175.76354980 429.94168091 64 255 128
132.25996399 249.66377258 451.88040161 64 255 128
120.60250092 237.57632446 538.02923584 64 255 128
114.85487366 245.41506958 508.91870117 64 255 128
178.22575378 232.70202637 533.90997314 64 255 128
169.07279968 271.06936646 480.33190918 64 255 128
287.15597534 242.53199768 486.86297607 64 255 128
190.50863647 230.13409424 516.03289795 64 255 128
195.64416504 236.62953186 444.08255005 64 255 128
167.42631531 274.54357910 535.80072021 64 255 128
163.12304688 168.94708252 419.29202271 64 255 128
190.78474426 179.14233398 433.69720459 64 255 128
193.21932983 279.89001465 513.88916016 64 255 128
151.97035217 229.79060364 424.81137085 64 255 128
133.90524292 165.37179565 504.75024414 64 255 128
170.50787354 161.71876526 423.88513184 64 255 128
194.86219788 250.27728271 527.91381836 64 255 128
100.21543121 186.68023682 458.82342529 64 255 128
162.46446228 266.19830322 468.73052979 64 255 128
196.76615906 228.86337280 441.13653564 64 255 128
185.62614441 146.24333191 470.64022827 64 255 128
160.07406616 222.12678528 501.20126343 64 255 128
185.17941284 194.06753540 507.50656128 64 255 128
266.07009888 265.27062988 520.88085938 64 255 128
172.36453247 231.95875549 533.25494385 64 255 128
296.48797607 227.12998962 494.33801270 64 255 128
138.11871338 241.03921509 538.52844238 64 255 128
197.20233154 164.40953064 468.95104980 64 255 128
146.64692688 213.06091309 529.02429199 64 255 128
214.83999634 237.41300964 541.91204834 64 255 128
190.11146545 182.79216003 485.62930298 64 255 128
118.78874969 138.26036072 489.55590820 64 255 128
124.21811676 160.35687256 425.05603027 64 255 128
200.69900513 203.16600037 514.17901611 64 255 128
256.90798950 211.93699646 507.69000244 64 255 128
200.53329468 204.92477417 441.39120483 64 255 128
177.33006287 168.25965881 487.14898682 64 255 128
158.05293274 125.68902588 457.08114624 64 255 128
282.15200806 215.89599609 492.52200317 64 255 128
225.65499878 256.63800049 561.57397461 64 255 128
191.17012024 261.13107300 527.92694092 64 255 128
200.33074951 273.95474243 491.53652954 64 255 128
99.15219116 156.82194519 474.59909058 64 255 128
212.23719788 246.10835266 464.65698242 64 255 128
102.67813873 222.78248596 505.67608643 64 255 128
219.46269226 254.42561340 475.18002319 64 255 128
147.52117920 232.95726013 495.06610107 64 255 128
273.38400269 216.88301086 501.83898926 64 255 128
280.27200317 226.25700378 481.30499268 64 255 128
191.15489197 245.90339661 447.14926147 64 255 128
127.40969849 243.96469116 451.91830444 64 255 128
211.82499695 209.81599426 525.09899902 64 255 128
235.69787598 265.69924927 558.07757568 64 255 128
211.14100647 256.74301147 553.89202881 64 255 128
239.77899170 203.49400330 499.70498657 64 255 128
202.80836487 188.36817932 444.57736206 64 255 128
280.22198486 231.07400513 512.47100830 64 255 128
99.73108673 151.61126709 488.55541992 64 255 128
196.72602844 269.88735962 529.92407227 64 255 128
231.76098633 230.15399170 539.61199951 64 255 128
155.86499023 256.21859741 535.13909912 64 255 128
272.14132690 258.45715332 497.19656372 64 255 128
160.76606750 263.54153442 461.59674072 64 255 128
162.32426453 149.58679199 482.54763794 64 255 128
234.18598938 199.54598999 507.33398438 64 255 128
219.87600708 179.86399841 490.15499878 64 255 128
289.04299927 229.57299805 481.40100098 64 255 128
194.98303223 193.25588989 480.61544800 64 255 128
198.72563171 181.37705994 471.27801514 64 255 128
134.98776245 156.99682617 500.66101074 64 255 128
122.13550568 174.49336243 506.70260620 64 255 128
155.65586853 131.81172180 436.61172485 64 255 128
121.94755554 152.13713074 435.83438110 64 255 128
285.86398315 229.51400757 504.06497192 64 255 128
173.67576599 232.81846619 431.80697632 64 255 128
285.89498901 262.73901367 524.15698242 64 255 128
300.21899414 222.94400024 483.10900879 64 255 128
220.82545471 245.77694702 472.97714233 64 255 128
187.02565002 268.55712891 534.32037354 64 255 128
241.38699341 264.55300903 487.94400024 64 255 128
168.26170349 281.63778687 514.54461670 64 255 128
292.05599976 218.66700745 489.66900635 64 255 128
123.17926025 206.80342102 437.09036255 64 255 128
199.08633423 268.17901611 481.53912354 64 255 128
221.74299622 197.03799438 515.40704346 64 255 128
182.89239502 215.03311157 430.81683350 64 255 128
224.61099243 229.25401306 466.92098999 64 255 128
136.43772888 186.75714111 420.16088867 64 255 128
227.36500549 250.95399475 559.02996826 64 255 128
216.75399780 209.04800415 470.68499756 64 255 128
183.92356873 169.51882935 483.60583496 64 255 128
166.78355408 225.03642273 519.84002686 64 255 128
135.18659973 249.45759583 541.94311523 64 255 128
171.55558777 127.21876526 466.31079102 64 255 128
154.69477844 205.93145752 525.91583252 64 255 128
164.49768066 137.99739075 432.79074097 64 255 128
255.17201233 221.36900330 473.70300293 64 255 128
274.28100586 227.30200195 513.45098877 64 255 128
300.66900635 228.49899292 484.96301270 64 255 128
89.63836670 187.07180786 489.71240234 64 255 128
141.41815186 147.76480103 422.57891846 64 255 128
133.46073914 134.26557922 487.24822998 64 255 128
150.70805359 263.89593506 466.38189697 64 255 128
206.32220459 243.00041199 510.34213257 64 255 128
204.53498840 200.87699890 498.12799072 64 255 128
204.02639771 229.64833069 447.12594604 64 255 128
135.54415894 266.43576050 519.28710938 64 255 128
233.64900208 195.61700439 482.99700928 64 255 128
189.03253174 224.29829407 435.42126465 64 255 128
158.72250366 272.28231812 483.68298340 64 255 128
151.37712097 265.24411011 540.11932373 64 255 128
236.08100891 206.75199890 469.33499146 64 255 128
154.05572510 274.44531250 524.93719482 64 255 128
110.67358398 143.19372559 471.44900513 64 255 128
134.99629211 138.75573730 433.78332520 64 255 128
123.80805969 222.08734131 442.29986572 64 255 128
101.17881775 216.67259216 491.38854980 64 255 128
88.44058990 174.27000427 494.94601440 64 255 128
195.37828064 231.39002991 512.16815186 64 255 128
179.60664368 256.40441895 543.48132324 64 255 128
173.72689819 158.33392334 484.46084595 64 255 128
145.83932495 165.00230408 417.48776245 64 255 128
105.77972412 145.50305176 482.77862549 64 255 128
135.70285034 258.34469604 539.06835938 64 255 128
248.81700134 263.89398193 560.10302734 64 255 128
126.33117676 243.85755920 541.26281738 64 255 128
301.19601440 248.66700745 502.20901489 64 255 128
204.06596375 273.02465820 525.93670654 64 255 128
133.73350525 182.14920044 420.90148926 64 255 128
189.42872620 189.42419434 432.45550537 64 255 128
128.62892151 149.15408325 428.64270020 64 255 128
212.47999573 234.85499573 527.84802246 64 255 128
127.15599060 141.91987610 439.15744019 64 255 128
285.33599854 206.85499573 478.79202271 64 255 128
146.88079834 184.20458984 511.60888672 64 255 128
169.28031921 140.41741943 476.75241089 64 255 128
207.98551941 270.88504028 487.98989868 64 255 128
171.36791992 125.69829559 456.03802490 64 255 128
111.35955048 190.81883240 443.81161499 64 255 128
162.06791687 166.25042725 497.13128662 64 255 128
146.63572693 191.10403442 516.33306885 64 255 128
252.10099792 215.06201172 517.23303223 64 255 128
286.31100464 216.72799683 479.03399658 64 255 128
106.82131195 226.85801697 530.16296387 64 255 128
175.36778259 132.16923523 444.01068115 64 255 128
222.19149780 258.26812744 477.52136230 64 255 128
122.22016907 250.92994690 487.64880371 64 255 128
143.01156616 264.76144409 474.71276855 64 255 128
174.52934265 199.32127380 519.81463623 64 255 128
120.08460999 184.95341492 429.95166016 64 255 128
273.32800293 250.33500671 488.17700195 64 255 128
183.26303101 156.25450134 433.17306519 64 255 128
250.80299377 223.79200745 527.10595703 64 255 128
165.70056152 197.83064270 420.08532715 64 255 128
198.77299500 201.66499329 466.40701294 64 255 128
149.21560669 152.59765625 494.17129517 64 255 128
259.60998535 231.63299561 476.16699219 64 255 128
161.74320984 138.86624146 479.51647949 64 255 128
254.33599854 236.27200317 540.18005371 64 255 128
201.33981323 234.97523499 447.02676392 64 255 128
154.61074829 162.86361694 419.36904907 64 255 128
153.30828857 211.62495422 506.35266113 64 255 128
152.44119263 202.82667542 504.23263550 64 255 128
279.94702148 245.43400574 529.92395020 64 255 128
282.55398560 225.33799744 502.11001587 64 255 128
173.20977783 208.96000671 422.47793579 64 255 128
198.63833618 157.35296631 459.77954102 64 255 128
234.13600159 202.24800110 476.93099976 64 255 128
239.71099854 217.28900146 521.35400391 64 255 128
123.86606598 251.53926086 480.46569824 64 255 128
237.70719910 270.90179443 506.08956909 64 255 128
218.84759521 223.48443604 461.44476318 64 255 128
201.35217285 215.58381653 443.04345703 64 255 128
128.77728271 199.87684631 429.08468628 64 255 128
189.09230042 217.39653015 529.10644531 64 255 128
91.74836731 171.78938293 482.89971924 64 255 128
178.45983887 150.40850830 476.28771973 64 255 128
214.54499817 196.98199463 498.28298950 64 255 128
195.51414490 214.11164856 439.60253906 64 255 128
215.91490173 222.05473328 458.17980957 64 255 128
276.03500366 217.88600159 476.94702148 64 255 128
271.50100708 248.39300537 542.05700684 64 255 128
129.55583191 260.62179565 489.96734619 64 255 128
163.45494080 125.96179199 468.15921021 64 255 128
180.95072937 142.66317749 472.51171875 64 255 128
217.17500305 245.18099976 552.31500244 64 255 128
155.89215088 237.32138062 429.58425903 64 255 128
158.52633667 144.60681152 425.23992920 64 255 128
254.51300049 206.72999573 494.78201294 64 255 128
179.94692993 264.08041382 464.50030518 64 255 128
87.73298645 178.21287537 505.66506958 64 255 128
152.01925659 167.42869568 502.38943481 64 255 128
162.61982727 154.63061523 422.56863403 64 255 128
215.51710510 180.95198059 492.87963867 64 255 128
239.75999451 227.33500671 531.07702637 64 255 128
223.93800354 246.56700134 473.96499634 64 255 128
245.02128601 266.66085815 544.74230957 64 255 128
181.83267212 191.89846802 427.12881470 64 255 128
172.38955688 222.80148315 505.32974243 64 255 128
87.01184845 190.65840149 509.99938965 64 255 128
203.38607788 164.95414734 457.45147705 64 255 128
224.94000244 271.94992065 498.00619507 64 255 128
194.91362000 155.78166199 466.06445312 64 255 128
191.46653748 240.05158997 532.08843994 64 255 128
174.01104736 152.74908447 429.16632080 64 255 128
256.16601562 245.10099792 549.08197021 64 255 128
276.94201660 230.27099609 481.40499878 64 255 128
148.25521851 239.06555176 535.71258545 64 255 128
209.74969482 232.76933289 508.13549805 64 255 128
95.37133789 209.82391357 497.75573730 64 255 128
177.32524109 240.51876831 436.73733521 64 255 128
143.05891418 217.54148865 529.99969482 64 255 128
171.80805969 203.54817200 524.30358887 64 255 128
232.47000122 222.70600891 524.76104736 64 255 128
135.47523499 161.52555847 419.67205811 64 255 128
120.07912445 249.65861511 494.26727295 64 255 128
154.46147156 196.82339478 519.18823242 64 255 128
122.31652069 233.92529297 452.98028564 64 255 128
100.22976685 173.81291199 509.17846680 64 255 128
195.80300903 202.27999878 519.95800781 64 255 128
151.03184509 127.94918060 452.56399536 64 255 128
107.20233154 160.63600159 451.89440918 64 255 128
170.24293518 250.29379272 542.22436523 64 255 128
207.79234314 275.95248413 497.71994019 64 255 128
200.68740845 177.44551086 443.59149170 64 255 128
127.64299011 251.26435852 464.22531128 64 255 128
190.17437744 254.19760132 536.07269287 64 255 128
240.23355103 270.45376587 512.14941406 64 255 128
140.90425110 267.07958984 482.80496216 64 255 128
119.43557739 229.97828674 455.07507324 64 255 128
220.55029297 266.54650879 484.04318237 64 255 128
117.32281494 151.96170044 501.09036255 64 255 128
168.95137024 266.77767944 468.35989380 64 255 128
109.53905487 209.08839417 523.15637207 64 255 128
220.55886841 271.71313477 538.38531494 64 255 128
189.63487244 213.17135620 433.45397949 64 255 128
213.96076965 249.75790405 468.51196289 64 255 128
119.63184357 161.96426392 429.58261108 64 255 128
174.11355591 186.32620239 507.19451904 64 255 128
156.37120056 128.94497681 440.81225586 64 255 128
234.61100769 255.45701599 478.07101440 64 255 128
228.97613525 269.67681885 546.21392822 64 255 128
191.24147034 212.33618164 520.57348633 64 255 128
90.45173645 178.62548828 485.16213989 64 255 128
139.01438904 271.54949951 510.93655396 64 255 128
227.32925415 273.53253174 517.90496826 64 255 128
127.50672913 252.33477783 537.87976074 64 255 128
232.68899536 221.06900024 468.66299438 64 255 128
282.38497925 210.19000244 475.53799438 64 255 128
146.02305603 126.90264130 463.53201294 64 255 128
109.86483002 234.74324036 526.70422363 64 255 128
94.40530396 176.62182617 473.25744629 64 255 128
111.55619049 232.83523560 479.28503418 64 255 128
164.82406616 195.95709229 517.33624268 64 255 128
101.48087311 201.96177673 466.41781616 64 255 128
188.04296875 276.12667847 531.65466309 64 255 128
295.86398315 244.69799805 492.34100342 64 255 128
214.07499695 235.54701233 534.29296875 64 255 128
203.61112976 247.41619873 520.40429688 64 255 128
187.44114685 233.65933228 530.74053955 64 255 128
162.20558167 279.89068604 518.85870361 64 255 128
110.49295807 205.35987854 451.15716553 64 255 128
193.41847229 188.18766785 479.56936646 64 255 128
172.36054993 193.78001404 422.38546753 64 255 128
148.67442322 274.98538208 497.58633423 64 255 128
107.39326477 167.45997620 506.73425293 64 255 128
113.86235809 164.01115417 437.71789551 64 255 128
155.04270935 252.33212280 443.88647461 64 255 128
227.69999695 192.27699280 502.36898804 64 255 128
230.83500671 214.58799744 525.79302979 64 255 128
229.03601074 240.97601318 471.74798584 64 255 128
179.32461548 128.88516235 458.78942871 64 255 128
211.15901184 200.89300537 506.70599365 64 255 128
196.15888977 196.24444580 489.43441772 64 255 128
120.56900787 142.00382996 494.86856079 64 255 128
204.39544678 170.86732483 450.84494019 64 255 128
185.36882019 136.16673279 465.56161499 64 255 128
237.96301270 202.86199951 487.32000732 64 255 128
203.85342407 190.33830261 456.42666626 64 255 128
264.71701050 205.68499756 470.78500366 64 255 128
255.20199585 266.37100220 502.82699585 64 255 128
239.01100159 268.37799072 494.68499756 64 255 128
233.90899658 211.44999695 468.82699585 64 255 128
274.91986084 262.88531494 512.56933594 64 255 128
238.06900024 230.11499023 539.77502441 64 255 128
138.84503174 224.54664612 427.32141113 64 255 128
182.70619202 238.85659790 537.84759521 64 255 128
138.82098389 146.94447327 494.35372925 64 255 128
173.58358765 258.94647217 541.62847900 64 255 128
211.21739197 181.70768738 457.48263550 64 255 128
185.30577087 265.60406494 468.92382812 64 255 128
203.33264160 270.02404785 486.01440430 64 255 128
213.03189087 263.72976685 480.26931763 64 255 128
209.76998901 200.57299805 493.12002563 64 255 128
295.86801147 221.37100220 481.02398682 64 255 128
156.79374695 246.02026367 436.03765869 64 255 128
155.00848389 222.35272217 500.24615479 64 255 128
118.58831787 136.08230591 482.26953125 64 255 128
185.99185181 133.17170715 453.49917603 64 255 128
150.90486145 125.36977386 463.11123657 64 255 128
245.72799683 204.14199829 473.21200562 64 255 128
216.31999207 232.69000244 530.35900879 64 255 128
116.83705902 244.54933167 528.92730713 64 255 128
176.69035339 248.44113159 442.96090698 64 255 128
149.83312988 232.58900452 504.20147705 64 255 128
155.12059021 273.10809326 487.15090942 64 255 128
178.78779602 255.23629761 451.78619385 64 255 128
192.08633423 279.16555786 518.68530273 64 255 128
208.35827637 260.43215942 543.56842041 64 255 128
132.53103638 266.11355591 512.31732178 64 255 128
123.32756042 143.26643372 443.84069824 64 255 128
116.70130157 189.30052185 435.24615479 64 255 128
112.52148438 212.88276672 525.56231689 64 255 128
272.78799438 254.59899902 548.94500732 64 255 128
207.38906860 216.24569702 449.69277954 64 255 128
104.54095459 216.03489685 527.99493408 64 255 128
195.80659485 265.12332153 528.63604736 64 255 128
120.37151337 210.03169250 525.52618408 64 255 128
216.97300720 187.33799744 501.62100220 64 255 128
221.87200928 220.86599731 528.94995117 64 255 128
216.58100891 192.88299561 502.15698242 64 255 128
247.64999390 213.66999817 470.98602295 64 255 128
166.23933411 185.74281311 421.09948730 64 255 128
173.35482788 136.49761963 438.98556519 64 255 128
178.37031555 279.16958618 525.27984619 64 255 128
92.98562622 191.50610352 517.16027832 64 255 128
122.97068787 251.10673523 530.46362305 64 255 128
192.98912048 222.49890137 438.78823853 64 255 128
153.94590759 138.41229248 483.25915527 64 255 128
245.59800720 268.02700806 497.58801270 64 255 128
174.08198547 229.16168213 428.35034180 64 255 128
113.78851318 160.28172302 441.22836304 64 255 128
146.09078979 275.16635132 501.99670410 64 255 128
100.23567200 170.12145996 460.06671143 64 255 128
163.07806396 222.45892334 422.94485474 64 255 128
261.37771606 265.74887085 509.68481445 64 255 128
222.13600159 233.62500000 536.02301025 64 255 128
123.06214905 255.81008911 505.20419312 64 255 128
95.71900940 167.68009949 473.75573730 64 255 128
147.43614197 156.78636169 418.88641357 64 255 128
101.42166901 150.50595093 482.69091797 64 255 128
238.45329285 270.32980347 536.99114990 64 255 128
305.30599976 232.73199463 492.30099487 64 255 128
201.08396912 252.57257080 462.18759155 64 255 128
202.23332214 222.95083618 444.35287476 64 255 128
208.07693481 242.61349487 539.18865967 64 255 128
293.36499023 234.26899719 502.91198730 64 255 128
288.98501587 256.21200562 502.65502930 64 255 128
257.75201416 257.81100464 486.47601318 64 255 128
200.31700134 198.34400940 481.98397827 64 255 128
226.25042725 273.27340698 505.83666992 64 255 128
115.73703766 218.21272278 528.41931152 64 255 128
108.46112061 147.56852722 463.87527466 64 255 128
103.18795776 215.18678284 480.25604248 64 255 128
134.53283691 237.44485474 436.51031494 64 255 128
127.20120239 213.33052063 526.79150391 64 255 128
132.33248901 254.34652710 462.57785034 64 255 128
187.69155884 204.61625671 526.47888184 64 255 128
210.77932739 244.40174866 519.12249756 64 255 128
219.27799988 268.26098633 552.67901611 64 255 128
122.27211761 219.50930786 530.33850098 64 255 128
155.70474243 153.58283997 421.30810547 64 255 128
143.28500366 271.31152344 519.61541748 64 255 128
133.84281921 219.74139404 530.16088867 64 255 128
136.81826782 246.35858154 442.30285645 64 255 128
100.37461090 192.46115112 461.31250000 64 255 128
166.48564148 189.99780273 512.12976074 64 255 128
87.56002808 188.24316406 499.47274780 64 255 128
197.11137390 208.82212830 439.85812378 64 255 128
223.28500366 209.22500610 526.08001709 64 255 128
170.53042603 280.82440186 502.55773926 64 255 128
244.36000061 260.86599731 484.20901489 64 255 128
87.91355896 183.70378113 494.83566284 64 255 128
281.85800171 242.85600281 524.85400391 64 255 128
229.67599487 264.23999023 561.26702881 64 255 128
117.06085205 211.64004517 447.63851929 64 255 128
202.18432617 238.48439026 521.20343018 64 255 128
297.01501465 251.36700439 501.66702271 64 255 128
214.70339966 274.44479370 521.87530518 64 255 128
138.78784180 139.87449646 489.65032959 64 255 128
130.24755859 206.95260620 523.55627441 64 255 128
222.52301025 189.86601257 505.02001953 64 255 128
185.68339539 271.27359009 482.73229980 64 255 128
96.73776245 210.27743530 492.48977661 64 255 128
114.18576813 181.94845581 437.19531250 64 255 128
150.34045410 133.27651978 433.97860718 64 255 128
156.76608276 174.74249268 504.32980347 64 255 128
226.50442505 257.75415039 478.54605103 64 255 128
281.23001099 250.19999695 537.23504639 64 255 128
193.05101013 159.98320007 439.72229004 64 255 128
111.65821838 240.34696960 510.26904297 64 255 128
163.12467957 213.21685791 421.40847778 64 255 128
110.51855469 182.24069214 441.87860107 64 255 128
249.98054504 268.50671387 525.21832275 64 255 128
251.72215271 268.07546997 508.60656738 64 255 128
88.99662781 199.61671448 508.70651245 64 255 128
197.19087219 255.97431946 463.80346680 64 255 128
229.17399597 204.82600403 519.87200928 64 255 128
197.04064941 179.44848633 475.37988281 64 255 128
162.39955139 245.47827148 538.86346436 64 255 128
213.12300110 222.81700134 526.24499512 64 255 128
148.47157288 269.63241577 481.56741333 64 255 128
195.60578918 145.03732300 452.74023438 64 255 128
244.62400818 204.38299561 490.80300903 64 255 128
276.35101318 204.80799866 481.44400024 64 255 128
139.64617920 179.55424500 510.24472046 64 255 128
230.38400269 231.25000000 469.83200073 64 255 128
246.57699585 255.38998413 559.40197754 64 255 128
101.92600250 221.63688660 523.07159424 64 255 128
90.65077972 204.80361938 513.23461914 64 255 128
99.59781647 205.93977356 476.14181519 64 255 128
226.55299377 188.77999878 493.66500854 64 255 128
205.36300659 205.51599121 518.05596924 64 255 128
136.25386047 206.81559753 526.18890381 64 255 128
89.78306580 201.78562927 518.63159180 64 255 128
278.54699707 234.88800049 518.85302734 64 255 128
239.86099243 211.31700134 515.91400146 64 255 128
122.46803284 191.47102356 515.51391602 64 255 128
108.24097443 197.06994629 516.36541748 64 255 128
204.26460266 250.18092346 539.96655273 64 255 128
109.64723206 221.00996399 464.94058228 64 255 128
233.79998779 257.25701904 563.19000244 64 255 128
180.84283447 280.77230835 517.89306641 64 255 128
139.18386841 153.33854675 420.69903564 64 255 128
163.06503296 223.74156189 506.88732910 64 255 128
221.38600159 193.99200439 511.60699463 64 255 128
153.66395569 158.14350891 418.89242554 64 255 128
193.22210693 146.52252197 462.40100098 64 255 128
254.74398804 264.73300171 495.85699463 64 255 128
204.66552734 180.03761292 466.09793091 64 255 128
131.13818359 150.48971558 424.15594482 64 255 128
244.09799194 252.22099304 477.99600220 64 255 128
243.63101196 241.38600159 551.20404053 64 255 128
214.49800110 254.95800781 520.20501709 64 255 128
113.91440582 221.44657898 457.24188232 64 255 128
128.56039429 237.27401733 443.08175659 64 255 128
193.42770386 189.09910583 436.39108276 64 255 128
196.32072449 276.66241455 523.78955078 64 255 128
118.74562836 170.96234131 429.00692749 64 255 128
145.77590942 140.01164246 427.40368652 64 255 128
90.65501404 168.40611267 502.35885620 64 255 128
213.60169983 213.95954895 461.27618408 64 255 128
211.64999390 244.24200439 547.80401611 64 255 128
217.99899292 195.38000488 478.94400024 64 255 128
190.35116577 204.81903076 434.84988403 64 255 128
178.79138184 129.45996094 463.89193726 64 255 128
121.57666779 178.47619629 427.72549438 64 255 128
141.70204163 130.25209045 454.97055054 64 255 128
204.01341248 169.86552429 464.34024048 64 255 128
170.23791504 235.93696594 430.30038452 64 255 128
93.58087158 196.52841187 482.77551270 64 255 128
100.22161865 192.30117798 515.66802979 64 255 128
202.63903809 276.32952881 519.64080811 64 255 128
217.29399109 184.37300110 477.69201660 64 255 128
263.85501099 262.32000732 497.31698608 64 255 128
168.24769592 215.89593506 514.27661133 64 255 128
180.64555359 167.29273987 429.31634521 64 255 128
181.72648621 268.59332275 477.61248779 64 255 128
193.08221436 250.43243408 453.62310791 64 255 128
193.02099609 210.31700134 536.60601807 64 255 128
120.07600403 252.16374207 507.91613770 64 255 128
111.93528748 148.26843262 455.41522217 64 255 128
116.36579895 206.47776794 443.58544922 64 255 128
165.58169556 180.22569275 505.09936523 64 255 128
185.71635437 264.64913940 536.94061279 64 255 128
159.68150330 125.10229492 461.55792236 64 255 128
104.01142883 164.59468079 454.33062744 64 255 128
281.62500000 250.81700134 491.41201782 64 255 128
180.37411499 187.55168152 427.84799194 64 255 128
266.82202148 215.29200745 475.58599854 64 255 128
138.66069031 252.94807434 541.87139893 64 255 128
122.38585663 151.27243042 500.38827515 64 255 128
143.44833374 126.67585754 468.48175049 64 255 128
259.89300537 243.84500122 544.86102295 64 255 128
271.98098755 261.11999512 547.02502441 64 255 128
252.74499512 264.82199097 548.20098877 64 255 128
260.36898804 225.54899597 525.10198975 64 255 128
205.99436951 244.12367249 458.79452515 64 255 128
227.39300537 187.57400513 479.14697266 64 255 128
147.94624329 178.48767090 507.98309326 64 255 128
141.24385071 253.62947083 449.90710449 64 255 128
179.86029053 160.43066406 429.82467651 64 255 128
207.18467712 210.96955872 452.51806641 64 255 128
203.06637573 182.61721802 445.41528320 64 255 128
90.13132477 170.94573975 489.46160889 64 255 128
177.11637878 160.94830322 482.65405273 64 255 128
139.14653015 166.59355164 418.41073608 64 255 128
110.75585175 218.27644348 461.13180542 64 255 128
252.93898010 263.50299072 557.72601318 64 255 128
126.53108215 239.48101807 448.67239380 64 255 128
286.27899170 234.35301208 509.99099731 64 255 128
162.03601074 242.40600586 433.72549438 64 255 128
109.32135773 224.35440063 468.62780762 64 255 128
227.50849915 272.58859253 530.36511230 64 255 128
213.64549255 232.61697388 459.39385986 64 255 128
156.91627502 257.76580811 452.97174072 64 255 128
103.95745087 148.09346008 479.24810791 64 255 128
186.35368347 221.11418152 433.12805176 64 255 128
92.85164642 205.66806030 499.32418823 64 255 128
126.20600891 181.65818787 511.68954468 64 255 128
182.14231873 143.92330933 438.80767822 64 255 128
123.32392120 133.38854980 481.36837769 64 255 128
209.88755798 176.36334229 459.95587158 64 255 128
157.35679626 194.61540222 420.71542358 64 255 128
115.65759277 201.18969727 440.78219604 64 255 128
180.68150330 231.19316101 529.42474365 64 255 128
198.02795410 248.81600952 455.77557373 64 255 128
161.29949951 250.79399109 442.60241699 64 255 128
246.91400146 257.23300171 481.94400024 64 255 128
118.70713806 243.57551575 477.08172607 64 255 128
280.10897827 259.79000854 503.47399902 64 255 128
165.06228638 213.16246033 528.18511963 64 255 128
168.13696289 254.14985657 539.69085693 64 255 128
257.53302002 241.85900879 478.59500122 64 255 128
165.26231384 221.35659790 522.62158203 64 255 128
95.12788391 206.37364197 490.34768677 64 255 128
163.63757324 255.08424377 448.44754028 64 255 128
260.09301758 261.77099609 493.40399170 64 255 128
202.76751709 203.53646851 456.98468018 64 255 128
102.71532440 183.74092102 511.56777954 64 255 128
190.30937195 140.50967407 461.46185303 64 255 128
290.92098999 237.43598938 508.86203003 64 255 128
178.39833069 240.32781982 539.06658936 64 255 128
167.62103271 246.24728394 439.02465820 64 255 128
102.03015137 173.73753357 455.73956299 64 255 128
251.37698364 205.30999756 491.06600952 64 255 128
140.70184326 143.02410889 426.06329346 64 255 128
185.83830261 236.32203674 437.06222534 64 255 128
210.86306763 187.55181885 455.14407349 64 255 128
186.24096680 212.77285767 520.00878906 64 255 128
207.64047241 251.87207031 511.70779419 64 255 128
248.87800598 231.59899902 536.26300049 64 255 128
177.98182678 129.51722717 449.98355103 64 255 128
229.46531677 272.73785400 510.14422607 64 255 128
196.79800415 216.67100525 530.38000488 64 255 128
250.37899780 241.36500549 548.25299072 64 255 128
156.57084656 228.73071289 424.00177002 64 255 128
189.62448120 278.12625122 496.10977173 64 255 128
168.92456055 277.25296021 494.10061646 64 255 128
293.34399414 240.98800659 488.74301147 64 255 128
109.21421814 169.86291504 442.69302368 64 255 128
168.16032410 227.97285461 425.73098755 64 255 128
241.79699707 250.38600159 557.92498779 64 255 128
121.48751831 247.89741516 478.74182129 64 255 128
205.10333252 183.25114441 462.85821533 64 255 128
251.75000000 211.93200684 473.79602051 64 255 128
141.40206909 257.83703613 459.05233765 64 255 128
116.54064178 243.91468811 487.04479980 64 255 128
300.36398315 252.52699280 513.36999512 64 255 128
119.27749634 206.97174072 522.05511475 64 255 128
150.38276672 161.66487122 499.18569946 64 255 128
194.53791809 171.16523743 437.35754395 64 255 128
127.06954956 197.59313965 520.59686279 64 255 128
185.88372803 136.97340393 446.56826782 64 255 128
257.96710205 265.33190918 538.70123291 64 255 128
231.15975952 268.11172485 490.83456421 64 255 128
185.54435730 165.35086060 479.74258423 64 255 128
269.89099121 202.82299805 477.05297852 64 255 128
177.74041748 246.59523010 541.94604492 64 255 128
129.31990051 226.77201843 533.53002930 64 255 128
158.06121826 266.36874390 469.86413574 64 255 128
104.85266876 226.60221863 520.71514893 64 255 128
201.00187683 165.08053589 448.11050415 64 255 128
137.08566284 243.29283142 438.73764038 64 255 128
245.35450745 269.57443237 513.88800049 64 255 128
187.53950500 191.88616943 499.15917969 64 255 128
234.32600403 248.59399414 475.67098999 64 255 128
277.84402466 227.48999023 510.43099976 64 255 128
127.82636261 146.26805115 434.24087524 64 255 128
189.88565063 267.03292847 475.24682617 64 255 128
207.13200378 253.89199829 546.70001221 64 255 128
235.13400269 199.44999695 480.57199097 64 255 128
97.30812073 179.52728271 465.79058838 64 255 128
119.71170044 225.59718323 533.42150879 64 255 128
134.40147400 129.35163879 478.73431396 64 255 128
186.94964600 262.77987671 465.56155396 64 255 128
145.79005432 273.11483765 493.70013428 64 255 128
103.39014435 210.87626648 472.50659180 64 255 128
238.15899658 234.76399231 473.06698608 64 255 128
184.26821899 181.46168518 428.21624756 64 255 128
223.07800293 181.80200195 487.38299561 64 255 128
224.78500366 206.15200806 472.73699951 64 255 128
152.20881653 234.33476257 533.39941406 64 255 128
229.97500610 236.43901062 471.19598389 64 255 128
107.16397095 149.73344421 498.66604614 64 255 128
163.23757935 278.82717896 524.12322998 64 255 128
130.63240051 258.06219482 475.46893311 64 255 128
145.99822998 148.15864563 421.68527222 64 255 128
160.58145142 126.14273834 450.50460815 64 255 128
284.35098267 262.02301025 514.20202637 64 255 128
155.55604553 278.45559692 502.69161987 64 255 128
153.89312744 211.01577759 501.26296997 64 255 128
276.45901489 258.24401855 498.89697266 64 255 128
153.68994141 218.85278320 530.75018311 64 255 128
96.36523438 159.96272278 478.90679932 64 255 128
215.97300720 196.41700745 488.35098267 64 255 128
104.13783264 221.05821228 487.98855591 64 255 128
177.58007812 276.73254395 533.83001709 64 255 128
173.65863037 255.74296570 450.51675415 64 255 128
143.54531860 196.23120117 520.20684814 64 255 128
198.58999634 199.67292786 465.14663696 64 255 128
170.26936340 130.39234924 471.86535645 64 255 128
220.30499268 205.54499817 522.87103271 64 255 128
148.64721680 225.63908386 531.33386230 64 255 128
156.09523010 139.53482056 428.47302246 64 255 128
249.48840332 267.22235107 538.07623291 64 255 128
135.38354492 177.77195740 419.90087891 64 255 128
121.38050842 138.56243896 454.68466187 64 255 128
255.40798950 207.55599976 471.71701050 64 255 128
159.33256531 203.48564148 420.74212646 64 255 128
188.48439026 230.42941284 437.86959839 64 255 128
153.53218079 188.03936768 513.00054932 64 255 128
288.39801025 253.79499817 534.18701172 64 255 128
138.43534851 158.01982117 419.07824707 64 255 128
264.36700439 202.89700317 479.58401489 64 255 128
260.70700073 213.99000549 509.62799072 64 255 128
204.58369446 217.62121582 445.05029297 64 255 128
120.19134521 194.84040833 432.07104492 64 255 128
161.93592834 266.48498535 540.19854736 64 255 128
115.37998962 193.01332092 438.18933105 64 255 128
291.13299561 260.48800659 518.65600586 64 255 128
169.82487488 219.22334290 503.14587402 64 255 128
289.20599365 261.42999268 528.50903320 64 255 128
263.34399414 250.54600525 483.74499512 64 255 128
144.70587158 175.85578918 417.81765747 64 255 128
191.50782776 138.64874268 455.71551514 64 255 128
163.47399902 208.71075439 420.82727051 64 255 128
186.50346375 204.31619263 430.76266479 64 255 128
209.68400574 249.39799500 549.08898926 64 255 128
180.63090515 230.64558411 524.55645752 64 255 128
174.62907410 217.37698364 523.38220215 64 255 128
204.59657288 173.37173462 468.07540894 64 255 128
207.46315002 172.39697266 460.13137817 64 255 128
158.53282166 213.15922546 509.74618530 64 255 128
226.22599792 216.30700684 466.14398193 64 255 128
145.25447083 144.75106812 489.05343628 64 255 128
301.06402588 245.02499390 495.89401245 64 255 128
262.89300537 262.88900757 548.48602295 64 255 128
224.21699524 190.02699280 470.41198730 64 255 128
129.67813110 233.91770935 537.39257812 64 255 128
177.48246765 223.29472351 513.99371338 64 255 128
212.70251465 269.60174561 543.82641602 64 255 128
256.60101318 227.14399719 528.76000977 64 255 128
273.56201172 263.07800293 537.43701172 64 255 128
108.06606293 229.72703552 484.36273193 64 255 128
120.71521759 198.99313354 518.44567871 64 255 128
173.42662048 270.45010376 479.79364014 64 255 128
257.79598999 264.62100220 545.21099854 64 255 128
147.06393433 190.28852844 419.55148315 64 255 128
121.00225830 253.23867798 514.12988281 64 255 128
189.90893555 145.77740479 443.87255859 64 255 128
175.16996765 206.99308777 527.28088379 64 255 128
237.19100952 221.92999268 524.66796875 64 255 128
96.35630035 174.96366882 467.83758545 64 255 128
92.72742462 181.52062988 512.95501709 64 255 128
287.35900879 221.20300293 495.01101685 64 255 128
123.41838837 233.83287048 535.58001709 64 255 128
165.45152283 273.80999756 486.14193726 64 255 128
104.81074524 193.39207458 516.03253174 64 255 128
149.15669250 276.94506836 508.14050293 64 255 128
165.14370728 151.81134033 425.11007690 64 255 128
169.41024780 151.36857605 426.95230103 64 255 128
184.17039490 252.13453674 450.51559448 64 255 128
246.75318909 265.41744995 549.39947510 64 255 128
117.98730469 151.52235413 442.31213379 64 255 128
253.77699280 233.09899902 476.38699341 64 255 128
178.07397461 209.21975708 424.75573730 64 255 128
145.95445251 232.13346863 535.00775146 64 255 128
100.09424591 218.22285461 501.43432617 64 255 128
285.00598145 253.04299927 537.58502197 64 255 128
131.09701538 256.57708740 534.50292969 64 255 128
153.54951477 180.51972961 416.99520874 64 255 128
179.01832581 266.83535767 540.55932617 64 255 128
192.73460388 275.34671021 530.55426025 64 255 128
140.19615173 261.06118774 538.92272949 64 255 128
89.46874237 196.27130127 498.51965332 64 255 128
108.13371277 231.72023010 495.74566650 64 255 128
217.62199402 200.43400574 515.21099854 64 255 128
134.47502136 131.85891724 457.58407593 64 255 128
290.03997803 261.30102539 522.98199463 64 255 128
241.69699097 219.13999939 471.09298706 64 255 128
172.92311096 167.82887268 423.93972778 64 255 128
126.92940521 259.90356445 499.01919556 64 255 128
90.29850006 188.00502014 516.06622314 64 255 128
168.78405762 222.69947815 507.21966553 64 255 128
107.08007050 230.66827393 512.43566895 64 255 128
287.17498779 209.37199402 475.51300049 64 255 128
96.52857208 191.84107971 470.18417358 64 255 128
185.74174500 259.00210571 459.08911133 64 255 128
232.36495972 272.16104126 528.12121582 64 255 128
185.61952209 181.86201477 489.99185181 64 255 128
